host_time_s,device_ms,seq,ax_g,ay_g,az_g,gx_dps,gy_dps,gz_dps
302744.9505,824052,18,-0.6626,0.0586,0.7502,-0.4733,-0.7481,-0.5191
302744.9505,824062,18,-0.6768,0.0662,0.7373,-0.3359,0.0458,-0.7328
302744.9505,824072,18,-0.6694,0.0688,0.7388,-0.3359,-0.7176,-0.6718
302744.9505,824082,18,-0.6680,0.0662,0.7454,0.7023,-0.8550,-1.0076
302744.9505,824092,18,-0.6772,0.0674,0.7319,1.5573,-0.6260,-1.5725
302744.9505,824102,18,-0.6858,0.0688,0.7292,1.0992,-1.5878,-1.6031
302744.9505,824112,18,-0.6807,0.0642,0.7319,0.1679,-3.2519,-1.6641
302744.9505,824122,18,-0.6584,0.0564,0.7488,-0.3206,-4.3817,-1.8626
302744.9505,824132,18,-0.6428,0.0498,0.7688,0.6107,-3.2214,-1.6489
302744.9505,824142,18,-0.6653,0.0625,0.7588,1.4809,-0.1527,-1.4198
302745.0560,824152,19,-0.6797,0.0659,0.7412,0.1985,0.8550,-0.9160
302745.0560,824162,19,-0.6885,0.0679,0.7307,-0.4122,-0.4885,-0.9008
302745.0560,824172,19,-0.6819,0.0684,0.7354,-0.6718,-2.5649,-1.2824
302745.0560,824182,19,-0.6660,0.0642,0.7495,-0.7328,-4.2748,-1.6641
302745.0560,824192,19,-0.6619,0.0593,0.7490,-0.3664,-3.9389,-1.8321
302745.0560,824202,19,-0.6738,0.0613,0.7395,-0.3053,-3.0687,-1.9084
302745.0560,824212,19,-0.6665,0.0552,0.7507,-0.7634,-2.9771,-1.6489
302745.0560,824222,19,-0.6658,0.0620,0.7581,-0.2290,-2.0763,-1.4504
302745.0560,824232,19,-0.6851,0.0652,0.7405,-1.2824,-1.7405,-1.3130
302745.0560,824242,19,-0.6604,0.0557,0.7654,-1.0687,-3.1298,-1.1145
302745.1464,824252,20,-0.6475,0.0618,0.7852,1.9389,-1.3435,-1.4656
302745.1464,824262,20,-0.6785,0.0718,0.7600,2.6412,2.1832,-1.5420
302745.1464,824272,20,-0.6990,0.0759,0.7292,0.5191,1.8779,-1.1603
302745.1464,824282,20,-0.6970,0.0745,0.7192,-0.3817,-1.3130,-1.5878
302745.1464,824292,20,-0.6699,0.0552,0.7400,-1.0229,-4.5802,-2.2595
302745.1464,824302,20,-0.6445,0.0457,0.7671,0.0305,-4.8855,-2.2595
302745.1464,824312,20,-0.6387,0.0576,0.7791,1.7863,-1.3435,-1.5878
302745.1464,824322,20,-0.6755,0.0615,0.7505,0.9771,2.9618,-0.6412
302745.1464,824332,20,-0.6968,0.0681,0.7290,0.3053,2.9313,-0.3359
302745.1464,824342,20,-0.6919,0.0732,0.7322,0.1221,-0.2443,-0.7786
302745.2511,824352,21,-0.6775,0.0681,0.7356,-0.5344,-2.8397,-1.4351
302745.2511,824362,21,-0.6704,0.0654,0.7456,-0.6718,-3.6031,-1.8168
302745.2511,824372,21,-0.6609,0.0662,0.7568,0.0458,-3.0229,-1.9695
302745.2511,824382,21,-0.6580,0.0625,0.7603,0.5344,-1.0229,-1.9542
302745.2511,824392,21,-0.6653,0.0649,0.7607,1.0687,0.7939,-2.0153
302745.2511,824402,21,-0.6660,0.0557,0.7588,0.7939,1.9389,-1.7710
302745.2511,824412,21,-0.6716,0.0564,0.7495,0.8702,2.5649,-1.6489
302745.2511,824422,21,-0.6755,0.0559,0.7434,0.9313,2.4122,-1.4809
302745.2511,824432,21,-0.6741,0.0552,0.7300,0.8397,1.5725,-1.0382
302745.2511,824442,21,-0.6753,0.0574,0.7266,0.8092,0.6870,-0.7328
302745.3553,824452,22,-0.6707,0.0566,0.7246,0.9618,-0.1679,-0.5344
302745.3553,824462,22,-0.6697,0.0659,0.7258,1.8473,-0.9008,-0.6565
302745.3553,824472,22,-0.6704,0.0662,0.7251,2.0916,-1.6183,-1.0382
302745.3553,824482,22,-0.6714,0.0647,0.7217,1.4351,-2.6412,-1.3588
302745.3553,824492,22,-0.6658,0.0562,0.7317,0.7328,-3.6489,-1.4962
302745.3553,824502,22,-0.6523,0.0491,0.7434,0.5191,-3.0382,-1.3740
302745.3553,824512,22,-0.6628,0.0493,0.7480,1.4962,-1.3282,-1.1603
302745.3553,824522,22,-0.6736,0.0645,0.7383,2.2290,-1.0229,-1.0840
302745.3553,824532,22,-0.6599,0.0642,0.7524,1.3130,-1.0840,-0.8397
302745.3553,824542,22,-0.6516,0.0569,0.7573,0.5191,0.3206,-0.8550
302745.4462,824552,23,-0.6565,0.0510,0.7498,0.7176,2.6565,-1.3435
302745.4462,824562,23,-0.6731,0.0486,0.7266,0.7023,3.5420,-1.5267
302745.4462,824572,23,-0.6831,0.0481,0.7144,-0.2137,2.5649,-1.0534
302745.4462,824582,23,-0.6877,0.0466,0.6982,-0.8397,-0.5496,-0.4733
302745.4462,824592,23,-0.6833,0.0469,0.7073,-0.9924,-4.5344,-0.0763
302745.4462,824602,23,-0.6677,0.0601,0.7297,0.2137,-7.0534,-0.3511
302745.4462,824612,23,-0.6453,0.0620,0.7534,0.8550,-6.9618,-0.7634
302745.4462,824622,23,-0.6443,0.0596,0.7683,1.1145,-3.8321,-1.0534
302745.4462,824632,23,-0.6733,0.0667,0.7485,1.2214,-0.3664,-1.4351
302745.4462,824642,23,-0.6892,0.0549,0.7271,-0.4122,-0.1069,-1.4962
302745.5510,824652,24,-0.6665,0.0442,0.7456,-0.9313,-1.8321,-1.0076
302745.5510,824662,24,-0.6646,0.0515,0.7603,-0.0305,-1.3282,-0.5038
302745.5510,824672,24,-0.6804,0.0566,0.7449,-0.4580,-0.5954,-0.0153
302745.5510,824682,24,-0.6902,0.0698,0.7356,-0.8092,-1.5267,0.2443
302745.5510,824692,24,-0.6765,0.0669,0.7495,-0.6565,-3.2061,-0.1069
302745.5510,824702,24,-0.6609,0.0688,0.7671,0.6260,-3.3435,-0.5954
302745.5510,824712,24,-0.6665,0.0730,0.7710,1.0687,-0.5191,-0.7634
302745.5510,824722,24,-0.6914,0.0725,0.7424,-0.3817,1.3130,-0.6870
302745.5510,824732,24,-0.6946,0.0732,0.7271,-1.1145,-0.1221,-0.7328
302745.5510,824742,24,-0.6826,0.0781,0.7351,-0.9924,-2.5344,-1.1756
302745.6550,824752,25,-0.6687,0.0686,0.7488,-1.2214,-3.6183,-1.8321
302745.6550,824762,25,-0.6638,0.0652,0.7563,-1.1756,-2.3969,-2.2137
302745.6550,824772,25,-0.6763,0.0574,0.7415,-1.8473,-0.5954,-1.8626
302745.6550,824782,25,-0.6855,0.0454,0.7314,-1.5878,-0.8550,-1.3893
302745.6550,824792,25,-0.6763,0.0471,0.7429,0.0763,-2.5038,-1.0382
302745.6550,824802,25,-0.6736,0.0603,0.7510,0.8092,-3.3740,-0.6565
302745.6550,824812,25,-0.6619,0.0654,0.7654,0.1985,-3.2824,-0.1221
302745.6550,824822,25,-0.6470,0.0708,0.7830,-0.3206,-1.8168,0.0153
302745.6550,824832,25,-0.6611,0.0679,0.7686,-0.2748,1.0382,-0.4275
302745.6550,824842,25,-0.6812,0.0688,0.7407,-0.0611,2.4275,-1.0992
302745.7463,824852,26,-0.6953,0.0698,0.7236,-0.1985,1.2214,-1.1603
302745.7463,824862,26,-0.6873,0.0747,0.7327,-0.5344,-1.1145,-1.0382
302745.7463,824872,26,-0.6509,0.0637,0.7585,-0.5649,-1.5573,-1.0382
302745.7463,824882,26,-0.6672,0.0710,0.7520,0.7786,1.0992,-1.6336
302745.7463,824892,26,-0.6914,0.0669,0.7285,0.0763,1.9542,-1.7710
302745.7463,824902,26,-0.6970,0.0698,0.7241,-0.5802,-0.0611,-1.6641
302745.7463,824912,26,-0.6685,0.0598,0.7505,-0.8092,-2.3511,-1.8015
302745.7463,824922,26,-0.6553,0.0623,0.7725,-0.0611,-1.8015,-2.0305
302745.7463,824932,26,-0.6619,0.0576,0.7637,-0.2595,0.3359,-1.8779
302745.7463,824942,26,-0.6777,0.0605,0.7354,-0.7176,1.3130,-1.6183
302745.8514,824952,27,-0.6829,0.0598,0.7253,-1.1756,-0.1221,-1.6183
302745.8514,824962,27,-0.6667,0.0505,0.7346,-1.4198,-2.1527,-1.6489
302745.8514,824972,27,-0.6650,0.0459,0.7278,-0.8855,-2.3206,-1.5420
302745.8514,824982,27,-0.6575,0.0442,0.7334,-0.4733,-2.0000,-1.0076
302745.8514,824992,27,-0.6511,0.0471,0.7446,0.1527,-0.9160,-0.0763
302745.8514,825002,27,-0.6633,0.0667,0.7388,1.3130,0.4885,0.4733
302745.8514,825012,27,-0.6709,0.0774,0.7341,1.4809,0.6565,0.1679
302745.8514,825022,27,-0.6682,0.0789,0.7334,1.0229,0.2290,-0.4580
302745.8514,825032,27,-0.6687,0.0737,0.7305,0.3206,-0.0458,-1.0076
302745.8514,825042,27,-0.6658,0.0645,0.7263,-0.6107,-0.7481,-1.2977
302745.9553,825052,28,-0.6663,0.0542,0.7214,-1.1145,-1.1908,-1.0687
302745.9553,825062,28,-0.6638,0.0566,0.7251,-0.9771,-1.5267,-0.6870
302745.9553,825072,28,-0.6567,0.0557,0.7297,-0.8550,-1.8931,-0.3817
302745.9553,825082,28,-0.6641,0.0662,0.7263,-0.5344,-1.7557,-0.1985
302745.9553,825092,28,-0.6653,0.0547,0.7261,-0.7023,-1.9542,-0.0305
302745.9553,825102,28,-0.6665,0.0601,0.7285,1.2977,-2.1985,0.0916
302745.9553,825112,28,-0.6704,0.0767,0.7336,2.9313,-2.3969,0.1069
302745.9553,825122,28,-0.6736,0.0872,0.7422,2.5344,-3.1298,-0.1069
302745.9553,825132,28,-0.6570,0.0864,0.7578,1.5573,-3.2519,-0.3359
302745.9553,825142,28,-0.6538,0.0864,0.7654,0.9008,-1.4656,-1.1450
302746.0462,825152,29,-0.6750,0.0803,0.7471,0.0611,0.9466,-2.1985
302746.0462,825162,29,-0.6885,0.0710,0.7258,-0.8092,0.7634,-2.6565
302746.0462,825172,29,-0.6836,0.0667,0.7249,-1.8626,-1.3130,-2.4885
302746.0462,825182,29,-0.6628,0.0547,0.7439,-2.1832,-3.0076,-2.2443
302746.0462,825192,29,-0.6548,0.0586,0.7544,-0.7328,-2.3969,-2.0763
302746.0462,825202,29,-0.6741,0.0627,0.7358,-0.1069,-0.9466,-1.8626
302746.0462,825212,29,-0.6897,0.0596,0.7158,-0.3817,-1.2519,-1.4504
302746.0462,825222,29,-0.6785,0.0613,0.7290,-0.3969,-3.5420,-1.1908
302746.0462,825232,29,-0.6562,0.0544,0.7568,0.4275,-4.3511,-1.0534
302746.0462,825242,29,-0.6606,0.0745,0.7563,1.8779,-2.4427,-1.2214
302746.1512,825252,30,-0.6794,0.0747,0.7366,0.9771,-1.3740,-1.3130
302746.1512,825262,30,-0.6885,0.0759,0.7329,-0.2595,-2.4122,-1.5115
302746.1512,825272,30,-0.6541,0.0613,0.7610,-0.4733,-3.8779,-1.8626
302746.1512,825282,30,-0.6436,0.0598,0.7703,0.7176,-2.0000,-2.3969
302746.1512,825292,30,-0.6716,0.0583,0.7461,0.2137,1.0992,-2.1374
302746.1512,825302,30,-0.6929,0.0620,0.7219,-0.8855,0.7023,-1.4962
302746.1512,825312,30,-0.6836,0.0598,0.7175,-1.2977,-2.2595,-1.3893
302746.1512,825322,30,-0.6648,0.0566,0.7405,-1.4504,-4.7176,-1.3588
302746.1512,825332,30,-0.6445,0.0554,0.7607,-0.6107,-4.1679,-1.0534
302746.1512,825342,30,-0.6526,0.0642,0.7610,1.0229,-0.7023,-0.8550
302746.2835,825352,31,-0.6855,0.0742,0.7368,1.0687,1.7557,-0.5954
302746.2835,825362,31,-0.6987,0.0823,0.7249,0.2748,0.5191,-0.6870
302746.2835,825372,31,-0.6792,0.0767,0.7400,-0.1832,-2.1679,-1.4962
302746.2835,825382,31,-0.6658,0.0652,0.7554,-0.2595,-2.9924,-2.2901
302746.2835,825392,31,-0.6692,0.0632,0.7490,-0.1679,-2.4580,-2.3511
302746.2835,825402,31,-0.6631,0.0667,0.7534,-0.3511,-2.5191,-1.9389
302746.2835,825412,31,-0.6560,0.0674,0.7517,0.0763,-1.8473,-1.9542
302746.2835,825422,31,-0.6667,0.0688,0.7476,0.5191,-0.5954,-2.6565
302746.2835,825432,31,-0.6677,0.0627,0.7332,-0.1069,-0.6718,-2.9924
302746.2835,825442,31,-0.6621,0.0564,0.7268,-0.6412,-1.2977,-2.8550
302746.3612,825452,32,-0.6587,0.0527,0.7288,-0.9313,-1.5878,-2.4733
302746.3612,825462,32,-0.6633,0.0537,0.7180,-0.6107,-1.8015,-2.0763
302746.3612,825472,32,-0.6687,0.0554,0.7156,-0.3664,-2.6565,-1.6794
302746.3612,825482,32,-0.6672,0.0525,0.7251,-0.1985,-3.6794,-1.1908
302746.3612,825492,32,-0.6636,0.0549,0.7393,0.6412,-4.1374,-0.9618
302746.3612,825502,32,-0.6560,0.0566,0.7524,0.7634,-4.0000,-0.7023
302746.3612,825512,32,-0.6572,0.0583,0.7617,0.6870,-3.1603,-0.2595
302746.3612,825522,32,-0.6646,0.0649,0.7615,0.4427,-2.0153,-0.3053
302746.3612,825532,32,-0.6755,0.0698,0.7559,-0.0153,-1.9695,-0.7023
302746.3612,825542,32,-0.6707,0.0696,0.7620,-1.0840,-2.5802,-1.2519
302746.4813,825552,33,-0.6646,0.0588,0.7644,-2.0458,-2.6718,-1.5725
302746.4813,825562,33,-0.6638,0.0513,0.7539,-1.7863,-1.9542,-1.7405
302746.4813,825572,33,-0.6787,0.0479,0.7412,-1.0992,-1.3893,-1.3893
302746.4813,825582,33,-0.6711,0.0488,0.7385,-0.0153,-1.8626,-0.3206
302746.4813,825592,33,-0.6636,0.0632,0.7429,1.4504,-2.0458,0.3053
302746.4813,825602,33,-0.6689,0.0671,0.7427,1.4656,-1.3130,0.5191
302746.4813,825612,33,-0.6777,0.0681,0.7251,1.0382,-1.2366,0.5496
302746.4813,825622,33,-0.6702,0.0684,0.7278,0.6107,-2.0916,0.5191
302746.4813,825632,33,-0.6685,0.0652,0.7351,0.5954,-2.6260,0.5649
302746.4813,825642,33,-0.6729,0.0684,0.7375,0.9771,-2.2595,0.4122
302746.6611,825652,34,-0.6755,0.0798,0.7427,0.6870,-2.3969,0.2901
302746.6611,825662,34,-0.6741,0.0776,0.7476,1.0076,-2.7786,-0.3359
302746.6611,825672,34,-0.6746,0.0762,0.7578,1.1145,-2.9008,-1.1756
302746.6611,825682,34,-0.6741,0.0762,0.7620,0.5802,-2.8550,-1.6336
302746.6611,825692,34,-0.6663,0.0723,0.7695,-0.2595,-2.3359,-2.0153
302746.6611,825702,34,-0.6692,0.0654,0.7637,-0.6565,-1.4198,-2.2901
302746.6611,825712,34,-0.6780,0.0662,0.7622,-0.6412,-1.0687,-2.6412
302746.6611,825722,34,-0.6770,0.0654,0.7559,-0.9924,-1.3282,-2.7634
302746.6611,825732,34,-0.6685,0.0613,0.7578,-1.4656,-1.6947,-2.8244
302746.6611,825742,34,-0.6638,0.0549,0.7612,-1.4656,-1.4046,-2.9466
302746.7191,825752,35,-0.6667,0.0583,0.7563,-1.3130,-0.6260,-2.8397
302746.7191,825762,35,-0.6655,0.0515,0.7598,-1.7710,-0.4122,-2.2443
302746.7191,825772,35,-0.6726,0.0562,0.7524,-1.4198,-0.3511,-1.9847
302746.7191,825782,35,-0.6685,0.0540,0.7471,-1.1603,-1.0840,-1.6641
302746.7191,825792,35,-0.6675,0.0510,0.7554,-0.4122,-1.5115,-1.2977
302746.7191,825802,35,-0.6619,0.0588,0.7649,0.6870,-1.0992,-0.7939
302746.7191,825812,35,-0.6636,0.0667,0.7703,1.1756,0.2748,-0.3511
302746.7191,825822,35,-0.6792,0.0823,0.7566,1.1298,1.3893,-0.2443
302746.7191,825832,35,-0.6868,0.0852,0.7480,0.5954,0.8550,-0.2901
302746.7191,825842,35,-0.6902,0.0884,0.7476,0.3817,-0.3206,-0.7634
302746.7801,825852,36,-0.6870,0.0847,0.7612,-0.0305,-1.4046,-1.1756
302746.7801,825862,36,-0.6689,0.0869,0.7842,-0.3664,-1.8626,-1.2824
302746.7801,825872,36,-0.6636,0.0898,0.7957,0.0305,-0.6260,-1.7710
302746.7801,825882,36,-0.6660,0.0901,0.7986,-0.2443,1.4351,-2.3664
302746.7801,825892,36,-0.6692,0.0845,0.7917,-0.7328,2.8702,-2.7023
302746.7801,825902,36,-0.6826,0.0779,0.7756,-1.3130,3.5115,-3.0992
302746.7801,825912,36,-0.6689,0.0659,0.7717,-2.2137,2.5344,-3.3282
302746.7801,825922,36,-0.6489,0.0459,0.7781,-1.8473,2.4733,-2.8855
302746.7801,825932,36,-0.6448,0.0369,0.7666,0.1374,4.5954,-1.9084
302746.7801,825942,36,-0.6814,0.0486,0.7432,1.8931,7.3130,-0.4275
302746.9013,825952,37,-0.6768,0.0667,0.7297,3.1298,7.1145,0.6107
302746.9013,825962,37,-0.6853,0.0791,0.7231,3.0992,6.2595,0.7786
302746.9013,825972,37,-0.6746,0.0747,0.7219,1.6336,4.2595,0.9771
302746.9013,825982,37,-0.6772,0.0828,0.7214,2.0153,2.9160,0.4733
302746.9013,825992,37,-0.6721,0.0796,0.7131,2.1374,2.7939,-0.2595
302746.9013,826002,37,-0.6843,0.0771,0.7021,2.0305,3.0382,-0.9313
302746.9013,826012,37,-0.6753,0.0767,0.7178,1.6947,1.7557,-1.2366
302746.9013,826022,37,-0.6636,0.0674,0.7361,2.2137,1.9084,-1.1756
302746.9013,826032,37,-0.6792,0.0793,0.7332,3.6641,3.3435,-1.9847
302746.9013,826042,37,-0.6848,0.0710,0.7224,2.5802,2.7939,-2.0611
302746.9610,826052,38,-0.6843,0.0813,0.7241,2.2748,1.4656,-2.0763
302746.9610,826062,38,-0.6653,0.0696,0.7402,1.6183,0.5954,-2.2290
302746.9610,826072,38,-0.6646,0.0762,0.7375,2.0916,1.8779,-2.8550
302746.9610,826082,38,-0.6816,0.0691,0.7229,1.6794,3.0229,-3.2519
302746.9610,826092,38,-0.6885,0.0640,0.7070,1.1298,2.1832,-3.2519
302746.9610,826102,38,-0.6741,0.0564,0.7168,1.2519,0.7328,-3.1756
302746.9610,826112,38,-0.6687,0.0610,0.7134,1.9542,-0.2443,-3.2672
302746.9610,826122,38,-0.6689,0.0586,0.7114,1.9389,-0.6565,-3.4198
302746.9610,826132,38,-0.6650,0.0559,0.7112,1.0229,-0.8092,-3.4809
302746.9610,826142,38,-0.6599,0.0471,0.7114,0.7634,-0.2901,-3.3435
302747.0815,826152,39,-0.6638,0.0415,0.7153,1.5267,-0.0153,-3.2366
302747.0815,826162,39,-0.6599,0.0410,0.7136,1.7557,0.0763,-2.4885
302747.0815,826172,39,-0.6660,0.0449,0.7102,1.9847,0.6107,-1.5878
302747.0815,826182,39,-0.6812,0.0386,0.7019,1.7252,0.5191,-1.1908
302747.0815,826192,39,-0.6809,0.0435,0.6963,1.9542,-1.1298,-0.8092
302747.0815,826202,39,-0.6763,0.0498,0.7122,2.4122,-3.4046,-0.4885
302747.0815,826212,39,-0.6729,0.0493,0.7139,1.7863,-4.8855,-0.2901
302747.0815,826222,39,-0.6699,0.0571,0.7263,2.4733,-5.1450,-0.0611
302747.0815,826232,39,-0.6721,0.0730,0.7305,3.5878,-4.8397,-0.2137
302747.0815,826242,39,-0.6809,0.0752,0.7310,3.4962,-3.9542,-0.6260
302747.2009,826252,40,-0.6858,0.0825,0.7468,3.2824,-3.3282,-1.1908
302747.2009,826262,40,-0.6841,0.0784,0.7563,2.3664,-2.2748,-1.7710
302747.2009,826272,40,-0.6909,0.0647,0.7583,1.7557,-0.6870,-2.5496
302747.2009,826282,40,-0.7002,0.0583,0.7532,1.8321,-0.0763,-2.7176
302747.2009,826292,40,-0.7085,0.0613,0.7527,1.4046,-0.3511,-2.7939
302747.2009,826302,40,-0.7041,0.0525,0.7568,0.1221,-1.4198,-2.7634
302747.2009,826312,40,-0.6980,0.0557,0.7690,-0.0153,-2.0000,-2.5191
302747.2009,826322,40,-0.6980,0.0596,0.7825,0.3511,-0.5954,-2.5344
302747.2009,826332,40,-0.7141,0.0696,0.7864,1.1756,1.5420,-3.1298
302747.2009,826342,40,-0.7336,0.0723,0.7795,0.6260,2.9618,-3.5267
302747.2600,826352,41,-0.7576,0.0776,0.7842,0.6412,3.7099,-3.8779
302747.2600,826362,41,-0.7661,0.0881,0.8076,1.6947,3.7099,-5.1908
302747.2600,826372,41,-0.7585,0.0859,0.8396,1.3130,4.5496,-6.7023
302747.2600,826382,41,-0.7803,0.0859,0.8540,0.5038,7.6031,-7.9389
302747.2600,826392,41,-0.8064,0.0757,0.8684,-0.5649,9.2519,-9.8779
302747.2600,826402,41,-0.8044,0.0471,0.9048,-1.5115,9.3435,-11.2977
302747.2600,826412,41,-0.8091,0.0293,0.9495,-0.9008,10.6718,-12.4580
302747.2600,826422,41,-0.8105,-0.0095,0.9780,-0.0611,13.3893,-13.7405
302747.2600,826432,41,-0.8318,-0.0068,0.9885,1.6336,18.7176,-14.4122
302747.2600,826442,41,-0.8772,-0.0122,0.9709,0.4122,25.6794,-14.7481
302747.3799,826452,42,-0.9075,-0.0186,0.9490,-2.9313,29.8779,-15.8015
302747.3799,826462,42,-0.9175,-0.0352,0.9370,-7.3130,31.4656,-16.9008
302747.3799,826472,42,-0.9099,-0.0613,0.9373,-12.0916,33.8626,-18.0305
302747.3799,826482,42,-0.9060,-0.1035,0.9084,-16.1985,37.2214,-18.9618
302747.3799,826492,42,-0.8784,-0.1394,0.8882,-18.5344,40.1985,-19.0229
302747.3799,826502,42,-0.8472,-0.1772,0.8660,-19.2366,43.0687,-17.5267
302747.3799,826512,42,-0.8315,-0.2131,0.8271,-19.3893,46.6260,-14.1832
302747.3799,826522,42,-0.8118,-0.2412,0.7822,-17.8626,49.5267,-10.0305
302747.3799,826532,42,-0.7964,-0.2517,0.7400,-15.1908,51.8015,-5.4656
302747.3799,826542,42,-0.7903,-0.2495,0.6860,-13.0229,53.6947,-0.9618
302747.5068,826552,43,-0.7776,-0.2483,0.6448,-12.5649,53.6183,2.8550
302747.5068,826562,43,-0.7576,-0.2571,0.6060,-13.6641,52.5496,5.5725
302747.5068,826572,43,-0.7356,-0.2805,0.5676,-16.4275,50.5954,8.2595
302747.5068,826582,43,-0.7095,-0.3018,0.5327,-19.2977,47.5115,11.6489
302747.5068,826592,43,-0.6694,-0.3308,0.5051,-22.3053,43.9542,16.0458
302747.5068,826602,43,-0.6355,-0.3486,0.4961,-24.1527,41.3893,21.8626
302747.5068,826612,43,-0.6089,-0.3303,0.4897,-24.3511,40.0000,29.4046
302747.5068,826622,43,-0.5891,-0.2742,0.4795,-23.4809,39.5878,37.4198
302747.5068,826632,43,-0.5830,-0.2048,0.4539,-22.5954,40.1679,42.4733
302747.5068,826642,43,-0.5837,-0.1404,0.4102,-23.3740,39.7710,44.0763
302747.5616,826652,44,-0.5898,-0.1045,0.3545,-27.4351,38.0763,43.3893
302747.5616,826662,44,-0.5869,-0.0881,0.3052,-31.4962,33.5267,41.2366
302747.5616,826672,44,-0.5476,-0.0889,0.2756,-34.9924,26.1221,38.4885
302747.5616,826682,44,-0.5002,-0.1006,0.2417,-38.9466,19.9542,35.8168
302747.5616,826692,44,-0.4819,-0.1216,0.1978,-42.9771,15.4046,33.7863
302747.5616,826702,44,-0.4333,-0.1479,0.1809,-44.3817,9.9695,32.9160
302747.5616,826712,44,-0.4270,-0.1392,0.1672,-43.0534,5.6336,33.8626
302747.5616,826722,44,-0.4207,-0.1182,0.1633,-43.5115,0.0305,36.6412
302747.5616,826732,44,-0.4204,-0.0791,0.1755,-44.7481,-6.7786,39.9542
302747.5616,826742,44,-0.4412,-0.0503,0.1765,-45.2061,-11.4962,43.0687
302747.6810,826752,45,-0.4534,0.0078,0.1770,-43.5725,-17.4046,43.7099
302747.6810,826762,45,-0.4412,0.0415,0.1882,-43.0534,-26.1374,42.1221
302747.6810,826772,45,-0.4021,0.0447,0.2085,-44.3053,-35.1756,39.4046
302747.6810,826782,45,-0.3577,0.0337,0.2307,-46.0458,-42.8702,36.4427
302747.6810,826792,45,-0.3159,0.0010,0.2534,-49.1908,-49.2519,34.2290
302747.6810,826802,45,-0.3201,-0.0203,0.2891,-51.5878,-53.4046,34.0305
302747.6810,826812,45,-0.3098,-0.0125,0.3420,-51.2672,-59.0534,36.9313
302747.6810,826822,45,-0.3066,0.0437,0.4243,-48.3053,-64.8702,38.9466
302747.6810,826832,45,-0.2988,0.1133,0.5010,-46.7023,-67.7863,39.4198
302747.6810,826842,45,-0.3000,0.1514,0.5259,-48.3053,-66.9466,37.5878
302747.8001,826852,46,-0.3120,0.1687,0.5234,-50.7023,-66.5344,32.6412
302747.8001,826862,46,-0.3115,0.1550,0.5093,-54.7023,-69.5115,27.6183
302747.8001,826872,46,-0.3262,0.1594,0.5088,-58.2443,-73.3740,26.1832
302747.8001,826882,46,-0.3152,0.2170,0.5420,-58.2137,-79.6794,26.8244
302747.8001,826892,46,-0.3115,0.2966,0.5757,-57.3435,-84.9008,24.8550
302747.8001,826902,46,-0.3113,0.3416,0.5876,-58.5954,-86.6412,20.5802
302747.8001,826912,46,-0.3301,0.3420,0.5830,-60.7939,-86.0305,14.1679
302747.8001,826922,46,-0.3760,0.2913,0.5581,-62.7328,-87.1756,8.4733
302747.8001,826932,46,-0.3936,0.2397,0.5732,-61.3740,-92.5649,7.2366
302747.8001,826942,46,-0.3528,0.2817,0.6704,-51.7710,-101.1298,8.8855
302747.8602,826952,47,-0.3093,0.3745,0.7830,-41.8168,-105.8168,9.6794
302747.8602,826962,47,-0.3118,0.4639,0.8450,-36.4275,-105.0382,7.8779
302747.8602,826972,47,-0.3333,0.5498,0.8967,-35.9389,-104.2595,1.8779
302747.8602,826982,47,-0.3101,0.5969,0.9338,-40.2748,-107.2824,-7.6336
302747.8602,826992,47,-0.2910,0.5779,0.9373,-46.2595,-107.9084,-21.9237
302747.8602,827002,47,-0.2957,0.4629,0.9031,-52.8855,-105.5878,-39.3282
302747.8602,827012,47,-0.3086,0.2620,0.8718,-58.7023,-106.1679,-51.4504
302747.8602,827022,47,-0.3284,0.0732,0.8901,-56.9618,-108.7023,-52.2443
302747.8602,827032,47,-0.3574,0.0239,0.9634,-42.6870,-110.9160,-40.6870
302747.8602,827042,47,-0.3279,0.1802,1.1191,-18.9466,-115.9237,-26.4733
302747.9820,827052,48,-0.2705,0.3696,1.2766,-2.3664,-116.5954,-19.5725
302747.9820,827062,48,-0.2585,0.5139,1.3464,2.3206,-110.4275,-21.9084
302747.9820,827072,48,-0.2747,0.5776,1.3186,-3.9237,-101.2061,-29.7557
302747.9820,827082,48,-0.3396,0.5654,1.2373,-14.2595,-94.1832,-42.7176
302747.9820,827092,48,-0.3862,0.4985,1.1658,-21.4046,-92.2901,-56.6412
302747.9820,827102,48,-0.3884,0.4224,1.1355,-23.8473,-97.6489,-68.3511
302747.9820,827112,48,-0.3745,0.3579,1.1680,-22.1221,-102.7634,-76.8702
302747.9820,827122,48,-0.3247,0.3147,1.2478,-18.0916,-107.0687,-81.9389
302747.9820,827132,48,-0.2822,0.2771,1.3254,-13.4504,-106.8702,-85.1298
302747.9820,827142,48,-0.2466,0.2410,1.3926,-8.3664,-101.2214,-87.7252
302748.1002,827152,49,-0.2781,0.2151,1.3933,-3.4656,-91.6031,-89.6336
302748.1002,827162,49,-0.3135,0.1760,1.3789,1.3435,-83.8015,-90.7939
302748.1002,827172,49,-0.3313,0.1924,1.3740,8.2443,-79.0229,-90.9771
302748.1002,827182,49,-0.3423,0.2097,1.3862,14.0153,-75.1450,-91.6641
302748.1002,827192,49,-0.3582,0.2183,1.3789,17.6794,-73.2824,-95.7863
302748.1002,827202,49,-0.3655,0.1870,1.3904,17.9084,-72.5344,-102.3969
302748.1002,827212,49,-0.3281,0.1304,1.4514,16.4427,-73.5420,-108.9313
302748.1002,827222,49,-0.2788,0.0410,1.5242,14.7481,-72.1069,-113.7557
302748.1002,827232,49,-0.2390,-0.0632,1.5845,15.1603,-66.8092,-116.6870
302748.1002,827242,49,-0.2437,-0.1648,1.5972,16.5496,-56.2443,-115.4962
302748.1614,827252,50,-0.2922,-0.2239,1.5825,21.0992,-42.3206,-108.0000
302748.1614,827262,50,-0.3254,-0.1899,1.5691,30.6260,-35.1450,-97.8626
302748.1614,827272,50,-0.3547,-0.1289,1.5825,39.4962,-30.3511,-90.7176
302748.1614,827282,50,-0.4180,-0.0271,1.5947,44.0611,-26.7023,-88.2137
302748.1614,827292,50,-0.4226,0.0142,1.6245,42.1069,-26.0000,-90.1374
302748.1614,827302,50,-0.4170,0.0171,1.6577,39.4656,-23.6183,-97.0992
302748.1614,827312,50,-0.3784,-0.0312,1.7097,35.2061,-18.8550,-104.5496
302748.1614,827322,50,-0.3296,-0.1094,1.7332,31.2061,-10.4122,-108.5038
302748.1614,827332,50,-0.3218,-0.1543,1.7288,31.2824,0.8855,-109.5725
302748.1614,827342,50,-0.3030,-0.1772,1.7141,32.5191,13.2214,-107.2672
302748.3396,827352,51,-0.3281,-0.1770,1.6824,33.3282,26.5496,-103.3282
302748.3396,827362,51,-0.3477,-0.1777,1.6401,33.9237,35.6947,-100.4580
302748.3396,827372,51,-0.3726,-0.1921,1.6082,33.9389,41.6336,-98.9618
302748.3396,827382,51,-0.3914,-0.2109,1.5779,33.9847,45.9389,-96.8092
302748.3396,827392,51,-0.4097,-0.2292,1.5625,35.0382,48.9618,-94.8244
302748.3396,827402,51,-0.4253,-0.2297,1.5786,37.3740,51.1603,-93.6947
302748.3396,827412,51,-0.4229,-0.2395,1.6128,38.6107,54.4885,-92.2595
302748.3396,827422,51,-0.4250,-0.2463,1.6494,38.7939,58.9160,-91.5878
302748.3396,827432,51,-0.4243,-0.2732,1.6753,37.0382,63.2214,-92.4733
302748.3396,827442,51,-0.4041,-0.3149,1.7129,33.2977,68.2137,-92.9160
302748.4013,827452,52,-0.3809,-0.3748,1.7246,28.1679,75.0687,-93.0382
302748.4013,827462,52,-0.3611,-0.4543,1.7283,22.3664,82.5649,-92.8855
302748.4013,827472,52,-0.3420,-0.5081,1.7144,18.5954,91.2061,-89.7557
302748.4013,827482,52,-0.3469,-0.5881,1.6624,17.9542,99.2061,-86.1069
302748.4013,827492,52,-0.3379,-0.6697,1.5940,19.0229,98.9008,-77.9237
302748.4013,827502,52,-0.3071,-0.6553,1.5557,22.9924,97.1603,-63.6489
302748.4013,827512,52,-0.3059,-0.5859,1.5183,25.4809,104.1679,-54.0305
302748.4013,827522,52,-0.2996,-0.5730,1.4443,22.4427,115.0840,-50.5496
302748.4013,827532,52,-0.3289,-0.5762,1.3550,18.8244,124.6107,-49.1756
302748.4013,827542,52,-0.3064,-0.5693,1.3076,15.0992,130.5344,-46.7023
302748.5201,827552,53,-0.2854,-0.5847,1.2632,9.8473,135.7099,-40.7328
302748.5201,827562,53,-0.2810,-0.5784,1.2092,7.7099,141.5420,-35.4351
302748.5201,827572,53,-0.3079,-0.5781,1.1501,5.6641,146.9771,-31.9695
302748.5201,827582,53,-0.3052,-0.5676,1.0869,3.8626,149.4656,-26.1832
302748.5201,827592,53,-0.3076,-0.5510,1.0388,2.5191,149.2366,-22.2595
302748.5201,827602,53,-0.3149,-0.5510,0.9690,-0.7328,149.6031,-19.1450
302748.5201,827612,53,-0.3193,-0.5884,0.9014,-5.2061,149.9237,-15.6794
302748.5201,827622,53,-0.3496,-0.6006,0.8462,-7.1298,149.5420,-11.3435
302748.5201,827632,53,-0.3376,-0.5850,0.8135,-7.2061,146.5802,-4.5802
302748.5201,827642,53,-0.3201,-0.5586,0.8015,-6.3206,143.5878,-0.4885
302748.5822,827652,54,-0.3152,-0.5359,0.7727,-7.8473,143.1298,2.0763
302748.5822,827662,54,-0.3264,-0.5493,0.7065,-13.0229,143.6336,4.6565
302748.5822,827672,54,-0.3435,-0.5850,0.6418,-18.1985,141.8168,6.6718
302748.5822,827682,54,-0.3445,-0.6133,0.5896,-20.5802,137.2824,10.4733
302748.5822,827692,54,-0.3235,-0.6218,0.5618,-21.0992,133.0687,15.9542
302748.5822,827702,54,-0.3240,-0.6116,0.5281,-21.2366,129.0076,21.1603
302748.5822,827712,54,-0.3413,-0.5986,0.4829,-21.8321,124.1832,26.6412
302748.5822,827722,54,-0.3623,-0.5732,0.4470,-22.6870,118.9160,31.7099
302748.5822,827732,54,-0.3645,-0.5420,0.4302,-24.5954,112.2901,36.4122
302748.5822,827742,54,-0.3501,-0.5132,0.4180,-26.3511,104.9008,39.5420
302748.7012,827752,55,-0.3303,-0.5110,0.3796,-29.2214,98.2901,40.7328
302748.7012,827762,55,-0.3198,-0.5298,0.3420,-33.1756,92.9313,41.4962
302748.7012,827772,55,-0.3196,-0.5710,0.2764,-37.8626,87.7405,43.1603
302748.7012,827782,55,-0.3223,-0.6331,0.2205,-41.5420,82.0916,46.3817
302748.7012,827792,55,-0.3164,-0.6594,0.2070,-41.3282,74.3359,52.0763
302748.7012,827802,55,-0.2844,-0.6472,0.2317,-38.7634,66.4885,61.5115
302748.7012,827812,55,-0.2861,-0.5908,0.2678,-35.6489,62.3206,70.8550
302748.7012,827822,55,-0.3018,-0.5198,0.2983,-33.6489,58.3817,79.3740
302748.7012,827832,55,-0.3176,-0.4260,0.3264,-32.2137,53.6641,85.7099
302748.7012,827842,55,-0.3306,-0.3464,0.3420,-33.9542,48.9466,88.9771
302748.7612,827852,56,-0.3411,-0.2898,0.3528,-37.7863,45.0229,90.8855
302748.7612,827862,56,-0.3401,-0.2183,0.3616,-39.6947,41.0840,91.4046
302748.7612,827872,56,-0.3203,-0.1553,0.3613,-42.0305,36.7939,90.2290
302748.7612,827882,56,-0.3110,-0.1250,0.3201,-46.0916,33.9084,87.0687
302748.7612,827892,56,-0.3345,-0.1174,0.2488,-51.0534,32.7786,84.1069
302748.7612,827902,56,-0.3457,-0.0908,0.1885,-54.3511,27.3588,82.3969
302748.7612,827912,56,-0.2742,-0.0652,0.1995,-57.9695,17.2519,80.3664
302748.7612,827922,56,-0.2314,-0.0410,0.2212,-63.1603,13.3282,78.4427
302748.7612,827932,56,-0.2588,0.0005,0.2036,-68.2137,12.5496,75.7863
302748.7612,827942,56,-0.2803,0.0122,0.1602,-73.6489,7.9695,73.9389
302748.8801,827952,57,-0.3110,-0.0146,0.1252,-77.1450,2.0458,71.4656
302748.8801,827962,57,-0.3108,-0.0449,0.1052,-76.0305,-7.2824,70.4580
302748.8801,827972,57,-0.2837,-0.0459,0.1165,-71.6183,-18.2290,71.5420
302748.8801,827982,57,-0.2358,-0.0229,0.1689,-66.8397,-28.7481,73.4962
302748.8801,827992,57,-0.1953,0.0300,0.2341,-63.8779,-36.1679,76.0153
302748.8801,828002,57,-0.2222,0.1150,0.2754,-63.3588,-40.1221,80.2748
302748.8801,828012,57,-0.2200,0.2158,0.3088,-62.8092,-46.7328,81.5878
302748.8801,828022,57,-0.2258,0.2864,0.3137,-64.2901,-49.9389,76.1679
302748.8801,828032,57,-0.2603,0.2737,0.2598,-72.3359,-49.0992,65.8321
302748.8801,828042,57,-0.3308,0.1423,0.1821,-85.8931,-48.6718,57.3588
302749.0009,828052,58,-0.3525,0.0193,0.1724,-89.3740,-58.0305,56.0153
302749.0009,828062,58,-0.3110,0.0173,0.2637,-79.5420,-74.4733,60.4427
302749.0009,828072,58,-0.2495,0.0996,0.3835,-68.3817,-86.8092,68.5038
302749.0009,828082,58,-0.2292,0.2329,0.4966,-60.0153,-92.1221,73.1298
302749.0009,828092,58,-0.2344,0.3499,0.5728,-58.0458,-92.4885,73.3282
302749.0009,828102,58,-0.2341,0.4426,0.6287,-61.0840,-91.8321,68.2595
302749.0009,828112,58,-0.2573,0.4785,0.6133,-69.1298,-90.7939,58.9466
302749.0009,828122,58,-0.2837,0.4685,0.5720,-79.1450,-89.3893,46.9160
302749.0009,828132,58,-0.3054,0.4114,0.5066,-88.0153,-91.8779,33.1603
302749.0009,828142,58,-0.3127,0.3145,0.5042,-96.6107,-97.5878,23.1450
302749.0616,828152,59,-0.3171,0.2266,0.5457,-99.5878,-105.2672,20.7939
302749.0616,828162,59,-0.2903,0.2244,0.6338,-91.0229,-113.0992,22.4733
302749.0616,828172,59,-0.2581,0.3003,0.7410,-79.0992,-117.9237,22.8092
302749.0616,828182,59,-0.2354,0.3647,0.8267,-73.2977,-118.1221,20.5496
302749.0616,828192,59,-0.2063,0.4116,0.8940,-73.3588,-116.8702,15.1450
302749.0616,828202,59,-0.1963,0.4221,0.9077,-77.2061,-116.0153,6.6870
302749.0616,828212,59,-0.1924,0.3921,0.9041,-84.4122,-114.8855,-3.0534
302749.0616,828222,59,-0.2278,0.2991,0.8589,-91.1756,-114.3053,-13.3282
302749.0616,828232,59,-0.2981,0.1658,0.8030,-94.6260,-112.3969,-19.5267
302749.0616,828242,59,-0.3799,0.0603,0.8174,-87.8779,-114.3969,-20.2443
302749.1818,828252,60,-0.4011,0.0601,0.8887,-70.4580,-124.2137,-14.0611
302749.1818,828262,60,-0.3918,0.1890,1.0288,-51.0687,-132.7939,-4.1679
302749.1818,828272,60,-0.3579,0.3640,1.1838,-38.6412,-138.4275,1.9389
302749.1818,828282,60,-0.3315,0.4856,1.3101,-36.3206,-136.6718,1.5573
302749.1818,828292,60,-0.3301,0.5942,1.3645,-38.6870,-131.7557,-6.6565
302749.1818,828302,60,-0.3203,0.6331,1.3777,-48.3511,-127.9389,-22.6565
302749.1818,828312,60,-0.3113,0.5615,1.3552,-62.3511,-124.1832,-41.5725
302749.1818,828322,60,-0.3428,0.3862,1.3018,-72.4275,-119.2672,-60.5038
302749.1818,828332,60,-0.3716,0.1912,1.2722,-73.8779,-115.4656,-71.1756
302749.1818,828342,60,-0.3987,0.0405,1.2664,-64.4885,-114.0000,-70.0153
302749.3013,828352,61,-0.4258,0.0435,1.3257,-43.9237,-112.6107,-60.5496
302749.3013,828362,61,-0.3701,0.1687,1.4255,-21.1756,-114.9160,-50.5802
302749.3013,828372,61,-0.2988,0.3010,1.5205,-7.7252,-111.8321,-46.4275
302749.3013,828382,61,-0.2778,0.3872,1.5754,-7.1756,-102.5649,-46.9313
302749.3013,828392,61,-0.2507,0.4067,1.5793,-11.7405,-93.7863,-50.4275
302749.3013,828402,61,-0.2544,0.4258,1.5486,-14.2595,-83.9695,-57.3588
302749.3013,828412,61,-0.2832,0.4070,1.4958,-16.4275,-75.8473,-65.8931
302749.3013,828422,61,-0.3008,0.3748,1.4529,-16.4885,-70.9160,-74.0305
302749.3013,828432,61,-0.3076,0.3367,1.4309,-14.3664,-68.7634,-81.2214
302749.3013,828442,61,-0.2820,0.2756,1.4431,-10.3359,-66.3511,-86.5191
302749.3610,828452,62,-0.2749,0.2375,1.4629,-2.4427,-61.1145,-91.3282
302749.3610,828462,62,-0.2571,0.1833,1.4761,2.7328,-56.0611,-93.7710
302749.3610,828472,62,-0.2681,0.1489,1.4395,7.5725,-50.2748,-93.4809
302749.3610,828482,62,-0.3174,0.1211,1.4192,13.8626,-42.8550,-92.6870
302749.3610,828492,62,-0.3503,0.1182,1.4250,20.8855,-40.8092,-91.0382
302749.3610,828502,62,-0.3564,0.1282,1.4729,26.6718,-41.3282,-89.6641
302749.3610,828512,62,-0.3464,0.1716,1.5645,31.4046,-41.4351,-90.4275
302749.3610,828522,62,-0.3049,0.1765,1.6611,30.9313,-40.9466,-94.2290
302749.3610,828532,62,-0.2686,0.1528,1.7241,29.3435,-34.8702,-100.6260
302749.3610,828542,62,-0.2424,0.1357,1.7703,28.0611,-24.7481,-108.8244
302749.5410,828552,63,-0.1770,0.0396,1.7510,22.0611,-11.5878,-114.0611
302749.5410,828562,63,-0.2393,-0.0449,1.6460,19.4198,7.8931,-118.0916
302749.5410,828572,63,-0.3320,-0.1428,1.5090,19.6031,20.5649,-120.7328
302749.5410,828582,63,-0.3679,-0.1782,1.4558,24.4275,21.5573,-119.6489
302749.5410,828592,63,-0.3474,-0.1692,1.5027,29.3282,15.0229,-118.7176
302749.5410,828602,63,-0.2910,-0.1851,1.5647,30.0153,11.1298,-119.2977
302749.5410,828612,63,-0.2603,-0.2319,1.6040,28.8092,14.6412,-122.7328
302749.5410,828622,63,-0.2271,-0.3198,1.6575,25.4046,22.8092,-124.9160
302749.5410,828632,63,-0.1870,-0.4224,1.6885,23.6641,34.5191,-121.6183
302749.5410,828642,63,-0.1848,-0.4763,1.6636,26.7939,47.8321,-115.5573
302749.6014,828652,64,-0.2192,-0.4978,1.6172,30.4885,60.7634,-107.2672
302749.6014,828662,64,-0.2542,-0.4622,1.5779,35.2061,68.7786,-97.0076
302749.6014,828672,64,-0.2832,-0.4014,1.5557,38.7176,72.4733,-88.3511
302749.6014,828682,64,-0.3093,-0.3142,1.5422,40.2595,75.8015,-83.7405
302749.6014,828692,64,-0.3403,-0.2305,1.5383,38.5344,79.2519,-83.0076
302749.6014,828702,64,-0.3293,-0.2134,1.5244,33.2977,79.6947,-86.1527
302749.6014,828712,64,-0.3271,-0.2578,1.4941,27.5725,83.2824,-92.2748
302749.6014,828722,64,-0.3245,-0.3406,1.4546,23.5115,89.6031,-97.2519
302749.6014,828732,64,-0.3064,-0.4565,1.4402,20.2290,93.0992,-98.8397
302749.6014,828742,64,-0.2690,-0.5330,1.4448,18.8550,96.9466,-94.8550
302749.6610,828752,65,-0.2659,-0.5720,1.4280,19.4962,105.2366,-86.9771
302749.6610,828762,65,-0.2917,-0.6023,1.3801,21.2519,113.0992,-80.3206
302749.6610,828772,65,-0.3069,-0.6191,1.3220,22.2290,116.7481,-74.3053
302749.6610,828782,65,-0.3149,-0.6299,1.2751,22.6870,117.7405,-67.2061
302749.6610,828792,65,-0.3330,-0.6116,1.2583,23.1908,117.8321,-59.6031
302749.6610,828802,65,-0.3347,-0.5610,1.2429,24.4275,118.1527,-51.5573
302749.6610,828812,65,-0.3352,-0.5129,1.2346,24.9771,119.0534,-47.0992
302749.6610,828822,65,-0.3486,-0.5105,1.1736,23.4351,122.5344,-45.6489
302749.6610,828832,65,-0.3691,-0.5493,1.1086,20.0916,124.9771,-44.5191
302749.6610,828842,65,-0.3708,-0.5784,1.0662,17.3588,123.9542,-40.4122
302749.7819,828852,66,-0.3411,-0.5710,1.0557,17.2366,121.4351,-35.6489
302749.7819,828862,66,-0.3379,-0.5811,1.0427,16.2748,121.4504,-32.7481
302749.7819,828872,66,-0.3745,-0.5889,0.9988,13.2977,124.5496,-28.2595
302749.7819,828882,66,-0.3950,-0.5930,0.9880,11.0840,124.8244,-24.0000
302749.7819,828892,66,-0.3745,-0.5837,0.9958,9.8321,121.6031,-20.5496
302749.7819,828902,66,-0.3503,-0.5884,1.0037,6.6412,120.6870,-17.1908
302749.7819,828912,66,-0.3591,-0.5845,0.9795,2.2137,123.3893,-12.9008
302749.7819,828922,66,-0.3706,-0.5957,0.9492,-2.4427,124.4275,-9.3282
302749.7819,828932,66,-0.3677,-0.6089,0.9236,-4.8092,124.3206,-5.8626
302749.7819,828942,66,-0.3704,-0.5945,0.9050,-5.6336,122.9771,-2.5802
302749.9011,828952,67,-0.3452,-0.5808,0.8801,-8.3206,120.5496,1.3740
302749.9011,828962,67,-0.3267,-0.5740,0.8301,-11.9389,120.0153,4.3206
302749.9011,828972,67,-0.3303,-0.5713,0.7690,-16.0458,121.1298,7.8168
302749.9011,828982,67,-0.3210,-0.5493,0.6943,-18.2748,120.0458,11.8626
302749.9011,828992,67,-0.3367,-0.5122,0.6343,-18.7634,118.1832,14.8397
302749.9011,829002,67,-0.3689,-0.4580,0.5596,-20.1832,115.3588,18.1374
302749.9011,829012,67,-0.3931,-0.4216,0.5061,-22.3969,110.8855,20.1221
302749.9011,829022,67,-0.4111,-0.3875,0.4890,-25.2366,105.0229,19.9542
302749.9011,829032,67,-0.4072,-0.3840,0.4763,-29.3740,97.5573,18.7328
302749.9011,829042,67,-0.3953,-0.4221,0.4851,-34.4733,91.0840,16.0000
302749.9607,829052,68,-0.3579,-0.4944,0.4895,-40.3359,85.2824,15.3282
302749.9607,829062,68,-0.3352,-0.5820,0.4739,-44.2443,82.6260,18.1985
302749.9607,829072,68,-0.3562,-0.6218,0.4380,-44.6107,82.2137,23.6183
302749.9607,829082,68,-0.3545,-0.6782,0.4043,-43.8015,79.2824,30.6412
302749.9607,829092,68,-0.3542,-0.7039,0.3845,-40.9160,75.5267,40.5496
302749.9607,829102,68,-0.3459,-0.6736,0.3762,-36.5954,70.1985,51.9542
302749.9607,829112,68,-0.3364,-0.6531,0.3821,-33.8015,65.6489,62.4580
302749.9607,829122,68,-0.3462,-0.5784,0.3914,-29.2214,64.2290,71.6336
302749.9607,829132,68,-0.3560,-0.4976,0.3984,-27.5115,59.6336,77.1603
302749.9607,829142,68,-0.3403,-0.4617,0.3958,-31.0992,53.0687,79.7252
302750.0819,829152,69,-0.3264,-0.4290,0.3872,-35.6183,48.2443,81.9084
302750.0819,829162,69,-0.3125,-0.4006,0.3667,-40.4122,43.4809,83.5725
302750.0819,829172,69,-0.3420,-0.3894,0.3242,-44.9313,41.1603,85.1298
302750.0819,829182,69,-0.3484,-0.3350,0.3088,-45.2519,38.1679,87.8015
302750.0819,829192,69,-0.3423,-0.2449,0.3293,-44.7176,34.0305,89.9084
302750.0819,829202,69,-0.3318,-0.1616,0.3364,-47.1603,30.2595,90.0458
302750.0819,829212,69,-0.3552,-0.1238,0.3208,-53.4351,28.3359,86.3206
302750.0819,829222,69,-0.3970,-0.1418,0.2715,-61.3588,26.0305,82.5802
302750.0819,829232,69,-0.4121,-0.1733,0.2244,-66.3817,20.9924,81.7252
302750.0819,829242,69,-0.3926,-0.1855,0.2090,-65.6336,12.8092,81.4809
302750.2003,829252,70,-0.3379,-0.1865,0.2158,-63.3740,4.2595,81.3893
302750.2003,829262,70,-0.2942,-0.1860,0.2366,-62.9924,-1.6031,82.4733
302750.2003,829272,70,-0.2832,-0.1653,0.2761,-63.8931,-5.4504,87.4962
302750.2003,829282,70,-0.2556,-0.0854,0.3123,-61.3130,-9.7863,94.6870
302750.2003,829292,70,-0.2478,0.0364,0.3542,-57.0534,-12.9313,97.2214
302750.2003,829302,70,-0.2668,0.1282,0.3269,-58.6718,-13.1450,96.5802
302750.2003,829312,70,-0.3301,0.1377,0.2295,-64.9008,-11.0229,92.3359
302750.2003,829322,70,-0.3862,0.1033,0.1448,-70.8550,-13.5573,85.5115
302750.2003,829332,70,-0.3855,0.0283,0.1038,-74.8397,-24.8855,82.3817
302750.2003,829342,70,-0.3513,0.0063,0.1592,-73.2366,-38.6260,83.9695
302750.2612,829352,71,-0.3491,0.0801,0.2849,-68.0153,-49.4962,91.4504
302750.2612,829362,71,-0.3340,0.2400,0.4158,-58.9771,-58.1527,100.4733
302750.2612,829372,71,-0.3281,0.4265,0.5122,-50.3817,-63.5725,100.5649
302750.2612,829382,71,-0.3301,0.5498,0.5254,-51.3130,-66.0458,91.8168
302750.2612,829392,71,-0.3545,0.5544,0.4805,-62.1221,-62.7634,76.2901
302750.2612,829402,71,-0.3699,0.4558,0.4106,-78.0458,-58.4427,60.2443
302750.2612,829412,71,-0.4282,0.2605,0.4001,-96.7786,-55.2977,49.2824
302750.2612,829422,71,-0.4575,0.1384,0.4353,-97.3588,-62.7176,50.2443
302750.2612,829432,71,-0.3848,0.2188,0.5256,-77.0076,-76.8550,58.1832
302750.2612,829442,71,-0.3914,0.3538,0.6091,-62.4885,-78.4275,62.9771
302750.3812,829452,72,-0.4341,0.4580,0.6406,-60.4580,-75.0229,63.3893
302750.3812,829462,72,-0.4517,0.5269,0.6497,-62.8397,-76.4733,59.3435
302750.3812,829472,72,-0.4167,0.5759,0.6750,-64.9313,-81.4046,50.0458
302750.3812,829482,72,-0.3914,0.5996,0.7004,-71.1756,-82.3817,37.6641
302750.3812,829492,72,-0.4238,0.5732,0.6655,-81.6336,-80.3969,24.3359
302750.3812,829502,72,-0.4592,0.4893,0.6260,-91.8321,-81.5420,11.4198
302750.3812,829512,72,-0.5127,0.3206,0.5603,-98.9618,-83.6641,1.2366
302750.3812,829522,72,-0.5732,0.1704,0.5535,-97.1450,-86.2443,-1.3435
302750.3812,829532,72,-0.5007,0.1343,0.6521,-82.0763,-99.4046,3.4809
302750.3812,829542,72,-0.3672,0.1924,0.8137,-64.5496,-109.9847,11.7405
302750.5607,829552,73,-0.3164,0.3235,0.9016,-52.2901,-106.1527,15.8931
302750.5607,829562,73,-0.3418,0.4092,0.8843,-51.5878,-97.9847,12.6107
302750.5607,829572,73,-0.3530,0.3750,0.8096,-60.4122,-97.4198,3.0840
302750.5607,829582,73,-0.3821,0.2202,0.7524,-70.5344,-98.1527,-9.4046
302750.5607,829592,73,-0.4165,0.0452,0.7297,-75.0076,-102.9160,-15.9542
302750.5607,829602,73,-0.4270,-0.1138,0.7676,-71.0840,-107.8779,-11.8321
302750.5607,829612,73,-0.4438,-0.1333,0.8687,-53.7557,-111.9389,0.8702
302750.5607,829622,73,-0.4080,0.0627,1.0378,-28.1985,-119.2977,17.3893
302750.5607,829632,73,-0.3645,0.3196,1.1907,-10.7939,-122.7481,27.9389
302750.5607,829642,73,-0.3496,0.5093,1.2449,-7.8168,-117.2977,25.8168
302750.5624,829652,74,-0.3806,0.5554,1.1931,-17.9237,-108.6107,12.8397
302750.5624,829662,74,-0.4387,0.5154,1.1294,-32.4122,-100.1221,-4.3206
302750.5624,829672,74,-0.4417,0.4163,1.0840,-44.2443,-101.0687,-20.3817
302750.5624,829682,74,-0.3811,0.2942,1.1128,-50.3206,-107.6641,-32.4885
302750.5624,829692,74,-0.3208,0.1899,1.1763,-50.8855,-111.1603,-39.0076
302750.5624,829702,74,-0.2915,0.1196,1.2375,-47.6641,-109.2824,-38.3511
302750.5624,829712,74,-0.2561,0.1531,1.2981,-37.9084,-105.0992,-32.6260
302750.5624,829722,74,-0.2214,0.2473,1.3167,-26.0458,-98.9313,-27.5725
302750.5624,829732,74,-0.2356,0.3394,1.2803,-17.6336,-88.4885,-27.8015
302750.5624,829742,74,-0.2981,0.4041,1.1929,-15.3282,-75.4198,-31.5573
302750.7396,829752,75,-0.3801,0.4297,1.0845,-18.9924,-67.8473,-36.9771
302750.7396,829762,75,-0.4304,0.4141,1.0168,-22.6412,-69.0534,-44.1221
302750.7396,829772,75,-0.4194,0.4158,1.0273,-22.4580,-78.6718,-52.5802
302750.7396,829782,75,-0.3604,0.3928,1.1042,-22.3664,-89.3130,-62.2748
302750.7396,829792,75,-0.2747,0.3423,1.2095,-22.7328,-94.8397,-71.1603
302750.7396,829802,75,-0.2009,0.2810,1.3091,-23.0229,-93.7710,-78.1221
302750.7396,829812,75,-0.1399,0.2046,1.3579,-22.0458,-88.0611,-82.9313
302750.7396,829822,75,-0.1340,0.1384,1.3540,-18.4733,-79.7863,-85.7710
302750.7396,829832,75,-0.1548,0.0801,1.3137,-14.3359,-71.8626,-85.4198
302750.7396,829842,75,-0.1912,0.0415,1.2637,-7.8626,-66.2748,-81.8626
302750.8021,829852,76,-0.2144,0.0508,1.2415,3.0534,-64.6565,-77.3740
302750.8021,829862,76,-0.2419,0.1028,1.2415,14.8702,-66.1374,-73.8168
302750.8021,829872,76,-0.2673,0.1704,1.2622,22.3206,-67.1908,-72.5344
302750.8021,829882,76,-0.2561,0.2202,1.3276,25.4656,-69.6641,-73.9695
302750.8021,829892,76,-0.2280,0.2161,1.4058,25.7405,-70.8855,-78.3511
302750.8021,829902,76,-0.2029,0.1929,1.4768,25.0076,-68.5802,-83.1145
302750.8021,829912,76,-0.1877,0.1826,1.5190,25.1298,-63.1756,-86.5038
302750.8021,829922,76,-0.1807,0.1653,1.5288,25.2977,-56.4122,-90.3664
302750.8021,829932,76,-0.2017,0.1270,1.5212,24.7786,-48.5496,-94.3664
302750.8021,829942,76,-0.2065,0.0986,1.5181,25.4504,-43.2672,-96.2290
302750.8610,829952,77,-0.1941,0.0781,1.5383,27.8779,-39.9237,-96.4427
302750.8610,829962,77,-0.1892,0.0935,1.5684,31.9237,-34.4580,-97.2214
302750.8610,829972,77,-0.1882,0.0986,1.5789,33.4656,-27.2824,-99.5878
302750.8610,829982,77,-0.2175,0.0957,1.5525,32.9160,-19.4656,-102.4580
302750.8610,829992,77,-0.2185,0.0686,1.5383,32.5649,-14.9466,-106.4427
302750.8610,830002,77,-0.1846,0.0288,1.5374,32.7023,-11.9847,-110.2748
302750.8610,830012,77,-0.1743,-0.0237,1.5183,33.0382,-6.7328,-112.5649
302750.8610,830022,77,-0.1826,-0.0674,1.4893,33.6031,-1.8626,-113.4962
302750.8610,830032,77,-0.1807,-0.1023,1.4951,34.6870,-0.5649,-112.1985
302750.8610,830042,77,-0.1792,-0.0935,1.5171,37.7863,1.0534,-109.6031
302750.9815,830052,78,-0.1807,-0.0581,1.5530,40.1527,4.4733,-108.1221
302750.9815,830062,78,-0.1685,-0.0366,1.5837,40.2137,11.0840,-107.8015
302750.9815,830072,78,-0.2063,-0.0083,1.6003,39.5878,19.9237,-108.5649
302750.9815,830082,78,-0.2283,0.0288,1.6201,39.0992,25.2061,-109.6947
302750.9815,830092,78,-0.2078,0.0461,1.6372,38.1679,27.0382,-113.4351
302750.9815,830102,78,-0.1958,0.0386,1.6448,35.0076,30.8092,-119.5878
302750.9815,830112,78,-0.1924,-0.0281,1.6277,28.8397,36.8244,-125.2977
302750.9815,830122,78,-0.1292,-0.2266,1.6182,18.2290,51.9389,-128.7176
302750.9815,830132,78,-0.1438,-0.3127,1.5767,17.2214,62.6260,-125.7557
302750.9815,830142,78,-0.1550,-0.3740,1.5562,19.0382,69.0382,-120.4122
302751.1034,830152,79,-0.1213,-0.3940,1.5747,21.8473,72.0458,-112.5191
302751.1034,830162,79,-0.1008,-0.3992,1.5703,23.7557,77.2977,-104.1374
302751.1034,830172,79,-0.1177,-0.4031,1.5537,24.9160,84.9313,-97.9389
302751.1034,830182,79,-0.1299,-0.4106,1.5242,24.3664,91.1603,-92.8092
302751.1034,830192,79,-0.1467,-0.4087,1.4888,23.7099,95.9847,-87.3282
302751.1034,830202,79,-0.1609,-0.3752,1.4509,24.3053,99.8626,-82.2595
302751.1034,830212,79,-0.1704,-0.3508,1.4109,23.6641,102.9618,-79.0534
302751.1034,830222,79,-0.1719,-0.3450,1.3640,21.3130,104.5496,-78.2443
302751.1034,830232,79,-0.1738,-0.3813,1.3228,16.6870,105.4198,-76.9771
302751.1034,830242,79,-0.1506,-0.4192,1.2947,12.7481,107.1298,-74.0916
302751.1615,830252,80,-0.1387,-0.4446,1.2644,10.7023,111.6947,-70.5191
302751.1615,830262,80,-0.1509,-0.4680,1.2188,8.9618,116.9771,-67.0687
302751.1615,830272,80,-0.1567,-0.5029,1.1702,6.2595,119.5267,-62.4122
302751.1615,830282,80,-0.1558,-0.5396,1.1445,4.3969,119.5420,-57.4504
302751.1615,830292,80,-0.1482,-0.5642,1.1104,2.6565,119.7863,-51.6183
302751.1615,830302,80,-0.1504,-0.6064,1.0635,1.0534,121.0687,-44.9160
302751.1615,830312,80,-0.1743,-0.6345,1.0095,1.1908,122.2137,-37.5115
302751.1615,830322,80,-0.1956,-0.6345,0.9673,2.5649,122.0305,-28.3969
302751.1615,830332,80,-0.2202,-0.6123,0.9355,3.7557,120.5344,-19.2061
302751.1615,830342,80,-0.2283,-0.6018,0.9192,3.9847,118.1679,-11.7099
302751.2832,830352,81,-0.2417,-0.5647,0.9053,3.9695,116.6107,-4.0916
302751.2832,830362,81,-0.2419,-0.5352,0.8899,3.6031,115.0992,1.8015
302751.2832,830372,81,-0.2568,-0.5225,0.8804,2.0916,113.9847,5.1908
302751.2832,830382,81,-0.2690,-0.4824,0.8589,0.4580,113.1756,9.8015
302751.2832,830392,81,-0.2832,-0.4485,0.8459,-1.9695,111.7099,12.7939
302751.2832,830402,81,-0.3076,-0.4487,0.8125,-6.2290,110.9313,15.0229
302751.2832,830412,81,-0.3130,-0.4602,0.7754,-9.3435,110.2290,17.7557
302751.2832,830422,81,-0.3237,-0.4602,0.7463,-10.4122,108.8092,20.5496
302751.2832,830432,81,-0.3167,-0.4634,0.7190,-11.6489,105.6489,24.3206
302751.2832,830442,81,-0.3037,-0.4351,0.7041,-12.5191,103.0076,28.5496
302751.4008,830452,82,-0.2949,-0.4192,0.6804,-14.5496,100.9618,32.0916
302751.4008,830462,82,-0.3108,-0.4280,0.6348,-17.5420,100.5038,35.2214
302751.4008,830472,82,-0.3433,-0.4382,0.5693,-19.4504,98.9924,38.9313
302751.4008,830482,82,-0.3708,-0.4016,0.5496,-18.7481,95.7252,44.0153
302751.4008,830492,82,-0.3721,-0.3723,0.5205,-17.8779,91.3130,48.6718
302751.4008,830502,82,-0.3909,-0.3328,0.5068,-17.6183,87.7557,51.1756
302751.4008,830512,82,-0.3926,-0.3071,0.4971,-19.5420,83.7863,54.1985
302751.4008,830522,82,-0.4001,-0.2766,0.4824,-20.1069,81.3282,56.9008
302751.4008,830532,82,-0.4253,-0.2258,0.4880,-20.1527,78.5038,57.7099
302751.4008,830542,82,-0.4314,-0.1860,0.4827,-22.9008,74.0916,58.5954
302751.5200,830552,83,-0.4397,-0.1555,0.4778,-26.2443,70.5344,57.7710
302751.5200,830562,83,-0.4517,-0.1438,0.4685,-30.1527,66.1832,55.2672
302751.5200,830572,83,-0.4524,-0.1362,0.4448,-34.5191,62.1527,53.9847
302751.5200,830582,83,-0.4482,-0.1440,0.4062,-37.6183,59.4504,52.4885
302751.5200,830592,83,-0.4526,-0.1416,0.3838,-39.0076,55.9389,51.5420
302751.5200,830602,83,-0.4333,-0.1516,0.3696,-40.6718,50.2595,51.7710
302751.5200,830612,83,-0.4385,-0.1494,0.3452,-40.4580,47.9389,52.4122
302751.5200,830622,83,-0.4404,-0.1338,0.3384,-40.3664,45.4962,53.7405
302751.5200,830632,83,-0.4451,-0.1145,0.3369,-41.8473,41.3435,56.1832
302751.5200,830642,83,-0.4651,-0.0710,0.3484,-41.9084,37.7557,58.7023
302751.6398,830652,84,-0.4719,0.0061,0.3496,-41.3130,33.8473,60.6870
302751.6398,830662,84,-0.4846,0.0535,0.3586,-42.8702,29.6489,59.4504
302751.6398,830672,84,-0.4893,0.0957,0.3601,-45.6794,25.8779,56.3511
302751.6398,830682,84,-0.4863,0.1287,0.3538,-48.1374,21.9237,52.5496
302751.6398,830692,84,-0.4810,0.1392,0.3640,-51.3740,17.6641,48.2748
302751.6398,830702,84,-0.4717,0.1462,0.3691,-53.1908,14.1679,44.3817
302751.6398,830712,84,-0.4951,0.1499,0.3452,-53.9695,13.4656,40.2290
302751.6398,830722,84,-0.5208,0.1387,0.3120,-56.0000,11.2366,37.0840
302751.6398,830732,84,-0.5273,0.1165,0.2974,-57.9389,5.8626,35.5115
302751.6398,830742,84,-0.5388,0.1106,0.3047,-57.3130,0.8092,35.7557
302751.7010,830752,85,-0.5405,0.1375,0.3252,-54.1832,-4.2137,36.5954
302751.7010,830762,85,-0.5420,0.1699,0.3577,-51.7710,-8.5344,36.4275
302751.7010,830772,85,-0.5347,0.2156,0.3967,-50.5496,-11.9847,35.9389
302751.7010,830782,85,-0.5518,0.2559,0.4312,-51.1603,-13.6031,34.5496
302751.7010,830792,85,-0.5649,0.2854,0.4573,-53.0687,-13.9847,30.8855
302751.7010,830802,85,-0.5803,0.2554,0.4517,-57.1450,-14.8397,25.3130
302751.7010,830812,85,-0.6184,0.1699,0.4202,-60.5649,-14.5802,20.7328
302751.7010,830822,85,-0.6465,0.1025,0.4102,-58.7176,-16.7939,20.2595
302751.7010,830832,85,-0.6299,0.0808,0.4382,-52.0305,-23.5573,23.4046
302751.7010,830842,85,-0.6199,0.1252,0.4915,-42.4122,-28.5191,28.6260
302751.7613,830852,86,-0.6240,0.2180,0.5564,-34.5802,-30.7634,32.1679
302751.7613,830862,86,-0.6145,0.3127,0.6191,-31.6947,-32.5954,32.7023
302751.7613,830872,86,-0.6165,0.3748,0.6411,-32.6870,-32.7481,28.4885
302751.7613,830882,86,-0.6523,0.3596,0.6118,-37.4809,-30.7023,19.8931
302751.7613,830892,86,-0.7026,0.2625,0.5439,-43.3130,-29.2824,12.7176
302751.7613,830902,86,-0.7256,0.1714,0.5107,-43.6947,-32.0611,10.0611
302751.7613,830912,86,-0.7017,0.1191,0.5447,-38.0305,-38.9924,10.4580
302751.7613,830922,86,-0.6692,0.1025,0.6101,-29.1603,-43.3588,13.3130
302751.7613,830932,86,-0.7009,0.1248,0.6387,-21.5725,-42.2137,16.9924
302751.7613,830942,86,-0.7554,0.1438,0.6472,-18.8550,-40.7176,21.3893
302751.8814,830952,87,-0.7859,0.1787,0.7017,-14.8550,-42.9313,24.6565
302751.8814,830962,87,-0.7588,0.2388,0.7876,-9.4809,-46.3664,25.5267
302751.8814,830972,87,-0.7324,0.2888,0.8606,-6.9466,-45.7252,24.2443
302751.8814,830982,87,-0.7693,0.3162,0.8755,-7.9389,-39.9542,21.5115
302751.8814,830992,87,-0.8198,0.3325,0.8518,-10.6260,-34.9008,17.5115
302751.8814,831002,87,-0.8481,0.3237,0.8428,-13.3893,-34.3511,11.8321
302751.8814,831012,87,-0.8521,0.2861,0.8413,-15.0076,-34.8855,5.9542
302751.8814,831022,87,-0.8486,0.2561,0.8447,-14.4580,-34.7634,0.7023
302751.8814,831032,87,-0.8340,0.2261,0.8608,-13.8321,-34.9008,-3.0687
302751.8814,831042,87,-0.8086,0.2043,0.8806,-12.7023,-33.9389,-4.8702
302752.0010,831052,88,-0.8123,0.1777,0.8735,-10.7786,-29.9542,-6.6412
302752.0010,831062,88,-0.8274,0.1562,0.8611,-8.9160,-27.0840,-8.1832
302752.0010,831072,88,-0.8191,0.1287,0.8582,-8.0305,-27.2061,-8.7939
302752.0010,831082,88,-0.8020,0.0986,0.8809,-6.3969,-26.7328,-8.8244
302752.0010,831092,88,-0.8032,0.0918,0.8967,-3.2672,-24.1832,-8.3359
302752.0010,831102,88,-0.8074,0.0950,0.8979,-1.4809,-22.1985,-7.8931
302752.0010,831112,88,-0.8022,0.0840,0.9111,-1.1756,-20.7634,-7.8931
302752.0010,831122,88,-0.7622,0.0620,0.9390,-1.6031,-19.1908,-7.4962
302752.0010,831132,88,-0.7522,0.0464,0.9485,-0.6718,-14.6870,-6.8092
302752.0010,831142,88,-0.7759,0.0491,0.9192,-0.0611,-9.3435,-5.9847
302752.0610,831152,89,-0.7905,0.0532,0.8870,-0.6412,-6.9160,-5.1756
302752.0610,831162,89,-0.7791,0.0613,0.8750,-0.8244,-7.2214,-5.2519
302752.0610,831172,89,-0.7402,0.0596,0.9111,-1.8626,-7.3740,-6.0458
302752.0610,831182,89,-0.7080,0.0562,0.9170,-2.7786,-3.8168,-7.0992
302752.0610,831192,89,-0.7183,0.0425,0.8760,-4.0458,2.1527,-8.1679
302752.0610,831202,89,-0.7432,0.0271,0.8271,-5.4504,5.3893,-8.9618
302752.0610,831212,89,-0.7295,0.0195,0.7900,-6.0916,4.0763,-9.6641
302752.0610,831222,89,-0.7134,-0.0093,0.7646,-7.2672,3.0534,-10.0611
302752.0610,831232,89,-0.6899,-0.0444,0.7524,-6.6107,1.2061,-10.3206
302752.0610,831242,89,-0.6689,-0.0510,0.7397,-4.4580,0.3817,-9.3130
302752.1797,831252,90,-0.6521,-0.0569,0.7339,-3.4809,-0.2748,-6.9466
302752.1797,831262,90,-0.6152,-0.0481,0.7417,-1.4198,0.2748,-4.0611
302752.1797,831272,90,-0.6304,-0.0154,0.7217,1.7252,4.4580,-2.0458
302752.1797,831282,90,-0.6680,0.0134,0.6753,1.7557,6.9313,-1.5878
302752.1797,831292,90,-0.6743,-0.0020,0.6433,-0.3969,4.3511,-2.1374
302752.1797,831302,90,-0.6709,-0.0225,0.6333,-1.3893,1.1450,-2.5496
302752.1797,831312,90,-0.6604,-0.0347,0.6382,-0.5191,-2.2595,-1.7252
302752.1797,831322,90,-0.6655,-0.0315,0.6589,1.2214,-5.0076,-0.2748
302752.1797,831332,90,-0.6521,-0.0090,0.7026,3.0382,-6.8397,1.8626
302752.1797,831342,90,-0.6538,0.0190,0.7412,4.1527,-6.1985,3.5115
302752.3011,831352,91,-0.6760,0.0540,0.7563,4.9466,-4.1679,3.7405
302752.3011,831362,91,-0.6929,0.0754,0.7622,4.0763,-2.8702,3.0382
302752.3011,831372,91,-0.6934,0.0857,0.7729,2.2901,-2.8244,1.2519
302752.3011,831382,91,-0.6858,0.0737,0.7800,0.8550,-2.0000,-1.0687
302752.3011,831392,91,-0.7024,0.0618,0.7705,-0.0153,-0.7023,-3.2061
302752.3011,831402,91,-0.7053,0.0491,0.7644,-1.2977,-0.8244,-4.4122
302752.3011,831412,91,-0.7056,0.0325,0.7607,-2.0763,-1.8015,-5.2061
302752.3011,831422,91,-0.7034,0.0217,0.7549,-1.5878,-2.3359,-5.7557
302752.3011,831432,91,-0.7014,0.0129,0.7571,-1.0382,-2.6107,-5.8473
302752.3011,831442,91,-0.6921,-0.0034,0.7554,-0.9313,-2.4122,-5.1145
302752.3616,831452,92,-0.6953,-0.0002,0.7527,1.0992,-0.5802,-3.8931
302752.3616,831462,92,-0.7009,0.0112,0.7471,3.2672,0.8702,-3.1603
302752.3616,831472,92,-0.7151,0.0247,0.7339,4.0000,1.9237,-2.3053
302752.3616,831482,92,-0.7126,0.0356,0.7329,3.2672,1.7099,-1.8931
302752.3616,831492,92,-0.7083,0.0330,0.7332,2.2748,0.6260,-2.4733
302752.3616,831502,92,-0.6919,0.0273,0.7390,1.8015,-0.1985,-3.4962
302752.3616,831512,92,-0.6975,0.0122,0.7253,1.1298,0.3053,-4.4122
302752.3616,831522,92,-0.6973,-0.0156,0.7283,0.4275,0.0611,-4.5802
302752.3616,831532,92,-0.6763,-0.0264,0.7432,1.4504,-0.0611,-3.9542
302752.3616,831542,92,-0.6865,-0.0239,0.7393,3.0687,1.4656,-3.3588
302752.4801,831552,93,-0.7019,-0.0225,0.7229,2.8702,2.0153,-2.1679
302752.4801,831562,93,-0.6809,-0.0183,0.7361,2.4885,0.2901,-1.2061
302752.4801,831572,93,-0.6543,-0.0183,0.7563,2.5802,0.7939,-0.6870
302752.4801,831582,93,-0.6707,-0.0127,0.7322,2.5191,4.7481,-0.2137
302752.4801,831592,93,-0.7104,-0.0161,0.6929,1.5267,6.5496,0.3664
302752.4801,831602,93,-0.7197,-0.0007,0.6824,1.6031,4.1069,1.0840
302752.4801,831612,93,-0.6970,0.0193,0.7043,2.2443,0.5038,1.4962
302752.4801,831622,93,-0.6870,0.0334,0.7231,2.8092,0.0153,0.8244
302752.4801,831632,93,-0.7019,0.0461,0.7095,2.3053,1.6489,-0.4733
302752.4801,831642,93,-0.7070,0.0410,0.6985,0.4427,1.5115,-1.7405
302752.6011,831652,94,-0.6934,0.0315,0.7004,-0.2290,0.3817,-3.2977
302752.6011,831662,94,-0.6877,0.0093,0.7051,-0.6107,0.5038,-4.5191
302752.6011,831672,94,-0.6873,-0.0029,0.6985,-0.9618,0.7939,-4.8855
302752.6011,831682,94,-0.6829,-0.0173,0.7073,-1.4962,0.2595,-4.4580
302752.6011,831692,94,-0.6736,-0.0247,0.7122,-0.6870,0.0305,-3.5115
302752.6011,831702,94,-0.6804,-0.0186,0.7080,0.8550,0.6718,-3.0687
302752.6011,831712,94,-0.6909,-0.0105,0.6985,1.0229,1.0382,-2.5191
302752.6011,831722,94,-0.6963,-0.0098,0.6873,0.5191,0.6565,-2.1374
302752.6011,831732,94,-0.6941,-0.0144,0.6882,0.6870,-0.2901,-1.9237
302752.6011,831742,94,-0.6960,-0.0093,0.6953,1.1450,-0.7328,-1.6183
302752.6611,831752,95,-0.6873,-0.0015,0.7026,0.7023,-1.2977,-1.0840
302752.6611,831762,95,-0.6753,-0.0002,0.7180,0.8855,-0.9771,-0.9160
302752.6611,831772,95,-0.6973,0.0059,0.7056,1.5115,1.2366,-1.4046
302752.6611,831782,95,-0.7117,0.0007,0.6819,0.0305,1.3588,-1.4046
302752.6611,831792,95,-0.7024,-0.0115,0.6914,-0.9924,-0.5649,-1.4198
302752.6611,831802,95,-0.6880,-0.0178,0.7046,-0.4733,-1.2061,-1.3893
302752.6611,831812,95,-0.6963,-0.0188,0.7073,0.1221,-0.5496,-1.0382
302752.6611,831822,95,-0.6997,-0.0125,0.7144,0.0153,-0.9466,-0.2290
302752.6611,831832,95,-0.6926,-0.0063,0.7158,-0.1221,-1.6641,0.1069
302752.6611,831842,95,-0.6863,0.0005,0.7292,-0.1527,-2.1832,-0.2137
302752.7817,831852,96,-0.6782,0.0125,0.7358,-1.1450,-2.3359,-0.2748
302752.7817,831862,96,-0.6653,0.0232,0.7451,-2.1985,-1.4809,-0.3817
302752.7817,831872,96,-0.6602,0.0286,0.7405,-2.7634,0.2901,-1.0840
302752.7817,831882,96,-0.6729,0.0461,0.7139,-3.4351,2.3053,-1.9237
302752.7817,831892,96,-0.6858,0.0442,0.6934,-5.4198,2.5954,-3.0840
302752.7817,831902,96,-0.6816,0.0254,0.6750,-6.8397,1.1145,-4.3053
302752.7817,831912,96,-0.6826,0.0112,0.6680,-6.4733,-0.0153,-4.9008
302752.7817,831922,96,-0.6829,0.0017,0.6545,-6.0153,-0.9160,-4.6260
302752.7817,831932,96,-0.6926,-0.0071,0.6516,-4.6718,-2.0000,-3.8931
302752.7817,831942,96,-0.6960,-0.0039,0.6741,-2.6718,-3.4809,-3.0229
302752.9012,831952,97,-0.6821,0.0022,0.7026,-1.3893,-4.8550,-2.1527
302752.9012,831962,97,-0.6846,0.0149,0.7212,-0.2290,-4.9924,-1.6489
302752.9012,831972,97,-0.6902,0.0164,0.7356,-0.1221,-4.4885,-1.2977
302752.9012,831982,97,-0.6987,0.0137,0.7405,-0.2595,-3.2672,-1.0076
302752.9012,831992,97,-0.7190,0.0188,0.7393,0.3053,-2.7176,-0.9924
302752.9012,832002,97,-0.7188,0.0215,0.7354,0.1527,-3.8473,-1.2061
302752.9012,832012,97,-0.7012,0.0225,0.7529,-0.3359,-4.7786,-1.6489
302752.9012,832022,97,-0.7031,0.0134,0.7590,-0.8550,-3.9389,-2.1527
302752.9012,832032,97,-0.7129,0.0090,0.7495,-0.9924,-2.7023,-2.3817
302752.9012,832042,97,-0.7122,0.0061,0.7476,-0.4885,-2.9008,-2.8550
302752.9614,832052,98,-0.6992,-0.0044,0.7583,-0.2748,-2.9008,-3.2214
302752.9614,832062,98,-0.7024,-0.0024,0.7654,-0.0611,-2.1374,-2.9313
302752.9614,832072,98,-0.7087,0.0088,0.7600,-0.0305,-1.2977,-2.8092
302752.9614,832082,98,-0.6924,0.0127,0.7805,-0.6107,-0.8855,-3.2824
302752.9614,832092,98,-0.6794,0.0054,0.7795,-1.3893,1.7863,-3.8015
302752.9614,832102,98,-0.7034,-0.0112,0.7473,-2.0153,5.0840,-4.2901
302752.9614,832112,98,-0.7122,-0.0220,0.7166,-2.6565,4.7786,-3.8168
302752.9614,832122,98,-0.7021,-0.0212,0.7112,-2.2901,2.7328,-2.9771
302752.9614,832132,98,-0.6875,-0.0220,0.7139,-1.2672,1.1603,-2.7023
302752.9614,832142,98,-0.6948,-0.0161,0.7029,-0.6870,0.7786,-2.2748
302753.0816,832152,99,-0.6924,-0.0171,0.6992,-0.9924,-0.1679,-1.5725
302753.0816,832162,99,-0.6846,-0.0217,0.7021,-0.8855,-1.0840,-1.1756
302753.0816,832172,99,-0.6880,-0.0183,0.7112,0.0611,-1.0534,-0.5802
302753.0816,832182,99,-0.6807,-0.0042,0.7192,1.3130,-0.8092,0.0611
302753.0816,832192,99,-0.6833,0.0098,0.7288,2.2595,0.2595,-0.2901
302753.0816,832202,99,-0.6877,0.0176,0.7241,1.6031,1.6336,-0.7634
302753.0816,832212,99,-0.6902,0.0088,0.7151,-0.3817,2.0763,-1.0687
302753.0816,832222,99,-0.6892,-0.0005,0.7095,-1.3282,1.5725,-1.6794
302753.0816,832232,99,-0.6870,-0.0127,0.7034,-1.8931,0.2595,-1.9389
302753.0816,832242,99,-0.6794,-0.0239,0.6990,-1.6641,-0.5954,-1.4962
302753.2001,832252,100,-0.6792,-0.0212,0.7009,-0.7786,-0.8550,-0.3969
302753.2001,832262,100,-0.6821,-0.0125,0.7029,0.9160,-1.2366,0.2290
302753.2001,832272,100,-0.6687,-0.0063,0.7114,2.0458,-1.4351,0.8244
302753.2001,832282,100,-0.6738,0.0100,0.7131,3.2214,-0.3053,1.0382
302753.2001,832292,100,-0.6936,0.0156,0.6965,2.7786,0.9924,0.8397
302753.2001,832302,100,-0.7019,0.0225,0.6917,2.1221,-0.4275,0.6107
302753.2001,832312,100,-0.6924,0.0320,0.7046,1.5420,-2.4122,-0.0763
302753.2001,832322,100,-0.6819,0.0232,0.7126,0.3969,-3.2366,-1.1756
302753.2001,832332,100,-0.6929,0.0159,0.7146,-0.1221,-3.2061,-2.4427
302753.2001,832342,100,-0.6924,0.0093,0.7185,-0.7634,-3.7710,-3.0229
302753.2605,832352,101,-0.6807,-0.0020,0.7393,-0.9008,-4.1527,-2.8397
302753.2605,832362,101,-0.6848,-0.0020,0.7444,0.1069,-2.8550,-3.2824
302753.2605,832372,101,-0.6936,-0.0093,0.7351,-0.0458,-1.4962,-3.6031
302753.2605,832382,101,-0.7026,-0.0149,0.7217,-0.5649,-1.3130,-3.0534
302753.2605,832392,101,-0.6975,-0.0195,0.7229,-0.6565,-1.9847,-2.5191
302753.2605,832402,101,-0.6956,-0.0244,0.7246,0.0153,-2.0916,-1.9695
302753.2605,832412,101,-0.7048,-0.0208,0.7241,1.1908,-1.4504,-1.2366
302753.2605,832422,101,-0.7161,-0.0076,0.7197,1.9389,-1.2366,-0.4275
302753.2605,832432,101,-0.7190,0.0095,0.7290,2.1374,-1.8015,0.1069
302753.2605,832442,101,-0.7146,0.0183,0.7349,1.8015,-2.2290,-0.4122
302753.3811,832452,102,-0.7166,0.0166,0.7358,0.5496,-1.9237,-1.3740
302753.3811,832462,102,-0.7229,0.0085,0.7317,-0.4275,-1.6947,-2.2748
302753.3811,832472,102,-0.7144,-0.0156,0.7212,-0.9618,-2.2443,-3.1298
302753.3811,832482,102,-0.7122,-0.0464,0.7207,-0.7939,-2.4275,-2.8244
302753.3811,832492,102,-0.7236,-0.0598,0.7158,0.7786,-2.1069,-1.6336
302753.3811,832502,102,-0.7212,-0.0757,0.7163,2.1832,-2.7023,0.0458
302753.3811,832512,102,-0.7244,-0.0759,0.7244,4.6412,-2.8397,1.8015
302753.3811,832522,102,-0.7341,-0.0784,0.7358,6.1374,-2.5344,4.2137
302753.3811,832532,102,-0.7429,-0.0571,0.7546,8.0153,-2.4275,7.0534
302753.3811,832542,102,-0.7551,-0.0256,0.7773,9.5725,-2.0611,8.4275
302753.5003,832552,103,-0.7612,0.0012,0.8049,9.0382,-1.5725,8.9008
302753.5003,832562,103,-0.7729,0.0178,0.8210,7.0534,-0.3817,8.5802
302753.5003,832572,103,-0.7725,0.0300,0.8408,4.8244,1.2672,6.4733
302753.5003,832582,103,-0.7705,0.0156,0.8433,2.4580,3.4198,3.8168
302753.5003,832592,103,-0.7993,-0.0098,0.8423,0.3359,6.7939,1.8168
302753.5003,832602,103,-0.8013,-0.0220,0.8386,-0.1069,8.0763,0.5038
302753.5003,832612,103,-0.7998,-0.0315,0.8428,0.0458,9.4656,-0.7328
302753.5003,832622,103,-0.8042,-0.0364,0.8379,-1.0687,11.9389,-1.4656
302753.5003,832632,103,-0.8105,-0.0520,0.8250,-3.6031,13.6641,-2.0153
302753.5003,832642,103,-0.8145,-0.0688,0.8052,-6.0153,15.4046,-3.3435
302753.5610,832652,104,-0.8240,-0.0889,0.7888,-8.4122,16.9313,-5.0229
302753.5610,832662,104,-0.8179,-0.1213,0.7917,-11.8015,16.9160,-6.3206
302753.5610,832672,104,-0.7920,-0.1597,0.8110,-15.1450,16.8397,-7.3588
302753.5610,832682,104,-0.7703,-0.2095,0.8135,-18.4275,17.9542,-7.7863
302753.5610,832692,104,-0.7473,-0.2563,0.8047,-21.3130,19.6489,-7.0229
302753.5610,832702,104,-0.7131,-0.3074,0.7878,-23.1908,21.4809,-5.4046
302753.5610,832712,104,-0.6816,-0.3467,0.7522,-24.0153,24.2443,-2.9160
302753.5610,832722,104,-0.6584,-0.3687,0.7097,-25.2366,25.8473,0.7176
302753.5610,832732,104,-0.6067,-0.3916,0.6775,-27.6183,25.4351,5.4962
302753.5610,832742,104,-0.5657,-0.4016,0.6365,-29.2672,25.8168,9.9389
302753.6815,832752,105,-0.5359,-0.4004,0.5811,-31.9084,26.3817,13.4809
302753.6815,832762,105,-0.5061,-0.4038,0.5266,-36.0916,24.8702,16.7786
302753.6815,832772,105,-0.4934,-0.3894,0.4922,-39.2366,22.9618,21.5878
302753.6815,832782,105,-0.4795,-0.3347,0.4399,-39.9695,21.2061,26.2290
302753.6815,832792,105,-0.4773,-0.3015,0.3855,-41.7405,19.2061,28.0763
302753.6815,832802,105,-0.4768,-0.2952,0.3230,-44.2137,15.3588,28.5038
302753.6815,832812,105,-0.4648,-0.2971,0.2786,-47.1145,8.3053,29.0840
302753.6815,832822,105,-0.4380,-0.3149,0.2532,-50.8397,-0.6870,30.5954
302753.6815,832832,105,-0.4236,-0.3569,0.2493,-53.1908,-9.2061,33.7405
302753.6815,832842,105,-0.3928,-0.3259,0.2437,-50.9771,-17.6641,38.9924
302753.8009,832852,106,-0.3953,-0.3245,0.3069,-50.3664,-24.3359,46.8397
302753.8009,832862,106,-0.3706,-0.2087,0.3816,-41.9542,-30.9008,54.5496
302753.8009,832872,106,-0.3689,-0.0764,0.4470,-35.6794,-31.6947,57.2672
302753.8009,832882,106,-0.3555,0.0125,0.4688,-38.7634,-32.7634,57.2061
302753.8009,832892,106,-0.3569,0.0547,0.4749,-43.1603,-32.3817,54.2748
302753.8009,832902,106,-0.3542,0.0791,0.4512,-47.0992,-33.4809,48.6718
302753.8009,832912,106,-0.3406,0.0715,0.4077,-52.7939,-37.0840,43.8473
302753.8009,832922,106,-0.3379,0.0591,0.3752,-57.1908,-41.8473,40.5344
302753.8009,832932,106,-0.3445,0.0481,0.3401,-58.6718,-47.0992,39.0687
302753.8009,832942,106,-0.3381,0.0649,0.3330,-57.0687,-54.7481,39.0229
302753.8610,832952,107,-0.3196,0.1111,0.3560,-54.0763,-63.1908,39.7252
302753.8610,832962,107,-0.2961,0.1775,0.4058,-49.4504,-70.9008,39.7557
302753.8610,832972,107,-0.2739,0.2612,0.4507,-46.2748,-77.0382,36.7481
302753.8610,832982,107,-0.2537,0.2959,0.4756,-48.9313,-81.7863,31.1756
302753.8610,832992,107,-0.2483,0.2568,0.4553,-55.4351,-83.6794,23.6641
302753.8610,833002,107,-0.2913,0.1404,0.3975,-61.4962,-84.8550,17.4351
302753.8610,833012,107,-0.3250,0.0332,0.3738,-60.0153,-92.6107,16.2443
302753.8610,833022,107,-0.2964,-0.0171,0.4326,-50.0763,-106.5191,20.1374
302753.8610,833032,107,-0.2529,0.0352,0.5791,-36.1679,-119.7557,27.5878
302753.8610,833042,107,-0.2190,0.1846,0.7522,-22.8855,-125.6489,37.0229
302753.9816,833052,108,-0.2136,0.3469,0.8926,-15.1450,-126.4427,40.0458
302753.9816,833062,108,-0.2390,0.4287,0.9531,-14.7023,-121.6031,35.7252
302753.9816,833072,108,-0.3105,0.4556,0.9631,-17.6031,-114.5802,27.4351
302753.9816,833082,108,-0.3252,0.4646,0.9712,-20.5344,-114.7939,18.4885
302753.9816,833092,108,-0.3018,0.4214,0.9971,-25.2366,-118.7939,9.4351
302753.9816,833102,108,-0.2949,0.3857,1.0381,-28.7786,-120.9160,3.0229
302753.9816,833112,108,-0.3098,0.3691,1.0603,-28.6412,-121.4046,-0.2290
302753.9816,833122,108,-0.2832,0.3813,1.1304,-23.7405,-122.4275,-4.0000
302753.9816,833132,108,-0.2864,0.4128,1.1875,-17.8321,-119.3893,-7.3740
302753.9816,833142,108,-0.3057,0.4819,1.2168,-13.5420,-113.7710,-10.9771
302754.1008,833152,109,-0.3018,0.5117,1.2397,-13.1603,-109.7863,-16.9771
302754.1008,833162,109,-0.2998,0.4924,1.2581,-13.7557,-105.7863,-25.0229
302754.1008,833172,109,-0.3684,0.4814,1.2468,-13.3282,-99.2061,-32.9618
302754.1008,833182,109,-0.3926,0.4812,1.2476,-12.9160,-99.0687,-39.9237
302754.1008,833192,109,-0.3726,0.4646,1.3193,-12.2595,-104.2137,-47.5573
302754.1008,833202,109,-0.2898,0.4441,1.3940,-10.9008,-108.3969,-56.0458
302754.1008,833212,109,-0.2405,0.3811,1.4438,-12.1527,-103.4656,-63.3282
302754.1008,833222,109,-0.2039,0.3030,1.4541,-12.2901,-95.9389,-68.0305
302754.1008,833232,109,-0.1736,0.2490,1.4604,-8.4275,-88.2748,-69.9389
302754.1008,833242,109,-0.1809,0.2578,1.4248,-2.3969,-79.4809,-70.4275
302754.1611,833252,110,-0.2192,0.2805,1.3635,1.5420,-71.7710,-71.4962
302754.1611,833262,110,-0.2292,0.2854,1.3142,3.3893,-68.6718,-74.5344
302754.1611,833272,110,-0.2324,0.2761,1.2878,4.4275,-69.3130,-79.2214
302754.1611,833282,110,-0.2251,0.2415,1.2927,4.5802,-70.9618,-84.3969
302754.1611,833292,110,-0.2146,0.1936,1.3123,5.5878,-72.1069,-89.2519
302754.1611,833302,110,-0.2168,0.1335,1.3464,7.4198,-71.6641,-92.5191
302754.1611,833312,110,-0.1973,0.0854,1.4072,11.4198,-71.1450,-93.6031
302754.1611,833322,110,-0.1545,0.0762,1.4983,17.6794,-68.1832,-93.8168
302754.1611,833332,110,-0.1191,0.0466,1.5220,21.5115,-60.3359,-93.6947
302754.1611,833342,110,-0.1440,0.0027,1.4880,24.0000,-48.9924,-93.6489
302754.2802,833352,111,-0.1807,-0.0535,1.4214,26.3969,-42.1679,-92.2443
302754.2802,833362,111,-0.2117,-0.1257,1.3723,30.0000,-39.1298,-89.2672
302754.2802,833372,111,-0.2346,-0.1697,1.3586,36.8550,-38.4427,-83.7557
302754.2802,833382,111,-0.2581,-0.1680,1.3757,46.7481,-39.2061,-75.5725
302754.2802,833392,111,-0.2700,-0.1077,1.4390,57.7252,-40.3206,-67.8168
302754.2802,833402,111,-0.2747,-0.0161,1.5315,65.8321,-40.7786,-62.1374
302754.2802,833412,111,-0.2544,0.0674,1.6208,69.0076,-38.7481,-59.7252
302754.2802,833422,111,-0.2415,0.1284,1.7107,67.9542,-33.0382,-61.1756
302754.2802,833432,111,-0.2312,0.1594,1.7434,63.7099,-23.6031,-65.5725
302754.2802,833442,111,-0.2402,0.1658,1.7434,57.6489,-11.7710,-72.2748
302754.4012,833452,112,-0.2588,0.1436,1.7112,50.7328,-1.2977,-79.9542
302754.4012,833462,112,-0.2559,0.0867,1.6687,43.2824,6.1221,-86.7328
302754.4012,833472,112,-0.2546,-0.0049,1.6201,38.0763,12.7786,-92.1679
302754.4012,833482,112,-0.2527,-0.0759,1.5852,37.8168,18.3664,-94.2901
302754.4012,833492,112,-0.2632,-0.0999,1.5737,40.6870,22.7328,-92.8397
302754.4012,833502,112,-0.2515,-0.0735,1.5859,44.0305,25.5115,-89.4962
302754.4012,833512,112,-0.2461,-0.0095,1.6121,46.1221,29.5115,-87.8015
302754.4012,833522,112,-0.2385,0.0522,1.6365,43.6031,34.9160,-88.7634
302754.4012,833532,112,-0.2156,0.0681,1.6355,37.0687,41.5420,-92.1832
302754.4012,833542,112,-0.2017,0.0430,1.6187,30.3206,49.8626,-97.7252
302754.4605,833552,113,-0.1982,-0.0095,1.5854,23.6031,58.2901,-103.0382
302754.4605,833562,113,-0.1919,-0.0654,1.5388,18.2901,64.4885,-106.5038
302754.4605,833572,113,-0.1892,-0.1260,1.5149,14.4885,68.4885,-108.3053
302754.4605,833582,113,-0.1694,-0.1768,1.4939,11.8626,71.9084,-107.5878
302754.4605,833592,113,-0.1497,-0.2231,1.4651,10.0763,76.3664,-105.2061
302754.4605,833602,113,-0.1672,-0.2607,1.4255,9.6183,82.3817,-102.2901
302754.4605,833612,113,-0.1848,-0.2883,1.3669,9.4656,87.0229,-98.0458
302754.4605,833622,113,-0.2256,-0.3105,1.3181,9.8168,89.9237,-93.1450
302754.4605,833632,113,-0.2544,-0.3140,1.2952,11.1298,89.7557,-88.1221
302754.4605,833642,113,-0.2639,-0.3315,1.3005,11.6794,87.5420,-83.4504
302754.5803,833652,114,-0.2446,-0.3391,1.3333,12.9008,86.4885,-78.3817
302754.5803,833662,114,-0.2104,-0.3420,1.3704,13.7252,88.7176,-73.9389
302754.5803,833672,114,-0.2100,-0.3462,1.3784,13.3740,96.1679,-70.2137
302754.5803,833682,114,-0.2400,-0.3374,1.3577,10.2748,104.7939,-66.7023
302754.5803,833692,114,-0.2385,-0.3367,1.3308,5.8931,109.3893,-62.9313
302754.5803,833702,114,-0.2397,-0.3318,1.3167,2.2595,112.6718,-61.2672
302754.5803,833712,114,-0.2310,-0.3303,1.2781,-1.7405,117.1603,-59.1603
302754.5803,833722,114,-0.2585,-0.3623,1.2202,-6.3969,122.3817,-57.5725
302754.5803,833732,114,-0.2698,-0.3816,1.1714,-8.8702,124.0000,-55.2824
302754.5803,833742,114,-0.2673,-0.3906,1.1396,-10.1069,124.0916,-51.9389
302754.7179,833752,115,-0.2590,-0.3992,1.1089,-12.1069,124.3206,-48.9466
302754.7179,833762,115,-0.2490,-0.4280,1.0522,-15.5878,125.1603,-46.7634
302754.7179,833772,115,-0.2559,-0.4817,0.9907,-19.6183,126.2748,-43.4351
302754.7179,833782,115,-0.2700,-0.5256,0.9404,-21.3893,125.7099,-38.5191
302754.7179,833792,115,-0.2488,-0.5496,0.9019,-21.4351,123.4198,-31.3893
302754.7179,833802,115,-0.2358,-0.5486,0.8831,-20.6870,122.3359,-23.6183
302754.7179,833812,115,-0.2478,-0.5374,0.8430,-20.7328,122.9466,-16.6412
302754.7179,833822,115,-0.2563,-0.5452,0.8030,-22.0153,122.1985,-11.1298
302754.7179,833832,115,-0.2654,-0.5483,0.7571,-23.1145,119.5115,-5.7863
302754.7179,833842,115,-0.2791,-0.5601,0.7253,-24.2137,115.1145,-1.0229
302754.7598,833852,116,-0.2812,-0.5806,0.6973,-24.4885,111.3130,4.2595
302754.7598,833862,116,-0.2854,-0.5808,0.6794,-23.9389,108.7786,10.8397
302754.7598,833872,116,-0.2952,-0.5723,0.6501,-23.9389,107.1145,18.4885
302754.7598,833882,116,-0.3052,-0.5669,0.6182,-23.8321,104.6870,26.1527
302754.7598,833892,116,-0.3193,-0.5554,0.5793,-23.3893,102.4275,32.8397
302754.7598,833902,116,-0.3301,-0.5415,0.5354,-23.4504,99.3435,39.1908
302754.7598,833912,116,-0.3223,-0.5427,0.5081,-24.3206,95.0534,45.6794
302754.7598,833922,116,-0.3235,-0.5183,0.4958,-23.3130,92.1069,52.0305
302754.7598,833932,116,-0.3452,-0.4756,0.4878,-22.6565,88.8397,57.5115
302754.7598,833942,116,-0.3699,-0.4365,0.4639,-23.7557,85.2366,62.5802
302754.8799,833952,117,-0.3811,-0.4070,0.4495,-24.7634,80.7939,65.5725
302754.8799,833962,117,-0.3936,-0.3521,0.4712,-25.6336,75.8779,68.9618
302754.8799,833972,117,-0.3762,-0.2957,0.4729,-27.4198,71.0687,71.3893
302754.8799,833982,117,-0.3691,-0.2610,0.4548,-30.7023,69.2977,70.6260
302754.8799,833992,117,-0.3765,-0.2361,0.4373,-35.3435,67.5267,69.0992
302754.8799,834002,117,-0.3755,-0.2258,0.4121,-41.1450,63.9389,68.2137
302754.8799,834012,117,-0.3625,-0.2190,0.3877,-45.7252,59.3588,66.9771
302754.8799,834022,117,-0.3313,-0.2002,0.3733,-49.0840,55.1756,65.3130
302754.8799,834032,117,-0.2947,-0.2080,0.3406,-53.5573,53.5420,63.8626
302754.8799,834042,117,-0.3052,-0.2161,0.2900,-58.4733,53.6183,63.5267
302755.0005,834052,118,-0.3130,-0.2139,0.2498,-62.7481,49.7405,64.3817
302755.0005,834062,118,-0.2939,-0.2192,0.2300,-65.7405,42.1985,65.8626
302755.0005,834072,118,-0.2852,-0.1990,0.2310,-66.1985,34.9771,67.7710
302755.0005,834082,118,-0.2869,-0.1541,0.2273,-67.6031,28.5496,70.1221
302755.0005,834092,118,-0.2981,-0.1323,0.2104,-69.9695,24.4885,71.7405
302755.0005,834102,118,-0.3076,-0.0979,0.1812,-70.3511,20.3359,72.4122
302755.0005,834112,118,-0.3010,-0.0671,0.1741,-71.2214,12.7939,72.3053
302755.0005,834122,118,-0.2773,-0.0483,0.1797,-72.5954,4.8550,71.9542
302755.0005,834132,118,-0.2480,-0.0198,0.1985,-73.0840,-1.3740,71.6183
302755.0005,834142,118,-0.2551,0.0242,0.2021,-74.0458,-6.5038,71.2977
302755.0610,834152,119,-0.2710,0.0652,0.2156,-77.0382,-12.2748,70.6412
302755.0610,834162,119,-0.2881,0.1074,0.2278,-80.0305,-17.7405,68.5802
302755.0610,834172,119,-0.2896,0.1194,0.2422,-83.1603,-24.7786,64.8855
302755.0610,834182,119,-0.3115,0.0835,0.2393,-87.2519,-30.7328,60.7634
302755.0610,834192,119,-0.3291,0.0278,0.2354,-88.4885,-36.1832,59.2519
302755.0610,834202,119,-0.3157,-0.0063,0.2498,-84.6718,-44.1679,60.8397
302755.0610,834212,119,-0.3201,0.0029,0.2729,-77.9847,-50.7634,64.8702
302755.0610,834222,119,-0.3086,0.0571,0.3276,-70.7176,-58.0305,70.1985
302755.0610,834232,119,-0.2778,0.1360,0.3982,-65.2824,-66.0000,74.2595
302755.0610,834242,119,-0.2878,0.2437,0.4941,-62.5038,-71.2366,75.8626
302755.1817,834252,120,-0.2778,0.3699,0.5796,-62.1527,-75.3588,75.4198
302755.1817,834262,120,-0.2812,0.4395,0.6199,-66.6718,-76.8702,69.6641
302755.1817,834272,120,-0.3372,0.4431,0.6060,-75.2672,-72.6718,58.2901
302755.1817,834282,120,-0.3738,0.3411,0.5322,-84.1374,-71.8168,44.2748
302755.1817,834292,120,-0.3928,0.1462,0.4614,-90.6260,-75.5267,33.4351
302755.1817,834302,120,-0.3647,-0.0244,0.4519,-89.5878,-84.0916,31.8015
302755.1817,834312,120,-0.3279,-0.1147,0.5227,-79.4809,-96.0458,39.5573
302755.1817,834322,120,-0.3027,-0.0327,0.6411,-61.4962,-106.4580,55.0840
302755.1817,834332,120,-0.2693,0.1777,0.7939,-43.6031,-112.3359,70.0916
302755.1817,834342,120,-0.2861,0.4060,0.9114,-31.8473,-110.5954,75.7863
302755.3007,834352,121,-0.3245,0.5481,0.9287,-30.6870,-106.2137,70.5649
302755.3007,834362,121,-0.3987,0.6487,0.8984,-37.6489,-101.2824,55.8015
302755.3007,834372,121,-0.4402,0.5769,0.8396,-56.9466,-98.7481,41.3740
302755.3007,834382,121,-0.4678,0.4270,0.8325,-71.2214,-100.8855,28.9924
302755.3007,834392,121,-0.4216,0.3638,0.8894,-67.8626,-110.8702,23.9542
302755.3007,834402,121,-0.3979,0.4016,0.9644,-57.9084,-114.7328,23.6947
302755.3007,834412,121,-0.4038,0.4871,1.0466,-49.7710,-114.0305,23.1908
302755.3007,834422,121,-0.3818,0.5583,1.1304,-44.7176,-113.4656,20.3053
302755.3007,834432,121,-0.3762,0.6208,1.1646,-43.2061,-112.1679,14.2595
302755.3007,834442,121,-0.3855,0.6497,1.1372,-45.7252,-107.3282,3.4504
302755.3605,834452,122,-0.4031,0.5789,1.0647,-53.0687,-102.6870,-12.6565
302755.3605,834462,122,-0.4773,0.3735,0.9932,-64.9160,-98.6870,-27.1450
302755.3605,834472,122,-0.4910,0.2034,0.9910,-66.1374,-103.9389,-30.5496
302755.3605,834482,122,-0.3992,0.1770,1.0996,-50.3359,-116.8855,-23.9389
302755.3605,834492,122,-0.2891,0.2883,1.2627,-30.4275,-121.4046,-16.5649
302755.3605,834502,122,-0.2686,0.4419,1.3479,-18.6260,-113.8931,-15.1298
302755.3605,834512,122,-0.2883,0.5002,1.3218,-20.5954,-103.5420,-20.9618
302755.3605,834522,122,-0.2971,0.4761,1.2815,-27.5420,-96.8397,-31.8779
302755.3605,834532,122,-0.2720,0.4163,1.2600,-33.2214,-94.2595,-44.2443
302755.3605,834542,122,-0.2461,0.2935,1.1951,-37.9084,-92.2290,-54.2443
302755.4823,834552,123,-0.2876,0.1108,1.1038,-41.1450,-86.2290,-61.7863
302755.4823,834562,123,-0.3279,-0.0444,1.0530,-36.9008,-85.6031,-61.7710
302755.4823,834572,123,-0.2959,-0.0962,1.1086,-21.3130,-92.7786,-51.4046
302755.4823,834582,123,-0.2029,-0.0154,1.2290,-0.6260,-98.5496,-37.1145
302755.4823,834592,123,-0.1377,0.1084,1.3203,15.0687,-95.5878,-29.2061
302755.4823,834602,123,-0.1306,0.1768,1.3328,19.4656,-85.6641,-26.3969
302755.4823,834612,123,-0.1760,0.2275,1.3086,19.2519,-76.1985,-26.5649
302755.4823,834622,123,-0.2104,0.2437,1.2720,16.8702,-71.9542,-29.2366
302755.4823,834632,123,-0.2393,0.2366,1.2412,13.6794,-70.3664,-31.8931
302755.4823,834642,123,-0.2627,0.2439,1.2322,13.9389,-70.3053,-33.7252
302755.6009,834652,124,-0.2581,0.2776,1.2598,17.8931,-73.4656,-35.4351
302755.6009,834662,124,-0.2510,0.3408,1.3276,22.6718,-75.3893,-38.7328
302755.6009,834672,124,-0.2190,0.4006,1.3967,25.5420,-75.6641,-44.8397
302755.6009,834682,124,-0.1929,0.4221,1.4517,22.8244,-74.2137,-53.2824
302755.6009,834692,124,-0.1418,0.3948,1.4814,16.1221,-70.5802,-62.7481
302755.6009,834702,124,-0.1062,0.3242,1.4951,9.5573,-62.5649,-72.5954
302755.6009,834712,124,-0.1001,0.2607,1.4763,6.1985,-51.9237,-78.9924
302755.6009,834722,124,-0.1272,0.2251,1.4304,5.8168,-43.8931,-83.1298
302755.6009,834732,124,-0.1384,0.1875,1.3794,6.9924,-38.9008,-86.6870
302755.6009,834742,124,-0.1350,0.1543,1.3762,8.9771,-36.4885,-89.4656
302755.6606,834752,125,-0.1401,0.1282,1.3850,11.8626,-34.9008,-89.5725
302755.6606,834762,125,-0.1484,0.1357,1.4043,16.4580,-32.0763,-88.1069
302755.6606,834772,125,-0.1667,0.1667,1.4236,21.8321,-29.3435,-87.6183
302755.6606,834782,125,-0.1873,0.2061,1.4417,26.0916,-26.9160,-88.8244
302755.6606,834792,125,-0.2139,0.2244,1.4666,27.6947,-25.2824,-91.7405
302755.6606,834802,125,-0.2239,0.2441,1.5105,27.7252,-22.3664,-96.5649
302755.6606,834812,125,-0.1902,0.2141,1.5403,25.0992,-16.8397,-101.0076
302755.6606,834822,125,-0.2090,0.1785,1.5544,24.0000,-8.7481,-106.0763
302755.6606,834832,125,-0.1877,0.1370,1.5771,24.3664,-3.0992,-110.3206
302755.6606,834842,125,-0.2065,0.1196,1.5742,25.8473,4.1069,-113.8321
302755.7813,834852,126,-0.2173,0.0835,1.5657,26.3359,10.0153,-117.7405
302755.7813,834862,126,-0.1965,0.0327,1.5593,25.5115,12.7786,-121.5420
302755.7813,834872,126,-0.1792,-0.0471,1.5637,24.2290,15.5267,-123.8931
302755.7813,834882,126,-0.1702,-0.1113,1.5662,25.2366,19.1908,-123.9542
302755.7813,834892,126,-0.1624,-0.1465,1.5642,27.8779,24.0916,-121.7557
302755.7813,834902,126,-0.1812,-0.1729,1.5552,30.5191,31.4962,-117.7557
302755.7813,834912,126,-0.2246,-0.1526,1.5454,34.0153,37.8473,-114.6870
302755.7813,834922,126,-0.2302,-0.1345,1.5510,34.7939,41.5573,-112.3969
302755.7813,834932,126,-0.2170,-0.1174,1.5867,33.3893,44.9924,-111.2061
302755.7813,834942,126,-0.2095,-0.1106,1.6152,30.8702,49.9389,-110.6107
302755.9012,834952,127,-0.1995,-0.1255,1.6313,27.5573,56.7481,-111.2977
302755.9012,834962,127,-0.2021,-0.1445,1.6206,24.5038,64.3969,-113.3435
302755.9012,834972,127,-0.1934,-0.1985,1.5920,20.0000,70.9771,-114.2595
302755.9012,834982,127,-0.2019,-0.2542,1.5513,16.7481,77.3130,-113.9389
302755.9012,834992,127,-0.1912,-0.2991,1.5183,14.6412,81.9237,-112.2137
302755.9012,835002,127,-0.1638,-0.3425,1.4951,13.0687,86.7481,-108.6107
302755.9012,835012,127,-0.1733,-0.3672,1.4453,12.2595,94.7023,-103.4962
302755.9012,835022,127,-0.1992,-0.3911,1.3855,12.1985,101.5878,-97.7863
302755.9012,835032,127,-0.2378,-0.3831,1.3467,13.6031,105.2519,-92.3359
302755.9012,835042,127,-0.2502,-0.3643,1.3088,14.1679,107.2366,-86.3511
302755.9614,835052,128,-0.2661,-0.3572,1.2832,13.7252,108.5344,-81.9389
302755.9614,835062,128,-0.2737,-0.3599,1.2568,12.9008,110.2595,-79.1756
302755.9614,835072,128,-0.2761,-0.3921,1.2202,10.4580,111.3588,-76.7481
302755.9614,835082,128,-0.2773,-0.4397,1.1804,7.9389,112.2290,-74.1374
302755.9614,835092,128,-0.2747,-0.5264,1.1379,5.2824,113.6641,-71.7405
302755.9614,835102,128,-0.2756,-0.6177,1.0923,4.8244,114.5496,-67.1756
302755.9614,835112,128,-0.2766,-0.6760,1.0857,7.0076,114.1069,-57.6336
302755.9614,835122,128,-0.2661,-0.6628,1.1016,12.0305,112.1374,-45.0076
302755.9614,835132,128,-0.2788,-0.6067,1.1270,15.9695,111.6489,-34.2443
302755.9614,835142,128,-0.2844,-0.5361,1.1301,15.6641,112.1527,-26.0153
302756.0819,835152,129,-0.2871,-0.5134,1.1294,11.4046,113.2061,-21.4504
302756.0819,835162,129,-0.3167,-0.5139,1.0876,6.1374,116.6107,-18.0000
302756.0819,835172,129,-0.3486,-0.5359,1.0176,1.6183,118.3511,-15.1603
302756.0819,835182,129,-0.3723,-0.5549,0.9661,-0.9466,117.6794,-12.3359
302756.0819,835192,129,-0.3777,-0.5833,0.9182,-3.8168,116.1221,-7.5115
302756.0819,835202,129,-0.3513,-0.6184,0.9023,-5.7252,112.4427,-2.4885
302756.0819,835212,129,-0.3179,-0.6160,0.9133,-4.9313,111.0687,4.9466
302756.0819,835222,129,-0.2961,-0.5872,0.9219,-5.2214,112.0458,12.7328
302756.0819,835232,129,-0.2927,-0.5374,0.9028,-6.7328,114.8702,19.5573
302756.0819,835242,129,-0.3223,-0.4939,0.8726,-9.4809,117.3740,23.4504
302756.2001,835252,130,-0.3469,-0.4546,0.8286,-14.6870,118.0763,26.6565
302756.2001,835262,130,-0.3511,-0.4292,0.7798,-19.3435,116.9160,28.9924
302756.2001,835272,130,-0.3850,-0.4189,0.7224,-23.0382,115.8473,28.8550
302756.2001,835282,130,-0.4053,-0.4424,0.6450,-28.0000,114.5954,30.4122
302756.2001,835292,130,-0.4233,-0.4492,0.5994,-29.7405,110.7939,32.5191
302756.2001,835302,130,-0.4150,-0.4348,0.5837,-30.2595,104.3969,35.6641
302756.2001,835312,130,-0.3945,-0.4050,0.5801,-31.0076,99.2672,39.3282
302756.2001,835322,130,-0.3752,-0.3713,0.5952,-32.6565,95.1298,41.0687
302756.2001,835332,130,-0.3606,-0.3577,0.5801,-37.1298,92.6260,42.9924
302756.2001,835342,130,-0.3794,-0.3518,0.5459,-41.3893,92.1221,44.4122
302756.2609,835352,131,-0.3816,-0.3479,0.5076,-44.9466,89.3893,45.7252
302756.2609,835362,131,-0.3669,-0.3542,0.4692,-48.7786,84.9924,46.6718
302756.2609,835372,131,-0.3591,-0.3755,0.4119,-52.5496,81.1298,47.9237
302756.2609,835382,131,-0.3577,-0.4204,0.3438,-55.8626,77.2061,49.9084
302756.2609,835392,131,-0.3472,-0.4287,0.3247,-56.2748,70.2443,54.0611
302756.2609,835402,131,-0.3208,-0.4092,0.3220,-54.9924,62.1374,60.6565
302756.2609,835412,131,-0.3176,-0.3577,0.3367,-52.3664,57.4198,66.7481
302756.2609,835422,131,-0.3174,-0.2451,0.3645,-50.1374,53.9084,72.1527
302756.2609,835432,131,-0.3171,-0.1917,0.3267,-52.2137,51.1450,73.7710
302756.2609,835442,131,-0.4146,-0.2188,0.2480,-56.5954,53.8626,72.1832
302756.3821,835452,132,-0.4458,-0.2009,0.2166,-57.0840,47.8626,73.4198
302756.3821,835462,132,-0.3862,-0.1736,0.2666,-56.1832,33.4809,75.4504
302756.3821,835472,132,-0.3252,-0.1313,0.3323,-54.6565,24.0305,76.5191
302756.3821,835482,132,-0.3010,-0.0620,0.3826,-53.4504,22.3969,77.2519
302756.3821,835492,132,-0.2915,0.0044,0.3806,-56.1527,21.5573,75.4046
302756.3821,835502,132,-0.3057,-0.0090,0.3364,-65.4046,19.4046,70.1069
302756.3821,835512,132,-0.2966,-0.0784,0.2949,-75.0687,15.0840,65.8779
302756.3821,835522,132,-0.2498,-0.1294,0.2668,-80.0153,6.3511,64.6260
302756.3821,835532,132,-0.2185,-0.1638,0.2615,-82.8244,-1.0382,65.6794
302756.3821,835542,132,-0.1882,-0.1421,0.2869,-82.5649,-7.1145,70.9160
302756.4999,835552,133,-0.2087,-0.1240,0.2625,-80.7939,-8.9924,77.3740
302756.4999,835562,133,-0.2622,-0.0752,0.2412,-76.4122,-8.6260,81.9237
302756.4999,835572,133,-0.2605,0.0059,0.2485,-71.4656,-14.8397,86.4733
302756.4999,835582,133,-0.2346,0.0796,0.2598,-68.4275,-21.1908,88.2137
302756.4999,835592,133,-0.2195,0.1389,0.2610,-67.6031,-26.2595,85.7710
302756.4999,835602,133,-0.2156,0.1721,0.2458,-71.7710,-32.2901,82.1985
302756.4999,835612,133,-0.2124,0.1663,0.2471,-79.8321,-39.6641,78.9618
302756.4999,835622,133,-0.2209,0.1123,0.2322,-86.1069,-46.7481,76.7328
302756.4999,835632,133,-0.2297,0.0454,0.2268,-85.5115,-52.8855,75.9237
302756.4999,835642,133,-0.2603,0.0171,0.2358,-79.0382,-59.0534,79.1603
302756.6195,835652,134,-0.2319,0.0737,0.3120,-69.8321,-69.5725,86.0763
302756.6195,835662,134,-0.1995,0.1738,0.4087,-61.5573,-77.9237,92.9313
302756.6195,835672,134,-0.1987,0.3047,0.4885,-53.4351,-80.0000,95.1450
302756.6195,835682,134,-0.1973,0.4370,0.5493,-51.0992,-84.3817,90.4733
302756.6195,835692,134,-0.2119,0.5042,0.5647,-59.9389,-89.1450,82.7939
302756.6195,835702,134,-0.2578,0.4717,0.5352,-74.7176,-90.3969,72.5344
302756.6195,835712,134,-0.3235,0.3801,0.5278,-85.0076,-93.1908,60.6565
302756.6195,835722,134,-0.3467,0.2212,0.5188,-90.1374,-100.7786,54.5954
302756.6195,835732,134,-0.3518,0.1445,0.6052,-84.7939,-108.3053,57.1298
302756.6195,835742,134,-0.2917,0.2192,0.7463,-69.1450,-116.3969,64.9924
302756.6827,835752,135,-0.2671,0.3633,0.8730,-57.0992,-112.6412,72.2901
302756.6827,835762,135,-0.2971,0.5220,0.9260,-51.7252,-102.4427,74.4122
302756.6827,835772,135,-0.3416,0.6130,0.9500,-52.3206,-97.7405,66.3664
302756.6827,835782,135,-0.3689,0.6946,0.9612,-58.1679,-100.9008,54.0458
302756.6827,835792,135,-0.3606,0.7236,0.9829,-69.4351,-106.6565,38.7481
302756.6827,835802,135,-0.3811,0.6084,0.9409,-83.6031,-110.1985,19.1450
302756.6827,835812,135,-0.4373,0.4216,0.9155,-93.7710,-109.4962,3.6336
302756.6827,835822,135,-0.4265,0.2844,0.9355,-91.7252,-116.6718,-1.6489
302756.6827,835832,135,-0.3430,0.1936,1.0107,-78.8550,-128.6565,-0.3359
302756.6827,835842,135,-0.2456,0.2334,1.1282,-59.1450,-133.5725,4.3817
302756.8006,835852,136,-0.2139,0.3433,1.2295,-46.1832,-129.2977,10.0000
302756.8006,835862,136,-0.2148,0.4619,1.2656,-42.1985,-122.7634,12.9924
302756.8006,835872,136,-0.2415,0.5527,1.2583,-43.0229,-116.0153,8.7786
302756.8006,835882,136,-0.2715,0.5662,1.1936,-48.5038,-109.8168,-1.2366
302756.8006,835892,136,-0.3630,0.4617,1.0857,-55.6183,-102.2290,-13.7557
302756.8006,835902,136,-0.4314,0.3418,1.0293,-57.1298,-103.3893,-20.9008
302756.8006,835912,136,-0.3794,0.2991,1.0869,-49.4198,-115.8321,-19.0840
302756.8006,835922,136,-0.2822,0.3586,1.2197,-34.1221,-123.9237,-15.3130
302756.8006,835932,136,-0.2349,0.4858,1.3181,-20.0763,-121.8779,-14.2137
302756.8006,835942,136,-0.2229,0.5820,1.3606,-16.4427,-116.0916,-17.2366
302756.8607,835952,137,-0.1733,0.6213,1.4001,-20.8092,-112.5038,-23.2366
302756.8607,835962,137,-0.1355,0.6379,1.3716,-26.6260,-106.1985,-32.8702
302756.8607,835972,137,-0.1953,0.5820,1.2534,-34.3359,-94.6870,-48.3511
302756.8607,835982,137,-0.2844,0.4185,1.1453,-43.2977,-87.1756,-62.5344
302756.8607,835992,137,-0.3164,0.2568,1.1077,-42.6565,-92.0000,-67.3130
302756.8607,836002,137,-0.2664,0.1926,1.1995,-29.0992,-101.1908,-63.0534
302756.8607,836012,137,-0.1943,0.2798,1.3508,-8.9618,-106.0305,-56.4122
302756.8607,836022,137,-0.1582,0.4487,1.5261,7.4351,-95.0382,-54.8244
302756.8607,836032,137,-0.1570,0.4656,1.5491,5.9695,-86.5344,-59.0534
302756.8607,836042,137,-0.1543,0.4604,1.5305,3.8473,-79.0992,-66.2595
302756.9817,836052,138,-0.1636,0.4268,1.4766,0.2137,-71.7863,-73.9847
302756.9817,836062,138,-0.1760,0.3838,1.4360,-2.0305,-65.8015,-81.4656
302756.9817,836072,138,-0.1692,0.3376,1.3994,-2.1679,-63.8321,-87.8779
302756.9817,836082,138,-0.1919,0.2864,1.3975,-1.6031,-60.8397,-90.7634
302756.9817,836092,138,-0.1487,0.2820,1.4482,3.2977,-61.8015,-93.1298
302756.9817,836102,138,-0.0901,0.2800,1.5061,8.3053,-59.8473,-95.8168
302756.9817,836112,138,-0.0732,0.2866,1.5295,11.4962,-50.7328,-99.6489
302756.9817,836122,138,-0.0847,0.2776,1.5156,10.5649,-40.2901,-103.7099
302756.9817,836132,138,-0.0862,0.2271,1.4729,7.6794,-33.8321,-107.9847
302756.9817,836142,138,-0.0952,0.1697,1.4294,7.6489,-28.7481,-112.8855
302757.1001,836152,139,-0.1006,0.0906,1.3960,8.8092,-26.0458,-115.6183
302757.1001,836162,139,-0.1091,0.0193,1.4097,12.9618,-24.6412,-115.3588
302757.1001,836172,139,-0.0864,0.0125,1.4595,20.1679,-23.9084,-112.1069
302757.1001,836182,139,-0.0815,0.0447,1.5237,26.7786,-20.9924,-108.4122
302757.1001,836192,139,-0.0962,0.0872,1.5664,30.4733,-16.3664,-107.7252
302757.1001,836202,139,-0.1084,0.0999,1.6128,30.4733,-11.6641,-109.8473
302757.1001,836212,139,-0.1152,0.1101,1.6445,28.3511,-5.5420,-112.4580
302757.1001,836222,139,-0.0984,0.1057,1.6772,24.8702,1.9542,-116.1832
302757.1001,836232,139,-0.0869,0.0857,1.6836,20.4122,10.1679,-120.8702
302757.1001,836242,139,-0.1033,0.0308,1.6565,15.2366,19.6031,-124.9771
302757.1613,836252,140,-0.1140,-0.0122,1.6187,12.0305,26.9160,-128.4427
302757.1613,836262,140,-0.1084,-0.0903,1.5925,8.5038,32.2595,-129.1908
302757.1613,836272,140,-0.0925,-0.1245,1.6035,9.5725,36.6412,-127.8931
302757.1613,836282,140,-0.0762,-0.1367,1.5999,12.2137,41.8931,-125.7863
302757.1613,836292,140,-0.0669,-0.1338,1.5859,14.6718,49.1145,-123.6183
302757.1613,836302,140,-0.0671,-0.1211,1.5593,15.2366,55.9847,-122.9008
302757.1613,836312,140,-0.0583,-0.1292,1.5227,12.9313,61.1603,-123.2977
302757.1613,836322,140,-0.0652,-0.1699,1.4753,8.5038,66.5038,-123.8626
302757.1613,836332,140,-0.0715,-0.2146,1.4253,5.1756,71.3435,-123.6794
302757.1613,836342,140,-0.0823,-0.2600,1.3914,3.7863,75.3282,-121.9084
302757.2810,836352,141,-0.0901,-0.2961,1.3645,4.3664,78.0916,-119.3588
302757.2810,836362,141,-0.1138,-0.3308,1.3528,4.3969,80.8244,-116.0916
302757.2810,836372,141,-0.1067,-0.3594,1.3562,4.4580,81.6794,-111.9695
302757.2810,836382,141,-0.0964,-0.3865,1.3682,3.7252,83.1298,-107.0534
302757.2810,836392,141,-0.0715,-0.4329,1.3547,2.5496,86.2748,-102.2901
302757.2810,836402,141,-0.0820,-0.4788,1.3274,2.5191,91.3130,-98.0153
302757.2810,836412,141,-0.0916,-0.5366,1.2898,2.9313,95.0992,-92.3817
302757.2810,836422,141,-0.1184,-0.5488,1.2363,4.4733,98.3206,-85.7252
302757.2810,836432,141,-0.1182,-0.5850,1.2122,5.0687,99.6489,-77.9695
302757.2810,836442,141,-0.1057,-0.6025,1.2117,6.8244,99.8473,-70.1374
302757.4008,836452,142,-0.1079,-0.6128,1.1926,6.9924,103.3588,-61.4046
302757.4008,836462,142,-0.1226,-0.6157,1.1714,6.6870,108.6107,-53.1298
302757.4008,836472,142,-0.1313,-0.6260,1.1465,6.3817,113.9389,-45.9084
302757.4008,836482,142,-0.1599,-0.6296,1.1152,4.5191,119.5267,-39.0229
302757.4008,836492,142,-0.1953,-0.6460,1.0923,1.6947,123.1298,-31.3130
302757.4008,836502,142,-0.2246,-0.6455,1.0693,0.8550,121.4656,-22.3969
302757.4008,836512,142,-0.2153,-0.6255,1.0696,2.0000,117.1756,-14.7786
302757.4008,836522,142,-0.2322,-0.6030,1.0740,2.4885,114.4427,-8.4427
302757.4008,836532,142,-0.2332,-0.5815,1.0420,0.8702,113.8779,-1.8473
302757.4008,836542,142,-0.2690,-0.5933,0.9895,0.1527,115.0687,2.5191
302757.4618,836552,143,-0.2981,-0.5811,0.9514,0.5954,114.3053,6.7023
302757.4618,836562,143,-0.2893,-0.5566,0.9248,0.0458,110.1679,12.0305
302757.4618,836572,143,-0.3000,-0.5496,0.9011,-1.5573,109.0534,16.6107
302757.4618,836582,143,-0.3242,-0.5125,0.8950,-2.8855,108.5191,21.2061
302757.4618,836592,143,-0.3347,-0.4802,0.8794,-5.2366,106.2748,24.7939
302757.4618,836602,143,-0.3420,-0.4873,0.8479,-8.5038,105.4198,26.6565
302757.4618,836612,143,-0.3423,-0.5010,0.8191,-11.2672,103.4046,28.0458
302757.4618,836622,143,-0.3215,-0.5264,0.8083,-13.5267,99.8168,30.4275
302757.4618,836632,143,-0.3108,-0.5193,0.7766,-14.0916,97.7863,34.4275
302757.4618,836642,143,-0.2842,-0.5227,0.7285,-15.3282,96.2137,38.7786
302757.5799,836652,144,-0.2913,-0.5173,0.6948,-16.8244,95.2519,43.4198
302757.5799,836662,144,-0.2732,-0.5051,0.6528,-18.1832,92.5954,49.0534
302757.5799,836672,144,-0.2654,-0.4573,0.6465,-18.3969,89.3130,54.7176
302757.5799,836682,144,-0.2559,-0.4138,0.6333,-19.7099,86.1832,59.0382
302757.5799,836692,144,-0.2832,-0.3777,0.5901,-22.0000,85.6947,62.1069
302757.5799,836702,144,-0.3240,-0.3511,0.5469,-24.6260,84.7023,64.5496
302757.5799,836712,144,-0.3457,-0.3071,0.5256,-25.8931,80.3359,68.1832
302757.5799,836722,144,-0.3325,-0.2354,0.5334,-26.0611,74.0611,71.0840
302757.5799,836732,144,-0.3059,-0.1511,0.5681,-27.5420,68.7023,71.3893
302757.5799,836742,144,-0.2798,-0.1011,0.5686,-32.3053,66.6870,70.3206
302757.7014,836752,145,-0.2732,-0.0583,0.5347,-37.2061,67.8168,68.4885
302757.7014,836762,145,-0.3008,-0.0486,0.4543,-42.4275,69.8321,65.5878
302757.7014,836772,145,-0.3237,-0.0515,0.3833,-46.9618,68.8550,62.7634
302757.7014,836782,145,-0.3191,-0.0530,0.3521,-50.2443,63.3740,61.6489
302757.7014,836792,145,-0.3198,-0.0444,0.3301,-52.3817,57.2977,62.5649
302757.7014,836802,145,-0.3430,-0.0288,0.2910,-52.9618,53.0534,64.0153
302757.7014,836812,145,-0.3804,0.0005,0.2690,-51.7405,49.0992,65.2672
302757.7014,836822,145,-0.3909,0.0464,0.2773,-49.0534,41.7252,67.0534
302757.7014,836832,145,-0.3828,0.0974,0.2986,-46.0611,35.5573,67.7863
302757.7014,836842,145,-0.3909,0.1580,0.3259,-44.7634,33.0840,66.1527
302757.7603,836852,146,-0.4023,0.1562,0.3198,-48.5649,33.1450,62.7786
302757.7603,836862,146,-0.4546,0.1711,0.2883,-51.6336,35.7863,61.0992
302757.7603,836872,146,-0.4817,0.1982,0.2764,-52.2290,32.6260,59.6489
302757.7603,836882,146,-0.4712,0.2075,0.2903,-52.1679,23.7405,55.9389
302757.7603,836892,146,-0.4700,0.2014,0.3042,-53.5115,19.0382,52.3664
302757.7603,836902,146,-0.4978,0.1848,0.3054,-55.5267,17.6031,50.6565
302757.7603,836912,146,-0.5371,0.1577,0.2869,-55.4504,13.5725,48.8397
302757.7603,836922,146,-0.5581,0.1155,0.2776,-52.5802,5.4504,47.3588
302757.7603,836932,146,-0.5771,0.0977,0.3069,-46.3664,-5.5725,48.2137
302757.7603,836942,146,-0.5762,0.1438,0.3655,-37.0534,-17.8473,52.2137
302757.9390,836952,147,-0.5647,0.2163,0.4380,-28.6260,-28.2748,54.8702
302757.9390,836962,147,-0.5610,0.2808,0.5054,-24.0153,-33.0229,54.4580
302757.9390,836972,147,-0.5713,0.3181,0.5601,-23.9084,-34.2595,53.1145
302757.9390,836982,147,-0.5972,0.3369,0.5691,-25.2824,-33.8473,51.8015
302757.9390,836992,147,-0.6389,0.3564,0.5891,-24.7481,-32.6107,48.7481
302757.9390,837002,147,-0.6580,0.3562,0.6001,-24.6260,-33.6641,45.1450
302757.9390,837012,147,-0.6765,0.3606,0.6089,-24.0458,-34.0153,43.1298
302757.9390,837022,147,-0.6919,0.3784,0.6360,-21.5725,-35.4198,40.4275
302757.9390,837032,147,-0.7065,0.3889,0.6531,-19.9695,-37.2824,36.9618
302757.9390,837042,147,-0.7117,0.4016,0.6946,-19.8168,-38.4885,33.7557
302758.0015,837052,148,-0.7148,0.4087,0.7295,-19.4504,-37.5725,30.2901
302758.0015,837062,148,-0.7607,0.4116,0.7441,-18.8702,-35.0992,26.5496
302758.0015,837072,148,-0.7737,0.4072,0.7820,-18.8702,-34.9771,23.2672
302758.0015,837082,148,-0.7603,0.3882,0.8342,-17.8168,-34.5802,20.1985
302758.0015,837092,148,-0.7788,0.3970,0.8696,-15.0687,-30.3817,16.9313
302758.0015,837102,148,-0.8035,0.4038,0.8799,-13.9695,-27.1145,13.5878
302758.0015,837112,148,-0.8108,0.3843,0.8843,-15.0534,-25.5878,9.6794
302758.0015,837122,148,-0.7974,0.3560,0.9023,-15.1603,-23.5267,6.3511
302758.0015,837132,148,-0.7939,0.3574,0.9133,-13.9542,-20.5038,3.2977
302758.0015,837142,148,-0.7998,0.3357,0.8828,-14.6107,-17.4962,-0.7328
302758.0607,837152,149,-0.8184,0.2981,0.8484,-16.1374,-15.1298,-4.1527
302758.0607,837162,149,-0.7981,0.2532,0.8367,-15.8015,-15.7099,-6.1832
302758.0607,837172,149,-0.7725,0.2288,0.8472,-12.3359,-14.9313,-8.0611
302758.0607,837182,149,-0.7722,0.2173,0.8291,-9.0229,-11.9695,-9.6183
302758.0607,837192,149,-0.7891,0.1987,0.8020,-9.1756,-10.3359,-10.2137
302758.0607,837202,149,-0.7761,0.1892,0.7976,-9.7710,-12.5649,-10.5649
302758.0607,837212,149,-0.7234,0.1492,0.8193,-9.7863,-15.1603,-11.7252
302758.0607,837222,149,-0.7061,0.1218,0.8257,-7.5267,-12.8092,-12.6107
302758.0607,837232,149,-0.7214,0.1133,0.8125,-5.8931,-8.4885,-11.4351
302758.0607,837242,149,-0.7297,0.1196,0.7976,-5.2672,-6.1679,-9.4504
302758.1803,837252,150,-0.7124,0.1201,0.8064,-4.9771,-5.3130,-8.7023
302758.1803,837262,150,-0.7051,0.1287,0.8049,-3.3130,-3.3435,-9.1756
302758.1803,837272,150,-0.7170,0.1284,0.7744,-2.5496,-1.0382,-9.9847
302758.1803,837282,150,-0.7297,0.1204,0.7515,-3.3130,-1.1908,-10.7786
302758.1803,837292,150,-0.7065,0.1104,0.7549,-3.8779,-3.4046,-11.7252
302758.1803,837302,150,-0.6741,0.0972,0.7739,-3.3740,-3.9237,-12.7023
302758.1803,837312,150,-0.6716,0.0933,0.7615,-2.4733,-1.4504,-13.8626
302758.1803,837322,150,-0.6914,0.0796,0.7288,-3.7099,0.3511,-14.5954
302758.1803,837332,150,-0.6829,0.0571,0.7168,-5.2214,-1.5267,-15.1756
302758.1803,837342,150,-0.6584,0.0315,0.7136,-5.1603,-4.4427,-15.2824
302758.3008,837352,151,-0.6433,0.0239,0.7192,-4.0000,-5.2366,-14.5954
302758.3008,837362,151,-0.6519,0.0134,0.6963,-3.5725,-5.0382,-13.9237
302758.3008,837372,151,-0.6482,-0.0220,0.6899,-4.0153,-6.3206,-12.8702
302758.3008,837382,151,-0.6257,-0.0430,0.7129,-2.5344,-7.6183,-10.3817
302758.3008,837392,151,-0.6282,-0.0298,0.7234,1.3740,-5.9237,-7.7252
302758.3008,837402,151,-0.6719,-0.0071,0.7229,2.7176,-3.6031,-4.9008
302758.3008,837412,151,-0.6821,0.0090,0.7244,2.3817,-4.8092,-2.3817
302758.3008,837422,151,-0.6785,0.0354,0.7502,4.0916,-6.1069,-1.7099
302758.3008,837432,151,-0.6802,0.0520,0.7664,4.9313,-5.5725,-2.1679
302758.3008,837442,151,-0.7051,0.0532,0.7517,3.3588,-4.0611,-2.6412
302758.3612,837452,152,-0.7249,0.0610,0.7422,1.6489,-4.4275,-2.8397
302758.3612,837462,152,-0.7026,0.0654,0.7590,0.3664,-6.7023,-3.5725
302758.3612,837472,152,-0.6963,0.0620,0.7722,0.4733,-6.7176,-5.0534
302758.3612,837482,152,-0.7065,0.0486,0.7659,-0.5038,-4.8702,-5.6183
302758.3612,837492,152,-0.7134,0.0352,0.7637,-0.9008,-3.9389,-5.2977
302758.3612,837502,152,-0.7136,0.0422,0.7742,1.0840,-3.5878,-4.9466
302758.3612,837512,152,-0.6953,0.0520,0.7859,1.8473,-3.0687,-4.7176
302758.3612,837522,152,-0.6958,0.0417,0.7671,1.0840,-0.7786,-4.7176
302758.3612,837532,152,-0.7092,0.0330,0.7437,0.8550,1.0382,-4.2748
302758.3612,837542,152,-0.7092,0.0466,0.7251,1.9389,0.2901,-3.6794
302758.4812,837552,153,-0.7097,0.0603,0.7207,2.5038,-0.6870,-3.8779
302758.4812,837562,153,-0.7061,0.0610,0.7231,1.4198,-1.1908,-4.0305
302758.4812,837572,153,-0.6987,0.0500,0.7244,0.7176,-1.2519,-4.1679
302758.4812,837582,153,-0.6973,0.0496,0.7258,1.7557,-1.1450,-4.6412
302758.4812,837592,153,-0.7007,0.0554,0.7161,1.7405,-1.5725,-4.9924
302758.4812,837602,153,-0.7161,0.0449,0.7051,0.7328,-1.6947,-5.2672
302758.4812,837612,153,-0.7097,0.0317,0.7146,-0.1985,-3.5878,-4.5954
302758.4812,837622,153,-0.6660,0.0232,0.7556,1.2366,-5.3740,-4.2595
302758.4812,837632,153,-0.6643,0.0308,0.7622,3.9389,-1.9237,-4.3817
302758.4812,837642,153,-0.6899,0.0393,0.7434,3.4198,0.8855,-3.6641
302758.6008,837652,154,-0.7026,0.0493,0.7280,1.8473,0.1221,-3.2366
302758.6008,837662,154,-0.6836,0.0500,0.7427,0.3511,-2.5191,-3.8321
302758.6008,837672,154,-0.6453,0.0305,0.7642,-0.8244,-3.0840,-4.8550
302758.6008,837682,154,-0.6548,0.0081,0.7466,-0.6870,0.4885,-5.4656
302758.6008,837692,154,-0.6887,0.0083,0.7080,0.1832,3.1756,-4.4580
302758.6008,837702,154,-0.7019,0.0247,0.6895,1.3740,1.5573,-3.2519
302758.6008,837712,154,-0.6895,0.0442,0.7034,1.7710,-1.4504,-3.0992
302758.6008,837722,154,-0.6753,0.0442,0.7107,0.4122,-3.5725,-3.6031
302758.6008,837732,154,-0.6616,0.0210,0.7251,-0.2443,-3.8931,-4.0763
302758.6008,837742,154,-0.6665,0.0122,0.7202,1.3130,-2.8855,-4.1374
302758.6601,837752,155,-0.6909,0.0168,0.7129,2.5496,-1.9542,-3.2824
302758.6601,837762,155,-0.6975,0.0291,0.7197,2.5191,-2.8092,-2.1985
302758.6601,837772,155,-0.6738,0.0344,0.7471,2.1985,-4.2443,-1.7710
302758.6601,837782,155,-0.6602,0.0278,0.7693,2.2595,-3.2366,-1.5115
302758.6601,837792,155,-0.6804,0.0310,0.7578,2.6107,-0.1221,-1.3740
302758.6601,837802,155,-0.7131,0.0398,0.7290,2.3664,1.5115,-1.0534
302758.6601,837812,155,-0.7231,0.0442,0.7195,2.0458,0.0000,-0.6107
302758.6601,837822,155,-0.6968,0.0540,0.7458,1.6947,-2.9924,-0.8244
302758.6601,837832,155,-0.6782,0.0522,0.7573,1.2824,-3.1145,-1.6794
302758.6601,837842,155,-0.6929,0.0452,0.7461,1.0534,-1.0992,-2.7634
302758.7817,837852,156,-0.7014,0.0417,0.7312,0.6718,-0.8855,-2.8092
302758.7817,837862,156,-0.6855,0.0386,0.7302,0.5496,-2.2290,-2.6870
302758.7817,837872,156,-0.6660,0.0364,0.7483,1.0229,-2.2748,-2.8702
302758.7817,837882,156,-0.6768,0.0410,0.7373,1.6947,0.0763,-3.0229
302758.7817,837892,156,-0.7012,0.0405,0.7141,0.9313,1.1603,-2.8092
302758.7817,837902,156,-0.6929,0.0386,0.7163,0.1527,-0.7786,-2.4733
302758.7817,837912,156,-0.6736,0.0400,0.7432,0.3053,-1.9084,-2.3359
302758.7817,837922,156,-0.6682,0.0388,0.7485,0.5954,-0.8397,-2.4427
302758.7817,837932,156,-0.6619,0.0281,0.7349,-0.1985,-0.0611,-2.2901
302758.7817,837942,156,-0.6614,0.0117,0.7400,-0.3511,0.4580,-1.6031
302758.9010,837952,157,-0.6516,0.0120,0.7424,0.3817,0.7634,-0.4733
302758.9010,837962,157,-0.6614,0.0154,0.7310,0.3969,2.1832,0.6260
302758.9010,837972,157,-0.6687,0.0215,0.7161,0.0916,2.4580,1.1298
302758.9010,837982,157,-0.6670,0.0222,0.7068,-0.1069,1.2672,1.3130
302758.9010,837992,157,-0.6577,0.0273,0.7078,0.5496,-0.4733,1.4351
302758.9010,838002,157,-0.6609,0.0352,0.6902,0.4275,-1.3740,1.4504
302758.9010,838012,157,-0.6577,0.0356,0.6821,-0.0153,-1.1603,1.7710
302758.9010,838022,157,-0.6648,0.0513,0.6917,0.8092,0.0153,1.8473
302758.9010,838032,157,-0.6675,0.0657,0.6890,1.8015,0.5038,1.1603
302758.9010,838042,157,-0.6816,0.0664,0.6851,1.0534,0.4885,0.2748
302758.9600,838052,158,-0.6907,0.0657,0.6890,0.0611,-0.5344,-0.3969
302758.9600,838062,158,-0.6877,0.0649,0.7034,-0.0916,-1.8931,-1.1908
302758.9600,838072,158,-0.6892,0.0640,0.7219,-0.0305,-2.7176,-2.4122
302758.9600,838082,158,-0.6824,0.0537,0.7437,-1.0992,-3.4962,-3.0687
302758.9600,838092,158,-0.6821,0.0422,0.7537,-1.8779,-3.1145,-2.9008
302758.9600,838102,158,-0.6953,0.0413,0.7515,-1.7099,-2.1832,-2.3359
302758.9600,838112,158,-0.6982,0.0457,0.7559,-1.6794,-2.1374,-1.8015
302758.9600,838122,158,-0.6965,0.0542,0.7673,-2.1527,-1.7252,-1.5573
302758.9600,838132,158,-0.7053,0.0549,0.7625,-2.1221,0.3053,-1.9084
302758.9600,838142,158,-0.7305,0.0615,0.7432,-1.5573,1.6947,-3.0992
302759.0801,838152,159,-0.7295,0.0623,0.7371,-2.1374,0.3053,-4.3053
302759.0801,838162,159,-0.7244,0.0603,0.7383,-2.5344,-1.6336,-5.8473
302759.0801,838172,159,-0.7122,0.0430,0.7397,-3.6183,-2.7328,-7.1450
302759.0801,838182,159,-0.7146,0.0264,0.7517,-4.3969,-2.8855,-6.9771
302759.0801,838192,159,-0.7100,0.0176,0.7627,-3.6031,-1.9847,-5.6641
302759.0801,838202,159,-0.7158,0.0251,0.7717,-1.3282,0.2290,-5.3282
302759.0801,838212,159,-0.7178,0.0205,0.7659,-1.0229,1.7405,-4.9924
302759.0801,838222,159,-0.7205,0.0178,0.7615,-1.8015,2.7786,-4.1374
302759.0801,838232,159,-0.7141,0.0139,0.7593,-2.5496,2.7481,-3.2977
302759.0801,838242,159,-0.7034,0.0164,0.7568,-2.8092,2.6870,-2.9618
302759.2009,838252,160,-0.7112,0.0229,0.7563,-3.2519,3.7863,-2.6260
302759.2009,838262,160,-0.7000,0.0300,0.7771,-4.1527,3.8015,-2.6870
302759.2009,838272,160,-0.6777,0.0352,0.8259,-6.7786,4.1221,-2.9313
302759.2009,838282,160,-0.6533,0.0288,0.8293,-11.2061,8.7634,-3.1908
302759.2009,838292,160,-0.7161,-0.0144,0.7910,-16.2595,18.0305,-3.1756
302759.2009,838302,160,-0.7537,-0.0103,0.7556,-14.9924,20.6260,-4.3359
302759.2009,838312,160,-0.7739,-0.0393,0.7329,-14.6260,19.5267,-5.5115
302759.2009,838322,160,-0.7734,-0.0535,0.7263,-13.8015,16.3664,-5.6336
302759.2009,838332,160,-0.7693,-0.0686,0.7241,-12.0763,14.2290,-4.9771
302759.2009,838342,160,-0.7666,-0.0764,0.7263,-9.2977,12.8092,-3.5573
302759.2616,838352,161,-0.7656,-0.0576,0.7507,-5.3130,11.8779,-2.9008
302759.2616,838362,161,-0.7751,-0.0544,0.7573,-4.4427,12.6565,-2.6565
302759.2616,838372,161,-0.8069,-0.0574,0.7617,-1.5725,14.8855,-3.9237
302759.2616,838382,161,-0.8137,-0.0605,0.7695,1.5573,15.0687,-5.0382
302759.2616,838392,161,-0.8381,-0.0691,0.7668,1.3588,16.5191,-4.2137
302759.2616,838402,161,-0.8579,-0.0674,0.7681,0.8397,17.3435,-2.5191
302759.2616,838412,161,-0.8582,-0.0486,0.7866,1.9237,16.9313,-1.7405
302759.2616,838422,161,-0.8513,-0.0276,0.8020,1.8779,18.3511,-2.4427
302759.2616,838432,161,-0.8572,-0.0220,0.7996,0.9008,22.1985,-4.5954
302759.2616,838442,161,-0.8857,-0.0259,0.7781,0.4885,26.3817,-8.7634
302759.3815,838452,162,-0.8789,-0.0762,0.7515,-2.0458,27.3282,-12.6107
302759.3815,838462,162,-0.8752,-0.1111,0.7366,-5.7405,27.4504,-13.6641
302759.3815,838472,162,-0.8379,-0.1489,0.7351,-10.1832,25.6489,-14.0611
302759.3815,838482,162,-0.7922,-0.2004,0.7390,-14.8702,25.3282,-14.5954
302759.3815,838492,162,-0.7668,-0.2517,0.7200,-20.0458,27.1145,-13.9847
302759.3815,838502,162,-0.7329,-0.2883,0.6948,-25.0840,27.7557,-12.2443
302759.3815,838512,162,-0.7051,-0.3159,0.6633,-31.1298,26.8855,-9.6794
302759.3815,838522,162,-0.6565,-0.3538,0.6309,-40.1832,24.6870,-6.3817
302759.3815,838532,162,-0.5986,-0.4004,0.6028,-49.9084,22.1374,-2.1069
302759.3815,838542,162,-0.5415,-0.4390,0.5742,-57.0382,20.1221,2.2748
302759.5600,838552,163,-0.4758,-0.4941,0.5330,-63.4656,18.5344,7.2977
302759.5600,838562,163,-0.4026,-0.5483,0.4878,-68.3969,18.1679,13.7557
302759.5600,838572,163,-0.3630,-0.5974,0.4211,-69.8321,19.3740,20.9466
302759.5600,838582,163,-0.3506,-0.6174,0.3491,-68.0458,19.6947,29.7252
302759.5600,838592,163,-0.3296,-0.6016,0.2969,-65.6489,15.1450,40.1069
302759.5600,838602,163,-0.2981,-0.5471,0.2883,-62.6870,7.7252,52.0153
302759.5600,838612,163,-0.2764,-0.4067,0.3003,-56.8550,2.9313,64.0763
302759.5600,838622,163,-0.2698,-0.2566,0.2881,-53.8015,-0.4122,71.8931
302759.5600,838632,163,-0.2708,-0.1096,0.2607,-54.7023,-4.2595,74.5802
302759.5600,838642,163,-0.2698,0.0063,0.2388,-57.4809,-9.9542,72.6107
302759.5614,838652,164,-0.2388,0.0586,0.2163,-63.9847,-18.2901,66.8855
302759.5614,838662,164,-0.2361,0.1013,0.1689,-70.3511,-24.1527,60.1679
302759.5614,838672,164,-0.2363,0.0945,0.0935,-76.1221,-32.0916,51.6641
302759.5614,838682,164,-0.2656,0.0293,0.0337,-80.2748,-41.2214,43.6183
302759.5614,838692,164,-0.2627,-0.0254,0.0383,-80.1374,-54.6565,41.4656
302759.5614,838702,164,-0.1924,-0.0312,0.0984,-75.7099,-72.4885,43.5878
302759.5614,838712,164,-0.1626,0.0420,0.1855,-65.9389,-84.1679,47.4198
302759.5614,838722,164,-0.1396,0.1475,0.2773,-58.6565,-92.0611,50.9008
302759.5614,838732,164,-0.1067,0.2373,0.3511,-56.9771,-98.3206,51.6489
302759.5614,838742,164,-0.1550,0.3228,0.3875,-57.7710,-99.6794,45.7710
302759.6815,838752,165,-0.1736,0.3113,0.4124,-62.8397,-105.7863,34.2595
302759.6815,838762,165,-0.1750,0.2896,0.4619,-65.8779,-113.5573,25.0229
302759.6815,838772,165,-0.1731,0.2893,0.5288,-65.8015,-121.4962,18.9618
302759.6815,838782,165,-0.1404,0.2788,0.6113,-65.2366,-129.3740,14.3969
302759.6815,838792,165,-0.1304,0.2739,0.6738,-63.2366,-133.1756,9.6794
302759.6815,838802,165,-0.1667,0.2800,0.7383,-59.5420,-132.8397,5.0840
302759.6815,838812,165,-0.2056,0.2754,0.7737,-56.5191,-133.7405,2.1985
302759.6815,838822,165,-0.2603,0.2722,0.8052,-52.5191,-135.3282,0.6107
302759.6815,838832,165,-0.2832,0.3088,0.8584,-45.1450,-140.2901,-0.2137
302759.6815,838842,165,-0.2781,0.3267,0.9604,-37.8626,-146.8550,-1.5573
302759.8016,838852,166,-0.2844,0.3538,1.0559,-30.1221,-149.8626,-2.3664
302759.8016,838862,166,-0.2947,0.4397,1.1597,-21.2519,-150.5649,-3.6641
302759.8016,838872,166,-0.2764,0.5420,1.2515,-16.8092,-153.8168,-7.7863
302759.8016,838882,166,-0.2366,0.6047,1.3623,-18.4580,-155.4962,-15.1908
302759.8016,838892,166,-0.2107,0.6575,1.4307,-21.4656,-151.1908,-26.5191
302759.8016,838902,166,-0.2227,0.6760,1.4255,-25.5420,-141.3588,-43.1756
302759.8016,838912,166,-0.2710,0.5728,1.3489,-33.4809,-130.4122,-64.4275
302759.8016,838922,166,-0.3228,0.3691,1.2710,-40.6412,-122.7939,-82.3511
302759.8016,838932,166,-0.3188,0.2109,1.2703,-37.7252,-126.0000,-88.9466
302759.8016,838942,166,-0.2629,0.1455,1.3469,-25.3588,-131.7405,-86.1374
302759.8608,838952,167,-0.2180,0.2180,1.4385,-6.4275,-130.9618,-79.5573
302759.8608,838962,167,-0.1895,0.3374,1.5022,7.8321,-125.7405,-77.6794
302759.8608,838972,167,-0.1677,0.3816,1.5256,9.3282,-121.8626,-81.4656
302759.8608,838982,167,-0.1042,0.3767,1.5637,6.1069,-119.4351,-88.1985
302759.8608,838992,167,-0.0437,0.3413,1.6028,3.7405,-113.2061,-96.9160
302759.8608,839002,167,-0.0435,0.2527,1.5745,0.4580,-102.0458,-106.5496
302759.8608,839012,167,-0.1018,0.1379,1.4934,-0.4733,-89.0687,-113.4962
302759.8608,839022,167,-0.1479,0.0525,1.4497,4.4885,-82.8550,-114.4122
302759.8608,839032,167,-0.1262,0.0364,1.4851,14.7939,-83.9389,-109.8779
302759.8608,839042,167,-0.0813,0.0674,1.5583,26.2137,-83.6031,-105.5725
302759.9803,839052,168,-0.0876,0.1108,1.6038,35.1908,-77.1603,-104.4122
302759.9803,839062,168,-0.1228,0.1519,1.6299,39.1603,-69.5267,-103.6183
302759.9803,839072,168,-0.1440,0.1836,1.6562,40.4580,-64.1985,-105.1603
302759.9803,839082,168,-0.1267,0.1948,1.6943,41.2061,-59.5878,-110.0458
302759.9803,839092,168,-0.1104,0.1685,1.7173,40.2595,-53.3130,-115.8626
302759.9803,839102,168,-0.1121,0.1091,1.7173,37.6489,-46.0611,-121.0992
302759.9803,839112,168,-0.1204,0.0276,1.7170,36.7786,-38.1832,-124.5649
302759.9803,839122,168,-0.1328,-0.0625,1.7107,39.4656,-31.6336,-125.5725
302759.9803,839132,168,-0.1296,-0.1428,1.7117,45.2061,-26.2443,-124.0763
302759.9803,839142,168,-0.1108,-0.2078,1.7412,53.9237,-20.7176,-120.2290
302760.1011,839152,169,-0.0962,-0.2307,1.7881,64.2137,-14.1679,-114.8855
302760.1011,839162,169,-0.1094,-0.2034,1.8232,71.9084,-5.6794,-108.6870
302760.1011,839172,169,-0.1284,-0.1780,1.8381,73.8779,2.1985,-102.6718
302760.1011,839182,169,-0.1497,-0.1553,1.8640,72.6412,9.3435,-99.6489
302760.1011,839192,169,-0.1594,-0.1357,1.8892,70.0916,15.2672,-99.7252
302760.1011,839202,169,-0.1675,-0.1279,1.9067,66.2137,21.2519,-101.5115
302760.1011,839212,169,-0.1619,-0.1431,1.9202,60.2443,27.9389,-103.9847
302760.1011,839222,169,-0.1660,-0.1611,1.9324,54.0000,36.2290,-105.8779
302760.1011,839232,169,-0.1663,-0.1714,1.9243,48.3817,45.5115,-107.3588
302760.1011,839242,169,-0.1650,-0.1897,1.9136,44.0611,55.3740,-109.9084
302760.1619,839252,170,-0.1191,-0.2178,1.9031,39.1603,66.2443,-112.1374
302760.1619,839262,170,-0.1130,-0.2764,1.8579,33.8779,80.6870,-113.0687
302760.1619,839272,170,-0.1431,-0.2915,1.7849,30.7176,93.7405,-112.9466
302760.1619,839282,170,-0.1167,-0.3274,1.7410,25.1908,100.3817,-112.4885
302760.1619,839292,170,-0.0974,-0.3508,1.7100,18.9160,106.8092,-112.2443
302760.1619,839302,170,-0.0801,-0.4023,1.6555,12.8702,114.5496,-110.5344
302760.1619,839312,170,-0.0762,-0.4338,1.5701,9.2824,121.4198,-108.9466
302760.1619,839322,170,-0.0732,-0.4939,1.4875,5.3282,127.0992,-106.3053
302760.1619,839332,170,-0.0664,-0.5642,1.4094,3.1298,129.8015,-101.9084
302760.1619,839342,170,-0.0918,-0.5898,1.3262,3.3130,133.7405,-94.5344
302760.2816,839352,171,-0.1069,-0.6089,1.2661,4.2901,135.3282,-85.6489
302760.2816,839362,171,-0.1321,-0.6167,1.2349,5.3588,134.0763,-77.7557
302760.2816,839372,171,-0.1245,-0.6033,1.1997,5.5878,132.3664,-68.5191
302760.2816,839382,171,-0.1296,-0.6174,1.1790,4.6565,131.5420,-61.7710
302760.2816,839392,171,-0.1135,-0.6233,1.1438,3.2519,132.7176,-55.4046
302760.2816,839402,171,-0.1177,-0.6575,1.1018,0.2748,135.7099,-48.3969
302760.2816,839412,171,-0.1350,-0.6914,1.0540,-1.8779,137.8168,-41.2824
302760.2816,839422,171,-0.1304,-0.6992,1.0305,-1.9389,137.6641,-32.8550
302760.2816,839432,171,-0.1248,-0.6907,1.0137,-1.2061,136.7939,-23.8931
302760.2816,839442,171,-0.1418,-0.6567,0.9849,-0.5038,136.5496,-14.5802
302760.4004,839452,172,-0.1577,-0.6162,0.9473,-1.1145,135.9084,-7.1145
302760.4004,839462,172,-0.1929,-0.6064,0.9089,-3.5267,134.5038,-1.6947
302760.4004,839472,172,-0.2112,-0.5723,0.8628,-5.8473,132.1679,3.9847
302760.4004,839482,172,-0.2373,-0.5432,0.8291,-8.4885,128.9313,9.9389
302760.4004,839492,172,-0.2268,-0.5220,0.8196,-8.5038,124.1679,14.1679
302760.4004,839502,172,-0.2407,-0.4670,0.8025,-8.0611,122.6107,17.5878
302760.4004,839512,172,-0.2463,-0.4338,0.7717,-11.5115,120.3511,20.5191
302760.4004,839522,172,-0.2563,-0.4192,0.7615,-16.4122,118.8550,22.7634
302760.4004,839532,172,-0.2620,-0.4133,0.7244,-21.4198,118.5802,26.0458
302760.4004,839542,172,-0.2891,-0.3992,0.6763,-24.0763,117.3893,29.1450
302760.4604,839552,173,-0.3027,-0.3740,0.6582,-25.4351,113.6794,30.9313
302760.4604,839562,173,-0.2976,-0.3574,0.6362,-28.4733,108.9008,33.0992
302760.4604,839572,173,-0.2944,-0.3672,0.6077,-32.2595,105.3130,35.2977
302760.4604,839582,173,-0.3147,-0.3599,0.5730,-33.4198,102.7634,38.5496
302760.4604,839592,173,-0.3306,-0.3213,0.5544,-32.3511,99.9542,41.9389
302760.4604,839602,173,-0.3523,-0.2847,0.5190,-31.5878,97.0382,43.7557
302760.4604,839612,173,-0.3743,-0.2485,0.4688,-32.2290,94.5038,44.0000
302760.4604,839622,173,-0.4194,-0.2488,0.4153,-35.6336,90.9313,43.9237
302760.4604,839632,173,-0.4263,-0.2747,0.3870,-39.7710,83.5573,44.0305
302760.4604,839642,173,-0.4109,-0.2847,0.4092,-41.7863,75.7710,45.5115
302760.5817,839652,174,-0.3757,-0.2688,0.4355,-43.0076,69.8931,48.7786
302760.5817,839662,174,-0.3831,-0.2468,0.4417,-44.0763,68.0153,50.9160
302760.5817,839672,174,-0.4031,-0.2253,0.4277,-45.2519,66.2595,51.7099
302760.5817,839682,174,-0.3997,-0.2102,0.4109,-48.3817,61.7557,52.1221
302760.5817,839692,174,-0.3755,-0.2373,0.4036,-52.4733,56.5954,52.5191
302760.5817,839702,174,-0.3508,-0.2539,0.3918,-53.3588,52.6565,53.1145
302760.5817,839712,174,-0.3477,-0.2742,0.3625,-53.7405,49.9542,54.5954
302760.5817,839722,174,-0.3760,-0.2852,0.3176,-54.0000,48.1069,57.5267
302760.5817,839732,174,-0.3655,-0.2544,0.3120,-53.1756,41.2214,61.2824
302760.5817,839742,174,-0.3337,-0.2197,0.3303,-53.9084,33.3740,64.1985
302760.7008,839752,175,-0.3167,-0.2168,0.3086,-56.0000,29.0687,66.6718
302760.7008,839762,175,-0.3596,-0.2017,0.2822,-56.6565,27.3282,69.1298
302760.7008,839772,175,-0.3613,-0.1707,0.2815,-56.7634,20.5802,71.1145
302760.7008,839782,175,-0.3164,-0.1592,0.2888,-57.6641,10.7481,73.0382
302760.7008,839792,175,-0.3096,-0.1213,0.2981,-57.9542,4.7634,76.0458
302760.7008,839802,175,-0.2791,-0.0720,0.3147,-58.1832,-1.6031,77.0382
302760.7008,839812,175,-0.2847,-0.0178,0.3289,-59.6794,-6.8550,76.6565
302760.7008,839822,175,-0.2737,0.0474,0.3384,-63.4351,-11.2214,76.1221
302760.7008,839832,175,-0.2661,0.0815,0.3459,-68.8244,-12.2290,73.5115
302760.7008,839842,175,-0.2764,0.1111,0.3333,-73.8931,-12.3053,67.8626
302760.7611,839852,176,-0.2803,0.1194,0.3118,-80.1221,-15.4656,61.9695
302760.7611,839862,176,-0.2473,0.1025,0.2988,-86.8397,-22.3511,56.8550
302760.7611,839872,176,-0.2153,0.0908,0.3203,-92.1221,-29.0840,52.4733
302760.7611,839882,176,-0.2034,0.1086,0.3230,-96.2595,-34.7786,50.1527
302760.7611,839892,176,-0.1819,0.1372,0.3557,-99.6183,-41.2824,47.3588
302760.7611,839902,176,-0.1794,0.0962,0.3262,-104.9160,-45.1145,42.8550
302760.7611,839912,176,-0.2825,-0.0305,0.2402,-110.3359,-39.9084,41.1756
302760.7611,839922,176,-0.3682,-0.0974,0.1777,-105.1145,-43.5267,45.5267
302760.7611,839932,176,-0.3281,-0.0632,0.2380,-89.8779,-61.2977,53.1756
302760.7611,839942,176,-0.2744,0.0251,0.3218,-76.4580,-74.9771,61.5725
302760.8813,839952,177,-0.2256,0.1445,0.3948,-67.4809,-82.2137,65.0687
302760.8813,839962,177,-0.2654,0.2756,0.4790,-64.1832,-86.9313,65.5725
302760.8813,839972,177,-0.3083,0.3989,0.5471,-67.1298,-95.0687,64.9008
302760.8813,839982,177,-0.2781,0.4719,0.5952,-74.1832,-107.3588,59.3130
302760.8813,839992,177,-0.2937,0.4514,0.6125,-86.4122,-108.6718,47.3893
302760.8813,840002,177,-0.3745,0.3418,0.6089,-95.8473,-101.6031,33.6336
302760.8813,840012,177,-0.3647,0.2422,0.6348,-94.4885,-105.8168,25.9237
302760.8813,840022,177,-0.3396,0.2275,0.7266,-84.7176,-114.6718,24.0305
302760.8813,840032,177,-0.2874,0.2837,0.8550,-74.7786,-122.5038,25.2366
302760.8813,840042,177,-0.2542,0.3728,0.9519,-68.5191,-124.8702,25.4046
302761.0008,840052,178,-0.2830,0.4104,0.9839,-67.5420,-118.7786,21.0076
302761.0008,840062,178,-0.3276,0.4268,0.9778,-69.0534,-113.8168,13.2824
302761.0008,840072,178,-0.3286,0.4351,0.9597,-71.2214,-113.9084,2.9618
302761.0008,840082,178,-0.3315,0.4150,0.9370,-76.2748,-115.2519,-8.6107
302761.0008,840092,178,-0.3215,0.3638,0.8894,-83.5573,-119.3282,-20.7176
302761.0008,840102,178,-0.3340,0.2500,0.8674,-91.9389,-125.4656,-31.5573
302761.0008,840112,178,-0.3330,0.1746,0.8735,-92.7786,-136.8550,-37.4198
302761.0008,840122,178,-0.2886,0.1794,0.9736,-88.8855,-152.8397,-40.5038
302761.0008,840132,178,-0.1660,0.1482,1.1169,-87.2977,-165.8321,-40.6870
302761.0008,840142,178,-0.0859,0.1130,1.2209,-78.3969,-158.6260,-39.5878
302761.0614,840152,179,-0.1335,0.1479,1.2549,-61.4046,-138.7939,-41.4351
302761.0614,840162,179,-0.1938,0.0823,1.1899,-53.0992,-122.9466,-42.5954
302761.0614,840172,179,-0.3174,0.0146,1.1028,-45.6336,-111.6183,-40.5954
302761.0614,840182,179,-0.3801,0.0342,1.0806,-34.8244,-112.6260,-34.7481
302761.0614,840192,179,-0.3574,0.1013,1.1506,-23.8321,-122.4885,-28.1985
302761.0614,840202,179,-0.3137,0.2314,1.2800,-11.6031,-129.1450,-26.7176
302761.0614,840212,179,-0.2832,0.3391,1.3962,-5.3282,-132.4122,-30.2748
302761.0614,840222,179,-0.2161,0.4165,1.5005,-5.8626,-135.5267,-36.3969
302761.0614,840232,179,-0.1326,0.4304,1.5835,-10.8550,-131.1908,-45.6183
302761.0614,840242,179,-0.1484,0.4089,1.5818,-16.2901,-113.0687,-58.1527
302761.1810,840252,180,-0.2175,0.3713,1.5264,-19.8473,-95.2061,-71.2519
302761.1810,840262,180,-0.2314,0.2693,1.4526,-23.0992,-88.0153,-79.8473
302761.1810,840272,180,-0.2397,0.1868,1.4141,-19.0382,-85.6336,-86.0763
302761.1810,840282,180,-0.2292,0.1418,1.4106,-9.6336,-84.4427,-89.8931
302761.1810,840292,180,-0.2007,0.1299,1.4382,-1.7863,-82.9008,-91.2519
302761.1810,840302,180,-0.1765,0.1272,1.4705,2.9466,-79.7863,-92.5344
302761.1810,840312,180,-0.1384,0.1191,1.5254,6.3817,-77.3740,-94.8702
302761.1810,840322,180,-0.0759,0.0972,1.5757,7.1756,-73.6183,-96.7634
302761.1810,840332,180,-0.0437,0.0535,1.6008,8.1985,-64.3969,-98.9618
302761.1810,840342,180,-0.0488,0.0281,1.5940,10.6107,-54.1069,-101.4962
302761.3008,840352,181,-0.0530,-0.0276,1.5632,11.5267,-45.0382,-102.1221
302761.3008,840362,181,-0.0649,-0.0542,1.5332,15.5725,-37.1450,-101.2061
302761.3008,840372,181,-0.0632,-0.0581,1.5381,21.9847,-33.2977,-99.3740
302761.3008,840382,181,-0.0247,-0.0242,1.5491,29.6947,-31.9695,-98.4122
302761.3008,840392,181,-0.0022,-0.0024,1.5530,33.5878,-28.5649,-98.9160
302761.3008,840402,181,0.0215,0.0032,1.5591,33.7405,-22.9466,-100.1832
302761.3008,840412,181,0.0154,-0.0088,1.5408,34.0458,-13.7557,-103.1908
302761.3008,840422,181,-0.0386,-0.0227,1.5024,33.7557,-6.1374,-107.0840
302761.3008,840432,181,-0.0547,-0.0508,1.4744,31.3282,-4.5649,-109.1145
302761.3008,840442,181,-0.0610,-0.1172,1.4705,30.3817,-3.4046,-111.4198
302761.3612,840452,182,-0.0879,-0.1606,1.4744,32.4122,-1.1298,-112.4885
302761.3612,840462,182,-0.0964,-0.1892,1.4937,35.9237,0.6107,-110.8397
302761.3612,840472,182,-0.1040,-0.1682,1.5488,41.3588,1.5420,-109.1756
302761.3612,840482,182,-0.0610,-0.1345,1.6306,43.4198,3.1756,-107.2214
302761.3612,840492,182,-0.0442,-0.1248,1.6699,42.1069,10.5496,-107.0382
302761.3612,840502,182,-0.0725,-0.1028,1.6736,40.5802,20.1985,-109.4198
302761.3612,840512,182,-0.0725,-0.1184,1.6499,36.1374,27.0992,-112.6565
302761.3612,840522,182,-0.0583,-0.1418,1.6274,31.1908,32.3817,-117.5878
302761.3612,840532,182,-0.0320,-0.1970,1.5959,24.3359,36.5802,-121.5573
302761.3612,840542,182,-0.0149,-0.2678,1.5540,16.8855,40.2290,-124.5649
302761.4800,840552,183,0.0068,-0.3257,1.5425,10.0458,43.3893,-124.3206
302761.4800,840562,183,0.0352,-0.3757,1.5432,3.9847,47.4504,-120.9924
302761.4800,840572,183,0.0295,-0.3945,1.5642,0.2137,55.8626,-116.0458
302761.4800,840582,183,0.0095,-0.3625,1.5688,-1.2519,65.1603,-110.6412
302761.4800,840592,183,-0.0107,-0.3301,1.5801,-5.5267,71.5420,-108.6718
302761.4800,840602,183,-0.0159,-0.2964,1.5635,-12.9313,76.5191,-108.9160
302761.4800,840612,183,-0.0334,-0.3660,1.5173,-22.6412,81.5878,-114.4275
302761.4800,840622,183,0.0049,-0.5203,1.4758,-29.2366,84.0305,-120.8244
302761.4800,840632,183,0.0103,-0.6377,1.4336,-30.2443,87.3893,-121.4504
302761.4800,840642,183,0.0359,-0.7510,1.4133,-30.9618,91.3740,-113.9389
302761.6010,840652,184,0.0596,-0.7998,1.3982,-28.5191,95.7557,-102.8244
302761.6010,840662,184,0.0771,-0.8198,1.3992,-25.2977,101.6031,-91.0382
302761.6010,840672,184,0.0828,-0.8167,1.3796,-22.8092,107.3893,-79.3588
302761.6010,840682,184,0.0715,-0.8149,1.3269,-21.2214,113.7863,-68.1985
302761.6010,840692,184,0.0427,-0.8049,1.2671,-19.5267,119.8931,-58.6260
302761.6010,840702,184,0.0190,-0.8086,1.2275,-17.5878,123.4504,-49.5267
302761.6010,840712,184,-0.0220,-0.7612,1.1934,-14.7634,126.0153,-39.6336
302761.6010,840722,184,-0.0510,-0.7251,1.1582,-13.8015,126.9924,-31.3435
302761.6010,840732,184,-0.0632,-0.6724,1.1179,-13.0076,126.5802,-25.5420
302761.6010,840742,184,-0.0649,-0.6882,1.0706,-14.9924,126.0763,-21.8626
302761.6615,840752,185,-0.0769,-0.7026,1.0195,-17.1756,125.5115,-17.8168
302761.6615,840762,185,-0.0439,-0.7273,1.0134,-19.3588,124.6107,-12.3817
302761.6615,840772,185,-0.0332,-0.7532,0.9824,-20.3206,125.5420,-3.4809
302761.6615,840782,185,-0.0601,-0.7251,0.9543,-16.9466,127.2366,5.6641
302761.6615,840792,185,-0.1040,-0.6726,0.9216,-13.3435,127.2824,12.9313
302761.6615,840802,185,-0.1592,-0.6528,0.8777,-12.3817,126.3053,17.7557
302761.6615,840812,185,-0.1865,-0.6023,0.8599,-10.8855,123.7557,22.5038
302761.6615,840822,185,-0.1956,-0.5793,0.8433,-10.0153,120.2748,25.4504
302761.6615,840832,185,-0.2139,-0.5603,0.8284,-11.6794,118.9313,26.4885
302761.6615,840842,185,-0.2380,-0.5349,0.7888,-15.3740,117.6031,29.7863
302761.7811,840852,186,-0.2556,-0.5439,0.7605,-19.2061,114.6565,31.4046
302761.7811,840862,186,-0.2747,-0.5427,0.7446,-21.5725,110.8244,32.2443
302761.7811,840872,186,-0.2656,-0.5422,0.7437,-23.8473,106.8550,33.8626
302761.7811,840882,186,-0.2773,-0.5632,0.7241,-27.7099,105.3282,35.0687
302761.7811,840892,186,-0.2908,-0.5876,0.7083,-31.4046,102.8702,38.3817
302761.7811,840902,186,-0.2803,-0.6001,0.6973,-32.1527,99.5725,42.9924
302761.7811,840912,186,-0.2722,-0.5842,0.7053,-29.8321,98.3817,46.8702
302761.7811,840922,186,-0.2947,-0.5457,0.6970,-28.4122,97.7252,50.0611
302761.7811,840932,186,-0.3101,-0.5164,0.6558,-30.1069,96.4427,53.3435
302761.7811,840942,186,-0.3213,-0.4927,0.6355,-32.0916,93.0687,54.5038
302761.8997,840952,187,-0.3335,-0.4707,0.6350,-35.1145,87.7252,55.3282
302761.8997,840962,187,-0.3574,-0.4565,0.6331,-39.6947,83.1145,56.5496
302761.8997,840972,187,-0.3770,-0.4438,0.6523,-43.9847,78.6565,56.4580
302761.8997,840982,187,-0.3723,-0.4517,0.6768,-48.6565,74.3511,56.5649
302761.8997,840992,187,-0.3621,-0.4658,0.6799,-52.1832,73.6031,57.2672
302761.8997,841002,187,-0.3423,-0.4827,0.6675,-54.5954,73.9389,58.5649
302761.8997,841012,187,-0.2903,-0.5049,0.6519,-56.7023,75.6794,61.3282
302761.8997,841022,187,-0.2737,-0.5090,0.5991,-57.5573,79.9389,64.5954
302761.8997,841032,187,-0.2920,-0.5059,0.5271,-60.1374,83.1603,68.5954
302761.8997,841042,187,-0.3215,-0.5293,0.4358,-63.5878,80.4122,73.2824
302761.9600,841052,188,-0.3022,-0.5312,0.3733,-63.2366,73.6794,77.6641
302761.9600,841062,188,-0.2986,-0.5229,0.3521,-61.7405,66.6412,82.2595
302761.9600,841072,188,-0.2795,-0.4968,0.3367,-60.6870,58.8092,89.4809
302761.9600,841082,188,-0.2637,-0.4246,0.3457,-57.8321,52.6870,97.0840
302761.9600,841092,188,-0.2358,-0.3228,0.3630,-53.8473,47.0076,101.3740
302761.9600,841102,188,-0.2419,-0.2344,0.3425,-53.8473,45.0992,102.7939
302761.9600,841112,188,-0.2415,-0.1580,0.3132,-57.0229,42.8244,102.4275
302761.9600,841122,188,-0.2378,-0.0930,0.2830,-60.7328,38.5649,99.7405
302761.9600,841132,188,-0.2156,-0.0435,0.2427,-66.0763,33.7557,94.0611
302761.9600,841142,188,-0.2307,-0.0515,0.1772,-75.2214,29.9847,86.9313
302762.0818,841152,189,-0.2644,-0.1169,0.0618,-85.9237,26.5954,79.7405
302762.0818,841162,189,-0.3108,-0.1938,-0.0347,-92.1374,20.4427,76.0000
302762.0818,841172,189,-0.3076,-0.2617,-0.0676,-93.7405,5.9084,76.5038
302762.0818,841182,189,-0.2703,-0.2908,-0.0576,-90.3664,-10.2901,81.2824
302762.0818,841192,189,-0.2263,-0.2612,-0.0161,-82.8702,-22.1221,87.9084
302762.0818,841202,189,-0.2256,-0.2151,0.0342,-74.3359,-29.3435,95.5573
302762.0818,841212,189,-0.2168,-0.1106,0.0708,-63.1908,-33.8015,101.2366
302762.0818,841222,189,-0.2292,-0.0110,0.0859,-56.0611,-35.4198,104.3511
302762.0818,841232,189,-0.2397,0.0806,0.0916,-55.1450,-41.6489,103.4656
302762.0818,841242,189,-0.2585,0.1375,0.1074,-57.5267,-51.2366,99.4198
302762.2006,841252,190,-0.2571,0.1328,0.1265,-62.4580,-60.9924,93.8931
302762.2006,841262,190,-0.2534,0.0835,0.1624,-65.5420,-70.0305,89.1603
302762.2006,841272,190,-0.2529,0.0535,0.2019,-63.5115,-79.3130,87.1908
302762.2006,841282,190,-0.2478,0.0823,0.2700,-56.3206,-88.2290,88.1679
302762.2006,841292,190,-0.2202,0.1855,0.3865,-46.6412,-98.1832,89.2519
302762.2006,841302,190,-0.1990,0.3184,0.5002,-39.5725,-104.2443,88.3817
302762.2006,841312,190,-0.1792,0.4246,0.5713,-39.7557,-104.9771,83.3740
302762.2006,841322,190,-0.1917,0.4729,0.5928,-46.9924,-102.1069,74.6565
302762.2006,841332,190,-0.2600,0.4209,0.5376,-59.4504,-97.4351,63.3282
302762.2006,841342,190,-0.3337,0.3201,0.4905,-68.7939,-96.1069,55.2061
302762.2608,841352,191,-0.3582,0.2629,0.5093,-68.4275,-105.5878,53.1450
302762.2608,841362,191,-0.3218,0.2744,0.5825,-59.3740,-118.7176,55.5267
302762.2608,841372,191,-0.2620,0.3623,0.6875,-46.7328,-127.7252,56.5802
302762.2608,841382,191,-0.2156,0.4402,0.7539,-40.0611,-132.5038,52.8244
302762.2608,841392,191,-0.1814,0.4807,0.8113,-42.9466,-135.6794,45.8168
302762.2608,841402,191,-0.1436,0.4561,0.8557,-52.3053,-139.0687,38.3969
302762.2608,841412,191,-0.1519,0.4045,0.8821,-60.4733,-139.4504,31.6947
302762.2608,841422,191,-0.2004,0.3840,0.9067,-62.6718,-140.7481,25.8931
302762.2608,841432,191,-0.2383,0.3391,0.9058,-62.2290,-144.1527,21.4198
302762.2608,841442,191,-0.2896,0.3091,0.9351,-56.7328,-144.8702,18.7328
302762.3816,841452,192,-0.2910,0.3560,0.9792,-44.6565,-148.9618,17.2366
302762.3816,841462,192,-0.2559,0.4106,1.0515,-34.4275,-152.1679,14.1527
302762.3816,841472,192,-0.2170,0.5159,1.2056,-29.7710,-150.7786,4.5496
302762.3816,841482,192,-0.2170,0.5159,1.2056,-29.7710,-150.7786,4.5496
302762.3816,841492,192,-0.2002,0.5537,1.2888,-31.8015,-149.3130,-1.7252
302762.3816,841502,192,-0.1953,0.5630,1.3438,-34.9466,-144.1679,-10.0305
302762.3816,841512,192,-0.2290,0.5515,1.3564,-38.6412,-135.5573,-21.0229
302762.3816,841522,192,-0.2688,0.4915,1.3550,-43.0534,-130.6718,-32.7634
302762.3816,841532,192,-0.2834,0.3960,1.3506,-46.1527,-129.8626,-41.0687
302762.3816,841542,192,-0.2964,0.3696,1.3911,-41.2672,-128.3511,-44.3664
302762.5003,841552,193,-0.2544,0.4062,1.4629,-32.3664,-129.5878,-45.6794
302762.5003,841562,193,-0.2112,0.4631,1.5430,-25.2672,-127.3740,-48.0458
302762.5003,841572,193,-0.1785,0.5420,1.6025,-21.6031,-121.7405,-51.8473
302762.5003,841582,193,-0.1460,0.5918,1.6394,-23.7405,-114.9313,-59.0076
302762.5003,841592,193,-0.1060,0.5759,1.6531,-29.8779,-105.8321,-69.8168
302762.5003,841602,193,-0.1272,0.5039,1.5835,-35.9695,-91.8626,-83.7252
302762.5003,841612,193,-0.2097,0.3621,1.4851,-40.4122,-77.7557,-97.4504
302762.5003,841622,193,-0.2424,0.2598,1.4038,-37.5573,-75.1145,-103.2824
302762.5003,841632,193,-0.2495,0.1921,1.3862,-27.9695,-78.1527,-105.8015
302762.5003,841642,193,-0.2209,0.1914,1.4224,-14.5191,-79.8473,-107.0076
302762.5613,841652,194,-0.1743,0.2068,1.4761,-4.3969,-78.5344,-106.8550
302762.5613,841662,194,-0.1614,0.2207,1.5176,0.5954,-73.8321,-108.5954
302762.5613,841672,194,-0.1262,0.1958,1.5637,2.0458,-70.4580,-112.1985
302762.5613,841682,194,-0.0703,0.1357,1.6038,2.8855,-66.0153,-115.9847
302762.5613,841692,194,-0.0454,0.0940,1.6160,6.1527,-57.0534,-119.6031
302762.5613,841702,194,-0.0645,0.0510,1.5930,8.1069,-47.8015,-122.8550
302762.5613,841712,194,-0.0557,-0.0229,1.5535,8.0916,-41.3588,-124.9924
302762.5613,841722,194,-0.0398,-0.0898,1.5347,10.9160,-36.1527,-125.7863
302762.5613,841732,194,-0.0415,-0.1055,1.5234,17.6794,-31.5573,-124.7328
302762.5613,841742,194,-0.0503,-0.1023,1.5159,22.3664,-27.3435,-123.2061
302762.6815,841752,195,-0.0464,-0.0959,1.5178,24.0916,-24.0763,-121.4809
302762.6815,841762,195,-0.0667,-0.0854,1.5190,25.4962,-19.5573,-120.8702
302762.6815,841772,195,-0.0999,-0.0364,1.5342,27.6031,-16.3206,-122.5496
302762.6815,841782,195,-0.1116,0.0381,1.5627,27.1450,-15.4962,-125.0687
302762.6815,841792,195,-0.0945,0.1160,1.6025,23.2977,-16.1221,-131.2061
302762.6815,841802,195,-0.0251,0.1340,1.6460,15.0687,-15.9847,-143.3740
302762.6815,841812,195,0.0305,0.0022,1.6440,0.5496,-7.4962,-157.0840
302762.6815,841822,195,0.0469,-0.1321,1.6091,-9.3893,5.7405,-168.2137
302762.6815,841832,195,0.0759,-0.2888,1.5776,-14.9313,12.5496,-174.1374
302762.6815,841842,195,0.1187,-0.4221,1.5872,-17.7405,17.6489,-173.1908
302762.8009,841852,196,0.1338,-0.5046,1.5952,-16.8397,25.0229,-165.4809
302762.8009,841862,196,0.1614,-0.5498,1.5823,-13.5573,33.5725,-153.8931
302762.8009,841872,196,0.1453,-0.5789,1.5693,-8.7328,44.0305,-144.4733
302762.8009,841882,196,0.1106,-0.6096,1.5337,-6.2443,53.7099,-135.6336
302762.8009,841892,196,0.0808,-0.6599,1.5061,-5.1450,59.8321,-125.6336
302762.8009,841902,196,0.0713,-0.6865,1.5142,-2.3664,63.0076,-115.8779
302762.8009,841912,196,0.0911,-0.6521,1.5676,2.3359,70.2748,-94.7176
302762.8009,841922,196,0.0676,-0.6282,1.5645,2.3053,78.1679,-87.6031
302762.8009,841932,196,0.0454,-0.6064,1.5303,0.3359,85.3588,-81.0840
302762.8009,841942,196,0.0266,-0.6094,1.4827,-2.7328,90.6565,-76.3053
302762.8634,841952,197,-0.0078,-0.6235,1.4358,-5.1908,95.5267,-72.5496
302762.8634,841962,197,-0.0259,-0.6440,1.3843,-7.4046,98.9466,-67.2366
302762.8634,841972,197,-0.0527,-0.6702,1.3376,-8.1985,101.8473,-62.1221
302762.8634,841982,197,-0.0671,-0.6672,1.3201,-7.7557,103.3282,-55.4504
302762.8634,841992,197,-0.0571,-0.6345,1.3242,-6.6107,103.0076,-47.8473
302762.8634,842002,197,-0.0408,-0.5903,1.3418,-5.7099,102.3664,-42.3206
302762.8634,842012,197,0.0178,-0.5562,1.3628,-7.2519,103.5878,-38.7023
302762.8634,842022,197,0.0518,-0.5693,1.3228,-10.5802,111.2061,-37.1603
302762.8634,842032,197,0.0085,-0.6182,1.2417,-15.2977,122.3511,-36.9618
302762.8634,842042,197,-0.0232,-0.6848,1.1384,-19.3893,128.8092,-32.9466
302762.9799,842052,198,-0.0266,-0.7346,1.0830,-18.7786,128.1374,-27.2824
302762.9799,842062,198,-0.0293,-0.7502,1.0476,-16.6870,125.9695,-18.9160
302762.9799,842072,198,-0.0361,-0.7485,1.0020,-14.4122,127.2061,-7.8779
302762.9799,842082,198,-0.0762,-0.7141,0.9485,-10.0458,129.2977,1.5573
302762.9799,842092,198,-0.1167,-0.6799,0.9167,-6.4580,128.4122,9.2519
302762.9799,842102,198,-0.1248,-0.6487,0.9131,-3.5878,125.8168,16.2595
302762.9799,842112,198,-0.1445,-0.6394,0.8997,-1.2519,124.1221,21.2977
302762.9799,842122,198,-0.1418,-0.6609,0.8569,0.3053,122.3817,25.2824
302762.9799,842132,198,-0.1860,-0.7275,0.7988,2.1221,122.2137,31.0076
302762.9799,842142,198,-0.2078,-0.7585,0.7659,8.5344,118.9618,38.9466
302763.1000,842152,199,-0.2007,-0.7002,0.7671,17.6794,113.3130,49.6489
302763.1000,842162,199,-0.1638,-0.5867,0.7925,24.3206,108.4885,59.7557
302763.1000,842172,199,-0.1423,-0.4814,0.8115,25.7863,105.8931,65.6641
302763.1000,842182,199,-0.1296,-0.3977,0.8110,22.6107,104.4122,67.2977
302763.1000,842192,199,-0.1316,-0.3892,0.7754,14.0916,105.7405,65.6031
302763.1000,842202,199,-0.1719,-0.4004,0.7122,5.0992,109.3588,63.3893
302763.1000,842212,199,-0.1838,-0.4045,0.6638,-2.2901,107.8321,63.4962
302763.1000,842222,199,-0.1838,-0.3716,0.6284,-6.7939,103.3588,64.0000
302763.1000,842232,199,-0.1729,-0.3608,0.6028,-11.1908,99.0534,62.7786
302763.1000,842242,199,-0.1665,-0.3752,0.5452,-16.2137,95.8321,62.5191
302763.1612,842252,200,-0.1912,-0.4155,0.4771,-20.3359,94.2748,63.5573
302763.1612,842262,200,-0.2166,-0.4136,0.4185,-19.5878,91.2366,67.0382
302763.1612,842272,200,-0.2385,-0.3650,0.3845,-17.2824,86.0305,72.5344
302763.1612,842282,200,-0.2278,-0.2861,0.3931,-15.0687,79.1756,75.5573
302763.1612,842292,200,-0.2483,-0.2295,0.3765,-15.9389,75.4809,76.0153
302763.1612,842302,200,-0.2847,-0.1997,0.3313,-20.1069,72.3817,75.8473
302763.1612,842312,200,-0.3167,-0.1802,0.3018,-25.1298,67.5115,75.4198
302763.1612,842322,200,-0.3372,-0.1707,0.2715,-29.1603,60.3664,74.5649
302763.1612,842332,200,-0.3765,-0.1794,0.2478,-31.7252,54.6870,73.9389
302763.1612,842342,200,-0.3726,-0.1687,0.2583,-30.7786,48.0458,75.0229
302763.2818,842352,201,-0.3909,-0.1409,0.2720,-26.9313,42.5649,76.5954
302763.2818,842362,201,-0.4404,-0.1023,0.2610,-24.2137,39.4809,77.7710
302763.2818,842372,201,-0.4697,-0.0623,0.2556,-23.8015,34.1374,78.2137
302763.2818,842382,201,-0.4788,-0.0256,0.2717,-24.0916,26.2443,78.0763
302763.2818,842392,201,-0.4917,0.0078,0.2957,-24.1832,18.6260,76.6107
302763.2818,842402,201,-0.4966,0.0325,0.3186,-24.9160,11.1908,73.8168
302763.2818,842412,201,-0.5085,0.0159,0.3335,-27.1603,5.6183,70.9313
302763.2818,842422,201,-0.5205,-0.0083,0.3457,-27.4962,1.0534,69.4504
302763.2818,842432,201,-0.5056,0.0137,0.3850,-23.2672,-5.9237,69.5573
302763.2818,842442,201,-0.4846,0.0518,0.4536,-19.6183,-12.4427,69.2519
302763.4004,842452,202,-0.4614,0.0771,0.5188,-18.9466,-14.1527,69.1908
302763.4004,842462,202,-0.4922,0.1274,0.5366,-19.3282,-11.1908,69.5420
302763.4004,842472,202,-0.5210,0.1716,0.5505,-21.3282,-10.6412,68.4427
302763.4004,842482,202,-0.5181,0.2014,0.5647,-23.7405,-13.7710,65.3130
302763.4004,842492,202,-0.5125,0.2178,0.5813,-25.2366,-16.1527,61.4351
302763.4004,842502,202,-0.5068,0.2407,0.5847,-27.0840,-17.8626,57.8321
302763.4004,842512,202,-0.5012,0.2629,0.5972,-29.6336,-19.3282,54.6870
302763.4004,842522,202,-0.5044,0.3008,0.6094,-31.0382,-19.7252,51.7557
302763.4004,842532,202,-0.5061,0.3037,0.5967,-32.9466,-19.4046,47.3130
302763.4004,842542,202,-0.5391,0.2749,0.5703,-35.5878,-17.6183,41.9389
302763.4610,842552,203,-0.5461,0.2375,0.5486,-37.1908,-19.8779,38.7328
302763.4610,842562,203,-0.5320,0.2129,0.5645,-35.4809,-23.7710,38.6870
302763.4610,842572,203,-0.5117,0.2322,0.5967,-29.2366,-26.3817,39.2824
302763.4610,842582,203,-0.4924,0.2588,0.6733,-23.1145,-27.9237,39.1298
302763.4610,842592,203,-0.4912,0.3479,0.6978,-17.3588,-25.1298,38.7786
302763.4610,842602,203,-0.5500,0.4309,0.6992,-15.6031,-19.8473,36.2901
302763.4610,842612,203,-0.5903,0.4756,0.6594,-21.3893,-21.0992,30.1527
302763.4610,842622,203,-0.6213,0.3755,0.6165,-33.3588,-23.6641,22.0000
302763.4610,842632,203,-0.6299,0.2949,0.6003,-36.1069,-27.2672,16.7023
302763.4610,842642,203,-0.6411,0.2556,0.6047,-30.7481,-32.7939,14.4580
302763.5813,842652,204,-0.6177,0.2480,0.6519,-23.0382,-37.9084,13.8931
302763.5813,842662,204,-0.6016,0.2761,0.7161,-13.8779,-40.5344,14.6718
302763.5813,842672,204,-0.6179,0.3203,0.7644,-8.3053,-39.4656,15.5115
302763.5813,842682,204,-0.6523,0.3418,0.7852,-7.7863,-38.7481,15.8015
302763.5813,842692,204,-0.6794,0.3462,0.8044,-8.3664,-38.1679,13.8931
302763.5813,842702,204,-0.7156,0.3386,0.8237,-8.2137,-38.8092,10.9618
302763.5813,842712,204,-0.7168,0.3176,0.8738,-8.0916,-41.7863,7.9542
302763.5813,842722,204,-0.7153,0.2991,0.9165,-5.6794,-41.1145,5.9847
302763.5813,842732,204,-0.7441,0.3152,0.9517,-1.4656,-38.5344,3.9084
302763.5813,842742,204,-0.7468,0.3098,0.9829,0.7939,-38.4733,1.4809
302763.7004,842752,205,-0.7583,0.3115,1.0144,2.3053,-37.5878,-0.9924
302763.7004,842762,205,-0.7695,0.3044,1.0310,3.3740,-36.4885,-3.9542
302763.7004,842772,205,-0.7808,0.2986,1.0334,2.8702,-36.3359,-7.2366
302763.7004,842782,205,-0.7563,0.2832,1.0454,1.5725,-37.2366,-10.7328
302763.7004,842792,205,-0.7217,0.2639,1.0806,0.2137,-33.8015,-14.6260
302763.7004,842802,205,-0.7161,0.2300,1.0771,-1.2366,-27.8779,-18.3969
302763.7004,842812,205,-0.7065,0.1965,1.0759,-3.2061,-23.4504,-21.4962
302763.7004,842822,205,-0.6658,0.1638,1.0964,-5.3893,-19.1908,-23.7252
302763.7004,842832,205,-0.6624,0.1028,1.0828,-8.3206,-11.2977,-25.5878
302763.7004,842842,205,-0.6711,0.0457,1.0430,-7.9084,-5.2061,-27.9084
302763.7609,842852,206,-0.6689,0.0000,1.0149,-5.2824,-1.1145,-28.5038
302763.7609,842862,206,-0.6721,-0.0264,0.9866,-2.5191,-0.4580,-26.4580
302763.7609,842872,206,-0.6592,-0.0349,0.9600,0.5191,-2.7634,-23.3130
302763.7609,842882,206,-0.6379,-0.0361,0.9492,3.1298,-4.1374,-20.9313
302763.7609,842892,206,-0.6238,-0.0286,0.9326,4.7634,-3.6183,-18.9924
302763.7609,842902,206,-0.6243,-0.0259,0.9111,5.0229,-2.1679,-17.7099
302763.7609,842912,206,-0.6074,-0.0332,0.9031,3.8626,-1.8931,-16.5649
302763.7609,842922,206,-0.5779,-0.0530,0.9045,2.5496,-0.7939,-14.9008
302763.7609,842932,206,-0.5820,-0.0696,0.8894,2.2901,2.3511,-13.1450
302763.7609,842942,206,-0.6003,-0.0745,0.8616,2.9618,4.2290,-11.1908
302763.8820,842952,207,-0.5991,-0.0618,0.8599,3.7099,3.4351,-8.9466
302763.8820,842962,207,-0.5625,-0.0596,0.8838,4.1069,2.4427,-7.2519
302763.8820,842972,207,-0.5620,-0.0420,0.8801,5.2672,5.0534,-5.8321
302763.8820,842982,207,-0.5791,-0.0254,0.8562,5.7099,7.4656,-4.7939
302763.8820,842992,207,-0.5930,-0.0142,0.8318,4.9313,8.0305,-4.1221
302763.8820,843002,207,-0.5876,-0.0039,0.8237,4.0916,7.5878,-3.6031
302763.8820,843012,207,-0.5833,0.0054,0.8176,3.6031,7.8015,-3.5573
302763.8820,843022,207,-0.5969,0.0154,0.7869,2.8702,8.3511,-4.2290
302763.8820,843032,207,-0.5942,-0.0066,0.7642,0.8550,7.6183,-4.8092
302763.8820,843042,207,-0.5959,-0.0283,0.7415,0.6260,7.2672,-4.2748
302764.0008,843052,208,-0.6025,-0.0203,0.7437,2.9466,5.9084,-3.3130
302764.0008,843062,208,-0.5986,-0.0110,0.7563,4.7634,3.9084,-2.4580
302764.0008,843072,208,-0.5903,0.0049,0.7734,5.1450,2.8397,-1.1603
302764.0008,843082,208,-0.6003,0.0361,0.7771,5.8015,2.7481,-0.5954
302764.0008,843092,208,-0.6082,0.0459,0.7825,4.7176,2.0458,-1.2366
302764.0008,843102,208,-0.6162,0.0476,0.7808,2.6412,0.5954,-2.0000
302764.0008,843112,208,-0.6021,0.0505,0.7900,0.3053,-0.2901,-2.6718
302764.0008,843122,208,-0.5923,0.0237,0.7935,-1.8931,0.4122,-3.5573
302764.0008,843132,208,-0.6111,0.0120,0.7871,-2.2748,1.8015,-3.8931
302764.0008,843142,208,-0.6162,0.0093,0.7893,-1.9084,1.1603,-2.9771
302764.0600,843152,209,-0.6021,0.0042,0.8044,0.1679,-0.0763,-2.5954
302764.0600,843162,209,-0.6099,0.0090,0.8171,2.5344,0.8397,-2.2901
302764.0600,843172,209,-0.6138,0.0300,0.8230,3.2977,2.3206,-1.3435
302764.0600,843182,209,-0.6230,0.0271,0.8057,2.8550,3.3282,-1.5115
302764.0600,843192,209,-0.6287,0.0173,0.7935,2.5649,2.8550,-1.7252
302764.0600,843202,209,-0.6133,0.0137,0.7998,2.9466,1.4504,-1.5420
302764.0600,843212,209,-0.6169,0.0154,0.8003,3.2672,1.2214,-0.7939
302764.0600,843222,209,-0.6094,0.0264,0.8005,3.3282,1.0382,-0.0153
302764.0600,843232,209,-0.6067,0.0327,0.8000,2.7939,1.1908,0.0000
302764.0600,843242,209,-0.6064,0.0303,0.8008,1.7252,1.5573,-0.0305
302764.1804,843252,210,-0.5938,0.0181,0.7959,1.0076,2.5496,0.1069
302764.1804,843262,210,-0.6113,0.0278,0.7788,2.2748,4.3969,0.1985
302764.1804,843272,210,-0.6340,0.0386,0.7537,2.9771,4.6412,-0.1985
302764.1804,843282,210,-0.6331,0.0486,0.7471,2.5191,2.5344,-0.8550
302764.1804,843292,210,-0.6282,0.0435,0.7534,1.7863,-0.0153,-1.6794
302764.1804,843302,210,-0.6152,0.0322,0.7615,1.1908,-2.1679,-2.4580
302764.1804,843312,210,-0.6038,0.0259,0.7700,0.3053,-2.8244,-2.5802
302764.1804,843322,210,-0.5911,0.0032,0.7805,0.2290,-2.7481,-2.8550
302764.1804,843332,210,-0.5859,-0.0032,0.7893,0.6870,-1.6947,-2.4885
302764.1804,843342,210,-0.5906,-0.0056,0.7800,0.1985,-0.6565,-1.2061
302764.3006,843352,211,-0.5835,0.0081,0.7815,0.7481,-0.6718,-0.7176
302764.3006,843362,211,-0.5791,0.0066,0.7766,1.4046,-0.1069,-0.7786
302764.3006,843372,211,-0.5906,0.0059,0.7598,1.7557,1.0534,-0.7634
302764.3006,843382,211,-0.6101,0.0134,0.7390,2.1069,1.4962,-0.2748
302764.3006,843392,211,-0.6355,0.0249,0.7131,1.4198,0.2443,-0.0153
302764.3006,843402,211,-0.6448,0.0181,0.7036,0.3206,-2.6565,-0.1985
302764.3006,843412,211,-0.6418,0.0090,0.7200,0.1985,-5.9084,-0.3969
302764.3006,843422,211,-0.6467,0.0137,0.7480,0.9313,-8.8702,0.0458
302764.3006,843432,211,-0.6328,0.0342,0.7935,1.7099,-11.5420,0.8550
302764.3006,843442,211,-0.6101,0.0505,0.8496,2.3053,-12.3053,0.9008
302764.3616,843452,212,-0.5955,0.0654,0.8960,2.2595,-9.4198,0.1527
302764.3616,843462,212,-0.6116,0.0684,0.8933,0.3969,-4.6718,-0.9313
302764.3616,843472,212,-0.6262,0.0500,0.8777,-2.3817,-1.5573,-2.1374
302764.3616,843482,212,-0.6272,0.0359,0.8699,-2.9008,-1.4504,-3.3893
302764.3616,843492,212,-0.6111,0.0269,0.8687,-2.3206,-1.8321,-4.4122
302764.3616,843502,212,-0.6060,0.0090,0.8542,-2.5344,-0.7634,-4.2595
302764.3616,843512,212,-0.6150,0.0066,0.8313,-2.4275,0.6565,-2.7176
302764.3616,843522,212,-0.6218,0.0205,0.8135,-1.0382,0.7328,-1.2672
302764.3616,843532,212,-0.6187,0.0393,0.8093,-0.0916,0.1221,-0.5649
302764.3616,843542,212,-0.6052,0.0554,0.8120,-0.0763,0.2595,0.0763
302764.4821,843552,213,-0.6018,0.0664,0.8096,0.3206,2.0916,0.1221
302764.4821,843562,213,-0.6196,0.0752,0.7886,0.6870,4.1985,-0.6870
302764.4821,843572,213,-0.6279,0.0752,0.7722,0.1832,3.7710,-1.4809
302764.4821,843582,213,-0.6128,0.0635,0.7712,-0.4122,2.5802,-1.9237
302764.4821,843592,213,-0.6074,0.0518,0.7668,-0.2290,2.5496,-2.3053
302764.4821,843602,213,-0.6055,0.0449,0.7568,0.3206,2.0763,-2.5954
302764.4821,843612,213,-0.6104,0.0420,0.7563,0.5191,0.7328,-2.3359
302764.4821,843622,213,-0.6006,0.0437,0.7666,0.0611,-1.0229,-1.5420
302764.4821,843632,213,-0.5962,0.0452,0.7805,0.2595,-1.9084,-1.1756
302764.4821,843642,213,-0.6003,0.0393,0.7805,0.5344,-1.9847,-1.4504
302764.6096,843652,214,-0.6001,0.0222,0.7788,1.0992,-2.0305,-1.3740
302764.6096,843662,214,-0.5999,0.0303,0.7861,3.1756,-2.1374,-0.7786
302764.6096,843672,214,-0.6016,0.0488,0.7952,5.4046,-1.8321,-0.6870
302764.6096,843682,214,-0.6113,0.0728,0.7844,5.9237,-0.6718,-0.9160
302764.6096,843692,214,-0.6255,0.0566,0.7886,4.0000,-0.4580,-1.4809
302764.6096,843702,214,-0.6230,0.0579,0.7871,4.3511,-1.8015,-2.3359
302764.6096,843712,214,-0.6362,0.0745,0.7949,5.0076,-1.7252,-3.1450
302764.6096,843722,214,-0.6279,0.0630,0.7998,3.1756,-2.5496,-4.4885
302764.6096,843732,214,-0.6152,0.0447,0.8115,0.5802,-2.9924,-5.3588
302764.6096,843742,214,-0.6091,0.0278,0.8250,-1.0992,-2.1374,-4.6565
302764.6607,843752,215,-0.6165,0.0305,0.8276,-0.9313,-0.9466,-4.3817
302764.6607,843762,215,-0.6248,0.0190,0.8320,-1.2214,-0.4275,-4.3053
302764.6607,843772,215,-0.6343,0.0205,0.8347,-0.4733,-0.6412,-3.9237
302764.6607,843782,215,-0.6343,0.0261,0.8345,0.3969,-0.6870,-3.5267
302764.6607,843792,215,-0.6348,0.0266,0.8445,1.1756,-0.3817,-3.0534
302764.6607,843802,215,-0.6455,0.0327,0.8525,2.1527,1.3740,-2.7481
302764.6607,843812,215,-0.6475,0.0454,0.8511,2.3359,2.8397,-2.2290
302764.6607,843822,215,-0.6755,0.0513,0.8442,1.2519,4.6718,-2.3511
302764.6607,843832,215,-0.6704,0.0376,0.8357,-0.1679,3.4962,-3.0992
302764.6607,843842,215,-0.6724,0.0371,0.8408,-1.0229,2.8244,-2.8397
302764.8406,843852,216,-0.6768,0.0278,0.8333,-2.5496,2.5191,-2.9008
302764.8406,843862,216,-0.6750,0.0010,0.8352,-3.4351,2.3206,-3.0229
302764.8406,843872,216,-0.6765,0.0022,0.8452,-1.6641,2.4885,-2.5496
302764.8406,843882,216,-0.6792,0.0095,0.8584,0.4275,3.4046,-2.2901
302764.8406,843892,216,-0.6819,0.0134,0.8760,1.4962,4.6718,-2.2748
302764.8406,843902,216,-0.6863,0.0127,0.8804,0.5649,7.0687,-2.1527
302764.8406,843912,216,-0.7153,0.0044,0.8723,-0.9008,9.3740,-2.1069
302764.8406,843922,216,-0.7285,-0.0042,0.8674,-1.9847,9.8626,-1.8779
302764.8406,843932,216,-0.7244,-0.0146,0.8787,-3.2672,9.6794,-1.8779
302764.8406,843942,216,-0.7256,-0.0310,0.8833,-4.5649,10.2901,-1.8321
302764.9000,843952,217,-0.7268,-0.0461,0.8879,-4.1069,11.6947,-1.1603
302764.9000,843962,217,-0.7290,-0.0537,0.8936,-2.2748,13.3893,-0.7481
302764.9000,843972,217,-0.7373,-0.0657,0.8865,-0.3664,15.8626,-0.2443
302764.9000,843982,217,-0.7563,-0.0779,0.8752,1.6183,18.9008,0.9466
302764.9000,843992,217,-0.7690,-0.0815,0.8572,3.5115,20.9313,1.9389
302764.9000,844002,217,-0.7747,-0.0996,0.8352,4.7023,22.7328,3.0076
302764.9000,844012,217,-0.7930,-0.0955,0.8086,5.8931,24.1221,3.9237
302764.9000,844022,217,-0.7981,-0.1084,0.7886,4.9924,23.4046,4.5649
302764.9000,844032,217,-0.7986,-0.1194,0.7878,3.2519,21.6183,5.5573
302764.9000,844042,217,-0.7737,-0.1248,0.8032,1.2061,18.6260,6.6718
302764.9615,844052,218,-0.7363,-0.1472,0.8389,-1.5725,16.1221,7.1298
302764.9615,844062,218,-0.6975,-0.1655,0.8635,-3.4046,16.3969,7.6489
302764.9615,844072,218,-0.6650,-0.1797,0.8628,-4.8702,19.5573,7.6947
302764.9615,844082,218,-0.6443,-0.1968,0.8481,-7.3282,23.5878,7.4656
302764.9615,844092,218,-0.6274,-0.2012,0.8162,-10.3359,28.3511,7.2977
302764.9615,844102,218,-0.6326,-0.2112,0.7637,-14.7786,32.0305,6.1374
302764.9615,844112,218,-0.6130,-0.2363,0.7178,-21.5878,31.6947,4.4427
302764.9615,844122,218,-0.5645,-0.2737,0.6829,-29.2672,29.2824,2.7634
302764.9615,844132,218,-0.5132,-0.3110,0.6482,-37.2672,27.3435,1.1908
302764.9615,844142,218,-0.4634,-0.3506,0.6130,-45.6489,26.0153,0.8092
302765.0811,844152,219,-0.4292,-0.4050,0.5593,-53.7863,24.9160,1.0840
302765.0811,844162,219,-0.4119,-0.4873,0.4919,-59.6031,24.0916,3.8931
302765.0811,844172,219,-0.4006,-0.5298,0.4539,-60.0458,22.0000,11.8626
302765.0811,844182,219,-0.3574,-0.4958,0.4431,-56.1832,16.3053,21.7405
302765.0811,844192,219,-0.3186,-0.4431,0.4392,-52.8244,12.3817,32.1527
302765.0811,844202,219,-0.3003,-0.3635,0.4170,-49.9389,11.4809,40.3206
302765.0811,844212,219,-0.2896,-0.2878,0.3943,-49.2824,10.2595,45.5725
302765.0811,844222,219,-0.2751,-0.2415,0.3679,-51.5267,7.2977,49.3893
302765.0811,844232,219,-0.2490,-0.1873,0.3474,-54.0458,2.9008,51.1298
302765.0811,844242,219,-0.2410,-0.1528,0.3311,-58.8092,-3.0687,51.5115
302765.2001,844252,220,-0.2366,-0.1357,0.3135,-63.4962,-10.9160,52.7176
302765.2001,844262,220,-0.2346,-0.0913,0.3074,-64.9771,-16.7786,54.8092
302765.2001,844272,220,-0.2349,-0.0447,0.2964,-65.6794,-23.1145,55.4962
302765.2001,844282,220,-0.2354,-0.0330,0.2759,-67.0534,-30.3053,55.2214
302765.2001,844292,220,-0.2209,-0.0215,0.2666,-66.4122,-38.2443,54.7176
302765.2001,844302,220,-0.2070,0.0154,0.2859,-64.5802,-46.1679,56.0000
302765.2001,844312,220,-0.1887,0.0583,0.3220,-61.6794,-52.7481,57.0382
302765.2001,844322,220,-0.2100,0.1084,0.3333,-59.8168,-58.2748,56.3817
302765.2001,844332,220,-0.2351,0.1411,0.3469,-60.0611,-64.7328,54.6870
302765.2001,844342,220,-0.2305,0.1733,0.3740,-60.2595,-74.0916,52.9466
302765.2613,844352,221,-0.2107,0.1985,0.4226,-60.2137,-84.3817,49.6183
302765.2613,844362,221,-0.1836,0.2151,0.4912,-61.9695,-93.2824,45.0840
302765.2613,844372,221,-0.1750,0.2036,0.5657,-64.8550,-97.2366,43.0229
302765.2613,844382,221,-0.1738,0.2275,0.6238,-61.9237,-99.2977,42.6565
302765.2613,844392,221,-0.1877,0.3035,0.6660,-56.5496,-101.0229,40.0000
302765.2613,844402,221,-0.1909,0.3333,0.7249,-55.8779,-105.1145,33.4046
302765.2613,844412,221,-0.1863,0.3354,0.7715,-57.0992,-106.5954,28.4580
302765.2613,844422,221,-0.1965,0.3467,0.7983,-55.6031,-106.6260,24.0458
302765.2613,844432,221,-0.2371,0.3677,0.8149,-54.6260,-107.8931,19.2824
302765.2613,844442,221,-0.2571,0.3965,0.8398,-53.9084,-111.8779,14.7634
302765.4396,844452,222,-0.2510,0.4202,0.8679,-53.7710,-116.9160,9.5878
302765.4396,844462,222,-0.2466,0.4036,0.8931,-54.6870,-121.1145,2.1985
302765.4396,844472,222,-0.2371,0.3816,0.9255,-53.5878,-125.5573,-4.9008
302765.4396,844482,222,-0.2153,0.3386,0.9761,-51.6336,-130.0305,-11.2672
302765.4396,844492,222,-0.2327,0.2410,1.0181,-49.9389,-129.2977,-14.8855
302765.4396,844502,222,-0.2644,0.2336,1.0686,-39.6947,-127.2519,-13.6031
302765.4396,844512,222,-0.2676,0.3184,1.1597,-25.4656,-129.4656,-11.6489
302765.4396,844522,222,-0.1960,0.3887,1.2769,-16.7023,-132.6107,-12.2290
302765.4396,844532,222,-0.1689,0.4692,1.3501,-13.6183,-131.1298,-15.0992
302765.4396,844542,222,-0.1509,0.5139,1.3853,-16.1832,-126.6870,-22.7328
302765.5009,844552,223,-0.1497,0.4924,1.3889,-22.0763,-121.7252,-34.1374
302765.5009,844562,223,-0.1594,0.4053,1.3567,-27.4504,-116.4733,-48.1832
302765.5009,844572,223,-0.1880,0.2603,1.3059,-30.2595,-110.2290,-59.0534
302765.5009,844582,223,-0.1887,0.1470,1.2861,-25.8473,-107.4656,-61.7557
302765.5009,844592,223,-0.1846,0.1135,1.3013,-14.3206,-106.6565,-58.9771
302765.5009,844602,223,-0.1670,0.1646,1.3687,-0.1679,-106.8244,-55.3893
302765.5009,844612,223,-0.1204,0.2612,1.4585,11.4656,-106.9008,-53.2519
302765.5009,844622,223,-0.0757,0.3413,1.5400,14.7786,-103.4198,-54.3969
302765.5009,844632,223,-0.0681,0.3784,1.5762,10.7023,-96.5038,-57.5115
302765.5009,844642,223,-0.0701,0.4099,1.6101,8.1679,-87.8321,-63.2061
302765.5616,844652,224,-0.0544,0.4089,1.6155,7.9695,-79.8168,-72.9618
302765.5616,844662,224,-0.1194,0.3479,1.5442,5.5725,-66.6412,-83.4656
302765.5616,844672,224,-0.1904,0.2798,1.4580,4.4885,-58.4427,-90.0916
302765.5616,844682,224,-0.1829,0.2231,1.4565,8.0458,-60.6565,-94.4275
302765.5616,844692,224,-0.1519,0.2009,1.4971,15.3740,-62.5802,-96.9008
302765.5616,844702,224,-0.1243,0.2095,1.5464,21.6641,-62.2290,-99.7863
302765.5616,844712,224,-0.0896,0.1865,1.5845,22.9160,-61.1450,-102.7023
302765.5616,844722,224,-0.0566,0.1526,1.6250,22.5954,-57.0687,-106.0611
302765.5616,844732,224,-0.0107,0.1118,1.6504,22.5191,-51.6183,-109.6336
302765.5616,844742,224,0.0330,0.0808,1.6860,22.4733,-44.9313,-112.2137
302765.6808,844752,225,0.0740,0.0420,1.6890,20.9924,-36.4122,-113.3893
302765.6808,844762,225,0.0642,0.0149,1.6504,20.6718,-24.3511,-113.2366
302765.6808,844772,225,0.0234,-0.0020,1.5894,22.7939,-12.8855,-112.4427
302765.6808,844782,225,-0.0139,-0.0134,1.5352,26.5802,-5.4962,-111.8779
302765.6808,844792,225,-0.0481,0.0007,1.5359,31.6947,-2.0611,-110.6870
302765.6808,844802,225,-0.0569,0.0444,1.5676,35.7863,-1.0076,-109.7405
302765.6808,844812,225,-0.0679,0.0647,1.6035,36.1832,2.2137,-111.2977
302765.6808,844822,225,-0.0710,0.0823,1.6538,34.9771,5.4809,-114.0611
302765.6808,844832,225,-0.0508,0.0762,1.7122,32.1527,9.3282,-117.6947
302765.6808,844842,225,-0.0442,0.0583,1.7368,27.7863,16.8702,-122.7481
302765.8010,844852,226,-0.0347,-0.0049,1.7295,22.0916,25.5878,-128.0611
302765.8010,844862,226,-0.0366,-0.0974,1.7095,16.9313,33.4962,-132.3664
302765.8010,844872,226,-0.0300,-0.1863,1.6848,13.9237,40.2901,-133.0687
302765.8010,844882,226,-0.0376,-0.2737,1.6533,14.1832,47.7557,-132.3206
302765.8010,844892,226,-0.0693,-0.3394,1.6311,17.5267,54.3511,-129.2977
302765.8010,844902,226,-0.0903,-0.3406,1.6428,24.5344,58.0305,-122.1985
302765.8010,844912,226,-0.0593,-0.3105,1.6819,30.3053,60.9313,-116.6260
302765.8010,844922,226,-0.0576,-0.2856,1.6887,30.3206,69.4504,-112.9313
302765.8010,844932,226,-0.0667,-0.3250,1.6482,25.7405,78.4733,-110.9924
302765.8010,844942,226,-0.0847,-0.3870,1.6101,22.7023,84.9924,-110.3511
302765.8609,844952,227,-0.0767,-0.4360,1.5947,20.3969,89.2061,-107.4504
302765.8609,844962,227,-0.0833,-0.4861,1.5671,18.3969,94.6107,-103.4351
302765.8609,844972,227,-0.1011,-0.4827,1.5354,17.8168,99.5573,-97.5115
302765.8609,844982,227,-0.1055,-0.4983,1.4929,16.6107,102.8244,-92.6412
302765.8609,844992,227,-0.1040,-0.5662,1.4524,13.6794,106.1679,-89.9237
302765.8609,845002,227,-0.1101,-0.6211,1.4060,10.6718,109.9695,-84.4275
302765.8609,845012,227,-0.1221,-0.6545,1.3604,10.9466,113.3130,-77.2824
302765.8609,845022,227,-0.1123,-0.6631,1.3386,12.3511,114.8092,-69.0534
302765.8609,845032,227,-0.1096,-0.6621,1.3103,13.4809,116.8092,-61.1298
302765.8609,845042,227,-0.1213,-0.6584,1.2649,13.8168,119.9542,-53.7863
302765.9810,845052,228,-0.1396,-0.6692,1.2058,12.4580,121.9237,-47.0992
302765.9810,845062,228,-0.1357,-0.6772,1.1667,10.6565,121.3282,-40.4122
302765.9810,845072,228,-0.1294,-0.6899,1.1418,9.1298,120.2290,-33.4046
302765.9810,845082,228,-0.1316,-0.6873,1.1152,8.6412,120.3817,-25.8931
302765.9810,845092,228,-0.1411,-0.6777,1.0862,8.4733,121.8626,-17.8931
302765.9810,845102,228,-0.1582,-0.6494,1.0520,8.3359,122.4427,-10.6412
302765.9810,845112,228,-0.1694,-0.6050,1.0383,6.4275,123.6183,-4.4733
302765.9810,845122,228,-0.1995,-0.5723,0.9980,2.1527,126.9466,1.5420
302765.9810,845132,228,-0.2537,-0.5430,0.9514,-1.8168,128.7176,5.4656
302765.9810,845142,228,-0.2576,-0.5125,0.9260,-5.1298,125.7252,7.7405
302766.1014,845152,229,-0.2537,-0.4895,0.9221,-9.0534,121.8168,9.1908
302766.1014,845162,229,-0.2595,-0.4763,0.9275,-14.3969,119.5878,10.8092
302766.1014,845172,229,-0.2571,-0.4771,0.9219,-18.9466,117.4809,12.5802
302766.1014,845182,229,-0.2563,-0.4924,0.9082,-22.0153,116.0000,13.3282
302766.1014,845192,229,-0.2561,-0.5054,0.8865,-25.1450,115.1298,15.6183
302766.1014,845202,229,-0.2493,-0.5020,0.8398,-27.8168,114.9466,20.0000
302766.1014,845212,229,-0.2473,-0.5137,0.7947,-29.4962,115.2519,22.9466
302766.1014,845222,229,-0.2578,-0.5291,0.7129,-30.6260,115.7863,28.3359
302766.1014,845232,229,-0.2891,-0.5090,0.6389,-29.5267,114.6107,34.8397
302766.1014,845242,229,-0.3062,-0.4731,0.6138,-28.9924,110.1832,40.5954
302766.1611,845252,230,-0.3018,-0.4250,0.5994,-29.2519,104.7328,46.0305
302766.1611,845262,230,-0.2952,-0.3916,0.5779,-30.9008,100.5802,48.9771
302766.1611,845272,230,-0.3042,-0.3875,0.5576,-35.2824,96.4733,50.5496
302766.1611,845282,230,-0.2839,-0.4077,0.5417,-39.5573,91.7710,53.9084
302766.1611,845292,230,-0.2781,-0.4072,0.5266,-39.9237,89.4351,58.0611
302766.1611,845302,230,-0.2913,-0.3923,0.4941,-39.4351,87.2366,61.3740
302766.1611,845312,230,-0.2942,-0.3914,0.4619,-40.4275,83.2366,64.7786
302766.1611,845322,230,-0.2930,-0.3777,0.4348,-39.6947,78.7481,69.0229
302766.1611,845332,230,-0.2900,-0.3723,0.4075,-39.2214,73.8626,72.8092
302766.1611,845342,230,-0.3245,-0.3625,0.3667,-38.1679,70.8855,77.0534
302766.2805,845352,231,-0.3369,-0.3186,0.3530,-36.8855,65.1450,81.9542
302766.2805,845362,231,-0.3064,-0.2759,0.3625,-36.6260,55.4198,85.2519
302766.2805,845372,231,-0.2761,-0.2490,0.3789,-38.0763,48.0916,87.3282
302766.2805,845382,231,-0.2832,-0.2146,0.3833,-39.5725,43.6489,90.5649
302766.2805,845392,231,-0.2791,-0.1501,0.3958,-39.7252,38.8397,92.5954
302766.2805,845402,231,-0.2646,-0.1064,0.4004,-42.2748,34.7634,92.8702
302766.2805,845412,231,-0.2585,-0.0872,0.3767,-46.3817,33.4504,92.6412
302766.2805,845422,231,-0.2622,-0.0796,0.3367,-50.1679,32.9008,91.3893
302766.2805,845432,231,-0.2734,-0.0959,0.2976,-53.5420,29.6641,90.3359
302766.2805,845442,231,-0.2380,-0.1040,0.2798,-54.3206,22.0458,90.9313
302766.4010,845452,232,-0.1934,-0.1035,0.2964,-53.7557,14.7939,92.7176
302766.4010,845462,232,-0.2051,-0.0923,0.2781,-51.8779,12.5344,95.9542
302766.4010,845472,232,-0.2161,-0.0337,0.2476,-48.2290,11.2061,99.3282
302766.4010,845482,232,-0.2083,0.0349,0.2200,-45.7863,4.2748,102.2748
302766.4010,845492,232,-0.2048,0.1064,0.2021,-46.3053,-4.7786,103.4962
302766.4010,845502,232,-0.1963,0.1819,0.1978,-48.1679,-14.9924,103.0840
302766.4010,845512,232,-0.1750,0.2070,0.1829,-53.2824,-24.6870,99.6489
302766.4010,845522,232,-0.1809,0.2122,0.1824,-58.3969,-30.4275,94.1527
302766.4010,845532,232,-0.1926,0.2131,0.1926,-62.7786,-37.4809,89.4504
302766.4010,845542,232,-0.1711,0.1846,0.2097,-67.1603,-47.0382,86.0000
302766.4607,845552,233,-0.1589,0.1228,0.2336,-69.7099,-51.3588,83.8473
302766.4607,845562,233,-0.1797,0.1292,0.2554,-66.7786,-51.7405,84.3359
302766.4607,845572,233,-0.2073,0.1758,0.2881,-61.4962,-56.3359,87.0840
302766.4607,845582,233,-0.2085,0.2419,0.3257,-56.2290,-65.3893,88.7328
302766.4607,845592,233,-0.1956,0.3159,0.3867,-53.4046,-74.7328,87.2977
302766.4607,845602,233,-0.1831,0.3608,0.4526,-56.6412,-82.7328,84.1069
302766.4607,845612,233,-0.1929,0.3662,0.5098,-63.8779,-86.6718,81.3435
302766.4607,845622,233,-0.1870,0.3625,0.5747,-67.8168,-89.9237,76.6565
302766.4607,845632,233,-0.1946,0.3569,0.6191,-69.4656,-93.4504,70.8397
302766.4607,845642,233,-0.2141,0.3735,0.6707,-70.4733,-95.9542,67.2977
302766.5814,845652,234,-0.1707,0.3967,0.7385,-70.1069,-101.0687,65.3588
302766.5814,845662,234,-0.1555,0.4373,0.8167,-69.4046,-102.3664,62.9313
302766.5814,845672,234,-0.1719,0.5017,0.8540,-68.4885,-99.2824,61.3282
302766.5814,845682,234,-0.1829,0.5330,0.8411,-68.5496,-98.2901,56.5344
302766.5814,845692,234,-0.2383,0.5208,0.8208,-72.4427,-97.1145,45.3588
302766.5814,845702,234,-0.2939,0.4548,0.7913,-77.3435,-98.9771,37.5420
302766.5814,845712,234,-0.2847,0.4329,0.8247,-72.7939,-106.0153,33.7863
302766.5814,845722,234,-0.1721,0.4524,0.9102,-63.4351,-116.0458,32.9160
302766.5814,845732,234,-0.0986,0.4773,1.0027,-58.5496,-121.1908,35.0076
302766.5814,845742,234,-0.0559,0.5059,1.0798,-54.3664,-117.9389,35.6183
302766.7007,845752,235,-0.1052,0.5659,1.0845,-48.0153,-107.8626,32.1069
302766.7007,845762,235,-0.1829,0.6353,1.0576,-44.1527,-98.4580,26.7328
302766.7007,845772,235,-0.2415,0.6421,1.0029,-47.2519,-98.9771,19.0840
302766.7007,845782,235,-0.2971,0.5991,0.9783,-50.6107,-103.0840,10.1527
302766.7007,845792,235,-0.2944,0.5989,0.9775,-47.2366,-111.6489,4.1679
302766.7007,845802,235,-0.2861,0.5964,1.0203,-44.1374,-120.7328,-1.6641
302766.7007,845812,235,-0.2690,0.6270,1.1003,-40.8092,-127.2366,-6.1221
302766.7007,845822,235,-0.2354,0.6758,1.2039,-37.0229,-131.7710,-11.0229
302766.7007,845832,235,-0.1755,0.6736,1.3167,-36.4427,-133.1450,-19.0534
302766.7007,845842,235,-0.1299,0.6433,1.3962,-36.9771,-128.0153,-27.1450
302766.7610,845852,236,-0.1548,0.6228,1.4019,-35.5420,-115.9084,-34.5954
302766.7610,845862,236,-0.1890,0.5898,1.3708,-33.7710,-106.4427,-43.2824
302766.7610,845872,236,-0.2046,0.5115,1.3523,-32.2901,-102.6870,-50.7023
302766.7610,845882,236,-0.2012,0.5010,1.3682,-26.7634,-100.2901,-54.9618
302766.7610,845892,236,-0.1707,0.4893,1.4053,-22.4275,-101.0687,-59.0840
302766.7610,845902,236,-0.1250,0.4734,1.4438,-18.8550,-100.8244,-64.1527
302766.7610,845912,236,-0.1094,0.4890,1.4705,-16.1069,-97.2061,-69.4351
302766.7610,845922,236,-0.1003,0.4817,1.4790,-17.1145,-91.6641,-75.0076
302766.7610,845932,236,-0.0845,0.4441,1.4683,-19.0840,-86.0763,-82.0916
302766.7610,845942,236,-0.1035,0.3665,1.4421,-21.5267,-77.7557,-89.1908
302766.8816,845952,237,-0.1292,0.3008,1.4148,-22.4122,-70.0763,-93.1450
302766.8816,845962,237,-0.1528,0.2544,1.4031,-19.0687,-65.7710,-95.2519
302766.8816,845972,237,-0.1499,0.2290,1.4094,-11.8015,-65.2672,-96.3664
302766.8816,845982,237,-0.1260,0.2385,1.4548,-4.1069,-67.2366,-96.3511
302766.8816,845992,237,-0.0654,0.2383,1.5200,-0.4122,-68.3969,-97.1908
302766.8816,846002,237,-0.0083,0.1926,1.5640,0.1679,-64.6107,-98.6718
302766.8816,846012,237,0.0127,0.1641,1.5894,2.2901,-56.7786,-100.3817
302766.8816,846022,237,0.0288,0.1606,1.5942,4.1527,-47.8015,-100.6870
302766.8816,846032,237,0.0210,0.1621,1.5630,4.7939,-37.7710,-101.2061
302766.8816,846042,237,0.0046,0.1411,1.5198,4.7634,-28.6718,-102.5649
302767.0010,846052,238,-0.0137,0.1245,1.4746,5.4046,-20.7176,-102.8855
302767.0010,846062,238,-0.0603,0.1252,1.4321,8.6260,-13.7557,-102.6870
302767.0010,846072,238,-0.1028,0.1443,1.4001,13.4046,-10.0000,-102.8244
302767.0010,846082,238,-0.1201,0.1746,1.4087,17.1756,-10.2290,-103.2519
302767.0010,846092,238,-0.0981,0.1909,1.4392,19.0382,-11.3740,-105.0382
302767.0010,846102,238,-0.0967,0.1687,1.4656,18.9924,-9.3893,-108.5038
302767.0010,846112,238,-0.0837,0.1287,1.4932,18.7023,-6.3206,-111.2214
302767.0010,846122,238,-0.0820,0.0872,1.5146,20.3817,-2.5802,-113.5267
302767.0010,846132,238,-0.0862,0.0549,1.5315,22.6565,2.8397,-115.1756
302767.0010,846142,238,-0.1003,0.0381,1.5425,23.6794,9.3282,-115.5420
302767.0610,846152,239,-0.1091,0.0361,1.5581,23.9695,15.3435,-116.2290
302767.0610,846162,239,-0.1101,0.0227,1.5754,22.6260,19.8015,-117.3435
302767.0610,846172,239,-0.1160,0.0027,1.5750,21.9847,24.2748,-119.2977
302767.0610,846182,239,-0.1187,-0.0176,1.5754,20.9313,27.6489,-122.3817
302767.0610,846192,239,-0.1099,-0.0747,1.5759,16.8550,30.0916,-124.2290
302767.0610,846202,239,-0.0735,-0.1252,1.6011,13.3282,33.7099,-124.2595
302767.0610,846212,239,-0.0444,-0.1477,1.6587,10.4885,38.4733,-121.5878
302767.0610,846222,239,0.0071,-0.1846,1.7009,4.0458,42.8550,-117.1756
302767.0610,846232,239,0.0378,-0.2532,1.6902,-4.4122,51.3282,-113.1298
302767.0610,846242,239,-0.0183,-0.3252,1.6382,-12.9160,63.6489,-108.3359
302767.1812,846252,240,-0.0500,-0.4172,1.5759,-18.6565,72.1221,-103.1145
302767.1812,846262,240,-0.0706,-0.4695,1.5264,-17.5267,78.0763,-98.8702
302767.1812,846272,240,-0.0811,-0.5151,1.4873,-15.0382,84.0305,-94.4580
302767.1812,846282,240,-0.1018,-0.5366,1.4517,-12.6870,90.3817,-88.2901
302767.1812,846292,240,-0.1152,-0.5444,1.4148,-10.3969,96.3359,-81.0229
302767.1812,846302,240,-0.1511,-0.5271,1.3875,-7.7099,104.1374,-72.9160
302767.1812,846312,240,-0.2097,-0.4946,1.3503,-5.5878,110.0916,-65.6336
302767.1812,846322,240,-0.2383,-0.4839,1.3269,-5.0382,111.2366,-61.1145
302767.1812,846332,240,-0.2717,-0.4795,1.2925,-5.1450,112.5954,-57.9237
302767.1812,846342,240,-0.2732,-0.5037,1.2656,-6.7023,113.3282,-54.2443
302767.3000,846352,241,-0.2795,-0.5088,1.2671,-6.3053,113.1603,-50.2595
302767.3000,846362,241,-0.2493,-0.4761,1.2683,-5.4351,113.3435,-44.0305
302767.3000,846372,241,-0.2312,-0.4705,1.2542,-4.3511,115.6183,-40.5649
302767.3000,846382,241,-0.2427,-0.4822,1.2051,-4.4733,121.3435,-39.9084
302767.3000,846392,241,-0.2458,-0.5129,1.1516,-7.9237,126.6107,-36.2443
302767.3000,846402,241,-0.2644,-0.5549,1.1077,-10.6107,128.6565,-31.3588
302767.3000,846412,241,-0.2476,-0.5469,1.0820,-9.5573,128.0611,-24.5496
302767.3000,846422,241,-0.2358,-0.5103,1.0518,-7.8321,127.4656,-18.5954
302767.3000,846432,241,-0.2688,-0.5083,0.9998,-9.0687,129.6031,-14.8092
302767.3000,846442,241,-0.3110,-0.5042,0.9429,-10.3053,130.0458,-10.6107
302767.3598,846452,242,-0.3123,-0.4966,0.9062,-10.0763,126.2901,-5.9084
302767.3598,846462,242,-0.2864,-0.4790,0.8979,-8.8092,121.6183,-2.2748
302767.3598,846472,242,-0.2607,-0.4351,0.8940,-9.0382,120.1985,1.0992
302767.3598,846482,242,-0.2788,-0.4324,0.8430,-13.5267,122.5496,3.3893
302767.3598,846492,242,-0.3103,-0.4626,0.7844,-18.5191,123.2214,5.3130
302767.3598,846502,242,-0.3103,-0.4756,0.7473,-21.2214,119.3435,8.3053
302767.3598,846512,242,-0.2993,-0.4844,0.7217,-22.3206,116.3969,12.3969
302767.3598,846522,242,-0.3015,-0.4856,0.6709,-22.8855,115.2366,16.8244
302767.3598,846532,242,-0.3232,-0.4895,0.6172,-23.8168,113.6336,20.7634
302767.3598,846542,242,-0.3401,-0.4861,0.5679,-24.7634,109.7405,25.1450
302767.4820,846552,243,-0.3540,-0.4668,0.5552,-25.0687,104.4580,29.6641
302767.4820,846562,243,-0.3533,-0.4351,0.5491,-24.8092,99.0229,35.0687
302767.4820,846572,243,-0.3489,-0.3894,0.5408,-24.0153,94.5344,38.7176
302767.4820,846582,243,-0.3594,-0.3457,0.5288,-24.7328,90.7328,39.2061
302767.4820,846592,243,-0.3809,-0.3508,0.4880,-30.2290,87.2519,39.3130
302767.4820,846602,243,-0.3984,-0.3694,0.4512,-35.3740,82.9771,39.8626
302767.4820,846612,243,-0.3938,-0.3743,0.4646,-38.4427,74.9618,41.6183
302767.4820,846622,243,-0.3613,-0.3650,0.4841,-40.2137,68.2137,45.3588
302767.4820,846632,243,-0.3530,-0.3442,0.4944,-41.6794,66.8702,48.2137
302767.4820,846642,243,-0.3733,-0.3645,0.4666,-44.6870,67.3588,50.1374
302767.6105,846652,244,-0.3909,-0.3967,0.4292,-46.9924,67.6336,53.6031
302767.6105,846662,244,-0.3962,-0.3865,0.4072,-45.8015,63.8626,57.6336
302767.6105,846672,244,-0.3621,-0.3774,0.4160,-45.6641,55.6183,61.9542
302767.6105,846682,244,-0.3220,-0.3533,0.4292,-45.2672,49.2824,66.5802
302767.6105,846692,244,-0.2991,-0.3162,0.4329,-44.7481,46.2137,69.8931
302767.6105,846702,244,-0.3193,-0.2922,0.4028,-46.6260,44.5344,72.1069
302767.6105,846712,244,-0.3267,-0.2910,0.3662,-49.6794,42.5802,75.0992
302767.6105,846722,244,-0.3235,-0.2520,0.3389,-50.9618,38.1985,78.5344
302767.6105,846732,244,-0.3186,-0.2251,0.3113,-52.8397,32.7023,80.0916
302767.6105,846742,244,-0.3000,-0.1965,0.2874,-55.1908,26.0000,81.0382
302767.6605,846752,245,-0.2808,-0.1733,0.2590,-58.1679,18.9466,81.8321
302767.6605,846762,245,-0.2654,-0.1631,0.2310,-62.3359,11.7252,81.1298
302767.6605,846772,245,-0.2610,-0.1748,0.2073,-67.4504,4.1374,80.2137
302767.6605,846782,245,-0.2542,-0.2244,0.2036,-73.2214,-3.4351,80.7481
302767.6605,846792,245,-0.2361,-0.2935,0.2002,-75.5573,-9.1756,84.7634
302767.6605,846802,245,-0.2278,-0.2920,0.2144,-70.7023,-12.4275,91.1603
302767.6605,846812,245,-0.1833,-0.2488,0.2751,-64.3206,-18.7786,97.8931
302767.6605,846822,245,-0.1360,-0.1956,0.3259,-61.1756,-26.2595,105.1145
302767.6605,846832,245,-0.1106,-0.1450,0.3765,-63.5573,-29.4198,112.4885
302767.6605,846842,245,-0.1091,-0.0667,0.4080,-66.7939,-29.5267,120.5038
302767.7819,846852,246,-0.1409,0.0137,0.4536,-69.1450,-29.5267,127.4046
302767.7819,846862,246,-0.1465,0.1035,0.4775,-70.0000,-33.1450,129.8015
302767.7819,846872,246,-0.1707,0.1631,0.4690,-74.9771,-34.4580,128.7023
302767.7819,846882,246,-0.2241,0.2031,0.4358,-79.0992,-32.9771,126.0611
302767.7819,846892,246,-0.2583,0.2649,0.4280,-77.8626,-37.8321,119.6183
302767.7819,846902,246,-0.2712,0.3176,0.4370,-77.5725,-46.3969,112.3053
302767.7819,846912,246,-0.2625,0.3589,0.4512,-80.2595,-54.1679,106.1069
302767.7819,846922,246,-0.2607,0.3958,0.4678,-84.9466,-58.8397,99.2672
302767.7819,846932,246,-0.2812,0.4348,0.4780,-88.0458,-63.3893,92.7023
302767.7819,846942,246,-0.2842,0.4924,0.4897,-88.1069,-71.5573,83.8931
302767.9009,846952,247,-0.2708,0.4812,0.4673,-90.7939,-78.4580,71.9389
302767.9009,846962,247,-0.3218,0.4104,0.4370,-96.1679,-77.7863,60.1832
302767.9009,846972,247,-0.3875,0.3613,0.4338,-96.7634,-81.8626,51.5573
302767.9009,846982,247,-0.3960,0.3381,0.4954,-91.1603,-95.6794,48.6107
302767.9009,846992,247,-0.3401,0.3848,0.6116,-80.2137,-111.1908,48.7786
302767.9009,847002,247,-0.2786,0.4871,0.7454,-69.1908,-120.4122,47.4046
302767.9009,847012,247,-0.2439,0.5493,0.8687,-66.9466,-121.6947,44.6107
302767.9009,847022,247,-0.2556,0.5977,0.9414,-69.1756,-119.7252,41.9695
302767.9009,847032,247,-0.2656,0.6499,0.9536,-70.3969,-117.8473,32.5191
302767.9009,847042,247,-0.3013,0.6355,0.9536,-75.6031,-114.1679,16.7481
302767.9604,847052,248,-0.3013,0.4995,0.9324,-83.4809,-115.6336,1.0229
302767.9604,847062,248,-0.3115,0.3167,0.9128,-86.8092,-118.8244,-8.5802
302767.9604,847072,248,-0.2874,0.2146,0.9395,-80.6412,-125.4656,-9.2977
302767.9604,847082,248,-0.2415,0.2256,1.0254,-64.6565,-133.4962,-4.0000
302767.9604,847092,248,-0.1868,0.3538,1.1294,-45.9695,-138.9160,2.1069
302767.9604,847102,248,-0.1707,0.5149,1.2146,-35.3435,-135.6641,4.4427
302767.9604,847112,248,-0.2009,0.6160,1.2295,-35.2061,-129.0076,-1.3130
302767.9604,847122,248,-0.2402,0.6316,1.1982,-40.5496,-122.2595,-14.7023
302767.9604,847132,248,-0.2852,0.5278,1.1528,-50.2290,-117.3282,-31.4656
302767.9604,847142,248,-0.2891,0.3516,1.1448,-57.2214,-118.7481,-43.0229
302768.0812,847152,249,-0.2310,0.2446,1.1716,-52.8855,-124.5496,-45.9237
302768.0812,847162,249,-0.1753,0.2109,1.2358,-40.3053,-126.9618,-44.8550
302768.0812,847172,249,-0.1511,0.2058,1.3062,-28.8244,-126.7939,-42.5038
302768.0812,847182,249,-0.0957,0.2390,1.3745,-19.7863,-125.7405,-38.8397
302768.0812,847192,249,-0.0676,0.2666,1.4348,-14.0916,-120.5954,-36.5344
302768.0812,847202,249,-0.0525,0.3015,1.4590,-10.9160,-113.2977,-36.8855
302768.0812,847212,249,-0.0789,0.3313,1.4385,-9.6489,-104.0153,-41.5573
302768.0812,847222,249,-0.1016,0.3125,1.3958,-11.1908,-98.0611,-49.3588
302768.0812,847232,249,-0.0876,0.2603,1.3562,-12.0305,-94.6107,-55.7710
302768.0812,847242,249,-0.0745,0.2153,1.3403,-11.3588,-93.1756,-59.9695
302768.2009,847252,250,-0.0522,0.1860,1.3550,-10.5038,-92.9313,-61.4046
302768.2009,847262,250,-0.0176,0.1851,1.3857,-7.8168,-91.7557,-61.5115
302768.2009,847272,250,0.0449,0.1787,1.4297,-5.1603,-88.8244,-62.1221
302768.2009,847282,250,0.0977,0.1726,1.4570,-4.4275,-81.5878,-61.1603
302768.2009,847292,250,0.0911,0.1870,1.4011,-4.1832,-69.8168,-60.5038
302768.2009,847302,250,0.0134,0.1853,1.3125,-4.8244,-58.5802,-64.0305
302768.2009,847312,250,-0.0476,0.1450,1.2207,-5.7557,-53.3130,-67.8321
302768.2009,847322,250,-0.1218,0.0903,1.1523,-4.0305,-53.3588,-69.6489
302768.2009,847332,250,-0.1633,0.0918,1.1860,3.3130,-59.7099,-69.0076
302768.2009,847342,250,-0.1272,0.1638,1.2893,13.6794,-70.8397,-66.2748
302768.2607,847352,251,-0.0762,0.2485,1.4202,23.1908,-75.2824,-68.5802
302768.2607,847362,251,-0.0632,0.3052,1.5088,26.4122,-71.3435,-74.7634
302768.2607,847372,251,-0.0654,0.3064,1.5481,20.8550,-65.4504,-82.0000
302768.2607,847382,251,-0.0681,0.2607,1.5750,13.6336,-58.8092,-90.1985
302768.2607,847392,251,-0.0374,0.2153,1.5967,9.1298,-52.6565,-98.1832
302768.2607,847402,251,0.0015,0.1711,1.6223,6.2901,-46.2748,-104.8855
302768.2607,847412,251,0.0259,0.1130,1.6223,3.9542,-37.9695,-110.1832
302768.2607,847422,251,0.0234,0.0552,1.5879,3.8168,-28.1832,-115.0229
302768.2607,847432,251,0.0107,0.0046,1.5479,4.9618,-19.7863,-118.2901
302768.2607,847442,251,-0.0137,-0.0576,1.5078,5.4809,-15.0229,-119.6489
302768.3799,847452,252,-0.0369,-0.0964,1.4978,8.8244,-11.4962,-119.0840
302768.3799,847462,252,-0.0273,-0.1047,1.5327,15.0534,-9.8473,-116.6107
302768.3799,847472,252,-0.0295,-0.0896,1.5703,21.0382,-5.5420,-113.4656
302768.3799,847482,252,-0.0405,-0.0608,1.5916,24.6718,0.7481,-112.5802
302768.3799,847492,252,-0.0596,-0.0679,1.6062,24.3359,5.6336,-113.2366
302768.3799,847502,252,-0.0596,-0.0728,1.6304,21.8931,10.4122,-113.0534
302768.3799,847512,252,-0.0586,-0.0654,1.6501,20.6565,15.1603,-112.0916
302768.3799,847522,252,-0.0383,-0.0605,1.6794,19.3435,19.8626,-112.9008
302768.3799,847532,252,-0.0054,-0.0681,1.7000,16.4275,25.4962,-115.6031
302768.3799,847542,252,0.0107,-0.0950,1.6890,12.4885,34.4275,-118.3053
302768.5606,847552,253,-0.0061,-0.1243,1.6543,9.6183,45.7405,-120.4733
302768.5606,847562,253,-0.0186,-0.1602,1.6008,6.9466,53.4962,-121.5878
302768.5606,847572,253,-0.0205,-0.1829,1.5725,5.4962,57.9084,-121.4962
302768.5606,847582,253,0.0166,-0.1865,1.5625,5.4962,63.2214,-119.9084
302768.5606,847592,253,-0.0264,-0.1848,1.5161,3.5420,73.2214,-117.7099
302768.5606,847602,253,-0.0369,-0.1746,1.4717,1.9084,79.4198,-116.1985
302768.5606,847612,253,-0.0415,-0.1863,1.4614,1.5725,81.8168,-116.7786
302768.5606,847622,253,-0.0269,-0.1882,1.4514,-0.2443,85.3588,-115.8931
302768.5606,847632,253,-0.0212,-0.2219,1.4441,-2.9008,89.1145,-115.6489
302768.5606,847642,253,-0.0144,-0.2642,1.4153,-4.6412,93.4504,-114.9924
302768.5623,847652,254,-0.0078,-0.2993,1.3892,-4.8092,97.1603,-113.6641
302768.5623,847662,254,0.0015,-0.3218,1.3662,-4.0153,102.0153,-111.4962
302768.5623,847672,254,-0.0007,-0.3584,1.3269,-4.8244,107.9847,-108.6260
302768.5623,847682,254,-0.0193,-0.4084,1.2693,-6.5802,112.5954,-104.8244
302768.5623,847692,254,-0.0234,-0.4578,1.2205,-7.4656,114.4122,-99.7099
302768.5623,847702,254,-0.0376,-0.4978,1.1960,-8.0000,115.1450,-93.6794
302768.5623,847712,254,-0.0576,-0.5334,1.1663,-8.0611,116.3206,-85.1298
302768.5623,847722,254,-0.0813,-0.5693,1.1296,-6.1069,117.9847,-76.8092
302768.5623,847732,254,-0.1255,-0.5828,1.1077,-2.4427,120.1832,-69.0229
302768.5623,847742,254,-0.1387,-0.5649,1.0996,1.0229,120.0916,-59.3130
302768.6806,847752,255,-0.1589,-0.5486,1.0774,3.3893,118.6718,-51.3282
302768.6806,847762,255,-0.1807,-0.5474,1.0625,4.7786,118.8550,-46.3053
302768.6806,847772,255,-0.1963,-0.5691,1.0364,4.9160,118.7176,-42.2595
302768.6806,847782,255,-0.2168,-0.6016,1.0178,4.1832,117.2519,-38.3664
302768.6806,847792,255,-0.2197,-0.6335,0.9951,2.5802,114.8855,-31.8168
302768.6806,847802,255,-0.2239,-0.6663,0.9814,0.9924,112.2901,-24.0305
302768.6806,847812,255,-0.2258,-0.6826,0.9482,1.9084,106.5954,-6.4427
302768.6806,847822,255,-0.2002,-0.6831,0.9524,3.0382,105.1908,1.1450
302768.6806,847832,255,-0.2036,-0.6628,0.9304,3.2061,107.5115,9.9237
302768.6806,847842,255,-0.2222,-0.6309,0.9070,3.2061,109.6336,18.2443
302768.8010,847852,0,-0.2466,-0.5725,0.8879,4.4427,110.3053,24.4427
302768.8010,847862,0,-0.2507,-0.5083,0.8750,4.8244,109.3435,28.8855
302768.8010,847872,0,-0.2791,-0.4658,0.8384,2.3359,108.5191,30.8702
302768.8010,847882,0,-0.2993,-0.4421,0.7996,-2.5649,107.4351,32.6870
302768.8010,847892,0,-0.3091,-0.4302,0.7715,-7.5420,104.6565,33.8473
302768.8010,847902,0,-0.3008,-0.4160,0.7402,-10.8092,101.5573,35.6489
302768.8010,847912,0,-0.2727,-0.4253,0.7175,-13.2366,98.6412,36.7939
302768.8010,847922,0,-0.2556,-0.4368,0.6855,-15.6641,96.5802,37.9389
302768.8010,847932,0,-0.2292,-0.4646,0.6538,-18.8397,95.1908,41.6336
302768.8010,847942,0,-0.2119,-0.4565,0.6323,-18.2137,96.3206,47.0534
302768.8609,847952,1,-0.2385,-0.4143,0.6001,-16.7786,98.4275,51.8626
302768.8609,847962,1,-0.2561,-0.3706,0.5486,-18.1832,95.8626,56.7023
302768.8609,847972,1,-0.2893,-0.3074,0.5149,-20.1527,92.1679,60.0916
302768.8609,847982,1,-0.3433,-0.2700,0.4590,-24.2443,87.7863,61.5878
302768.8609,847992,1,-0.3765,-0.2534,0.4153,-27.5267,82.9008,62.2595
302768.8609,848002,1,-0.4014,-0.2292,0.4009,-28.8855,75.7710,62.6870
302768.8609,848012,1,-0.3916,-0.2083,0.3940,-30.5191,67.1145,64.3511
302768.8609,848022,1,-0.3813,-0.1741,0.4131,-30.6260,60.1985,65.5420
302768.8609,848032,1,-0.3701,-0.1406,0.4324,-29.9847,56.4122,65.7710
302768.8609,848042,1,-0.3835,-0.1157,0.4165,-30.1221,54.7786,65.4809
302768.9810,848052,2,-0.3784,-0.0889,0.4146,-31.8015,51.5115,65.4351
302768.9810,848062,2,-0.3618,-0.0569,0.4343,-34.2748,47.4351,65.6794
302768.9810,848072,2,-0.3625,-0.0393,0.4253,-36.1679,45.5573,64.6565
302768.9810,848082,2,-0.3940,-0.0237,0.3994,-38.2901,45.2824,62.2137
302768.9810,848092,2,-0.4231,-0.0244,0.3625,-41.8321,41.4198,60.9008
302768.9810,848102,2,-0.4341,-0.0349,0.3521,-44.5649,34.5954,60.4580
302768.9810,848112,2,-0.4407,-0.0244,0.3665,-43.9237,27.3130,61.2519
302768.9810,848122,2,-0.4436,-0.0017,0.3721,-42.1069,22.4580,62.7328
302768.9810,848132,2,-0.4856,0.0317,0.3674,-39.6489,20.6565,63.8931
302768.9810,848142,2,-0.5105,0.0791,0.3684,-36.6107,16.3817,64.7176
302769.1006,848152,3,-0.5168,0.1301,0.3892,-35.0840,11.0534,64.9618
302769.1006,848162,3,-0.5300,0.1721,0.4058,-34.6107,7.5725,64.3053
302769.1006,848172,3,-0.5605,0.1931,0.4062,-34.6260,5.6183,61.9542
302769.1006,848182,3,-0.5898,0.2056,0.4126,-34.8092,2.3664,59.0382
302769.1006,848192,3,-0.6016,0.2124,0.4421,-34.8855,-1.2977,57.2366
302769.1006,848202,3,-0.6006,0.2410,0.4841,-32.7328,-5.1145,55.0840
302769.1006,848212,3,-0.5889,0.2542,0.5317,-32.2290,-9.5115,51.2214
302769.1006,848222,3,-0.5664,0.2344,0.5752,-33.4198,-13.1145,46.2595
302769.1006,848232,3,-0.5854,0.1921,0.5735,-34.6870,-12.9313,43.3282
302769.1006,848242,3,-0.6292,0.1545,0.5549,-34.7023,-11.9695,42.1374
302769.1614,848252,4,-0.6372,0.1333,0.5720,-32.9008,-15.2977,42.5802
302769.1614,848262,4,-0.6108,0.1533,0.6216,-28.5802,-20.6870,45.3893
302769.1614,848272,4,-0.5842,0.2224,0.6924,-22.6260,-23.8626,47.5725
302769.1614,848282,4,-0.5740,0.2893,0.7429,-19.4046,-22.8855,47.4046
302769.1614,848292,4,-0.6008,0.3313,0.7336,-19.3282,-17.8168,45.4198
302769.1614,848302,4,-0.6545,0.3481,0.7051,-20.7634,-13.4504,41.3893
302769.1614,848312,4,-0.6890,0.3464,0.6746,-23.5267,-12.9466,37.5573
302769.1614,848322,4,-0.6946,0.3445,0.6707,-24.1221,-15.0382,34.6412
302769.1614,848332,4,-0.6831,0.3540,0.6772,-22.6718,-17.6336,31.4962
302769.1614,848342,4,-0.6775,0.3584,0.6826,-22.0916,-18.9466,28.8397
302769.2807,848352,5,-0.6960,0.3562,0.6948,-21.5725,-19.3282,26.5191
302769.2807,848362,5,-0.7227,0.3611,0.7021,-20.0916,-18.9466,24.8550
302769.2807,848372,5,-0.7305,0.3701,0.7224,-16.5802,-19.0534,22.3969
302769.2807,848382,5,-0.7393,0.3838,0.7437,-13.0687,-18.7176,19.0382
302769.2807,848392,5,-0.7615,0.3955,0.7583,-11.0992,-17.9695,15.8779
302769.2807,848402,5,-0.7556,0.4048,0.7883,-10.3664,-18.7939,12.2748
302769.2807,848412,5,-0.7437,0.3850,0.8042,-11.8168,-19.1908,8.0916
302769.2807,848422,5,-0.7288,0.3513,0.8289,-13.0076,-18.9313,3.4962
302769.2807,848432,5,-0.7383,0.3098,0.8201,-14.5954,-16.6718,0.3359
302769.2807,848442,5,-0.7512,0.2627,0.8140,-16.2595,-14.3053,-1.2977
302769.4008,848452,6,-0.7339,0.2395,0.8391,-12.5802,-14.1679,-2.8702
302769.4008,848462,6,-0.7109,0.2361,0.8755,-8.0305,-11.8931,-3.9847
302769.4008,848472,6,-0.7239,0.2209,0.8618,-6.4427,-6.4275,-4.5649
302769.4008,848482,6,-0.7561,0.2104,0.8428,-5.7252,-1.4198,-5.3435
302769.4008,848492,6,-0.7566,0.1880,0.8286,-4.1985,-0.5954,-6.3817
302769.4008,848502,6,-0.7622,0.1763,0.8184,-1.5573,-1.8321,-7.0382
302769.4008,848512,6,-0.7463,0.1816,0.8247,0.7634,-3.6031,-6.6107
302769.4008,848522,6,-0.7356,0.1855,0.8259,0.7786,-3.5420,-7.1756
302769.4008,848532,6,-0.7344,0.1597,0.8127,-1.4046,-2.5038,-8.1221
302769.4008,848542,6,-0.7190,0.1338,0.8167,-2.1221,-2.5496,-8.3359
302769.4600,848552,7,-0.6975,0.1240,0.8276,-0.4580,-1.4504,-8.0916
302769.4600,848562,7,-0.7146,0.1138,0.8069,0.7481,2.3359,-8.7176
302769.4600,848572,7,-0.7258,0.0933,0.7749,-0.2595,4.0305,-8.7481
302769.4600,848582,7,-0.7158,0.0745,0.7593,-0.8244,2.5496,-7.9695
302769.4600,848592,7,-0.7019,0.0635,0.7581,-0.6718,1.7252,-6.7634
302769.4600,848602,7,-0.6892,0.0576,0.7559,0.4733,2.6565,-5.5573
302769.4600,848612,7,-0.7148,0.0703,0.7371,3.1908,4.9313,-4.8244
302769.4600,848622,7,-0.7273,0.0938,0.7241,5.0687,5.2061,-4.4733
302769.4600,848632,7,-0.7209,0.1086,0.7227,5.2061,3.5420,-4.4885
302769.4600,848642,7,-0.6968,0.1113,0.7439,5.3588,3.1145,-5.1756
302769.5807,848652,8,-0.6963,0.1191,0.7397,5.9695,5.4504,-6.6870
302769.5807,848662,8,-0.7109,0.1174,0.7178,4.4122,7.7252,-8.6870
302769.5807,848672,8,-0.7107,0.0903,0.6973,0.7786,8.0763,-10.0153
302769.5807,848682,8,-0.7156,0.0576,0.6731,-1.6031,7.6183,-10.6107
302769.5807,848692,8,-0.6868,0.0198,0.6868,-1.0840,4.4580,-11.1145
302769.5807,848702,8,-0.6848,0.0186,0.6824,0.3511,2.8702,-10.4275
302769.5807,848712,8,-0.6892,0.0032,0.6763,-1.3130,3.1145,-8.3206
302769.5807,848722,8,-0.6802,-0.0007,0.6873,-0.3053,2.3664,-6.3511
302769.5807,848732,8,-0.6794,0.0142,0.6897,2.8550,2.7023,-5.5420
302769.5807,848742,8,-0.6877,0.0303,0.6743,3.9389,3.0840,-4.9466
302769.7007,848752,9,-0.7024,0.0403,0.6646,2.7634,2.9313,-3.9389
302769.7007,848762,9,-0.7039,0.0435,0.6672,0.9771,1.6489,-2.6260
302769.7007,848772,9,-0.6692,0.0713,0.6846,1.3130,0.1374,-2.5496
302769.7007,848782,9,-0.6667,0.0811,0.6814,-0.3206,3.0534,-2.9466
302769.7007,848792,9,-0.7014,0.0906,0.6558,-2.2595,6.8244,-4.0305
302769.7007,848802,9,-0.7070,0.0720,0.6548,-3.0687,7.1908,-6.0916
302769.7007,848812,9,-0.6938,0.0530,0.6614,-2.4885,6.5802,-7.5267
302769.7007,848822,9,-0.7046,0.0203,0.6531,-2.6565,7.3282,-6.7481
302769.7007,848832,9,-0.7009,0.0076,0.6387,-1.7557,6.4885,-3.8931
302769.7007,848842,9,-0.7104,0.0076,0.6521,1.0382,4.7634,-1.1756
302769.7609,848852,10,-0.7158,0.0281,0.6685,5.6336,0.3664,-0.5954
302769.7609,848862,10,-0.7151,0.0627,0.6936,7.4809,-2.0305,0.5802
302769.7609,848872,10,-0.6711,0.0708,0.7249,6.6565,0.1679,2.0153
302769.7609,848882,10,-0.6650,0.0645,0.7349,7.1603,13.6489,2.7176
302769.7609,848892,10,-0.7227,0.0601,0.7046,9.3282,28.7634,1.7099
302769.7609,848902,10,-0.7351,0.0562,0.6748,12.5344,33.0992,0.7176
302769.7609,848912,10,-0.7322,0.0662,0.6692,15.0229,32.0458,1.5420
302769.7609,848922,10,-0.7444,0.0791,0.6526,15.4198,30.5191,2.9618
302769.7609,848932,10,-0.7266,0.0935,0.6658,13.9542,28.8092,1.9084
302769.7609,848942,10,-0.7568,0.0725,0.6538,10.9008,28.3359,0.0611
302769.8813,848952,11,-0.7415,0.0911,0.6523,8.9160,26.0763,-2.0763
302769.8813,848962,11,-0.7324,0.0593,0.6411,1.8168,23.5573,-1.2977
302769.8813,848972,11,-0.7642,0.0493,0.6348,0.2748,21.5267,-0.0458
302769.8813,848982,11,-0.7815,0.0676,0.6294,2.9924,16.2137,-0.5649
302769.8813,848992,11,-0.7817,0.0627,0.6165,2.7786,8.1221,-0.4275
302769.8813,849002,11,-0.7903,0.0698,0.6101,2.4122,0.5802,0.5038
302769.8813,849012,11,-0.7554,0.0854,0.6284,3.2672,-6.5344,1.4198
302769.8813,849022,11,-0.7397,0.1001,0.6543,4.2901,-8.0763,0.8397
302769.8813,849032,11,-0.7454,0.0823,0.6504,2.9924,-7.0687,0.5038
302769.8813,849042,11,-0.7388,0.0928,0.6663,4.2595,-6.7939,0.2901
302770.0607,849052,12,-0.7234,0.1033,0.6877,5.3893,-5.0229,-0.2290
302770.0607,849062,12,-0.7361,0.1064,0.6809,3.8626,-0.5191,-0.7786
302770.0607,849072,12,-0.7686,0.0959,0.6470,1.8779,2.7328,-1.3130
302770.0607,849082,12,-0.7742,0.0979,0.6321,1.2214,0.9313,-1.6794
302770.0607,849092,12,-0.7678,0.1006,0.6306,0.5191,-2.5954,-1.8931
302770.0607,849102,12,-0.7512,0.0991,0.6414,-0.7481,-5.6947,-2.2443
302770.0607,849112,12,-0.7458,0.0813,0.6477,-1.3282,-6.7176,-2.3969
302770.0607,849122,12,-0.7490,0.0688,0.6409,0.2748,-8.0153,-2.1374
302770.0607,849132,12,-0.7371,0.0732,0.6562,3.1908,-9.0229,-1.6031
302770.0607,849142,12,-0.7185,0.0903,0.6819,4.3969,-7.3130,-1.0382
302770.0624,849152,13,-0.7129,0.0923,0.7014,2.8244,-2.1221,-0.3206
302770.0624,849162,13,-0.7437,0.1042,0.6833,2.4122,2.9313,-0.6107
302770.0624,849172,13,-0.7424,0.1099,0.6770,2.1069,3.9847,-0.8092
302770.0624,849182,13,-0.7493,0.1121,0.6589,2.8397,4.5802,-1.4809
302770.0624,849192,13,-0.7693,0.1089,0.6396,2.9008,4.7328,-2.3817
302770.0624,849202,13,-0.7732,0.1045,0.6191,1.9542,2.7023,-2.9313
302770.0624,849212,13,-0.7754,0.1042,0.6143,1.3740,-0.4580,-3.4504
302770.0624,849222,13,-0.7664,0.0938,0.6174,1.0687,-4.5649,-3.8626
302770.0624,849232,13,-0.7505,0.0952,0.6367,1.0076,-7.8931,-3.6794
302770.0624,849242,13,-0.7476,0.0942,0.6589,-0.0458,-9.7099,-3.1145
302770.1809,849252,14,-0.7170,0.0818,0.6824,0.4733,-10.9313,-2.4885
302770.1809,849262,14,-0.7083,0.0994,0.7046,3.3588,-6.0153,-2.5496
302770.1809,849272,14,-0.7397,0.1072,0.6870,3.6794,0.5191,-2.6412
302770.1809,849282,14,-0.7515,0.1228,0.6794,3.2519,2.9924,-2.7023
302770.1809,849292,14,-0.7651,0.1292,0.6619,2.9771,3.4504,-3.8168
302770.1809,849302,14,-0.7693,0.1128,0.6533,1.8473,2.9771,-5.3282
302770.1809,849312,14,-0.7649,0.0996,0.6499,1.2214,1.6336,-5.9237
302770.1809,849322,14,-0.7693,0.1072,0.6477,1.7252,0.5496,-6.4580
302770.1809,849332,14,-0.7646,0.1025,0.6492,1.0840,-0.4580,-7.1145
302770.1809,849342,14,-0.7656,0.1016,0.6572,0.8092,-1.1145,-7.5725
302770.3007,849352,15,-0.7668,0.0957,0.6653,0.8550,-1.8473,-8.2290
302770.3007,849362,15,-0.7620,0.0991,0.6743,0.5802,-2.1679,-8.6565
302770.3007,849372,15,-0.7747,0.1091,0.6838,0.0000,-1.3893,-9.1756
302770.3007,849382,15,-0.7937,0.1140,0.6782,-0.8397,-1.3893,-10.0611
302770.3007,849392,15,-0.7959,0.1047,0.6899,-2.3969,-2.8855,-11.0992
302770.3007,849402,15,-0.7878,0.0894,0.6963,-4.1985,-4.5802,-12.4275
302770.3007,849412,15,-0.7856,0.0728,0.7029,-5.8626,-4.6107,-13.7557
302770.3007,849422,15,-0.7771,0.0439,0.6968,-7.1298,-3.5878,-14.7176
302770.3007,849432,15,-0.7852,0.0342,0.6858,-6.7939,-1.5725,-15.4809
302770.3007,849442,15,-0.7812,0.0144,0.6946,-6.8855,0.1832,-15.1450
302770.3615,849452,16,-0.7798,0.0120,0.6892,-5.3740,2.8397,-15.1145
302770.3615,849462,16,-0.7822,0.0059,0.6875,-4.6718,4.9313,-14.7939
302770.3615,849472,16,-0.8083,0.0098,0.6758,-5.5573,6.9008,-13.7863
302770.3615,849482,16,-0.8201,-0.0037,0.6736,-6.3969,7.2977,-13.0076
302770.3615,849492,16,-0.8291,-0.0105,0.6873,-6.4427,6.6412,-12.1985
302770.3615,849502,16,-0.8274,-0.0215,0.7102,-6.0763,6.1374,-10.9160
302770.3615,849512,16,-0.8303,-0.0225,0.7339,-4.7328,6.8702,-10.7023
302770.3615,849522,16,-0.8215,-0.0298,0.7527,-4.8855,8.1679,-10.9313
302770.3615,849532,16,-0.8198,-0.0547,0.7505,-6.7328,11.0229,-11.0382
302770.3615,849542,16,-0.8320,-0.0928,0.7385,-8.3359,14.3817,-10.1679
302770.4823,849552,17,-0.8477,-0.1108,0.7212,-8.0153,16.4885,-6.6870
302770.4823,849562,17,-0.8672,-0.0884,0.7097,-5.2519,18.2901,-3.7099
302770.4823,849572,17,-0.8804,-0.0872,0.6973,-4.6412,19.3282,-2.5649
302770.4823,849582,17,-0.8838,-0.0981,0.6899,-5.8779,18.7481,-1.6794
302770.4823,849592,17,-0.8740,-0.1086,0.6985,-7.5115,17.0382,-1.1756
302770.4823,849602,17,-0.8813,-0.1238,0.7070,-10.4427,15.9847,-1.0229
302770.4823,849612,17,-0.8838,-0.1555,0.7297,-14.3359,15.2519,-0.7939
302770.4823,849622,17,-0.8611,-0.1833,0.7659,-16.4427,16.8092,0.3206
302770.4823,849632,17,-0.8579,-0.1851,0.7952,-16.3511,20.3053,2.2290
302770.4823,849642,17,-0.8540,-0.1802,0.8062,-16.7023,24.0763,3.4198
302770.6057,849652,18,-0.8369,-0.2012,0.7969,-19.3435,28.2290,3.7099
302770.6057,849662,18,-0.8267,-0.2368,0.7578,-22.9008,33.1603,4.0000
302770.6057,849672,18,-0.8198,-0.3088,0.6973,-26.3511,37.2519,4.9618
302770.6057,849682,18,-0.8169,-0.3811,0.6296,-26.8855,41.5267,8.0916
302770.6057,849692,18,-0.8181,-0.4124,0.5857,-23.8779,42.6260,14.1527
302770.6057,849702,18,-0.7852,-0.4114,0.5571,-20.3206,39.4504,22.1374
302770.6057,849712,18,-0.7388,-0.3818,0.5513,-18.1221,35.8473,30.0916
302770.6057,849722,18,-0.7039,-0.3457,0.5588,-19.2366,33.0534,37.2824
302770.6057,849732,18,-0.6809,-0.3083,0.5647,-21.3130,33.4198,44.3817
302770.6057,849742,18,-0.6765,-0.2319,0.5637,-21.3130,36.1221,50.5038
302770.6608,849752,19,-0.6736,-0.1541,0.5496,-21.2366,37.8168,53.2824
302770.6608,849762,19,-0.6489,-0.0803,0.5347,-23.2977,38.5954,52.7939
302770.6608,849772,19,-0.6216,-0.0386,0.5051,-29.4046,38.4580,50.7481
302770.6608,849782,19,-0.5806,-0.0317,0.4568,-37.8473,36.9771,47.5725
302770.6608,849792,19,-0.5325,-0.0405,0.3894,-44.7176,34.5191,43.5725
302770.6608,849802,19,-0.4907,-0.0637,0.3030,-49.5420,32.8244,39.2366
302770.6608,849812,19,-0.4756,-0.1423,0.1904,-54.8855,30.6565,35.3130
302770.6608,849822,19,-0.4739,-0.2405,0.0820,-58.0916,25.9695,35.9389
302770.6608,849832,19,-0.4668,-0.2832,0.0134,-56.0000,17.1603,41.6947
302770.6608,849842,19,-0.4075,-0.2859,0.0159,-50.0458,3.6794,50.0458
302770.8411,849852,20,-0.3552,-0.2310,0.0457,-42.2137,-6.1069,61.3588
302770.8411,849862,20,-0.3735,-0.0881,0.0881,-35.0382,-11.3588,71.9542
302770.8411,849872,20,-0.3826,0.0701,0.1250,-30.5344,-17.8931,79.0687
302770.8411,849882,20,-0.3813,0.2249,0.1565,-27.6489,-23.8779,79.5725
302770.8411,849892,20,-0.3821,0.3484,0.1807,-30.0916,-29.6947,74.8855
302770.8411,849902,20,-0.3481,0.4175,0.1924,-38.8244,-35.4351,66.6565
302770.8411,849912,20,-0.3411,0.4148,0.1724,-49.3893,-38.2595,53.1298
302770.8411,849922,20,-0.3394,0.3337,0.1282,-61.1756,-43.3588,39.7099
302770.8411,849932,20,-0.3372,0.2341,0.1125,-69.2977,-50.5191,32.1985
302770.8411,849942,20,-0.3311,0.2075,0.1255,-69.2214,-59.5573,30.2443
302770.9011,849952,21,-0.3022,0.2463,0.2153,-65.4504,-69.5420,30.0763
302770.9011,849962,21,-0.2607,0.3430,0.3059,-61.3588,-74.2595,30.7328
302770.9011,849972,21,-0.2727,0.4734,0.3440,-59.6947,-72.8244,28.5344
302770.9011,849982,21,-0.2874,0.5547,0.3323,-64.2443,-75.6489,19.5725
302770.9011,849992,21,-0.3057,0.4771,0.2712,-75.2214,-81.1908,5.4351
302770.9011,850002,21,-0.3511,0.3394,0.2114,-84.3969,-86.6260,-5.2061
302770.9011,850012,21,-0.3630,0.2344,0.2219,-85.2977,-98.7481,-6.9771
302770.9011,850022,21,-0.3066,0.2324,0.3428,-74.9008,-114.9008,-5.2061
302770.9011,850032,21,-0.2429,0.3372,0.5173,-60.4580,-125.6336,-3.9542
302770.9011,850042,21,-0.2124,0.4319,0.6436,-54.9771,-127.8015,-4.7023
302770.9614,850052,22,-0.2139,0.5093,0.7104,-57.1450,-126.5344,-9.8015
302770.9614,850062,22,-0.1667,0.4905,0.7539,-65.8779,-127.1298,-18.0458
302770.9614,850072,22,-0.1660,0.3958,0.7432,-74.3511,-123.9542,-28.3053
302770.9614,850082,22,-0.2231,0.2549,0.6851,-77.8168,-120.3206,-38.4122
302770.9614,850092,22,-0.2615,0.0813,0.6763,-76.8702,-123.9847,-42.1985
302770.9614,850102,22,-0.2339,-0.0295,0.7534,-67.2366,-134.7481,-37.2061
302770.9614,850112,22,-0.2166,-0.0027,0.9006,-49.9695,-143.2061,-26.1069
302770.9614,850122,22,-0.1770,0.1226,1.0591,-34.3053,-150.3664,-14.3969
302770.9614,850132,22,-0.1670,0.2429,1.1536,-27.2214,-151.0229,-7.7557
302770.9614,850142,22,-0.2100,0.3621,1.2112,-26.1069,-145.5725,-8.5954
302771.0810,850152,23,-0.2549,0.4175,1.2485,-30.1069,-142.3817,-14.5954
302771.0810,850162,23,-0.2822,0.4121,1.2673,-34.7481,-138.5344,-24.2901
302771.0810,850172,23,-0.3086,0.3862,1.2847,-37.0840,-132.0153,-34.8397
302771.0810,850182,23,-0.3250,0.3804,1.3135,-36.5038,-127.8931,-41.8168
302771.0810,850192,23,-0.3245,0.3865,1.3340,-32.9313,-127.9084,-47.4198
302771.0810,850202,23,-0.3269,0.3997,1.3528,-27.3588,-126.7176,-54.0000
302771.0810,850212,23,-0.3008,0.4087,1.4041,-23.2061,-126.2595,-60.7786
302771.0810,850222,23,-0.2637,0.3679,1.4236,-22.9466,-125.1603,-65.9389
302771.0810,850232,23,-0.3076,0.3237,1.4094,-22.0000,-115.4198,-70.2443
302771.0810,850242,23,-0.3621,0.2976,1.3892,-16.8092,-108.0763,-73.7557
302771.2604,850252,24,-0.3535,0.2935,1.4187,-8.0763,-108.8855,-77.2672
302771.2604,850262,24,-0.3298,0.3235,1.4775,0.3969,-110.4733,-81.0076
302771.2604,850272,24,-0.3074,0.3279,1.5281,3.2824,-108.5649,-85.0229
302771.2604,850282,24,-0.2937,0.3218,1.5757,3.8168,-104.7939,-90.1985
302771.2604,850292,24,-0.2292,0.2869,1.6477,4.6107,-101.8779,-95.9695
302771.2604,850302,24,-0.1597,0.2603,1.7239,6.5496,-94.9466,-100.9160
302771.2604,850312,24,-0.1575,0.2317,1.7305,7.6947,-81.5115,-105.3893
302771.2604,850322,24,-0.2073,0.2039,1.6873,8.4885,-68.1374,-110.4733
302771.2604,850332,24,-0.2297,0.1372,1.6475,7.8779,-59.9389,-114.1985
302771.2604,850342,24,-0.2524,0.0688,1.6194,10.8092,-53.8168,-115.3740
302771.3214,850352,25,-0.2876,0.0364,1.6086,18.6107,-49.4962,-113.9847
302771.3214,850362,25,-0.2998,0.0596,1.6274,29.0076,-47.6641,-112.8702
302771.3214,850372,25,-0.2778,0.0925,1.6755,36.4885,-46.9924,-113.2824
302771.3214,850382,25,-0.2720,0.1121,1.7200,38.9008,-42.3817,-114.5649
302771.3214,850392,25,-0.2632,0.1169,1.7664,37.4656,-35.9237,-116.5649
302771.3214,850402,25,-0.2173,0.0840,1.8062,35.0382,-29.7099,-119.6183
302771.3214,850412,25,-0.2100,0.0706,1.8174,35.0992,-18.8855,-124.0000
302771.3214,850422,25,-0.2175,0.0447,1.7983,33.4351,-9.1450,-128.9008
302771.3214,850432,25,-0.2251,0.0012,1.7549,30.3817,-1.7405,-134.0305
302771.3214,850442,25,-0.2229,-0.0603,1.7156,27.3740,4.7481,-138.4122
302771.3816,850452,26,-0.2319,-0.1028,1.7046,25.4198,10.1221,-141.7252
302771.3816,850462,26,-0.2085,-0.1462,1.7185,23.1298,14.8244,-144.2443
302771.3816,850472,26,-0.1836,-0.2124,1.7549,20.0153,21.7863,-146.5191
302771.3816,850482,26,-0.1675,-0.2712,1.8020,17.3435,31.1298,-147.5115
302771.3816,850492,26,-0.1401,-0.3293,1.8342,13.1145,41.3588,-145.9542
302771.3816,850502,26,-0.1267,-0.3667,1.8518,8.4580,54.0153,-144.0916
302771.3816,850512,26,-0.1160,-0.4243,1.8459,2.9313,66.1221,-142.5344
302771.3816,850522,26,-0.1213,-0.5291,1.8108,-3.0992,77.5573,-140.6260
302771.3816,850532,26,-0.1365,-0.6169,1.7844,-5.9847,87.2366,-136.6107
302771.3816,850542,26,-0.1350,-0.6689,1.7468,-6.8550,95.1450,-128.0305
302771.5605,850552,27,-0.1309,-0.6890,1.7014,-5.9542,103.6947,-118.2595
302771.5605,850562,27,-0.1416,-0.7144,1.6470,-5.0229,112.7634,-108.4733
302771.5605,850572,27,-0.1377,-0.7173,1.5984,-3.2061,121.0229,-97.3893
302771.5605,850582,27,-0.1445,-0.6995,1.5452,-0.4275,128.0763,-85.7252
302771.5605,850592,27,-0.1631,-0.6628,1.4897,3.1603,134.5649,-76.3969
302771.5605,850602,27,-0.1846,-0.6179,1.4292,5.6031,139.5878,-70.0153
302771.5605,850612,27,-0.2163,-0.5986,1.3630,4.0000,143.1298,-64.6107
302771.5605,850622,27,-0.2224,-0.5991,1.3003,1.6031,144.7176,-59.5115
302771.5605,850632,27,-0.2129,-0.5811,1.2576,0.9466,145.1756,-55.1756
302771.5605,850642,27,-0.1907,-0.5869,1.2136,-0.4885,147.1450,-52.0305
302771.5624,850652,28,-0.1938,-0.6340,1.1345,-3.4351,149.9389,-48.8397
302771.5624,850662,28,-0.2004,-0.6953,1.0723,-5.4046,151.7405,-44.1221
302771.5624,850672,28,-0.2383,-0.7153,1.0327,-4.1832,152.4885,-36.9313
302771.5624,850682,28,-0.2251,-0.6912,1.0073,-1.5573,148.8855,-27.2672
302771.5624,850692,28,-0.2217,-0.6692,0.9895,0.5344,146.8397,-20.8855
302771.5624,850702,28,-0.2244,-0.6611,0.9426,0.1374,146.9008,-16.6870
302771.5624,850712,28,-0.2417,-0.6917,0.8743,-2.8550,146.5954,-13.6183
302771.5624,850722,28,-0.2566,-0.7476,0.8154,-6.2443,144.7176,-10.1374
302771.5624,850732,28,-0.2551,-0.7751,0.7854,-6.2137,141.6031,-3.0534
302771.5624,850742,28,-0.2571,-0.7458,0.7710,-4.0611,136.6718,5.3130
302771.6816,850752,29,-0.2646,-0.6985,0.7463,-3.8626,132.6107,12.3969
302771.6816,850762,29,-0.2927,-0.6851,0.6987,-6.6107,131.6947,17.4809
302771.6816,850772,29,-0.3440,-0.6807,0.6411,-9.7863,130.6107,21.3282
302771.6816,850782,29,-0.3706,-0.6824,0.6006,-12.6412,126.1985,25.6641
302771.6816,850792,29,-0.3813,-0.6804,0.5881,-14.3969,120.1527,29.7252
302771.6816,850802,29,-0.3904,-0.6775,0.5747,-15.0076,114.8397,33.7557
302771.6816,850812,29,-0.3696,-0.6631,0.5898,-15.7557,108.1527,37.5267
302771.6816,850822,29,-0.3423,-0.6492,0.6150,-17.7099,101.4351,41.1145
302771.6816,850832,29,-0.3242,-0.6443,0.6196,-20.8092,98.2901,44.7328
302771.6816,850842,29,-0.3181,-0.6511,0.6104,-24.9160,98.1679,49.1298
302771.8001,850852,30,-0.3044,-0.6248,0.6155,-27.8779,97.5725,55.1298
302771.8001,850862,30,-0.3069,-0.5916,0.5881,-28.6107,98.7634,60.7023
302771.8001,850872,30,-0.3306,-0.5332,0.5376,-27.8473,102.2901,63.9389
302771.8001,850882,30,-0.3420,-0.4678,0.4861,-29.2824,101.2672,66.5191
302771.8001,850892,30,-0.3430,-0.4302,0.4465,-33.9695,96.9618,66.7328
302771.8001,850902,30,-0.3323,-0.4177,0.4053,-41.1756,91.7099,65.4656
302771.8001,850912,30,-0.3047,-0.4106,0.3774,-49.3282,85.2214,64.3359
302771.8001,850922,30,-0.2668,-0.4026,0.3503,-57.6031,77.4504,63.2824
302771.8001,850932,30,-0.2400,-0.4375,0.3132,-65.0534,70.6718,62.1527
302771.8001,850942,30,-0.2021,-0.4385,0.2979,-69.4198,64.3359,63.4351
302771.8610,850952,31,-0.1482,-0.4255,0.3093,-73.7710,60.9771,67.1756
302771.8610,850962,31,-0.1663,-0.4170,0.2637,-79.4656,63.7252,71.7252
302771.8610,850972,31,-0.2144,-0.4067,0.1819,-83.0534,63.0229,76.0611
302771.8610,850982,31,-0.2600,-0.4263,0.0676,-84.7176,57.2824,79.8321
302771.8610,850992,31,-0.3169,-0.4780,-0.0393,-83.6794,49.9695,85.8321
302771.8610,851002,31,-0.3362,-0.4629,-0.0874,-76.7176,38.5496,94.2748
302771.8610,851012,31,-0.3323,-0.4033,-0.0779,-67.3588,23.6489,103.7863
302771.8610,851022,31,-0.3020,-0.3164,-0.0286,-58.7481,9.8473,112.6260
302771.8610,851032,31,-0.2896,-0.1731,0.0374,-51.6031,-1.4198,120.0153
302771.8610,851042,31,-0.2769,-0.0432,0.1013,-48.6412,-11.1450,122.8092
302771.9813,851052,32,-0.2856,0.0491,0.1377,-51.2214,-14.1069,122.5954
302771.9813,851062,32,-0.3018,0.1335,0.1360,-55.7710,-11.7099,120.7328
302771.9813,851072,32,-0.3115,0.1707,0.0708,-60.2595,-11.0229,115.7557
302771.9813,851082,32,-0.3269,0.1765,-0.0068,-62.4885,-11.7099,108.2901
302771.9813,851092,32,-0.3662,0.1672,-0.0930,-63.7405,-16.8855,101.4046
302771.9813,851102,32,-0.3669,0.1204,-0.1414,-65.6489,-29.2214,96.2290
302771.9813,851112,32,-0.3069,0.0664,-0.1404,-64.6107,-45.3435,92.5496
302771.9813,851122,32,-0.2668,-0.0044,-0.1301,-61.4046,-59.5725,91.9389
302771.9813,851132,32,-0.2351,-0.0671,-0.1199,-54.5802,-69.2519,94.1832
302771.9813,851142,32,-0.2090,-0.0713,-0.0444,-43.7405,-78.3817,99.6031
302772.1007,851152,33,-0.1770,0.0149,0.0854,-30.6260,-87.7099,107.4198
302772.1007,851162,33,-0.1233,0.1487,0.2097,-19.2061,-97.5725,113.7405
302772.1007,851172,33,-0.0945,0.3032,0.3320,-13.3893,-103.9695,113.1298
302772.1007,851182,33,-0.0862,0.3796,0.3962,-18.6107,-107.8626,107.6031
302772.1007,851192,33,-0.1001,0.3640,0.4229,-31.2061,-111.1908,100.2137
302772.1007,851202,33,-0.1133,0.3354,0.4636,-42.0763,-116.4580,93.5420
302772.1007,851212,33,-0.1184,0.3005,0.5420,-49.0992,-124.4885,89.4962
302772.1007,851222,33,-0.1045,0.3037,0.6396,-49.5725,-129.3130,89.0687
302772.1007,851232,33,-0.0894,0.4019,0.7522,-45.4656,-129.6947,89.5420
302772.1007,851242,33,-0.0964,0.5286,0.8484,-45.3282,-127.0992,87.2519
302772.1611,851252,34,-0.0796,0.6006,0.8975,-51.6641,-123.2214,80.2137
302772.1611,851262,34,-0.1008,0.6611,0.9233,-60.8244,-117.3893,69.4656
302772.1611,851272,34,-0.1223,0.6926,0.9104,-72.1374,-114.5038,57.9084
302772.1611,851282,34,-0.1458,0.6814,0.9082,-83.8168,-113.6947,45.9084
302772.1611,851292,34,-0.1836,0.6194,0.8711,-92.3206,-109.5420,36.1985
302772.1611,851302,34,-0.2476,0.6003,0.8333,-93.2519,-105.4198,28.7939
302772.1611,851312,34,-0.2544,0.6365,0.8245,-89.9695,-109.8321,21.3130
302772.1611,851322,34,-0.2236,0.6621,0.8569,-88.1221,-116.4885,12.2595
302772.1611,851332,34,-0.2100,0.6799,0.8923,-89.7710,-119.1756,3.0840
302772.1611,851342,34,-0.2007,0.6335,0.9014,-93.3435,-120.5649,-5.3588
302772.2828,851352,35,-0.1985,0.5564,0.9158,-94.3817,-120.7023,-13.2824
302772.2828,851362,35,-0.2688,0.4546,0.9141,-91.7863,-120.7786,-18.8550
302772.2828,851372,35,-0.2891,0.3862,0.9651,-84.5954,-124.3206,-20.5344
302772.2828,851382,35,-0.2378,0.3625,1.0791,-73.0840,-130.7023,-17.9847
302772.2828,851392,35,-0.2075,0.4241,1.2095,-57.0992,-132.6107,-15.0992
302772.2828,851402,35,-0.1602,0.5251,1.3440,-44.3817,-131.4504,-14.1832
302772.2828,851412,35,-0.1287,0.5935,1.3948,-41.0229,-126.7481,-15.2977
302772.2828,851422,35,-0.1794,0.6604,1.3760,-41.9084,-117.5878,-21.1298
302772.2828,851432,35,-0.2239,0.6418,1.3196,-46.7328,-114.0916,-32.3817
302772.2828,851442,35,-0.2542,0.5530,1.2583,-51.9847,-114.9160,-44.8702
302772.4001,851452,36,-0.2441,0.4421,1.2458,-52.5954,-117.4504,-55.0687
302772.4001,851462,36,-0.1982,0.3394,1.2776,-49.2519,-120.7634,-60.7634
302772.4001,851472,36,-0.1558,0.2825,1.3340,-41.1908,-122.9160,-62.3206
302772.4001,851482,36,-0.1082,0.2610,1.4075,-31.2061,-122.9618,-61.6489
302772.4001,851492,36,-0.0664,0.2510,1.4822,-23.3435,-118.4427,-59.3893
302772.4001,851502,36,-0.0684,0.2227,1.4995,-16.7634,-109.0687,-56.4122
302772.4001,851512,36,-0.1362,0.2207,1.4583,-7.8779,-96.7786,-52.9924
302772.4001,851522,36,-0.1953,0.2544,1.4216,2.6718,-91.0687,-48.5191
302772.4001,851532,36,-0.1775,0.3276,1.4475,14.8397,-92.4275,-45.4504
302772.4001,851542,36,-0.1472,0.4204,1.4976,25.4504,-93.2366,-45.8321
302772.4613,851552,37,-0.1208,0.4956,1.5432,30.0611,-92.0916,-49.5878
302772.4613,851562,37,-0.0862,0.5193,1.5698,27.6336,-90.0916,-56.5344
302772.4613,851572,37,-0.0334,0.4722,1.5813,21.3893,-86.2443,-65.4962
302772.4613,851582,37,-0.0325,0.4028,1.5801,15.7557,-77.2519,-72.9618
302772.4613,851592,37,-0.0566,0.3350,1.5410,12.5038,-68.0305,-77.2061
302772.4613,851602,37,-0.0911,0.3013,1.5059,14.0305,-62.0763,-79.9237
302772.4613,851612,37,-0.1094,0.2981,1.4976,19.3588,-59.8779,-82.3969
302772.4613,851622,37,-0.1040,0.3152,1.5251,24.5344,-59.8168,-84.9008
302772.4613,851632,37,-0.0920,0.3252,1.5613,26.9924,-59.5267,-88.8092
302772.4613,851642,37,-0.0698,0.3123,1.5811,26.7634,-56.7176,-93.5115
302772.5818,851652,38,-0.0613,0.2864,1.5859,25.2824,-51.3130,-98.3053
302772.5818,851662,38,-0.0391,0.2253,1.5796,23.6794,-44.8092,-102.9466
302772.5818,851672,38,-0.0422,0.1794,1.5671,24.4733,-36.6107,-106.2901
302772.5818,851682,38,-0.0515,0.1543,1.5674,25.5420,-28.9924,-106.7481
302772.5818,851692,38,-0.0500,0.1523,1.5708,27.0687,-23.6183,-106.1679
302772.5818,851702,38,-0.0374,0.1479,1.5881,29.2366,-19.2672,-107.1450
302772.5818,851712,38,-0.0466,0.1328,1.5908,30.3206,-13.2366,-109.3435
302772.5818,851722,38,-0.0767,0.1150,1.5869,29.6947,-7.5115,-110.9618
302772.5818,851732,38,-0.0759,0.1077,1.6218,29.6641,-4.6870,-113.4504
302772.5818,851742,38,-0.0662,0.0933,1.6675,27.9847,0.1679,-115.6947
302772.7094,851752,39,-0.0811,0.0811,1.6770,24.7481,7.5725,-117.8168
302772.7094,851762,39,-0.0596,0.0452,1.7012,21.4656,13.9084,-121.6183
302772.7094,851772,39,-0.0669,-0.0127,1.6943,17.4504,22.8855,-124.4122
302772.7094,851782,39,-0.0784,-0.0566,1.6719,14.4885,31.2672,-124.6718
302772.7094,851792,39,-0.0894,-0.0991,1.6533,13.8779,36.9008,-124.6107
302772.7094,851802,39,-0.0784,-0.1313,1.6531,13.9542,41.3588,-122.7634
302772.7094,851812,39,-0.0703,-0.1355,1.6482,15.3588,47.1145,-119.5878
302772.7094,851822,39,-0.0620,-0.1323,1.6345,16.7634,53.8015,-117.0229
302772.7094,851832,39,-0.0725,-0.1365,1.5884,16.6565,61.8473,-115.5573
302772.7094,851842,39,-0.1067,-0.1548,1.5361,14.1374,68.1832,-114.2748
302772.7598,851852,40,-0.1101,-0.1919,1.4985,10.4122,71.9695,-112.0153
302772.7598,851862,40,-0.1094,-0.2402,1.4810,9.3435,76.9313,-108.5344
302772.7598,851872,40,-0.1201,-0.2505,1.4639,11.9847,81.7863,-103.8931
302772.7598,851882,40,-0.1245,-0.2334,1.4624,14.8244,84.5038,-99.6336
302772.7598,851892,40,-0.1406,-0.2102,1.4414,14.8397,87.4351,-96.4580
302772.7598,851902,40,-0.1338,-0.2112,1.4333,11.8015,89.5420,-94.1527
302772.7598,851912,40,-0.1218,-0.2275,1.4189,7.8015,93.5115,-91.5725
302772.7598,851922,40,-0.1313,-0.2744,1.3833,4.5802,100.5649,-89.0840
302772.7598,851932,40,-0.1653,-0.3062,1.3320,3.6641,106.6412,-85.9084
302772.7598,851942,40,-0.1760,-0.3132,1.3086,4.7786,108.9924,-81.5420
302772.8809,851952,41,-0.1792,-0.2964,1.3105,6.0916,110.8397,-76.6870
302772.8809,851962,41,-0.1790,-0.2595,1.3010,5.5878,114.0153,-72.7939
302772.8809,851972,41,-0.1868,-0.2676,1.2676,1.7557,117.8321,-71.6641
302772.8809,851982,41,-0.1904,-0.3059,1.2266,-3.8931,121.4656,-70.6107
302772.8809,851992,41,-0.1992,-0.3601,1.1736,-8.4733,124.2901,-68.3053
302772.8809,852002,41,-0.2271,-0.4058,1.1206,-10.6412,126.2443,-65.4809
302772.8809,852012,41,-0.2402,-0.4263,1.0950,-11.3588,125.7710,-61.0687
302772.8809,852022,41,-0.2107,-0.4536,1.0774,-11.9542,125.1298,-54.8702
302772.8809,852032,41,-0.2292,-0.4639,1.0486,-12.4885,128.0000,-48.7939
302772.8809,852042,41,-0.2371,-0.5024,1.0195,-15.6794,130.5191,-43.5267
302773.0009,852052,42,-0.2500,-0.5334,0.9932,-19.4198,134.1527,-38.1221
302773.0009,852062,42,-0.2761,-0.5732,0.9624,-22.8702,137.6641,-31.6641
302773.0009,852072,42,-0.3105,-0.5750,0.9292,-24.0763,138.0305,-23.8015
302773.0009,852082,42,-0.3147,-0.5754,0.9033,-24.9008,135.9084,-17.6183
302773.0009,852092,42,-0.3279,-0.6060,0.8723,-27.0840,134.1221,-12.5496
302773.0009,852102,42,-0.3577,-0.6294,0.8232,-27.9084,132.4427,-6.4733
302773.0009,852112,42,-0.3892,-0.6428,0.7703,-27.8015,128.1221,0.3206
302773.0009,852122,42,-0.3916,-0.6516,0.7415,-27.2977,121.2977,8.2901
302773.0009,852132,42,-0.3669,-0.6221,0.7651,-25.5878,114.1985,16.7328
302773.0009,852142,42,-0.3296,-0.5745,0.7800,-25.1450,111.1756,25.1145
302773.0612,852152,43,-0.3213,-0.5354,0.7566,-25.5115,111.0382,30.4275
302773.0612,852162,43,-0.3281,-0.5022,0.7178,-26.9771,112.6718,33.7710
302773.0612,852172,43,-0.3528,-0.4810,0.6609,-31.0534,113.7252,37.6641
302773.0612,852182,43,-0.3726,-0.4797,0.6042,-35.3282,113.2824,40.8702
302773.0612,852192,43,-0.3679,-0.4441,0.5774,-36.9924,109.2366,43.5115
302773.0612,852202,43,-0.3528,-0.4192,0.5591,-40.8397,105.3130,46.0611
302773.0612,852212,43,-0.3528,-0.4014,0.5222,-45.7099,102.3206,47.9237
302773.0612,852222,43,-0.3279,-0.3926,0.4812,-49.8626,98.2595,49.1450
302773.0612,852232,43,-0.3335,-0.4048,0.4231,-53.3130,94.8550,50.1527
302773.0612,852242,43,-0.3379,-0.4233,0.3621,-55.7405,91.5267,52.0611
302773.1809,852252,44,-0.3240,-0.4182,0.3345,-56.0458,85.6947,55.6794
302773.1809,852262,44,-0.3411,-0.4150,0.2925,-56.1832,81.0229,60.4580
302773.1809,852272,44,-0.3616,-0.3992,0.2512,-55.8931,77.6183,65.6489
302773.1809,852282,44,-0.3694,-0.3596,0.2312,-54.4122,69.8015,70.7023
302773.1809,852292,44,-0.3667,-0.3264,0.2383,-54.3511,59.9695,75.3893
302773.1809,852302,44,-0.3542,-0.2681,0.2642,-53.9237,52.3664,80.7481
302773.1809,852312,44,-0.3264,-0.1609,0.3118,-52.4275,44.6718,85.0687
302773.1809,852322,44,-0.2791,-0.0537,0.3689,-54.5954,39.0076,85.7405
302773.1809,852332,44,-0.2849,0.0083,0.3689,-61.2672,40.0458,83.1908
302773.1809,852342,44,-0.3145,0.0437,0.3162,-68.9313,42.4733,78.9313
302773.3000,852352,45,-0.3833,-0.0286,0.2009,-76.7481,43.9542,73.9084
302773.3000,852362,45,-0.4395,-0.0850,0.1008,-77.8626,42.0763,71.3282
302773.3000,852372,45,-0.4314,-0.0886,0.0857,-74.9008,29.2519,72.1069
302773.3000,852382,45,-0.3618,-0.0676,0.1504,-71.6641,13.7863,72.8855
302773.3000,852392,45,-0.3030,-0.0393,0.2083,-70.4885,5.2824,74.7023
302773.3000,852402,45,-0.2910,0.0005,0.2319,-71.1756,2.9466,77.5878
302773.3000,852412,45,-0.3223,0.0627,0.2373,-70.8550,0.1832,79.2061
302773.3000,852422,45,-0.3374,0.1023,0.2122,-72.8092,-4.6107,78.6412
302773.3000,852432,45,-0.3674,0.0950,0.1738,-75.0992,-8.5344,76.1069
302773.3000,852442,45,-0.3660,0.0852,0.1638,-76.5802,-14.8092,74.5191
302773.3609,852452,46,-0.3423,0.0959,0.1956,-76.0153,-24.6412,74.9771
302773.3609,852462,46,-0.2961,0.1365,0.2419,-73.0992,-33.6031,73.4351
302773.3609,852472,46,-0.2485,0.1580,0.2834,-73.3130,-39.8321,69.8626
302773.3609,852482,46,-0.2236,0.1787,0.3101,-78.0153,-45.1603,66.1374
302773.3609,852492,46,-0.2317,0.1475,0.3164,-85.9389,-50.5802,63.0840
302773.3609,852502,46,-0.2239,0.1262,0.3418,-90.9466,-57.4656,61.6641
302773.3609,852512,46,-0.2258,0.1199,0.3711,-91.3740,-64.0305,60.3511
302773.3609,852522,46,-0.2344,0.1409,0.3877,-88.7786,-67.5725,59.5725
302773.3609,852532,46,-0.2410,0.1809,0.4009,-86.2137,-71.6183,58.5038
302773.3609,852542,46,-0.2314,0.2202,0.4006,-85.7557,-77.8626,56.9008
302773.4815,852552,47,-0.2344,0.2463,0.4182,-87.4962,-83.6794,53.9237
302773.4815,852562,47,-0.2727,0.2451,0.4260,-90.2290,-88.4733,52.4122
302773.4815,852572,47,-0.2874,0.2654,0.4641,-89.9389,-92.9008,51.4046
302773.4815,852582,47,-0.3240,0.3025,0.5342,-86.9008,-98.0153,48.1679
302773.4815,852592,47,-0.3208,0.3547,0.6077,-85.3588,-106.3359,44.3817
302773.4815,852602,47,-0.2915,0.4114,0.7083,-86.3664,-114.3206,38.1374
302773.4815,852612,47,-0.2615,0.3921,0.7856,-91.2366,-118.3511,29.0382
302773.4815,852622,47,-0.2297,0.3059,0.8113,-95.3588,-115.0229,21.1908
302773.4815,852632,47,-0.2456,0.2693,0.7998,-92.7023,-108.5191,16.5649
302773.4815,852642,47,-0.2219,0.2649,0.7666,-87.3435,-108.5954,11.4656
302773.6601,852652,48,-0.2161,0.2378,0.7410,-86.1374,-110.6260,6.2748
302773.6601,852662,48,-0.2747,0.1702,0.7061,-87.3588,-113.4656,5.4504
302773.6601,852672,48,-0.3428,0.1289,0.7002,-83.3588,-117.1908,9.9695
302773.6601,852682,48,-0.3755,0.1960,0.7583,-70.1069,-124.2748,14.9466
302773.6601,852692,48,-0.3896,0.3293,0.8452,-54.2595,-132.0153,16.3053
302773.6601,852702,48,-0.3621,0.4255,0.9468,-45.6489,-137.5573,12.9618
302773.6601,852712,48,-0.3259,0.4468,1.0391,-44.8702,-140.7939,8.8244
302773.6601,852722,48,-0.3059,0.4202,1.1343,-44.0458,-141.4351,6.1527
302773.6601,852732,48,-0.2703,0.4780,1.2278,-37.2214,-141.3588,4.0916
302773.6601,852742,48,-0.2339,0.5413,1.3042,-32.8092,-140.1527,-0.2137
302773.6624,852752,49,-0.2129,0.5918,1.3391,-31.4198,-137.7252,-7.9084
302773.6624,852762,49,-0.2202,0.5918,1.3000,-33.0382,-133.4198,-19.5420
302773.6624,852772,49,-0.2681,0.5037,1.2144,-37.2519,-126.0458,-30.6107
302773.6624,852782,49,-0.2842,0.4258,1.1631,-37.7863,-126.7023,-36.7786
302773.6624,852792,49,-0.2180,0.3816,1.1997,-32.4427,-134.7023,-39.0992
302773.6624,852802,49,-0.1414,0.3945,1.2979,-22.2901,-137.0992,-38.9313
302773.6624,852812,49,-0.1509,0.4658,1.3721,-11.4656,-130.6107,-38.4275
302773.6624,852822,49,-0.1460,0.5308,1.4233,-5.1603,-125.7710,-40.4733
302773.6624,852832,49,-0.1814,0.5686,1.4387,-3.0840,-121.5267,-45.7710
302773.6624,852842,49,-0.2041,0.5630,1.4324,-2.5344,-116.4122,-55.1908
302773.7822,852852,50,-0.2078,0.4993,1.4294,-2.8244,-111.1298,-65.5420
302773.7822,852862,50,-0.1929,0.4429,1.4517,-0.3817,-109.7863,-73.0687
302773.7822,852872,50,-0.1562,0.3987,1.5088,4.0153,-110.2595,-76.8092
302773.7822,852882,50,-0.1375,0.4121,1.5645,11.2824,-106.1985,-79.2977
302773.7822,852892,50,-0.1301,0.4402,1.6069,17.3435,-101.3282,-83.2214
302773.7822,852902,50,-0.1223,0.4363,1.6494,18.8550,-95.6183,-89.7099
302773.7822,852912,50,-0.1243,0.3840,1.6426,17.2672,-86.0611,-96.3359
302773.7822,852922,50,-0.1577,0.3220,1.6255,18.4885,-77.6947,-102.4733
302773.7822,852932,50,-0.1765,0.2842,1.6426,22.7328,-74.2901,-108.4122
302773.7822,852942,50,-0.1475,0.2534,1.6787,25.9084,-73.8015,-113.2672
302773.9005,852952,51,-0.1069,0.2131,1.7180,26.2137,-73.3282,-118.4885
302773.9005,852962,51,-0.0361,0.1526,1.7820,23.3130,-70.0305,-123.5725
302773.9005,852972,51,0.0127,0.0676,1.7991,18.7634,-60.1221,-126.9160
302773.9005,852982,51,0.0330,-0.0264,1.7642,15.4046,-45.2824,-128.9160
302773.9005,852992,51,0.0029,-0.1230,1.7002,14.8702,-29.1908,-127.9237
302773.9005,853002,51,-0.0317,-0.1663,1.6455,19.5115,-17.4809,-122.7023
302773.9005,853012,51,-0.0659,-0.1702,1.6155,26.9008,-11.9542,-115.1450
302773.9005,853022,51,-0.0833,-0.1143,1.6133,36.4275,-8.1374,-108.5954
302773.9005,853032,51,-0.0771,-0.0496,1.6348,43.2061,-6.3511,-105.9389
302773.9005,853042,51,-0.0754,-0.0017,1.6406,42.8092,-2.4733,-106.2748
302773.9611,853052,52,-0.0835,-0.0078,1.6165,37.7710,2.7328,-108.3664
302773.9611,853062,52,-0.0691,-0.0359,1.6057,32.6260,6.7939,-110.8244
302773.9611,853072,52,-0.0303,-0.1101,1.6013,28.7786,12.6870,-112.5496
302773.9611,853082,52,-0.0371,-0.1655,1.5881,29.0229,21.6336,-112.0916
302773.9611,853092,52,-0.0464,-0.1919,1.5654,32.4580,27.7099,-108.8244
302773.9611,853102,52,-0.0608,-0.1702,1.5620,37.0992,31.6641,-104.8702
302773.9611,853112,52,-0.0640,-0.1177,1.5759,39.1145,35.2672,-101.7863
302773.9611,853122,52,-0.0474,-0.0691,1.5918,36.8092,40.0763,-100.1985
302773.9611,853132,52,-0.0439,-0.0776,1.5618,31.9389,46.5038,-101.4809
302773.9611,853142,52,-0.0745,-0.0977,1.5403,27.7252,52.5191,-104.5038
302774.0812,853152,53,-0.0879,-0.1157,1.5024,23.2519,55.7099,-105.8015
302774.0812,853162,53,-0.1001,-0.1570,1.4854,19.7099,57.7710,-107.8321
302774.0812,853172,53,-0.1001,-0.2195,1.4712,17.1298,59.3740,-109.1145
302774.0812,853182,53,-0.0784,-0.2869,1.4783,14.6870,61.2672,-107.7557
302774.0812,853192,53,-0.0708,-0.3308,1.4893,13.5420,65.9237,-103.6794
302774.0812,853202,53,-0.0740,-0.3323,1.4971,14.6870,72.1832,-97.7099
302774.0812,853212,53,-0.0701,-0.3235,1.4893,15.9847,78.2137,-93.5420
302774.0812,853222,53,-0.0757,-0.3184,1.4626,14.9313,85.0076,-90.7176
302774.0812,853232,53,-0.0967,-0.3464,1.4170,11.0382,90.8244,-88.0153
302774.0812,853242,53,-0.0972,-0.3718,1.3787,8.6718,93.8931,-85.4198
302774.2592,853252,54,-0.0996,-0.3984,1.3352,7.2672,95.9084,-82.5496
302774.2592,853262,54,-0.1106,-0.4307,1.2908,5.2214,98.7939,-79.0229
302774.2592,853272,54,-0.1326,-0.4604,1.2649,3.3435,100.2595,-73.9084
302774.2592,853282,54,-0.1465,-0.4595,1.2456,2.5954,100.1679,-66.8092
302774.2592,853292,54,-0.1206,-0.4470,1.2473,2.8397,100.3206,-61.0534
302774.2592,853302,54,-0.0869,-0.4604,1.2378,1.2519,102.5038,-56.9313
302774.2592,853312,54,-0.1143,-0.4993,1.1897,-0.8550,108.3817,-52.0153
302774.2592,853322,54,-0.1577,-0.4976,1.1409,-1.2214,112.3053,-46.0763
302774.2592,853332,54,-0.1489,-0.4917,1.1155,-2.3511,111.5420,-39.9389
302774.2592,853342,54,-0.1382,-0.4973,1.0986,-3.8168,112.0611,-35.0382
302774.2610,853352,55,-0.1379,-0.4917,1.0720,-4.7939,113.5878,-29.7863
302774.2610,853362,55,-0.1697,-0.4785,1.0317,-6.5649,115.0687,-24.3664
302774.2610,853372,55,-0.1904,-0.4626,0.9937,-9.3435,116.0611,-18.7786
302774.2610,853382,55,-0.1987,-0.4529,0.9658,-11.3282,115.1756,-14.1069
302774.2610,853392,55,-0.2041,-0.4504,0.9707,-12.7939,114.5496,-10.0458
302774.2610,853402,55,-0.2175,-0.4421,0.9338,-14.9924,116.2290,-5.0076
302774.2610,853412,55,-0.2544,-0.4194,0.9067,-15.3282,117.7557,-1.2672
302774.2610,853422,55,-0.2654,-0.3884,0.8694,-15.4656,116.5038,2.4427
302774.2610,853432,55,-0.2727,-0.3755,0.8433,-17.6336,114.0458,4.8855
302774.2610,853442,55,-0.2727,-0.3765,0.8208,-21.3282,111.8015,6.9008
302774.3816,853452,56,-0.2578,-0.3767,0.7861,-24.6107,109.6641,9.3435
302774.3816,853462,56,-0.2527,-0.3835,0.7524,-27.1908,108.8855,10.1374
302774.3816,853472,56,-0.2668,-0.4155,0.6904,-30.4580,108.3969,12.2137
302774.3816,853482,56,-0.2793,-0.4543,0.6316,-32.9160,107.6031,16.3969
302774.3816,853492,56,-0.2988,-0.4714,0.5896,-32.4275,105.9389,21.4351
302774.3816,853502,56,-0.3237,-0.4744,0.5454,-29.8931,103.3282,28.1069
302774.3816,853512,56,-0.3350,-0.4419,0.5120,-25.5420,98.4122,35.0534
302774.3816,853522,56,-0.3293,-0.3928,0.5056,-22.8092,91.4656,40.1832
302774.3816,853532,56,-0.3311,-0.3726,0.4937,-23.6336,86.2901,43.6489
302774.3816,853542,56,-0.3501,-0.3694,0.4568,-25.6489,83.1450,46.3053
302774.5009,853552,57,-0.3660,-0.3540,0.4429,-26.8550,78.3511,49.2824
302774.5009,853562,57,-0.3547,-0.3303,0.4468,-27.2366,71.4351,52.6107
302774.5009,853572,57,-0.3340,-0.3108,0.4658,-27.2519,65.6947,54.8244
302774.5009,853582,57,-0.3330,-0.2844,0.4668,-27.7863,62.7634,55.6031
302774.5009,853592,57,-0.3706,-0.2898,0.4358,-30.7023,61.6489,56.3817
302774.5009,853602,57,-0.4058,-0.3105,0.3989,-33.3435,58.8855,58.5954
302774.5009,853612,57,-0.4121,-0.3120,0.3950,-33.6641,52.4885,62.7786
302774.5009,853622,57,-0.3821,-0.2815,0.4150,-31.3282,46.1374,68.4580
302774.5009,853632,57,-0.3894,-0.2197,0.4458,-27.4351,42.7786,72.9771
302774.5009,853642,57,-0.4106,-0.1328,0.4583,-25.4351,41.3893,76.2595
302774.5607,853652,58,-0.4275,-0.0542,0.4546,-26.1374,39.2672,76.8092
302774.5607,853662,58,-0.4370,0.0002,0.4587,-29.7405,35.2977,75.1298
302774.5607,853672,58,-0.4492,0.0383,0.4629,-34.4580,32.2137,72.7939
302774.5607,853682,58,-0.4597,0.0630,0.4595,-38.8244,29.8626,69.9847
302774.5607,853692,58,-0.4683,0.0803,0.4575,-42.0763,28.3817,66.9618
302774.5607,853702,58,-0.4705,0.1189,0.4575,-45.7710,24.0458,61.0534
302774.5607,853712,58,-0.4753,0.1230,0.4465,-47.6031,22.3206,57.6641
302774.5607,853722,58,-0.4871,0.0947,0.4077,-50.1832,19.6489,54.8702
302774.5607,853732,58,-0.5081,0.0244,0.3538,-51.8931,17.2672,53.5878
302774.5607,853742,58,-0.5327,-0.0164,0.3159,-48.2748,12.7176,55.5267
302774.6816,853752,59,-0.5249,-0.0049,0.3208,-41.4504,4.7023,60.5954
302774.6816,853762,59,-0.4976,0.0479,0.3457,-34.9008,-3.6031,65.1908
302774.6816,853772,59,-0.4763,0.0984,0.3909,-30.2748,-8.9466,67.5420
302774.6816,853782,59,-0.4844,0.1467,0.4358,-28.4122,-11.6031,69.9237
302774.6816,853792,59,-0.5007,0.2083,0.4661,-26.8397,-13.2061,72.7328
302774.6816,853802,59,-0.5496,0.2969,0.5017,-24.1679,-13.3435,74.0458
302774.6816,853812,59,-0.5874,0.3904,0.5129,-23.0992,-15.1145,72.4427
302774.6816,853822,59,-0.6091,0.4241,0.5127,-25.0992,-17.3740,67.0534
302774.6816,853832,59,-0.6189,0.4404,0.5227,-27.9542,-18.8244,59.4046
302774.6816,853842,59,-0.6057,0.4275,0.5298,-32.0611,-22.1374,52.2290
302774.8012,853852,60,-0.5955,0.3835,0.5496,-36.4427,-25.4351,46.4580
302774.8012,853862,60,-0.5964,0.3757,0.5894,-38.2443,-27.7099,43.9542
302774.8012,853872,60,-0.5735,0.4021,0.6343,-37.3282,-29.8321,42.5344
302774.8012,853882,60,-0.5752,0.4114,0.6602,-35.5115,-28.6565,38.4580
302774.8012,853892,60,-0.5896,0.3940,0.6484,-34.5802,-25.8168,34.3817
302774.8012,853902,60,-0.6221,0.3816,0.6277,-33.9847,-23.0992,31.9389
302774.8012,853912,60,-0.6250,0.3870,0.6199,-32.5038,-24.4733,30.2290
302774.8012,853922,60,-0.6121,0.4087,0.6399,-29.5115,-28.2595,27.5420
302774.8012,853932,60,-0.5942,0.4326,0.6589,-27.8168,-31.0382,24.1527
302774.8012,853942,60,-0.5947,0.4546,0.6719,-27.8168,-33.4809,20.1679
302774.8599,853952,61,-0.6055,0.4380,0.6604,-29.3282,-33.8168,14.8855
302774.8599,853962,61,-0.6682,0.3823,0.6111,-30.4275,-29.3282,9.6183
302774.8599,853972,61,-0.7175,0.3408,0.5730,-29.2672,-30.3969,6.8397
302774.8599,853982,61,-0.6963,0.3435,0.6116,-25.0076,-38.8397,5.0840
302774.8599,853992,61,-0.6453,0.3406,0.6807,-21.3282,-46.1221,2.1832
302774.8599,854002,61,-0.6211,0.3298,0.7190,-20.3511,-48.5344,-1.1756
302774.8599,854012,61,-0.6035,0.2974,0.7539,-21.7405,-49.7863,-3.8473
302774.8599,854022,61,-0.6052,0.2383,0.7651,-22.9466,-47.8931,-6.1832
302774.8599,854032,61,-0.6465,0.1711,0.7542,-22.7481,-43.8168,-7.6336
302774.8599,854042,61,-0.6770,0.1099,0.7461,-20.1679,-43.3740,-5.9237
302774.9809,854052,62,-0.6855,0.1045,0.7820,-13.1603,-46.3664,-2.5038
302774.9809,854062,62,-0.6775,0.1438,0.8457,-5.3740,-49.6641,0.8855
302774.9809,854072,62,-0.6748,0.2004,0.9053,0.3969,-49.6031,3.5115
302774.9809,854082,62,-0.7102,0.2551,0.9429,3.1756,-46.4427,3.4656
302774.9809,854092,62,-0.7344,0.2625,0.9648,2.6107,-44.8855,0.7786
302774.9809,854102,62,-0.7417,0.2385,0.9939,1.3588,-44.1679,-2.0763
302774.9809,854112,62,-0.7356,0.2241,1.0327,2.0458,-43.0992,-4.1985
302774.9809,854122,62,-0.7224,0.2283,1.0796,3.5420,-41.7557,-6.5038
302774.9809,854132,62,-0.6924,0.2278,1.1265,2.9924,-38.5954,-8.9313
302774.9809,854142,62,-0.6907,0.2058,1.1396,-0.0458,-30.8855,-10.9160
302775.1008,854152,63,-0.7283,0.1814,1.1157,-2.7176,-22.9466,-12.6260
302775.1008,854162,63,-0.7378,0.1550,1.0935,-3.9389,-20.0000,-14.2137
302775.1008,854172,63,-0.7239,0.1348,1.0872,-3.7099,-18.9160,-15.9542
302775.1008,854182,63,-0.6963,0.1221,1.0974,-3.1908,-16.9771,-17.2519
302775.1008,854192,63,-0.6746,0.1162,1.0886,-2.4122,-12.9160,-17.9695
302775.1008,854202,63,-0.6875,0.1189,1.0496,-2.3511,-7.0687,-18.8550
302775.1008,854212,63,-0.7053,0.1025,1.0024,-3.8168,-3.6641,-20.2443
302775.1008,854222,63,-0.6973,0.0762,0.9714,-4.7939,-3.4198,-21.7252
302775.1008,854232,63,-0.6655,0.0479,0.9585,-5.2672,-3.6336,-22.1221
302775.1008,854242,63,-0.6470,0.0210,0.9460,-5.1908,-2.1527,-21.8779
302775.1610,854252,64,-0.6462,-0.0134,0.9119,-4.9008,0.0000,-20.9160
302775.1610,854262,64,-0.6279,-0.0427,0.8979,-3.8015,0.8550,-19.0992
302775.1610,854272,64,-0.6077,-0.0530,0.8833,-1.1908,2.0763,-16.6718
302775.1610,854282,64,-0.6052,-0.0469,0.8660,1.0382,3.9847,-13.7557
302775.1610,854292,64,-0.6047,-0.0356,0.8479,2.1069,5.8168,-10.7634
302775.1610,854302,64,-0.6091,-0.0283,0.8281,2.8244,6.4885,-8.3817
302775.1610,854312,64,-0.6143,-0.0090,0.8120,3.7557,6.1985,-6.7328
302775.1610,854322,64,-0.6106,0.0127,0.8032,4.5802,5.5573,-5.5267
302775.1610,854332,64,-0.6169,0.0366,0.7927,5.2672,5.3435,-5.3588
302775.1610,854342,64,-0.6189,0.0425,0.7869,4.4580,4.1832,-5.9237
302775.2800,854352,65,-0.6138,0.0452,0.7815,2.9160,2.4275,-6.4580
302775.2800,854362,65,-0.5955,0.0366,0.7849,1.7252,0.6412,-6.8244
302775.2800,854372,65,-0.5779,0.0115,0.7922,1.4198,0.0153,-7.0382
302775.2800,854382,65,-0.5762,0.0056,0.7944,2.3664,0.5038,-6.5038
302775.2800,854392,65,-0.5852,0.0154,0.7849,2.6565,0.9771,-5.6031
302775.2800,854402,65,-0.5559,0.0161,0.7971,1.0229,1.4962,-4.7023
302775.2800,854412,65,-0.5630,0.0022,0.7871,0.2290,4.4427,-3.7863
302775.2800,854422,65,-0.5911,0.0085,0.7686,1.8931,6.3053,-3.0229
302775.2800,854432,65,-0.6138,0.0261,0.7437,2.7634,5.5725,-2.2137
302775.2800,854442,65,-0.6086,0.0376,0.7463,2.4733,2.9466,-1.7557
302775.4004,854452,66,-0.5798,0.0408,0.7817,2.0763,1.3588,-1.6794
302775.4004,854462,66,-0.5833,0.0549,0.7905,2.3359,3.4962,-2.0305
302775.4004,854472,66,-0.6133,0.0591,0.7646,1.3282,5.4962,-2.9160
302775.4004,854482,66,-0.6382,0.0566,0.7400,-0.8092,5.2366,-3.6031
302775.4004,854492,66,-0.6323,0.0396,0.7324,-2.2443,1.6947,-4.0000
302775.4004,854502,66,-0.6130,0.0251,0.7512,-1.6794,-2.4122,-4.2290
302775.4004,854512,66,-0.5918,0.0242,0.7800,-0.5954,-4.6718,-3.9237
302775.4004,854522,66,-0.5769,0.0247,0.7986,-0.5802,-2.8244,-2.8244
302775.4004,854532,66,-0.5940,0.0352,0.7976,0.2137,1.2824,-2.1832
302775.4004,854542,66,-0.6311,0.0466,0.7798,1.2061,3.3588,-2.5038
302775.4608,854552,67,-0.6343,0.0583,0.7810,0.5954,2.0763,-2.8244
302775.4608,854562,67,-0.6194,0.0457,0.7998,-1.2366,1.1908,-2.8092
302775.4608,854572,67,-0.6279,0.0425,0.7988,-1.4351,2.7481,-3.0229
302775.4608,854582,67,-0.6489,0.0518,0.7874,-0.2290,2.8397,-3.5725
302775.4608,854592,67,-0.6572,0.0564,0.7773,0.2595,-0.4275,-4.0153
302775.4608,854602,67,-0.6477,0.0508,0.7859,-0.4733,-4.0458,-4.4122
302775.4608,854612,67,-0.6404,0.0430,0.8005,-1.2214,-6.3206,-4.8092
302775.4608,854622,67,-0.6235,0.0383,0.8206,-1.2519,-6.9618,-4.8092
302775.4608,854632,67,-0.6135,0.0403,0.8403,-0.7481,-5.9389,-4.8550
302775.4608,854642,67,-0.6055,0.0408,0.8518,-0.6565,-3.7099,-4.8702
302775.5806,854652,68,-0.6187,0.0525,0.8420,-0.5954,-0.9771,-4.8092
302775.5806,854662,68,-0.6147,0.0505,0.8330,-1.1908,0.0153,-4.9008
302775.5806,854672,68,-0.6128,0.0498,0.8286,-1.0534,0.6718,-5.2672
302775.5806,854682,68,-0.6116,0.0518,0.8137,-0.8702,1.3435,-5.9542
302775.5806,854692,68,-0.6204,0.0488,0.7939,-1.5420,2.0153,-6.4733
302775.5806,854702,68,-0.6121,0.0403,0.7793,-2.3664,1.2214,-6.8550
302775.5806,854712,68,-0.5962,0.0312,0.7771,-2.4122,0.0916,-6.8397
302775.5806,854722,68,-0.5979,0.0251,0.7688,-1.6794,0.5954,-6.6870
302775.5806,854732,68,-0.6152,0.0222,0.7634,-1.1603,0.8855,-5.9389
302775.5806,854742,68,-0.6152,0.0276,0.7583,-0.4580,-0.6718,-5.0534
302775.7008,854752,69,-0.6040,0.0364,0.7664,0.6107,-2.3664,-4.8550
302775.7008,854762,69,-0.5977,0.0366,0.7786,1.1298,-3.3282,-4.9160
302775.7008,854772,69,-0.5815,0.0261,0.7952,0.3664,-2.8550,-4.5649
302775.7008,854782,69,-0.5967,0.0137,0.7898,0.0153,-0.6565,-3.6794
302775.7008,854792,69,-0.6111,0.0115,0.7856,0.8092,0.0458,-2.6565
302775.7008,854802,69,-0.6155,0.0203,0.7944,2.0000,-0.8244,-1.8473
302775.7008,854812,69,-0.6208,0.0210,0.8064,2.5802,-1.6794,-1.3130
302775.7008,854822,69,-0.6211,0.0254,0.8120,3.3435,-2.0305,-1.0687
302775.7008,854832,69,-0.6270,0.0371,0.8267,3.9695,-1.7710,-1.2366
302775.7008,854842,69,-0.6287,0.0518,0.8320,3.3893,-1.6794,-0.9466
302775.7611,854852,70,-0.6265,0.0757,0.8508,2.6870,-0.6718,-1.2519
302775.7611,854862,70,-0.6296,0.0784,0.8430,1.4656,0.7786,-2.7328
302775.7611,854872,70,-0.6306,0.0698,0.8250,0.0305,1.7557,-4.7481
302775.7611,854882,70,-0.6367,0.0603,0.8066,-1.0840,1.6183,-6.1069
302775.7611,854892,70,-0.6316,0.0588,0.7983,-2.1221,0.4885,-6.9924
302775.7611,854902,70,-0.6196,0.0347,0.7957,-2.5344,-0.1985,-7.9847
302775.7611,854912,70,-0.6033,0.0115,0.7925,-2.1221,0.2901,-8.4122
302775.7611,854922,70,-0.6096,-0.0049,0.7786,-1.2061,0.9313,-8.1832
302775.7611,854932,70,-0.6199,-0.0103,0.7773,-0.8092,0.2443,-7.0840
302775.7611,854942,70,-0.6052,-0.0017,0.7849,-0.4580,-1.8015,-5.2977
302775.8812,854952,71,-0.5872,0.0056,0.8059,-0.1221,-2.2443,-4.5344
302775.8812,854962,71,-0.5886,0.0059,0.7937,-0.0611,-0.0916,-3.7710
302775.8812,854972,71,-0.6145,0.0063,0.7720,0.9160,1.5878,-3.2824
302775.8812,854982,71,-0.6199,0.0054,0.7634,1.6794,0.8855,-2.8855
302775.8812,854992,71,-0.6133,0.0151,0.7620,2.2137,-0.5344,-2.1985
302775.8812,855002,71,-0.6160,0.0232,0.7759,2.7634,-1.6641,-1.8626
302775.8812,855012,71,-0.6138,0.0288,0.7825,2.7939,-2.5344,-2.0305
302775.8812,855022,71,-0.6130,0.0312,0.7910,2.5496,-2.3053,-2.3053
302775.8812,855032,71,-0.6189,0.0222,0.7881,2.3206,-2.1069,-2.5038
302775.8812,855042,71,-0.6218,0.0149,0.7927,2.1985,-2.3969,-2.2748
302775.9995,855052,72,-0.6128,0.0171,0.8020,2.4122,-2.5038,-1.6336
302775.9995,855062,72,-0.6086,0.0137,0.8110,2.4275,-2.0458,-1.1756
302775.9995,855072,72,-0.6140,0.0156,0.8140,2.5038,-1.1145,-0.9008
302775.9995,855082,72,-0.6194,0.0200,0.8135,2.5954,-0.5496,-0.3969
302775.9995,855092,72,-0.6377,0.0361,0.8115,2.8550,0.0458,-0.4427
302775.9995,855102,72,-0.6445,0.0393,0.8027,2.0153,-0.1374,-1.1756
302775.9995,855112,72,-0.6580,0.0347,0.7971,0.8397,-0.6718,-1.8321
302775.9995,855122,72,-0.6567,0.0347,0.8037,0.3511,-1.6947,-2.1832
302775.9995,855132,72,-0.6433,0.0308,0.8118,0.0305,-2.2595,-2.6260
302775.9995,855142,72,-0.6462,0.0186,0.8284,-0.5802,-1.1145,-2.7939
302776.0605,855152,73,-0.6606,0.0122,0.8318,-0.7786,0.2137,-2.3206
302776.0605,855162,73,-0.6611,0.0044,0.8447,-0.1985,0.5344,-2.1374
302776.0605,855172,73,-0.6611,0.0032,0.8582,0.3664,1.2672,-2.1527
302776.0605,855182,73,-0.6711,0.0039,0.8613,-0.3206,2.5802,-1.5267
302776.0605,855192,73,-0.6689,0.0100,0.8589,-0.9008,3.4656,-1.2366
302776.0605,855202,73,-0.6677,0.0032,0.8657,-1.4656,4.0916,-1.6947
302776.0605,855212,73,-0.6741,0.0002,0.8713,-2.1527,5.2061,-1.8321
302776.0605,855222,73,-0.6699,-0.0149,0.8621,-3.2977,6.4580,-2.0458
302776.0605,855232,73,-0.6829,-0.0293,0.8438,-3.4198,8.2595,-2.6718
302776.0605,855242,73,-0.6948,-0.0437,0.8223,-4.3359,8.6870,-3.0687
302776.1820,855252,74,-0.7146,-0.0630,0.8081,-5.9695,7.9847,-3.2214
302776.1820,855262,74,-0.7275,-0.1011,0.8159,-7.8931,6.8092,-3.0076
302776.1820,855272,74,-0.7344,-0.1318,0.8357,-7.9389,6.1527,-1.0840
302776.1820,855282,74,-0.7371,-0.1406,0.8743,-5.8473,6.1832,1.4046
302776.1820,855292,74,-0.7310,-0.1304,0.9209,-3.3893,7.0687,3.8779
302776.1820,855302,74,-0.7227,-0.1006,0.9431,-2.3053,9.4504,5.6641
302776.1820,855312,74,-0.7202,-0.0940,0.9392,-4.1221,12.4733,5.6489
302776.1820,855322,74,-0.7083,-0.1152,0.9321,-6.8092,15.1450,5.1298
302776.1820,855332,74,-0.6875,-0.1548,0.9268,-9.4962,17.7099,5.7405
302776.1820,855342,74,-0.6799,-0.1741,0.9058,-9.8779,22.4733,7.7557
302776.3019,855352,75,-0.7019,-0.1567,0.8679,-7.9389,26.8244,8.9924
302776.3019,855362,75,-0.7180,-0.1526,0.8250,-8.9313,28.9771,9.5115
302776.3019,855372,75,-0.7107,-0.1575,0.7976,-12.7634,28.1069,11.2214
302776.3019,855382,75,-0.7034,-0.1633,0.7827,-16.1985,27.2366,12.4580
302776.3019,855392,75,-0.6804,-0.1855,0.7791,-18.5038,26.7481,13.6489
302776.3019,855402,75,-0.6624,-0.1841,0.7783,-18.8092,27.1908,15.7099
302776.3019,855412,75,-0.6577,-0.1616,0.7627,-19.4504,28.5649,17.3435
302776.3019,855422,75,-0.6433,-0.1426,0.7439,-22.2595,29.7252,17.9084
302776.3019,855432,75,-0.6206,-0.1494,0.7129,-26.7634,30.7328,17.8473
302776.3019,855442,75,-0.5920,-0.1821,0.6770,-30.5038,32.0000,18.1221
302776.3610,855452,76,-0.5925,-0.1816,0.6270,-31.4656,33.8931,18.2137
302776.3610,855462,76,-0.5867,-0.1836,0.5784,-33.0534,33.5573,18.3053
302776.3610,855472,76,-0.5698,-0.1843,0.5337,-36.2443,31.0992,18.5954
302776.3610,855482,76,-0.5396,-0.2043,0.4927,-41.2824,26.6260,19.1450
302776.3610,855492,76,-0.5090,-0.2300,0.4570,-45.6794,21.5420,19.7099
302776.3610,855502,76,-0.4661,-0.2456,0.4307,-48.9160,16.0763,20.1679
302776.3610,855512,76,-0.4280,-0.2793,0.3914,-53.2061,10.9924,20.8702
302776.3610,855522,76,-0.3760,-0.3259,0.3518,-56.6718,4.8397,21.9847
302776.3610,855532,76,-0.2954,-0.4053,0.3254,-59.1603,-1.0687,24.4885
302776.3610,855542,76,-0.2283,-0.4746,0.2905,-57.8168,-3.9237,29.7557
302776.4860,855552,77,-0.2148,-0.5005,0.2349,-53.2366,-5.3282,37.8015
302776.4860,855562,77,-0.2266,-0.4863,0.2180,-48.6107,-10.2901,49.3282
302776.4860,855572,77,-0.2407,-0.3782,0.2168,-42.4580,-18.2595,63.8626
302776.4860,855582,77,-0.2405,-0.2280,0.2478,-36.6565,-26.9313,73.6947
302776.4860,855592,77,-0.2317,-0.0903,0.2825,-34.1374,-35.1603,77.0992
302776.4860,855602,77,-0.2229,0.0100,0.3027,-35.8626,-42.8092,77.1603
302776.4860,855612,77,-0.2427,0.0862,0.3022,-40.9466,-48.3969,74.5802
302776.4860,855622,77,-0.2593,0.1047,0.2883,-47.5573,-55.5267,70.9160
302776.4860,855632,77,-0.2642,0.1350,0.3142,-51.6947,-64.6260,66.0305
302776.4860,855642,77,-0.2471,0.1733,0.3931,-54.3206,-74.5802,62.2901
302776.6084,855652,78,-0.2141,0.2458,0.4768,-53.7405,-82.0153,59.9542
302776.6084,855662,78,-0.2251,0.3726,0.5537,-53.4504,-85.6947,54.7786
302776.6084,855672,78,-0.2236,0.4612,0.5972,-58.9160,-88.8702,45.1908
302776.6084,855682,78,-0.2119,0.5164,0.6177,-66.9313,-91.1908,30.4275
302776.6084,855692,78,-0.1523,0.5103,0.6418,-76.7328,-92.5496,12.2137
302776.6084,855702,78,-0.1594,0.3728,0.6240,-88.9008,-87.3282,-6.2290
302776.6084,855712,78,-0.2625,0.1721,0.5632,-98.3817,-81.9847,-17.9389
302776.6084,855722,78,-0.2939,0.0305,0.5503,-97.4198,-88.5802,-17.8321
302776.6084,855732,78,-0.2981,0.0388,0.6265,-84.4580,-99.1908,-12.0916
302776.6084,855742,78,-0.2441,0.1265,0.7563,-71.0534,-110.6107,-5.6641
302776.6619,855752,79,-0.1768,0.2410,0.8997,-60.3969,-116.2748,-2.3969
302776.6619,855762,79,-0.1550,0.3213,0.9836,-54.3817,-114.0458,-3.6336
302776.6619,855772,79,-0.1726,0.3667,1.0271,-54.1679,-111.9237,-8.6565
302776.6619,855782,79,-0.1582,0.3635,1.0654,-55.3740,-113.7557,-14.7939
302776.6619,855792,79,-0.1685,0.4028,1.0684,-53.3740,-113.4962,-20.8702
302776.6619,855802,79,-0.2102,0.3770,1.0220,-55.0534,-112.5496,-28.9160
302776.6619,855812,79,-0.2522,0.2632,0.9785,-56.2443,-113.1756,-37.0534
302776.6619,855822,79,-0.2605,0.1970,0.9805,-49.2672,-118.7939,-39.4962
302776.6619,855832,79,-0.1970,0.1990,1.0569,-37.9847,-128.2290,-38.0305
302776.6619,855842,79,-0.1406,0.2390,1.1565,-25.7405,-130.5038,-36.8397
302776.7821,855852,80,-0.1301,0.2908,1.2175,-15.8015,-127.8321,-37.3435
302776.7821,855862,80,-0.1345,0.3293,1.2820,-10.3053,-126.0611,-39.4198
302776.7821,855872,80,-0.1152,0.3135,1.3374,-8.7481,-125.9389,-42.0763
302776.7821,855882,80,-0.1062,0.3147,1.3867,-5.3893,-123.0840,-46.1985
302776.7821,855892,80,-0.0974,0.3357,1.4216,-1.2824,-119.9542,-52.4275
302776.7821,855902,80,-0.0864,0.3020,1.4338,-1.3588,-117.5573,-58.3969
302776.7821,855912,80,-0.0647,0.2871,1.4585,-0.2901,-114.9008,-62.6412
302776.7821,855922,80,-0.0469,0.2991,1.4766,1.4504,-111.4504,-64.9618
302776.7821,855932,80,-0.0325,0.3440,1.4978,3.1908,-105.6794,-68.3664
302776.7821,855942,80,-0.0308,0.3816,1.4910,4.3206,-99.6183,-73.5267
302776.9008,855952,81,-0.0186,0.4141,1.4902,6.3206,-93.5725,-81.5573
302776.9008,855962,81,-0.0400,0.4185,1.4636,5.8321,-84.9466,-90.4427
302776.9008,855972,81,-0.0786,0.3384,1.4189,3.3282,-77.8015,-101.0992
302776.9008,855982,81,-0.0771,0.2415,1.3958,4.6718,-76.0000,-110.5649
302776.9008,855992,81,-0.0796,0.1956,1.3801,8.3053,-76.2748,-115.7557
302776.9008,856002,81,-0.0598,0.1416,1.4060,10.7634,-78.5344,-119.2672
302776.9008,856012,81,-0.0117,0.0859,1.4819,14.0763,-81.4046,-121.6031
302776.9008,856022,81,0.0410,0.0588,1.5750,18.6412,-80.8855,-122.1221
302776.9008,856032,81,0.0798,0.0371,1.6499,22.1985,-75.8168,-122.1985
302776.9008,856042,81,0.1187,-0.0024,1.6926,24.9160,-68.2595,-123.7863
302776.9606,856052,82,0.1350,-0.0276,1.7031,27.8931,-58.3053,-125.3740
302776.9606,856062,82,0.1318,-0.0425,1.6868,28.3053,-47.6641,-125.8779
302776.9606,856072,82,0.1196,-0.0620,1.6584,26.7176,-38.1832,-125.8321
302776.9606,856082,82,0.1304,-0.0662,1.6321,25.5420,-30.6260,-124.5954
302776.9606,856092,82,0.1213,-0.0696,1.6125,25.8015,-23.5267,-123.5420
302776.9606,856102,82,0.1042,-0.0698,1.6082,28.9313,-17.3435,-124.9008
302776.9606,856112,82,0.0945,-0.0620,1.6042,31.0992,-11.8015,-126.2901
302776.9606,856122,82,0.0845,-0.0701,1.5928,29.2977,-7.2366,-126.0916
302776.9606,856132,82,0.0835,-0.0725,1.6147,27.4962,-3.3740,-125.3130
302776.9606,856142,82,0.0776,-0.0557,1.6392,27.3588,1.3893,-125.3130
302777.0797,856152,83,0.0833,-0.0742,1.6465,26.7481,6.7939,-127.5115
302777.0797,856162,83,0.0974,-0.1245,1.6406,25.4962,12.9618,-129.3130
302777.0797,856172,83,0.0867,-0.1772,1.6265,24.4427,19.6031,-129.6183
302777.0797,856182,83,0.0725,-0.2048,1.6245,24.0000,24.7023,-127.9695
302777.0797,856192,83,0.0815,-0.2173,1.6455,24.8092,27.6183,-125.0992
302777.0797,856202,83,0.1023,-0.2019,1.6670,26.7023,32.4427,-123.2366
302777.0797,856212,83,0.1162,-0.2234,1.6624,26.2137,39.0687,-122.7328
302777.0797,856222,83,0.0981,-0.2625,1.6431,24.2901,46.1832,-123.1298
302777.0797,856232,83,0.0728,-0.2625,1.6338,21.8015,50.8550,-120.9466
302777.0797,856242,83,0.0959,-0.2556,1.6514,17.9389,54.7634,-117.2214
302777.2607,856252,84,0.1001,-0.2585,1.6750,15.1756,61.3282,-116.9160
302777.2607,856262,84,0.1184,-0.2893,1.6838,11.9542,68.1832,-117.7710
302777.2607,856272,84,0.1121,-0.3044,1.6760,7.5878,76.3969,-116.6718
302777.2607,856282,84,0.1055,-0.3284,1.6392,2.5802,85.1756,-114.2290
302777.2607,856292,84,0.0762,-0.3474,1.6028,-1.3435,93.5725,-112.9466
302777.2607,856302,84,0.0750,-0.3711,1.5625,-5.4046,99.1756,-110.4122
302777.2607,856312,84,0.0801,-0.4048,1.5222,-9.0534,104.4122,-107.9237
302777.2607,856322,84,0.0647,-0.4531,1.4719,-11.8015,110.5191,-103.7405
302777.2607,856332,84,0.0452,-0.4775,1.4133,-11.6794,116.0458,-98.5344
302777.2607,856342,84,0.0320,-0.4980,1.3706,-10.3664,119.1756,-93.5573
302777.2624,856352,85,0.0276,-0.5156,1.3496,-10.0611,121.1908,-87.2977
302777.2624,856362,85,0.0234,-0.5083,1.3516,-8.8855,122.5954,-80.5191
302777.2624,856372,85,0.0339,-0.4858,1.3586,-7.5725,123.9084,-74.8550
302777.2624,856382,85,0.0225,-0.4761,1.3464,-8.9924,127.7405,-70.5496
302777.2624,856392,85,-0.0007,-0.4858,1.3018,-12.5802,131.9237,-67.1450
302777.2624,856402,85,-0.0171,-0.5225,1.2563,-16.0916,134.5191,-64.6565
302777.2624,856412,85,-0.0435,-0.5754,1.1978,-19.1145,136.7023,-61.3435
302777.2624,856422,85,-0.0940,-0.5967,1.1697,-21.8321,136.7939,-55.2977
302777.2624,856432,85,-0.0940,-0.5864,1.1641,-23.3282,134.8702,-46.4427
302777.2624,856442,85,-0.1228,-0.5247,1.1931,-23.7557,135.4198,-39.6794
302777.3817,856452,86,-0.1270,-0.4465,1.2141,-27.4198,136.8244,-36.3511
302777.3817,856462,86,-0.1379,-0.4580,1.2063,-38.3206,139.3435,-38.5954
302777.3817,856472,86,-0.1577,-0.5107,1.1562,-51.7557,141.9237,-40.1374
302777.3817,856482,86,-0.1182,-0.6050,1.1113,-61.6183,141.4504,-40.5649
302777.3817,856492,86,-0.0786,-0.7078,1.0591,-67.6031,141.7863,-38.0763
302777.3817,856502,86,-0.0552,-0.7776,0.9819,-69.7099,144.4275,-31.7099
302777.3817,856512,86,-0.0725,-0.8218,0.9099,-68.4275,148.2443,-24.9313
302777.3817,856522,86,-0.0872,-0.8813,0.8240,-68.1985,149.9389,-14.7939
302777.3817,856532,86,-0.0859,-0.8979,0.7495,-65.6794,146.1832,-1.4656
302777.3817,856542,86,-0.0786,-0.8682,0.7288,-60.6565,141.2214,11.2366
302777.6180,856552,87,-0.0610,-0.8188,0.6907,-58.1985,137.1756,23.2061
302777.6180,856562,87,-0.0842,-0.7805,0.6382,-57.5267,135.2061,33.0229
302777.6180,856572,87,-0.1082,-0.7375,0.5713,-57.6183,132.8092,41.2672
302777.6180,856582,87,-0.1194,-0.6865,0.5134,-58.1832,127.9237,47.5420
302777.6180,856592,87,-0.1262,-0.6848,0.4443,-60.8550,122.6412,51.8626
302777.6180,856602,87,-0.1362,-0.6921,0.3848,-61.8168,117.3740,56.1221
302777.6180,856612,87,-0.1313,-0.6589,0.3584,-60.0153,110.6870,61.9847
302777.6180,856622,87,-0.1130,-0.6213,0.3398,-58.5191,104.1832,67.6794
302777.6180,856632,87,-0.1335,-0.6021,0.2937,-57.7710,100.6412,73.1908
302777.6180,856642,87,-0.2029,-0.5813,0.2236,-55.0992,99.0076,77.5725
302777.6820,856652,88,-0.2598,-0.5305,0.1797,-51.8015,93.3893,81.6336
302777.6820,856662,88,-0.2778,-0.4966,0.1648,-51.2366,83.4198,85.9084
302777.6820,856672,88,-0.2798,-0.4492,0.1646,-50.6260,74.2595,89.4198
302777.6820,856682,88,-0.2773,-0.3987,0.1802,-50.4885,64.9160,91.7710
302777.6820,856692,88,-0.2598,-0.3733,0.2065,-52.6870,55.8626,92.8092
302777.6820,856702,88,-0.2483,-0.3616,0.2346,-55.1603,47.5115,93.6794
302777.6820,856712,88,-0.2314,-0.3428,0.2607,-55.5573,40.3969,94.3817
302777.6820,856722,88,-0.2256,-0.3352,0.2603,-56.0916,36.9160,94.2901
302777.6820,856732,88,-0.2256,-0.3425,0.2307,-58.0916,33.6489,94.9618
302777.6820,856742,88,-0.2217,-0.3386,0.2178,-59.4809,27.6794,97.3130
302777.6831,856752,89,-0.2078,-0.3118,0.2400,-59.0534,20.5802,100.3664
302777.6831,856762,89,-0.1921,-0.2542,0.2939,-57.4962,13.8626,104.1374
302777.6831,856772,89,-0.1804,-0.1477,0.3376,-55.0992,9.7405,107.8321
302777.6831,856782,89,-0.1953,-0.0237,0.3508,-54.2748,8.1374,107.8168
302777.6831,856792,89,-0.2300,0.0200,0.3015,-59.7252,7.2519,103.0534
302777.6831,856802,89,-0.2554,-0.0046,0.2166,-67.0687,6.1069,96.3817
302777.6831,856812,89,-0.2827,-0.0840,0.1377,-71.9389,0.6718,92.2595
302777.6831,856822,89,-0.2910,-0.1140,0.1201,-71.2061,-9.4504,92.8092
302777.6831,856832,89,-0.2720,-0.0825,0.1438,-67.1603,-21.3435,95.5878
302777.6831,856842,89,-0.2424,-0.0322,0.1707,-64.1527,-29.8931,97.7557
302777.8007,856852,90,-0.2441,0.0115,0.1975,-63.4351,-35.5267,98.6412
302777.8007,856862,90,-0.2515,0.0686,0.2334,-62.4885,-41.5725,99.7099
302777.8007,856872,90,-0.2461,0.1750,0.2939,-60.0305,-48.9313,99.3893
302777.8007,856882,90,-0.2151,0.2727,0.3638,-61.2366,-55.6031,94.7176
302777.8007,856892,90,-0.2163,0.3057,0.4048,-68.3969,-57.4656,86.3969
302777.8007,856902,90,-0.2700,0.3003,0.3774,-77.0382,-56.7634,77.4962
302777.8007,856912,90,-0.3293,0.2354,0.3079,-85.0992,-57.4962,68.1679
302777.8007,856922,90,-0.3801,0.0781,0.2339,-90.3969,-61.3588,60.8092
302777.8007,856932,90,-0.4106,-0.0310,0.1853,-86.2748,-70.4275,60.1221
302777.8007,856942,90,-0.3826,-0.0447,0.2561,-75.2366,-86.1527,64.6870
302777.8600,856952,91,-0.3333,0.0684,0.4131,-63.4809,-102.0916,74.2748
302777.8600,856962,91,-0.2742,0.3018,0.5879,-53.1450,-111.9084,81.4962
302777.8600,856972,91,-0.2341,0.4946,0.7266,-51.9084,-113.2977,79.2366
302777.8600,856982,91,-0.2095,0.6084,0.7891,-62.1679,-113.7252,68.3969
302777.8600,856992,91,-0.2334,0.5852,0.7546,-78.4275,-107.1756,49.7557
302777.8600,857002,91,-0.3210,0.4167,0.6399,-92.6260,-98.1374,26.5802
302777.8600,857012,91,-0.3982,0.1372,0.5254,-103.1908,-99.2061,11.0076
302777.8600,857022,91,-0.4072,-0.0813,0.5039,-102.3053,-110.4580,10.7176
302777.8600,857032,91,-0.3779,-0.1245,0.6086,-85.2977,-125.0687,20.4122
302777.8600,857042,91,-0.2690,0.0239,0.7913,-62.0153,-140.9618,34.5954
302777.9810,857052,92,-0.1846,0.2231,0.9722,-44.3817,-144.6870,41.1145
302777.9810,857062,92,-0.1860,0.3647,1.1001,-40.7939,-137.5420,41.2214
302777.9810,857072,92,-0.1562,0.4104,1.1575,-46.9160,-132.3053,39.1908
302777.9810,857082,92,-0.1938,0.4463,1.1655,-50.6412,-124.7786,30.9313
302777.9810,857092,92,-0.2935,0.4705,1.1104,-51.5725,-116.1374,17.8931
302777.9810,857102,92,-0.3525,0.4407,1.0276,-54.2443,-112.4885,4.6870
302777.9810,857112,92,-0.3928,0.3542,0.9688,-57.0229,-114.2748,-6.4275
302777.9810,857122,92,-0.3933,0.2925,0.9561,-56.1985,-120.1985,-12.6565
302777.9810,857132,92,-0.3423,0.3000,0.9888,-50.5649,-128.9924,-16.0000
302777.9810,857142,92,-0.2625,0.3179,1.0759,-45.3588,-136.0611,-20.9466
302778.1010,857152,93,-0.2095,0.3132,1.1553,-41.9542,-137.6183,-25.8168
302778.1010,857162,93,-0.1765,0.3245,1.2112,-39.0840,-135.5573,-29.6794
302778.1010,857172,93,-0.1538,0.3088,1.2302,-38.0153,-132.8244,-34.2595
302778.1010,857182,93,-0.1631,0.3027,1.2432,-35.4962,-129.2519,-42.0458
302778.1010,857192,93,-0.1804,0.2546,1.2307,-35.3435,-124.0153,-50.5496
302778.1010,857202,93,-0.2129,0.1897,1.2100,-35.1145,-119.4656,-57.4046
302778.1010,857212,93,-0.1968,0.1316,1.2227,-31.7405,-120.9618,-61.0992
302778.1010,857222,93,-0.1697,0.0923,1.2625,-25.4198,-121.4046,-61.1450
302778.1010,857232,93,-0.1694,0.1316,1.3008,-15.5115,-118.6260,-60.2595
302778.1010,857242,93,-0.1562,0.1804,1.3503,-8.1069,-116.7939,-60.0916
302778.1615,857252,94,-0.1697,0.2617,1.3813,-3.5115,-113.3130,-62.3206
302778.1615,857262,94,-0.1714,0.3342,1.4158,-3.2977,-111.1908,-68.8855
302778.1615,857272,94,-0.1472,0.3601,1.4487,-7.6489,-111.2824,-79.2672
302778.1615,857282,94,-0.1047,0.3381,1.4841,-14.5038,-111.5878,-92.3817
302778.1615,857292,94,-0.0103,0.2349,1.5139,-22.0153,-108.7481,-106.5802
302778.1615,857302,94,0.0188,0.0596,1.4917,-26.7786,-96.7328,-118.9771
302778.1615,857312,94,-0.0144,-0.0798,1.4487,-25.2214,-84.9924,-125.2366
302778.1615,857322,94,-0.0044,-0.1824,1.4419,-19.8015,-81.4809,-124.1221
302778.1615,857332,94,0.0103,-0.2605,1.4504,-10.8244,-79.0992,-119.4504
302778.1615,857342,94,0.0110,-0.2544,1.4934,1.4198,-74.7328,-112.4427
302778.2822,857352,95,0.0259,-0.1978,1.5413,12.1374,-71.3893,-103.6947
302778.2822,857362,95,0.0212,-0.1250,1.5730,18.9160,-65.8015,-97.8779
302778.2822,857372,95,0.0017,-0.0530,1.6140,21.5267,-59.7863,-96.0153
302778.2822,857382,95,0.0234,0.0034,1.6538,19.0992,-55.1603,-96.9924
302778.2822,857392,95,0.0000,0.0283,1.6404,12.1985,-47.5878,-100.8244
302778.2822,857402,95,0.0115,0.0266,1.6423,6.1221,-40.7481,-108.2748
302778.2822,857412,95,0.0417,-0.0054,1.6541,-0.0763,-35.0840,-116.0763
302778.2822,857422,95,0.0901,-0.0808,1.6572,-6.8244,-29.3130,-122.6565
302778.2822,857432,95,0.1130,-0.1768,1.6423,-10.1679,-20.7328,-127.1298
302778.2822,857442,95,0.1250,-0.2341,1.6169,-9.3435,-11.9542,-127.6336
302778.4026,857452,96,0.1338,-0.2812,1.5898,-7.1298,-3.4351,-125.0687
302778.4026,857462,96,0.1099,-0.2949,1.5503,-3.6794,6.1069,-120.2595
302778.4026,857472,96,0.0835,-0.3076,1.5022,0.2901,13.2366,-115.9084
302778.4026,857482,96,0.0615,-0.3223,1.4761,4.8397,18.1069,-111.3893
302778.4026,857492,96,0.0454,-0.2983,1.4612,10.2595,21.0382,-105.5267
302778.4026,857502,96,0.0415,-0.2576,1.4722,14.2748,23.4351,-100.4275
302778.4026,857512,96,0.0725,-0.2251,1.5024,16.2290,27.4809,-97.1908
302778.4026,857522,96,0.0842,-0.2275,1.5303,16.5496,34.3969,-95.1908
302778.4026,857532,96,0.0713,-0.2463,1.5425,16.1985,42.2901,-94.2901
302778.4026,857542,96,0.0740,-0.2517,1.5396,16.6565,50.7176,-92.5496
302778.4603,857552,97,0.0667,-0.2666,1.5056,16.3511,59.5420,-91.3588
302778.4603,857562,97,0.0063,-0.3066,1.4487,16.5649,67.0840,-91.8779
302778.4603,857572,97,-0.0073,-0.3394,1.4075,19.2824,65.6183,-90.6718
302778.4603,857582,97,-0.0129,-0.3479,1.3997,23.6336,61.0992,-88.1221
302778.4603,857592,97,-0.0137,-0.3489,1.4180,25.9084,58.0305,-85.5725
302778.4603,857602,97,0.0044,-0.3718,1.4370,26.9924,57.4046,-83.1298
302778.4603,857612,97,0.0081,-0.3816,1.4678,29.0076,58.6565,-81.6489
302778.4603,857622,97,0.0120,-0.3860,1.4895,29.3893,60.1527,-79.5115
302778.4603,857632,97,0.0369,-0.3862,1.5073,29.0840,63.4198,-78.0305
302778.4603,857642,97,0.0549,-0.4094,1.4980,26.8550,71.4504,-77.8321
302778.5810,857652,98,0.0164,-0.4592,1.4404,22.5191,81.2824,-76.9771
302778.5810,857662,98,-0.0007,-0.5081,1.3940,19.8626,86.1069,-73.9542
302778.5810,857672,98,0.0088,-0.5435,1.3894,18.9618,87.4198,-70.1527
302778.5810,857682,98,0.0149,-0.5688,1.3835,18.6412,90.0458,-64.8550
302778.5810,857692,98,0.0120,-0.5657,1.3760,19.4656,93.7557,-58.6260
302778.5810,857702,98,-0.0063,-0.5522,1.3518,19.5420,97.8779,-54.1374
302778.5810,857712,98,-0.0273,-0.5613,1.3145,16.8092,100.7481,-50.4885
302778.5810,857722,98,-0.0381,-0.5869,1.2732,13.7252,101.5725,-46.4427
302778.5810,857732,98,-0.0198,-0.6052,1.2505,12.4885,102.6870,-42.5344
302778.5810,857742,98,-0.0439,-0.6152,1.2156,11.8168,108.7481,-37.2519
302778.7007,857752,99,-0.0867,-0.6060,1.1748,12.1527,113.0840,-32.2290
302778.7007,857762,99,-0.1108,-0.5945,1.1472,11.6794,113.4962,-27.8015
302778.7007,857772,99,-0.1079,-0.6006,1.1243,9.4198,112.6565,-23.6183
302778.7007,857782,99,-0.1072,-0.6267,1.1050,6.7786,112.4122,-20.0916
302778.7007,857792,99,-0.1021,-0.6643,1.0786,4.5344,112.4122,-15.8168
302778.7007,857802,99,-0.0964,-0.6970,1.0444,4.0763,113.1756,-10.0763
302778.7007,857812,99,-0.1101,-0.7207,1.0068,5.9237,114.8397,-3.5115
302778.7007,857822,99,-0.1448,-0.7278,0.9570,7.6336,115.7710,4.3969
302778.7007,857832,99,-0.1863,-0.7297,0.8989,9.8931,115.7099,12.0153
302778.7007,857842,99,-0.2251,-0.7056,0.8848,13.1145,112.6260,19.9695
302778.7607,857852,100,-0.2229,-0.6433,0.8940,16.0611,107.0687,29.7863
302778.7607,857862,100,-0.2161,-0.5662,0.9092,18.9618,103.3130,35.9237
302778.7607,857872,100,-0.2244,-0.5100,0.9258,18.1374,101.5725,38.2137
302778.7607,857882,100,-0.2288,-0.4609,0.9485,13.7863,100.7023,39.8168
302778.7607,857892,100,-0.2239,-0.4280,0.9495,7.9237,102.3359,41.1603
302778.7607,857902,100,-0.2463,-0.4038,0.9424,2.2901,105.4351,40.5496
302778.7607,857912,100,-0.2627,-0.3730,0.9189,-3.3282,106.5649,40.2290
302778.7607,857922,100,-0.2722,-0.3347,0.9009,-8.4122,106.7176,39.2824
302778.7607,857932,100,-0.2815,-0.3391,0.8638,-14.4885,106.9924,37.1450
302778.7607,857942,100,-0.3088,-0.3496,0.8042,-19.9389,107.8321,35.3435
302778.8812,857952,101,-0.3076,-0.3613,0.7578,-22.5649,106.6260,34.3511
302778.8812,857962,101,-0.2910,-0.3440,0.7432,-23.5267,104.8550,35.1756
302778.8812,857972,101,-0.2966,-0.2908,0.7139,-25.9084,106.1069,36.4733
302778.8812,857982,101,-0.3215,-0.2375,0.6726,-30.1679,107.6489,33.9237
302778.8812,857992,101,-0.3618,-0.2507,0.6082,-38.5649,107.0687,29.6336
302778.8812,858002,101,-0.4058,-0.2856,0.5532,-47.6641,103.3740,26.5191
302778.8812,858012,101,-0.4031,-0.3137,0.5498,-55.2519,94.3053,24.9466
302778.8812,858022,101,-0.3774,-0.3894,0.5640,-61.0076,86.1069,24.3359
302778.8812,858032,101,-0.3496,-0.4514,0.5886,-62.7023,82.1374,25.4656
302778.8812,858042,101,-0.3369,-0.4910,0.5996,-62.7328,80.8092,30.1221
302779.0009,858052,102,-0.3223,-0.5071,0.5984,-61.1756,80.0763,37.2824
302779.0009,858062,102,-0.3237,-0.4822,0.5950,-58.1527,79.1603,45.2519
302779.0009,858072,102,-0.3342,-0.4199,0.5967,-55.6794,77.4656,52.9160
302779.0009,858082,102,-0.3411,-0.3450,0.5806,-54.6565,75.4351,57.0992
302779.0009,858092,102,-0.3560,-0.3240,0.5330,-57.7557,73.4962,57.4504
302779.0009,858102,102,-0.3652,-0.3542,0.4722,-62.5038,70.5038,56.9466
302779.0009,858112,102,-0.3572,-0.3616,0.4277,-64.9466,64.9924,58.1527
302779.0009,858122,102,-0.3347,-0.3689,0.4089,-67.7710,57.2519,61.2977
302779.0009,858132,102,-0.3196,-0.3975,0.3733,-70.2443,52.0763,65.2214
302779.0009,858142,102,-0.3198,-0.4060,0.3413,-69.8015,48.0916,69.7557
302779.1203,858152,103,-0.3118,-0.4343,0.3220,-68.9924,42.2748,75.5267
302779.1203,858162,103,-0.2859,-0.4070,0.3328,-66.3206,34.8092,82.9771
302779.1203,858172,103,-0.2578,-0.3513,0.3672,-64.1985,27.7099,90.4427
302779.1203,858182,103,-0.2295,-0.2778,0.3958,-62.9008,23.0229,96.1832
302779.1203,858192,103,-0.2236,-0.1868,0.4136,-62.5496,19.6947,99.2519
302779.1203,858202,103,-0.2444,-0.1768,0.3816,-66.2443,18.5191,99.0840
302779.1203,858212,103,-0.2991,-0.2361,0.3069,-68.6412,22.2443,99.4504
302779.1203,858222,103,-0.3333,-0.2095,0.2876,-63.7252,19.1298,103.0076
302779.1203,858232,103,-0.2949,-0.1304,0.3247,-59.0992,8.9008,108.0153
302779.1203,858242,103,-0.2600,-0.0376,0.3711,-56.3511,0.5191,110.1069
302779.1820,858252,104,-0.2202,0.0354,0.3953,-57.5420,-5.6947,108.6870
302779.1820,858262,104,-0.2351,0.0625,0.3848,-64.1374,-9.4198,106.1221
302779.1820,858272,104,-0.2598,0.0549,0.3545,-71.1756,-12.8397,103.8931
302779.1820,858282,104,-0.2856,0.0496,0.3384,-74.1221,-17.9084,102.0611
302779.1820,858292,104,-0.2739,0.0916,0.3669,-73.4046,-24.6412,101.2366
302779.1820,858302,104,-0.2458,0.1458,0.4021,-72.0458,-30.0000,99.7863
302779.1820,858312,104,-0.2512,0.2087,0.4192,-72.9466,-32.3817,96.1985
302779.1820,858322,104,-0.2529,0.2437,0.4043,-77.2214,-36.0458,90.3206
302779.1820,858332,104,-0.2419,0.2451,0.3689,-83.8321,-41.8779,82.6260
302779.1820,858342,104,-0.2046,0.2095,0.3362,-89.9237,-49.3282,73.9542
302779.3010,858352,105,-0.1975,0.1284,0.2820,-95.4656,-54.1985,66.2137
302779.3010,858362,105,-0.2021,0.0281,0.2239,-99.6489,-58.8397,62.6260
302779.3010,858372,105,-0.1938,-0.1033,0.1997,-100.2443,-62.3511,62.9466
302779.3010,858382,105,-0.2102,-0.2012,0.1958,-94.0000,-61.5573,68.6260
302779.3010,858392,105,-0.1672,-0.1567,0.3069,-79.2214,-63.5878,78.6718
302779.3010,858402,105,-0.1506,-0.0273,0.4456,-62.8702,-66.4580,90.6565
302779.3010,858412,105,-0.1648,0.2058,0.6074,-48.4275,-72.1679,98.2595
302779.3010,858422,105,-0.1714,0.4675,0.7568,-43.1603,-81.2672,99.1298
302779.3010,858432,105,-0.1890,0.6431,0.8611,-50.4427,-91.6183,92.6718
302779.3010,858442,105,-0.2229,0.7258,0.8726,-62.6412,-100.2137,76.9160
302779.3608,858452,106,-0.2791,0.7502,0.8174,-74.7634,-104.9771,55.6947
302779.3608,858462,106,-0.3362,0.6370,0.7080,-88.8092,-109.1145,32.1221
302779.3608,858472,106,-0.3630,0.4175,0.6096,-100.3053,-116.6412,13.8168
302779.3608,858482,106,-0.3267,0.2439,0.6011,-100.6260,-130.1527,5.2519
302779.3608,858492,106,-0.2639,0.1655,0.7017,-88.8702,-145.6336,5.4504
302779.3608,858502,106,-0.1887,0.2410,0.8623,-68.7328,-156.0458,11.8779
302779.3608,858512,106,-0.1682,0.4099,0.9885,-50.7939,-161.9084,15.6641
302779.3608,858522,106,-0.1614,0.5520,1.0696,-44.9924,-163.6031,12.8702
302779.3608,858532,106,-0.1802,0.6240,1.0718,-51.3740,-159.1756,3.6336
302779.3608,858542,106,-0.1836,0.5659,1.0454,-63.2977,-153.6794,-11.4504
302779.5405,858552,107,-0.1768,0.4211,1.0356,-73.0076,-148.9313,-26.8244
302779.5405,858562,107,-0.1621,0.2188,1.0266,-75.0076,-146.5496,-34.8397
302779.5405,858572,107,-0.1560,0.1467,1.0784,-62.3817,-144.9771,-34.0916
302779.5405,858582,107,-0.1279,0.2227,1.1736,-44.1374,-145.1756,-28.4580
302779.5405,858592,107,-0.1155,0.3516,1.2725,-31.2366,-142.7634,-25.0687
302779.5405,858602,107,-0.0986,0.4441,1.3469,-26.0153,-137.5420,-28.6412
302779.5405,858612,107,-0.0786,0.4917,1.3674,-26.7176,-132.0763,-36.0763
302779.5405,858622,107,-0.0886,0.4932,1.3083,-32.7939,-126.0916,-46.4733
302779.5405,858632,107,-0.1243,0.3704,1.2053,-40.8244,-120.7786,-59.7099
302779.5405,858642,107,-0.1582,0.2512,1.1326,-42.7939,-121.6336,-68.0153
302779.6011,858652,108,-0.1516,0.1824,1.1609,-38.7939,-132.1527,-70.1527
302779.6011,858662,108,-0.0676,0.1497,1.2747,-28.2443,-143.8168,-68.7023
302779.6011,858672,108,-0.0005,0.2170,1.4194,-12.1527,-148.4733,-65.2519
302779.6011,858682,108,0.0166,0.3174,1.5339,0.6565,-144.5802,-64.1679
302779.6011,858692,108,0.0535,0.3762,1.6255,4.5344,-139.0534,-66.0153
302779.6011,858702,108,0.0876,0.3982,1.6848,3.0840,-129.2061,-70.2137
302779.6011,858712,108,0.0542,0.4055,1.6790,0.6870,-114.0611,-77.9084
302779.6011,858722,108,0.0337,0.3699,1.6309,-1.9237,-103.0840,-88.0153
302779.6011,858732,108,0.0391,0.3096,1.5786,-4.4275,-97.4046,-97.0687
302779.6011,858742,108,0.0293,0.2532,1.5483,-5.2214,-94.6412,-103.1450
302779.6610,858752,109,0.0591,0.1885,1.5298,-3.0992,-94.3359,-106.9160
302779.6610,858762,109,0.0771,0.1301,1.5320,3.4809,-90.3206,-109.6947
302779.6610,858772,109,0.0713,0.1211,1.5369,11.1603,-84.9924,-109.6489
302779.6610,858782,109,0.0774,0.1282,1.5640,17.5115,-81.7252,-108.9924
302779.6610,858792,109,0.0967,0.1543,1.5972,21.9847,-78.4122,-109.4198
302779.6610,858802,109,0.1033,0.1414,1.6199,22.6718,-73.8168,-110.2748
302779.6610,858812,109,0.1255,0.1287,1.6455,24.0916,-68.5954,-112.9313
302779.6610,858822,109,0.1375,0.1138,1.6545,25.1756,-61.9847,-116.4580
302779.6610,858832,109,0.1670,0.0942,1.6704,24.7023,-56.4427,-119.2672
302779.6610,858842,109,0.1882,0.0591,1.6589,23.6489,-48.9160,-121.3435
302779.7811,858852,110,0.1609,0.0366,1.6248,23.3893,-38.8397,-123.0840
302779.7811,858862,110,0.1443,0.0293,1.6033,23.4198,-32.8702,-124.5038
302779.7811,858872,110,0.1785,-0.0039,1.5994,24.2595,-30.6870,-125.6641
302779.7811,858882,110,0.1980,-0.0278,1.6130,27.1298,-25.5878,-126.7176
302779.7811,858892,110,0.1738,-0.0291,1.6311,29.1756,-18.0000,-126.7939
302779.7811,858902,110,0.1763,-0.0505,1.6277,28.8550,-12.2595,-127.2366
302779.7811,858912,110,0.1741,-0.0537,1.6331,29.5725,-6.5496,-129.3740
302779.7811,858922,110,0.1633,-0.0671,1.6313,27.4351,-1.5420,-130.9160
302779.7811,858932,110,0.1758,-0.1079,1.6328,22.9466,2.8397,-132.2595
302779.7811,858942,110,0.1775,-0.1548,1.6189,19.0076,10.1985,-132.1527
302779.9007,858952,111,0.1509,-0.1792,1.5938,17.7099,18.1221,-130.1069
302779.9007,858962,111,0.1477,-0.2114,1.5942,17.3588,22.0305,-127.6794
302779.9007,858972,111,0.1528,-0.2446,1.6130,18.1527,24.9771,-124.2748
302779.9007,858982,111,0.1616,-0.2366,1.6460,21.2977,30.9924,-119.5267
302779.9007,858992,111,0.1326,-0.1758,1.6609,23.4046,40.2748,-115.5267
302779.9007,859002,111,0.1318,-0.1663,1.6538,20.4275,48.0916,-115.7099
302779.9007,859012,111,0.1284,-0.1919,1.6335,14.5802,54.4885,-118.1527
302779.9007,859022,111,0.0969,-0.2278,1.6113,7.0840,60.8244,-118.4427
302779.9007,859032,111,0.0930,-0.2837,1.5842,1.1145,64.6718,-117.1603
302779.9007,859042,111,0.1196,-0.3201,1.5864,-0.7481,68.6412,-116.0611
302779.9599,859052,112,0.1270,-0.3425,1.5750,-2.8092,74.9008,-113.4962
302779.9599,859062,112,0.1223,-0.3525,1.5408,-5.4656,81.9237,-109.3130
302779.9599,859072,112,0.1025,-0.3755,1.4829,-9.0687,88.5344,-105.4962
302779.9599,859082,112,0.1008,-0.4287,1.4150,-12.0611,93.2061,-100.8244
302779.9599,859092,112,0.0935,-0.4575,1.3667,-10.9924,96.9771,-94.8550
302779.9599,859102,112,0.0686,-0.4741,1.3401,-8.8550,101.1603,-87.0229
302779.9599,859112,112,0.0793,-0.4631,1.3291,-5.2366,103.2061,-77.5878
302779.9599,859122,112,0.0769,-0.4375,1.3289,-0.0305,105.2214,-70.6260
302779.9599,859132,112,0.0464,-0.4102,1.3079,2.0305,108.8702,-64.8397
302779.9599,859142,112,0.0383,-0.4038,1.2825,0.3969,111.0076,-59.2366
302780.1395,859152,113,0.0286,-0.4092,1.2693,-1.2061,113.3435,-54.7939
302780.1395,859162,113,0.0208,-0.4043,1.2634,-1.6641,115.7252,-50.0458
302780.1395,859172,113,0.0098,-0.3716,1.2480,-1.9084,117.2214,-44.5802
302780.1395,859182,113,0.0032,-0.3508,1.2258,-3.1908,118.5038,-40.5649
302780.1395,859192,113,-0.0374,-0.3438,1.1909,-5.9695,120.2901,-37.7099
302780.1395,859202,113,-0.0457,-0.3391,1.1550,-9.6641,120.5496,-34.2748
302780.1395,859212,113,-0.0415,-0.3523,1.1379,-11.9389,119.5267,-32.6870
302780.1395,859222,113,-0.0439,-0.3508,1.1287,-12.6260,121.1298,-30.7481
302780.1395,859232,113,-0.0676,-0.3484,1.0981,-13.7252,122.9160,-28.2748
302780.1395,859242,113,-0.0779,-0.3669,1.0513,-16.1679,123.1298,-26.5038
302780.2022,859252,114,-0.0945,-0.4070,1.0115,-18.8092,123.1756,-24.9924
302780.2022,859262,114,-0.1187,-0.4478,0.9829,-21.4046,122.1985,-19.7710
302780.2022,859272,114,-0.1199,-0.4695,0.9587,-21.2672,120.4733,-12.4427
302780.2022,859282,114,-0.1226,-0.4604,0.9495,-18.3511,118.4427,-6.3511
302780.2022,859292,114,-0.1274,-0.4368,0.9541,-16.5802,116.9160,-0.3053
302780.2022,859302,114,-0.1177,-0.3984,0.9451,-17.3435,116.2443,6.4122
302780.2022,859312,114,-0.1316,-0.3735,0.9150,-19.3740,117.1603,9.8015
302780.2022,859322,114,-0.1843,-0.3604,0.8718,-22.9160,118.2290,12.0305
302780.2022,859332,114,-0.2219,-0.3586,0.8093,-26.0000,117.3588,15.3740
302780.2022,859342,114,-0.2395,-0.3564,0.7878,-26.0153,114.1679,16.1832
302780.2612,859352,115,-0.2385,-0.3503,0.7937,-27.0687,109.8168,17.6183
302780.2612,859362,115,-0.2234,-0.3462,0.7842,-29.6947,106.8092,20.0611
302780.2612,859372,115,-0.2339,-0.3506,0.7571,-31.6183,106.4885,21.4351
302780.2612,859382,115,-0.2510,-0.3540,0.7515,-33.4504,104.5038,23.6336
302780.2612,859392,115,-0.2493,-0.3474,0.7439,-34.5649,101.4351,27.3740
302780.2612,859402,115,-0.2483,-0.3284,0.7288,-34.6260,100.2443,29.9542
302780.2612,859412,115,-0.2559,-0.3201,0.6992,-36.1221,99.8626,31.8321
302780.2612,859422,115,-0.2673,-0.3391,0.6440,-39.0229,98.1069,33.9237
302780.2612,859432,115,-0.2747,-0.3784,0.5938,-41.1756,95.4656,36.5191
302780.2612,859442,115,-0.2703,-0.4204,0.5669,-42.4122,90.3206,40.7481
302780.4404,859452,116,-0.2361,-0.4534,0.5720,-42.3511,84.6565,48.5191
302780.4404,859462,116,-0.2148,-0.4475,0.5691,-39.4809,81.4962,57.8015
302780.4404,859472,116,-0.2122,-0.4302,0.5693,-36.9466,80.3053,67.0534
302780.4404,859482,116,-0.2712,-0.3276,0.5215,-30.2595,79.8931,83.9237
302780.4404,859492,116,-0.2712,-0.3276,0.5215,-30.2595,79.8931,83.9237
302780.4404,859502,116,-0.3169,-0.2434,0.5100,-28.6565,78.1069,90.3053
302780.4404,859512,116,-0.3555,-0.1450,0.5034,-28.8550,75.4504,93.9542
302780.4404,859522,116,-0.3711,-0.0684,0.5132,-29.7099,69.2366,93.0534
302780.4404,859532,116,-0.4001,-0.0203,0.4946,-31.2061,63.9542,88.8550
302780.4404,859542,116,-0.4526,0.0129,0.4688,-33.4656,61.6336,83.0076
302780.5013,859552,117,-0.4761,0.0247,0.4521,-37.6489,56.7328,78.0000
302780.5013,859562,117,-0.4934,0.0215,0.4463,-42.6107,50.4275,74.7786
302780.5013,859572,117,-0.4827,0.0256,0.4558,-46.0000,44.7328,71.8931
302780.5013,859582,117,-0.4480,0.0278,0.4636,-47.6489,40.8550,68.8550
302780.5013,859592,117,-0.4543,0.0034,0.4380,-48.9313,40.6718,65.8626
302780.5013,859602,117,-0.4785,0.0366,0.4021,-46.3664,35.1908,65.3282
302780.5013,859612,117,-0.4690,0.0811,0.4055,-45.7863,30.9008,63.7710
302780.5013,859622,117,-0.4695,0.0933,0.3853,-48.2901,27.6336,60.8092
302780.5013,859632,117,-0.4861,0.0928,0.3591,-51.1298,24.0305,57.6489
302780.5013,859642,117,-0.5012,0.0513,0.3162,-53.5267,19.6489,55.2519
302780.5616,859652,118,-0.5366,0.0227,0.2856,-51.9847,15.2824,54.6718
302780.5616,859662,118,-0.5525,0.0437,0.2881,-47.2214,8.0458,56.7176
302780.5616,859672,118,-0.5452,0.0952,0.3313,-43.1298,-0.8550,59.3282
302780.5616,859682,118,-0.5298,0.1548,0.3833,-39.5267,-7.3893,60.3664
302780.5616,859692,118,-0.5352,0.2241,0.4192,-36.8855,-11.3588,59.8321
302780.5616,859702,118,-0.5552,0.2620,0.4348,-38.0000,-13.2366,56.4885
302780.5616,859712,118,-0.5789,0.2524,0.4373,-40.1374,-14.5038,51.4656
302780.5616,859722,118,-0.5889,0.2300,0.4419,-41.4504,-17.9695,47.6489
302780.5616,859732,118,-0.5872,0.2173,0.4536,-40.1985,-22.4122,44.4427
302780.5616,859742,118,-0.5569,0.2024,0.4861,-37.5878,-28.0458,41.3588
302780.6808,859752,119,-0.5325,0.1821,0.5237,-35.8779,-32.0153,39.5725
302780.6808,859762,119,-0.5415,0.1604,0.5381,-34.7939,-33.1450,39.5573
302780.6808,859772,119,-0.5559,0.1438,0.5566,-32.7328,-35.2366,40.4580
302780.6808,859782,119,-0.5610,0.1428,0.5972,-29.1450,-39.2672,42.5649
302780.6808,859792,119,-0.5498,0.1895,0.6663,-24.2748,-42.2290,45.3435
302780.6808,859802,119,-0.5308,0.2546,0.7520,-20.2137,-42.1069,46.4885
302780.6808,859812,119,-0.5308,0.3528,0.8086,-17.6794,-38.1527,45.5420
302780.6808,859822,119,-0.5532,0.4138,0.8105,-19.2672,-33.2061,40.7328
302780.6808,859832,119,-0.6001,0.4128,0.7566,-24.1679,-28.5344,33.0229
302780.6808,859842,119,-0.6428,0.3687,0.6987,-30.0916,-27.2214,25.9847
302780.8010,859852,120,-0.6545,0.3115,0.6653,-34.3817,-31.1298,21.5267
302780.8010,859862,120,-0.6379,0.2710,0.6741,-34.1221,-36.3664,18.5954
302780.8010,859872,120,-0.6030,0.2700,0.7175,-30.9313,-40.2443,16.9313
302780.8010,859882,120,-0.5901,0.2603,0.7502,-28.9008,-40.4733,15.9542
302780.8010,859892,120,-0.6135,0.2551,0.7515,-27.1298,-37.2061,16.2290
302780.8010,859902,120,-0.6345,0.2747,0.7522,-24.0153,-36.0611,15.9237
302780.8010,859912,120,-0.6152,0.2852,0.7773,-21.3740,-37.1145,13.6336
302780.8010,859922,120,-0.6116,0.2722,0.7900,-20.1069,-35.8473,10.9618
302780.8010,859932,120,-0.6292,0.2673,0.7808,-19.0229,-33.9084,8.4580
302780.8010,859942,120,-0.6482,0.2378,0.7581,-19.1145,-34.1679,6.7023
302780.8612,859952,121,-0.6699,0.2156,0.7324,-18.0916,-35.4656,5.7557
302780.8612,859962,121,-0.6599,0.1946,0.7407,-15.9542,-39.8779,4.6107
302780.8612,859972,121,-0.6187,0.1870,0.7808,-12.9771,-44.9771,3.9084
302780.8612,859982,121,-0.5959,0.1934,0.8135,-10.4122,-46.3969,2.9160
302780.8612,859992,121,-0.5862,0.1733,0.8154,-10.9008,-46.3359,0.8702
302780.8612,860002,121,-0.5693,0.1050,0.8315,-13.1298,-47.1450,-0.7023
302780.8612,860012,121,-0.5469,0.0156,0.8376,-14.6107,-49.5420,0.8550
302780.8612,860022,121,-0.5811,-0.0535,0.8181,-12.9160,-52.5038,7.1908
302780.8612,860032,121,-0.5911,-0.0730,0.8416,-3.4962,-54.7939,16.8855
302780.8612,860042,121,-0.6511,0.0415,0.8752,12.0153,-52.9313,25.8321
302780.9799,860052,122,-0.6770,0.1641,0.9451,22.6718,-53.2366,30.5038
302780.9799,860062,122,-0.6750,0.2532,1.0078,26.6107,-52.5038,30.4580
302780.9799,860072,122,-0.6914,0.3396,1.0579,26.7939,-47.1298,26.1069
302780.9799,860082,122,-0.6995,0.3750,1.0864,21.5573,-40.5954,18.5496
302780.9799,860092,122,-0.7158,0.3760,1.1084,14.0305,-33.9084,9.0992
302780.9799,860102,122,-0.6914,0.3328,1.1421,6.5802,-30.0305,0.5344
302780.9799,860112,122,-0.6489,0.2473,1.1516,2.9466,-25.8168,-5.9084
302780.9799,860122,122,-0.6282,0.1370,1.1277,4.7481,-17.2519,-9.6794
302780.9799,860132,122,-0.6450,0.1006,1.0791,12.2901,-8.4275,-9.6641
302780.9799,860142,122,-0.6685,0.1133,1.0439,18.9466,-3.4504,-7.6489
302781.0997,860152,123,-0.6917,0.1602,1.0190,21.0534,-1.3130,-5.8321
302781.0997,860162,123,-0.6885,0.1938,1.0188,17.7557,-3.3893,-5.6336
302781.0997,860172,123,-0.6609,0.1843,1.0256,11.5115,-5.8473,-7.9847
302781.0997,860182,123,-0.6355,0.1602,1.0173,5.1908,-5.5267,-10.6718
302781.0997,860192,123,-0.6201,0.1567,1.0291,0.4275,-4.4885,-12.0305
302781.0997,860202,123,-0.6128,0.1519,1.0269,-3.5573,-1.4962,-12.5954
302781.0997,860212,123,-0.6150,0.1499,1.0146,-6.3206,2.8092,-13.5878
302781.0997,860222,123,-0.6206,0.1487,0.9856,-8.3511,6.1069,-14.9618
302781.0997,860232,123,-0.6130,0.1123,0.9543,-10.6565,7.6641,-16.4580
302781.0997,860242,123,-0.5913,0.0647,0.9326,-10.7328,8.9771,-17.1450
302781.2193,860252,124,-0.5881,0.0596,0.9038,-7.9237,10.6107,-16.3664
302781.2193,860262,124,-0.5959,0.0649,0.8687,-6.5649,11.3435,-15.3740
302781.2193,860272,124,-0.5962,0.0537,0.8315,-6.9618,10.0763,-14.9466
302781.2193,860282,124,-0.5637,0.0051,0.8210,-7.0992,8.2290,-13.9237
302781.2193,860292,124,-0.5464,-0.0115,0.8113,-4.1069,8.4122,-11.6794
302781.2193,860302,124,-0.5415,0.0000,0.7942,-0.0916,9.2672,-8.5496
302781.2193,860312,124,-0.5598,0.0269,0.7759,2.4122,9.2672,-6.0763
302781.2193,860322,124,-0.5715,0.0388,0.7627,2.4885,7.6794,-4.2901
302781.2193,860332,124,-0.5281,0.0193,0.7781,2.3206,5.5420,-2.6107
302781.2193,860342,124,-0.5259,0.0286,0.7893,5.4809,7.0992,-1.5115
302781.2813,860352,125,-0.5488,0.0562,0.7654,7.5725,8.6565,-0.7481
302781.2813,860362,125,-0.5715,0.0823,0.7407,6.9466,7.9695,-0.5954
302781.2813,860372,125,-0.5901,0.0911,0.7244,4.3969,4.9160,-0.9924
302781.2813,860382,125,-0.5710,0.0862,0.7466,1.9237,0.4275,-1.5115
302781.2813,860392,125,-0.5449,0.0706,0.7732,1.4962,-1.4046,-2.5496
302781.2813,860402,125,-0.5474,0.0696,0.7769,2.6718,-0.2290,-3.5878
302781.2813,860412,125,-0.5657,0.0835,0.7603,2.8702,-0.0763,-3.6031
302781.2813,860422,125,-0.5906,0.0964,0.7454,1.3435,-1.5115,-3.8321
302781.2813,860432,125,-0.5962,0.0742,0.7480,-1.2977,-4.9313,-4.2443
302781.2813,860442,125,-0.5684,0.0486,0.7764,-1.5420,-9.2214,-4.4733
302781.3999,860452,126,-0.5247,0.0464,0.8210,0.5649,-10.0458,-4.0305
302781.3999,860462,126,-0.5288,0.0530,0.8367,2.8244,-5.3435,-3.0687
302781.3999,860472,126,-0.5762,0.0645,0.8193,3.7710,-0.6870,-1.6794
302781.3999,860482,126,-0.5894,0.0830,0.8101,4.2748,-1.2214,-0.8855
302781.3999,860492,126,-0.5894,0.0923,0.8188,4.7328,-2.7786,-1.6641
302781.3999,860502,126,-0.5830,0.0840,0.8113,4.2137,-3.4504,-2.3206
302781.3999,860512,126,-0.5859,0.0881,0.8108,5.0076,-3.5420,-2.5191
302781.3999,860522,126,-0.5903,0.0981,0.8054,6.2595,-3.9084,-2.5649
302781.3999,860532,126,-0.5916,0.1069,0.8096,6.5496,-4.3664,-2.9924
302781.3999,860542,126,-0.5886,0.1052,0.8196,6.2290,-4.6107,-3.8321
302781.4599,860552,127,-0.5906,0.0984,0.8311,5.9847,-4.5649,-4.7939
302781.4599,860562,127,-0.5828,0.0813,0.8389,5.0534,-4.3511,-5.4809
302781.4599,860572,127,-0.5876,0.0835,0.8411,5.2672,-2.3664,-5.9847
302781.4599,860582,127,-0.6067,0.0823,0.8384,4.8397,0.0153,-6.3206
302781.4599,860592,127,-0.6006,0.0715,0.8340,3.2977,-0.5344,-5.7252
302781.4599,860602,127,-0.5938,0.0720,0.8350,2.9924,-2.1221,-4.8397
302781.4599,860612,127,-0.5884,0.0767,0.8381,3.2061,-2.4122,-4.5496
302781.4599,860622,127,-0.5920,0.0786,0.8308,2.2748,-2.1374,-4.1527
302781.4599,860632,127,-0.5955,0.0823,0.8264,1.7557,-2.3359,-3.8931
302781.4599,860642,127,-0.5803,0.0879,0.8374,2.0611,-2.8550,-4.1832
302781.5796,860652,128,-0.5886,0.0938,0.8250,1.9542,-2.1527,-5.3130
302781.5796,860662,128,-0.5938,0.0759,0.8049,0.0000,-2.2290,-6.3511
302781.5796,860672,128,-0.5852,0.0554,0.7876,-1.0534,-3.4504,-6.7939
302781.5796,860682,128,-0.5830,0.0403,0.7754,-1.0534,-4.7328,-6.1985
302781.5796,860692,128,-0.5784,0.0300,0.7712,0.6565,-6.5191,-5.4656
302781.5796,860702,128,-0.5769,0.0339,0.7808,3.5420,-7.6947,-4.4427
302781.5796,860712,128,-0.5645,0.0425,0.8193,6.2137,-7.8473,-3.0992
302781.5796,860722,128,-0.5530,0.0564,0.8530,7.6183,-6.4885,-1.8015
302781.5796,860732,128,-0.5427,0.0593,0.8933,7.6794,-4.1374,-0.8397
302781.5796,860742,128,-0.5593,0.0522,0.8882,7.8015,0.1985,0.0611
302781.6998,860752,129,-0.5745,0.0872,0.8965,9.4351,3.5267,0.0000
302781.6998,860762,129,-0.5823,0.0737,0.8848,5.3740,6.4885,-0.5649
302781.6998,860772,129,-0.6165,0.0557,0.8518,1.1908,7.0382,-0.2137
302781.6998,860782,129,-0.6123,0.0757,0.8428,0.2901,1.9237,0.4733
302781.6998,860792,129,-0.6067,0.0862,0.8425,-0.5344,-1.0076,0.2443
302781.6998,860802,129,-0.6050,0.0962,0.8301,-1.4656,-1.4504,-0.3053
302781.6998,860812,129,-0.6003,0.0930,0.8171,-1.9847,-2.0916,-1.0076
302781.6998,860822,129,-0.5979,0.0911,0.8184,-1.0840,-2.0458,-1.8168
302781.6998,860832,129,-0.6018,0.0964,0.8137,-0.2137,-2.0763,-2.3969
302781.6998,860842,129,-0.5859,0.0959,0.8279,-0.6565,-2.1832,-2.4733
302781.7607,860852,130,-0.5764,0.0957,0.8354,-1.0534,-1.0534,-2.3053
302781.7607,860862,130,-0.5806,0.0930,0.8240,-1.3740,1.0229,-2.8397
302781.7607,860872,130,-0.5833,0.0854,0.8147,-2.0000,2.0611,-3.4656
302781.7607,860882,130,-0.5859,0.0715,0.7920,-3.3130,2.2137,-3.4046
302781.7607,860892,130,-0.5942,0.0569,0.7778,-4.2290,1.2214,-2.8397
302781.7607,860902,130,-0.5835,0.0520,0.7766,-3.7557,-1.3282,-2.0763
302781.7607,860912,130,-0.5662,0.0562,0.7859,-2.3664,-2.8244,-1.2519
302781.7607,860922,130,-0.5645,0.0708,0.7917,-0.3664,-2.4122,-0.5038
302781.7607,860932,130,-0.5740,0.0808,0.7898,0.7481,-1.5115,-0.5191
302781.7607,860942,130,-0.5913,0.1006,0.7896,1.1298,-1.3435,-0.5496
302781.8797,860952,131,-0.5913,0.1104,0.7966,0.4122,-2.4733,-0.8092
302781.8797,860962,131,-0.5857,0.1108,0.8086,-0.9313,-3.7405,-1.8931
302781.8797,860972,131,-0.5762,0.1001,0.8174,-2.5038,-4.2443,-3.0687
302781.8797,860982,131,-0.5713,0.0864,0.8098,-3.4656,-3.6336,-3.5878
302781.8797,860992,131,-0.5696,0.0713,0.8030,-4.0305,-2.8244,-3.6183
302781.8797,861002,131,-0.5774,0.0625,0.7920,-4.1221,-2.7634,-3.1908
302781.8797,861012,131,-0.5742,0.0598,0.7947,-3.6641,-3.7557,-2.3206
302781.8797,861022,131,-0.5566,0.0676,0.7998,-2.8702,-4.5038,-1.6031
302781.8797,861032,131,-0.5608,0.0725,0.7944,-2.6260,-4.1374,-1.2366
302781.8797,861042,131,-0.5591,0.0801,0.7942,-2.4733,-4.4122,-1.1603
302782.0011,861052,132,-0.5571,0.0823,0.8052,-1.7557,-4.6870,-1.4198
302782.0011,861062,132,-0.5562,0.0837,0.8101,-1.3130,-4.8702,-1.7710
302782.0011,861072,132,-0.5574,0.0898,0.8118,-1.7557,-5.0687,-2.0153
302782.0011,861082,132,-0.5552,0.0872,0.8171,-2.6260,-5.5115,-2.3206
302782.0011,861092,132,-0.5564,0.0825,0.8093,-3.1145,-5.4351,-2.7328
302782.0011,861102,132,-0.5596,0.0730,0.7998,-3.5573,-5.6641,-2.7786
302782.0011,861112,132,-0.5659,0.0693,0.7927,-3.4962,-6.1374,-2.6260
302782.0011,861122,132,-0.5649,0.0696,0.7878,-3.7099,-7.2824,-2.0305
302782.0011,861132,132,-0.5642,0.0664,0.7888,-4.0916,-8.9160,-1.2214
302782.0011,861142,132,-0.5581,0.0632,0.7974,-3.0229,-10.0153,-0.6565
302782.0598,861152,133,-0.5417,0.0791,0.8135,-1.5878,-10.5191,0.5496
302782.0598,861162,133,-0.5383,0.0913,0.8252,-0.8855,-9.2824,1.3588
302782.0598,861172,133,-0.5356,0.0957,0.8213,-1.0992,-7.1145,1.4351
302782.0598,861182,133,-0.5481,0.0996,0.8118,-1.0229,-5.2824,1.7710
302782.0598,861192,133,-0.5493,0.1116,0.8003,0.0458,-5.2214,1.8015
302782.0598,861202,133,-0.5442,0.1235,0.7903,0.4427,-6.6412,1.4656
302782.0598,861212,133,-0.5308,0.1262,0.7805,-0.8397,-8.3817,1.0076
302782.0598,861222,133,-0.5178,0.1228,0.7676,-1.9695,-9.8473,0.5038
302782.0598,861232,133,-0.5044,0.1252,0.7556,-2.6565,-11.5115,-0.0458
302782.0598,861242,133,-0.4792,0.1228,0.7510,-3.8321,-13.5573,-0.5802
302782.1796,861252,134,-0.4517,0.1199,0.7654,-5.2214,-14.9618,-0.9618
302782.1796,861262,134,-0.4307,0.1282,0.7585,-6.2595,-14.6107,-0.8092
302782.1796,861272,134,-0.4131,0.1357,0.7617,-8.3206,-14.5191,-0.9771
302782.1796,861282,134,-0.3774,0.1040,0.7625,-12.0916,-12.8702,-1.1908
302782.1796,861292,134,-0.3997,0.0913,0.7190,-13.1603,-8.8550,-0.7023
302782.1796,861302,134,-0.4072,0.0898,0.6990,-13.9389,-10.2901,0.1832
302782.1796,861312,134,-0.3855,0.0771,0.6904,-15.6336,-14.7481,1.2061
302782.1796,861322,134,-0.3826,0.0837,0.6877,-14.9618,-17.5115,2.1985
302782.1796,861332,134,-0.3911,0.0752,0.6772,-15.5420,-18.2137,3.2672
302782.1796,861342,134,-0.4199,0.0620,0.6543,-16.1679,-18.1832,4.5038
302782.2997,861352,135,-0.4419,0.0562,0.6372,-14.6718,-21.2672,6.3359
302782.2997,861362,135,-0.4465,0.0798,0.6726,-11.5878,-26.7328,8.3053
302782.2997,861372,135,-0.4290,0.1062,0.7336,-10.1679,-31.3588,9.9695
302782.2997,861382,135,-0.4260,0.1296,0.7754,-10.6412,-32.2748,10.5954
302782.2997,861392,135,-0.4443,0.1470,0.8059,-12.0153,-31.8168,10.3206
302782.2997,861402,135,-0.4470,0.1816,0.8235,-14.0611,-33.3435,9.7557
302782.2997,861412,135,-0.4585,0.2056,0.8433,-16.8702,-34.0611,8.0000
302782.2997,861422,135,-0.4468,0.2073,0.8638,-20.3969,-35.1450,4.3817
302782.2997,861432,135,-0.4062,0.1843,0.9016,-25.1603,-37.2366,0.0458
302782.2997,861442,135,-0.3691,0.1553,0.9231,-31.7557,-38.5344,-2.6870
302782.3621,861452,136,-0.3542,0.1345,0.9189,-39.2366,-37.2977,-3.5573
302782.3621,861462,136,-0.3472,0.1233,0.9031,-47.0229,-37.9542,-4.7176
302782.3621,861472,136,-0.3186,0.0850,0.8740,-58.1221,-47.0382,-6.0458
302782.3621,861482,136,-0.2410,0.0259,0.8613,-68.6260,-57.9237,-7.0992
302782.3621,861492,136,-0.2131,-0.0198,0.8362,-76.3359,-63.4809,-6.9771
302782.3621,861502,136,-0.1819,-0.0710,0.8188,-84.0458,-72.3359,-4.3511
302782.3621,861512,136,-0.1558,-0.1572,0.7588,-89.4504,-85.2824,-0.0153
302782.3621,861522,136,-0.1279,-0.1812,0.7400,-86.7176,-99.5725,4.7023
302782.3621,861532,136,-0.0898,-0.2009,0.7166,-84.0458,-120.8397,10.7786
302782.3621,861542,136,-0.0632,-0.2283,0.6787,-81.3435,-140.3053,17.2366
302782.4862,861552,137,-0.0559,-0.1694,0.6216,-77.3588,-153.0992,38.4122
302782.4862,861562,137,-0.1440,-0.1013,0.5510,-77.4656,-159.5878,61.9847
302782.4862,861572,137,-0.2075,0.0186,0.5042,-77.5573,-165.3282,80.7939
302782.4862,861582,137,-0.2969,0.1396,0.4285,-80.6565,-176.6412,91.8931
302782.4862,861592,137,-0.3391,0.2090,0.3965,-86.7481,-206.6107,89.4351
302782.4862,861602,137,-0.3328,0.2598,0.3967,-88.8397,-238.1832,80.7786
302782.4862,861612,137,-0.2673,0.2944,0.4399,-88.8244,-267.4198,70.7939
302782.4862,861622,137,-0.2188,0.2876,0.4724,-92.1527,-292.7481,61.5267
302782.4862,861632,137,-0.1880,0.2808,0.5239,-94.7481,-309.8931,52.4733
302782.4862,861642,137,-0.1182,0.2383,0.6067,-95.6183,-322.7176,42.8855
302782.6000,861652,138,-0.0334,0.1628,0.6899,-88.6870,-332.9771,33.5115
302782.6000,861662,138,0.0132,0.1304,0.7917,-62.8702,-336.3969,24.9771
302782.6000,861672,138,0.1257,0.2549,0.9458,-23.4198,-337.6183,13.7557
302782.6000,861682,138,0.2798,0.4119,1.1003,-5.4046,-328.6412,-1.5878
302782.6000,861692,138,0.3755,0.4993,1.2344,-23.2061,-294.5038,-20.4733
302782.6000,861702,138,0.3762,0.3762,1.2695,-63.4809,-242.6107,-44.3359
302782.6000,861712,138,0.3691,0.1558,1.3203,-92.6565,-196.8550,-63.7863
302782.6000,861722,138,0.4553,-0.0559,1.3550,-103.0229,-163.0076,-73.0992
302782.6000,861732,138,0.5903,-0.2766,1.3835,-104.8855,-132.3664,-81.1145
302782.6000,861742,138,0.6926,-0.4897,1.4319,-100.9466,-102.9008,-89.2977
302782.6608,861752,139,0.7229,-0.6453,1.4595,-90.7939,-75.1145,-92.6412
302782.6608,861762,139,0.6653,-0.6953,1.4529,-77.9695,-50.5802,-89.4198
302782.6608,861772,139,0.6692,-0.7219,1.4602,-68.9008,-35.3588,-79.0076
302782.6608,861782,139,0.7219,-0.7407,1.4670,-63.0076,-24.3206,-69.3435
302782.6608,861792,139,0.7368,-0.7424,1.4597,-57.9084,-10.8397,-60.3053
302782.6608,861802,139,0.7126,-0.7322,1.4421,-54.2595,9.2366,-53.6489
302782.6608,861812,139,0.6680,-0.7056,1.4067,-51.1908,29.7252,-49.0229
302782.6608,861822,139,0.5781,-0.6616,1.3521,-45.6489,50.5191,-46.1527
302782.6608,861832,139,0.4561,-0.6252,1.2878,-37.2519,64.3206,-44.4275
302782.6608,861842,139,0.4080,-0.5623,1.2686,-26.0458,68.2290,-45.6641
302782.7813,861852,140,0.3967,-0.5288,1.2278,-19.3588,71.0840,-48.4427
302782.7813,861862,140,0.3738,-0.5237,1.2168,-14.4427,76.1374,-49.5115
302782.7813,861872,140,0.3806,-0.5110,1.2104,-10.1832,82.6565,-49.0076
302782.7813,861882,140,0.3662,-0.5039,1.1843,-6.7176,94.0916,-46.9618
302782.7813,861892,140,0.3538,-0.5134,1.1650,-4.5344,105.5573,-48.2748
302782.7813,861902,140,0.3291,-0.5291,1.1489,-3.2977,112.6107,-46.1527
302782.7813,861912,140,0.3262,-0.5295,1.1252,-1.4962,113.6183,-39.9847
302782.7813,861922,140,0.2866,-0.5256,1.1106,1.2672,113.4656,-33.8931
302782.7813,861932,140,0.2632,-0.5093,1.1030,9.0840,113.9695,-34.7939
302782.7813,861942,140,0.2422,-0.4675,1.0933,16.9771,116.5649,-35.3893
302782.9008,861952,141,0.1951,-0.4399,1.0581,20.4122,122.3664,-34.9160
302782.9008,861962,141,0.1609,-0.4492,1.0474,21.0687,122.4427,-33.6183
302782.9008,861972,141,0.1750,-0.4365,1.0325,26.1985,116.7328,-32.5802
302782.9008,861982,141,0.1736,-0.3938,1.0374,31.4351,112.6412,-29.4656
302782.9008,861992,141,0.1943,-0.3843,1.0205,29.7710,107.8779,-25.2519
302782.9008,862002,141,0.1797,-0.3831,1.0269,28.6412,105.2061,-21.4198
302782.9008,862012,141,0.1968,-0.3840,1.0471,30.2443,99.2519,-20.3817
302782.9008,862022,141,0.2058,-0.3831,1.0728,29.7710,92.5191,-16.6718
302782.9008,862032,141,0.2324,-0.3855,1.1042,26.4122,89.2824,-13.7405
302782.9008,862042,141,0.2546,-0.4077,1.1204,23.8321,90.0916,-11.8168
302782.9608,862052,142,0.2200,-0.3799,1.1033,28.2443,93.1298,-11.2519
302782.9608,862062,142,0.1519,-0.3201,1.0706,31.6641,90.0153,-9.3282
302782.9608,862072,142,0.1152,-0.2996,1.0383,27.3282,79.0840,-7.5878
302782.9608,862082,142,0.1389,-0.3232,1.0466,21.8931,65.7405,-7.2824
302782.9608,862092,142,0.2026,-0.3337,1.0593,20.1679,58.6565,-7.6794
302782.9608,862102,142,0.1865,-0.3157,1.0461,17.9542,61.4809,-6.1832
302782.9608,862112,142,0.1335,-0.3047,1.0146,14.3053,62.7786,-3.8626
302782.9608,862122,142,0.1160,-0.2991,0.9985,12.5496,58.6565,-2.3817
302782.9608,862132,142,0.1155,-0.2864,0.9932,12.6565,52.1985,-1.5725
302782.9608,862142,142,0.1245,-0.2864,1.0017,14.4275,44.8397,-0.8702
302783.0808,862152,143,0.1394,-0.2588,1.0540,15.9695,39.1450,-0.2595
302783.0808,862162,143,0.1934,-0.2563,1.0786,14.1985,36.6565,-1.0229
302783.0808,862172,143,0.1489,-0.2524,1.0706,13.6641,40.4580,-1.5725
302783.0808,862182,143,0.0686,-0.2246,1.0356,14.7786,42.4427,-3.8779
302783.0808,862192,143,0.0305,-0.2102,1.0159,13.8473,38.2137,-5.6641
302783.0808,862202,143,0.0566,-0.2083,1.0276,11.0687,33.5573,-6.9771
302783.0808,862212,143,0.0435,-0.2043,1.0261,8.9008,34.1527,-7.1603
302783.0808,862222,143,0.0242,-0.2046,1.0225,7.0687,34.0763,-8.7176
302783.0808,862232,143,0.0032,-0.2039,1.0137,5.0687,31.3893,-9.6641
302783.0808,862242,143,0.0007,-0.2244,1.0151,2.3817,24.0916,-9.6947
302783.2001,862252,144,-0.0020,-0.2366,1.0203,-0.1374,16.1069,-8.7634
302783.2001,862262,144,0.0103,-0.2563,1.0320,-0.8244,11.4962,-8.3206
302783.2001,862272,144,0.0261,-0.2461,1.0508,2.3206,8.3511,-8.9466
302783.2001,862282,144,0.0156,-0.2361,1.0532,4.7328,7.8321,-9.9389
302783.2001,862292,144,0.0205,-0.2222,1.0510,4.5344,7.8779,-10.3969
302783.2001,862302,144,0.0137,-0.2107,1.0437,1.9847,10.2443,-9.6947
302783.2001,862312,144,-0.0105,-0.1931,1.0317,-1.7252,14.2290,-9.0687
302783.2001,862322,144,-0.0374,-0.2014,1.0063,-5.6641,15.4656,-8.3206
302783.2001,862332,144,-0.0513,-0.2124,0.9968,-5.8168,14.0763,-9.0229
302783.2001,862342,144,-0.0574,-0.2019,0.9990,-3.3588,12.2595,-11.2366
302783.3202,862352,145,-0.0613,-0.2183,0.9958,-3.6794,10.0000,-12.4580
302783.3202,862362,145,-0.0620,-0.2429,1.0081,-4.3664,5.8015,-12.1527
302783.3202,862372,145,-0.0334,-0.2590,1.0305,-2.9313,2.8244,-10.2748
302783.3202,862382,145,-0.0457,-0.2629,1.0461,1.2214,3.2061,-8.9313
302783.3202,862392,145,-0.0679,-0.2395,1.0359,6.7023,3.7099,-8.9771
302783.3202,862402,145,-0.0613,-0.2036,1.0547,8.0763,4.2443,-8.5954
302783.3202,862412,145,-0.0566,-0.2358,1.0503,5.5725,6.5191,-8.3511
302783.3202,862422,145,-0.0598,-0.2468,1.0532,8.7176,7.8626,-9.7252
302783.3202,862432,145,-0.0815,-0.1750,1.0449,11.9542,8.8855,-8.6718
302783.3202,862442,145,-0.0525,-0.2190,1.0554,8.7634,8.7481,-5.8321
