host_time_s,device_ms,seq,ax_g,ay_g,az_g,gx_dps,gy_dps,gz_dps
302320.5601,399652,126,-0.6689,-0.0039,0.7234,-2.1374,-1.8626,-0.6107
302320.5601,399662,126,-0.6714,0.0063,0.7339,0.0763,-0.7023,-0.7634
302320.5601,399672,126,-0.6802,0.0154,0.7202,0.0305,0.6870,-0.0153
302320.5601,399682,126,-0.6941,0.0208,0.7046,-0.8092,0.8092,0.6412
302320.5601,399692,126,-0.6848,0.0286,0.7139,-1.0534,-0.0611,0.5038
302320.5601,399702,126,-0.6831,0.0278,0.7148,-1.1298,-0.1374,0.1069
302320.5601,399712,126,-0.6914,0.0266,0.7153,-1.2519,0.3969,-0.1069
302320.5601,399722,126,-0.6956,0.0247,0.7061,-1.7863,-0.1985,0.0763
302320.5601,399732,126,-0.6934,0.0242,0.7090,-1.1450,-1.3740,0.0000
302320.5601,399742,126,-0.6863,0.0332,0.7148,0.1374,-2.2290,-0.5038
302320.6643,399752,127,-0.6921,0.0317,0.7151,0.1069,-2.4733,-0.9771
302320.6643,399762,127,-0.6956,0.0264,0.7095,-1.0840,-3.2366,-1.3130
302320.6643,399772,127,-0.6831,0.0137,0.7166,-1.6031,-4.4275,-1.7099
302320.6643,399782,127,-0.6680,0.0071,0.7429,-0.6565,-3.8015,-1.8015
302320.6643,399792,127,-0.6758,0.0066,0.7422,0.5191,-1.3588,-1.6183
302320.6643,399802,127,-0.6868,0.0122,0.7266,0.6412,0.4275,-0.7328
302320.6643,399812,127,-0.6958,0.0229,0.7166,0.4580,0.6107,-0.2290
302320.6643,399822,127,-0.6975,0.0176,0.7144,-0.1527,-0.0458,-0.3817
302320.6643,399832,127,-0.6919,0.0127,0.7229,-0.6565,-1.3893,-0.6107
302320.6643,399842,127,-0.6887,0.0146,0.7302,-0.7176,-0.9771,-0.4122
302320.7688,399852,128,-0.7014,0.0188,0.7188,0.0000,-0.0305,-0.4580
302320.7688,399862,128,-0.7119,0.0286,0.7114,-0.2290,-0.6718,-0.4275
302320.7688,399872,128,-0.7014,0.0256,0.7229,-1.4809,-2.6870,-0.5802
302320.7688,399882,128,-0.6909,0.0146,0.7314,-1.8321,-3.0076,-0.7939
302320.7688,399892,128,-0.6951,0.0115,0.7361,-0.7481,-2.5344,-1.1298
302320.7688,399902,128,-0.6936,0.0190,0.7312,-0.1985,-2.6260,-1.1756
302320.7688,399912,128,-0.6895,0.0222,0.7368,-0.5038,-2.7786,-0.9466
302320.7688,399922,128,-0.6814,0.0168,0.7390,-0.6260,-2.2443,-0.9466
302320.7688,399932,128,-0.6880,0.0151,0.7375,-0.2595,-1.5725,-1.3893
302320.7688,399942,128,-0.6819,0.0183,0.7393,-0.7939,-0.9313,-1.6641
302320.8588,399952,129,-0.6914,0.0061,0.7161,-2.4885,0.1832,-1.2824
302320.8588,399962,129,-0.6960,0.0049,0.7065,-2.4885,-0.0153,-0.9313
302320.8588,399972,129,-0.6882,0.0134,0.7085,-1.6947,-1.6947,-0.7634
302320.8588,399982,129,-0.6819,0.0090,0.7078,-1.3740,-2.6260,-0.6260
302320.8588,399992,129,-0.6812,0.0142,0.7019,-0.6412,-2.5344,-0.7634
302320.8588,400002,129,-0.6873,0.0146,0.7009,-0.6260,-2.3969,-0.5496
302320.8588,400012,129,-0.6914,0.0134,0.7007,-0.3359,-2.9618,-0.3969
302320.8588,400022,129,-0.6877,0.0186,0.7065,0.1374,-4.0458,-0.4122
302320.8588,400032,129,-0.6812,0.0168,0.7195,0.7328,-5.3588,-0.5802
302320.8588,400042,129,-0.6729,0.0193,0.7329,0.8550,-5.2824,-0.9160
302320.9644,400052,130,-0.6794,0.0090,0.7368,0.1069,-4.2748,-0.7634
302320.9644,400062,130,-0.6917,0.0125,0.7356,-0.2901,-3.8931,-0.3206
302320.9644,400072,130,-0.6770,0.0142,0.7585,-0.6412,-4.0611,0.2595
302320.9644,400082,130,-0.6794,0.0205,0.7649,-0.2595,-2.3053,0.5802
302320.9644,400092,130,-0.7034,0.0303,0.7568,-0.1832,-0.7176,0.5191
302320.9644,400102,130,-0.7021,0.0332,0.7573,-1.1450,-0.7939,0.3206
302320.9644,400112,130,-0.6980,0.0300,0.7563,-1.6183,-0.7481,-0.2443
302320.9644,400122,130,-0.7058,0.0300,0.7517,-1.4351,-0.0305,-1.1298
302320.9644,400132,130,-0.7100,0.0266,0.7363,-1.9084,-0.2901,-1.6031
302320.9644,400142,130,-0.7070,0.0178,0.7283,-2.2595,-1.4351,-2.0305
302321.0692,400152,131,-0.6963,0.0161,0.7322,-2.0153,-2.5496,-2.2901
302321.0692,400162,131,-0.6863,0.0178,0.7336,-1.6489,-2.8702,-2.3206
302321.0692,400172,131,-0.6736,0.0098,0.7427,-2.5191,-1.9847,-2.3359
302321.0692,400182,131,-0.6824,-0.0022,0.7283,-2.3969,-0.0611,-1.9847
302321.0692,400192,131,-0.6890,0.0039,0.7227,-1.7405,0.7939,-1.1908
302321.0692,400202,131,-0.6824,0.0090,0.7222,-1.4962,0.4580,-0.2748
302321.0692,400212,131,-0.6880,0.0146,0.7263,-0.9008,0.9160,-0.0611
302321.0692,400222,131,-0.6956,0.0208,0.7190,-0.8702,0.8397,-0.0763
302321.0692,400232,131,-0.6970,0.0322,0.7153,-1.1450,0.0000,-0.2443
302321.0692,400242,131,-0.6909,0.0215,0.7227,-1.8626,-0.9313,-0.8092
302321.1596,400252,132,-0.6921,0.0227,0.7163,-1.2977,-0.6870,-1.4809
302321.1596,400262,132,-0.6987,0.0210,0.7122,-1.3435,-0.8092,-1.8321
302321.1596,400272,132,-0.7002,0.0181,0.7058,-1.7863,-2.4275,-1.8931
302321.1596,400282,132,-0.6814,0.0146,0.7229,-1.7557,-3.8473,-1.6183
302321.1596,400292,132,-0.6699,0.0105,0.7449,-1.4198,-2.6260,-1.4504
302321.1596,400302,132,-0.6841,0.0076,0.7354,-1.0840,-0.0763,-1.4504
302321.1596,400312,132,-0.6956,0.0039,0.7241,-1.2672,0.6260,-1.0687
302321.1596,400322,132,-0.6826,0.0029,0.7329,-0.6412,-0.1832,-0.8702
302321.1596,400332,132,-0.6777,0.0144,0.7434,0.2443,-0.1679,-1.1756
302321.1596,400342,132,-0.6870,0.0125,0.7363,-0.7023,0.4885,-1.2824
302321.2642,400352,133,-0.6948,0.0117,0.7239,-1.8473,0.2901,-1.3130
302321.2642,400362,133,-0.6853,0.0078,0.7300,-1.8779,-0.4733,-1.5725
302321.2642,400372,133,-0.6858,0.0085,0.7310,-1.2214,-0.5038,-1.9847
302321.2642,400382,133,-0.6941,0.0161,0.7214,-1.2824,-0.0611,-1.9695
302321.2642,400392,133,-0.6970,0.0149,0.7131,-2.1527,-0.8550,-1.7557
302321.2642,400402,133,-0.6853,0.0122,0.7253,-2.5802,-2.1069,-1.8015
302321.2642,400412,133,-0.6782,0.0144,0.7356,-2.1832,-1.4046,-2.1527
302321.2642,400422,133,-0.6807,0.0059,0.7327,-2.7176,-0.2137,-2.5496
302321.2642,400432,133,-0.6836,-0.0042,0.7229,-3.0382,0.0611,-2.4427
302321.2642,400442,133,-0.6777,-0.0115,0.7336,-1.7405,0.4580,-2.0916
302321.3685,400452,134,-0.6899,-0.0095,0.7273,-0.3359,1.0840,-1.7557
302321.3685,400462,134,-0.6958,0.0024,0.7261,0.0916,0.9618,-1.3588
302321.3685,400472,134,-0.6946,0.0042,0.7205,-0.6260,-0.4122,-0.9618
302321.3685,400482,134,-0.6853,0.0061,0.7271,-1.0687,-1.4809,-0.8244
302321.3685,400492,134,-0.6819,0.0059,0.7285,-1.1298,-1.6641,-0.9771
302321.3685,400502,134,-0.6882,0.0044,0.7229,-1.8626,-1.7252,-1.0840
302321.3685,400512,134,-0.6843,-0.0032,0.7217,-2.0000,-1.8168,-0.8855
302321.3685,400522,134,-0.6851,-0.0012,0.7178,-1.1603,-1.5267,-0.6565
302321.3685,400532,134,-0.6929,0.0020,0.7170,-0.5649,-1.0534,-0.1832
302321.3685,400542,134,-0.6931,0.0073,0.7214,-0.7176,-1.1908,0.2901
302321.4595,400552,135,-0.6858,0.0029,0.7275,-0.5038,-1.4962,0.4427
302321.4595,400562,135,-0.6814,0.0020,0.7397,0.5802,-0.8702,0.3053
302321.4595,400572,135,-0.6917,0.0054,0.7363,1.3130,0.3664,0.3511
302321.4595,400582,135,-0.7043,0.0076,0.7258,0.7786,0.3969,0.4122
302321.4595,400592,135,-0.6968,0.0095,0.7285,-0.2137,-0.9008,0.5344
302321.4595,400602,135,-0.6809,0.0085,0.7439,-0.8397,-1.6336,0.4733
302321.4595,400612,135,-0.6802,0.0063,0.7456,-1.2977,-0.3053,0.0153
302321.4595,400622,135,-0.6953,0.0027,0.7266,-1.5420,1.0534,-0.1832
302321.4595,400632,135,-0.7012,0.0059,0.7134,-1.5267,0.7786,0.1069
302321.4595,400642,135,-0.7000,0.0112,0.7217,-0.8550,-0.2137,0.4885
302321.5647,400652,136,-0.6897,0.0063,0.7275,-0.2901,-0.9618,0.3359
302321.5647,400662,136,-0.6931,0.0151,0.7297,0.0458,-0.8397,0.0458
302321.5647,400672,136,-0.6936,0.0173,0.7261,-0.3206,-0.8702,-0.3206
302321.5647,400682,136,-0.6865,0.0117,0.7263,-1.3130,-0.8397,-0.5802
302321.5647,400692,136,-0.6951,0.0110,0.7241,-1.7710,-0.2748,-0.9313
302321.5647,400702,136,-0.6907,0.0068,0.7241,-2.5344,-0.2443,-1.1603
302321.5647,400712,136,-0.6890,0.0017,0.7207,-2.5954,-0.0611,-1.0382
302321.5647,400722,136,-0.6887,0.0024,0.7217,-2.0763,0.0611,-0.6565
302321.5647,400732,136,-0.6934,0.0049,0.7168,-1.6489,-0.1985,-0.4122
302321.5647,400742,136,-0.6941,0.0112,0.7124,-1.7710,-0.7786,-0.5344
302321.6689,400752,137,-0.6892,0.0073,0.7158,-1.7252,-1.5420,-0.8092
302321.6689,400762,137,-0.6785,0.0061,0.7283,-1.6031,-1.7710,-1.0229
302321.6689,400772,137,-0.6807,-0.0012,0.7275,-1.6031,-0.6260,-0.9466
302321.6689,400782,137,-0.6970,-0.0015,0.7175,-1.2366,0.7634,-0.7328
302321.6689,400792,137,-0.7021,0.0017,0.7117,-1.0534,0.1069,-0.3053
302321.6689,400802,137,-0.6897,0.0037,0.7200,-0.4580,-1.1298,-0.0763
302321.6689,400812,137,-0.6873,0.0095,0.7234,0.2137,-1.0229,-0.3969
302321.6689,400822,137,-0.6907,0.0125,0.7217,-0.3359,-0.0916,-0.7023
302321.6689,400832,137,-0.7012,0.0068,0.7058,-1.5267,0.2137,-0.6870
302321.6689,400842,137,-0.7075,0.0061,0.7026,-1.7863,-0.7328,-0.5802
302321.7586,400852,138,-0.6995,0.0056,0.7161,-1.6641,-2.4885,-0.5191
302321.7586,400862,138,-0.6868,-0.0015,0.7312,-1.5115,-3.2672,-0.6565
302321.7586,400872,138,-0.6853,-0.0073,0.7380,-0.7176,-2.4580,-0.4885
302321.7586,400882,138,-0.6877,-0.0002,0.7363,-0.4275,-1.1603,0.2443
302321.7586,400892,138,-0.6929,0.0088,0.7295,-0.9618,-0.5802,0.8244
302321.7586,400902,138,-0.6956,0.0095,0.7283,-1.4504,-0.4733,0.8092
302321.7586,400912,138,-0.6946,0.0203,0.7280,-1.4046,-0.3664,0.6107
302321.7586,400922,138,-0.6970,0.0227,0.7217,-1.4198,-0.1527,0.1527
302321.7586,400932,138,-0.6982,0.0249,0.7183,-1.5420,-0.4427,-0.3664
302321.7586,400942,138,-0.6953,0.0288,0.7229,-1.4046,-0.8092,-0.7481
302321.8638,400952,139,-0.6904,0.0239,0.7290,-1.1756,-0.5191,-1.4046
302321.8638,400962,139,-0.6938,0.0232,0.7268,-1.0992,0.8702,-2.3511
302321.8638,400972,139,-0.7068,0.0144,0.7124,-1.9542,1.1450,-2.8702
302321.8638,400982,139,-0.7026,0.0012,0.7065,-2.9313,-0.5038,-2.8244
302321.8638,400992,139,-0.6851,-0.0054,0.7151,-3.3893,-2.2595,-2.8092
302321.8638,401002,139,-0.6755,-0.0198,0.7168,-3.9237,-2.5344,-2.6260
302321.8638,401012,139,-0.6709,-0.0291,0.7148,-3.7863,-2.2137,-1.7710
302321.8638,401022,139,-0.6770,-0.0205,0.7068,-2.5038,-2.0763,-0.6412
302321.8638,401032,139,-0.6707,-0.0193,0.7090,-2.0611,-1.6183,0.1985
302321.8638,401042,139,-0.6777,-0.0176,0.6978,-1.1145,-0.2595,0.5802
302321.9869,401052,140,-0.6863,-0.0164,0.6841,-0.5954,-0.3206,0.9313
302321.9869,401062,140,-0.6882,-0.0151,0.6765,-1.1603,-2.0458,1.4198
302321.9869,401072,140,-0.6797,-0.0161,0.6807,-1.7405,-4.1221,1.8015
302321.9869,401082,140,-0.6768,-0.0159,0.6843,-2.2137,-5.8626,2.0305
302321.9869,401092,140,-0.6646,-0.0232,0.6951,-2.9924,-7.1298,2.2443
302321.9869,401102,140,-0.6521,-0.0371,0.7087,-3.4656,-6.7634,2.8550
302321.9869,401112,140,-0.6636,-0.0273,0.7002,-2.7328,-5.4351,3.7252
302321.9869,401122,140,-0.6565,-0.0288,0.7048,-2.9924,-5.3740,4.5954
302321.9869,401132,140,-0.6543,-0.0217,0.7083,-1.7405,-4.7939,4.9313
302321.9869,401142,140,-0.6665,-0.0059,0.7017,-0.5038,-3.7557,4.8397
302322.1042,401152,141,-0.6707,0.0029,0.6924,-1.2672,-4.1985,5.1908
302322.1042,401162,141,-0.6748,0.0217,0.6904,-0.9618,-4.9160,4.9466
302322.1042,401172,141,-0.6721,0.0364,0.6919,-0.9313,-6.3511,3.7710
302322.1042,401182,141,-0.6650,0.0513,0.6965,-2.1069,-7.7405,2.4580
302322.1042,401192,141,-0.6584,0.0527,0.7112,-4.1832,-8.3969,1.1908
302322.1042,401202,141,-0.6584,0.0518,0.7134,-5.8015,-8.0763,-0.2748
302322.1042,401212,141,-0.6587,0.0530,0.7114,-6.5954,-8.0611,-1.8473
302322.1042,401222,141,-0.6455,0.0508,0.7173,-6.9771,-8.6870,-3.2824
302322.1042,401232,141,-0.6411,0.0459,0.7190,-7.5725,-8.5802,-4.4427
302322.1042,401242,141,-0.6409,0.0420,0.7078,-7.9237,-8.1527,-5.4351
302322.1642,401255,142,-0.6362,0.0322,0.7009,-8.1527,-8.3969,-6.4427
302322.1642,401265,142,-0.6328,0.0247,0.6846,-8.3359,-8.8702,-7.2824
302322.1642,401275,142,-0.6270,0.0173,0.6799,-8.6412,-10.3511,-7.7710
302322.1642,401285,142,-0.6218,0.0039,0.6738,-8.8702,-12.1374,-7.7099
302322.1642,401295,142,-0.6174,-0.0029,0.6738,-8.0611,-13.7405,-7.1450
302322.1642,401305,142,-0.6082,-0.0010,0.6821,-6.9313,-15.5878,-6.3664
302322.1642,401315,142,-0.5959,0.0051,0.6946,-6.0305,-16.2443,-5.7099
302322.1642,401325,142,-0.5945,0.0144,0.6980,-5.3435,-15.2672,-5.1908
302322.1642,401335,142,-0.6106,0.0193,0.6882,-5.1298,-14.6260,-5.0840
302322.1642,401345,142,-0.6169,0.0239,0.6855,-5.2519,-16.1679,-5.2672
302322.2834,401352,143,-0.6084,0.0334,0.7034,-4.8092,-18.3053,-5.4504
302322.2834,401362,143,-0.5991,0.0432,0.7205,-4.6260,-19.6183,-5.8779
302322.2834,401372,143,-0.6035,0.0491,0.7249,-4.6260,-19.5878,-6.4427
302322.2834,401382,143,-0.6113,0.0610,0.7397,-3.7863,-19.8168,-7.2214
302322.2834,401392,143,-0.6145,0.0703,0.7495,-2.9924,-20.5344,-8.1374
302322.2834,401402,143,-0.6355,0.0803,0.7612,-2.6107,-20.6412,-9.0229
302322.2834,401412,143,-0.6389,0.0940,0.7825,-2.1374,-21.5725,-9.9084
302322.2834,401422,143,-0.6226,0.1033,0.8181,-1.2672,-22.1679,-11.2977
302322.2834,401432,143,-0.6274,0.1064,0.8384,-0.0153,-20.8550,-13.0076
302322.2834,401442,143,-0.6318,0.1016,0.8430,0.3511,-19.3588,-14.7023
302322.4056,401452,144,-0.6353,0.0981,0.8455,0.1527,-18.3053,-16.1527
302322.4056,401462,144,-0.6465,0.0869,0.8323,-0.9618,-17.7099,-17.0840
302322.4056,401472,144,-0.6545,0.0779,0.8347,-1.0534,-17.8321,-17.9389
302322.4056,401482,144,-0.6458,0.0745,0.8464,0.8550,-18.3969,-19.7557
302322.4056,401492,144,-0.6433,0.0735,0.8528,2.7481,-17.9389,-21.2977
302322.4056,401502,144,-0.6448,0.0715,0.8567,3.1450,-16.7634,-21.9695
302322.4056,401512,144,-0.6531,0.0564,0.8552,3.3435,-15.3130,-22.0916
302322.4056,401522,144,-0.6633,0.0603,0.8506,5.3588,-14.5344,-22.3969
302322.4056,401532,144,-0.6604,0.0706,0.8655,7.5573,-14.4122,-23.0534
302322.4056,401542,144,-0.6626,0.0740,0.8708,8.9008,-13.7252,-23.7863
302322.4648,401552,145,-0.6672,0.0698,0.8716,9.1145,-12.5038,-24.7786
302322.4648,401562,145,-0.6729,0.0613,0.8621,9.0840,-11.9084,-25.8626
302322.4648,401572,145,-0.6780,0.0481,0.8638,9.7710,-11.5420,-26.8550
302322.4648,401582,145,-0.6807,0.0381,0.8745,11.3740,-11.2214,-27.5573
302322.4648,401592,145,-0.6770,0.0259,0.8838,13.4962,-10.9771,-28.0916
302322.4648,401602,145,-0.6797,0.0244,0.8940,15.3740,-10.1985,-28.2748
302322.4648,401612,145,-0.6877,0.0205,0.8997,15.9847,-9.0840,-28.2443
302322.4648,401622,145,-0.6875,0.0190,0.9109,16.2290,-8.7023,-28.2901
302322.4648,401632,145,-0.6743,0.0159,0.9236,16.8550,-7.9847,-28.6718
302322.4648,401642,145,-0.6760,0.0039,0.9263,17.6183,-5.9542,-29.0382
302322.6413,401652,146,-0.6802,-0.0020,0.9236,18.7634,-4.0153,-29.2366
302322.6413,401662,146,-0.6838,-0.0056,0.9246,19.4504,-2.7328,-29.4504
302322.6413,401672,146,-0.6877,-0.0154,0.9231,19.5725,-1.5267,-29.4198
302322.6413,401682,146,-0.6941,-0.0237,0.9270,20.5038,-0.1374,-29.7557
302322.6413,401692,146,-0.6904,-0.0254,0.9321,22.0611,0.9466,-30.1374
302322.6413,401702,146,-0.6809,-0.0347,0.9419,23.5878,2.3359,-30.2137
302322.6413,401712,146,-0.6829,-0.0332,0.9441,25.0229,4.7023,-30.1527
302322.6413,401722,146,-0.6904,-0.0393,0.9382,25.1450,6.7176,-29.8321
302322.6413,401732,146,-0.7017,-0.0432,0.9309,25.2366,8.5038,-29.5878
302322.6413,401742,146,-0.7131,-0.0525,0.9216,25.3588,9.4198,-29.3893
302322.7041,401752,147,-0.7114,-0.0569,0.9211,24.7786,9.6336,-28.9313
302322.7041,401762,147,-0.7043,-0.0698,0.9268,24.2290,10.5954,-28.4122
302322.7041,401772,147,-0.7073,-0.0835,0.9290,25.1756,12.5954,-27.7863
302322.7041,401782,147,-0.7175,-0.0930,0.9265,26.5191,14.8397,-26.7023
302322.7041,401792,147,-0.7263,-0.1035,0.9248,27.5725,16.3053,-25.0840
302322.7041,401802,147,-0.7312,-0.1069,0.9277,29.2061,17.5115,-23.5420
302322.7041,401812,147,-0.7336,-0.0923,0.9312,30.8244,19.1603,-21.7710
302322.7041,401822,147,-0.7388,-0.0923,0.9392,31.5573,21.2519,-20.0916
302322.7041,401832,147,-0.7419,-0.0862,0.9429,32.2290,23.0992,-19.3130
302322.7041,401842,147,-0.7476,-0.0730,0.9414,32.5344,24.7176,-18.1069
302322.7643,401852,148,-0.7490,-0.0620,0.9441,32.5496,25.4656,-18.0153
302322.7643,401862,148,-0.7512,-0.0571,0.9470,31.2672,26.9313,-18.9924
302322.7643,401872,148,-0.7532,-0.0662,0.9290,29.1603,28.7023,-19.4198
302322.7643,401882,148,-0.7637,-0.0725,0.9106,28.1069,30.1985,-20.2137
302322.7643,401892,148,-0.7742,-0.0823,0.8962,27.9542,31.4809,-21.1145
302322.7643,401902,148,-0.7720,-0.0876,0.8813,27.2672,31.9237,-21.4656
302322.7643,401912,148,-0.7615,-0.1128,0.8838,26.3664,33.1450,-21.5573
302322.7643,401922,148,-0.7517,-0.1338,0.8799,26.5496,35.5267,-21.2824
302322.7643,401932,148,-0.7485,-0.1475,0.8711,27.3893,37.8168,-20.2137
302322.7643,401942,148,-0.7407,-0.1570,0.8699,27.6794,39.3282,-18.8092
302322.8846,401952,149,-0.7349,-0.1641,0.8577,27.8321,41.2061,-17.4809
302322.8846,401962,149,-0.7415,-0.1665,0.8474,26.9771,42.8244,-15.9389
302322.8846,401972,149,-0.7356,-0.1670,0.8303,25.6794,43.5115,-14.4733
302322.8846,401982,149,-0.7239,-0.1748,0.8196,24.5802,44.2595,-13.5573
302322.8846,401992,149,-0.7351,-0.1770,0.7932,23.8626,45.6336,-12.3664
302322.8846,402002,149,-0.7292,-0.1763,0.7791,22.9618,45.8779,-10.5038
302322.8846,402012,149,-0.7366,-0.1602,0.7673,22.5191,46.7634,-8.8092
302322.8846,402022,149,-0.7366,-0.1589,0.7524,21.9542,47.3740,-7.7405
302322.8846,402032,149,-0.7402,-0.1633,0.7344,21.9389,48.5649,-6.9313
302322.8846,402042,149,-0.7385,-0.1558,0.7285,22.3511,48.9924,-5.8168
302323.0038,402052,150,-0.7319,-0.1387,0.7227,22.8702,49.1756,-4.8397
302323.0038,402062,150,-0.7346,-0.1265,0.7095,21.9237,49.6794,-4.8550
302323.0038,402072,150,-0.7358,-0.1282,0.6921,19.1450,49.6794,-4.7939
302323.0038,402082,150,-0.7266,-0.1409,0.6709,16.5954,49.2214,-4.7176
302323.0038,402092,150,-0.7219,-0.1516,0.6577,14.6870,48.5802,-4.5191
302323.0038,402102,150,-0.7039,-0.1533,0.6460,13.2214,47.8931,-3.5725
302323.0038,402112,150,-0.7019,-0.1682,0.6313,11.5420,49.0382,-2.0458
302323.0038,402122,150,-0.7092,-0.1687,0.6018,11.5573,50.4580,-0.5038
302323.0038,402132,150,-0.7231,-0.1604,0.5762,11.2366,50.4122,1.2366
302323.0038,402142,150,-0.7290,-0.1655,0.5581,10.0000,48.8702,3.0840
302323.0644,402152,151,-0.7327,-0.1492,0.5376,9.8168,47.2214,4.6565
302323.0644,402162,151,-0.7375,-0.1384,0.5247,9.5725,45.6947,6.1985
302323.0644,402172,151,-0.7373,-0.1194,0.5168,9.6947,43.7405,6.8397
302323.0644,402182,151,-0.7502,-0.1145,0.5024,9.1908,42.0916,7.1603
302323.0644,402192,151,-0.7524,-0.1140,0.4893,7.7405,40.1832,7.4046
302323.0644,402202,151,-0.7505,-0.1167,0.4932,6.2443,37.5267,7.9542
302323.0644,402212,151,-0.7241,-0.1208,0.5142,4.8855,35.9542,8.8702
302323.0644,402222,151,-0.7302,-0.1223,0.5029,4.8550,37.8626,9.5725
302323.0644,402232,151,-0.7476,-0.1250,0.4910,4.2748,38.6718,10.1374
302323.0644,402242,151,-0.7388,-0.1331,0.4802,3.4809,37.2061,11.1908
302323.2445,402252,152,-0.7319,-0.1296,0.4805,3.4046,35.6336,12.2137
302323.2445,402262,152,-0.7332,-0.1294,0.4771,2.3969,34.7176,13.7252
302323.2445,402272,152,-0.7373,-0.1228,0.4744,1.3130,34.3206,15.7710
302323.2445,402282,152,-0.7424,-0.1091,0.4788,1.6947,33.7405,17.2061
302323.2445,402292,152,-0.7561,-0.0933,0.4839,2.0305,33.5420,17.9542
302323.2445,402302,152,-0.7686,-0.0903,0.4834,0.5954,32.7023,18.7176
302323.2445,402312,152,-0.7664,-0.0879,0.4907,-0.6565,32.0916,19.6183
302323.2445,402322,152,-0.7715,-0.0833,0.5002,-0.9008,32.6718,20.9924
302323.2445,402332,152,-0.7883,-0.0591,0.4963,-0.3969,33.8626,22.3969
302323.2445,402342,152,-0.8005,-0.0305,0.4824,-0.8855,34.2748,23.1450
302323.3058,402352,153,-0.7971,-0.0107,0.4727,-2.6870,33.7863,23.2061
302323.3058,402362,153,-0.7927,0.0034,0.4683,-4.9618,32.8550,22.7481
302323.3058,402372,153,-0.7937,0.0115,0.4629,-7.0534,31.9237,21.4809
302323.3058,402382,153,-0.7974,0.0071,0.4460,-9.4809,30.9313,19.7557
302323.3058,402392,153,-0.7915,-0.0171,0.4253,-12.2290,29.9847,18.5191
302323.3058,402402,153,-0.7793,-0.0356,0.4131,-14.0458,29.2061,18.1527
302323.3058,402412,153,-0.7800,-0.0479,0.4060,-15.2977,29.0687,18.8702
302323.3058,402422,153,-0.7761,-0.0505,0.4033,-15.8931,28.7634,20.3969
302323.3058,402432,153,-0.7727,-0.0305,0.4097,-15.5725,28.6412,22.2595
302323.3058,402442,153,-0.7854,-0.0024,0.4067,-14.9008,29.0076,23.4351
302323.4219,402452,154,-0.7910,0.0142,0.4001,-15.4351,28.9924,23.1298
302323.4219,402462,154,-0.7939,0.0198,0.3909,-16.9771,28.4275,22.4885
302323.4219,402472,154,-0.8010,0.0288,0.3801,-18.9771,27.5420,22.3053
302323.4219,402482,154,-0.8003,0.0273,0.3701,-20.8550,26.1374,21.7252
302323.4219,402492,154,-0.7952,0.0161,0.3669,-22.1832,25.5420,20.7328
302323.4219,402502,154,-0.8030,0.0007,0.3440,-22.9618,25.0840,20.3053
302323.4219,402512,154,-0.8096,-0.0168,0.3262,-23.8931,23.0687,21.2061
302323.4219,402522,154,-0.8064,-0.0229,0.3232,-23.4351,20.3817,22.8702
302323.4219,402532,154,-0.7964,-0.0229,0.3335,-22.6412,18.1069,24.6412
302323.4219,402542,154,-0.7957,-0.0103,0.3479,-22.4275,16.7481,26.8702
302323.4842,402552,155,-0.7966,0.0010,0.3528,-22.0611,16.1221,28.9160
302323.4842,402562,155,-0.8096,0.0222,0.3589,-20.8397,15.9695,30.3511
302323.4842,402572,155,-0.8115,0.0457,0.3645,-20.5191,16.2290,31.4198
302323.4842,402582,155,-0.8284,0.0676,0.3638,-21.4046,16.7939,31.8168
302323.4842,402592,155,-0.8311,0.0908,0.3684,-22.1679,15.2519,32.0916
302323.4842,402602,155,-0.8215,0.1160,0.3875,-22.7328,13.2977,31.1450
302323.4842,402612,155,-0.8145,0.1140,0.3965,-24.5344,12.2443,29.5573
302323.4842,402622,155,-0.8123,0.1211,0.3955,-26.5496,12.0763,28.0916
302323.4842,402632,155,-0.8040,0.1050,0.3889,-28.9008,11.4962,26.4122
302323.4842,402642,155,-0.7908,0.0786,0.3745,-30.6565,10.7786,25.1756
302323.6087,402652,156,-0.7869,0.0571,0.3684,-31.4198,10.7481,25.6489
302323.6087,402662,156,-0.7832,0.0532,0.3506,-30.4885,10.4122,26.9618
302323.6087,402672,156,-0.7803,0.0552,0.3369,-28.9924,9.7252,28.2748
302323.6087,402682,156,-0.7839,0.0754,0.3379,-28.0458,8.8397,30.0305
302323.6087,402692,156,-0.7791,0.1030,0.3467,-27.7557,7.4656,31.5420
302323.6087,402702,156,-0.7810,0.1267,0.3513,-28.0305,6.4733,31.7710
302323.6087,402712,156,-0.7769,0.1484,0.3569,-29.0992,6.7176,30.9466
302323.6087,402722,156,-0.7871,0.1531,0.3467,-31.6947,6.6412,29.4351
302323.6087,402732,156,-0.7842,0.1321,0.3313,-34.3817,5.1603,27.8473
302323.6087,402742,156,-0.7805,0.1260,0.3362,-35.4504,3.7405,27.3282
302323.6635,402752,157,-0.7717,0.1101,0.3303,-35.8168,2.2443,27.5878
302323.6635,402762,157,-0.7781,0.1023,0.3237,-34.1527,2.4275,28.3053
302323.6635,402772,157,-0.7798,0.1274,0.3335,-31.9084,1.9084,29.7710
302323.6635,402782,157,-0.7827,0.1665,0.3403,-31.0840,0.4275,30.9771
302323.6635,402792,157,-0.7742,0.1975,0.3503,-31.9695,-1.0992,30.2290
302323.6635,402802,157,-0.7703,0.2122,0.3547,-34.9008,-2.1832,28.2137
302323.6635,402812,157,-0.7634,0.1965,0.3516,-38.8244,-3.1756,25.8473
302323.6635,402822,157,-0.7642,0.1643,0.3462,-41.0382,-3.5420,23.8321
302323.6635,402832,157,-0.7686,0.1582,0.3413,-40.3359,-4.1221,23.1450
302323.6635,402842,157,-0.7664,0.1519,0.3369,-39.6183,-5.6489,23.1908
302323.8437,402852,158,-0.7712,0.1597,0.3499,-38.8397,-7.1603,23.5725
302323.8437,402862,158,-0.7559,0.1951,0.3701,-38.5496,-8.8244,25.0840
302323.8437,402872,158,-0.7388,0.2397,0.3960,-39.3588,-10.1527,24.9466
302323.8437,402882,158,-0.7346,0.2610,0.4026,-41.6641,-9.3893,22.1221
302323.8437,402892,158,-0.7612,0.2659,0.3728,-44.9924,-7.4809,18.7176
302323.8437,402902,158,-0.7725,0.2322,0.3359,-48.2137,-8.3053,15.3588
302323.8437,402912,158,-0.7825,0.1851,0.3105,-49.6183,-10.7328,12.3053
302323.8437,402922,158,-0.7646,0.1348,0.3125,-49.6947,-14.9618,11.1603
302323.8437,402932,158,-0.7363,0.0974,0.3328,-47.8321,-18.9924,12.9313
302323.8437,402942,158,-0.7085,0.0967,0.3787,-44.0763,-20.7023,16.4885
302323.9037,402952,159,-0.7041,0.1389,0.4221,-41.1450,-20.0916,20.6565
302323.9037,402962,159,-0.7151,0.1721,0.4368,-40.0153,-18.4733,23.8779
302323.9037,402972,159,-0.7349,0.2065,0.4368,-38.6412,-16.5038,24.5802
302323.9037,402982,159,-0.7476,0.2156,0.4207,-38.5649,-16.2443,23.9695
302323.9037,402992,159,-0.7734,0.1914,0.3855,-39.5878,-16.7634,23.4962
302323.9037,403002,159,-0.7961,0.1816,0.3650,-38.5038,-18.8397,24.7023
302323.9037,403012,159,-0.7932,0.1995,0.3804,-36.1374,-23.3740,26.4733
302323.9037,403022,159,-0.7695,0.2354,0.4316,-33.5420,-28.1679,28.2137
302323.9037,403032,159,-0.7397,0.3044,0.5017,-30.9313,-30.8702,28.9008
302323.9037,403042,159,-0.7144,0.3540,0.5574,-31.3282,-30.2901,26.6412
302324.0226,403052,160,-0.7354,0.3606,0.5586,-36.0458,-25.3435,23.0687
302324.0226,403062,160,-0.7661,0.3252,0.5249,-40.7481,-21.7252,18.6107
302324.0226,403072,160,-0.7815,0.2720,0.4929,-42.4580,-21.5267,14.8397
302324.0226,403082,160,-0.7751,0.2493,0.4807,-41.3282,-23.0992,14.1679
302324.0226,403092,160,-0.7505,0.2617,0.4829,-38.8244,-25.4046,15.4504
302324.0226,403102,160,-0.7244,0.2922,0.4993,-35.9084,-26.3817,15.3893
302324.0226,403112,160,-0.7146,0.3152,0.5137,-34.8702,-25.8015,14.3817
302324.0226,403122,160,-0.7258,0.3481,0.5073,-35.3282,-24.8092,12.9160
302324.0226,403132,160,-0.7332,0.3667,0.5034,-37.4046,-25.5573,9.4351
302324.0226,403142,160,-0.7334,0.3308,0.4771,-40.8855,-26.4275,3.6794
302324.0846,403152,161,-0.7688,0.2444,0.4272,-45.2061,-25.3282,-1.1908
302324.0846,403162,161,-0.7649,0.1638,0.3989,-46.0458,-29.3435,-1.9389
302324.0846,403172,161,-0.7292,0.1206,0.4377,-41.9695,-35.1298,-0.2748
302324.0846,403182,161,-0.7019,0.1123,0.4827,-35.8168,-38.2137,3.4809
302324.0846,403192,161,-0.7166,0.1533,0.5134,-29.1298,-38.1985,8.7634
302324.0846,403202,161,-0.7253,0.2234,0.5603,-25.2366,-39.1145,12.3817
302324.0846,403212,161,-0.7102,0.2854,0.6118,-24.3969,-40.6260,12.4427
302324.0846,403222,161,-0.6895,0.3264,0.6516,-27.2061,-39.1603,9.1145
302324.0846,403232,161,-0.7097,0.3320,0.6462,-33.6336,-35.2366,4.6718
302324.0846,403242,161,-0.7368,0.2932,0.6128,-40.0305,-32.4733,-0.1221
302324.2048,403256,162,-0.7502,0.2051,0.5789,-44.5954,-29.9847,-5.3130
302324.2048,403266,162,-0.7502,0.2051,0.5789,-44.5954,-29.9847,-5.3130
302324.2048,403276,162,-0.7512,0.1760,0.5625,-43.0382,-31.8168,-5.8015
302324.2048,403286,162,-0.7241,0.1509,0.5654,-39.8321,-35.4504,-5.8473
302324.2048,403296,162,-0.7026,0.1423,0.5820,-35.8321,-38.1374,-5.2061
302324.2048,403306,162,-0.7058,0.1487,0.6030,-32.1374,-39.8168,-3.5573
302324.2048,403316,162,-0.7014,0.1824,0.6340,-29.1908,-41.7252,-1.4198
302324.2048,403326,162,-0.6875,0.2410,0.6748,-26.6107,-42.6870,-1.6641
302324.2048,403336,162,-0.6865,0.2427,0.6853,-27.6489,-41.8779,-5.6031
302324.2048,403346,162,-0.7173,0.1987,0.6567,-30.6107,-38.9313,-9.4962
302324.2643,403352,163,-0.7336,0.1509,0.6333,-31.7710,-38.5954,-10.0611
302324.2643,403362,163,-0.7163,0.1196,0.6353,-29.5115,-41.0076,-9.1145
302324.2643,403372,163,-0.7070,0.1201,0.6487,-25.1450,-41.9237,-8.0763
302324.2643,403382,163,-0.7009,0.1462,0.6680,-21.2672,-42.7328,-6.4427
302324.2643,403392,163,-0.6790,0.1814,0.7051,-19.3893,-44.3969,-5.5267
302324.2643,403402,163,-0.6572,0.2117,0.7388,-18.7481,-44.5954,-6.9008
302324.2643,403412,163,-0.6509,0.2185,0.7429,-20.5496,-42.9771,-11.3740
302324.2643,403422,163,-0.6599,0.1750,0.7151,-24.7023,-41.1145,-15.6183
302324.2643,403432,163,-0.6531,0.1289,0.6899,-27.2366,-41.1756,-18.6870
302324.2643,403442,163,-0.6606,0.0776,0.6829,-27.6489,-41.9695,-20.0305
302324.3849,403452,164,-0.6628,0.0442,0.6843,-23.7710,-43.1145,-18.1527
302324.3849,403462,164,-0.6626,0.0510,0.7061,-14.7176,-45.6183,-15.6794
302324.3849,403472,164,-0.6609,0.0615,0.7271,-6.1221,-50.6870,-11.7099
302324.3849,403482,164,-0.6511,0.1206,0.7549,-0.4122,-56.9924,-7.2214
302324.3849,403492,164,-0.6191,0.1484,0.7700,-1.1908,-59.1603,-5.8473
302324.3849,403502,164,-0.6096,0.1353,0.7761,-5.2672,-55.0382,-7.6794
302324.3849,403512,164,-0.6194,0.1179,0.7725,-9.2366,-48.2137,-10.5344
302324.3849,403522,164,-0.6428,0.1055,0.7629,-12.9924,-44.4122,-12.1527
302324.3849,403532,164,-0.6570,0.1138,0.7703,-14.9466,-43.2061,-12.3817
302324.3849,403542,164,-0.6648,0.1414,0.7930,-16.4427,-43.9542,-12.3969
302324.5037,403552,165,-0.6384,0.1621,0.8379,-18.1374,-44.8855,-12.9313
302324.5037,403562,165,-0.6062,0.1675,0.8696,-17.9237,-42.8244,-15.1603
302324.5037,403572,165,-0.6130,0.1685,0.8782,-17.4198,-37.2061,-18.8244
302324.5037,403582,165,-0.6057,0.1589,0.8718,-18.6870,-34.6260,-22.1679
302324.5037,403592,165,-0.5957,0.1216,0.8640,-20.3206,-33.0687,-24.9771
302324.5037,403602,165,-0.5977,0.0962,0.8484,-19.7863,-30.9008,-28.2137
302324.5037,403612,165,-0.6079,0.0510,0.8367,-21.3893,-30.1832,-29.9084
302324.5037,403622,165,-0.6072,0.0000,0.8240,-21.7099,-30.9160,-28.6412
302324.5037,403632,165,-0.6199,-0.0066,0.8369,-16.1221,-31.2672,-25.5267
302324.5037,403642,165,-0.6160,0.0376,0.8574,-9.6947,-33.7710,-20.5649
302324.5662,403652,166,-0.5964,0.0862,0.8831,-5.7252,-36.7786,-16.5038
302324.5662,403662,166,-0.5710,0.1572,0.9080,-3.5573,-37.8779,-17.2061
302324.5662,403672,166,-0.5706,0.1843,0.8984,-7.9389,-35.4198,-20.0916
302324.5662,403682,166,-0.5686,0.1765,0.8594,-14.9466,-33.3435,-24.7939
302324.5662,403692,166,-0.5769,0.1072,0.8281,-21.0229,-31.5420,-31.3435
302324.5662,403702,166,-0.5999,0.0327,0.7969,-23.6031,-30.8702,-36.1527
302324.5662,403712,166,-0.5950,-0.0632,0.7922,-23.4198,-34.2748,-36.3206
302324.5662,403722,166,-0.5596,-0.1240,0.8203,-15.9847,-38.7023,-32.0763
302324.5662,403732,166,-0.5681,-0.0977,0.8569,-3.9847,-39.8015,-25.5267
302324.5662,403742,166,-0.5469,-0.0271,0.9146,4.5496,-41.9695,-17.4656
302324.6847,403752,167,-0.5081,0.0730,0.9707,8.5344,-41.6794,-12.4580
302324.6847,403762,167,-0.5032,0.1394,0.9758,7.5878,-36.3511,-13.2672
302324.6847,403772,167,-0.5122,0.1531,0.9590,3.7405,-31.0229,-17.5420
302324.6847,403782,167,-0.5352,0.1353,0.9104,-0.2443,-28.0305,-23.6947
302324.6847,403792,167,-0.5483,0.0845,0.8716,-4.5496,-28.1985,-30.0916
302324.6847,403802,167,-0.5435,0.0320,0.8684,-8.1527,-31.8931,-33.9084
302324.6847,403812,167,-0.5063,-0.0356,0.8855,-9.7557,-38.1832,-34.6718
302324.6847,403822,167,-0.4839,-0.0667,0.9258,-6.5802,-41.6489,-32.7634
302324.6847,403832,167,-0.4668,-0.0361,0.9619,-1.3893,-42.5802,-29.4504
302324.6847,403842,167,-0.4521,0.0039,0.9863,0.9313,-40.3053,-26.2137
302324.8039,403852,168,-0.4517,0.0569,0.9937,2.6870,-35.8931,-25.4351
302324.8039,403862,168,-0.4712,0.0898,0.9883,2.8244,-31.6489,-27.1908
302324.8039,403872,168,-0.4966,0.1057,0.9724,1.4809,-29.4198,-30.5802
302324.8039,403882,168,-0.4714,0.0854,0.9807,-1.4046,-30.4427,-34.4733
302324.8039,403892,168,-0.4526,0.0430,0.9724,-3.4656,-29.4351,-37.7099
302324.8039,403902,168,-0.4922,0.0176,0.9514,-3.2824,-26.1069,-39.3740
302324.8039,403912,168,-0.4731,0.0068,0.9402,-1.8779,-27.6031,-39.9542
302324.8039,403922,168,-0.4751,-0.0029,0.9431,0.1832,-28.4275,-40.8092
302324.8039,403932,168,-0.4778,-0.0059,0.9475,0.7176,-28.9466,-40.7328
302324.8039,403942,168,-0.4558,-0.0139,0.9651,0.6412,-30.3817,-40.4885
302324.8667,403952,169,-0.4385,-0.0298,0.9973,1.5725,-28.3817,-40.8092
302324.8667,403962,169,-0.4758,-0.0552,0.9939,2.0611,-23.6336,-39.8473
302324.8667,403972,169,-0.4985,-0.0430,0.9934,3.6641,-22.6870,-38.3817
302324.8667,403982,169,-0.4983,-0.0242,1.0176,5.7863,-24.7786,-36.8855
302324.8667,403992,169,-0.4963,0.0225,1.0530,8.7176,-25.4504,-37.3893
302324.8667,404002,169,-0.4856,0.0493,1.0713,9.3282,-25.1298,-40.2290
302324.8667,404012,169,-0.4832,0.0420,1.0603,7.7557,-24.0305,-45.0229
302324.8667,404022,169,-0.4626,-0.0054,1.0378,4.6870,-23.7557,-49.9542
302324.8667,404032,169,-0.4387,-0.0752,1.0176,2.4427,-23.5115,-53.1450
302324.8667,404042,169,-0.4119,-0.1221,1.0295,2.3664,-22.4733,-52.9924
302324.9840,404052,170,-0.3796,-0.1550,1.0444,4.2595,-20.0611,-49.8931
302324.9840,404062,170,-0.3992,-0.1484,1.0391,9.0992,-14.6565,-46.7786
302324.9840,404072,170,-0.4248,-0.1111,1.0322,12.5344,-11.8473,-43.5115
302324.9840,404082,170,-0.4216,-0.0742,1.0396,13.7099,-12.8092,-41.3282
302324.9840,404092,170,-0.4114,-0.0422,1.0488,13.6031,-13.3740,-41.5267
302324.9840,404102,170,-0.3843,-0.0427,1.0540,11.2824,-14.3817,-43.0534
302324.9840,404112,170,-0.3579,-0.0549,1.0503,9.1298,-14.3511,-44.9771
302324.9840,404122,170,-0.3247,-0.0725,1.0527,7.6641,-12.8855,-46.9008
302324.9840,404132,170,-0.3174,-0.0923,1.0193,6.0153,-9.5573,-47.7557
302324.9840,404142,170,-0.3259,-0.1145,0.9822,5.8779,-5.3435,-47.9084
302325.1038,404152,171,-0.3479,-0.1389,0.9387,7.0076,-3.2366,-48.0305
302325.1038,404162,171,-0.3845,-0.1672,0.8831,8.9618,-2.3511,-46.9008
302325.1038,404172,171,-0.4077,-0.1736,0.8882,12.4122,-4.9313,-44.0763
302325.1038,404182,171,-0.4194,-0.1687,0.9094,14.4122,-8.9313,-39.3435
302325.1038,404192,171,-0.4309,-0.1389,0.9519,16.9618,-11.3435,-35.4504
302325.1038,404202,171,-0.4358,-0.1060,0.9954,19.0534,-13.6489,-34.2748
302325.1038,404212,171,-0.4219,-0.0850,1.0452,19.6489,-16.1221,-34.6870
302325.1038,404222,171,-0.3992,-0.0759,1.0820,19.9695,-16.3359,-35.9084
302325.1038,404232,171,-0.3638,-0.0747,1.1162,19.9695,-12.0153,-37.5725
302325.1038,404242,171,-0.3760,-0.0833,1.0923,19.8626,-4.3206,-38.5802
302325.1642,404252,172,-0.4099,-0.0828,1.0518,19.4046,0.8397,-39.2061
302325.1642,404262,172,-0.4338,-0.0925,1.0181,18.6565,1.4351,-39.3588
302325.1642,404272,172,-0.4441,-0.0869,1.0159,19.8779,0.3817,-40.3206
302325.1642,404282,172,-0.4539,-0.0789,1.0181,21.3893,-1.0382,-41.8473
302325.1642,404292,172,-0.4595,-0.0762,1.0249,21.0229,-3.1908,-43.4046
302325.1642,404302,172,-0.4377,-0.0811,1.0540,19.9542,-5.3740,-44.6870
302325.1642,404312,172,-0.4202,-0.0845,1.0784,19.7252,-4.0000,-45.9389
302325.1642,404322,172,-0.4128,-0.1040,1.0898,18.5496,-0.5038,-46.6718
302325.1642,404332,172,-0.4207,-0.1328,1.0852,17.8168,3.4198,-46.2443
302325.1642,404342,172,-0.4255,-0.1472,1.0815,20.2290,5.4351,-45.4656
302325.2845,404352,173,-0.4116,-0.1523,1.0964,22.8244,5.8168,-44.1527
302325.2845,404362,173,-0.4143,-0.1462,1.1091,25.2519,7.2672,-42.9771
302325.2845,404372,173,-0.4243,-0.1333,1.1011,26.0458,8.8092,-42.1069
302325.2845,404382,173,-0.4368,-0.1301,1.0962,24.9160,8.9466,-41.6489
302325.2845,404392,173,-0.4280,-0.1155,1.1013,25.0687,8.4733,-41.4962
302325.2845,404402,173,-0.4285,-0.1111,1.1028,24.9924,9.6641,-41.9695
302325.2845,404412,173,-0.4458,-0.1150,1.0925,24.3053,11.5573,-42.7634
302325.2845,404422,173,-0.4482,-0.1213,1.0828,23.9237,12.5344,-43.1298
302325.2845,404432,173,-0.4412,-0.1296,1.0884,24.4885,12.5802,-43.0076
302325.2845,404442,173,-0.4158,-0.1372,1.1038,25.2672,14.1527,-42.9160
302325.4779,404452,174,-0.4104,-0.1511,1.1016,25.5725,18.2137,-42.5496
302325.4779,404462,174,-0.4229,-0.1570,1.0947,26.2137,21.5420,-41.6183
302325.4779,404472,174,-0.4160,-0.1499,1.0867,26.4885,22.4275,-39.6794
302325.4779,404482,174,-0.4060,-0.1399,1.0862,27.0382,22.9466,-38.4275
302325.4779,404492,174,-0.4170,-0.1311,1.0701,27.0687,25.6489,-37.9389
302325.4779,404502,174,-0.4341,-0.1343,1.0530,26.4885,27.7405,-37.9084
302325.4779,404512,174,-0.4397,-0.1450,1.0425,25.3740,27.5267,-37.7557
302325.4779,404522,174,-0.4424,-0.1479,1.0371,26.2137,28.0611,-37.3588
302325.4779,404532,174,-0.4482,-0.1482,1.0327,27.8931,29.0382,-37.0840
302325.4779,404542,174,-0.4624,-0.1436,1.0354,27.8931,30.0153,-36.7023
302325.5213,404552,175,-0.4495,-0.1514,1.0356,26.5038,30.0916,-36.4427
302325.5213,404562,175,-0.4507,-0.1768,1.0398,25.7405,31.6183,-35.9084
302325.5213,404572,175,-0.4666,-0.1836,1.0327,27.3740,33.8626,-34.9313
302325.5213,404582,175,-0.4727,-0.1826,1.0303,28.5038,34.0763,-33.2672
302325.5213,404592,175,-0.4790,-0.1746,1.0273,29.0382,33.5115,-32.0153
302325.5213,404602,175,-0.4766,-0.1653,1.0286,28.5038,32.7481,-31.4046
302325.5213,404612,175,-0.4790,-0.1790,1.0178,27.1145,32.3359,-30.5954
302325.5213,404622,175,-0.4785,-0.1934,1.0134,27.0382,31.7863,-30.1374
302325.5213,404632,175,-0.4709,-0.2073,1.0056,27.6641,31.9389,-29.5725
302325.5213,404642,175,-0.4678,-0.2075,1.0010,27.4504,34.4427,-27.8321
302325.5837,404652,176,-0.4836,-0.2139,0.9785,25.6489,37.6794,-25.8931
302325.5837,404662,176,-0.4971,-0.2285,0.9578,24.1832,37.9237,-24.2901
302325.5837,404672,176,-0.5010,-0.2312,0.9495,23.2824,36.4427,-22.1221
302325.5837,404682,176,-0.4934,-0.2317,0.9570,23.4809,34.9313,-19.8473
302325.5837,404692,176,-0.4846,-0.2380,0.9651,24.4122,34.6870,-17.5420
302325.5837,404702,176,-0.4912,-0.2322,0.9685,26.4275,36.1832,-15.0382
302325.5837,404712,176,-0.5024,-0.2090,0.9773,28.0305,37.3893,-12.6870
302325.5837,404722,176,-0.5012,-0.1907,0.9827,28.5191,37.5878,-10.4122
302325.5837,404732,176,-0.5017,-0.1687,0.9858,28.4885,39.0840,-9.8473
302325.5837,404742,176,-0.5159,-0.1670,0.9714,26.0458,41.4962,-10.1221
302325.7037,404752,177,-0.5310,-0.1702,0.9480,22.6718,42.7328,-9.5420
302325.7037,404762,177,-0.5359,-0.1746,0.9368,19.9084,42.2290,-8.7023
302325.7037,404772,177,-0.5237,-0.1721,0.9395,19.0534,41.4656,-8.2290
302325.7037,404782,177,-0.5203,-0.1514,0.9399,19.7099,43.2672,-7.6489
302325.7037,404792,177,-0.5322,-0.1355,0.9277,18.3664,46.6870,-7.3435
302325.7037,404802,177,-0.5437,-0.1401,0.9055,15.8015,48.4733,-7.7710
302325.7037,404812,177,-0.5430,-0.1428,0.8909,14.0916,48.3817,-7.9542
302325.7037,404822,177,-0.5437,-0.1423,0.8867,13.6336,48.4122,-7.6947
302325.7037,404832,177,-0.5483,-0.1411,0.8689,12.5496,48.7328,-7.6183
302325.7037,404842,177,-0.5620,-0.1406,0.8572,11.0229,48.9466,-7.7557
302325.7641,404852,178,-0.5718,-0.1526,0.8328,9.1603,48.3206,-7.3130
302325.7641,404862,178,-0.5806,-0.1782,0.8123,8.1374,47.3740,-6.4275
302325.7641,404872,178,-0.5776,-0.1965,0.8040,8.9313,46.4275,-4.9924
302325.7641,404882,178,-0.5759,-0.2097,0.8145,10.4733,46.5038,-2.1374
302325.7641,404892,178,-0.5735,-0.1970,0.8235,12.6565,47.0229,1.2519
302325.7641,404902,178,-0.5764,-0.1689,0.8296,14.7176,48.7023,4.6260
302325.7641,404912,178,-0.6003,-0.1296,0.8159,15.8779,50.8855,6.7481
302325.7641,404922,178,-0.6196,-0.1060,0.7959,14.8702,51.4351,7.3435
302325.7641,404932,178,-0.6279,-0.1101,0.7800,12.7939,50.5802,7.1603
302325.7641,404942,178,-0.6379,-0.1082,0.7712,11.8015,49.8168,7.0076
302325.8840,404952,179,-0.6523,-0.1094,0.7686,11.0076,48.9771,7.2824
302325.8840,404962,179,-0.6660,-0.0969,0.7583,10.1985,47.8321,8.0763
302325.8840,404972,179,-0.6704,-0.0847,0.7693,9.9389,46.1069,8.4275
302325.8840,404982,179,-0.6765,-0.0776,0.7769,9.0076,44.8550,8.2443
302325.8840,404992,179,-0.6594,-0.0764,0.7852,7.5725,43.8779,8.0916
302325.8840,405002,179,-0.6565,-0.0891,0.7788,6.2290,44.7328,7.9237
302325.8840,405012,179,-0.6592,-0.1040,0.7651,6.8702,46.5802,8.0611
302325.8840,405022,179,-0.6680,-0.0874,0.7529,9.7863,48.7176,8.3969
302325.8840,405032,179,-0.6887,-0.0681,0.7400,10.2748,49.6336,9.4656
302325.8840,405042,179,-0.6821,-0.0378,0.7405,8.7786,48.6718,9.8168
302326.0036,405052,180,-0.6812,-0.0374,0.7317,6.4885,49.2366,8.8550
302326.0036,405062,180,-0.6887,-0.0481,0.7065,4.1527,50.2901,7.1908
302326.0036,405072,180,-0.7004,-0.0640,0.6807,1.9695,50.2137,6.0458
302326.0036,405082,180,-0.6926,-0.0879,0.6714,0.7023,48.4275,5.9542
302326.0036,405092,180,-0.6775,-0.0913,0.6724,0.9313,47.3740,6.6718
302326.0036,405102,180,-0.6812,-0.0828,0.6653,1.9237,48.2748,7.6794
302326.0036,405112,180,-0.6926,-0.0781,0.6543,1.4504,48.6260,7.9542
302326.0036,405122,180,-0.6904,-0.0884,0.6423,0.1985,47.9847,7.8931
302326.0036,405132,180,-0.6873,-0.0986,0.6230,-0.9618,47.6947,8.0153
302326.0036,405142,180,-0.6885,-0.1099,0.6074,-2.7634,47.1756,8.3359
302326.0638,405152,181,-0.6943,-0.1199,0.5830,-4.4427,45.6794,9.2061
302326.0638,405162,181,-0.6855,-0.1260,0.5850,-5.5725,43.0229,10.3359
302326.0638,405172,181,-0.6765,-0.1348,0.5837,-6.4122,41.3282,11.3588
302326.0638,405182,181,-0.6748,-0.1335,0.5845,-6.9618,41.2672,13.1145
302326.0638,405192,181,-0.6914,-0.1306,0.5627,-7.2214,41.6336,15.2519
302326.0638,405202,181,-0.7144,-0.1250,0.5435,-7.6183,41.0229,17.2061
302326.0638,405212,181,-0.7180,-0.1172,0.5376,-7.9542,38.6718,19.0840
302326.0638,405222,181,-0.7295,-0.1077,0.5466,-7.7557,37.1450,20.7328
302326.0638,405232,181,-0.7170,-0.0969,0.5493,-7.7863,35.0687,21.9542
302326.0638,405242,181,-0.7300,-0.0842,0.5562,-7.6183,34.4122,22.9313
302326.1846,405252,182,-0.7373,-0.0676,0.5581,-8.6412,33.7252,24.1069
302326.1846,405262,182,-0.7385,-0.0598,0.5562,-10.7023,33.4351,24.7328
302326.1846,405272,182,-0.7280,-0.0444,0.5674,-10.9924,33.0992,24.4580
302326.1846,405282,182,-0.7319,-0.0266,0.5759,-11.7099,34.5649,24.0000
302326.1846,405292,182,-0.7358,-0.0227,0.5566,-14.1679,35.9695,23.3893
302326.1846,405302,182,-0.7478,-0.0251,0.5415,-16.3053,36.1374,22.2137
302326.1846,405312,182,-0.7468,-0.0273,0.5305,-18.1832,34.9466,21.6183
302326.1846,405322,182,-0.7434,-0.0298,0.5269,-19.3130,34.3053,21.1450
302326.1846,405332,182,-0.7510,-0.0356,0.5071,-20.4427,34.5802,20.7328
302326.1846,405342,182,-0.7690,-0.0371,0.4771,-22.0458,34.5038,20.9924
302326.3041,405352,183,-0.7666,-0.0405,0.4690,-23.1908,32.5191,21.5420
302326.3041,405362,183,-0.7561,-0.0430,0.4758,-23.0076,29.9847,21.8168
302326.3041,405372,183,-0.7571,-0.0417,0.4761,-22.7023,28.9771,22.4122
302326.3041,405382,183,-0.7695,-0.0354,0.4688,-23.2977,28.2748,23.5725
302326.3041,405392,183,-0.7639,-0.0237,0.4819,-24.0000,26.6718,24.3817
302326.3041,405402,183,-0.7463,-0.0137,0.5010,-24.3511,26.0916,24.4427
302326.3041,405412,183,-0.7556,-0.0107,0.4951,-25.3130,27.6031,24.4885
302326.3041,405422,183,-0.7629,-0.0144,0.4785,-27.0687,28.7176,25.2672
302326.3041,405432,183,-0.7708,-0.0015,0.4658,-27.0840,28.5649,25.7405
302326.3041,405442,183,-0.7815,0.0183,0.4609,-27.5878,27.8626,25.6031
302326.3643,405452,184,-0.7793,0.0210,0.4495,-29.6489,26.2290,25.4656
302326.3643,405462,184,-0.7864,0.0186,0.4417,-31.6336,24.4275,25.3893
302326.3643,405472,184,-0.7717,0.0146,0.4421,-32.7634,22.0763,25.4198
302326.3643,405482,184,-0.7725,0.0085,0.4346,-33.2061,20.8855,25.3435
302326.3643,405492,184,-0.7786,0.0024,0.4258,-33.8626,19.8168,25.8321
302326.3643,405502,184,-0.7722,0.0029,0.4199,-34.5802,17.3893,27.3740
302326.3643,405512,184,-0.7593,0.0027,0.4324,-33.7099,15.7557,29.2977
302326.3643,405522,184,-0.7527,0.0281,0.4438,-30.2901,16.3664,30.1679
302326.3643,405532,184,-0.7612,0.0520,0.4412,-29.0229,18.0305,30.5649
302326.3643,405542,184,-0.7683,0.0535,0.4243,-31.1298,18.8855,31.2672
302326.4854,405552,185,-0.7837,0.0491,0.4119,-32.2137,18.7939,31.8626
302326.4854,405562,185,-0.7830,0.0630,0.4124,-31.4198,16.9924,32.3664
302326.4854,405572,185,-0.7705,0.0762,0.4360,-31.2672,14.4580,32.7023
302326.4854,405582,185,-0.7593,0.0854,0.4475,-30.8855,13.9542,32.6870
302326.4854,405592,185,-0.7766,0.1060,0.4407,-30.6870,15.0840,32.5649
302326.4854,405602,185,-0.7891,0.1082,0.4143,-31.9389,14.9160,32.3817
302326.4854,405612,185,-0.7981,0.1011,0.3882,-33.0382,13.1908,32.3664
302326.4854,405622,185,-0.7944,0.0994,0.3862,-32.9008,10.6260,32.6107
302326.4854,405632,185,-0.7842,0.1111,0.3899,-31.9847,7.5725,32.8244
302326.4854,405642,185,-0.7708,0.1179,0.3987,-31.4504,4.8702,32.7328
302326.6083,405652,186,-0.7539,0.1318,0.4102,-31.3282,3.5725,32.7634
302326.6083,405662,186,-0.7297,0.1384,0.4255,-32.0611,3.8626,31.6794
302326.6083,405672,186,-0.7302,0.1306,0.4102,-34.0153,6.0000,29.9542
302326.6083,405682,186,-0.7361,0.0967,0.3782,-36.6718,6.6412,29.1603
302326.6083,405692,186,-0.7327,0.0742,0.3594,-37.1603,4.2137,29.2977
302326.6083,405702,186,-0.7085,0.0371,0.3521,-35.4198,-0.6718,33.1450
302326.6083,405712,186,-0.7188,0.0293,0.3425,-33.4046,-2.3359,36.1221
302326.6083,405722,186,-0.7305,0.0320,0.3386,-31.0840,-4.3359,40.2137
302326.6083,405732,186,-0.7354,0.0593,0.3569,-27.3435,-6.9313,45.0229
302326.6083,405742,186,-0.7510,0.1252,0.3921,-23.3893,-9.4504,49.0992
302326.6630,405752,187,-0.7615,0.1934,0.4224,-21.3282,-11.6641,50.9771
302326.6630,405762,187,-0.7678,0.2510,0.4524,-21.1603,-12.8397,50.0000
302326.6630,405772,187,-0.7656,0.2849,0.4775,-22.5496,-14.9466,47.3588
302326.6630,405782,187,-0.7622,0.3057,0.5024,-25.1908,-16.0458,43.4046
302326.6630,405792,187,-0.7461,0.3203,0.5256,-28.5496,-14.8397,39.0076
302326.6630,405802,187,-0.7378,0.3149,0.5222,-32.3206,-12.0458,34.3206
302326.6630,405812,187,-0.7507,0.2852,0.4985,-35.8015,-8.6565,29.2977
302326.6630,405822,187,-0.7622,0.2510,0.4641,-38.1832,-6.6870,25.7252
302326.6630,405832,187,-0.7744,0.2146,0.4321,-39.6489,-7.3435,24.2595
302326.6630,405842,187,-0.7766,0.1760,0.4209,-39.6336,-9.3282,24.7328
302326.7839,405852,188,-0.7612,0.1919,0.4343,-35.9389,-11.8015,26.1221
302326.7839,405862,188,-0.7454,0.2222,0.4536,-33.3130,-13.8168,26.7939
302326.7839,405872,188,-0.7344,0.2495,0.4785,-33.1756,-15.0687,26.5802
302326.7839,405882,188,-0.7163,0.2744,0.5093,-33.7405,-15.0840,25.1450
302326.7839,405892,188,-0.7158,0.2861,0.5164,-35.5420,-13.9695,22.2595
302326.7839,405902,188,-0.7256,0.2839,0.5105,-38.5954,-13.1145,19.7710
302326.7839,405912,188,-0.7310,0.2732,0.5042,-40.5344,-12.8244,17.4046
302326.7839,405922,188,-0.7290,0.2703,0.4968,-41.3588,-12.7176,14.8702
302326.7839,405932,188,-0.7395,0.2629,0.4890,-42.7328,-12.7176,13.1756
302326.7839,405942,188,-0.7437,0.2537,0.4756,-44.0611,-13.2672,12.1679
302326.9040,405952,189,-0.7295,0.2390,0.4641,-43.4046,-15.1756,10.7023
302326.9040,405962,189,-0.7170,0.2192,0.4487,-42.3206,-16.7786,8.8244
302326.9040,405972,189,-0.7207,0.1904,0.4377,-42.0000,-17.3435,8.2748
302326.9040,405982,189,-0.7153,0.1790,0.4316,-40.9618,-19.5115,9.2366
302326.9040,405992,189,-0.7061,0.1685,0.4392,-39.7557,-22.8702,10.0611
302326.9040,406002,189,-0.7085,0.1648,0.4468,-38.2595,-24.2595,11.2977
302326.9040,406012,189,-0.7136,0.1719,0.4534,-37.3130,-26.1221,13.1756
302326.9040,406022,189,-0.7100,0.1785,0.4753,-35.7710,-29.1756,14.3969
302326.9040,406032,189,-0.6978,0.2141,0.5142,-33.4198,-31.0382,15.0534
302326.9040,406042,189,-0.6941,0.2507,0.5300,-33.3893,-31.3740,14.7328
302326.9641,406052,190,-0.6978,0.2515,0.5259,-36.1221,-31.0840,11.8931
302326.9641,406062,190,-0.6978,0.2417,0.5217,-38.1985,-31.7405,8.4580
302326.9641,406072,190,-0.7024,0.2041,0.5247,-40.1221,-34.1527,5.4046
302326.9641,406082,190,-0.6860,0.1382,0.5247,-41.3893,-36.9618,3.4504
302326.9641,406092,190,-0.7119,0.1406,0.5195,-39.2977,-36.0611,4.4885
302326.9641,406102,190,-0.7188,0.1377,0.5261,-37.8015,-37.8931,5.4962
302326.9641,406112,190,-0.6748,0.1108,0.5696,-36.3359,-41.9084,6.3053
302326.9641,406122,190,-0.6560,0.1445,0.6040,-33.0229,-41.9084,9.3893
302326.9641,406132,190,-0.6482,0.1780,0.6277,-30.8855,-40.5038,10.5344
302326.9641,406142,190,-0.6672,0.2280,0.6238,-30.3511,-37.8931,8.9466
302327.0842,406152,191,-0.6780,0.2380,0.6221,-33.2519,-38.1832,5.9237
302327.0842,406162,191,-0.6643,0.2083,0.6208,-38.2290,-41.3435,2.1679
302327.0842,406172,191,-0.6504,0.1731,0.6162,-41.4046,-42.9924,-0.5802
302327.0842,406182,191,-0.6404,0.1475,0.6221,-42.1527,-44.1679,-2.6107
302327.0842,406192,191,-0.6245,0.1191,0.6274,-42.3359,-45.2214,-3.3282
302327.0842,406202,191,-0.6216,0.1208,0.6389,-41.0534,-45.7557,-2.0305
302327.0842,406212,191,-0.6128,0.1362,0.6609,-39.2672,-46.8855,-1.4198
302327.0842,406222,191,-0.6143,0.1467,0.6560,-38.5649,-46.4885,-1.4656
302327.0842,406232,191,-0.6299,0.1433,0.6404,-39.0076,-46.5496,-2.4122
302327.0842,406242,191,-0.6284,0.1113,0.6367,-40.1527,-48.3817,-2.9466
302327.2037,406252,192,-0.6152,0.0796,0.6409,-39.2061,-50.7023,-1.6947
302327.2037,406262,192,-0.6218,0.0784,0.6545,-35.8626,-51.6183,0.6107
302327.2037,406272,192,-0.6145,0.1101,0.6941,-30.9160,-53.0076,3.9542
302327.2037,406282,192,-0.5950,0.1704,0.7539,-25.0229,-54.5344,6.2290
302327.2037,406292,192,-0.5894,0.2576,0.8252,-21.6947,-53.6336,5.3740
302327.2037,406302,192,-0.5911,0.3101,0.8403,-24.1374,-50.6107,1.7405
302327.2037,406312,192,-0.6133,0.3103,0.8093,-29.9695,-47.3588,-4.7634
302327.2037,406322,192,-0.6418,0.2322,0.7542,-37.1603,-45.7252,-12.1832
302327.2037,406332,192,-0.6399,0.1252,0.7256,-41.1603,-48.2901,-16.3817
302327.2037,406342,192,-0.6404,0.0264,0.7244,-40.0000,-51.1145,-15.3435
302327.2651,406352,193,-0.6362,0.0154,0.7607,-32.0611,-53.1450,-9.5115
302327.2651,406362,193,-0.6162,0.0896,0.8306,-21.5115,-55.1450,-2.6107
302327.2651,406372,193,-0.5962,0.1790,0.9155,-13.8931,-54.3511,1.8168
302327.2651,406382,193,-0.6001,0.2908,0.9590,-9.6794,-49.6947,2.3359
302327.2651,406392,193,-0.6033,0.3569,0.9756,-12.7939,-46.4427,-1.3130
302327.2651,406402,193,-0.6040,0.3799,0.9551,-20.5496,-43.8779,-8.5802
302327.2651,406412,193,-0.6003,0.3340,0.9082,-29.5878,-41.1756,-19.9542
302327.2651,406422,193,-0.6157,0.2578,0.8447,-37.1450,-38.6565,-30.5344
302327.2651,406432,193,-0.6030,0.1057,0.7886,-42.6107,-41.0687,-39.5267
302327.2651,406442,193,-0.5833,-0.0603,0.7749,-43.4351,-44.7786,-42.8855
302327.3841,406452,194,-0.5618,-0.1589,0.7898,-36.9466,-48.1069,-38.3664
302327.3841,406462,194,-0.5337,-0.1592,0.8337,-25.4809,-50.1221,-28.0611
302327.3841,406472,194,-0.5278,-0.0649,0.8931,-13.6641,-49.5115,-17.9389
302327.3841,406482,194,-0.5300,0.0410,0.9404,-7.1450,-46.9771,-12.2290
302327.3841,406492,194,-0.5601,0.1086,0.9521,-8.3206,-42.9160,-10.4580
302327.3841,406502,194,-0.5789,0.1377,0.9524,-11.8931,-40.4580,-12.2290
302327.3841,406512,194,-0.5896,0.1257,0.9360,-15.6031,-40.5038,-15.9084
302327.3841,406522,194,-0.5881,0.1257,0.9348,-17.0229,-40.8702,-19.2672
302327.3841,406532,194,-0.5898,0.1257,0.9355,-18.1527,-41.6183,-23.0840
302327.3841,406542,194,-0.5703,0.0916,0.9397,-20.0000,-41.9237,-28.2443
302327.5041,406552,195,-0.5706,0.0210,0.9448,-21.0534,-41.6031,-32.6412
302327.5041,406562,195,-0.5427,-0.0422,0.9570,-20.1527,-42.3817,-33.8168
302327.5041,406572,195,-0.5349,-0.0742,0.9734,-16.3817,-41.4962,-31.8321
302327.5041,406582,195,-0.5210,-0.0698,0.9912,-11.6489,-40.7328,-28.7023
302327.5041,406592,195,-0.5183,-0.0444,1.0188,-8.0763,-39.0840,-25.6031
302327.5041,406602,195,-0.4993,-0.0090,1.0525,-6.2748,-37.6794,-23.0229
302327.5041,406612,195,-0.4922,0.0198,1.0693,-7.0382,-34.4580,-21.8015
302327.5041,406622,195,-0.5149,0.0349,1.0518,-9.2824,-29.8473,-22.4122
302327.5041,406632,195,-0.5374,0.0432,1.0322,-11.0687,-28.0763,-24.6565
302327.5041,406642,195,-0.5327,0.0381,1.0303,-13.3588,-28.9466,-26.8855
302327.5644,406652,196,-0.5024,0.0337,1.0525,-14.3511,-30.2901,-28.7634
302327.5644,406662,196,-0.4607,0.0161,1.0796,-13.5420,-29.5725,-31.1756
302327.5644,406672,196,-0.4497,0.0168,1.0791,-11.4351,-25.0687,-32.9313
302327.5644,406682,196,-0.4480,0.0203,1.0479,-10.8092,-21.4046,-33.5725
302327.5644,406692,196,-0.4421,0.0210,1.0125,-10.9313,-19.7863,-34.3359
302327.5644,406702,196,-0.4243,0.0391,1.0010,-10.5802,-19.1756,-35.4198
302327.5644,406712,196,-0.3872,0.0344,0.9934,-11.7099,-18.6260,-37.4046
302327.5644,406722,196,-0.4014,0.0129,0.9543,-13.2824,-15.3130,-39.9847
302327.5644,406732,196,-0.4331,-0.0085,0.9053,-14.0611,-13.7557,-41.6336
302327.5644,406742,196,-0.4351,-0.0283,0.8987,-14.3511,-16.1679,-42.3969
302327.6826,406752,197,-0.4263,-0.0481,0.9131,-13.4656,-19.0687,-43.0687
302327.6826,406762,197,-0.4126,-0.0613,0.9294,-11.4656,-20.4427,-43.2519
302327.6826,406772,197,-0.4065,-0.0620,0.9585,-8.4427,-20.4275,-42.7023
302327.6826,406782,197,-0.3928,-0.0544,0.9880,-5.8779,-20.5649,-42.4885
302327.6826,406792,197,-0.3767,-0.0427,0.9934,-4.8244,-19.9847,-42.7939
302327.6826,406802,197,-0.3779,-0.0364,0.9863,-5.1450,-17.4962,-43.5878
302327.6826,406812,197,-0.3940,-0.0439,0.9585,-6.7939,-15.2061,-44.6412
302327.6826,406822,197,-0.4143,-0.0583,0.9263,-7.3282,-14.2137,-46.2290
302327.6826,406832,197,-0.4480,-0.0581,0.9126,-6.8550,-14.5344,-47.4198
302327.6826,406842,197,-0.4629,-0.0574,0.9253,-6.1069,-17.8168,-48.4580
302327.8047,406852,198,-0.4609,-0.0647,0.9512,-5.3893,-20.4427,-50.4885
302327.8047,406862,198,-0.4519,-0.0764,0.9744,-3.6031,-21.1450,-54.0305
302327.8047,406872,198,-0.4329,-0.1157,1.0032,-2.7786,-21.4198,-57.8626
302327.8047,406882,198,-0.3958,-0.1704,1.0244,-3.3588,-21.6489,-59.1756
302327.8047,406892,198,-0.3748,-0.2224,1.0291,-2.3969,-19.7252,-58.3817
302327.8047,406902,198,-0.3738,-0.2483,1.0281,0.0458,-17.3588,-55.6489
302327.8047,406912,198,-0.3560,-0.2539,1.0342,2.5344,-15.8321,-50.4122
302327.8047,406922,198,-0.3630,-0.2280,1.0391,6.3359,-12.7481,-45.2061
302327.8047,406932,198,-0.3809,-0.1802,1.0366,9.6641,-9.4656,-41.3893
302327.8047,406942,198,-0.3896,-0.1394,1.0374,11.6489,-8.6107,-39.7557
302327.8631,406952,199,-0.3896,-0.1079,1.0525,12.4122,-8.5038,-39.5573
302327.8631,406962,199,-0.3838,-0.0786,1.0635,12.7328,-8.4122,-39.9084
302327.8631,406972,199,-0.4014,-0.0542,1.0601,12.6565,-7.7557,-41.7557
302327.8631,406982,199,-0.3896,-0.0408,1.0728,11.9389,-6.8855,-45.5573
302327.8631,406992,199,-0.3701,-0.0632,1.0625,10.1069,-5.0992,-50.1374
302327.8631,407002,199,-0.3721,-0.0920,1.0386,8.5038,-2.5496,-53.4046
302327.8631,407012,199,-0.3633,-0.1318,1.0247,8.0916,-1.5115,-55.3740
302327.8631,407022,199,-0.3630,-0.1521,1.0088,9.0076,-1.1450,-55.8168
302327.8631,407032,199,-0.3618,-0.1704,0.9983,10.6107,-0.5191,-55.1756
302327.8631,407042,199,-0.3713,-0.1726,1.0015,13.2519,0.2290,-54.7023
302327.9841,407052,200,-0.3569,-0.1726,1.0234,14.8702,-0.4122,-54.0611
302327.9841,407062,200,-0.3459,-0.1870,1.0376,15.5725,0.4275,-53.1450
302327.9841,407072,200,-0.3628,-0.1848,1.0291,17.4809,3.2672,-52.3817
302327.9841,407082,200,-0.3750,-0.1826,1.0266,19.1908,4.4275,-51.7405
302327.9841,407092,200,-0.3748,-0.1621,1.0281,20.9771,3.7710,-51.3282
302327.9841,407102,200,-0.3704,-0.1582,1.0308,21.3588,3.7252,-51.7405
302327.9841,407112,200,-0.3757,-0.1602,1.0266,21.0076,4.3206,-53.1450
302327.9841,407122,200,-0.3718,-0.1909,1.0188,20.0916,3.6183,-53.8931
302327.9841,407132,200,-0.3787,-0.2075,1.0156,21.1145,4.3206,-53.6336
302327.9841,407142,200,-0.3940,-0.2068,1.0254,23.8626,5.6031,-54.0153
302328.1031,407152,201,-0.3953,-0.2021,1.0403,24.7786,5.4656,-54.1679
302328.1031,407162,201,-0.3904,-0.2048,1.0720,24.2137,5.2214,-54.1221
302328.1031,407172,201,-0.3689,-0.2124,1.1023,23.7863,5.2519,-55.1908
302328.1031,407182,201,-0.3474,-0.2253,1.1187,22.4122,6.5496,-56.2748
302328.1031,407192,201,-0.3372,-0.2485,1.1108,20.4733,9.9542,-56.6718
302328.1031,407202,201,-0.3303,-0.2930,1.0959,18.9924,13.1450,-56.9466
302328.1031,407212,201,-0.3137,-0.3281,1.0742,19.3740,15.8168,-55.3740
302328.1031,407222,201,-0.3125,-0.3328,1.0520,21.7557,18.5191,-52.0153
302328.1031,407232,201,-0.3171,-0.3237,1.0305,23.5115,20.3206,-47.9084
302328.1031,407242,201,-0.3440,-0.2935,1.0051,25.6947,22.2290,-44.5954
302328.1635,407252,202,-0.3655,-0.2600,0.9932,27.0840,22.1374,-42.9618
302328.1635,407262,202,-0.3606,-0.2405,1.0000,26.7481,19.5420,-41.7099
302328.1635,407272,202,-0.3557,-0.2375,1.0117,25.9847,18.4122,-41.5267
302328.1635,407282,202,-0.3611,-0.2283,1.0168,25.8931,19.0840,-41.5420
302328.1635,407292,202,-0.3699,-0.2063,1.0239,25.7099,19.7863,-40.9771
302328.1635,407302,202,-0.3669,-0.1865,1.0354,24.9008,19.1756,-41.5420
302328.1635,407312,202,-0.3547,-0.1936,1.0352,22.7023,18.8092,-43.2214
302328.1635,407322,202,-0.3582,-0.2202,1.0127,20.8550,21.6794,-44.3053
302328.1635,407332,202,-0.3918,-0.2373,1.0002,21.3282,24.7481,-45.0076
302328.1635,407342,202,-0.4075,-0.2488,0.9883,22.5191,24.5496,-43.9389
302328.2840,407352,203,-0.4041,-0.2334,1.0129,24.8092,23.0840,-42.6260
302328.2840,407362,203,-0.4026,-0.2075,1.0535,25.9847,23.2977,-42.2748
302328.2840,407372,203,-0.4006,-0.2021,1.0698,25.1603,24.4122,-42.1832
302328.2840,407382,203,-0.4148,-0.2070,1.0662,23.6031,26.9008,-43.2061
302328.2840,407392,203,-0.4304,-0.2378,1.0505,21.6336,28.3206,-44.1679
302328.2840,407402,203,-0.4348,-0.2642,1.0515,20.9771,28.3511,-43.7405
302328.2840,407412,203,-0.4189,-0.2788,1.0667,21.6947,28.5191,-42.7481
302328.2840,407422,203,-0.4265,-0.2993,1.0706,22.4427,31.4504,-40.9160
302328.2840,407432,203,-0.4451,-0.2979,1.0627,23.9389,34.8092,-38.2595
302328.2840,407442,203,-0.4666,-0.3005,1.0491,25.2061,36.4275,-35.8321
302328.4628,407452,204,-0.4812,-0.3005,1.0405,26.2901,36.9618,-33.8779
302328.4628,407462,204,-0.4814,-0.2998,1.0415,27.3588,36.5344,-31.6489
302328.4628,407472,204,-0.4863,-0.3020,1.0356,28.5191,36.2290,-29.8473
302328.4628,407482,204,-0.4988,-0.2903,1.0471,29.4351,36.5649,-27.9695
302328.4628,407492,204,-0.4905,-0.2759,1.0667,29.2366,36.1832,-26.1069
302328.4628,407502,204,-0.4832,-0.2734,1.0789,28.3969,37.8473,-25.2061
302328.4628,407512,204,-0.4910,-0.2766,1.0820,27.1603,40.9313,-24.9160
302328.4628,407522,204,-0.5032,-0.2869,1.0737,25.4351,43.9084,-24.3206
302328.4628,407532,204,-0.5012,-0.3064,1.0569,24.1679,45.3893,-23.3740
302328.4628,407542,204,-0.4949,-0.3291,1.0488,23.9084,46.5954,-22.8702
302328.4650,407552,205,-0.4937,-0.3472,1.0334,23.6336,48.1985,-21.3282
302328.4650,407562,205,-0.5020,-0.3550,1.0186,24.1221,50.2901,-18.5038
302328.4650,407572,205,-0.5112,-0.3428,1.0112,24.4427,51.6183,-15.2977
302328.4650,407582,205,-0.5061,-0.3340,1.0127,24.2443,52.1069,-12.9466
302328.4650,407592,205,-0.5178,-0.3301,1.0032,23.8626,53.6947,-10.9924
302328.4650,407602,205,-0.5354,-0.3240,0.9885,23.5267,55.7099,-9.4962
302328.4650,407612,205,-0.5552,-0.3267,0.9790,22.8244,56.8855,-7.1603
302328.4650,407622,205,-0.5542,-0.3025,0.9873,23.7252,56.7023,-4.8092
302328.4650,407632,205,-0.5439,-0.2681,0.9995,24.4122,57.5878,-3.4962
302328.4650,407642,205,-0.5427,-0.2454,0.9880,22.7328,58.9924,-3.1908
302328.5849,407652,206,-0.5398,-0.2432,0.9653,19.7710,60.0000,-4.4275
302328.5849,407662,206,-0.5457,-0.2715,0.9380,15.7557,60.3053,-5.8626
302328.5849,407672,206,-0.5459,-0.2961,0.9111,13.1450,60.3817,-5.1908
302328.5849,407682,206,-0.5449,-0.3091,0.8928,12.4733,60.7481,-3.8626
302328.5849,407692,206,-0.5479,-0.3093,0.8899,12.5802,61.8168,-1.9695
302328.5849,407702,206,-0.5464,-0.2932,0.8806,12.4580,63.2061,0.6870
302328.5849,407712,206,-0.5527,-0.2776,0.8618,12.3359,64.8397,2.3664
302328.5849,407722,206,-0.5754,-0.2776,0.8411,11.1908,65.8473,3.1450
302328.5849,407732,206,-0.5735,-0.2891,0.8208,9.9695,65.3282,3.8015
302328.5849,407742,206,-0.5806,-0.2920,0.8018,10.0458,64.9771,5.0229
302328.7046,407752,207,-0.5840,-0.2893,0.7952,9.7863,64.0763,6.5344
302328.7046,407762,207,-0.5859,-0.2769,0.7798,8.8550,63.1450,7.4198
302328.7046,407772,207,-0.5906,-0.2827,0.7671,6.7481,61.6641,8.6107
302328.7046,407782,207,-0.5891,-0.2803,0.7666,4.7176,60.3817,9.7099
302328.7046,407792,207,-0.5854,-0.2825,0.7646,2.9924,60.1679,10.5496
302328.7046,407802,207,-0.5847,-0.2981,0.7429,1.8015,61.2824,11.3435
302328.7046,407812,207,-0.5972,-0.3030,0.7217,1.6183,62.5344,12.4122
302328.7046,407822,207,-0.6262,-0.3042,0.7043,1.1450,62.6718,15.5420
302328.7046,407832,207,-0.6353,-0.2739,0.7073,2.5954,61.1298,18.2595
302328.7046,407842,207,-0.6504,-0.2227,0.7185,3.8321,60.3511,19.3282
302328.7628,407852,208,-0.6501,-0.1865,0.7192,2.0611,59.6641,19.5115
302328.7628,407862,208,-0.6526,-0.1755,0.7095,-1.3435,59.1908,17.2366
302328.7628,407872,208,-0.6550,-0.1899,0.7029,-5.4504,58.3969,14.8702
302328.7628,407882,208,-0.6550,-0.2097,0.6843,-9.2214,57.0687,13.9084
302328.7628,407892,208,-0.6519,-0.2139,0.6897,-11.3893,55.9542,13.8931
302328.7628,407902,208,-0.6274,-0.2014,0.7048,-12.6870,56.0763,15.2214
302328.7628,407912,208,-0.6316,-0.1814,0.6946,-13.4198,58.7328,16.0305
302328.7628,407922,208,-0.6470,-0.1604,0.6699,-14.7328,61.8015,15.0687
302328.7628,407932,208,-0.6572,-0.1658,0.6157,-17.7099,62.9618,13.7557
302328.7628,407942,208,-0.6765,-0.1851,0.5671,-21.2061,62.8397,11.8321
302328.8837,407952,209,-0.6746,-0.2136,0.5261,-24.5649,60.1832,10.6260
302328.8837,407962,209,-0.6770,-0.2339,0.4866,-26.7328,56.7176,9.5725
302328.8837,407972,209,-0.6736,-0.2749,0.4705,-28.9008,52.0000,8.8092
302328.8837,407982,209,-0.6592,-0.3132,0.4575,-30.0153,46.3664,9.8321
302328.8837,407992,209,-0.6438,-0.3462,0.4578,-30.2290,42.4733,12.7939
302328.8837,408002,209,-0.6370,-0.3733,0.4666,-30.3053,40.7328,17.0840
302328.8837,408012,209,-0.6106,-0.3811,0.4851,-28.9008,38.7939,23.2672
302328.8837,408022,209,-0.5889,-0.3538,0.5161,-25.1145,39.0229,30.0305
302328.8837,408032,209,-0.6050,-0.3091,0.5122,-23.3435,41.3893,35.4046
302328.8837,408042,209,-0.6411,-0.2766,0.4744,-24.7023,43.4809,39.1908
302329.0037,408052,210,-0.6802,-0.2429,0.4478,-25.5878,42.8244,41.6641
302329.0037,408062,210,-0.6882,-0.2124,0.4375,-26.2137,38.4885,42.2748
302329.0037,408072,210,-0.6755,-0.2090,0.4465,-27.9847,34.2290,41.8473
302329.0037,408082,210,-0.6785,-0.2051,0.4463,-29.3893,32.5344,42.4580
302329.0037,408092,210,-0.6838,-0.1912,0.4312,-30.2595,30.3206,43.5267
302329.0037,408102,210,-0.6831,-0.1853,0.4307,-30.6870,26.6565,44.1985
302329.0037,408112,210,-0.6782,-0.1711,0.4363,-30.8092,23.2824,45.4809
302329.0037,408122,210,-0.6755,-0.1458,0.4558,-30.3511,22.4580,47.6947
302329.0037,408132,210,-0.6948,-0.1006,0.4504,-29.0840,23.9847,49.1145
302329.0037,408142,210,-0.7087,-0.0591,0.4490,-29.1145,23.8168,49.1603
302329.0641,408152,211,-0.7085,-0.0200,0.4470,-30.6718,21.4962,48.1985
302329.0641,408162,211,-0.7192,0.0078,0.4487,-32.7023,20.1679,46.3511
302329.0641,408172,211,-0.7207,0.0222,0.4424,-35.0076,19.3740,44.0000
302329.0641,408182,211,-0.7356,0.0408,0.4424,-36.5344,19.6947,41.1908
302329.0641,408192,211,-0.7356,0.0283,0.4307,-38.8092,19.4046,38.2443
302329.0641,408202,211,-0.7300,0.0095,0.4207,-40.1527,18.8244,35.4504
302329.0641,408212,211,-0.7427,0.0022,0.4077,-40.5191,19.0229,33.7099
302329.0641,408222,211,-0.7534,-0.0146,0.3950,-41.5267,17.6794,33.8626
302329.0641,408232,211,-0.7505,-0.0100,0.3911,-40.6565,15.4809,34.3359
302329.0641,408242,211,-0.7451,0.0066,0.3994,-38.8550,13.8168,34.0916
302329.1839,408252,212,-0.7478,0.0215,0.4023,-38.9466,12.0611,33.8015
302329.1839,408262,212,-0.7400,0.0261,0.3928,-40.9771,10.1069,32.7786
302329.1839,408272,212,-0.7444,0.0208,0.3936,-42.6565,8.5496,31.5420
302329.1839,408282,212,-0.7393,0.0112,0.3984,-43.2824,6.7786,30.9466
302329.1839,408292,212,-0.7444,0.0129,0.4062,-42.5344,6.2595,30.7481
302329.1839,408302,212,-0.7444,0.0244,0.4119,-41.4656,5.4656,30.1985
302329.1839,408312,212,-0.7334,0.0244,0.4062,-42.2137,3.6794,28.7634
302329.1839,408322,212,-0.7146,0.0156,0.3987,-44.0000,2.1069,27.6947
302329.1839,408332,212,-0.7034,-0.0110,0.3755,-45.8931,0.6412,26.2595
302329.1839,408342,212,-0.7024,-0.0608,0.3425,-46.9466,-0.7176,24.5344
302329.3635,408352,213,-0.6865,-0.1018,0.3372,-46.6107,-3.7099,25.4351
302329.3635,408362,213,-0.6780,-0.1023,0.3582,-44.4885,-7.6183,31.0687
302329.3635,408372,213,-0.6812,-0.0454,0.3904,-40.1832,-10.2137,37.2977
302329.3635,408382,213,-0.6765,0.0420,0.4202,-35.9084,-10.7786,39.2061
302329.3635,408392,213,-0.6721,0.0896,0.4297,-36.2748,-9.8626,36.9313
302329.3635,408402,213,-0.6960,0.0798,0.3755,-41.6794,-6.6107,33.6336
302329.3635,408412,213,-0.7249,0.0376,0.3171,-47.5573,-6.2748,30.7176
302329.3635,408422,213,-0.7273,-0.0369,0.2820,-50.8702,-12.3664,29.1145
302329.3635,408432,213,-0.7097,-0.0823,0.2874,-49.0382,-19.2672,30.2595
302329.3635,408442,213,-0.6807,-0.0745,0.3376,-43.8931,-25.2366,33.0076
302329.3654,408452,214,-0.6677,-0.0491,0.3923,-40.3969,-29.4656,36.8550
302329.3654,408462,214,-0.6641,0.0029,0.4412,-37.3588,-29.9695,40.5344
302329.3654,408472,214,-0.6711,0.0754,0.4834,-34.8855,-29.1756,41.2977
302329.3654,408482,214,-0.6748,0.1182,0.5039,-36.1527,-28.9618,40.0458
302329.3654,408492,214,-0.6821,0.1472,0.5061,-39.1756,-27.8626,37.4809
302329.3654,408502,214,-0.6758,0.1731,0.4954,-42.6870,-26.9313,32.8550
302329.3654,408512,214,-0.6963,0.1204,0.4419,-49.2824,-26.2748,27.1756
302329.3654,408522,214,-0.7241,0.0295,0.3845,-54.3817,-26.9771,23.5725
302329.3654,408532,214,-0.7317,-0.0222,0.3755,-53.7863,-32.9160,24.5344
302329.3654,408542,214,-0.7134,-0.0374,0.4224,-48.9771,-40.8092,29.0992
302329.4830,408552,215,-0.6787,0.0149,0.4971,-40.8092,-45.3282,34.6870
302329.4830,408562,215,-0.6572,0.1040,0.5571,-33.5725,-45.7252,37.4656
302329.4830,408572,215,-0.6365,0.1514,0.5898,-32.2290,-44.0153,37.3893
302329.4830,408582,215,-0.6423,0.1926,0.5999,-33.9847,-39.4198,36.4427
302329.4830,408592,215,-0.6694,0.2363,0.5867,-35.9542,-36.1679,34.2901
302329.4830,408602,215,-0.6838,0.2690,0.5762,-39.4046,-37.2672,30.1679
302329.4830,408612,215,-0.6919,0.2527,0.5593,-44.1069,-39.2061,23.4046
302329.4830,408622,215,-0.7207,0.1946,0.5190,-48.6107,-39.6794,16.7786
302329.4830,408632,215,-0.7273,0.1248,0.4946,-50.8855,-43.1145,14.1221
302329.4830,408642,215,-0.6956,0.0825,0.5205,-49.0076,-49.1450,14.0611
302329.6109,408652,216,-0.6523,0.0732,0.5789,-43.4809,-53.3893,15.8168
302329.6109,408662,216,-0.6208,0.1150,0.6384,-36.6718,-52.7176,18.6565
302329.6109,408672,216,-0.5994,0.1824,0.6904,-31.5573,-49.3740,20.2443
302329.6109,408682,216,-0.6111,0.2483,0.7058,-29.5573,-44.6718,19.2519
302329.6109,408692,216,-0.6277,0.3142,0.7014,-30.7023,-40.4275,14.5954
302329.6109,408702,216,-0.6475,0.3047,0.6641,-37.4809,-39.9084,7.2672
302329.6109,408712,216,-0.7063,0.2144,0.5908,-45.9847,-39.2061,0.3817
302329.6109,408722,216,-0.7302,0.1509,0.5496,-48.4733,-41.9237,-3.0229
302329.6109,408732,216,-0.7090,0.0967,0.5562,-46.1221,-49.4351,-5.0840
302329.6109,408742,216,-0.6594,0.0583,0.5913,-41.6031,-56.7634,-5.4351
302329.7229,408752,217,-0.6233,0.0547,0.6301,-37.0687,-61.0534,-4.1985
302329.7229,408762,217,-0.6101,0.0447,0.6697,-34.9008,-62.4275,-2.7481
302329.7229,408772,217,-0.6016,-0.0027,0.6873,-33.4809,-61.1450,-0.7634
302329.7229,408782,217,-0.6536,-0.0068,0.6909,-27.8168,-56.1832,3.4046
302329.7229,408792,217,-0.6860,0.0649,0.7063,-19.7099,-54.6870,6.9618
302329.7229,408802,217,-0.6819,0.1318,0.7397,-15.3282,-56.1832,7.6031
302329.7229,408812,217,-0.6592,0.1831,0.7798,-15.7710,-57.8779,5.3740
302329.7229,408822,217,-0.6479,0.1995,0.8149,-20.2137,-58.9618,1.6947
302329.7229,408832,217,-0.6252,0.1992,0.8403,-24.8855,-60.6107,-3.0992
302329.7229,408842,217,-0.6116,0.1958,0.8718,-27.9237,-60.6107,-8.8244
302329.7839,408852,218,-0.5974,0.1621,0.8862,-30.7176,-57.2672,-14.5649
302329.7839,408862,218,-0.5986,0.1169,0.8562,-31.4962,-50.8550,-19.6641
302329.7839,408872,218,-0.6099,0.0706,0.8215,-30.5344,-46.1069,-23.3893
302329.7839,408882,218,-0.5752,0.0237,0.8027,-29.0687,-47.8168,-25.9237
302329.7839,408892,218,-0.5481,-0.0244,0.7886,-27.1298,-49.1756,-26.1832
302329.7839,408902,218,-0.5217,-0.0347,0.7834,-24.4733,-48.3511,-25.1756
302329.7839,408912,218,-0.5205,-0.0649,0.7781,-22.9924,-45.4962,-22.8550
302329.7839,408922,218,-0.5317,-0.0632,0.7795,-19.0229,-43.4656,-20.7481
302329.7839,408932,218,-0.5605,-0.0427,0.7856,-15.7863,-45.9237,-18.3969
302329.7839,408942,218,-0.5598,-0.0205,0.8115,-15.0229,-52.9618,-16.0458
302329.9040,408952,219,-0.5696,-0.0186,0.8308,-14.4885,-58.0153,-15.1298
302329.9040,408962,219,-0.5737,0.0156,0.8687,-13.8015,-59.8931,-13.5267
302329.9040,408972,219,-0.5720,0.0559,0.8982,-14.5802,-58.8550,-11.6947
302329.9040,408982,219,-0.5796,0.0901,0.9060,-14.2137,-56.0458,-12.4580
302329.9040,408992,219,-0.5784,0.1260,0.9414,-12.7939,-55.7405,-15.5573
302329.9040,409002,219,-0.5615,0.1399,0.9792,-11.1298,-56.1221,-19.1908
302329.9040,409012,219,-0.5671,0.1663,0.9998,-9.8015,-55.0992,-24.4733
302329.9040,409022,219,-0.5435,0.1497,1.0076,-11.8473,-53.8473,-30.8702
302329.9040,409032,219,-0.5408,0.1084,1.0007,-13.4656,-50.2901,-37.5115
302329.9040,409042,219,-0.5378,0.0376,0.9683,-15.4656,-47.6183,-42.4427
302329.9643,409052,220,-0.5322,-0.0574,0.9426,-16.8092,-45.0992,-44.1527
302329.9643,409062,220,-0.5054,-0.0935,0.9819,-14.3359,-42.7786,-41.2366
302329.9643,409072,220,-0.4365,-0.1128,1.0442,-8.3053,-38.3511,-34.6718
302329.9643,409082,220,-0.4690,-0.0618,1.0608,2.0916,-27.3130,-29.4809
302329.9643,409092,220,-0.5149,0.0017,1.0388,7.5573,-21.4656,-25.5878
302329.9643,409102,220,-0.5591,0.0486,1.0098,7.5267,-21.4962,-22.5649
302329.9643,409112,220,-0.5857,0.1152,1.0017,8.4733,-26.3969,-24.3206
302329.9643,409122,220,-0.5542,0.1489,1.0369,6.7328,-34.1069,-29.6031
302329.9643,409132,220,-0.5154,0.1426,1.0696,2.9771,-35.5420,-35.3588
302329.9643,409142,220,-0.5247,0.1182,1.0710,1.4351,-32.3511,-42.7328
302330.1427,409152,221,-0.5171,0.0896,1.0476,-0.2748,-33.0687,-49.9389
302330.1427,409162,221,-0.4917,0.0378,1.0405,-2.9313,-34.6412,-54.1069
302330.1427,409172,221,-0.4465,-0.0144,1.0715,-4.2137,-36.0153,-56.5649
302330.1427,409182,221,-0.3909,-0.0688,1.0906,-3.8931,-34.1069,-56.9008
302330.1427,409192,221,-0.3843,-0.0916,1.0796,-0.1221,-27.2366,-55.8321
302330.1427,409202,221,-0.4138,-0.0708,1.0454,3.6489,-21.3435,-54.4733
302330.1427,409212,221,-0.4236,-0.0649,1.0286,4.9313,-18.9924,-53.9542
302330.1427,409222,221,-0.4202,-0.0757,1.0229,6.0305,-17.0840,-54.5649
302330.1427,409232,221,-0.4526,-0.0867,1.0017,7.3740,-15.3282,-55.1450
302330.1427,409242,221,-0.4675,-0.0999,0.9988,7.8473,-16.2748,-54.6260
302330.2039,409252,222,-0.4475,-0.1013,1.0222,9.0382,-20.6870,-53.8931
302330.2039,409262,222,-0.3962,-0.1204,1.0667,10.6107,-24.0611,-53.6336
302330.2039,409272,222,-0.3611,-0.1528,1.0808,12.5649,-22.3664,-53.4046
302330.2039,409282,222,-0.3728,-0.1768,1.0676,15.2366,-17.9389,-51.4046
302330.2039,409292,222,-0.3748,-0.1746,1.0608,19.0840,-15.9237,-47.0687
302330.2039,409302,222,-0.3828,-0.1311,1.0554,25.4504,-12.9313,-42.3664
302330.2039,409312,222,-0.4268,-0.0417,1.0488,31.2824,-8.9160,-40.8092
302330.2039,409322,222,-0.4722,0.0059,1.0122,30.9008,-7.7710,-42.4427
302330.2039,409332,222,-0.5024,0.0249,1.0010,27.8168,-10.2443,-46.1221
302330.2039,409342,222,-0.5144,0.0315,1.0066,24.9618,-15.1145,-51.4504
302330.2631,409352,223,-0.5020,0.0227,1.0315,22.1985,-20.5649,-57.9084
302330.2631,409362,223,-0.4546,-0.0115,1.0767,19.6794,-23.5115,-63.8779
302330.2631,409372,223,-0.4094,-0.0498,1.1233,19.5420,-21.0992,-69.0534
302330.2631,409382,223,-0.3540,-0.1045,1.1606,19.8321,-17.0534,-72.2443
302330.2631,409392,223,-0.3198,-0.1558,1.1714,20.2290,-9.8779,-72.5344
302330.2631,409402,223,-0.3369,-0.1636,1.1470,22.2137,0.0763,-70.6565
302330.2631,409412,223,-0.3545,-0.1716,1.1035,23.4198,5.0992,-68.3359
302330.2631,409422,223,-0.3704,-0.1826,1.0552,24.9160,5.4809,-67.3893
302330.2631,409432,223,-0.3875,-0.1890,1.0100,25.6336,4.8702,-66.1679
302330.2631,409442,223,-0.4043,-0.1970,0.9805,26.8092,2.9008,-64.3511
302330.3829,409452,224,-0.4141,-0.2048,0.9749,30.2901,-0.6260,-63.2519
302330.3829,409462,224,-0.3967,-0.2031,1.0083,35.5267,-4.3053,-61.2824
302330.3829,409472,224,-0.4014,-0.1511,1.0513,41.6489,-5.4962,-58.5649
302330.3829,409482,224,-0.4009,-0.1147,1.0886,43.8321,-6.0305,-56.8702
302330.3829,409492,224,-0.3982,-0.0854,1.1121,44.0916,-4.9618,-57.6794
302330.3829,409502,224,-0.3828,-0.0720,1.1375,42.2901,-1.7710,-60.5191
302330.3829,409512,224,-0.3779,-0.1138,1.1360,38.3664,3.8168,-63.0076
302330.3829,409522,224,-0.4119,-0.1392,1.1230,38.2443,8.3359,-65.6336
302330.3829,409532,224,-0.4280,-0.1714,1.1074,38.0611,8.6260,-66.7786
302330.3829,409542,224,-0.4412,-0.1904,1.1177,37.6183,7.3740,-66.0153
302330.5114,409552,225,-0.4390,-0.2144,1.1323,38.7634,7.0382,-65.1145
302330.5114,409562,225,-0.4585,-0.2231,1.1526,41.3435,9.1145,-63.8626
302330.5114,409572,225,-0.4697,-0.2031,1.1936,43.3435,9.9847,-61.6794
302330.5114,409582,225,-0.4536,-0.2004,1.2322,44.2137,10.7786,-60.3969
302330.5114,409592,225,-0.4565,-0.1970,1.2539,44.7328,14.8855,-61.0076
302330.5114,409602,225,-0.4719,-0.2141,1.2566,42.6565,19.3282,-61.4504
302330.5114,409612,225,-0.4651,-0.2285,1.2656,40.0153,21.9847,-60.8397
302330.5114,409622,225,-0.4597,-0.2429,1.2693,39.0229,24.4885,-60.9618
302330.5114,409632,225,-0.4595,-0.2664,1.2563,37.8779,27.8779,-61.1145
302330.5114,409642,225,-0.4492,-0.2959,1.2375,35.5115,31.6794,-60.5802
302330.5644,409652,226,-0.4590,-0.3345,1.2156,33.3588,35.7252,-59.0687
302330.5644,409662,226,-0.4731,-0.3523,1.2036,32.7786,38.0763,-56.1374
302330.5644,409672,226,-0.4612,-0.3462,1.2188,33.3588,39.2519,-52.2443
302330.5644,409682,226,-0.4595,-0.3342,1.2278,33.4809,41.8473,-50.0611
302330.5644,409692,226,-0.4526,-0.3381,1.2200,32.0763,45.9542,-47.9237
302330.5644,409702,226,-0.4690,-0.3438,1.1936,31.1450,51.0992,-46.7328
302330.5644,409712,226,-0.4880,-0.3650,1.1506,29.6031,54.3969,-45.4656
302330.5644,409722,226,-0.4939,-0.3894,1.1287,28.0916,55.1298,-43.2214
302330.5644,409732,226,-0.4880,-0.4048,1.1208,27.2214,55.7557,-40.0153
302330.5644,409742,226,-0.4753,-0.4180,1.1208,27.0840,56.8855,-36.1527
302330.6855,409752,227,-0.4675,-0.4082,1.1226,27.8931,58.7328,-32.1527
302330.6855,409762,227,-0.4622,-0.3853,1.1130,27.4198,61.0687,-29.0687
302330.6855,409772,227,-0.4541,-0.3640,1.1084,24.6718,63.2977,-26.1832
302330.6855,409782,227,-0.4480,-0.3579,1.0896,21.4351,65.8626,-24.3511
302330.6855,409792,227,-0.4609,-0.3708,1.0513,17.7405,68.9466,-23.4504
302330.6855,409802,227,-0.4741,-0.3838,1.0127,14.9008,71.4504,-21.8015
302330.6855,409812,227,-0.4707,-0.4089,0.9880,12.3969,72.6107,-19.9542
302330.6855,409822,227,-0.4683,-0.4238,0.9685,11.4962,73.5878,-15.7557
302330.6855,409832,227,-0.4746,-0.3984,0.9553,13.5267,74.4580,-11.1603
302330.6855,409842,227,-0.4902,-0.3530,0.9365,14.9924,75.9389,-7.4046
302330.8037,409852,228,-0.4988,-0.3066,0.9275,14.1221,76.8092,-4.2290
302330.8037,409862,228,-0.5005,-0.2817,0.9119,13.0992,77.0382,-3.4351
302330.8037,409872,228,-0.4968,-0.2642,0.8911,11.4198,77.1450,-4.0763
302330.8037,409882,228,-0.4988,-0.2737,0.8533,8.2901,76.8550,-4.6412
302330.8037,409892,228,-0.5015,-0.2905,0.8252,5.1298,77.2366,-4.9160
302330.8037,409902,228,-0.5068,-0.3188,0.7893,2.3817,77.1450,-4.4885
302330.8037,409912,228,-0.5073,-0.3591,0.7529,0.1374,75.8321,-2.9313
302330.8037,409922,228,-0.5139,-0.3735,0.7397,0.1527,73.8015,0.2290
302330.8037,409932,228,-0.5046,-0.3630,0.7490,1.4504,70.6260,5.0840
302330.8037,409942,228,-0.5083,-0.3193,0.7507,2.4733,69.9237,9.8626
302330.8649,409952,229,-0.5261,-0.2849,0.7405,2.8397,70.3969,13.0534
302330.8649,409962,229,-0.5540,-0.2461,0.7219,3.9237,71.2519,14.1374
302330.8649,409972,229,-0.5845,-0.2244,0.6982,2.6260,71.2366,14.0153
302330.8649,409982,229,-0.6023,-0.2375,0.6628,-0.5038,69.3740,13.3588
302330.8649,409992,229,-0.6199,-0.2686,0.6482,-2.6870,66.7939,12.9313
302330.8649,410002,229,-0.6191,-0.2766,0.6458,-2.5344,63.2061,13.4046
302330.8649,410012,229,-0.6201,-0.2781,0.6633,-1.8931,60.1374,14.8244
302330.8649,410022,229,-0.5999,-0.2598,0.6865,-0.8550,56.9924,16.9924
302330.8649,410032,229,-0.5903,-0.2395,0.7036,-0.9160,56.3206,17.9389
302330.8649,410042,229,-0.5928,-0.2397,0.6943,-3.4198,57.3282,18.9618
302330.9827,410052,230,-0.5959,-0.2407,0.6707,-6.0458,59.5878,20.0916
302330.9827,410062,230,-0.6199,-0.2480,0.6321,-7.5573,61.2061,21.0992
302330.9827,410072,230,-0.6321,-0.2373,0.6040,-7.7863,60.1679,22.4733
302330.9827,410082,230,-0.6367,-0.2190,0.5845,-8.2290,57.6794,23.6031
302330.9827,410092,230,-0.6465,-0.1973,0.5691,-9.1603,54.9618,24.0305
302330.9827,410102,230,-0.6580,-0.1865,0.5603,-11.2672,52.3359,24.0611
302330.9827,410112,230,-0.6638,-0.1660,0.5498,-12.7023,49.6489,24.1069
302330.9827,410122,230,-0.6804,-0.1501,0.5369,-13.6489,47.1298,23.2366
302330.9827,410132,230,-0.7068,-0.1367,0.5146,-14.7328,44.3359,21.6183
302330.9827,410142,230,-0.7312,-0.1130,0.4985,-15.7710,40.0763,20.0153
302331.1039,410152,231,-0.7285,-0.0952,0.5142,-18.0458,34.0000,18.1985
302331.1039,410162,231,-0.7136,-0.0806,0.5400,-20.9618,30.5496,15.8779
302331.1039,410172,231,-0.7141,-0.0796,0.5583,-23.9237,29.1603,12.6565
302331.1039,410182,231,-0.6794,-0.0991,0.6013,-27.4351,26.3511,9.5725
302331.1039,410192,231,-0.6145,-0.1335,0.6587,-31.2672,26.8550,8.5496
302331.1039,410202,231,-0.5913,-0.1807,0.6812,-33.4809,34.3053,8.7176
302331.1039,410212,231,-0.6470,-0.2068,0.6204,-34.9466,45.6183,9.9695
302331.1039,410222,231,-0.7029,-0.2500,0.5439,-36.7786,50.4580,11.6183
302331.1039,410232,231,-0.7256,-0.2856,0.4810,-36.5649,48.1374,13.6183
302331.1039,410242,231,-0.7146,-0.3115,0.4624,-35.0382,43.1908,16.8397
302331.1646,410252,232,-0.7126,-0.3149,0.4529,-33.5115,38.3664,20.9466
302331.1646,410262,232,-0.7063,-0.3303,0.4443,-33.9542,33.1756,25.2214
302331.1646,410272,232,-0.6914,-0.3206,0.4600,-33.1145,29.0687,30.2901
302331.1646,410282,232,-0.6760,-0.3030,0.4827,-30.8855,27.0076,35.3740
302331.1646,410292,232,-0.6528,-0.2654,0.5105,-28.4885,26.8244,38.7023
302331.1646,410302,232,-0.6313,-0.2544,0.5364,-28.8855,29.4046,42.0916
302331.1646,410312,232,-0.6519,-0.2188,0.5239,-28.5496,34.3206,45.0534
302331.1646,410322,232,-0.6785,-0.1792,0.4971,-29.5115,37.4046,47.0992
302331.1646,410332,232,-0.6973,-0.1506,0.4619,-31.3588,36.6870,47.1145
302331.1646,410342,232,-0.6873,-0.1426,0.4504,-33.9084,33.3740,45.5115
302331.2839,410352,233,-0.6907,-0.1553,0.4292,-36.7939,30.4885,44.4580
302331.2839,410362,233,-0.6975,-0.1646,0.4048,-39.3435,28.1985,44.2137
302331.2839,410372,233,-0.6907,-0.1667,0.3896,-40.4885,25.8168,44.3969
302331.2839,410382,233,-0.6479,-0.1694,0.4143,-40.3053,22.7939,45.0992
302331.2839,410392,233,-0.6199,-0.1592,0.4341,-40.1985,22.1221,48.4275
302331.2839,410402,233,-0.6350,-0.1289,0.4187,-39.7405,24.5344,52.5802
302331.2839,410412,233,-0.6626,-0.0872,0.3923,-39.3435,25.7557,55.0840
302331.2839,410422,233,-0.6772,-0.0352,0.3767,-39.4656,23.4351,55.9847
302331.2839,410432,233,-0.6797,-0.0203,0.3511,-41.8473,20.3359,55.0076
302331.2839,410442,233,-0.6829,-0.0120,0.3362,-44.1374,18.1985,53.1298
302331.4037,410452,234,-0.6929,-0.0042,0.3210,-46.5191,14.3664,52.5649
302331.4037,410462,234,-0.6809,0.0122,0.3401,-47.7863,9.8321,53.1450
302331.4037,410472,234,-0.6821,0.0339,0.3496,-46.5038,7.3588,52.1069
302331.4037,410482,234,-0.7026,0.0500,0.3455,-45.5420,6.8244,51.2214
302331.4037,410492,234,-0.7273,0.0608,0.3235,-45.5115,5.7710,51.2672
302331.4037,410502,234,-0.7253,0.0903,0.3423,-44.3511,3.6031,51.1450
302331.4037,410512,234,-0.7012,0.1357,0.3669,-42.7634,1.0840,50.1069
302331.4037,410522,234,-0.6919,0.1648,0.3591,-43.4198,0.6718,47.8168
302331.4037,410532,234,-0.6951,0.1824,0.3455,-45.9084,1.3435,43.9389
302331.4037,410542,234,-0.7107,0.1790,0.3215,-49.1298,-0.5496,38.7939
302331.4642,410552,235,-0.7224,0.1467,0.3069,-53.2214,-4.7328,35.2519
302331.4642,410562,235,-0.7166,0.1189,0.3142,-55.1450,-10.1069,32.5802
302331.4642,410572,235,-0.7087,0.1025,0.3411,-54.0458,-14.7786,30.8244
302331.4642,410582,235,-0.6882,0.1150,0.3728,-51.6489,-18.1985,30.9466
302331.4642,410592,235,-0.6592,0.1414,0.3970,-50.1832,-19.9389,30.3511
302331.4642,410602,235,-0.6304,0.1521,0.4058,-50.2901,-19.6641,28.6107
302331.4642,410612,235,-0.6228,0.1604,0.3801,-51.0840,-17.6947,26.0305
302331.4642,410622,235,-0.6470,0.1453,0.3398,-53.7557,-17.4198,23.7405
302331.4642,410632,235,-0.6738,0.1382,0.3005,-55.5115,-20.2595,23.6183
302331.4642,410642,235,-0.6846,0.1553,0.3069,-54.5802,-25.1603,23.3435
302331.5830,410652,236,-0.6965,0.1577,0.3101,-52.9008,-29.3130,21.7252
302331.5830,410662,236,-0.7310,0.1282,0.3054,-51.3130,-31.4351,19.8321
302331.5830,410672,236,-0.7305,0.1035,0.3074,-49.1756,-35.6183,19.3282
302331.5830,410682,236,-0.7136,0.0706,0.3459,-46.7481,-41.0382,20.1069
302331.5830,410692,236,-0.6890,0.0801,0.4041,-41.8321,-44.8702,22.8702
302331.5830,410702,236,-0.6814,0.1282,0.4507,-36.4580,-46.9160,24.2901
302331.5830,410712,236,-0.6909,0.1418,0.4849,-35.6336,-48.7481,24.0305
302331.5830,410722,236,-0.6938,0.1494,0.5161,-35.6641,-50.1527,24.1832
302331.5830,410732,236,-0.6907,0.1853,0.5544,-34.0458,-51.8473,22.4427
302331.5830,410742,236,-0.6655,0.2026,0.5872,-35.0687,-53.5878,18.1221
302331.7039,410752,237,-0.6292,0.2041,0.6096,-38.5802,-53.3130,12.7786
302331.7039,410762,237,-0.6121,0.1460,0.5916,-44.1679,-50.4733,7.5267
302331.7039,410772,237,-0.6653,0.0486,0.5376,-49.0382,-46.3053,4.0611
302331.7039,410782,237,-0.6804,-0.0198,0.5120,-49.1756,-48.6107,6.2748
302331.7039,410792,237,-0.6592,-0.0259,0.5400,-43.2672,-53.8321,11.5573
302331.7039,410802,237,-0.6262,0.0417,0.6365,-34.3053,-56.4580,16.5496
302331.7039,410812,237,-0.5874,0.1531,0.7249,-27.6336,-55.8473,20.0458
302331.7039,410822,237,-0.5815,0.2507,0.7649,-26.2748,-51.4351,19.5115
302331.7039,410832,237,-0.6052,0.3071,0.7246,-31.7405,-46.0305,14.6107
302331.7039,410842,237,-0.6472,0.2996,0.6548,-40.9008,-42.6718,5.4351
302331.7648,410852,238,-0.6646,0.1653,0.5554,-50.6412,-43.2824,-6.1527
302331.7648,410862,238,-0.6902,-0.0569,0.4658,-56.4122,-46.1221,-12.1985
302331.7648,410872,238,-0.6843,-0.1816,0.4441,-50.0153,-53.1908,-8.2443
302331.7648,410882,238,-0.6406,-0.2070,0.5095,-36.5038,-63.1298,1.7405
302331.7648,410892,238,-0.5820,-0.0999,0.6260,-21.4962,-69.9084,14.8092
302331.7648,410902,238,-0.5415,0.0713,0.7556,-10.7176,-69.4962,24.1527
302331.7648,410912,238,-0.5562,0.2402,0.8145,-6.7176,-63.9389,24.5344
302331.7648,410922,238,-0.5925,0.3215,0.8062,-12.0916,-59.3893,17.4198
302331.7648,410932,238,-0.6399,0.3445,0.7676,-22.7481,-56.1679,5.1450
302331.7648,410942,238,-0.6499,0.2961,0.7136,-35.7405,-56.7481,-7.7099
302331.8854,410952,239,-0.6296,0.2002,0.6838,-47.0534,-60.7328,-19.2061
302331.8854,410962,239,-0.6179,0.0828,0.6807,-52.8702,-65.1145,-27.7557
302331.8854,410972,239,-0.6064,-0.0134,0.6997,-52.5954,-68.1985,-30.0611
302331.8854,410982,239,-0.5996,-0.0859,0.7266,-47.2824,-69.1756,-27.5725
302331.8854,410992,239,-0.6047,-0.1016,0.7568,-38.2901,-68.0611,-22.0458
302331.8854,411002,239,-0.5955,-0.0491,0.7969,-28.7634,-67.3588,-14.9313
302331.8854,411012,239,-0.5825,0.0288,0.8418,-22.5038,-66.5954,-9.6947
302331.8854,411022,239,-0.5723,0.0959,0.8706,-20.3817,-65.1450,-8.5191
302331.8854,411032,239,-0.5930,0.1296,0.8855,-21.0534,-61.7557,-9.7252
302331.8854,411042,239,-0.6125,0.1631,0.8857,-22.7634,-61.5115,-12.3664
302332.0030,411052,240,-0.6108,0.1553,0.8958,-25.8015,-63.1298,-16.8702
302332.0030,411062,240,-0.6089,0.1526,0.9119,-27.3588,-63.7099,-21.9237
302332.0030,411072,240,-0.5801,0.1460,0.9404,-27.1756,-65.2061,-26.5344
302332.0030,411082,240,-0.5549,0.1284,0.9553,-26.7176,-65.3130,-31.4504
302332.0030,411092,240,-0.5259,0.1006,0.9634,-27.0076,-64.3206,-34.8092
302332.0030,411102,240,-0.5146,0.0898,0.9485,-25.9847,-62.2290,-37.2977
302332.0030,411112,240,-0.5278,0.0344,0.9119,-25.7863,-59.3740,-40.7328
302332.0030,411122,240,-0.5339,-0.0500,0.8879,-25.2061,-58.7176,-41.7863
302332.0030,411132,240,-0.5415,-0.0715,0.9023,-20.0458,-60.1374,-39.6641
302332.0030,411142,240,-0.5095,-0.0479,0.9514,-14.2595,-63.8168,-35.8015
302332.1224,411152,241,-0.4539,0.0139,1.0310,-9.1603,-65.5267,-32.9618
302332.1224,411162,241,-0.4182,0.0850,1.0820,-8.2137,-62.9008,-32.0611
302332.1224,411172,241,-0.4209,0.1147,1.0718,-11.4809,-56.3969,-34.1374
302332.1224,411182,241,-0.4766,0.0933,0.9995,-14.7634,-49.8473,-40.7481
302332.1224,411192,241,-0.5164,0.0183,0.9277,-17.9389,-46.3664,-45.8931
302332.1224,411202,241,-0.5417,-0.0293,0.8784,-16.2443,-47.6794,-47.0687
302332.1224,411212,241,-0.4961,-0.0952,0.9092,-11.5573,-53.3130,-46.4580
302332.1224,411222,241,-0.4812,-0.1057,0.9590,-2.0763,-54.2290,-43.3435
302332.1224,411232,241,-0.4939,-0.0457,1.0037,8.0763,-53.8931,-38.9313
302332.1224,411242,241,-0.4897,0.0068,1.0591,12.4885,-55.9389,-36.4122
302332.1861,411252,242,-0.4712,0.0459,1.1155,14.1221,-57.2977,-37.9237
302332.1861,411262,242,-0.4363,0.0505,1.1558,12.6260,-56.7023,-42.3817
302332.1861,411272,242,-0.4143,0.0337,1.1833,10.6565,-53.8931,-46.7634
302332.1861,411282,242,-0.4023,0.0105,1.1921,9.3130,-49.4656,-49.7252
302332.1861,411292,242,-0.3987,-0.0100,1.1924,8.4733,-44.1527,-51.1450
302332.1861,411302,242,-0.4043,-0.0300,1.1887,8.2290,-39.1298,-51.8626
302332.1861,411312,242,-0.4280,-0.0391,1.1653,8.6412,-33.0687,-51.5267
302332.1861,411322,242,-0.4443,-0.0332,1.1577,10.9008,-30.5649,-52.6107
302332.1861,411332,242,-0.4250,-0.0359,1.1799,12.5344,-31.6336,-54.3359
302332.1861,411342,242,-0.3916,-0.0354,1.2058,13.6794,-31.8168,-56.6260
302332.3036,411352,243,-0.3696,-0.0542,1.2205,13.2672,-30.1069,-59.4504
302332.3036,411362,243,-0.3589,-0.0664,1.2222,12.8397,-26.2443,-61.8626
302332.3036,411372,243,-0.3308,-0.0767,1.2100,11.9847,-21.3282,-63.6794
302332.3036,411382,243,-0.3262,-0.0979,1.1775,10.9618,-16.5038,-65.5115
302332.3036,411392,243,-0.3279,-0.1252,1.1475,8.7786,-12.4275,-66.5649
302332.3036,411402,243,-0.3406,-0.1545,1.1055,7.3130,-9.4656,-66.3817
302332.3036,411412,243,-0.3623,-0.1899,1.0686,7.7252,-8.0000,-66.2137
302332.3036,411422,243,-0.3665,-0.2161,1.0591,10.1221,-8.8550,-65.5115
302332.3036,411432,243,-0.3525,-0.2405,1.0632,13.6031,-10.3053,-63.6641
302332.3036,411442,243,-0.3381,-0.2612,1.0784,17.7099,-10.8397,-60.9466
302332.3646,411452,244,-0.3323,-0.2529,1.0815,23.1145,-9.3588,-56.4733
302332.3646,411462,244,-0.3552,-0.2100,1.0725,28.6718,-6.2137,-52.6870
302332.3646,411472,244,-0.3677,-0.1704,1.0784,31.3588,-4.7786,-50.5191
302332.3646,411482,244,-0.3899,-0.1418,1.0757,32.1374,-5.2977,-49.5878
302332.3646,411492,244,-0.4141,-0.1333,1.0896,32.5038,-5.8931,-51.0382
302332.3646,411502,244,-0.4199,-0.1367,1.1140,32.1221,-7.7863,-53.8321
302332.3646,411512,244,-0.4048,-0.1487,1.1555,30.8855,-9.9389,-55.9084
302332.3646,411522,244,-0.3689,-0.1799,1.1956,29.7863,-9.8779,-57.8626
302332.3646,411532,244,-0.3540,-0.2122,1.2117,30.0153,-5.8779,-59.6183
302332.3646,411542,244,-0.3604,-0.2478,1.2019,30.2137,-0.6870,-60.0458
302332.4852,411552,245,-0.3340,-0.2815,1.1995,31.3435,5.8626,-56.7328
302332.4852,411562,245,-0.3245,-0.2830,1.1934,31.7099,8.7176,-54.4580
302332.4852,411572,245,-0.3398,-0.2556,1.1792,31.0382,11.9389,-51.7252
302332.4852,411582,245,-0.3560,-0.2217,1.1646,29.8473,14.2137,-49.9389
302332.4852,411592,245,-0.3765,-0.2197,1.1360,28.7176,16.2137,-50.6412
302332.4852,411602,245,-0.4077,-0.2358,1.1135,28.4580,18.0000,-50.9313
302332.4852,411612,245,-0.4202,-0.2163,1.1101,30.4427,18.2595,-50.6107
302332.4852,411622,245,-0.4084,-0.2246,1.1130,31.8168,19.4351,-52.2901
302332.4852,411632,245,-0.3875,-0.2454,1.1040,30.9313,21.1603,-53.5725
302332.4852,411642,245,-0.3745,-0.2695,1.1006,29.1908,22.3053,-52.7634
302332.6270,411652,246,-0.3601,-0.2812,1.1057,28.5191,22.5802,-51.1756
302332.6270,411662,246,-0.3430,-0.2725,1.1343,28.7939,22.6870,-48.9008
302332.6270,411672,246,-0.3320,-0.2488,1.1550,28.9618,23.8015,-46.9771
302332.6270,411682,246,-0.3210,-0.2439,1.1650,27.4656,26.3511,-45.7710
302332.6270,411692,246,-0.3308,-0.2529,1.1541,25.5878,29.8626,-46.3664
302332.6270,411702,246,-0.3528,-0.2615,1.1306,24.1221,33.5420,-46.7481
302332.6270,411712,246,-0.3816,-0.2561,1.1099,23.4198,35.6489,-45.9389
302332.6270,411722,246,-0.4016,-0.2546,1.1074,22.4275,35.9695,-45.4046
302332.6270,411732,246,-0.3999,-0.2583,1.1140,21.6489,35.4198,-44.7634
302332.6270,411742,246,-0.3948,-0.2666,1.1235,21.7710,36.3359,-44.3969
302332.6637,411752,247,-0.3982,-0.2593,1.1245,21.5267,38.9313,-42.5496
302332.6637,411762,247,-0.4031,-0.2629,1.1221,20.9160,41.2824,-40.6718
302332.6637,411772,247,-0.4133,-0.2622,1.1125,20.8092,43.1908,-39.8473
302332.6637,411782,247,-0.4138,-0.2551,1.1035,19.9542,45.4504,-38.1221
302332.6637,411792,247,-0.4165,-0.2476,1.1001,19.0229,47.6641,-36.9160
302332.6637,411802,247,-0.4160,-0.2334,1.1008,17.8321,48.8702,-36.7939
302332.6637,411812,247,-0.4158,-0.2358,1.0989,15.6031,50.3817,-36.5038
302332.6637,411822,247,-0.4324,-0.2422,1.0837,13.9389,53.1298,-36.7634
302332.6637,411832,247,-0.4397,-0.2581,1.0713,12.6412,55.1298,-36.9313
302332.6637,411842,247,-0.4365,-0.2947,1.0569,10.9924,55.9847,-36.2137
302332.7839,411852,248,-0.4368,-0.3264,1.0466,11.2214,56.6107,-34.4885
302332.7839,411862,248,-0.4326,-0.3291,1.0459,13.1450,57.5725,-31.4962
302332.7839,411872,248,-0.4458,-0.3145,1.0364,14.6260,59.4046,-28.6870
302332.7839,411882,248,-0.4414,-0.2988,1.0254,14.0611,60.4122,-26.3817
302332.7839,411892,248,-0.4399,-0.2930,1.0098,12.6260,61.0382,-24.6412
302332.7839,411902,248,-0.4492,-0.3013,0.9866,11.2061,61.9542,-24.1679
302332.7839,411912,248,-0.4558,-0.3000,0.9597,9.6947,62.9313,-22.8092
302332.7839,411922,248,-0.4521,-0.3032,0.9468,8.7176,63.4656,-21.3740
302332.7839,411932,248,-0.4644,-0.3076,0.9272,7.8015,63.7557,-19.9847
302332.7839,411942,248,-0.4626,-0.3162,0.9067,7.5573,63.3588,-19.0687
302332.9634,411952,249,-0.4819,-0.3298,0.8850,7.1450,62.9466,-17.7863
302332.9634,411962,249,-0.4917,-0.3291,0.8718,6.7328,61.4962,-15.5725
302332.9634,411972,249,-0.4746,-0.3311,0.8738,5.7557,59.8015,-13.7099
302332.9634,411982,249,-0.4519,-0.3411,0.8826,4.4733,61.0229,-11.5725
302332.9634,411992,249,-0.4727,-0.3257,0.8594,4.6412,64.2748,-9.1756
302332.9634,412002,249,-0.4919,-0.3152,0.8411,4.3511,65.0076,-7.8473
302332.9634,412012,249,-0.4963,-0.3188,0.8376,2.7023,64.0916,-6.8397
302332.9634,412022,249,-0.4927,-0.3154,0.8232,1.2366,63.5878,-4.9160
302332.9634,412032,249,-0.5049,-0.3188,0.8027,0.4733,63.2672,-3.8931
302332.9634,412042,249,-0.5059,-0.3335,0.7842,-0.6565,62.1527,-2.7634
302332.9658,412052,250,-0.5122,-0.3464,0.7544,-0.9771,61.5267,-1.2519
302332.9658,412062,250,-0.5171,-0.3618,0.7385,-1.0229,61.2824,1.3740
302332.9658,412072,250,-0.5334,-0.3589,0.7229,-0.3206,60.1985,5.4656
302332.9658,412082,250,-0.5396,-0.3335,0.7207,1.0076,58.3511,9.7252
302332.9658,412092,250,-0.5486,-0.3191,0.7329,1.8779,56.5191,12.2290
302332.9658,412102,250,-0.5574,-0.2742,0.7512,2.8702,56.3969,15.5267
302332.9658,412112,250,-0.5874,-0.2188,0.7688,3.2519,56.5344,17.0840
302332.9658,412122,250,-0.5859,-0.1716,0.7788,2.1985,56.4580,16.3969
302332.9658,412132,250,-0.6035,-0.1506,0.7664,-0.2290,57.7405,13.2061
302332.9658,412142,250,-0.6389,-0.1653,0.7314,-4.7786,59.7557,10.5038
302333.0835,412152,251,-0.6492,-0.1875,0.7122,-8.4427,58.5496,9.0534
302333.0835,412162,251,-0.6270,-0.2097,0.7148,-9.3893,56.6412,8.1527
302333.0835,412172,251,-0.6191,-0.2051,0.7166,-8.6718,56.6107,7.3588
302333.0835,412182,251,-0.6326,-0.2068,0.6829,-9.6031,57.8779,7.2061
302333.0835,412192,251,-0.6575,-0.2285,0.6543,-11.6947,57.5573,6.9466
302333.0835,412202,251,-0.6582,-0.2461,0.6538,-12.6412,55.6031,7.4198
302333.0835,412212,251,-0.6536,-0.2339,0.6548,-12.1374,54.0153,8.7023
302333.0835,412222,251,-0.6597,-0.2241,0.6384,-12.5802,53.0382,8.1527
302333.0835,412232,251,-0.6707,-0.2290,0.6194,-14.4733,51.8473,6.7023
302333.0835,412242,251,-0.6709,-0.2542,0.5942,-17.3130,49.7557,6.4427
302333.2039,412252,252,-0.6614,-0.2864,0.5818,-18.7939,47.3893,6.3053
302333.2039,412262,252,-0.6504,-0.3088,0.5842,-18.9008,45.4198,7.2214
302333.2039,412272,252,-0.6301,-0.3289,0.5781,-19.2061,45.4046,10.3817
302333.2039,412282,252,-0.6335,-0.3389,0.5625,-17.9542,47.0992,13.1603
302333.2039,412292,252,-0.6475,-0.3550,0.5447,-17.6031,47.2061,15.8626
302333.2039,412302,252,-0.6553,-0.3542,0.5400,-17.6947,45.3588,21.0076
302333.2039,412312,252,-0.6509,-0.3271,0.5393,-16.5191,42.8397,26.1832
302333.2039,412322,252,-0.6538,-0.2903,0.5544,-14.9160,41.1298,28.8244
302333.2039,412332,252,-0.6587,-0.2734,0.5337,-15.6641,40.9008,29.4046
302333.2039,412342,252,-0.6787,-0.3005,0.4956,-18.9924,40.7939,28.9466
302333.2642,412352,253,-0.7004,-0.3369,0.4524,-21.0229,39.7557,31.0534
302333.2642,412362,253,-0.7061,-0.3445,0.4316,-18.4885,37.0382,34.0458
302333.2642,412372,253,-0.7017,-0.3376,0.4390,-15.2061,33.4504,37.2366
302333.2642,412382,253,-0.6953,-0.3101,0.4485,-12.8397,30.1069,42.2443
302333.2642,412392,253,-0.7078,-0.2595,0.4634,-11.2214,28.3511,46.2290
302333.2642,412402,253,-0.7190,-0.1946,0.4875,-11.2672,26.3359,48.2595
302333.2642,412412,253,-0.7065,-0.1479,0.5178,-13.8168,23.0687,47.4351
302333.2642,412422,253,-0.6838,-0.1350,0.5430,-18.1221,20.6870,44.8855
302333.2642,412432,253,-0.6821,-0.1370,0.5378,-21.2366,20.9924,42.0916
302333.2642,412442,253,-0.7058,-0.1670,0.5054,-24.4427,23.8473,39.4351
302333.3853,412452,254,-0.7070,-0.2083,0.4653,-27.3893,24.2137,38.3817
302333.3853,412462,254,-0.6965,-0.2366,0.4451,-27.2977,22.4427,39.0840
302333.3853,412472,254,-0.6743,-0.2236,0.4619,-25.4046,19.5725,42.3206
302333.3853,412482,254,-0.6455,-0.1675,0.4927,-23.6336,17.3893,47.2519
302333.3853,412492,254,-0.6426,-0.1152,0.5073,-22.9924,18.2901,49.8473
302333.3853,412502,254,-0.6765,-0.0657,0.4976,-23.4351,20.1985,49.9847
302333.3853,412512,254,-0.7031,-0.0217,0.4763,-25.4351,20.6412,48.9160
302333.3853,412522,254,-0.7061,-0.0115,0.4666,-29.2214,19.4962,45.5878
302333.3853,412532,254,-0.6960,-0.0354,0.4578,-33.0382,17.6794,41.6641
302333.3853,412542,254,-0.6772,-0.0513,0.4600,-34.7328,16.8855,39.9542
302333.5032,412552,255,-0.6785,-0.0310,0.4500,-34.9008,16.1832,39.1603
302333.5032,412562,255,-0.6777,-0.0232,0.4377,-36.6107,15.7557,38.0763
302333.5032,412572,255,-0.6753,-0.0349,0.3875,-39.3435,16.2137,35.7557
302333.5032,412582,255,-0.6863,-0.0903,0.3381,-42.0916,16.2595,32.9160
302333.5032,412592,255,-0.7024,-0.1692,0.2869,-43.5267,12.5802,32.8092
302333.5032,412602,255,-0.7117,-0.2268,0.2615,-42.0458,7.3588,37.0382
302333.5032,412612,255,-0.6970,-0.2275,0.2886,-36.2443,0.8855,43.2977
302333.5032,412622,255,-0.6689,-0.1802,0.3474,-29.8931,-5.6947,50.7939
302333.5032,412632,255,-0.6541,-0.1069,0.4084,-25.0382,-8.9924,57.1908
302333.5032,412642,255,-0.6670,-0.0188,0.4534,-22.1832,-8.3053,61.7863
302333.5642,412652,0,-0.6775,0.0688,0.4744,-21.6947,-6.9313,63.4046
302333.5642,412662,0,-0.6929,0.1011,0.4590,-23.7252,-5.6489,60.4733
302333.5642,412672,0,-0.7273,0.0845,0.4126,-26.4275,-4.5802,55.7557
302333.5642,412682,0,-0.7507,0.0474,0.3789,-28.5496,-6.4885,53.8321
302333.5642,412692,0,-0.7695,0.0352,0.3748,-27.7405,-10.5954,55.1145
302333.5642,412702,0,-0.7681,0.0847,0.4138,-22.6260,-14.5191,57.8626
302333.5642,412712,0,-0.7561,0.1584,0.4661,-17.3435,-16.9313,57.3435
302333.5642,412722,0,-0.7510,0.1980,0.4807,-17.3435,-17.0534,53.9542
302333.5642,412732,0,-0.7512,0.2100,0.4792,-21.9542,-16.8855,49.8321
302333.5642,412742,0,-0.7390,0.1775,0.4995,-27.3130,-19.0840,46.1221
302333.6841,412752,1,-0.7190,0.1787,0.5386,-28.4122,-20.7328,45.0229
302333.6841,412762,1,-0.7117,0.2153,0.5754,-26.9466,-18.8550,43.4351
302333.6841,412772,1,-0.7268,0.2356,0.5759,-28.0611,-14.8550,39.8321
302333.6841,412782,1,-0.7546,0.2234,0.5308,-31.5115,-11.3435,36.1985
302333.6841,412792,1,-0.7668,0.1975,0.4985,-34.4885,-11.9847,32.6870
302333.6841,412802,1,-0.7512,0.1499,0.4795,-35.9542,-15.0992,29.1603
302333.6841,412812,1,-0.7397,0.1277,0.4761,-34.8550,-17.2214,27.8473
302333.6841,412822,1,-0.7297,0.1309,0.4885,-32.2595,-19.3435,28.5344
302333.6841,412832,1,-0.7310,0.1323,0.5103,-29.4351,-21.1450,29.0229
302333.6841,412842,1,-0.7234,0.1738,0.5388,-26.2748,-21.1908,30.7634
302333.8035,412852,2,-0.7229,0.2219,0.5552,-24.9618,-20.4427,30.9466
302333.8035,412862,2,-0.7146,0.2485,0.5535,-25.7863,-20.0000,27.9542
302333.8035,412872,2,-0.6897,0.2510,0.5474,-28.7328,-20.3969,23.5115
302333.8035,412882,2,-0.6770,0.2200,0.5215,-33.4046,-19.8015,18.5344
302333.8035,412892,2,-0.6816,0.1655,0.4751,-38.4427,-20.4122,14.0000
302333.8035,412902,2,-0.7070,0.0647,0.4126,-42.6412,-22.7481,11.1298
302333.8035,412912,2,-0.7043,-0.0127,0.4019,-41.2366,-27.6947,11.3893
302333.8035,412922,2,-0.6846,-0.0605,0.4270,-35.5267,-34.1527,17.2519
302333.8035,412932,2,-0.6636,-0.0330,0.4797,-25.8931,-37.8168,25.2519
302333.8035,412942,2,-0.6455,0.0432,0.5381,-17.1450,-39.8015,31.9389
302333.8635,412952,3,-0.6277,0.1499,0.5989,-12.3511,-38.6412,36.4275
302333.8635,412962,3,-0.6353,0.2371,0.6306,-12.5802,-36.0305,36.7634
302333.8635,412972,3,-0.6619,0.2981,0.6440,-16.4427,-33.8015,33.9847
302333.8635,412982,3,-0.6833,0.3059,0.6252,-22.3817,-33.2977,28.3359
302333.8635,412992,3,-0.7019,0.2766,0.5891,-27.4809,-33.0687,21.6336
302333.8635,413002,3,-0.7119,0.2463,0.5774,-30.2901,-35.3740,17.0229
302333.8635,413012,3,-0.6975,0.1953,0.5808,-31.3588,-39.9389,14.4885
302333.8635,413022,3,-0.6863,0.1658,0.5945,-28.3511,-42.5038,14.5954
302333.8635,413032,3,-0.6799,0.1946,0.6306,-22.5344,-43.2061,16.3359
302333.8635,413042,3,-0.6902,0.2297,0.6619,-18.3969,-41.5267,18.0763
302333.9849,413052,4,-0.7275,0.2878,0.6582,-14.5954,-38.1832,19.4351
302333.9849,413062,4,-0.7603,0.3562,0.6707,-11.7405,-37.4809,18.6412
302333.9849,413072,4,-0.7649,0.3953,0.6895,-12.1985,-39.5267,15.4198
302333.9849,413082,4,-0.7612,0.3994,0.7139,-13.8779,-40.5191,10.9313
302333.9849,413092,4,-0.7771,0.3875,0.7305,-14.7939,-39.5725,6.4885
302333.9849,413102,4,-0.7869,0.3831,0.7366,-14.1374,-39.3282,1.7863
302333.9849,413112,4,-0.7932,0.3645,0.7388,-13.6183,-40.3664,-3.2672
302333.9849,413122,4,-0.7744,0.3262,0.7539,-14.0916,-42.0000,-7.8321
302333.9849,413132,4,-0.7556,0.2935,0.7891,-13.6489,-43.2366,-10.5038
302333.9849,413142,4,-0.7322,0.2896,0.8279,-10.3511,-42.5649,-11.6641
302334.1037,413152,5,-0.7151,0.2935,0.8625,-7.2519,-40.0916,-13.7557
302334.1037,413162,5,-0.7231,0.2942,0.8525,-6.2901,-36.4580,-16.3206
302334.1037,413172,5,-0.7234,0.2893,0.8491,-7.7863,-34.2290,-19.2672
302334.1037,413182,5,-0.7107,0.2354,0.8411,-10.8550,-33.7863,-22.6718
302334.1037,413192,5,-0.7065,0.1753,0.8240,-11.6336,-32.9466,-24.9771
302334.1037,413202,5,-0.6902,0.1335,0.8152,-9.5267,-33.1298,-25.1145
302334.1037,413212,5,-0.6699,0.1206,0.8347,-5.8321,-32.9771,-23.8321
302334.1037,413222,5,-0.6406,0.1345,0.8479,-2.1069,-31.7863,-22.0305
302334.1037,413232,5,-0.6475,0.1611,0.8499,-0.2901,-29.0534,-21.4351
302334.1037,413242,5,-0.6516,0.1621,0.8403,-1.5267,-26.2443,-22.0763
302334.1654,413252,6,-0.6621,0.1499,0.8125,-3.3893,-23.9084,-23.2977
302334.1654,413262,6,-0.6663,0.1289,0.7937,-3.8779,-23.1450,-24.9771
302334.1654,413272,6,-0.6675,0.1003,0.7798,-4.0611,-23.5725,-26.5802
302334.1654,413282,6,-0.6719,0.0784,0.7710,-3.5878,-24.1527,-26.8092
302334.1654,413292,6,-0.6724,0.0669,0.7769,-2.3511,-25.2061,-26.2443
302334.1654,413302,6,-0.6619,0.0583,0.7988,-1.1145,-26.6107,-25.6794
302334.1654,413312,6,-0.6643,0.0505,0.8074,1.1450,-25.7405,-24.8244
302334.1654,413322,6,-0.6836,0.0681,0.8069,3.4962,-24.3053,-24.1374
302334.1654,413332,6,-0.6841,0.0688,0.8069,4.1069,-25.0076,-23.9237
302334.1654,413342,6,-0.6770,0.0645,0.8208,4.5191,-25.7099,-24.1069
302334.3432,413352,7,-0.6565,0.0557,0.8530,5.3588,-25.7405,-24.2595
302334.3432,413362,7,-0.6580,0.0623,0.8667,6.5802,-23.6031,-23.9389
302334.3432,413372,7,-0.6694,0.0815,0.8704,7.3893,-20.5649,-23.6947
302334.3432,413382,7,-0.6729,0.0930,0.8699,6.7328,-19.0382,-24.1527
302334.3432,413392,7,-0.6709,0.0911,0.8713,5.0687,-18.0763,-25.4046
302334.3432,413402,7,-0.6660,0.0837,0.8652,3.8626,-17.1908,-27.2366
302334.3432,413412,7,-0.6758,0.0615,0.8467,3.0992,-15.5573,-30.1374
302334.3432,413422,7,-0.6777,0.0278,0.8318,2.4885,-15.2061,-32.2748
302334.3432,413432,7,-0.6680,0.0012,0.8247,2.3511,-16.7481,-32.4122
302334.3432,413442,7,-0.6433,-0.0081,0.8428,3.0840,-17.4656,-31.5420
302334.4035,413452,8,-0.6353,-0.0024,0.8574,4.5344,-16.0153,-30.7328
302334.4035,413462,8,-0.6355,0.0088,0.8613,5.3282,-13.6947,-30.3969
302334.4035,413472,8,-0.6516,0.0015,0.8511,3.9847,-10.6107,-30.4427
302334.4035,413482,8,-0.6621,-0.0186,0.8279,2.2137,-9.9237,-30.8092
302334.4035,413492,8,-0.6467,-0.0525,0.8257,0.9160,-11.3435,-31.0076
302334.4035,413502,8,-0.6345,-0.0928,0.8328,1.0534,-12.0305,-30.5649
302334.4035,413512,8,-0.6335,-0.1152,0.8252,3.2214,-11.1603,-28.8244
302334.4035,413522,8,-0.6350,-0.1174,0.8313,6.2748,-10.4122,-26.5344
302334.4035,413532,8,-0.6477,-0.1045,0.8303,8.3664,-10.4122,-24.0000
302334.4035,413542,8,-0.6379,-0.0884,0.8413,9.2214,-11.4962,-21.6031
302334.4640,413552,9,-0.6255,-0.0747,0.8545,9.2519,-11.8321,-20.3053
302334.4640,413562,9,-0.6301,-0.0732,0.8503,8.4122,-10.7176,-19.5420
302334.4640,413572,9,-0.6284,-0.0691,0.8467,7.2672,-10.3664,-18.7634
302334.4640,413582,9,-0.6226,-0.0588,0.8496,6.6412,-10.3664,-18.5496
302334.4640,413592,9,-0.6138,-0.0669,0.8435,5.7252,-9.1756,-19.1145
302334.4640,413602,9,-0.6079,-0.0840,0.8350,4.6107,-7.4198,-18.9771
302334.4640,413612,9,-0.6177,-0.0923,0.8176,4.9924,-5.6947,-17.8779
302334.4640,413622,9,-0.6243,-0.0854,0.8120,6.2137,-5.6183,-16.7023
302334.4640,413632,9,-0.6228,-0.0620,0.8115,6.9618,-6.7939,-15.7863
302334.4640,413642,9,-0.6042,-0.0522,0.8228,5.9542,-7.9237,-15.6031
302334.6476,413652,10,-0.5979,-0.0583,0.8333,4.2290,-6.9771,-16.1374
302334.6476,413662,10,-0.6040,-0.0745,0.8186,3.1298,-4.9160,-16.7328
302334.6476,413672,10,-0.6150,-0.0942,0.7991,2.6565,-3.5878,-16.3053
302334.6476,413682,10,-0.6238,-0.0942,0.7900,3.8321,-4.0458,-15.4656
302334.6476,413692,10,-0.6125,-0.0896,0.7920,4.9466,-5.5573,-14.4275
302334.6476,413702,10,-0.6072,-0.0850,0.7996,4.6260,-6.3053,-13.4198
302334.6476,413712,10,-0.6052,-0.0835,0.7932,3.6947,-6.7023,-12.6565
302334.6476,413722,10,-0.6082,-0.0779,0.7893,2.8397,-7.7557,-12.0153
302334.6476,413732,10,-0.5857,-0.0793,0.8035,2.0000,-9.1756,-12.1069
302334.6476,413742,10,-0.5698,-0.0894,0.8169,1.3893,-8.2748,-12.3817
302334.7031,413752,11,-0.5879,-0.0918,0.8169,0.8550,-6.7634,-11.9389
302334.7031,413762,11,-0.5815,-0.0977,0.8167,-0.1832,-7.1450,-10.4733
302334.7031,413772,11,-0.5857,-0.0881,0.8157,0.0611,-6.3969,-9.4046
302334.7031,413782,11,-0.5916,-0.0798,0.8083,0.3359,-5.9237,-8.7634
302334.7031,413792,11,-0.5903,-0.0579,0.7998,0.0305,-6.2137,-8.3511
302334.7031,413802,11,-0.5894,-0.0476,0.7810,-0.8092,-6.7328,-8.6260
302334.7031,413812,11,-0.5957,-0.0425,0.7700,-1.3893,-7.4962,-9.4962
302334.7031,413822,11,-0.5999,-0.0427,0.7661,-2.1374,-8.7176,-10.1527
302334.7031,413832,11,-0.5825,-0.0491,0.7688,-2.5649,-9.8931,-10.8092
302334.7031,413842,11,-0.5828,-0.0601,0.7708,-3.1298,-9.6031,-11.4351
302334.7640,413852,12,-0.5852,-0.0833,0.7803,-4.3969,-9.7863,-11.3435
302334.7640,413862,12,-0.5764,-0.1213,0.7881,-4.9771,-9.9084,-10.3053
302334.7640,413872,12,-0.5908,-0.1404,0.8040,-2.8397,-9.5725,-8.6260
302334.7640,413882,12,-0.5862,-0.1458,0.8250,-0.2901,-10.7023,-6.0763
302334.7640,413892,12,-0.5835,-0.1338,0.8464,1.7099,-10.9924,-3.1145
302334.7640,413902,12,-0.5884,-0.1245,0.8538,2.9924,-10.6107,-0.3817
302334.7640,413912,12,-0.5940,-0.1033,0.8733,4.6412,-10.6107,1.4656
302334.7640,413922,12,-0.5967,-0.0698,0.8936,6.0916,-10.4275,2.3817
302334.7640,413932,12,-0.5945,-0.0356,0.9106,6.1221,-9.4351,1.4046
302334.7640,413942,12,-0.6006,-0.0271,0.9097,4.0458,-7.2366,-0.5344
302334.8838,413952,13,-0.6118,-0.0349,0.8955,1.0840,-5.7252,-2.5649
302334.8838,413962,13,-0.6047,-0.0515,0.9019,-1.4504,-4.3969,-4.1832
302334.8838,413972,13,-0.6006,-0.0593,0.8984,-2.4275,-2.6412,-4.6412
302334.8838,413982,13,-0.5989,-0.0586,0.8975,-2.6260,-1.7557,-4.9618
302334.8838,413992,13,-0.5930,-0.0530,0.8879,-3.4046,-1.0992,-5.6489
302334.8838,414002,13,-0.5757,-0.0632,0.8821,-5.1908,-0.5191,-6.0153
302334.8838,414012,13,-0.5664,-0.0759,0.8689,-6.3053,0.8702,-6.1832
302334.8838,414022,13,-0.5789,-0.0825,0.8447,-5.7099,2.8397,-6.3511
302334.8838,414032,13,-0.5818,-0.0952,0.8220,-5.2366,3.0534,-5.7405
302334.8838,414042,13,-0.5847,-0.0967,0.8013,-3.9695,2.6565,-4.7023
302335.0037,414052,14,-0.5908,-0.0881,0.7952,-2.8092,1.3588,-3.4656
302335.0037,414062,14,-0.5828,-0.0828,0.7979,-2.2290,-0.5496,-2.2443
302335.0037,414072,14,-0.5776,-0.0730,0.8101,-0.7786,-1.5267,-1.3130
302335.0037,414082,14,-0.5815,-0.0615,0.8184,0.0305,-1.9084,-0.3359
302335.0037,414092,14,-0.5793,-0.0498,0.8293,0.1374,-1.9084,1.2519
302335.0037,414102,14,-0.5798,-0.0295,0.8416,1.0687,-2.0763,1.6489
302335.0037,414112,14,-0.5779,-0.0220,0.8518,1.4962,-2.0916,0.7939
302335.0037,414122,14,-0.5715,-0.0283,0.8613,0.5344,-1.8321,0.0916
302335.0037,414132,14,-0.5696,-0.0288,0.8650,-0.0153,-1.3130,-0.1221
302335.0037,414142,14,-0.5784,-0.0256,0.8538,-0.0916,-0.3359,-1.1756
302335.0643,414152,15,-0.5764,-0.0322,0.8411,-1.4046,-0.4122,-2.3817
302335.0643,414162,15,-0.5776,-0.0454,0.8315,-3.0687,-1.0687,-3.1145
302335.0643,414172,15,-0.5679,-0.0667,0.8320,-3.9084,-2.2748,-3.3282
302335.0643,414182,15,-0.5508,-0.0728,0.8389,-3.4046,-2.4733,-3.4046
302335.0643,414192,15,-0.5537,-0.0862,0.8337,-3.3435,-1.2519,-2.6870
302335.0643,414202,15,-0.5713,-0.0884,0.8152,-3.1298,-0.2901,-1.2214
302335.0643,414212,15,-0.5750,-0.0771,0.8264,-2.1832,-1.4198,-0.1985
302335.0643,414222,15,-0.5583,-0.0754,0.8401,-1.8168,-2.5191,0.4275
302335.0643,414232,15,-0.5608,-0.0791,0.8364,-1.3130,-1.5267,0.8397
302335.0643,414242,15,-0.5701,-0.0796,0.8267,-0.3969,-0.5802,1.6183
302335.1833,414252,16,-0.5825,-0.0696,0.8193,0.8855,-1.0534,2.5649
302335.1833,414262,16,-0.5771,-0.0657,0.8318,2.3664,-2.1069,3.0840
302335.1833,414272,16,-0.5630,-0.0532,0.8542,3.2977,-3.1756,3.2061
302335.1833,414282,16,-0.5508,-0.0449,0.8635,2.4885,-1.8626,3.2824
302335.1833,414292,16,-0.5732,-0.0459,0.8538,0.9313,0.1832,3.0687
302335.1833,414302,16,-0.5779,-0.0508,0.8406,-0.4122,-0.1527,2.5649
302335.1833,414312,16,-0.5764,-0.0637,0.8384,-1.1756,-0.9466,2.3817
302335.1833,414322,16,-0.5801,-0.0618,0.8367,-1.4046,-1.7710,2.7176
302335.1833,414332,16,-0.5659,-0.0620,0.8459,-1.2672,-2.4733,2.7939
302335.1833,414342,16,-0.5557,-0.0659,0.8521,-0.5344,-2.1374,2.8244
302335.3085,414352,17,-0.5586,-0.0730,0.8484,0.2290,0.6107,3.3740
302335.3085,414362,17,-0.5962,-0.0637,0.8245,1.8168,3.3282,4.3053
302335.3085,414372,17,-0.6082,-0.0449,0.8162,2.6718,1.7710,5.0840
302335.3085,414382,17,-0.5889,-0.0247,0.8333,2.7939,-0.9771,4.8092
302335.3085,414392,17,-0.5737,-0.0208,0.8472,1.7863,-1.5573,4.1527
302335.3085,414402,17,-0.5835,-0.0127,0.8403,0.9924,-0.4580,3.5878
302335.3085,414412,17,-0.5901,-0.0051,0.8413,0.2137,-0.5802,2.4275
302335.3085,414422,17,-0.5862,-0.0115,0.8384,-0.9313,-0.9771,0.9008
302335.3085,414432,17,-0.5823,-0.0166,0.8408,-1.7405,-1.3893,-0.7023
302335.3085,414442,17,-0.5637,-0.0347,0.8367,-3.0992,-1.5267,-1.9389
302335.3630,414452,18,-0.5603,-0.0635,0.8289,-3.7099,0.0611,-2.5954
302335.3630,414462,18,-0.5723,-0.0664,0.8184,-2.0763,1.4809,-2.1679
302335.3630,414472,18,-0.5735,-0.0522,0.8103,-0.9924,1.0840,-1.4656
302335.3630,414482,18,-0.5527,-0.0413,0.8196,-1.5878,0.4122,-1.0382
302335.3630,414492,18,-0.5508,-0.0247,0.8203,-2.3053,1.0382,-0.9924
302335.3630,414502,18,-0.5552,-0.0217,0.8076,-3.4046,1.3282,-2.0153
302335.3630,414512,18,-0.5549,-0.0208,0.7961,-4.6107,0.3053,-3.3130
302335.3630,414522,18,-0.5542,-0.0317,0.7886,-5.9237,-1.1908,-4.1374
302335.3630,414532,18,-0.5437,-0.0388,0.7871,-6.3053,-3.0534,-4.4885
302335.3630,414542,18,-0.5247,-0.0334,0.7939,-5.7252,-4.1069,-4.4885
302335.4846,414552,19,-0.5176,-0.0361,0.7859,-4.9466,-3.5115,-4.7023
302335.4846,414562,19,-0.5205,-0.0452,0.7725,-3.4962,-2.3511,-4.5191
302335.4846,414572,19,-0.5413,-0.0349,0.7581,-1.2061,-2.1527,-3.8321
302335.4846,414582,19,-0.5452,-0.0286,0.7473,0.3359,-4.2137,-3.0229
302335.4846,414592,19,-0.5354,-0.0190,0.7715,2.1832,-7.0229,-2.5496
302335.4846,414602,19,-0.5139,-0.0034,0.7976,3.7710,-9.5420,-2.0153
302335.4846,414612,19,-0.5022,0.0103,0.8206,4.2901,-9.9695,-1.8321
302335.4846,414622,19,-0.5149,0.0266,0.8303,3.9389,-8.4122,-1.7557
302335.4846,414632,19,-0.5381,0.0361,0.8191,3.3130,-6.6260,-2.1985
302335.4846,414642,19,-0.5657,0.0439,0.8032,3.1298,-6.8550,-3.5573
302335.6102,414652,20,-0.5710,0.0359,0.8059,2.8244,-9.4962,-4.9313
302335.6102,414662,20,-0.5659,0.0422,0.8289,3.6031,-11.8321,-6.2901
302335.6102,414672,20,-0.5562,0.0371,0.8503,4.2290,-13.0534,-7.8321
302335.6102,414682,20,-0.5657,0.0391,0.8606,4.3969,-12.9466,-9.1298
302335.6102,414692,20,-0.5735,0.0278,0.8699,4.0611,-12.4275,-10.2137
302335.6102,414702,20,-0.5876,0.0212,0.8848,5.0076,-12.1527,-10.2290
302335.6102,414712,20,-0.5996,0.0476,0.9167,7.8321,-12.0000,-10.1679
302335.6102,414722,20,-0.6023,0.0884,0.9556,10.1679,-11.6794,-10.8092
302335.6102,414732,20,-0.5920,0.1230,0.9995,10.0763,-9.9695,-12.1679
302335.6102,414742,20,-0.6038,0.1431,1.0098,9.0076,-6.3359,-14.6870
302335.6639,414752,21,-0.6323,0.1382,1.0056,6.8855,-2.9924,-18.1985
302335.6639,414762,21,-0.6572,0.1116,0.9929,4.7328,-1.0534,-20.7939
302335.6639,414772,21,-0.6641,0.0759,0.9893,5.7557,-0.1527,-22.2137
302335.6639,414782,21,-0.6479,0.0559,1.0122,9.9237,0.2290,-22.7481
302335.6639,414792,21,-0.6436,0.0630,1.0300,14.7481,2.5954,-22.2595
302335.6639,414802,21,-0.6702,0.0793,1.0293,17.7252,6.1832,-21.5115
302335.6639,414812,21,-0.6887,0.0764,1.0212,18.3969,7.9542,-21.2061
302335.6639,414822,21,-0.7129,0.0828,1.0293,19.5573,8.8397,-21.3130
302335.6639,414832,21,-0.7148,0.0854,1.0549,20.9313,9.2519,-21.7863
302335.6639,414842,21,-0.7292,0.0896,1.0828,22.7023,11.5420,-23.0992
302335.7855,414852,22,-0.7532,0.1035,1.0938,23.4962,14.9160,-24.9008
302335.7855,414862,22,-0.7764,0.1008,1.1067,22.4733,17.8168,-27.8015
302335.7855,414872,22,-0.7891,0.0674,1.1150,20.6565,20.1527,-31.5115
302335.7855,414882,22,-0.7883,0.0222,1.1223,19.0229,22.7786,-35.0534
302335.7855,414892,22,-0.7759,-0.0376,1.1306,17.7252,25.4504,-38.2901
302335.7855,414902,22,-0.7629,-0.1038,1.1409,16.1832,28.8550,-39.5267
302335.7855,414912,22,-0.7476,-0.1462,1.1348,16.2443,33.5115,-39.2672
302335.7855,414922,22,-0.7451,-0.1892,1.1091,15.3130,39.1756,-39.2519
302335.7855,414932,22,-0.7617,-0.2385,1.0703,13.2366,44.3053,-38.5496
302335.7855,414942,22,-0.7329,-0.2725,1.0339,13.0840,46.2443,-36.5496
302335.9045,414952,23,-0.7783,-0.3130,0.9993,11.9695,50.6565,-34.3817
302335.9045,414962,23,-0.7542,-0.3547,0.9648,11.8321,51.4809,-32.4275
302335.9045,414972,23,-0.7722,-0.3457,0.9580,14.2748,54.2137,-29.7557
302335.9045,414982,23,-0.7876,-0.3391,0.9424,11.8931,56.5954,-26.4427
302335.9045,414992,23,-0.7827,-0.3533,0.9287,8.7786,58.2595,-24.3817
302335.9045,415002,23,-0.7888,-0.3735,0.9163,6.3817,61.3130,-23.8015
302335.9045,415012,23,-0.7939,-0.3943,0.9089,3.0840,63.4504,-21.1756
302335.9045,415022,23,-0.7810,-0.3921,0.9075,1.8015,64.5802,-18.3206
302335.9045,415032,23,-0.7537,-0.3933,0.9177,-0.3359,66.9008,-17.7710
302335.9045,415042,23,-0.7356,-0.4238,0.8875,-5.6794,70.5344,-17.8168
302335.9640,415052,24,-0.7239,-0.4790,0.8398,-11.2366,74.2595,-17.5725
302335.9640,415062,24,-0.6912,-0.5496,0.7952,-15.2672,75.7405,-17.1756
302335.9640,415072,24,-0.6648,-0.6279,0.7476,-17.7710,76.9771,-14.3206
302335.9640,415082,24,-0.6663,-0.6550,0.6890,-17.2519,79.2366,-7.8779
302335.9640,415092,24,-0.6592,-0.6543,0.6528,-16.6870,78.8550,-0.7481
302335.9640,415102,24,-0.6533,-0.6418,0.6270,-18.0000,77.6183,5.1450
302335.9640,415112,24,-0.6238,-0.6233,0.6084,-21.2061,75.2672,9.8321
302335.9640,415122,24,-0.5793,-0.6226,0.5847,-26.8702,73.1603,12.5649
302335.9640,415132,24,-0.5452,-0.6560,0.5381,-34.5038,72.0458,13.8168
302335.9640,415142,24,-0.5088,-0.7051,0.4695,-41.8473,70.8702,15.8931
302336.0839,415152,25,-0.4839,-0.7517,0.4072,-48.1679,68.2290,19.3893
302336.0839,415162,25,-0.4133,-0.8186,0.3696,-54.0000,63.7557,24.4580
302336.0839,415172,25,-0.3425,-0.8560,0.3352,-56.2443,61.2366,32.9466
302336.0839,415182,25,-0.3074,-0.8616,0.2917,-56.3053,58.4885,43.8931
302336.0839,415192,25,-0.2878,-0.8572,0.2515,-55.4962,53.4656,55.7252
302336.0839,415202,25,-0.2671,-0.8008,0.2456,-52.4122,47.4046,69.8626
302336.0839,415212,25,-0.2349,-0.6917,0.2673,-48.1069,40.4580,83.1603
302336.0839,415222,25,-0.1965,-0.5730,0.2683,-46.9313,34.6565,92.3206
302336.0839,415232,25,-0.1697,-0.4648,0.2456,-47.8473,30.1069,97.2824
302336.0839,415242,25,-0.1338,-0.3660,0.2100,-50.4275,23.5725,98.0000
302336.2040,415252,26,-0.1047,-0.2988,0.1628,-56.9771,15.8931,96.4122
302336.2040,415262,26,-0.0476,-0.2654,0.1470,-65.3435,6.7939,96.5038
302336.2040,415272,26,-0.0398,-0.1819,0.1338,-67.6031,1.0840,101.9847
302336.2040,415282,26,-0.0483,-0.0256,0.1194,-64.0305,-4.2137,105.5725
302336.2040,415292,26,-0.0532,0.1357,0.0955,-64.3664,-10.8092,104.2137
302336.2040,415302,26,-0.0496,0.2603,0.0361,-70.2443,-15.8626,96.9160
302336.2040,415312,26,-0.0884,0.3159,-0.0632,-79.2214,-20.0458,84.7176
302336.2040,415322,26,-0.1218,0.2764,-0.1665,-90.4580,-30.1832,70.5344
302336.2040,415332,26,-0.1191,0.1548,-0.2024,-100.4427,-47.4962,59.6641
302336.2040,415342,26,-0.0974,0.0615,-0.1714,-101.2214,-67.3130,57.7557
302336.2638,415352,27,-0.0544,0.0889,-0.0398,-89.0840,-83.9084,60.8244
302336.2638,415362,27,0.0056,0.1970,0.1414,-74.7023,-97.0382,63.0840
302336.2638,415372,27,0.0227,0.3743,0.2791,-65.4198,-102.9771,65.0534
302336.2638,415382,27,0.0017,0.5710,0.3762,-63.7863,-106.5496,60.1069
302336.2638,415392,27,0.0103,0.6545,0.4241,-74.6260,-113.6641,47.2824
302336.2638,415402,27,-0.0232,0.6482,0.4082,-90.2595,-116.7634,29.4351
302336.2638,415412,27,-0.1211,0.5669,0.3596,-104.5344,-116.3969,13.0992
302336.2638,415422,27,-0.1619,0.4150,0.3325,-111.9542,-126.3969,1.0534
302336.2638,415432,27,-0.1333,0.3594,0.4165,-102.4275,-141.6336,-3.3740
302336.2638,415442,27,-0.0684,0.4668,0.5854,-82.9313,-154.6107,-4.0611
302336.3834,415452,28,0.0029,0.5850,0.7598,-69.1298,-161.7710,-7.7099
302336.3834,415462,28,0.0154,0.7004,0.8933,-65.2366,-163.0076,-14.3817
302336.3834,415472,28,-0.0232,0.7483,0.9639,-70.6260,-161.2824,-23.0534
302336.3834,415482,28,-0.0288,0.7483,1.0144,-76.6870,-162.0458,-36.8855
302336.3834,415492,28,-0.0330,0.6702,1.0486,-80.6107,-162.8397,-55.9237
302336.3834,415502,28,-0.1113,0.4731,1.0378,-83.2977,-159.1603,-71.5420
302336.3834,415512,28,-0.1719,0.3003,1.0398,-76.0000,-159.3435,-77.2977
302336.3834,415522,28,-0.1841,0.2598,1.1619,-55.3282,-165.2061,-72.6412
302336.3834,415532,28,-0.1404,0.3689,1.3550,-30.4275,-171.0687,-63.4809
302336.3834,415542,28,-0.1216,0.5991,1.5583,-7.4504,-169.3588,-57.5878
302336.5617,415552,29,-0.1338,0.7808,1.6687,1.0840,-163.8931,-58.5802
302336.5617,415562,29,-0.2087,0.9358,1.7195,-2.6412,-153.8321,-67.5267
302336.5617,415572,29,-0.2617,0.8726,1.6902,-15.5420,-147.0382,-88.7481
302336.5617,415582,29,-0.3071,0.6646,1.6716,-24.2901,-137.1145,-110.0305
302336.5617,415592,29,-0.2830,0.5100,1.7234,-16.4427,-135.8473,-122.0611
302336.5617,415602,29,-0.1892,0.4326,1.8401,1.2824,-138.5496,-127.2672
302336.5617,415612,29,-0.1375,0.4377,1.9683,20.4275,-132.2443,-128.9618
302336.5617,415622,29,-0.1541,0.4600,2.0261,33.0992,-119.4351,-129.7099
302336.5617,415632,29,-0.1484,0.4194,2.0818,37.0840,-108.1832,-131.6183
302336.5617,415642,29,-0.2112,0.3008,2.0632,36.4427,-97.6489,-131.6641
302336.5637,415652,30,-0.3340,0.2629,2.0295,43.4351,-83.3588,-129.1756
302336.5637,415662,30,-0.4021,0.3093,2.0598,57.3588,-77.7405,-127.8626
302336.5637,415672,30,-0.3765,0.3740,2.1829,67.2061,-79.5878,-129.6489
302336.5637,415682,30,-0.3198,0.4417,2.3018,70.1679,-76.1985,-136.3969
302336.5637,415692,30,-0.2788,0.4238,2.3877,62.4122,-65.0992,-148.5496
302336.5637,415702,30,-0.2646,0.2791,2.4016,48.6718,-47.3740,-163.0687
302336.5637,415712,30,-0.2544,0.0991,2.3943,39.4962,-28.7176,-176.2595
302336.5637,415722,30,-0.2109,-0.1030,2.4001,36.6565,-16.1374,-183.9237
302336.5637,415732,30,-0.2041,-0.2300,2.4280,40.9313,-1.2366,-186.4122
302336.5637,415742,30,-0.2290,-0.3118,2.4336,45.1908,17.8779,-183.7252
302336.6845,415752,31,-0.2275,-0.3735,2.4265,45.0687,32.6107,-177.7557
302336.6845,415762,31,-0.2019,-0.4482,2.4307,42.9008,46.5344,-175.1603
302336.6845,415772,31,-0.1677,-0.5325,2.4194,39.7863,62.1374,-174.6260
302336.6845,415782,31,-0.1143,-0.6426,2.3848,34.8550,78.1221,-172.7328
302336.6845,415792,31,-0.0894,-0.7498,2.3342,31.6031,96.6412,-169.0534
302336.6845,415802,31,-0.0759,-0.8694,2.2461,29.5725,114.3053,-163.6183
302336.6845,415812,31,-0.1199,-0.9258,2.1821,29.0076,131.5573,-154.0153
302336.6845,415822,31,-0.1340,-0.9077,2.1309,29.1298,146.7023,-139.9084
302336.6845,415832,31,-0.1509,-0.9080,2.0713,27.6336,158.3969,-131.1450
302336.6845,415842,31,-0.1726,-0.9407,1.9695,24.5344,169.5573,-126.6107
302336.8030,415852,32,-0.1895,-1.0071,1.8616,19.0076,178.2137,-121.4809
302336.8030,415862,32,-0.1672,-1.0989,1.7705,14.0000,184.3664,-113.8626
302336.8030,415872,32,-0.1060,-1.1750,1.7056,12.7176,188.1832,-104.5954
302336.8030,415882,32,-0.0503,-1.2009,1.6309,13.3130,194.6718,-91.6641
302336.8030,415892,32,-0.0310,-1.1929,1.5283,13.8015,202.8855,-77.8168
302336.8030,415902,32,-0.0581,-1.1541,1.4026,13.8321,209.3130,-65.3893
302336.8030,415912,32,-0.0698,-1.1248,1.2786,11.6183,212.5954,-54.7939
302336.8030,415922,32,-0.1030,-1.1052,1.1692,7.0534,213.0687,-46.1527
302336.8030,415932,32,-0.1021,-1.0894,1.0601,2.0305,211.9847,-36.5344
302336.8030,415942,32,-0.1060,-1.1099,0.9541,-2.0916,210.1985,-29.5725
302336.8644,415952,33,-0.0984,-1.1633,0.8499,-5.6336,206.4580,-23.0229
302336.8644,415962,33,-0.0752,-1.2214,0.7708,-7.4809,202.6107,-12.6565
302336.8644,415972,33,-0.0662,-1.2261,0.7136,-7.2519,200.6260,0.6565
302336.8644,415982,33,-0.0674,-1.2058,0.6343,-6.9008,199.4504,15.5725
302336.8644,415992,33,-0.1191,-1.2068,0.5254,-6.2595,198.7023,26.6718
302336.8644,416002,33,-0.1289,-1.1843,0.4370,-5.6489,192.2137,37.0076
302336.8644,416012,33,-0.1035,-1.1584,0.3845,-6.9313,181.4504,47.3740
302336.8644,416022,33,-0.0610,-1.1172,0.3606,-8.8702,171.0840,56.3359
302336.8644,416032,33,-0.0059,-1.0398,0.3547,-11.0076,160.0763,64.3817
302336.8644,416042,33,0.0510,-0.9453,0.3452,-15.2214,150.1527,69.7710
302336.9853,416052,34,0.1050,-0.8569,0.3193,-22.9466,143.5878,72.7023
302336.9853,416062,34,0.1299,-0.7688,0.2532,-32.9008,139.6183,73.6336
302336.9853,416072,34,0.1121,-0.7131,0.1604,-45.8168,137.0534,72.5496
302336.9853,416082,34,0.1194,-0.6699,0.0779,-60.5191,132.5191,72.9160
302336.9853,416092,34,0.1470,-0.6113,0.0317,-71.6489,124.1374,74.8702
302336.9853,416102,34,0.1555,-0.5701,-0.0264,-79.6794,115.4962,74.9466
302336.9853,416112,34,0.1331,-0.5264,-0.1121,-86.7939,109.3893,73.8931
302336.9853,416122,34,0.0901,-0.4719,-0.2100,-94.0458,101.6489,75.6794
302336.9853,416132,34,0.0574,-0.4268,-0.2888,-100.5344,89.5115,78.5802
302336.9853,416142,34,0.0430,-0.3696,-0.3293,-103.5115,73.3282,80.2290
302337.1032,416152,35,0.0371,-0.3132,-0.3564,-105.4504,56.0153,79.7252
302337.1032,416162,35,0.0317,-0.3066,-0.3806,-108.5802,39.5573,78.1679
302337.1032,416172,35,0.0330,-0.3110,-0.3813,-109.1756,22.0458,76.5038
302337.1032,416182,35,0.0754,-0.3311,-0.3303,-106.5954,4.6718,77.0840
302337.1032,416192,35,0.0813,-0.3052,-0.2800,-102.9008,-8.9771,82.1069
302337.1032,416202,35,0.0776,-0.2473,-0.2258,-101.6947,-20.3817,89.0534
302337.1032,416212,35,0.0828,-0.1660,-0.1707,-100.8855,-30.8702,95.0229
302337.1032,416222,35,0.0791,-0.0654,-0.1130,-99.4656,-41.1450,96.9160
302337.1032,416232,35,0.0728,-0.0005,-0.0706,-101.9389,-53.2366,94.6412
302337.1032,416242,35,0.0081,0.0085,-0.0464,-106.5954,-63.5725,92.1985
302337.1637,416252,36,-0.0210,0.0386,0.0063,-105.4809,-75.5420,91.0229
302337.1637,416262,36,-0.0251,0.0894,0.0793,-100.2137,-89.6336,87.8626
302337.1637,416272,36,-0.0457,0.1377,0.1370,-96.5191,-101.0992,84.3664
302337.1637,416282,36,-0.0522,0.1724,0.2017,-92.3206,-113.6947,79.1450
302337.1637,416292,36,-0.0159,0.2253,0.2646,-86.8702,-128.9771,72.2748
302337.1637,416302,36,-0.0513,0.2056,0.3274,-90.0000,-137.8931,63.0382
302337.1637,416312,36,-0.0352,0.1179,0.3784,-100.8244,-141.3893,56.3359
302337.1637,416322,36,-0.0510,0.0002,0.4224,-104.8550,-146.6565,57.2366
302337.1637,416332,36,-0.0515,0.0034,0.4988,-92.5954,-151.7863,62.5191
302337.1637,416342,36,-0.0525,0.0969,0.6047,-78.9160,-152.0153,68.1374
302337.2842,416352,37,-0.0208,0.2224,0.7131,-69.8473,-154.5802,73.4504
302337.2842,416362,37,0.0295,0.3501,0.8125,-63.4504,-155.8321,76.0000
302337.2842,416372,37,0.0295,0.5327,0.9148,-60.3817,-152.3817,73.7557
302337.2842,416382,37,0.0103,0.7065,1.0232,-65.4198,-152.3206,68.5496
302337.2842,416392,37,0.0347,0.8469,1.1309,-77.4504,-157.2366,60.1527
302337.2842,416402,37,-0.0139,0.9436,1.1416,-88.5496,-154.3511,43.4046
302337.2842,416412,37,-0.1006,0.9121,1.0437,-101.5573,-143.8931,14.1374
302337.2842,416422,37,-0.1353,0.7390,0.8950,-121.5573,-135.3282,-19.1908
302337.2842,416432,37,-0.1638,0.3940,0.8027,-145.0840,-136.5954,-39.4809
302337.2842,416442,37,-0.1292,0.0500,0.7588,-142.4885,-147.6641,-46.2137
302337.4030,416452,38,-0.0303,-0.0234,0.8228,-106.7634,-161.5115,-37.1145
302337.4030,416462,38,0.0176,0.0530,0.9949,-72.3053,-173.4504,-22.2748
302337.4030,416472,38,-0.0117,0.2627,1.1511,-49.9084,-176.0153,-5.3588
302337.4030,416482,38,-0.0776,0.4453,1.2603,-36.1832,-171.6183,0.7939
302337.4030,416492,38,-0.1384,0.5713,1.3286,-30.7786,-169.4198,-2.9771
302337.4030,416502,38,-0.2039,0.6567,1.4053,-30.6718,-169.3282,-8.0763
302337.4030,416512,38,-0.2151,0.7666,1.5100,-28.0611,-174.0000,-13.7863
302337.4030,416522,38,-0.2168,0.8420,1.6318,-25.7405,-177.2214,-23.8931
302337.4030,416532,38,-0.2068,0.9380,1.7485,-21.4046,-173.8015,-38.2137
302337.4030,416542,38,-0.2004,0.9902,1.8333,-24.2137,-164.3053,-54.9771
302337.4625,416552,39,-0.2029,0.9565,1.8684,-33.6947,-149.9389,-74.7939
302337.4625,416562,39,-0.2126,0.7913,1.8494,-42.9160,-132.2290,-97.2366
302337.4625,416572,39,-0.2542,0.6128,1.7930,-44.9008,-118.5191,-112.5344
302337.4625,416582,39,-0.2715,0.4734,1.7771,-39.2519,-112.2290,-117.9237
302337.4625,416592,39,-0.2632,0.4067,1.8262,-24.8092,-108.0153,-119.5267
302337.4625,416602,39,-0.2708,0.4121,1.9158,-7.4809,-102.9160,-118.3969
302337.4625,416612,39,-0.2947,0.4648,2.0347,6.5496,-97.8015,-118.1832
302337.4625,416622,39,-0.3037,0.4607,2.1240,13.2824,-93.0076,-121.1145
302337.4625,416632,39,-0.3044,0.4529,2.2483,19.2519,-83.6031,-128.1374
302337.4625,416642,39,-0.2510,0.4048,2.3530,20.9160,-73.4962,-136.0153
302337.5842,416652,40,-0.2659,0.3208,2.4111,19.2824,-56.9618,-143.6183
302337.5842,416662,40,-0.2129,0.2429,2.4431,19.7099,-42.1985,-151.1298
302337.5842,416672,40,-0.1272,0.1448,2.4666,20.0916,-26.3664,-159.2214
302337.5842,416682,40,-0.0710,0.0322,2.4426,18.2290,-1.7099,-165.1298
302337.5842,416692,40,-0.1035,-0.0864,2.3269,14.7481,24.1221,-165.4656
302337.5842,416702,40,-0.1460,-0.1753,2.2078,17.3893,42.8092,-165.1603
302337.5842,416712,40,-0.2024,-0.2175,2.1169,24.3511,55.0840,-164.2290
302337.5842,416722,40,-0.2646,-0.2153,2.0583,30.3053,62.4885,-160.9313
302337.5842,416732,40,-0.3079,-0.2083,2.0444,35.0840,66.3969,-160.7328
302337.5842,416742,40,-0.3342,-0.2410,2.0793,36.1527,67.6183,-164.1374
302337.7030,416752,41,-0.3049,-0.3311,2.1577,33.3740,63.8779,-164.8092
302337.7030,416762,41,-0.2432,-0.4805,2.2539,30.2595,60.4580,-167.6336
302337.7030,416772,41,-0.2073,-0.5938,2.3628,27.4962,67.3282,-165.7710
302337.7030,416782,41,-0.1333,-0.6069,2.4509,24.4885,86.1985,-156.8702
302337.7030,416792,41,-0.0298,-0.6780,2.4585,17.9237,111.6794,-158.0458
302337.7030,416802,41,0.0383,-0.8564,2.3542,5.2366,141.3893,-161.9542
302337.7030,416812,41,0.0713,-1.0408,2.1626,-7.1756,167.3893,-159.7863
302337.7030,416822,41,0.1099,-1.2439,1.9556,-16.1069,184.2290,-152.6107
302337.7030,416832,41,0.1218,-1.3853,1.7627,-18.6718,196.5191,-138.1374
302337.7030,416842,41,0.1326,-1.4458,1.5674,-15.0840,205.0382,-118.9160
302337.7630,416852,42,0.1101,-1.4688,1.3911,-10.0611,211.2977,-100.6565
302337.7630,416862,42,0.0681,-1.4541,1.2512,-6.0305,213.9237,-82.0611
302337.7630,416872,42,0.0386,-1.3911,1.1514,-1.7863,211.9847,-62.0763
302337.7630,416882,42,0.0166,-1.3066,1.0745,2.7176,209.5573,-45.0840
302337.7630,416892,42,-0.0166,-1.2351,1.0081,2.8244,209.5725,-32.2901
302337.7630,416902,42,-0.0056,-1.1863,0.9487,0.4580,206.8855,-20.4885
302337.7630,416912,42,0.0032,-1.1611,0.9082,-2.0458,203.2214,-11.8168
302337.7630,416922,42,0.0276,-1.1248,0.8506,-3.8626,200.9924,-3.0992
302337.7630,416932,42,0.0291,-1.1133,0.7893,-6.8397,200.5496,3.3130
302337.7630,416942,42,0.0073,-1.0962,0.7109,-11.5878,198.4580,10.5649
302337.8845,416952,43,0.0024,-1.0886,0.6138,-16.5649,193.9847,18.8550
302337.8845,416962,43,0.0078,-1.0847,0.5444,-19.5267,188.4580,25.0076
302337.8845,416972,43,-0.0044,-1.0710,0.4851,-23.3740,183.1908,32.5344
302337.8845,416982,43,-0.0105,-1.0481,0.4048,-27.0534,178.0458,42.4275
302337.8845,416992,43,-0.0537,-1.0100,0.3447,-27.7405,175.4351,49.7405
302337.8845,417002,43,-0.0798,-0.9734,0.2776,-29.0382,169.1145,55.8626
302337.8845,417012,43,-0.1057,-0.9160,0.2234,-30.8550,163.7557,63.0229
302337.8845,417022,43,-0.1340,-0.8350,0.1899,-32.8550,156.7328,67.1450
302337.8845,417032,43,-0.1335,-0.7827,0.1475,-39.9084,147.5267,69.1756
302337.8845,417042,43,-0.1152,-0.7317,0.1228,-49.7557,138.5191,69.4046
302338.0035,417052,44,-0.1006,-0.7056,0.0947,-61.3893,129.1603,68.0611
302338.0035,417062,44,-0.0918,-0.7332,0.0515,-74.7328,119.2519,65.9847
302338.0035,417072,44,-0.0947,-0.7839,-0.0010,-85.3588,111.0534,66.3359
302338.0035,417082,44,-0.1045,-0.8188,-0.0627,-90.2443,102.5191,68.0763
302338.0035,417092,44,-0.1006,-0.8438,-0.1226,-93.6489,91.5725,71.9847
302338.0035,417102,44,-0.1069,-0.8467,-0.1694,-93.9389,79.4962,78.9313
302338.0035,417112,44,-0.0752,-0.8215,-0.1597,-91.5725,65.0687,86.6260
302338.0035,417122,44,-0.0349,-0.8228,-0.1711,-90.3206,49.2366,94.3053
302338.0035,417132,44,-0.0115,-0.8242,-0.1782,-87.6031,38.4885,102.0611
302338.0035,417142,44,0.0261,-0.7734,-0.1475,-81.8931,27.2824,111.2061
302338.0635,417152,45,0.1309,-0.6794,-0.0894,-74.8702,12.8702,122.4885
302338.0635,417162,45,0.2227,-0.5496,-0.0173,-68.1069,4.5344,133.6489
302338.0635,417172,45,0.2544,-0.3877,0.0071,-64.2443,0.1069,141.4809
302338.0635,417182,45,0.2505,-0.2512,-0.0093,-65.8321,-6.2443,145.1908
302338.0635,417192,45,0.2527,-0.1350,-0.0557,-69.6031,-14.5496,145.7252
302338.0635,417202,45,0.2214,-0.0249,-0.0974,-73.8779,-22.7023,144.0153
302338.0635,417212,45,0.2031,0.0630,-0.1392,-78.4275,-32.2595,141.3588
302338.0635,417222,45,0.1729,0.1396,-0.1821,-81.4046,-42.6260,134.5802
302338.0635,417232,45,0.1421,0.1687,-0.2129,-86.0763,-53.7405,125.7099
302338.0635,417242,45,0.1482,0.1765,-0.2051,-89.2366,-67.3740,118.2443
302338.2429,417252,46,0.1384,0.1924,-0.1689,-89.5267,-82.0153,114.5802
302338.2429,417262,46,0.2244,0.3279,0.0515,-84.3817,-110.2595,108.6260
302338.2429,417272,46,0.2244,0.3279,0.0515,-84.3817,-110.2595,108.6260
302338.2429,417282,46,0.2283,0.4045,0.1538,-86.5038,-117.1756,103.4351
302338.2429,417292,46,0.2185,0.4756,0.2090,-90.2595,-123.1145,96.1069
302338.2429,417302,46,0.1475,0.4895,0.2034,-97.7557,-128.3511,83.5420
302338.2429,417312,46,0.0781,0.4099,0.2227,-109.7710,-137.4198,69.1908
302338.2429,417322,46,0.0972,0.3391,0.2878,-114.4427,-152.9466,60.6870
302338.2429,417332,46,0.1313,0.3989,0.4111,-105.1298,-168.9008,61.8626
302338.2429,417342,46,0.1643,0.5186,0.5837,-94.9924,-177.2519,61.0229
302338.3042,417352,47,0.1421,0.6223,0.6699,-89.3282,-178.1069,55.7710
302338.3042,417362,47,0.0349,0.7175,0.7410,-87.2824,-174.7328,42.7176
302338.3042,417372,47,0.0784,0.7432,0.7739,-93.9847,-183.5725,31.9389
302338.3042,417382,47,0.0593,0.7026,0.8096,-104.4580,-186.6870,21.6794
302338.3042,417392,47,0.0562,0.6514,0.9050,-108.8702,-191.4046,11.6336
302338.3042,417402,47,0.0288,0.6377,1.0088,-99.5573,-197.4351,5.0382
302338.3042,417412,47,0.0125,0.7480,1.1702,-82.9008,-202.8550,0.1374
302338.3042,417422,47,0.0618,0.8333,1.3037,-71.6947,-208.7176,-7.3130
302338.3042,417432,47,0.0667,0.8804,1.4087,-68.3206,-207.4962,-18.3511
302338.3042,417442,47,0.0681,0.8333,1.5706,-74.0305,-197.8168,-37.4809
302338.3640,417452,48,0.0947,0.8391,1.6433,-67.8779,-194.4885,-44.9160
302338.3640,417462,48,0.0632,0.8550,1.7129,-58.7176,-185.8473,-52.6718
302338.3640,417472,48,0.0237,0.9082,1.7629,-48.7176,-179.0534,-63.9237
302338.3640,417482,48,-0.0271,0.8494,1.7500,-45.9389,-174.3969,-76.5954
302338.3640,417492,48,-0.0959,0.7461,1.7590,-42.5802,-166.4580,-87.0687
302338.3640,417502,48,-0.1021,0.7002,1.8044,-32.9008,-164.9160,-94.6718
302338.3640,417512,48,-0.0750,0.6628,1.8804,-21.9695,-164.6107,-100.5954
302338.3640,417522,48,-0.0479,0.6526,1.9844,-9.9695,-157.5878,-105.8168
302338.3640,417532,48,-0.0349,0.6819,2.0747,1.7863,-146.7176,-112.0000
302338.3640,417542,48,-0.0842,0.6462,2.1072,5.5420,-130.2290,-120.5649
302338.4831,417552,49,-0.0688,0.5708,2.1399,6.7786,-118.2137,-130.2443
302338.4831,417562,49,-0.0540,0.4973,2.1675,10.0458,-110.8550,-136.3511
302338.4831,417572,49,-0.0688,0.4412,2.1953,16.7786,-98.5649,-142.2137
302338.4831,417582,49,-0.0339,0.4084,2.2468,22.8550,-90.1985,-147.4351
302338.4831,417592,49,-0.0352,0.3494,2.2437,26.8092,-80.6260,-152.3053
302338.4831,417602,49,-0.0803,0.2749,2.2363,29.7405,-65.7710,-156.9771
302338.4831,417612,49,-0.1172,0.2510,2.2544,34.1527,-55.0382,-159.0992
302338.4831,417622,49,-0.1301,0.2424,2.3118,37.5878,-44.9466,-161.8779
302338.4831,417632,49,-0.1824,0.2417,2.3457,37.3282,-26.4122,-164.9618
302338.4831,417642,49,-0.2351,0.2380,2.3821,35.4809,-12.8702,-171.6641
302338.6103,417652,50,-0.2273,0.1384,2.4333,30.4580,-6.1527,-182.7939
302338.6103,417662,50,-0.2014,0.0566,2.5112,26.3817,3.3282,-193.6183
302338.6103,417672,50,-0.1243,-0.0422,2.5864,19.1908,15.5267,-201.8473
302338.6103,417682,50,-0.0063,-0.1807,2.6172,10.5038,33.1298,-209.4351
302338.6103,417692,50,0.0769,-0.3386,2.5977,3.7099,56.9313,-215.7710
302338.6103,417702,50,0.0654,-0.4177,2.5225,0.3969,85.2824,-216.1679
302338.6103,417712,50,0.0178,-0.3901,2.4246,-4.6107,108.7634,-213.0840
302338.6103,417722,50,0.0708,-0.4399,2.2922,-16.2137,127.9542,-213.8931
302338.6103,417732,50,0.0669,-0.6616,2.1404,-32.0305,145.8779,-222.0153
302338.6103,417742,50,0.0674,-0.9495,1.9729,-43.9542,159.6183,-224.4733
302338.6646,417752,51,0.0684,-1.2180,1.8459,-48.7176,169.2519,-216.3053
302338.6646,417762,51,0.0898,-1.4316,1.7539,-48.6718,174.8244,-199.5115
302338.6646,417772,51,0.1443,-1.6216,1.6934,-44.1679,178.4733,-177.2214
302338.6646,417782,51,0.1250,-1.7056,1.6365,-34.0153,185.3130,-150.6565
302338.6646,417792,51,0.1150,-1.6882,1.5786,-22.7176,192.7481,-121.5420
302338.6646,417802,51,0.0894,-1.5857,1.5522,-14.2443,199.0687,-96.1985
302338.6646,417812,51,0.0537,-1.4658,1.5215,-12.2748,204.3817,-74.7176
302338.6646,417822,51,0.0496,-1.3616,1.4495,-13.3588,208.6565,-58.3359
302338.6646,417832,51,0.0396,-1.3044,1.3723,-18.0000,213.5725,-49.0992
302338.6646,417842,51,0.0513,-1.2847,1.2717,-26.0763,217.1756,-38.6718
302338.7839,417852,52,0.0171,-1.2573,1.1509,-31.6031,220.3359,-27.4198
302338.7839,417862,52,-0.0059,-1.2083,1.0447,-33.7557,221.0382,-16.0000
302338.7839,417872,52,0.0186,-1.1592,0.9771,-34.5344,217.7557,-6.0916
302338.7839,417882,52,0.0166,-1.1343,0.8953,-35.8931,215.3893,2.1832
302338.7839,417892,52,-0.0359,-1.0823,0.8088,-36.9618,216.1832,11.8168
302338.7839,417902,52,-0.0874,-1.0110,0.7336,-37.1603,213.5267,21.3435
302338.7839,417912,52,-0.1296,-0.9592,0.6782,-39.0382,209.4962,27.9847
302338.7839,417922,52,-0.1660,-0.9194,0.6223,-41.4656,208.0153,34.0458
302338.7839,417932,52,-0.1675,-0.8657,0.6013,-42.7176,206.5038,38.9771
302338.7839,417942,52,-0.1155,-0.7983,0.5933,-45.4962,204.4122,40.8092
302338.9034,417952,53,-0.0466,-0.7839,0.5718,-55.5725,201.6947,40.2595
302338.9034,417962,53,-0.0132,-0.8591,0.5044,-68.5649,196.4733,37.5267
302338.9034,417972,53,-0.0095,-0.9292,0.4307,-78.8397,191.4198,34.9466
302338.9034,417982,53,0.0269,-0.9900,0.3845,-87.8626,182.4733,36.8092
302338.9034,417992,53,0.0591,-1.0491,0.3276,-96.1527,168.5954,43.3435
302338.9034,418002,53,0.1013,-1.0889,0.2676,-101.5267,155.5115,53.8015
302338.9034,418012,53,0.1606,-1.0632,0.2244,-99.8168,145.8168,67.1145
302338.9034,418022,53,0.1892,-0.9688,0.1838,-94.5191,139.4504,79.4809
302338.9034,418032,53,0.2295,-0.8784,0.1377,-93.8626,132.1374,89.5725
302338.9034,418042,53,0.2883,-0.7759,0.0886,-94.5038,126.4122,97.6641
302339.0236,418052,54,0.3152,-0.6543,0.0254,-96.8550,122.1374,102.1374
302339.0236,418062,54,0.3154,-0.5652,-0.0808,-104.5649,115.1908,104.2595
302339.0236,418072,54,0.3311,-0.5061,-0.1824,-114.3206,106.0305,105.2061
302339.0236,418082,54,0.3162,-0.4570,-0.2749,-122.4885,95.7863,107.2366
302339.0236,418092,54,0.3062,-0.4158,-0.3516,-126.9924,83.2061,110.9924
302339.0236,418102,54,0.2556,-0.3428,-0.3960,-127.3435,69.8015,116.1221
302339.0236,418112,54,0.2498,-0.2495,-0.4473,-124.8397,52.1679,118.8702
302339.0236,418122,54,0.2278,-0.1794,-0.4780,-120.4580,35.2366,119.8015
302339.0236,418132,54,0.1965,-0.1204,-0.5115,-119.0076,19.1450,119.0076
302339.0236,418142,54,0.1841,-0.1033,-0.5425,-122.4580,0.6870,118.3664
302339.1444,418152,55,0.1841,-0.1133,-0.5220,-123.7405,-21.0229,119.4656
302339.1444,418162,55,0.1956,-0.0496,-0.4280,-118.5649,-45.1145,120.9466
302339.1444,418172,55,0.1936,0.0161,-0.3108,-114.8397,-65.1450,123.5115
302339.1444,418182,55,0.1753,0.1067,-0.2124,-112.4580,-77.8321,124.6107
302339.1444,418192,55,0.1533,0.1868,-0.1323,-110.4885,-89.7863,121.6183
302339.1444,418202,55,0.1677,0.2319,-0.0796,-111.3740,-99.8931,113.7557
302339.1444,418212,55,0.1541,0.2200,-0.0657,-115.8321,-105.4504,103.4962
302339.1444,418222,55,0.1123,0.1890,-0.0632,-119.7863,-113.2824,95.0076
302339.1444,418232,55,0.0520,0.1536,-0.0005,-121.0687,-125.3588,90.4885
302339.1444,418242,55,0.0393,0.1753,0.1277,-114.9008,-141.8321,91.2214
302339.2037,418252,56,0.0251,0.2910,0.2708,-102.4733,-157.0382,91.4046
302339.2037,418262,56,0.0144,0.4189,0.4060,-94.8550,-165.6641,87.0992
302339.2037,418272,56,0.0083,0.5112,0.4971,-96.4733,-169.9237,77.8779
302339.2037,418282,56,-0.0198,0.5222,0.5049,-104.6260,-171.1298,64.4275
302339.2037,418292,56,-0.0596,0.4543,0.5068,-115.1145,-173.1450,49.4504
302339.2037,418302,56,-0.0974,0.3770,0.5491,-120.5954,-182.1527,40.3817
302339.2037,418312,56,-0.1208,0.3000,0.6069,-116.3817,-191.9389,37.5725
302339.2037,418322,56,-0.1487,0.3384,0.7378,-99.7405,-197.6947,37.2824
302339.2037,418332,56,-0.0894,0.4543,0.9021,-82.0153,-205.8015,36.2595
302339.2037,418342,56,-0.0115,0.5437,1.0225,-72.2290,-208.4427,31.3893
302339.3216,418352,57,-0.0134,0.6299,1.0571,-69.6489,-203.5420,24.0611
302339.3216,418362,57,-0.0381,0.6765,1.0576,-72.9924,-199.1603,13.2061
302339.3216,418372,57,-0.0967,0.6240,1.0173,-79.7405,-196.6260,-0.0611
302339.3216,418382,57,-0.1362,0.5564,1.0220,-83.4351,-198.0763,-11.7710
302339.3216,418392,57,-0.1521,0.4641,1.0640,-82.7939,-205.1908,-18.4275
302339.3216,418402,57,-0.1323,0.4292,1.1580,-72.7939,-211.1908,-20.4427
302339.3216,418412,57,-0.0986,0.5002,1.3208,-54.3511,-215.4351,-22.4427
302339.3216,418422,57,-0.0781,0.6096,1.4988,-38.3053,-215.6183,-23.4809
302339.3216,418432,57,-0.0593,0.7429,1.6431,-26.5496,-212.7786,-27.0382
302339.3216,418442,57,-0.0747,0.8657,1.7297,-22.7176,-209.3588,-35.5878
302339.3833,418452,58,-0.1621,0.8396,1.7188,-28.8855,-196.6565,-51.5573
302339.3833,418462,58,-0.2263,0.7273,1.6892,-33.4962,-181.7252,-70.3664
302339.3833,418472,58,-0.2388,0.5820,1.7068,-33.8321,-180.2901,-82.0305
302339.3833,418482,58,-0.1860,0.4785,1.7925,-25.8473,-181.9084,-85.5267
302339.3833,418492,58,-0.1448,0.5039,1.9136,-6.9313,-175.8015,-85.2977
302339.3833,418502,58,-0.0828,0.5977,2.0591,9.7557,-169.5878,-86.3817
302339.3833,418512,58,-0.0381,0.6377,2.1467,12.9466,-161.4809,-88.5954
302339.3833,418522,58,-0.0344,0.6841,2.1929,12.1221,-144.7939,-95.0840
302339.3833,418532,58,-0.0427,0.6907,2.1643,8.1832,-128.5038,-108.0153
302339.3833,418542,58,-0.1089,0.5950,2.0278,-0.0916,-113.6641,-123.1756
302339.5033,418552,59,-0.1946,0.4177,1.8870,-6.7481,-96.4580,-134.6260
302339.5033,418562,59,-0.2349,0.2930,1.8013,-0.9771,-88.5802,-139.0840
302339.5033,418572,59,-0.2195,0.2507,1.8171,15.6183,-88.9466,-138.3359
302339.5033,418582,59,-0.1794,0.2859,1.8911,35.2366,-87.6336,-137.6794
302339.5033,418592,59,-0.1223,0.3455,1.9922,47.2519,-82.3206,-139.9695
302339.5033,418602,59,-0.1316,0.3352,2.0298,46.9313,-71.4351,-142.3817
302339.5033,418612,59,-0.1438,0.2954,2.0425,44.5344,-57.2519,-149.6489
302339.5033,418622,59,-0.1252,0.1838,2.0317,40.7481,-49.2519,-159.2519
302339.5033,418632,59,-0.0974,0.0247,2.0193,36.5649,-42.3359,-166.8550
302339.5033,418642,59,-0.0801,-0.1318,2.0222,36.0458,-34.1374,-170.9618
302339.5629,418652,60,-0.0552,-0.2407,2.0437,39.1145,-28.7786,-170.1221
302339.5629,418662,60,-0.0349,-0.2983,2.0940,43.2824,-24.0000,-166.7176
302339.5629,418672,60,-0.0364,-0.3337,2.1299,45.5267,-16.2748,-163.3893
302339.5629,418682,60,-0.0640,-0.3616,2.1401,44.9313,-3.3130,-160.9313
302339.5629,418692,60,-0.0950,-0.4060,2.1526,41.8168,14.0305,-159.5420
302339.5629,418702,60,-0.1355,-0.4521,2.1648,36.3053,30.8092,-159.0382
302339.5629,418712,60,-0.1235,-0.5564,2.1812,26.0763,42.2290,-156.9466
302339.5629,418722,60,-0.0901,-0.6631,2.2146,17.4504,54.4275,-153.4656
302339.5629,418732,60,-0.0322,-0.7673,2.2278,12.6565,68.1374,-148.4580
302339.5629,418742,60,0.0112,-0.8318,2.2070,9.7252,84.3664,-142.9466
302339.6843,418752,61,0.0244,-0.9077,2.1125,6.9771,102.9618,-135.8931
302339.6843,418762,61,0.0103,-0.9050,1.9736,6.4427,122.6718,-125.5573
302339.6843,418772,61,-0.0364,-0.8782,1.8132,4.2137,139.4962,-115.4656
302339.6843,418782,61,-0.0603,-0.8457,1.6570,1.7099,151.0992,-107.3588
302339.6843,418792,61,-0.0540,-0.8213,1.5374,-0.6107,158.3053,-102.5191
302339.6843,418802,61,-0.0728,-0.7991,1.4224,-6.3053,164.9771,-97.3282
302339.6843,418812,61,-0.0818,-0.8186,1.3042,-14.4733,171.3130,-90.6565
302339.6843,418822,61,-0.1211,-0.8396,1.1926,-18.6412,175.8931,-86.4580
302339.6843,418832,61,-0.1213,-0.8757,1.1143,-22.2595,176.3817,-81.6794
302339.6843,418842,61,-0.1294,-0.9382,1.0476,-26.1679,175.2366,-75.1908
302339.8036,418852,62,-0.1243,-0.9834,0.9788,-27.0382,172.8397,-66.9618
302339.8036,418862,62,-0.1179,-1.0151,0.9133,-26.5649,169.1756,-57.7863
302339.8036,418872,62,-0.1294,-1.0317,0.8496,-26.7481,165.4809,-47.7099
302339.8036,418882,62,-0.0977,-1.0527,0.8093,-26.5954,160.3817,-36.5802
302339.8036,418892,62,-0.0798,-1.0525,0.7539,-25.3740,155.9237,-23.3435
302339.8036,418902,62,-0.0586,-1.0134,0.7046,-23.1756,152.9008,-9.4809
302339.8036,418912,62,-0.0747,-0.9731,0.6470,-22.0153,150.8702,2.9771
302339.8036,418922,62,-0.1147,-0.9165,0.6082,-22.1985,150.6260,15.3588
302339.8036,418932,62,-0.1785,-0.8506,0.5535,-21.7099,148.4427,27.4046
302339.8036,418942,62,-0.1897,-0.7634,0.5264,-19.1450,141.0840,36.4580
302339.8639,418952,63,-0.1687,-0.6863,0.5129,-18.2137,132.0153,40.6412
302339.8639,418962,63,-0.1843,-0.6543,0.4670,-22.4275,124.8092,42.8244
302339.8639,418972,63,-0.1868,-0.6731,0.4165,-27.3893,117.3130,44.1527
302339.8639,418982,63,-0.1313,-0.7063,0.4019,-29.6031,111.3588,46.7328
302339.8639,418992,63,-0.1035,-0.7239,0.3716,-30.4275,111.5420,52.9466
302339.8639,419002,63,-0.1296,-0.7195,0.3035,-30.0611,109.8321,59.5725
302339.8639,419012,63,-0.1287,-0.7227,0.2490,-29.5267,101.0382,67.5420
302339.8639,419022,63,-0.1082,-0.6965,0.2302,-25.9695,89.4504,75.8931
302339.8639,419032,63,-0.0806,-0.6641,0.2190,-22.1221,78.0916,83.4809
302339.8639,419042,63,-0.0728,-0.6265,0.2034,-19.3893,69.9237,90.1374
302339.9840,419052,64,-0.0530,-0.5879,0.2107,-18.2748,60.7328,97.5420
302339.9840,419062,64,-0.0415,-0.5186,0.2246,-15.9542,51.4656,107.0382
302339.9840,419072,64,-0.0483,-0.4082,0.3057,-11.0687,44.5344,116.0000
302339.9840,419082,64,-0.0408,-0.2734,0.4084,-8.0153,37.8931,126.6718
302339.9840,419092,64,-0.0708,-0.0886,0.4780,-4.1985,37.5725,136.6870
302339.9840,419102,64,-0.1538,0.1443,0.5132,-0.9008,40.2748,138.4275
302339.9840,419112,64,-0.2178,0.2820,0.5071,-8.3053,38.8397,129.4656
302339.9840,419122,64,-0.2571,0.2959,0.4756,-24.6870,36.1069,114.8550
302339.9840,419132,64,-0.3210,0.1841,0.3860,-40.5191,33.8015,103.6794
302339.9840,419142,64,-0.4109,0.1304,0.3557,-43.5725,28.8855,99.1603
302340.1033,419152,65,-0.4023,0.1392,0.3938,-40.5496,15.2366,97.3282
302340.1033,419162,65,-0.3789,0.1560,0.4707,-35.7252,0.2443,94.7939
302340.1033,419172,65,-0.3428,0.2268,0.5706,-27.7252,-9.6641,94.4733
302340.1033,419182,65,-0.3015,0.3093,0.7322,-22.6260,-13.3282,97.0534
302340.1033,419192,65,-0.2334,0.4126,0.8618,-16.6260,-3.3130,103.8321
302340.1033,419202,65,-0.3801,0.6428,0.8528,-2.4275,24.1374,107.7557
302340.1033,419212,65,-0.6221,0.8721,0.7646,4.5496,46.0916,103.5725
302340.1033,419222,65,-0.7485,1.0222,0.6841,0.7176,47.5573,89.8779
302340.1033,419232,65,-0.8040,1.0710,0.6094,-8.5954,42.2595,70.3969
302340.1033,419242,65,-0.8616,1.0259,0.5166,-20.1374,39.6031,47.9237
302340.2217,419252,66,-0.9241,0.9260,0.4211,-32.3969,36.0458,24.1527
302340.2217,419262,66,-0.9060,0.7241,0.3792,-43.3740,23.0840,8.1832
302340.2217,419272,66,-0.8105,0.5779,0.4551,-43.0840,8.4885,-3.3740
302340.2217,419282,66,-0.7791,0.4888,0.5203,-36.9008,2.6107,-9.4046
302340.2217,419292,66,-0.7625,0.4089,0.5659,-33.0687,3.0534,-14.5496
302340.2217,419302,66,-0.7642,0.3247,0.5918,-29.9084,3.8321,-15.2519
302340.2217,419312,66,-0.7800,0.2754,0.6084,-24.6260,2.5038,-15.0382
302340.2217,419322,66,-0.7742,0.2085,0.6091,-20.0000,-1.5573,-16.4733
302340.2217,419332,66,-0.7625,0.1184,0.6001,-17.0840,-4.8702,-15.9542
302340.2217,419342,66,-0.7642,0.0535,0.5979,-11.4198,-7.8626,-13.1298
302340.2846,419352,67,-0.7549,0.0393,0.6313,-3.9847,-12.4580,-8.8702
302340.2846,419362,67,-0.6914,0.0261,0.6943,1.2061,-16.4733,-5.6641
302340.2846,419372,67,-0.6917,0.0161,0.7446,5.2214,-11.1908,-3.3435
302340.2846,419382,67,-0.6804,0.0159,0.7283,7.0382,-6.3206,-2.1679
302340.2846,419392,67,-0.7283,-0.0081,0.7151,5.0687,-3.3130,-0.7939
302340.2846,419402,67,-0.7136,-0.0229,0.7231,2.9466,-2.9466,0.2748
302340.2846,419412,67,-0.6841,-0.0366,0.7373,1.6641,0.4427,0.4427
302340.2846,419422,67,-0.7034,-0.0505,0.7178,0.7023,6.3206,1.5725
302340.2846,419432,67,-0.7266,-0.0576,0.6855,0.0763,7.8779,4.1527
302340.2846,419442,67,-0.7256,-0.0581,0.6672,1.7557,4.3817,6.9313
302340.4036,419452,68,-0.7305,-0.0361,0.6702,5.5420,2.0611,9.1603
302340.4036,419462,68,-0.7500,-0.0251,0.6423,7.1145,1.5115,10.3359
302340.4036,419472,68,-0.7686,-0.0242,0.6106,6.6870,0.7176,11.5267
302340.4036,419482,68,-0.7725,-0.0051,0.5981,7.3740,-2.1069,12.8397
302340.4036,419492,68,-0.7629,0.0105,0.6108,7.8626,-5.5267,13.3740
302340.4036,419502,68,-0.7468,0.0400,0.6387,8.3511,-8.1374,13.0992
302340.4036,419512,68,-0.7192,0.0706,0.6709,7.7863,-8.7328,12.0305
302340.4036,419522,68,-0.7087,0.0872,0.6843,5.5725,-4.9160,10.4580
302340.4036,419532,68,-0.7410,0.0830,0.6558,1.2672,2.5496,8.4122
302340.4036,419542,68,-0.7939,0.0618,0.5872,-3.4198,5.6947,6.8550
302340.4638,419552,69,-0.8076,0.0579,0.5591,-5.3435,2.8244,5.8931
302340.4638,419562,69,-0.7957,0.0564,0.5710,-5.5725,-0.6565,4.6107
302340.4638,419572,69,-0.7842,0.0552,0.5854,-5.6031,-1.9237,3.6947
302340.4638,419582,69,-0.7844,0.0601,0.5828,-6.1832,-2.4885,3.5115
302340.4638,419592,69,-0.7927,0.0552,0.5771,-6.8092,-3.6947,3.3893
302340.4638,419602,69,-0.7759,0.0322,0.5920,-6.0153,-4.6412,2.9313
302340.4638,419612,69,-0.7622,0.0271,0.6060,-2.6870,-5.1450,3.0076
302340.4638,419622,69,-0.7546,0.0286,0.6160,-0.0153,-5.1145,3.9695
302340.4638,419632,69,-0.7500,0.0500,0.6235,1.7099,-4.7176,5.4809
302340.4638,419642,69,-0.7314,0.0889,0.6497,2.1832,-4.4733,6.4733
302340.5842,419652,70,-0.7192,0.1091,0.6653,0.1527,-0.9313,6.6107
302340.5842,419662,70,-0.7576,0.1257,0.6311,-2.8550,2.9466,5.8473
302340.5842,419672,70,-0.7759,0.1326,0.6101,-5.7252,1.8321,4.1832
302340.5842,419682,70,-0.7678,0.1177,0.6064,-7.3740,-2.2290,2.0305
302340.5842,419692,70,-0.7378,0.1069,0.6228,-7.0687,-4.3511,0.6412
302340.5842,419702,70,-0.7375,0.1216,0.6345,-5.3130,-3.7557,-0.4885
302340.5842,419712,70,-0.7522,0.1221,0.6260,-5.7710,-3.1908,-1.6031
302340.5842,419722,70,-0.7480,0.1079,0.6169,-6.5191,-4.5038,-2.7634
302340.5842,419732,70,-0.7234,0.0984,0.6404,-5.2061,-5.7099,-3.7252
302340.5842,419742,70,-0.7178,0.1003,0.6553,-4.2443,-4.0153,-3.8626
302340.7640,419752,71,-0.7200,0.0974,0.6516,-6.1374,-2.3969,-2.9924
302340.7640,419762,71,-0.7385,0.0972,0.6296,-7.6336,-0.0611,-1.9542
302340.7640,419772,71,-0.7598,0.1077,0.6130,-7.3740,0.0000,-1.6794
302340.7640,419782,71,-0.7668,0.1052,0.6057,-7.6794,-1.4504,-2.2290
302340.7640,419792,71,-0.7717,0.0972,0.5977,-7.7405,-3.6031,-3.1603
302340.7640,419802,71,-0.7659,0.0952,0.6067,-6.7939,-5.8931,-3.8626
302340.7640,419812,71,-0.7476,0.1028,0.6399,-6.0458,-6.2901,-4.6107
302340.7640,419822,71,-0.7395,0.0903,0.6523,-6.4427,-3.6794,-5.0382
302340.7640,419832,71,-0.7644,0.0906,0.6365,-5.8321,-1.4198,-5.5115
302340.7640,419842,71,-0.7729,0.0745,0.6372,-6.1069,-2.4580,-5.9237
302340.7672,419852,72,-0.7571,0.0593,0.6558,-5.5267,-4.8550,-6.7328
302340.7672,419862,72,-0.7334,0.0464,0.6858,-4.7786,-5.7099,-7.0687
302340.7672,419872,72,-0.7209,0.0176,0.6885,-6.1221,-4.0916,-6.2595
302340.7672,419882,72,-0.7378,0.0015,0.6663,-6.3511,-0.6718,-4.5038
302340.7672,419892,72,-0.7693,-0.0098,0.6428,-4.9924,0.0916,-2.7786
302340.7672,419902,72,-0.7708,-0.0120,0.6475,-2.3817,-3.0534,-0.7939
302340.7672,419912,72,-0.7278,-0.0020,0.6882,1.2214,-6.3206,1.2519
302340.7672,419922,72,-0.7151,0.0098,0.7017,4.3206,-3.9695,3.1450
302340.7672,419932,72,-0.7498,0.0293,0.6702,6.0153,-0.0763,4.6870
302340.7672,419942,72,-0.7996,0.0557,0.6348,5.8931,0.5038,6.1374
302340.8851,419952,73,-0.8184,0.0835,0.6206,5.8321,-3.2519,5.4198
302340.8851,419962,73,-0.7981,0.0913,0.6296,5.5267,-8.7634,2.9771
302340.8851,419972,73,-0.7708,0.0952,0.6506,5.0229,-11.5420,0.4275
302340.8851,419982,73,-0.7581,0.0938,0.6621,2.9160,-10.9008,-1.1756
302340.8851,419992,73,-0.7434,0.0676,0.6619,0.8397,-7.6489,-2.0305
302340.8851,420002,73,-0.7546,0.0532,0.6582,0.4275,-4.2443,-2.1069
302340.8851,420012,73,-0.7390,0.0354,0.6738,2.2290,-1.9084,-1.1603
302340.8851,420022,73,-0.7566,0.0515,0.6750,7.6947,2.0305,-0.3359
302340.8851,420032,73,-0.7810,0.0774,0.6648,9.2977,4.5496,0.3817
302340.8851,420042,73,-0.7888,0.0864,0.6516,6.0000,3.3130,0.5496
302341.0036,420052,74,-0.7856,0.0781,0.6497,2.9160,0.3053,-0.1679
302341.0036,420062,74,-0.7866,0.0815,0.6404,1.1450,-2.1221,-0.9008
302341.0036,420072,74,-0.7805,0.0762,0.6282,-0.7481,-4.3664,-1.8473
302341.0036,420082,74,-0.7678,0.0708,0.6428,-1.4809,-6.7939,-2.5344
302341.0036,420092,74,-0.7114,0.0632,0.6802,-1.2519,-7.8931,-2.7481
302341.0036,420102,74,-0.6914,0.0598,0.6963,1.1908,-2.7634,-3.1450
302341.0036,420112,74,-0.7324,0.0540,0.6650,1.9695,3.5573,-2.9771
302341.0036,420122,74,-0.7585,0.0559,0.6284,1.4656,5.1603,-1.8779
302341.0036,420132,74,-0.7744,0.0732,0.6189,2.3206,3.3130,-1.2519
302341.0036,420142,74,-0.7532,0.0784,0.6306,2.2290,-0.6260,-1.2672
302341.0638,420152,75,-0.7383,0.0771,0.6484,1.4198,-3.3588,-1.8779
302341.0638,420162,75,-0.7285,0.0864,0.6694,0.2137,-5.2519,-2.3206
302341.0638,420172,75,-0.7119,0.0649,0.6592,-2.0458,-6.7176,-3.1908
302341.0638,420182,75,-0.7061,0.0447,0.6692,-3.9389,-8.4275,-2.7634
302341.0638,420192,75,-0.6589,0.0464,0.7246,-2.2901,-10.9160,-2.1832
302341.0638,420202,75,-0.5986,0.0513,0.7798,0.3664,-7.9084,-2.7634
302341.0638,420212,75,-0.6045,0.0503,0.7725,-0.4885,0.9771,-1.7710
302341.0638,420222,75,-0.6328,0.0571,0.7275,-4.0916,7.8321,1.0534
302341.0638,420232,75,-0.6658,0.0679,0.6729,-6.4580,10.6107,3.4504
302341.0638,420242,75,-0.6575,0.0662,0.6338,-8.2137,9.0229,4.7481
302341.1835,420252,76,-0.6348,0.0823,0.6223,-8.0916,5.8015,5.3588
302341.1835,420262,76,-0.6121,0.1042,0.6074,-8.5954,3.7099,5.0840
302341.1835,420272,76,-0.5938,0.1189,0.5833,-10.7176,2.0611,4.7634
302341.1835,420282,76,-0.5940,0.1265,0.5557,-14.0000,0.0305,4.8092
302341.1835,420292,76,-0.5728,0.1296,0.5430,-16.8397,-4.1221,3.8931
302341.1835,420302,76,-0.5479,0.1323,0.5562,-19.3588,-8.9618,2.3053
302341.1835,420312,76,-0.4785,0.1016,0.5608,-22.1374,-11.3588,0.5191
302341.1835,420322,76,-0.4763,0.0684,0.5486,-21.7710,-4.8702,0.5344
302341.1835,420332,76,-0.5259,0.0801,0.5105,-20.5649,-0.5344,3.2519
302341.1835,420342,76,-0.5193,0.0967,0.4927,-21.2214,-4.9008,5.4504
302341.3035,420352,77,-0.4939,0.1265,0.4988,-21.4351,-9.8779,4.9160
302341.3035,420362,77,-0.4565,0.1455,0.4841,-24.1985,-13.8779,3.1908
302341.3035,420372,77,-0.4666,0.1399,0.4541,-27.6489,-14.3817,1.2366
302341.3035,420382,77,-0.5034,0.1472,0.4153,-29.7099,-15.2061,0.3206
302341.3035,420392,77,-0.5183,0.1831,0.3875,-30.7481,-21.6641,-1.8015
302341.3035,420402,77,-0.5498,0.1799,0.3616,-32.7786,-28.1221,-6.2290
302341.3035,420412,77,-0.5405,0.1777,0.3513,-34.9618,-38.3664,-11.6947
302341.3035,420422,77,-0.5322,0.1516,0.3396,-39.9084,-50.0916,-16.3817
302341.3035,420432,77,-0.5125,0.1052,0.3325,-46.0611,-60.5038,-19.2519
302341.3035,420442,77,-0.4788,0.0544,0.3345,-48.2901,-67.6794,-20.4427
302341.3640,420452,78,-0.4885,0.0469,0.3267,-47.4656,-73.3588,-21.0840
302341.3640,420462,78,-0.4907,0.0239,0.3267,-48.7481,-83.6489,-19.9084
302341.3640,420472,78,-0.4993,0.0437,0.3455,-47.4351,-93.8168,-15.8931
302341.3640,420482,78,-0.4910,0.0881,0.3684,-42.6870,-104.4275,-12.0611
302341.3640,420492,78,-0.5034,0.1912,0.4102,-33.5115,-114.5496,-13.8931
302341.3640,420502,78,-0.5186,0.3030,0.4412,-23.4351,-123.4656,-24.7023
302341.3640,420512,78,-0.5017,0.3420,0.4426,-20.2748,-130.1832,-41.6489
302341.3640,420522,78,-0.4980,0.3169,0.4177,-26.2595,-132.3969,-56.3359
302341.3640,420532,78,-0.5151,0.2942,0.3669,-37.8168,-134.7176,-65.3130
302341.3640,420542,78,-0.5149,0.2444,0.3103,-54.3511,-140.1069,-71.8779
302341.4846,420552,79,-0.4954,0.1567,0.2615,-73.3282,-147.8168,-78.0611
302341.4846,420562,79,-0.4807,0.0059,0.2329,-88.1832,-159.0992,-83.0687
302341.4846,420572,79,-0.4539,-0.2000,0.2351,-91.1145,-172.8855,-84.8244
302341.4846,420582,79,-0.3674,-0.2549,0.3115,-74.9160,-184.2595,-80.1679
302341.4846,420592,79,-0.3103,-0.1992,0.4238,-52.9313,-193.1145,-71.2672
302341.4846,420602,79,-0.2883,-0.1235,0.5071,-37.9542,-200.3053,-63.6336
302341.4846,420612,79,-0.3140,-0.0481,0.5674,-30.3053,-201.0229,-57.9084
302341.4846,420622,79,-0.3125,-0.0071,0.6401,-28.9924,-202.9924,-54.7328
302341.4846,420632,79,-0.2366,-0.0479,0.7461,-29.9389,-203.9237,-54.8397
302341.4846,420642,79,-0.2271,-0.0886,0.8398,-25.4962,-190.9924,-57.6947
302341.6038,420652,80,-0.2793,-0.1218,0.9333,-22.5802,-176.0305,-63.9847
302341.6038,420662,80,-0.2463,-0.1812,1.0400,-24.4427,-169.4198,-71.1145
302341.6038,420672,80,-0.1182,-0.2908,1.2051,-24.5038,-167.8473,-78.5038
302341.6038,420682,80,0.0281,-0.4087,1.3811,-21.6031,-164.0458,-81.1450
302341.6038,420692,80,0.1404,-0.4670,1.5366,-19.0534,-154.6107,-74.3511
302341.6038,420702,80,0.1721,-0.5107,1.6445,-18.5954,-136.4122,-63.3588
302341.6038,420712,80,0.1350,-0.5083,1.6826,-15.7863,-114.0000,-56.4580
302341.6038,420722,80,0.0991,-0.5254,1.6880,-14.8855,-99.4198,-52.0153
302341.6038,420732,80,0.1345,-0.5808,1.7192,-15.8779,-94.2137,-45.6183
302341.6038,420742,80,0.1797,-0.6296,1.7322,-16.0916,-93.3130,-34.9008
302341.6636,420752,81,0.1587,-0.6421,1.6992,-13.3740,-86.7939,-22.0305
302341.6636,420762,81,0.0845,-0.6208,1.6355,-8.3053,-75.3588,-11.4046
302341.6636,420772,81,0.0076,-0.5781,1.5562,-1.6794,-64.9924,-3.9542
302341.6636,420782,81,-0.0642,-0.4971,1.5168,8.3511,-54.8397,-3.8473
302341.6636,420792,81,-0.0842,-0.4202,1.4846,12.9618,-48.6107,-7.1756
302341.6636,420802,81,-0.0686,-0.3701,1.4612,9.2519,-43.8473,-9.9847
302341.6636,420812,81,-0.0393,-0.3447,1.4451,1.1603,-39.6031,-12.0763
302341.6636,420822,81,0.0039,-0.3511,1.4365,-7.4504,-36.8092,-13.5573
302341.6636,420832,81,0.0708,-0.3840,1.4133,-13.9847,-36.6718,-13.0382
302341.6636,420842,81,0.0864,-0.4109,1.3804,-16.4275,-29.0840,-11.7252
302341.7826,420852,82,0.0593,-0.4185,1.3467,-14.2901,-16.5802,-10.5496
302341.7826,420862,82,0.0464,-0.4421,1.3040,-12.0611,-9.6336,-9.1756
302341.7826,420872,82,0.0610,-0.4551,1.2776,-7.8931,-5.9389,-7.1756
302341.7826,420882,82,0.0564,-0.4314,1.2554,-0.8702,-2.1832,-5.0840
302341.7826,420892,82,0.0583,-0.3977,1.2344,4.6870,-0.9466,-2.7634
302341.7826,420902,82,0.0698,-0.3687,1.2241,7.4809,-3.7557,-0.6260
302341.7826,420912,82,0.1001,-0.3442,1.2356,8.5649,-4.7328,0.8550
302341.7826,420922,82,0.1438,-0.3394,1.2446,8.2595,-5.3740,2.1985
302341.7826,420932,82,0.1167,-0.3264,1.2317,7.9084,-2.0458,4.3053
302341.7826,420942,82,0.1050,-0.3279,1.2312,5.8473,4.7023,2.7481
302341.9035,420952,83,0.1130,-0.3367,1.2148,3.6336,10.7481,1.2672
302341.9035,420962,83,0.0500,-0.3459,1.1772,1.9084,16.1679,2.5038
302341.9035,420972,83,0.0374,-0.3508,1.1636,4.4427,15.6031,0.7786
302341.9035,420982,83,0.0901,-0.3464,1.1785,9.6489,12.3511,-2.3969
302341.9035,420992,83,0.1121,-0.3250,1.1907,14.1527,11.6489,-1.9237
302341.9035,421002,83,0.1138,-0.2991,1.1677,15.9847,14.9924,-0.0611
302341.9035,421012,83,0.0896,-0.2539,1.1477,16.3053,22.3053,-0.9771
302341.9035,421022,83,0.0542,-0.2273,1.1189,13.5573,28.0458,-3.4656
302341.9035,421032,83,0.0105,-0.2168,1.0991,9.6183,31.0382,-6.1985
302341.9035,421042,83,0.0061,-0.2217,1.0828,5.0992,31.5878,-9.4198
302341.9645,421052,84,-0.0188,-0.2378,1.0659,2.0458,34.8855,-13.6489
302341.9645,421062,84,-0.0557,-0.2559,1.0457,0.1832,35.4504,-17.1908
302341.9645,421072,84,-0.0647,-0.2798,1.0466,0.0458,29.9084,-19.1756
302341.9645,421082,84,-0.0188,-0.3064,1.0645,1.6947,20.8855,-20.5954
302341.9645,421092,84,0.0278,-0.3135,1.0991,4.5191,18.7481,-21.8015
302341.9645,421102,84,0.0891,-0.3174,1.1265,5.6641,21.3588,-20.9008
302341.9645,421112,84,0.0811,-0.3325,1.1079,4.6565,28.1527,-18.6107
302341.9645,421122,84,0.0374,-0.3418,1.0745,4.1527,37.0534,-17.3130
302341.9645,421132,84,0.0176,-0.3445,1.0320,5.6183,40.6260,-15.4962
302341.9645,421142,84,-0.0083,-0.3247,1.0115,10.3511,41.2214,-14.0305
302342.0842,421152,85,-0.0273,-0.2903,0.9946,14.3053,40.8550,-13.3588
302342.0842,421162,85,-0.0239,-0.2681,0.9905,14.9466,41.2824,-13.3435
302342.0842,421172,85,-0.0522,-0.2327,0.9636,15.8779,43.8779,-13.7710
302342.0842,421182,85,-0.0864,-0.2007,0.9360,16.2901,43.6641,-16.1221
302342.0842,421192,85,-0.0913,-0.1902,0.9187,12.9924,39.2519,-17.0992
302342.0842,421202,85,-0.0796,-0.1914,0.9333,8.8702,35.1756,-17.9084
302342.0842,421212,85,-0.0454,-0.1946,0.9304,6.0611,33.0687,-18.6107
302342.0842,421222,85,-0.0781,-0.1912,0.9070,4.2748,34.9160,-17.9695
302342.0842,421232,85,-0.0962,-0.2014,0.8953,3.3588,32.3817,-18.7328
302342.0842,421242,85,-0.0825,-0.1931,0.9009,4.5954,25.7405,-19.3893
