host_time_s,device_ms,seq,ax_g,ay_g,az_g,gx_dps,gy_dps,gz_dps
303000.1446,1079252,10,1.1084,-0.4294,0.1831,-217.3740,-475.2366,-97.2824
303000.1446,1079262,10,1.1572,-0.3987,0.1584,-209.1603,-452.8550,-98.9924
303000.1446,1079272,10,1.3032,-0.3643,0.0808,-208.7786,-439.2366,-99.9237
303000.1446,1079282,10,1.4580,-0.3638,-0.0195,-216.9008,-423.6031,-98.7939
303000.1446,1079292,10,1.6160,-0.4463,-0.1384,-230.1069,-409.4809,-100.3664
303000.1446,1079302,10,1.8738,-0.6938,-0.1785,-244.2290,-406.6565,-105.0840
303000.1446,1079312,10,2.1714,-0.9451,-0.1626,-254.2290,-419.8321,-99.4046
303000.1446,1079322,10,2.2542,-1.0337,-0.0833,-254.1679,-412.5954,-77.9695
303000.1446,1079332,10,2.2297,-1.0828,-0.0393,-246.6870,-376.8397,-63.0229
303000.1446,1079342,10,2.1838,-1.0750,-0.0032,-234.7634,-322.4885,-61.8626
303000.2502,1079352,11,2.1396,-1.0391,0.0215,-222.9924,-264.2137,-62.0611
303000.2502,1079362,11,1.9951,-0.9802,0.0261,-208.3206,-204.3817,-59.9847
303000.2502,1079372,11,1.9006,-0.9355,0.0061,-194.8702,-150.9008,-60.5038
303000.2502,1079382,11,1.8137,-0.9067,-0.0112,-186.5191,-115.9695,-65.6641
303000.2502,1079392,11,1.7551,-0.9490,-0.0293,-182.4733,-82.4427,-77.8626
303000.2502,1079402,11,1.7822,-0.9573,-0.0342,-173.0076,-53.9542,-89.3893
303000.2502,1079412,11,1.7114,-0.9863,-0.0608,-166.2595,-24.0153,-94.4580
303000.2502,1079422,11,1.5310,-0.9651,-0.1296,-161.5267,2.4427,-92.5191
303000.2502,1079432,11,1.4714,-0.9189,-0.1406,-151.6336,10.7634,-95.5878
303000.2502,1079442,11,1.4148,-0.9172,-0.1648,-145.1145,9.0229,-98.3969
303000.3547,1079452,12,1.3462,-0.9204,-0.2017,-137.4656,4.1374,-97.6489
303000.3547,1079462,12,1.3228,-0.8875,-0.2012,-125.8015,-1.0687,-100.0611
303000.3547,1079472,12,1.2974,-0.8621,-0.2100,-116.6260,-5.7099,-97.8015
303000.3547,1079482,12,1.2839,-0.8330,-0.2063,-110.2748,-11.3588,-91.2366
303000.3547,1079492,12,1.2668,-0.7981,-0.2180,-107.2672,-15.1603,-84.7023
303000.3547,1079502,12,1.2388,-0.7808,-0.2292,-108.6870,-17.2824,-76.4427
303000.3547,1079512,12,1.2153,-0.7778,-0.2498,-111.9389,-19.1298,-67.4504
303000.3547,1079522,12,1.2021,-0.7747,-0.2700,-113.7405,-19.6183,-59.7099
303000.3547,1079532,12,1.1853,-0.7805,-0.2808,-113.1603,-18.4427,-51.3588
303000.3547,1079542,12,1.1304,-0.6882,-0.2742,-106.5496,-16.3359,-41.2519
303000.4442,1079552,13,1.1013,-0.6934,-0.3086,-101.5573,-12.8855,-30.4275
303000.4442,1079562,13,1.1343,-0.6875,-0.2905,-94.6870,-12.8397,-26.7176
303000.4442,1079572,13,1.1936,-0.6528,-0.2871,-88.7023,-8.1832,-29.1603
303000.4442,1079582,13,1.1948,-0.6064,-0.2859,-79.4504,-1.7099,-23.3130
303000.4442,1079592,13,1.1772,-0.6018,-0.3125,-75.5725,6.8397,-16.6412
303000.4442,1079602,13,1.1589,-0.5967,-0.3201,-72.2443,15.8473,-13.6183
303000.4442,1079612,13,1.1455,-0.5803,-0.3208,-66.8244,23.3435,-12.4885
303000.4442,1079622,13,1.1260,-0.5703,-0.3245,-62.9160,28.5496,-9.2061
303000.4442,1079632,13,1.0942,-0.5618,-0.3354,-60.0153,32.4885,-2.9313
303000.4442,1079642,13,1.0669,-0.5544,-0.3381,-58.3206,35.0534,3.2977
303000.5504,1079652,14,1.0457,-0.5398,-0.3247,-56.5344,35.7099,10.1221
303000.5504,1079662,14,1.0342,-0.5127,-0.3147,-55.8626,33.3740,19.0687
303000.5504,1079672,14,1.0249,-0.4844,-0.3088,-57.6336,29.4198,28.8855
303000.5504,1079682,14,1.0127,-0.4624,-0.2979,-60.5954,26.9924,38.6107
303000.5504,1079692,14,0.9971,-0.4543,-0.2966,-62.7939,27.0840,47.0534
303000.5504,1079702,14,0.9800,-0.4507,-0.3125,-62.5802,29.0076,53.5115
303000.5504,1079712,14,0.9568,-0.4475,-0.3271,-59.3893,31.2519,57.3893
303000.5504,1079722,14,0.9321,-0.4326,-0.3406,-53.9542,32.0153,59.6183
303000.5504,1079732,14,0.9224,-0.4202,-0.3479,-46.8397,30.1069,60.5649
303000.5504,1079742,14,0.9214,-0.4004,-0.3569,-38.6870,27.2214,60.7939
303000.6538,1079752,15,0.9102,-0.3811,-0.3528,-29.4504,25.1145,60.7634
303000.6538,1079762,15,0.8997,-0.3479,-0.3484,-19.2824,23.2977,59.3893
303000.6538,1079772,15,0.8828,-0.3108,-0.3354,-10.3359,21.3893,57.0992
303000.6538,1079782,15,0.8667,-0.2751,-0.3230,-4.2290,18.2290,54.3817
303000.6538,1079792,15,0.8601,-0.2529,-0.3096,-1.1298,14.0611,51.2214
303000.6538,1079802,15,0.8513,-0.2378,-0.2913,0.1832,9.7252,47.9389
303000.6538,1079812,15,0.8479,-0.2256,-0.2744,0.4122,5.4809,44.5344
303000.6538,1079822,15,0.8501,-0.2163,-0.2600,-0.4275,1.3893,40.9924
303000.6538,1079832,15,0.8552,-0.2166,-0.2373,-1.8931,-1.9237,37.4656
303000.6538,1079842,15,0.8667,-0.2229,-0.2290,-3.9084,-4.0763,33.8626
303000.7450,1079852,16,0.8735,-0.2344,-0.2249,-5.8931,-4.7328,30.5038
303000.7450,1079862,16,0.8743,-0.2441,-0.2253,-6.9160,-4.4733,27.4504
303000.7450,1079872,16,0.8774,-0.2478,-0.2329,-6.6260,-4.3511,24.3817
303000.7450,1079882,16,0.8865,-0.2551,-0.2356,-4.8397,-4.3206,20.8550
303000.7450,1079892,16,0.8950,-0.2573,-0.2358,-2.1679,-3.9847,16.8550
303000.7450,1079902,16,0.8984,-0.2549,-0.2375,0.6718,-3.4809,12.8244
303000.7450,1079912,16,0.9023,-0.2534,-0.2383,2.9313,-3.2214,8.8244
303000.7450,1079922,16,0.9055,-0.2551,-0.2324,3.9542,-3.4656,4.8550
303000.7450,1079932,16,0.9104,-0.2642,-0.2402,3.9695,-3.8015,1.1603
303000.7450,1079942,16,0.9204,-0.2827,-0.2424,3.5420,-3.8779,-1.8779
303000.8635,1079952,17,0.9277,-0.2925,-0.2451,3.2977,-3.8321,-3.9542
303000.8635,1079962,17,0.9348,-0.3035,-0.2466,3.3588,-4.5344,-5.3435
303000.8635,1079972,17,0.9424,-0.3196,-0.2358,3.2214,-6.0611,-5.7405
303000.8635,1079982,17,0.9502,-0.3264,-0.2297,3.0382,-7.7252,-5.3588
303000.8635,1079992,17,0.9526,-0.3286,-0.2192,2.7786,-9.1603,-4.6412
303000.8635,1080002,17,0.9590,-0.3298,-0.2114,1.9847,-10.0763,-3.5725
303000.8635,1080012,17,0.9656,-0.3328,-0.2100,0.8855,-10.2290,-2.2443
303000.8635,1080022,17,0.9656,-0.3384,-0.2126,0.2748,-9.3893,-1.2061
303000.8635,1080032,17,0.9573,-0.3406,-0.2117,0.5649,-8.1679,-0.7023
303000.8635,1080042,17,0.9509,-0.3420,-0.2188,1.9847,-7.3588,-0.7786
303000.9551,1080052,18,0.9451,-0.3447,-0.2258,4.4122,-7.1756,-1.2672
303000.9551,1080062,18,0.9460,-0.3374,-0.2292,7.8626,-7.3893,-2.1527
303000.9551,1080072,18,0.9502,-0.3281,-0.2297,11.7099,-7.9237,-3.5878
303000.9551,1080082,18,0.9626,-0.3191,-0.2324,15.3130,-8.3206,-5.3130
303000.9551,1080092,18,0.9727,-0.3167,-0.2371,18.3969,-8.1985,-7.1908
303000.9551,1080102,18,0.9819,-0.3113,-0.2363,20.7481,-7.8779,-8.8550
303000.9551,1080112,18,0.9863,-0.3098,-0.2390,22.1832,-7.2519,-9.9084
303000.9551,1080122,18,0.9883,-0.3142,-0.2378,22.6260,-6.4885,-10.4122
303000.9551,1080132,18,0.9885,-0.3208,-0.2458,22.6565,-5.7405,-10.4427
303000.9551,1080142,18,0.9910,-0.3269,-0.2473,22.4275,-4.9771,-9.9389
303001.0449,1080152,19,0.9873,-0.3308,-0.2529,22.3511,-4.4122,-8.8092
303001.0449,1080162,19,0.9863,-0.3303,-0.2559,22.4427,-4.1985,-7.2672
303001.0449,1080172,19,0.9841,-0.3247,-0.2534,22.4275,-4.4885,-5.5115
303001.0449,1080182,19,0.9778,-0.3162,-0.2502,21.8779,-5.1603,-3.7252
303001.0449,1080192,19,0.9700,-0.3113,-0.2397,21.0687,-5.6489,-2.0763
303001.0449,1080202,19,0.9678,-0.2964,-0.2349,20.1221,-5.6183,-0.6870
303001.0449,1080212,19,0.9570,-0.2888,-0.2358,18.9008,-5.2824,0.5191
303001.0449,1080222,19,0.9497,-0.2825,-0.2383,17.7863,-4.4275,1.4351
303001.0449,1080232,19,0.9438,-0.2793,-0.2417,17.0534,-3.4809,2.1679
303001.0449,1080242,19,0.9375,-0.2686,-0.2415,16.6870,-3.3435,2.7634
303001.1488,1080252,20,0.9309,-0.2595,-0.2437,16.6107,-4.4885,2.7481
303001.1488,1080262,20,0.9343,-0.2483,-0.2356,16.5802,-6.4733,1.9237
303001.1488,1080272,20,0.9377,-0.2380,-0.2273,16.2595,-8.1374,0.3511
303001.1488,1080282,20,0.9377,-0.2371,-0.2214,15.5267,-8.9618,-2.1221
303001.1488,1080292,20,0.9441,-0.2451,-0.2214,14.4275,-8.9618,-4.8550
303001.1488,1080302,20,0.9490,-0.2637,-0.2207,13.4351,-8.5496,-7.3588
303001.1488,1080312,20,0.9526,-0.2825,-0.2256,13.0076,-7.6031,-9.3588
303001.1488,1080322,20,0.9524,-0.3049,-0.2300,12.8702,-7.0840,-10.6718
303001.1488,1080332,20,0.9607,-0.3386,-0.2339,11.9389,-7.4198,-11.6794
303001.1488,1080342,20,0.9590,-0.3689,-0.2366,11.1756,-6.9924,-11.9695
303001.2549,1080352,21,0.9512,-0.3843,-0.2327,10.9466,-6.7176,-10.3969
303001.2549,1080362,21,0.9465,-0.3831,-0.2188,10.1679,-8.1374,-7.3588
303001.2549,1080372,21,0.9458,-0.3804,-0.2163,8.0763,-9.7557,-4.0458
303001.2549,1080382,21,0.9460,-0.3809,-0.2046,4.7328,-10.5649,-0.9924
303001.2549,1080392,21,0.9443,-0.3892,-0.2070,1.1756,-10.3664,1.4656
303001.2549,1080402,21,0.9368,-0.3943,-0.2112,-1.2977,-9.4504,3.2366
303001.2549,1080412,21,0.9265,-0.4045,-0.2146,-2.3664,-8.7023,4.0916
303001.2549,1080422,21,0.9185,-0.4216,-0.2258,-2.0153,-8.3206,3.4198
303001.2549,1080432,21,0.9155,-0.4360,-0.2366,0.0916,-7.6489,2.0153
303001.2549,1080442,21,0.9160,-0.4468,-0.2397,3.4656,-7.3282,0.4427
303001.3455,1080452,22,0.9226,-0.4656,-0.2476,6.9771,-7.6031,-1.5267
303001.3455,1080462,22,0.9338,-0.4895,-0.2515,10.6260,-7.2672,-3.4962
303001.3455,1080472,22,0.9443,-0.5073,-0.2534,14.2443,-5.9237,-4.5649
303001.3455,1080482,22,0.9619,-0.5518,-0.2563,15.7863,-5.5878,-3.7099
303001.3455,1080492,22,0.9851,-0.6067,-0.2493,16.3206,-5.0687,-0.8244
303001.3455,1080502,22,1.0188,-0.6670,-0.2175,19.1298,-3.4962,4.2443
303001.3455,1080512,22,1.0642,-0.6987,-0.1929,24.6718,-3.5420,11.7557
303001.3455,1080522,22,1.0957,-0.6960,-0.1807,31.7405,-2.0305,20.5802
303001.3455,1080532,22,1.1035,-0.6963,-0.1860,36.7176,3.4809,27.5420
303001.3455,1080542,22,1.0989,-0.7144,-0.1912,39.9084,12.9618,31.5725
303001.4495,1080552,23,1.1189,-0.7759,-0.1760,42.5038,21.8015,35.9695
303001.4495,1080562,23,1.1626,-0.8870,-0.1594,44.9008,29.8779,45.7710
303001.4495,1080572,23,1.1704,-0.9829,-0.1582,52.0611,41.7099,62.3664
303001.4495,1080582,23,1.1680,-0.9875,-0.1653,67.6794,54.3359,85.1298
303001.4495,1080592,23,1.1372,-0.9414,-0.2217,85.0534,63.9847,99.6489
303001.4495,1080602,23,1.0620,-0.8928,-0.2197,98.5802,70.7328,104.3053
303001.4495,1080612,23,1.0178,-0.8472,-0.1973,105.4656,69.3588,107.4351
303001.4495,1080622,23,1.0193,-0.7964,-0.1360,108.7023,61.4504,110.7328
303001.4495,1080632,23,1.0562,-0.7957,-0.0684,109.4809,56.7786,108.9160
303001.4495,1080642,23,1.1199,-0.8433,0.0059,108.5954,60.8397,104.9008
303001.6001,1080652,24,1.1494,-0.9163,0.0269,107.8473,75.2977,101.7099
303001.6001,1080662,24,1.1670,-1.0139,0.0552,106.5802,89.6641,101.5420
303001.6001,1080672,24,1.1729,-1.0833,0.0774,110.2748,103.7252,107.7863
303001.6001,1080682,24,1.1208,-1.0505,0.0754,125.0382,117.6489,116.1069
303001.6001,1080692,24,1.0593,-0.9656,0.0940,139.3893,123.6641,118.5954
303001.6001,1080702,24,1.0347,-0.9016,0.1238,141.4504,122.4275,120.6412
303001.6001,1080712,24,1.0034,-0.8728,0.1475,132.3511,121.1603,125.7252
303001.6001,1080722,24,0.9734,-0.8889,0.1851,121.6336,117.2519,128.3664
303001.6001,1080732,24,0.9744,-0.9431,0.2351,118.5802,110.7634,125.7252
303001.6001,1080742,24,1.0098,-0.9949,0.2734,126.5038,105.8473,119.5725
303001.6599,1080752,25,1.0540,-1.0383,0.3147,139.5725,106.0305,112.1832
303001.6599,1080762,25,1.0652,-1.0598,0.3591,153.1756,114.5038,108.5802
303001.6599,1080772,25,1.0430,-1.0000,0.3831,165.9847,124.4427,110.3664
303001.6599,1080782,25,0.9692,-0.8865,0.3911,173.3893,132.5496,113.4809
303001.6599,1080792,25,0.8984,-0.7810,0.3931,169.0534,131.5878,113.2977
303001.6599,1080802,25,0.8826,-0.7568,0.4128,153.2977,125.4504,111.5573
303001.6599,1080812,25,0.9067,-0.7961,0.4333,134.0153,123.9084,110.4733
303001.6599,1080822,25,0.8787,-0.8159,0.4441,118.6107,130.1679,110.0000
303001.6599,1080832,25,0.8372,-0.8518,0.4426,107.8321,132.4427,107.8015
303001.6599,1080842,25,0.8564,-0.9482,0.4358,103.1908,127.8168,103.2519
303001.7794,1080852,26,0.8875,-1.0049,0.4631,111.2977,128.9008,98.3511
303001.7794,1080862,26,0.8816,-0.9934,0.4800,127.9084,135.9695,95.8626
303001.7794,1080872,26,0.8369,-0.9507,0.4648,139.8015,140.7939,97.8321
303001.7794,1080882,26,0.7927,-0.9155,0.4556,144.7328,144.0305,99.8473
303001.7794,1080892,26,0.7681,-0.9316,0.4651,145.9542,147.9847,101.1298
303001.7794,1080902,26,0.7485,-0.9297,0.4827,151.9389,153.7710,103.6336
303001.7794,1080912,26,0.7229,-0.8752,0.5366,164.4427,156.1832,102.9771
303001.7794,1080922,26,0.7383,-0.8174,0.5940,168.5496,151.5725,102.9008
303001.7794,1080932,26,0.7271,-0.7485,0.6235,164.1527,152.3969,104.5496
303001.7794,1080942,26,0.6836,-0.7090,0.6729,154.5038,156.7481,102.0000
303001.9603,1080952,27,0.6685,-0.7009,0.7224,141.5573,157.9389,99.4351
303001.9603,1080962,27,0.6572,-0.6970,0.7410,130.3053,161.6947,97.7710
303001.9603,1080972,27,0.6340,-0.7332,0.7534,119.2061,170.4580,94.2748
303001.9603,1080982,27,0.5786,-0.7693,0.7517,112.7786,180.7328,92.9160
303001.9603,1080992,27,0.5283,-0.7620,0.7341,114.0000,184.2748,90.3664
303001.9603,1081002,27,0.4900,-0.7317,0.7373,117.4351,181.6947,86.5649
303001.9603,1081012,27,0.4724,-0.7070,0.7434,119.5573,177.7710,85.2366
303001.9603,1081022,27,0.4246,-0.6582,0.7654,121.5725,176.0305,84.4885
303001.9603,1081032,27,0.3955,-0.5957,0.7861,121.8321,175.5725,82.8855
303001.9603,1081042,27,0.3953,-0.5564,0.8093,117.2366,177.2672,80.9466
303001.9611,1081052,28,0.3555,-0.5557,0.7732,110.7939,184.5496,78.7023
303001.9611,1081062,28,0.2891,-0.5559,0.7258,109.3893,191.2366,73.9847
303001.9611,1081072,28,0.2236,-0.5474,0.7024,110.8702,192.8550,69.6183
303001.9611,1081082,28,0.1875,-0.5210,0.6755,113.7252,194.9160,68.9160
303001.9611,1081092,28,0.1243,-0.5010,0.6409,118.0305,197.6183,65.5420
303001.9611,1081102,28,0.0522,-0.4519,0.6389,126.0611,198.8397,61.1298
303001.9611,1081112,28,0.0144,-0.3782,0.6340,135.8931,198.8550,56.9160
303001.9611,1081122,28,-0.0667,-0.2852,0.6316,142.1679,199.6794,53.7405
303001.9611,1081132,28,-0.1001,-0.2170,0.6240,138.8092,196.0916,48.9160
303001.9611,1081142,28,-0.1465,-0.1951,0.6096,131.5115,195.2519,45.5725
303002.0804,1081152,29,-0.1946,-0.1924,0.5930,124.1069,196.0763,41.3893
303002.0804,1081162,29,-0.2234,-0.1936,0.5686,117.7405,194.9160,37.3130
303002.0804,1081172,29,-0.2529,-0.1899,0.5293,113.6183,194.9160,35.0992
303002.0804,1081182,29,-0.3438,-0.1606,0.4829,110.6565,193.8321,34.9313
303002.0804,1081192,29,-0.3962,-0.1050,0.4333,104.1069,182.7634,34.1527
303002.0804,1081202,29,-0.4314,-0.0884,0.4104,97.3282,167.8168,35.7710
303002.0804,1081212,29,-0.4043,-0.0757,0.4167,95.5878,154.6565,35.5115
303002.0804,1081222,29,-0.4446,-0.0510,0.3882,96.4885,153.1908,32.3206
303002.0804,1081232,29,-0.5295,-0.0547,0.3108,93.2061,154.6260,28.6718
303002.0804,1081242,29,-0.5576,-0.0879,0.2808,88.1221,147.6794,26.4885
303002.1999,1081252,30,-0.5627,-0.0869,0.2952,92.4885,138.2443,26.3053
303002.1999,1081262,30,-0.5671,-0.0215,0.3474,101.4198,128.9618,20.6718
303002.1999,1081272,30,-0.5664,0.0178,0.3821,100.5802,118.9466,15.4962
303002.1999,1081282,30,-0.5715,0.0479,0.3845,91.4809,110.9160,12.0763
303002.1999,1081292,30,-0.5476,0.0435,0.3777,79.8931,100.0458,9.0840
303002.1999,1081302,30,-0.5449,0.0420,0.3713,74.7023,92.0763,5.7710
303002.1999,1081312,30,-0.6265,0.0706,0.3459,75.4351,87.8779,1.9084
303002.1999,1081322,30,-0.5974,0.0923,0.3518,74.0611,77.6336,-1.3282
303002.1999,1081332,30,-0.6299,0.0935,0.3250,71.2977,77.5573,-2.4275
303002.1999,1081342,30,-0.6765,0.0857,0.2979,69.6031,77.2214,-3.8015
303002.2811,1081352,31,-0.6785,0.0496,0.3359,68.5344,70.9618,-5.1298
303002.2811,1081362,31,-0.6782,0.0281,0.4060,71.5878,63.1450,-7.8168
303002.2811,1081372,31,-0.6855,0.0369,0.4705,73.0229,48.8702,-9.1145
303002.2811,1081382,31,-0.6829,0.0796,0.5471,69.4962,26.6565,-7.7405
303002.2811,1081392,31,-0.6404,0.1196,0.6638,60.6412,-0.7634,-6.3511
303002.2811,1081402,31,-0.5701,0.1436,0.7793,47.2061,-19.9237,-6.5649
303002.2811,1081412,31,-0.5405,0.1013,0.8372,32.9924,-23.9389,-9.6489
303002.2811,1081422,31,-0.5530,0.0334,0.8379,24.8244,-18.3817,-14.9160
303002.2811,1081432,31,-0.5613,-0.0312,0.8086,21.2366,-12.6718,-20.1832
303002.2811,1081442,31,-0.5410,-0.0920,0.8049,19.8779,-8.4122,-21.6489
303002.3799,1081452,32,-0.5469,-0.1023,0.8115,21.5267,-1.6947,-19.4046
303002.3799,1081462,32,-0.5610,-0.0820,0.7798,23.3435,3.0992,-15.5267
303002.3799,1081472,32,-0.5793,-0.0286,0.7412,23.1298,6.3664,-12.3817
303002.3799,1081482,32,-0.5889,0.0049,0.6934,18.0000,7.2977,-10.2443
303002.3799,1081492,32,-0.5923,-0.0015,0.6270,11.6794,8.0611,-9.4656
303002.3799,1081502,32,-0.6104,-0.0034,0.5779,9.1603,10.8397,-10.8397
303002.3799,1081512,32,-0.6006,-0.0271,0.5291,6.4427,11.6031,-12.3511
303002.3799,1081522,32,-0.6099,-0.0754,0.4944,4.5191,13.6947,-12.2443
303002.3799,1081532,32,-0.6143,-0.1145,0.4954,7.4198,15.4809,-10.3969
303002.3799,1081542,32,-0.6360,-0.0964,0.5085,13.4656,15.9237,-6.3053
303002.5002,1081552,33,-0.6487,-0.0574,0.4875,15.7099,12.4580,-1.5267
303002.5002,1081562,33,-0.6636,-0.0508,0.4583,13.4962,9.1298,2.3817
303002.5002,1081572,33,-0.6868,-0.0356,0.4333,10.3206,6.0000,5.0076
303002.5002,1081582,33,-0.7209,-0.0498,0.3813,6.3664,0.7328,6.9160
303002.5002,1081592,33,-0.7534,-0.0850,0.3127,3.1450,-3.9847,8.5954
303002.5002,1081602,33,-0.8015,-0.1060,0.2761,2.8855,-7.4962,10.8092
303002.5002,1081612,33,-0.8213,-0.0806,0.2964,3.5725,-15.3282,14.6870
303002.5002,1081622,33,-0.7429,-0.0303,0.3928,5.0992,-24.4580,18.9008
303002.5002,1081632,33,-0.6960,-0.0022,0.5442,6.1832,-24.7176,19.4962
303002.5002,1081642,33,-0.6982,0.0276,0.5874,4.2290,-17.3740,18.0000
303002.6193,1081652,34,-0.7700,0.0342,0.5574,0.6107,-7.3740,14.3511
303002.6193,1081662,34,-0.7952,0.0298,0.4961,-4.1069,-6.2595,9.7405
303002.6193,1081672,34,-0.7812,0.0098,0.4490,-9.9389,-9.8779,5.8626
303002.6193,1081682,34,-0.7375,-0.0381,0.4077,-17.1298,-14.3053,2.7786
303002.6193,1081692,34,-0.6855,-0.1064,0.3625,-23.5115,-18.3053,-0.1527
303002.6193,1081702,34,-0.6335,-0.1804,0.3374,-28.0916,-19.0076,-2.2595
303002.6193,1081712,34,-0.6204,-0.2480,0.3047,-32.6412,-17.2214,-1.5267
303002.6193,1081722,34,-0.6179,-0.3447,0.2522,-37.7099,-17.8626,5.3588
303002.6193,1081732,34,-0.6118,-0.3401,0.2395,-31.3893,-18.4580,16.5802
303002.6193,1081742,34,-0.5974,-0.2495,0.2446,-19.8931,-22.9008,26.7939
303002.6808,1081752,35,-0.5466,-0.1487,0.2510,-13.9542,-29.9695,33.6794
303002.6808,1081762,35,-0.5129,-0.0901,0.2231,-16.3359,-33.6641,37.0534
303002.6808,1081772,35,-0.4858,-0.0771,0.1746,-22.5954,-36.7023,36.4885
303002.6808,1081782,35,-0.4236,-0.0962,0.1277,-28.4885,-42.6107,32.4733
303002.6808,1081792,35,-0.3533,-0.1343,0.0925,-35.0840,-48.7634,27.8321
303002.6808,1081802,35,-0.3057,-0.1614,0.0874,-40.8550,-55.5573,25.8626
303002.6808,1081812,35,-0.2393,-0.1426,0.1416,-43.6183,-64.2901,26.9924
303002.6808,1081822,35,-0.1621,-0.0728,0.2559,-42.2137,-70.9466,28.6412
303002.6808,1081832,35,-0.1418,0.0486,0.3757,-39.4351,-72.1374,29.0229
303002.6808,1081842,35,-0.1504,0.1245,0.4434,-44.4122,-73.3282,25.3130
303002.8001,1081852,36,-0.1487,0.1294,0.4473,-57.1145,-75.3893,18.5649
303002.8001,1081862,36,-0.1729,0.0686,0.4312,-69.8779,-76.1679,13.5878
303002.8001,1081872,36,-0.1631,0.0454,0.4556,-74.3817,-81.2519,12.7328
303002.8001,1081882,36,-0.1458,0.0920,0.5068,-71.0840,-88.8855,15.4198
303002.8001,1081892,36,-0.1230,0.1985,0.5732,-64.0458,-96.1832,17.2214
303002.8001,1081902,36,-0.0669,0.2795,0.6357,-59.7405,-102.3817,13.2824
303002.8001,1081912,36,-0.0908,0.2974,0.6384,-60.3511,-102.4580,3.5878
303002.8001,1081922,36,-0.1479,0.2646,0.6277,-64.1527,-103.0076,-6.0000
303002.8001,1081932,36,-0.1697,0.1931,0.6357,-67.5878,-109.6947,-10.0305
303002.8001,1081942,36,-0.1631,0.1833,0.7104,-64.7328,-119.3130,-8.0916
303002.8602,1081952,37,-0.1182,0.2554,0.8489,-56.0305,-127.9847,-3.3588
303002.8602,1081962,37,-0.0881,0.3494,0.9990,-48.3511,-131.4809,1.2214
303002.8602,1081972,37,-0.0686,0.4502,1.1228,-44.1527,-132.2901,2.7634
303002.8602,1081982,37,-0.0955,0.5449,1.1838,-41.2366,-128.8092,-1.6489
303002.8602,1081992,37,-0.1526,0.5212,1.1094,-42.0611,-124.7786,-15.4046
303002.8602,1082002,37,-0.2429,0.4355,1.0356,-44.4122,-120.8550,-34.0916
303002.8602,1082012,37,-0.2539,0.3755,1.0564,-43.8779,-125.8626,-41.9237
303002.8602,1082022,37,-0.1738,0.3677,1.1658,-37.3130,-134.9160,-41.1450
303002.8602,1082032,37,-0.1392,0.4429,1.2996,-25.8779,-136.7481,-39.4198
303002.8602,1082042,37,-0.1575,0.5396,1.4016,-18.7023,-135.7405,-42.3359
303002.9797,1082052,38,-0.1250,0.5715,1.4680,-20.1527,-135.9542,-51.4198
303002.9797,1082062,38,-0.1462,0.5212,1.4946,-24.5496,-129.3282,-63.8015
303002.9797,1082072,38,-0.2114,0.4124,1.4729,-25.1908,-121.9084,-76.2137
303002.9797,1082082,38,-0.2473,0.2937,1.4497,-21.7252,-119.9847,-82.2901
303002.9797,1082092,38,-0.2388,0.2588,1.5042,-10.3969,-120.4733,-80.3511
303002.9797,1082102,38,-0.2131,0.3223,1.6128,4.3053,-120.4122,-75.0382
303002.9797,1082112,38,-0.1904,0.4185,1.7302,15.8931,-115.5267,-71.7710
303002.9797,1082122,38,-0.2036,0.5134,1.8123,20.8092,-106.0916,-72.9008
303002.9797,1082132,38,-0.2493,0.5522,1.8284,21.0992,-95.1450,-79.0229
303002.9797,1082142,38,-0.3115,0.4995,1.7891,18.8702,-84.3359,-89.4198
303003.1010,1082152,39,-0.3325,0.4390,1.7515,20.2137,-78.2748,-99.2977
303003.1010,1082162,39,-0.3176,0.4114,1.7576,25.7863,-77.7405,-106.0763
303003.1010,1082172,39,-0.2600,0.3948,1.8079,31.4809,-76.6412,-111.2214
303003.1010,1082182,39,-0.2424,0.3804,1.8669,35.8779,-69.2824,-117.4504
303003.1010,1082192,39,-0.2432,0.3396,1.9014,36.3359,-61.7099,-124.5649
303003.1010,1082202,39,-0.2466,0.2534,1.8997,34.2137,-54.7481,-131.3435
303003.1010,1082212,39,-0.2490,0.1394,1.8838,32.6565,-46.0305,-136.4427
303003.1010,1082222,39,-0.2454,0.0300,1.9006,35.8015,-38.3206,-138.6107
303003.1010,1082232,39,-0.2273,-0.0334,1.9324,42.3359,-31.7099,-137.7405
303003.1010,1082242,39,-0.2214,-0.0542,1.9709,46.8397,-23.0992,-134.6412
303003.1589,1082252,40,-0.2117,-0.0586,2.0095,47.6947,-14.9771,-132.3969
303003.1589,1082262,40,-0.2014,-0.0676,2.0369,47.0992,-7.7557,-132.8702
303003.1589,1082272,40,-0.1946,-0.0981,2.0479,45.1908,1.6183,-135.6947
303003.1589,1082282,40,-0.2102,-0.1606,2.0305,42.5954,11.9847,-139.9695
303003.1589,1082292,40,-0.2019,-0.2473,2.0034,40.4427,19.8168,-142.9924
303003.1589,1082302,40,-0.1943,-0.3167,1.9973,40.5038,27.2977,-142.1679
303003.1589,1082312,40,-0.1487,-0.3638,2.0007,41.2824,33.3282,-138.6107
303003.1589,1082322,40,-0.1121,-0.3977,1.9895,40.1221,41.0992,-133.6489
303003.1589,1082332,40,-0.0918,-0.4099,1.9617,39.5725,53.2519,-128.5344
303003.1589,1082342,40,-0.0925,-0.4087,1.9026,38.5649,66.9771,-125.5725
303003.2799,1082352,41,-0.0894,-0.4333,1.8286,34.8855,80.6107,-124.3359
303003.2799,1082362,41,-0.0981,-0.4702,1.7458,30.4275,93.1450,-122.9160
303003.2799,1082372,41,-0.0999,-0.5437,1.6643,27.8321,102.9618,-121.8931
303003.2799,1082382,41,-0.0996,-0.6006,1.5989,26.6870,111.3893,-119.6489
303003.2799,1082392,41,-0.1091,-0.6831,1.5225,24.2595,118.5802,-114.5496
303003.2799,1082402,41,-0.1345,-0.7646,1.4504,22.1832,124.2595,-107.6183
303003.2799,1082412,41,-0.1570,-0.8433,1.3843,20.5344,128.2748,-97.6336
303003.2799,1082422,41,-0.1982,-0.8909,1.3306,20.9160,130.1069,-85.2824
303003.2799,1082432,41,-0.2246,-0.9048,1.2800,22.7176,129.1603,-70.9771
303003.2799,1082442,41,-0.2305,-0.8955,1.2500,25.5420,127.6794,-58.5802
303003.3998,1082452,42,-0.2166,-0.8979,1.2319,26.9313,127.0992,-48.0916
303003.3998,1082462,42,-0.1980,-0.8782,1.2175,27.4962,129.6947,-38.0611
303003.3998,1082472,42,-0.2014,-0.8464,1.1992,26.5954,134.6718,-28.1069
303003.3998,1082482,42,-0.2134,-0.7847,1.1680,26.4275,137.9084,-18.9618
303003.3998,1082492,42,-0.2288,-0.7236,1.1428,25.7557,139.8626,-13.3435
303003.3998,1082502,42,-0.2419,-0.6848,1.0981,21.6641,140.7176,-10.3817
303003.3998,1082512,42,-0.2395,-0.6816,1.0476,15.3893,140.6870,-7.8473
303003.3998,1082522,42,-0.2556,-0.6953,0.9766,9.7863,140.1832,-5.1298
303003.3998,1082532,42,-0.2502,-0.6746,0.9375,5.6336,138.6718,0.1985
303003.3998,1082542,42,-0.2463,-0.6423,0.9233,2.1679,138.4275,5.2519
303003.4620,1082552,43,-0.2563,-0.6150,0.8711,-3.8473,140.2443,10.5344
303003.4620,1082562,43,-0.2529,-0.5964,0.8184,-9.3282,140.9771,15.3740
303003.4620,1082572,43,-0.2319,-0.5618,0.7856,-13.1908,139.0382,18.2443
303003.4620,1082582,43,-0.2014,-0.5464,0.7483,-18.0916,136.4275,20.8855
303003.4620,1082592,43,-0.1965,-0.5320,0.6956,-23.2061,134.1374,23.1450
303003.4620,1082602,43,-0.1904,-0.5015,0.6484,-28.6718,131.6641,26.5802
303003.4620,1082612,43,-0.2146,-0.4768,0.5732,-34.6107,128.9618,31.0992
303003.4620,1082622,43,-0.2620,-0.4724,0.4910,-38.9466,125.1450,34.0916
303003.4620,1082632,43,-0.2957,-0.4751,0.4136,-41.0687,120.3359,37.5115
303003.4620,1082642,43,-0.3105,-0.4800,0.3552,-39.3435,113.3740,41.6489
303003.5804,1082652,44,-0.3271,-0.4404,0.3394,-34.5802,105.2519,45.1603
303003.5804,1082662,44,-0.3442,-0.3997,0.3374,-33.1908,96.6107,49.0534
303003.5804,1082672,44,-0.3406,-0.3660,0.3425,-34.2748,89.2519,52.5038
303003.5804,1082682,44,-0.3518,-0.3257,0.3528,-35.6031,85.8321,53.6947
303003.5804,1082692,44,-0.3472,-0.3169,0.3384,-39.9084,82.4275,53.4656
303003.5804,1082702,44,-0.3591,-0.3398,0.2986,-44.0153,78.7634,53.2366
303003.5804,1082712,44,-0.3647,-0.3506,0.2954,-46.0611,74.7939,54.4885
303003.5804,1082722,44,-0.3813,-0.3608,0.2861,-48.0305,68.7328,58.4580
303003.5804,1082732,44,-0.3865,-0.3750,0.2808,-47.6641,62.5649,63.7710
303003.5804,1082742,44,-0.3792,-0.3425,0.3086,-43.2672,57.3740,67.9237
303003.6998,1082752,45,-0.3555,-0.3198,0.3308,-41.4351,52.2290,72.3511
303003.6998,1082762,45,-0.3582,-0.2839,0.3521,-41.0992,48.5344,76.6565
303003.6998,1082772,45,-0.3560,-0.2317,0.3887,-41.1145,43.5115,80.3817
303003.6998,1082782,45,-0.3381,-0.1777,0.4204,-42.0458,37.7863,82.1679
303003.6998,1082792,45,-0.3301,-0.1233,0.4495,-44.4580,36.0153,82.1069
303003.6998,1082802,45,-0.3240,-0.0715,0.4512,-48.8702,35.5115,80.6565
303003.6998,1082812,45,-0.3350,-0.0588,0.4160,-55.2672,33.9237,78.1069
303003.6998,1082822,45,-0.3643,-0.0586,0.3770,-61.6489,32.3359,75.4198
303003.6998,1082832,45,-0.3726,-0.0540,0.3542,-66.7481,27.9084,73.6183
303003.6998,1082842,45,-0.3696,-0.0591,0.3435,-70.7786,21.8321,73.3893
303003.7606,1082852,46,-0.3635,-0.0269,0.3594,-71.3282,16.0153,74.9313
303003.7606,1082862,46,-0.3208,0.0217,0.3984,-69.5878,9.6641,76.4275
303003.7606,1082872,46,-0.3196,0.0718,0.4004,-68.0611,6.4427,75.2824
303003.7606,1082882,46,-0.3474,0.0974,0.3611,-70.9924,6.0458,73.1603
303003.7606,1082892,46,-0.3513,0.0908,0.3237,-75.5420,4.0916,71.5420
303003.7606,1082902,46,-0.3440,0.0674,0.2888,-77.7252,-0.9008,69.7863
303003.7606,1082912,46,-0.3308,0.0701,0.3059,-77.3435,-6.9924,69.0076
303003.7606,1082922,46,-0.2930,0.1111,0.3511,-75.3740,-15.0229,70.3206
303003.7606,1082932,46,-0.2507,0.1440,0.3848,-74.0305,-22.3511,69.6947
303003.7606,1082942,46,-0.2371,0.1365,0.3721,-75.0534,-24.9924,66.9008
303003.8801,1082952,47,-0.2490,0.1296,0.3628,-76.4733,-27.4198,64.5344
303003.8801,1082962,47,-0.2544,0.1294,0.3508,-78.5496,-32.8244,66.1069
303003.8801,1082972,47,-0.2583,0.1443,0.3442,-78.4122,-37.3740,68.8397
303003.8801,1082982,47,-0.2598,0.1907,0.3484,-75.7099,-42.1374,68.9160
303003.8801,1082992,47,-0.2642,0.2332,0.3452,-74.8702,-47.0076,67.7252
303003.8801,1083002,47,-0.2495,0.2642,0.3655,-76.0153,-52.9924,65.5878
303003.8801,1083012,47,-0.2632,0.2866,0.3828,-77.2061,-59.5573,62.9618
303003.8801,1083022,47,-0.2673,0.3169,0.4214,-78.3359,-66.1374,60.2290
303003.8801,1083032,47,-0.2434,0.3184,0.4675,-80.0305,-73.1145,56.2137
303003.8801,1083042,47,-0.2271,0.3108,0.5239,-80.4122,-76.7786,50.9160
303004.0000,1083052,48,-0.2356,0.2822,0.5483,-80.5038,-78.5344,45.0840
303004.0000,1083062,48,-0.2576,0.2590,0.5566,-79.6336,-80.8092,42.4580
303004.0000,1083072,48,-0.2549,0.2522,0.5852,-76.8550,-84.1832,41.2824
303004.0000,1083082,48,-0.2368,0.2527,0.6133,-73.6183,-88.5954,39.0229
303004.0000,1083092,48,-0.2139,0.2678,0.6479,-71.1756,-92.8244,37.1603
303004.0000,1083102,48,-0.2332,0.2517,0.6431,-71.6031,-95.2824,35.7252
303004.0000,1083112,48,-0.2805,0.2192,0.6265,-70.9466,-94.6107,35.3588
303004.0000,1083122,48,-0.3149,0.2019,0.6462,-65.2061,-96.4733,37.7557
303004.0000,1083132,48,-0.3418,0.2466,0.6914,-53.8779,-98.0458,43.1908
303004.0000,1083142,48,-0.3237,0.3564,0.7896,-40.5496,-103.8626,47.1756
303004.0606,1083152,49,-0.2632,0.4666,0.9121,-32.0916,-112.5496,48.2595
303004.0606,1083162,49,-0.2285,0.6096,1.0183,-30.7328,-116.5344,46.8702
303004.0606,1083172,49,-0.2258,0.7432,1.1025,-37.3588,-117.5573,40.0611
303004.0606,1083182,49,-0.2371,0.7947,1.1189,-49.6183,-117.9542,26.1374
303004.0606,1083192,49,-0.2605,0.8022,1.0815,-60.8092,-115.8321,5.6336
303004.0606,1083202,49,-0.2832,0.6499,0.9885,-72.7023,-113.4504,-18.4580
303004.0606,1083212,49,-0.3079,0.4526,0.9165,-79.0534,-110.9618,-37.0840
303004.0606,1083222,49,-0.3113,0.2754,0.8845,-75.8779,-114.7176,-43.4198
303004.0606,1083232,49,-0.2495,0.2280,0.9631,-61.2061,-124.6260,-39.6336
303004.0606,1083242,49,-0.1462,0.3274,1.1230,-43.1298,-132.4427,-32.2901
303004.1802,1083252,50,-0.1140,0.4558,1.2449,-33.3282,-128.8092,-28.8702
303004.1802,1083262,50,-0.1953,0.5527,1.2578,-32.0153,-117.7099,-34.1069
303004.1802,1083272,50,-0.2617,0.5352,1.2012,-38.0458,-111.9237,-44.5038
303004.1802,1083282,50,-0.3267,0.3865,1.1411,-41.9542,-109.5878,-56.0153
303004.1802,1083292,50,-0.3533,0.3079,1.1631,-33.9695,-112.6565,-61.7710
303004.1802,1083302,50,-0.2739,0.2927,1.2720,-22.1832,-123.0687,-59.6489
303004.1802,1083312,50,-0.2041,0.3652,1.4072,-9.1145,-125.8015,-55.7557
303004.1802,1083322,50,-0.1687,0.4797,1.5420,0.0763,-121.3282,-57.2214
303004.1802,1083332,50,-0.1375,0.5393,1.6267,-2.7328,-114.8550,-61.7252
303004.1802,1083342,50,-0.1343,0.5396,1.6399,-11.7405,-105.1450,-68.9313
303004.2997,1083352,51,-0.1201,0.5032,1.6333,-18.1527,-96.1374,-79.3893
303004.2997,1083362,51,-0.1147,0.4241,1.6040,-19.9237,-86.6107,-89.2366
303004.2997,1083372,51,-0.1311,0.3940,1.5708,-17.5725,-78.3511,-95.6183
303004.2997,1083382,51,-0.0977,0.3728,1.5654,-15.6489,-74.2748,-98.4885
303004.2997,1083392,51,-0.1108,0.3867,1.5720,-11.6641,-65.9237,-100.7481
303004.2997,1083402,51,-0.1306,0.3962,1.5479,-7.0992,-59.6489,-105.4504
303004.2997,1083412,51,-0.1599,0.3701,1.5100,-5.4351,-55.5115,-112.1985
303004.2997,1083422,51,-0.1812,0.3267,1.4700,-5.5267,-52.9313,-117.5725
303004.2997,1083432,51,-0.1968,0.2527,1.4419,-4.4275,-52.7634,-121.4198
303004.2997,1083442,51,-0.1731,0.1790,1.4434,0.3053,-52.5191,-124.6260
303004.3598,1083452,52,-0.1389,0.1360,1.5007,8.2290,-51.5573,-126.0763
303004.3598,1083462,52,-0.0981,0.1152,1.5562,15.2977,-49.9084,-125.3893
303004.3598,1083472,52,-0.0757,0.0845,1.6086,20.3206,-44.7023,-125.1145
303004.3598,1083482,52,-0.0874,0.0439,1.6255,24.8855,-37.7252,-125.9542
303004.3598,1083492,52,-0.1519,-0.0237,1.6077,28.2748,-30.5344,-127.2061
303004.3598,1083502,52,-0.1782,-0.0820,1.6152,30.7023,-26.3969,-125.5725
303004.3598,1083512,52,-0.2007,-0.1130,1.6536,34.1069,-24.6412,-120.3053
303004.3598,1083522,52,-0.2190,-0.1118,1.7168,39.8626,-22.8702,-115.8473
303004.3598,1083532,52,-0.2217,-0.0862,1.7876,44.7328,-20.2748,-113.1756
303004.3598,1083542,52,-0.2183,-0.0554,1.8481,47.3435,-16.1374,-112.2137
303004.4805,1083552,53,-0.1606,-0.0442,1.9304,43.0992,-2.6565,-120.0000
303004.4805,1083562,53,-0.1606,-0.0442,1.9304,43.0992,-2.6565,-120.0000
303004.4805,1083572,53,-0.1614,-0.1584,1.9146,30.6107,23.6031,-133.0840
303004.4805,1083582,53,-0.1489,-0.2361,1.8840,23.7710,33.1908,-136.3206
303004.4805,1083592,53,-0.1060,-0.3098,1.8777,18.3664,42.5344,-136.9160
303004.4805,1083602,53,-0.0886,-0.3792,1.8582,14.0458,55.1145,-135.2672
303004.4805,1083612,53,-0.0786,-0.4492,1.8052,12.6565,67.4198,-131.8168
303004.4805,1083622,53,-0.0979,-0.4966,1.7385,13.9695,78.2443,-127.1908
303004.4805,1083632,53,-0.1055,-0.5530,1.6536,15.2672,86.9924,-119.9389
303004.4805,1083642,53,-0.1360,-0.5837,1.5740,17.7405,93.8779,-111.6336
303004.5994,1083652,54,-0.1523,-0.5879,1.5168,20.7328,98.1832,-102.2137
303004.5994,1083662,54,-0.1570,-0.5737,1.4763,23.6641,100.9924,-93.2214
303004.5994,1083672,54,-0.1763,-0.5618,1.4346,25.6031,104.2290,-85.4656
303004.5994,1083682,54,-0.1785,-0.5918,1.3943,27.1298,106.1527,-79.1756
303004.5994,1083692,54,-0.1958,-0.5977,1.3623,28.8702,107.4198,-72.1985
303004.5994,1083702,54,-0.2085,-0.6016,1.3276,30.0000,107.2214,-64.2901
303004.5994,1083712,54,-0.2241,-0.6060,1.2964,31.1908,107.2824,-57.1145
303004.5994,1083722,54,-0.2432,-0.5979,1.2581,32.3664,108.7634,-50.9313
303004.5994,1083732,54,-0.2725,-0.6106,1.2190,31.6947,111.2366,-45.4046
303004.5994,1083742,54,-0.2681,-0.5918,1.2249,30.6412,112.0763,-38.9008
303004.6602,1083752,55,-0.2273,-0.5732,1.2517,29.2519,112.2290,-32.2595
303004.6602,1083762,55,-0.2117,-0.5161,1.3037,29.2061,114.7939,-27.2214
303004.6602,1083772,55,-0.1858,-0.4221,1.3411,27.7863,118.5802,-23.2519
303004.6602,1083782,55,-0.1931,-0.3972,1.3115,20.7176,124.3664,-23.9237
303004.6602,1083792,55,-0.2183,-0.3955,1.2593,11.6947,131.3740,-26.6718
303004.6602,1083802,55,-0.2292,-0.4365,1.1772,2.9466,135.2061,-27.9389
303004.6602,1083812,55,-0.2671,-0.5132,1.0715,-3.4351,137.6947,-28.9313
303004.6602,1083822,55,-0.2773,-0.5613,0.9980,-4.6870,138.4427,-25.8931
303004.6602,1083832,55,-0.2764,-0.5635,0.9541,-3.3435,136.1374,-20.4885
303004.6602,1083842,55,-0.2556,-0.5698,0.9226,-4.7634,133.7863,-14.5802
303004.7802,1083852,56,-0.2439,-0.5715,0.9053,-7.5267,132.5344,-7.6489
303004.7802,1083862,56,-0.2432,-0.5610,0.8877,-10.1374,132.3969,-0.2748
303004.7802,1083872,56,-0.2444,-0.5203,0.8740,-12.1985,133.6489,6.2748
303004.7802,1083882,56,-0.2759,-0.4924,0.8123,-15.5420,134.7939,11.5573
303004.7802,1083892,56,-0.3232,-0.4873,0.7371,-18.2901,135.5267,14.9466
303004.7802,1083902,56,-0.3647,-0.4890,0.6726,-19.5573,133.1603,16.4427
303004.7802,1083912,56,-0.3645,-0.5085,0.6108,-22.3511,128.2901,18.6565
303004.7802,1083922,56,-0.3652,-0.5347,0.5728,-25.2061,122.6870,21.7405
303004.7802,1083932,56,-0.3628,-0.5493,0.5569,-26.9313,116.1069,26.5496
303004.7802,1083942,56,-0.3364,-0.5195,0.5652,-26.5649,110.1221,32.5038
303004.8988,1083952,57,-0.3359,-0.5034,0.5508,-27.9084,105.8321,36.5802
303004.8988,1083962,57,-0.3467,-0.4941,0.5356,-30.9466,103.3435,39.0992
303004.8988,1083972,57,-0.3257,-0.4880,0.5161,-35.8015,100.0458,41.7863
303004.8988,1083982,57,-0.3318,-0.5210,0.4797,-41.7710,98.0153,44.9924
303004.8988,1083992,57,-0.3372,-0.5256,0.4446,-44.3359,95.6336,49.9389
303004.8988,1084002,57,-0.3298,-0.5073,0.4229,-44.0458,90.6718,56.1679
303004.8988,1084012,57,-0.3530,-0.5161,0.3914,-43.7557,87.2519,61.9695
303004.8988,1084022,57,-0.3933,-0.4805,0.3818,-40.2595,84.5649,68.8397
303004.8988,1084032,57,-0.3809,-0.4072,0.4050,-36.3969,77.4656,75.8626
303004.8988,1084042,57,-0.3530,-0.3164,0.4429,-34.0305,72.4733,80.3359
303004.9600,1084052,58,-0.3286,-0.2202,0.4739,-35.2977,69.9237,81.7405
303004.9600,1084062,58,-0.3064,-0.1658,0.4653,-41.8168,67.8779,79.6489
303004.9600,1084072,58,-0.3096,-0.1704,0.4143,-52.2443,67.2519,74.8092
303004.9600,1084082,58,-0.3242,-0.2136,0.3457,-62.5344,66.5954,71.3282
303004.9600,1084092,58,-0.3030,-0.2520,0.2913,-68.3511,62.5038,70.4122
303004.9600,1084102,58,-0.2825,-0.2915,0.2583,-70.9466,57.3282,71.1908
303004.9600,1084112,58,-0.2573,-0.2778,0.2673,-68.9618,52.6412,75.2824
303004.9600,1084122,58,-0.1992,-0.2065,0.3000,-65.6489,47.1603,80.7023
303004.9600,1084132,58,-0.1755,-0.1282,0.3096,-66.6412,44.5191,84.5496
303004.9600,1084142,58,-0.1506,-0.0454,0.3079,-70.3053,43.1756,86.8855
303005.0807,1084152,59,-0.1592,0.0420,0.2727,-74.9160,43.3588,87.0382
303005.0807,1084162,59,-0.2009,0.0752,0.1655,-82.1069,44.4427,83.7863
303005.0807,1084172,59,-0.2258,0.0784,0.0645,-88.9466,41.9847,78.3817
303005.0807,1084182,59,-0.2446,0.0574,-0.0286,-93.7099,35.2977,73.7710
303005.0807,1084192,59,-0.2437,0.0234,-0.0879,-97.1450,24.0763,71.0382
303005.0807,1084202,59,-0.2197,-0.0044,-0.0752,-98.1679,14.3969,70.9008
303005.0807,1084212,59,-0.2312,0.0110,-0.0564,-94.9466,7.1908,74.3817
303005.0807,1084222,59,-0.2253,0.0593,-0.0278,-88.6718,-3.2061,78.5496
303005.0807,1084232,59,-0.2378,0.1067,0.0266,-83.0229,-14.3053,79.7252
303005.0807,1084242,59,-0.2588,0.1426,0.0481,-81.7099,-26.0305,80.0763
303005.2066,1084252,60,-0.2595,0.1428,0.0808,-83.5420,-38.3817,79.3740
303005.2066,1084262,60,-0.2703,0.1602,0.1394,-82.6565,-52.5344,79.2672
303005.2066,1084272,60,-0.2461,0.2073,0.1987,-78.9466,-68.2595,79.3435
303005.2066,1084282,60,-0.2109,0.2725,0.3042,-76.4122,-80.6260,76.0153
303005.2066,1084292,60,-0.1814,0.3137,0.3928,-78.6412,-87.9084,71.6031
303005.2066,1084302,60,-0.1738,0.3318,0.4360,-82.2290,-88.7786,66.6718
303005.2066,1084312,60,-0.2288,0.3091,0.4365,-85.8779,-86.6870,58.8092
303005.2066,1084322,60,-0.3022,0.2290,0.3938,-88.9618,-86.7786,54.3969
303005.2066,1084332,60,-0.3242,0.2383,0.4307,-84.1832,-94.1985,55.2672
303005.2066,1084342,60,-0.2849,0.3289,0.5269,-76.1679,-105.8626,58.6260
303005.2595,1084352,61,-0.2258,0.4639,0.6470,-71.4656,-114.0305,58.5344
303005.2595,1084362,61,-0.2034,0.5896,0.7266,-74.1374,-116.5954,51.9084
303005.2595,1084372,61,-0.2190,0.6123,0.7141,-84.4275,-114.4122,39.4504
303005.2595,1084382,61,-0.2803,0.4470,0.6292,-96.4885,-109.2214,21.2061
303005.2595,1084392,61,-0.3430,0.2295,0.5649,-99.7710,-106.6565,8.7786
303005.2595,1084402,61,-0.3447,0.0828,0.5664,-90.3053,-115.0076,7.8931
303005.2595,1084412,61,-0.2466,0.0818,0.7017,-72.0458,-130.1221,16.9008
303005.2595,1084422,61,-0.1450,0.2505,0.9080,-52.9160,-141.8015,29.5878
303005.2595,1084432,61,-0.0481,0.5000,1.0981,-43.5420,-144.6412,37.4198
303005.2595,1084442,61,-0.0051,0.7058,1.1799,-50.4580,-140.7939,31.1908
303005.3800,1084452,62,-0.0566,0.7515,1.0808,-72.1985,-130.2137,10.2595
303005.3800,1084462,62,-0.2268,0.5322,0.8684,-97.6947,-113.2366,-15.4962
303005.3800,1084472,62,-0.3699,0.2605,0.7192,-106.1679,-110.2290,-31.6947
303005.3800,1084482,62,-0.3430,0.1016,0.7532,-92.7786,-128.5344,-30.9466
303005.3800,1084492,62,-0.2188,0.1602,0.9253,-65.4351,-148.3817,-19.7863
303005.3800,1084502,62,-0.1189,0.3374,1.1318,-42.0000,-156.3511,-11.9847
303005.3800,1084512,62,-0.0801,0.5227,1.2605,-33.5725,-153.3282,-13.3435
303005.3800,1084522,62,-0.0972,0.5940,1.2686,-42.5496,-147.3435,-21.4656
303005.3800,1084532,62,-0.1348,0.5239,1.2063,-58.1527,-140.1374,-35.7405
303005.3800,1084542,62,-0.2390,0.3193,1.1365,-68.1527,-132.8092,-49.0534
303005.4985,1084552,63,-0.2893,0.2302,1.1680,-60.7481,-135.0840,-50.0153
303005.4985,1084562,63,-0.1987,0.2742,1.2974,-42.4427,-147.9389,-42.7786
303005.4985,1084572,63,-0.1223,0.3999,1.4614,-23.4962,-150.8244,-40.1221
303005.4985,1084582,63,-0.0830,0.5154,1.5759,-14.5496,-144.0305,-45.0534
303005.4985,1084592,63,-0.0601,0.5322,1.5923,-19.2519,-134.9008,-53.3588
303005.4985,1084602,63,-0.1030,0.4814,1.5339,-27.9695,-122.1832,-63.6031
303005.4985,1084612,63,-0.1533,0.4365,1.4817,-32.5954,-114.1221,-73.9237
303005.4985,1084622,63,-0.1550,0.3328,1.4512,-34.6565,-116.7481,-82.7481
303005.4985,1084632,63,-0.1494,0.2388,1.4595,-32.0153,-117.3130,-88.8550
303005.4985,1084642,63,-0.1133,0.1802,1.5088,-24.9313,-116.3664,-90.7023
303005.5595,1084652,64,-0.0581,0.1724,1.5671,-15.6031,-115.2824,-90.1527
303005.5595,1084662,64,-0.0127,0.1709,1.6211,-8.6412,-111.0076,-90.2748
303005.5595,1084672,64,0.0066,0.1724,1.6494,-5.5878,-103.4656,-91.1145
303005.5595,1084682,64,0.0107,0.1477,1.6377,-5.0840,-94.7939,-92.6565
303005.5595,1084692,64,0.0259,0.1069,1.6172,-3.5573,-86.0458,-94.7481
303005.5595,1084702,64,0.0083,0.0874,1.5647,-0.1221,-76.1985,-94.9160
303005.5595,1084712,64,-0.0498,0.0876,1.4854,4.1221,-66.5954,-92.3511
303005.5595,1084722,64,-0.0935,0.1172,1.4595,11.0687,-64.5496,-89.6489
303005.5595,1084732,64,-0.1033,0.1528,1.4910,18.7939,-67.9389,-88.9160
303005.5595,1084742,64,-0.0845,0.2014,1.5803,26.3664,-69.2977,-89.9847
303005.6799,1084752,65,-0.0754,0.2815,1.6799,30.9008,-67.9084,-92.8550
303005.6799,1084762,65,-0.0381,0.3086,1.7559,27.9695,-63.7710,-98.5038
303005.6799,1084772,65,-0.0271,0.3083,1.8000,22.5038,-53.5420,-107.4046
303005.6799,1084782,65,-0.0027,0.2700,1.7917,15.9389,-42.2748,-117.4656
303005.6799,1084792,65,0.0232,0.1709,1.7437,9.5878,-32.7023,-127.9695
303005.6799,1084802,65,0.0164,0.0813,1.6921,7.0992,-24.1221,-135.4962
303005.6799,1084812,65,0.0164,0.0117,1.6741,7.3893,-20.2137,-137.9695
303005.6799,1084822,65,0.0337,-0.0376,1.6711,9.4046,-18.0458,-137.8321
303005.6799,1084832,65,0.0330,-0.0569,1.6970,13.2061,-13.9847,-138.2748
303005.6799,1084842,65,0.0452,-0.0566,1.7183,15.0229,-10.3969,-138.6412
303005.8011,1084852,66,0.0891,-0.0879,1.7258,13.6641,-5.0840,-139.8015
303005.8011,1084862,66,0.0991,-0.0942,1.7324,13.1298,4.9313,-141.1603
303005.8011,1084872,66,0.0923,-0.0781,1.7109,10.6870,13.9695,-141.6183
303005.8011,1084882,66,0.0793,-0.0244,1.6880,5.4351,20.9771,-142.1679
303005.8011,1084892,66,0.0876,0.0232,1.6707,-1.8168,24.5954,-145.6947
303005.8011,1084902,66,0.1042,0.0056,1.6260,-11.2214,28.3664,-154.3817
303005.8011,1084912,66,0.1033,-0.0959,1.5930,-21.5878,36.2290,-165.2214
303005.8011,1084922,66,0.0767,-0.2427,1.5498,-30.0458,43.8015,-171.0076
303005.8011,1084932,66,0.1316,-0.4231,1.5344,-30.8855,47.1145,-173.0534
303005.8011,1084942,66,0.1592,-0.5864,1.5522,-25.2672,53.0534,-173.0840
303005.8591,1084952,67,0.1921,-0.7041,1.5718,-18.0000,61.3130,-166.0763
303005.8591,1084962,67,0.1997,-0.7979,1.5947,-13.3740,68.4885,-152.1374
303005.8591,1084972,67,0.2253,-0.8384,1.6165,-10.9618,73.8168,-133.7405
303005.8591,1084982,67,0.2383,-0.8218,1.6104,-6.7634,81.0687,-114.5496
303005.8591,1084992,67,0.1899,-0.7837,1.5635,-2.4885,90.4122,-97.9389
303005.8591,1085002,67,0.1313,-0.7197,1.5049,0.9924,98.1527,-83.6183
303005.8591,1085012,67,0.0840,-0.6450,1.4578,4.6260,102.6565,-71.9389
303005.8591,1085022,67,0.0571,-0.5745,1.4248,8.1221,106.0000,-63.6336
303005.8591,1085032,67,0.0300,-0.5249,1.3972,9.4656,108.4885,-59.0992
303005.8591,1085042,67,0.0129,-0.4846,1.3669,8.0916,110.9466,-55.9237
303005.9804,1085052,68,0.0229,-0.4861,1.3235,5.1450,112.9924,-53.5573
303005.9804,1085062,68,0.0247,-0.5310,1.2944,2.7786,116.1679,-51.7557
303005.9804,1085072,68,0.0327,-0.5583,1.2581,2.7328,119.5878,-47.6489
303005.9804,1085082,68,0.0239,-0.5659,1.2451,2.9313,120.9771,-42.0916
303005.9804,1085092,68,0.0178,-0.5657,1.2139,2.9466,122.5038,-34.9466
303005.9804,1085102,68,-0.0159,-0.5398,1.2017,4.7786,124.1221,-28.9313
303005.9804,1085112,68,-0.0127,-0.5193,1.1960,4.6870,124.1679,-24.0000
303005.9804,1085122,68,-0.0325,-0.5017,1.1672,3.1908,125.7405,-19.5725
303005.9804,1085132,68,-0.0466,-0.5000,1.1304,2.0153,127.4198,-15.9847
303005.9804,1085142,68,-0.0693,-0.4824,1.1023,0.4885,127.6794,-12.4122
303006.1587,1085152,69,-0.0500,-0.4922,1.0732,-1.4198,127.0992,-8.1985
303006.1587,1085162,69,-0.0728,-0.5073,1.0486,-0.7939,128.6565,-5.9695
303006.1587,1085172,69,-0.1025,-0.5029,1.0044,-0.5496,130.3359,-1.1603
303006.1587,1085182,69,-0.1333,-0.4846,0.9885,-0.1069,130.1069,3.8321
303006.1587,1085192,69,-0.1201,-0.4551,0.9885,-0.0763,127.7405,7.8779
303006.1587,1085202,69,-0.0840,-0.4341,0.9749,-1.2519,125.9084,9.8473
303006.1587,1085212,69,-0.1033,-0.4343,0.9346,-4.5191,128.8092,10.7023
303006.1587,1085222,69,-0.1462,-0.4294,0.8770,-8.8397,130.8244,13.4809
303006.1587,1085232,69,-0.1763,-0.4141,0.8215,-11.7863,129.3282,17.0840
303006.1587,1085242,69,-0.1975,-0.4075,0.7842,-13.0382,126.8855,19.2672
303006.1604,1085252,70,-0.2029,-0.4026,0.7520,-13.9237,124.7634,21.1756
303006.1604,1085262,70,-0.2146,-0.4180,0.7056,-15.4351,122.4122,22.5344
303006.1604,1085272,70,-0.2512,-0.4250,0.6631,-16.9466,119.7099,24.3664
303006.1604,1085282,70,-0.2837,-0.4312,0.6265,-18.3359,116.0916,27.6641
303006.1604,1085292,70,-0.2937,-0.4224,0.6113,-18.3511,111.7099,31.4809
303006.1604,1085302,70,-0.2600,-0.3933,0.6370,-17.3740,105.7099,34.6870
303006.1604,1085312,70,-0.2458,-0.3577,0.6528,-18.5038,101.6336,36.5191
303006.1604,1085322,70,-0.2502,-0.3308,0.6443,-22.5802,100.3511,36.8397
303006.1604,1085332,70,-0.2754,-0.3608,0.5930,-29.0687,100.3053,36.7786
303006.1604,1085342,70,-0.3250,-0.3896,0.5374,-32.9160,101.0687,37.6031
303006.2796,1085352,71,-0.3428,-0.3938,0.5107,-33.4046,97.0992,40.1832
303006.2796,1085362,71,-0.3201,-0.3523,0.5095,-33.4809,91.6031,43.6183
303006.2796,1085372,71,-0.3081,-0.3154,0.4961,-35.7405,88.2137,45.4504
303006.2796,1085382,71,-0.3438,-0.3118,0.4514,-40.4122,88.1221,45.7252
303006.2796,1085392,71,-0.4014,-0.3250,0.3972,-44.0458,86.7786,46.1374
303006.2796,1085402,71,-0.4370,-0.3445,0.3555,-46.1069,81.0229,47.8168
303006.2796,1085412,71,-0.4265,-0.3279,0.3760,-45.6336,73.2214,50.6565
303006.2796,1085422,71,-0.3735,-0.2795,0.4280,-44.0305,65.2214,53.1756
303006.2796,1085432,71,-0.3657,-0.2549,0.4192,-45.8931,61.7710,53.6183
303006.2796,1085442,71,-0.4226,-0.2852,0.3462,-50.1069,63.1756,53.4046
303006.4001,1085452,72,-0.4558,-0.3188,0.2920,-50.4733,59.6489,54.3359
303006.4001,1085462,72,-0.4680,-0.3774,0.2437,-48.4885,54.9466,57.5573
303006.4001,1085472,72,-0.5144,-0.3813,0.2261,-41.7099,51.6641,64.7634
303006.4001,1085482,72,-0.5234,-0.3093,0.2712,-31.6794,42.2748,73.8626
303006.4001,1085492,72,-0.5164,-0.2034,0.3228,-24.6260,31.3893,79.7099
303006.4001,1085502,72,-0.5081,-0.1106,0.3708,-23.7099,26.0000,79.9847
303006.4001,1085512,72,-0.5134,-0.0813,0.3809,-29.4962,21.3893,76.3817
303006.4001,1085522,72,-0.5381,-0.1167,0.3850,-37.9542,17.2519,72.1221
303006.4001,1085532,72,-0.5276,-0.1340,0.4580,-43.1756,9.5725,70.4580
303006.4001,1085542,72,-0.4512,-0.0842,0.5896,-43.8168,1.6489,73.2672
303006.5191,1085552,73,-0.3564,0.0386,0.7183,-41.9389,1.0687,74.6870
303006.5191,1085562,73,-0.2908,0.1538,0.7717,-45.8931,6.3817,70.2748
303006.5191,1085572,73,-0.3235,0.1328,0.6462,-59.4046,19.5878,60.7328
303006.5191,1085582,73,-0.4294,0.0432,0.4524,-73.2061,33.3282,52.6412
303006.5191,1085592,73,-0.4817,-0.0439,0.2688,-79.4962,31.7252,50.8092
303006.5191,1085602,73,-0.4795,-0.1042,0.1716,-77.6336,23.1298,53.0076
303006.5191,1085612,73,-0.4504,-0.1016,0.1431,-69.9542,13.0840,57.9847
303006.5191,1085622,73,-0.4473,-0.0571,0.1331,-61.2824,4.3511,64.6565
303006.5191,1085632,73,-0.4771,-0.0217,0.1240,-55.8473,-3.6183,69.0076
303006.5191,1085642,73,-0.5112,-0.0083,0.1379,-51.5573,-12.3053,72.1985
303006.5816,1085652,74,-0.4978,0.0305,0.2114,-44.0305,-23.2824,76.5038
303006.5816,1085662,74,-0.4487,0.0891,0.3115,-34.9160,-32.5802,80.1527
303006.5816,1085672,74,-0.4158,0.1501,0.3979,-27.4046,-34.4733,81.9084
303006.5816,1085682,74,-0.4221,0.2205,0.4412,-24.4275,-33.3588,81.7405
303006.5816,1085692,74,-0.4280,0.2854,0.4617,-27.6641,-34.7786,81.1756
303006.5816,1085702,74,-0.4409,0.3218,0.4751,-34.0916,-36.9160,79.2519
303006.5816,1085712,74,-0.4634,0.3708,0.4915,-37.8015,-38.2595,75.7099
303006.5816,1085722,74,-0.4888,0.3909,0.4998,-40.0458,-40.7634,69.2061
303006.5816,1085732,74,-0.5330,0.3711,0.4834,-42.0305,-42.1832,61.1756
303006.5816,1085742,74,-0.5642,0.3638,0.4778,-41.1908,-43.4046,54.7023
303006.7005,1085752,75,-0.5391,0.3523,0.4973,-40.0763,-49.6336,49.2824
303006.7005,1085762,75,-0.5032,0.3066,0.5237,-40.4733,-54.3511,45.3588
303006.7005,1085772,75,-0.4978,0.3110,0.5686,-37.8473,-55.8779,45.2519
303006.7005,1085782,75,-0.5005,0.3523,0.6128,-34.4122,-58.6412,47.5115
303006.7005,1085792,75,-0.5261,0.3765,0.6294,-31.7405,-58.0611,47.7557
303006.7005,1085802,75,-0.5425,0.4343,0.6648,-28.0763,-57.0992,45.4809
303006.7005,1085812,75,-0.5569,0.4541,0.6824,-28.1985,-57.1908,41.5725
303006.7005,1085822,75,-0.6011,0.4265,0.6777,-28.7786,-55.7252,36.7176
303006.7005,1085832,75,-0.6379,0.4009,0.6951,-26.3664,-56.1832,33.8015
303006.7005,1085842,75,-0.6453,0.4338,0.7454,-20.2137,-60.0763,33.3740
303006.8190,1085852,76,-0.6255,0.5037,0.8081,-15.3740,-62.8855,31.2214
303006.8190,1085862,76,-0.6218,0.5581,0.8484,-14.5802,-62.9771,25.7099
303006.8190,1085872,76,-0.6450,0.5408,0.8455,-18.8702,-60.0763,17.8626
303006.8190,1085882,76,-0.6887,0.5042,0.8459,-23.8779,-57.2214,10.2748
303006.8190,1085892,76,-0.6956,0.4458,0.8660,-26.8855,-59.8321,5.8321
303006.8190,1085902,76,-0.6765,0.4392,0.9199,-24.0000,-62.5649,2.2443
303006.8190,1085912,76,-0.6606,0.4668,0.9871,-19.7557,-63.6183,-2.6718
303006.8190,1085922,76,-0.6487,0.4404,1.0195,-20.1221,-60.6260,-7.8015
303006.8190,1085932,76,-0.6846,0.4167,1.0112,-20.0000,-54.0305,-12.9466
303006.8190,1085942,76,-0.7043,0.3599,1.0081,-20.1527,-50.9771,-16.6718
303006.8786,1085952,77,-0.7161,0.3438,1.0132,-17.6336,-49.8015,-18.6412
303006.8786,1085962,77,-0.6963,0.3420,1.0381,-15.1908,-50.4885,-20.8092
303006.8786,1085972,77,-0.6475,0.3477,1.0852,-14.2443,-50.3511,-24.2290
303006.8786,1085982,77,-0.6248,0.3174,1.0833,-15.9695,-46.0153,-28.8092
303006.8786,1085992,77,-0.6609,0.2349,1.0320,-19.3282,-37.8626,-32.8702
303006.8786,1086002,77,-0.6907,0.1709,0.9946,-18.3206,-34.7634,-34.5649
303006.8786,1086012,77,-0.6736,0.1277,0.9946,-13.5267,-37.1603,-34.2290
303006.8786,1086022,77,-0.6528,0.0928,1.0210,-6.8244,-36.2443,-33.0534
303006.8786,1086032,77,-0.6807,0.0991,1.0288,1.5115,-32.7328,-32.8244
303006.8786,1086042,77,-0.7139,0.0803,1.0210,4.9618,-30.7634,-32.8244
303006.9987,1086052,78,-0.7324,0.0491,1.0020,5.4504,-31.6183,-33.0382
303006.9987,1086062,78,-0.7327,0.0120,1.0229,5.2672,-33.3588,-32.3206
303006.9987,1086072,78,-0.7231,-0.0024,1.0544,6.2595,-34.6718,-30.2137
303006.9987,1086082,78,-0.6929,0.0017,1.0996,7.6489,-36.8702,-28.3969
303006.9987,1086092,78,-0.6499,0.0083,1.1555,7.8626,-35.7710,-27.5115
303006.9987,1086102,78,-0.6191,0.0066,1.1855,6.6107,-31.1908,-27.4046
303006.9987,1086112,78,-0.5881,-0.0315,1.1958,3.5725,-25.0687,-28.0305
303006.9987,1086122,78,-0.5732,-0.0674,1.1677,1.8626,-17.6794,-28.9313
303006.9987,1086132,78,-0.5808,-0.0867,1.1294,0.4275,-9.6794,-28.4427
303006.9987,1086142,78,-0.6021,-0.1077,1.0825,-1.8168,-3.8015,-26.7786
303007.0597,1086152,79,-0.6130,-0.1116,1.0420,-2.3817,-1.3588,-25.0534
303007.0597,1086162,79,-0.5986,-0.1174,1.0188,-2.4733,-0.4885,-24.2137
303007.0597,1086172,79,-0.5923,-0.1345,0.9888,-3.0229,0.9618,-23.4504
303007.0597,1086182,79,-0.5955,-0.1538,0.9395,-3.8015,2.1679,-21.6794
303007.0597,1086192,79,-0.5977,-0.1692,0.9143,-3.5725,1.8779,-18.8550
303007.0597,1086202,79,-0.5710,-0.1653,0.9258,-1.2061,0.5496,-15.2672
303007.0597,1086212,79,-0.5574,-0.1501,0.9314,1.2366,0.8550,-11.9084
303007.0597,1086222,79,-0.5640,-0.1355,0.9189,2.1527,2.5954,-8.4885
303007.0597,1086232,79,-0.5620,-0.1179,0.9141,2.9466,3.1145,-5.6336
303007.0597,1086242,79,-0.5342,-0.0920,0.9207,3.7863,2.8244,-3.5573
303007.1799,1086252,80,-0.5327,-0.0737,0.9109,3.4809,4.4885,-2.1985
303007.1799,1086262,80,-0.5352,-0.0652,0.8989,2.7786,6.9008,-1.3740
303007.1799,1086272,80,-0.5518,-0.0471,0.8750,2.7176,8.1985,-0.7328
303007.1799,1086282,80,-0.5603,-0.0281,0.8518,1.7557,7.6489,-0.2137
303007.1799,1086292,80,-0.5535,-0.0171,0.8474,0.8244,5.7863,-0.5802
303007.1799,1086302,80,-0.5393,-0.0381,0.8428,0.1069,5.8779,-0.8550
303007.1799,1086312,80,-0.5493,-0.0273,0.8333,2.3817,6.8855,-0.5038
303007.1799,1086322,80,-0.5530,-0.0122,0.8157,3.4809,6.5496,-0.0916
303007.1799,1086332,80,-0.5559,-0.0073,0.7966,3.4504,5.0382,-0.3969
303007.1799,1086342,80,-0.5461,-0.0190,0.8081,2.8244,2.2901,-0.7481
303007.3000,1086352,81,-0.5117,-0.0276,0.8333,2.5649,-0.2901,-0.3511
303007.3000,1086362,81,-0.5054,-0.0176,0.8521,3.5878,0.8550,0.4580
303007.3000,1086372,81,-0.5251,-0.0032,0.8340,3.7557,3.9237,1.2672
303007.3000,1086382,81,-0.5520,0.0117,0.8059,2.8092,4.8397,1.6641
303007.3000,1086392,81,-0.5547,0.0200,0.8027,2.0305,3.4962,1.3435
303007.3000,1086402,81,-0.5476,0.0198,0.8018,0.8092,2.0916,0.7328
303007.3000,1086412,81,-0.5483,0.0151,0.7959,-0.4733,0.9160,0.0763
303007.3000,1086422,81,-0.5461,0.0051,0.7896,-1.1908,-0.7634,-0.3053
303007.3000,1086432,81,-0.5415,0.0010,0.7927,-0.5191,-2.0611,-0.6870
303007.3000,1086442,81,-0.5308,-0.0054,0.7964,0.3053,-3.0229,-1.1603
303007.3600,1086452,82,-0.5068,-0.0210,0.8081,-0.2901,-3.7099,-1.2824
303007.3600,1086462,82,-0.4861,-0.0425,0.8149,0.1221,-3.1298,-0.5496
303007.3600,1086472,82,-0.5020,-0.0276,0.8083,1.8473,-1.5725,0.6107
303007.3600,1086482,82,-0.4988,-0.0188,0.8069,1.7099,-1.6947,1.7405
303007.3600,1086492,82,-0.4961,0.0005,0.8159,0.9466,-2.2443,2.4427
303007.3600,1086502,82,-0.4897,0.0183,0.8188,-1.2824,-3.2061,2.1527
303007.3600,1086512,82,-0.4722,0.0212,0.8171,-4.5038,-4.3664,0.7939
303007.3600,1086522,82,-0.4548,0.0171,0.8135,-8.0611,-5.3282,-0.9160
303007.3600,1086532,82,-0.4304,-0.0354,0.7993,-12.0305,-6.0916,-2.1985
303007.3600,1086542,82,-0.4124,-0.0679,0.7927,-11.9542,-5.3893,-1.5725
303007.4806,1086552,83,-0.3977,-0.0605,0.7883,-9.3282,-5.5573,0.1985
303007.4806,1086562,83,-0.3755,-0.0430,0.7847,-9.4198,-6.4733,2.1985
303007.4806,1086572,83,-0.3401,-0.0283,0.7874,-11.7099,-8.5496,3.4809
303007.4806,1086582,83,-0.2971,-0.0300,0.7793,-15.7863,-10.9008,3.8168
303007.4806,1086592,83,-0.2686,-0.0974,0.7524,-21.5573,-9.6489,4.6107
303007.4806,1086602,83,-0.2803,-0.1292,0.7085,-22.3664,-5.3282,8.6107
303007.4806,1086612,83,-0.2800,-0.1094,0.6658,-18.7939,-6.9466,14.7786
303007.4806,1086622,83,-0.2632,-0.0476,0.6443,-15.0534,-11.1908,19.7405
303007.4806,1086632,83,-0.2478,0.0359,0.6333,-13.2061,-16.1374,21.9389
303007.4806,1086642,83,-0.2493,0.1111,0.6335,-17.1450,-22.7328,21.8168
303007.5997,1086652,84,-0.2468,0.1514,0.6113,-26.2595,-30.2901,20.0916
303007.5997,1086662,84,-0.2654,0.1958,0.5771,-35.3282,-36.9924,16.5191
303007.5997,1086672,84,-0.2983,0.2217,0.5415,-43.6794,-48.7023,10.0611
303007.5997,1086682,84,-0.3313,0.1218,0.4624,-52.6870,-62.8397,1.5878
303007.5997,1086692,84,-0.3784,0.0559,0.4236,-51.6641,-74.4275,-4.1069
303007.5997,1086702,84,-0.3787,0.0132,0.4314,-45.0229,-94.5649,-5.1908
303007.5997,1086712,84,-0.3447,0.0105,0.4531,-36.2290,-120.5496,-5.1298
303007.5997,1086722,84,-0.3333,0.0725,0.5002,-28.9008,-146.4885,-6.2748
303007.5997,1086732,84,-0.3147,0.1345,0.5420,-30.0305,-178.7023,-8.3359
303007.5997,1086742,84,-0.2717,0.1912,0.5955,-40.4275,-217.3435,-12.0916
303007.6584,1086752,85,-0.0786,0.2390,0.7437,-60.0458,-255.0992,-17.9847
303007.6584,1086762,85,0.2051,0.1934,0.9380,-87.2672,-262.3511,-22.4733
303007.6584,1086772,85,0.4075,0.0581,1.0532,-105.8015,-218.0763,-25.6641
303007.6584,1086782,85,0.3875,-0.1357,1.0146,-104.2748,-137.4504,-29.0687
303007.6584,1086792,85,0.2007,-0.2581,0.8525,-84.1374,-66.5954,-31.8626
303007.6584,1086802,85,-0.0383,-0.3267,0.7034,-62.2137,-38.7939,-30.5649
303007.6584,1086812,85,-0.1497,-0.3176,0.6562,-43.2519,-54.1374,-25.8779
303007.6584,1086822,85,-0.0945,-0.2441,0.7004,-28.7634,-88.1985,-19.1145
303007.6584,1086832,85,-0.0098,-0.1355,0.7839,-22.1069,-113.0840,-12.9924
303007.6584,1086842,85,0.0278,-0.0525,0.8376,-28.1832,-125.7863,-9.7557
303007.7803,1086852,86,0.0269,-0.0229,0.8340,-46.2137,-136.6412,-8.9466
303007.7803,1086862,86,0.0652,-0.0237,0.8188,-68.8244,-150.2901,-10.1374
303007.7803,1086872,86,0.1218,-0.0798,0.8108,-88.1832,-164.5649,-15.5420
303007.7803,1086882,86,0.1743,-0.1511,0.8269,-95.5878,-175.0382,-25.5420
303007.7803,1086892,86,0.2346,-0.2444,0.8157,-92.4580,-179.8015,-35.4046
303007.7803,1086902,86,0.2554,-0.3230,0.8152,-78.2748,-178.0458,-43.4656
303007.7803,1086912,86,0.2188,-0.3201,0.8193,-58.4275,-177.7557,-48.5802
303007.7803,1086922,86,0.1931,-0.2632,0.8245,-43.6183,-184.9924,-48.5038
303007.7803,1086932,86,0.1855,-0.1848,0.8254,-38.3511,-200.0305,-45.9389
303007.7803,1086942,86,0.1851,-0.1172,0.8140,-43.1145,-221.1908,-46.1679
303007.9168,1086952,87,0.2073,-0.0803,0.7864,-57.6489,-248.0916,-48.9924
303007.9168,1086962,87,0.2815,-0.0686,0.7798,-80.6718,-276.7939,-51.3740
303007.9168,1086972,87,0.4207,-0.1511,0.8237,-111.9084,-300.4275,-53.7099
303007.9168,1086982,87,0.6147,-0.3574,0.8367,-137.3282,-307.3893,-52.2443
303007.9168,1086992,87,0.7239,-0.5010,0.8457,-132.9466,-286.4733,-49.6183
303007.9168,1087002,87,0.7129,-0.5347,0.8479,-109.2519,-256.1527,-51.8779
303007.9168,1087012,87,0.6636,-0.4878,0.8547,-83.9847,-233.6947,-51.9695
303007.9168,1087022,87,0.6721,-0.4492,0.8354,-67.8321,-226.4122,-48.2748
303007.9168,1087032,87,0.6887,-0.4116,0.7996,-60.1527,-228.7176,-45.2366
303007.9168,1087042,87,0.6902,-0.3716,0.7859,-56.4580,-237.0687,-44.3969
303007.9586,1087052,88,0.7478,-0.3994,0.7759,-60.3359,-254.9771,-45.6641
303007.9586,1087062,88,0.8728,-0.4441,0.7717,-68.9466,-274.7481,-48.7023
303007.9586,1087072,88,0.9990,-0.4990,0.7937,-78.2595,-282.0305,-47.3740
303007.9586,1087082,88,1.1204,-0.5671,0.8240,-84.9313,-277.8473,-40.8244
303007.9586,1087092,88,1.2678,-0.7019,0.8813,-80.0763,-257.4351,-31.5267
303007.9586,1087102,88,1.3499,-0.7197,0.9187,-52.3664,-206.5191,-23.1756
303007.9586,1087112,88,1.2622,-0.6045,0.9031,-15.8779,-135.1298,-16.2595
303007.9586,1087122,88,1.0566,-0.4863,0.8428,10.6260,-78.4580,-15.7252
303007.9586,1087132,88,0.8777,-0.3835,0.7734,28.7023,-60.6260,-23.7557
303007.9586,1087142,88,0.8782,-0.2981,0.7219,39.1450,-80.3359,-34.8092
303008.0792,1087152,89,0.9436,-0.2524,0.7383,40.7328,-110.7176,-46.8397
303008.0792,1087162,89,1.0342,-0.1987,0.7896,34.1221,-137.9389,-59.2672
303008.0792,1087172,89,1.1670,-0.1787,0.8062,12.6260,-156.7634,-67.6031
303008.0792,1087182,89,1.2478,-0.2087,0.8003,-23.0076,-157.8931,-71.4351
303008.0792,1087192,89,1.2534,-0.2837,0.7803,-64.4275,-144.6870,-70.2748
303008.0792,1087202,89,1.2576,-0.3926,0.7336,-104.1679,-128.2595,-64.9313
303008.0792,1087212,89,1.2114,-0.4829,0.6760,-132.5344,-109.3130,-57.6183
303008.0792,1087222,89,1.1533,-0.5515,0.5999,-148.6260,-97.1145,-50.2748
303008.0792,1087232,89,1.1104,-0.6370,0.5110,-154.2595,-89.8473,-46.1527
303008.0792,1087242,89,1.0862,-0.7305,0.4377,-148.3359,-84.8092,-48.0763
303008.1991,1087252,90,1.0623,-0.7781,0.3845,-129.6947,-80.1374,-53.8779
303008.1991,1087262,90,1.0347,-0.7781,0.3584,-103.5115,-80.0458,-57.7863
303008.1991,1087272,90,1.0483,-0.7568,0.3518,-74.8397,-85.6947,-59.2672
303008.1991,1087282,90,1.1018,-0.7178,0.3582,-46.6260,-89.2519,-59.2672
303008.1991,1087292,90,1.1204,-0.6245,0.3633,-21.3282,-83.7710,-57.5573
303008.1991,1087302,90,1.0918,-0.5056,0.3599,-7.9542,-75.5725,-52.9771
303008.1991,1087312,90,1.0676,-0.4128,0.3386,-10.0916,-71.5573,-46.6412
303008.1991,1087322,90,1.0596,-0.3396,0.3206,-22.9466,-71.9389,-40.8092
303008.1991,1087332,90,1.0620,-0.2717,0.3071,-41.7099,-75.1908,-34.5191
303008.1991,1087342,90,1.0676,-0.2163,0.3008,-65.8931,-79.5420,-27.0229
303008.2593,1087352,91,1.0808,-0.1863,0.2737,-95.1908,-83.8779,-19.2061
303008.2593,1087362,91,1.0776,-0.1831,0.2271,-127.0992,-85.8168,-14.4885
303008.2593,1087372,91,1.0603,-0.1980,0.1692,-157.5878,-85.8931,-14.6260
303008.2593,1087382,91,1.0398,-0.2393,0.1096,-183.8931,-86.2137,-18.8855
303008.2593,1087392,91,1.0376,-0.2922,0.0474,-205.1756,-89.2061,-24.0000
303008.2593,1087402,91,1.0525,-0.3496,-0.0024,-219.7710,-94.2290,-28.6718
303008.2593,1087412,91,1.0767,-0.4058,-0.0515,-228.2443,-99.3893,-32.3206
303008.2593,1087422,91,1.1118,-0.4575,-0.0884,-232.2901,-104.3359,-34.3359
303008.2593,1087432,91,1.1396,-0.5176,-0.1121,-232.3053,-105.8779,-34.4427
303008.2593,1087442,91,1.1763,-0.5791,-0.1340,-226.3817,-103.5115,-33.2672
303008.3803,1087452,92,1.2097,-0.6233,-0.1484,-214.3817,-96.2901,-29.8015
303008.3803,1087462,92,1.2222,-0.6646,-0.1531,-198.1374,-84.6870,-24.3969
303008.3803,1087472,92,1.2185,-0.6772,-0.1614,-178.3053,-69.7405,-17.8015
303008.3803,1087482,92,1.2004,-0.6743,-0.1643,-157.0382,-55.6489,-11.2519
303008.3803,1087492,92,1.1765,-0.6538,-0.1768,-136.0916,-44.4275,-4.8702
303008.3803,1087502,92,1.1489,-0.6282,-0.1809,-116.0763,-36.7786,0.4885
303008.3803,1087512,92,1.1331,-0.5979,-0.1875,-96.8855,-32.3206,4.5038
303008.3803,1087522,92,1.1052,-0.5627,-0.1870,-78.6260,-28.7481,7.1145
303008.3803,1087532,92,1.0762,-0.5190,-0.1855,-61.9237,-25.2672,8.7939
303008.3803,1087542,92,1.0435,-0.4688,-0.1814,-47.5420,-21.7557,10.0153
303008.5002,1087552,93,1.0239,-0.4265,-0.1875,-36.3817,-17.8626,10.3817
303008.5002,1087562,93,1.0000,-0.3896,-0.1919,-28.3053,-13.8473,9.8321
303008.5002,1087572,93,0.9856,-0.3547,-0.1980,-23.2519,-10.3206,9.2214
303008.5002,1087582,93,0.9663,-0.3369,-0.2061,-21.7557,-7.6183,9.2061
303008.5002,1087592,93,0.9468,-0.3262,-0.2153,-21.8931,-5.9542,9.7252
303008.5002,1087602,93,0.9353,-0.3140,-0.2185,-22.0916,-5.5725,10.5038
303008.5002,1087612,93,0.9343,-0.3059,-0.2239,-22.7939,-6.5954,11.2214
303008.5002,1087622,93,0.9302,-0.2976,-0.2227,-24.2748,-8.1985,11.7863
303008.5002,1087632,93,0.9250,-0.2942,-0.2217,-26.1374,-9.7252,12.2748
303008.5002,1087642,93,0.9265,-0.2981,-0.2131,-27.4198,-11.0840,12.0916
303008.5600,1087652,94,0.9321,-0.3015,-0.2104,-27.3740,-11.9847,11.2672
303008.5600,1087662,94,0.9465,-0.3108,-0.2122,-26.6870,-12.1069,10.1221
303008.5600,1087672,94,0.9541,-0.3152,-0.2095,-25.9084,-11.4809,9.1756
303008.5600,1087682,94,0.9595,-0.3218,-0.2058,-24.8855,-10.4885,8.9313
303008.5600,1087692,94,0.9641,-0.3271,-0.2083,-23.6641,-9.0992,8.9771
303008.5600,1087702,94,0.9709,-0.3323,-0.2148,-22.2901,-7.3282,9.1298
303008.5600,1087712,94,0.9753,-0.3364,-0.2144,-20.7176,-5.4198,9.7557
303008.5600,1087722,94,0.9790,-0.3347,-0.2131,-19.2061,-3.6641,10.7939
303008.5600,1087732,94,0.9810,-0.3337,-0.2195,-17.9237,-2.0611,12.0305
303008.5600,1087742,94,0.9771,-0.3354,-0.2246,-16.9160,-0.3359,13.3435
303008.6799,1087752,95,0.9727,-0.3340,-0.2256,-16.0305,1.6947,14.6870
303008.6799,1087762,95,0.9658,-0.3279,-0.2300,-15.1756,3.4809,16.0763
303008.6799,1087772,95,0.9587,-0.3247,-0.2388,-14.0611,4.6870,17.4504
303008.6799,1087782,95,0.9541,-0.3169,-0.2429,-12.6412,5.1298,18.7023
303008.6799,1087792,95,0.9644,-0.3049,-0.2454,-11.3282,4.9924,19.8473
303008.6799,1087802,95,0.9741,-0.2910,-0.2468,-10.4275,4.8550,20.4580
303008.6799,1087812,95,0.9836,-0.2788,-0.2502,-9.9847,5.2366,20.8550
303008.6799,1087822,95,0.9841,-0.2673,-0.2527,-10.3359,6.0305,20.8397
303008.6799,1087832,95,0.9792,-0.2588,-0.2561,-11.0229,7.2214,20.2137
303008.6799,1087842,95,0.9709,-0.2581,-0.2581,-11.8473,7.8321,19.4046
303008.8000,1087852,96,0.9624,-0.2634,-0.2656,-12.5802,8.0153,18.4275
303008.8000,1087862,96,0.9561,-0.2678,-0.2634,-12.7328,7.6336,17.4962
303008.8000,1087872,96,0.9504,-0.2727,-0.2690,-12.5344,6.5802,16.7023
303008.8000,1087882,96,0.9539,-0.2737,-0.2681,-12.1374,5.3893,16.0611
303008.8000,1087892,96,0.9539,-0.2769,-0.2664,-11.6489,4.5802,15.4504
303008.8000,1087902,96,0.9536,-0.2798,-0.2661,-11.2977,4.2748,14.8702
303008.8000,1087912,96,0.9436,-0.2876,-0.2703,-10.9008,4.2290,14.3511
303008.8000,1087922,96,0.9309,-0.2920,-0.2737,-10.0000,4.1069,13.6794
303008.8000,1087932,96,0.9226,-0.2937,-0.2793,-8.3511,3.3435,12.9924
303008.8000,1087942,96,0.9219,-0.2930,-0.2751,-6.0611,1.6947,12.3664
303008.8598,1087952,97,0.9272,-0.2922,-0.2717,-3.3282,-0.0763,11.8473
303008.8598,1087962,97,0.9292,-0.2837,-0.2690,-0.2595,-1.0534,10.9160
303008.8598,1087972,97,0.9368,-0.2773,-0.2583,2.7939,-1.6794,9.7863
303008.8598,1087982,97,0.9421,-0.2664,-0.2581,5.1908,-2.4885,8.5802
303008.8598,1087992,97,0.9492,-0.2620,-0.2485,6.8397,-3.0687,7.3740
303008.8598,1088002,97,0.9546,-0.2563,-0.2402,7.4809,-3.2824,6.4275
303008.8598,1088012,97,0.9568,-0.2546,-0.2380,7.1756,-3.2214,6.1527
303008.8598,1088022,97,0.9648,-0.2551,-0.2329,5.9389,-3.0840,6.6107
303008.8598,1088032,97,0.9685,-0.2563,-0.2246,4.0305,-2.8702,7.4046
303008.8598,1088042,97,0.9641,-0.2585,-0.2327,1.7710,-2.1679,8.3511
303008.9815,1088052,98,0.9612,-0.2563,-0.2356,-0.4885,-1.2977,9.5115
303008.9815,1088062,98,0.9568,-0.2554,-0.2444,-2.3664,-0.7634,10.5191
303008.9815,1088072,98,0.9490,-0.2561,-0.2493,-3.6031,-0.5038,11.0229
303008.9815,1088082,98,0.9421,-0.2539,-0.2488,-3.8931,-0.4885,10.8855
303008.9815,1088092,98,0.9353,-0.2505,-0.2551,-3.0534,-0.8702,10.0458
303008.9815,1088102,98,0.9365,-0.2471,-0.2595,-1.8321,-2.0611,8.7328
303008.9815,1088112,98,0.9377,-0.2456,-0.2529,-0.5038,-3.5725,7.1450
303008.9815,1088122,98,0.9443,-0.2454,-0.2483,0.8397,-4.6565,5.4046
303008.9815,1088132,98,0.9512,-0.2388,-0.2463,1.9084,-5.1450,3.6031
303008.9815,1088142,98,0.9561,-0.2402,-0.2400,2.2748,-5.2519,2.1374
303009.1004,1088152,99,0.9570,-0.2395,-0.2395,1.8626,-5.0840,1.0840
303009.1004,1088162,99,0.9570,-0.2449,-0.2322,0.9160,-5.1298,0.2443
303009.1004,1088172,99,0.9634,-0.2539,-0.2327,-0.1069,-5.6794,-0.2901
303009.1004,1088182,99,0.9663,-0.2634,-0.2354,-0.9466,-6.1527,-0.5191
303009.1004,1088192,99,0.9700,-0.2722,-0.2278,-1.5573,-6.2748,-0.6260
303009.1004,1088202,99,0.9688,-0.2737,-0.2273,-1.8779,-6.1527,-0.5954
303009.1004,1088212,99,0.9663,-0.2776,-0.2253,-1.9237,-5.8779,-0.6718
303009.1004,1088222,99,0.9644,-0.2800,-0.2246,-1.4962,-5.7557,-0.8092
303009.1004,1088232,99,0.9656,-0.2830,-0.2256,-0.8397,-5.8473,-1.0687
303009.1004,1088242,99,0.9646,-0.2869,-0.2241,0.0916,-6.0305,-1.6641
303009.1593,1088252,100,0.9668,-0.2864,-0.2227,1.2977,-6.2595,-2.4580
303009.1593,1088262,100,0.9709,-0.2827,-0.2229,2.5802,-6.3664,-3.3893
303009.1593,1088272,100,0.9695,-0.2847,-0.2249,3.6031,-6.3053,-4.2443
303009.1593,1088282,100,0.9717,-0.2896,-0.2229,4.1221,-5.8168,-5.2366
303009.1593,1088292,100,0.9641,-0.2983,-0.2263,4.5038,-5.1756,-5.9847
303009.1593,1088302,100,0.9578,-0.3032,-0.2283,4.9771,-4.9008,-6.2901
303009.1593,1088312,100,0.9519,-0.3040,-0.2244,5.4809,-5.3740,-6.3359
303009.1593,1088322,100,0.9526,-0.3008,-0.2275,5.8168,-6.3664,-6.3817
303009.1593,1088332,100,0.9551,-0.3047,-0.2195,5.8473,-7.3282,-6.4733
303009.1593,1088342,100,0.9558,-0.3079,-0.2134,5.7863,-7.7099,-6.6565
303009.2799,1088352,101,0.9563,-0.3145,-0.2166,5.5878,-7.4809,-6.9771
303009.2799,1088362,101,0.9578,-0.3228,-0.2178,5.6336,-7.0687,-7.5115
303009.2799,1088372,101,0.9529,-0.3379,-0.2263,6.1985,-6.4885,-8.1527
303009.2799,1088382,101,0.9497,-0.3528,-0.2297,7.2977,-6.3206,-8.8855
303009.2799,1088392,101,0.9526,-0.3757,-0.2332,8.6107,-6.7176,-10.0000
303009.2799,1088402,101,0.9458,-0.3916,-0.2354,10.5191,-6.9466,-10.8397
303009.2799,1088412,101,0.9419,-0.3967,-0.2395,12.7786,-7.2214,-10.8702
303009.2799,1088422,101,0.9487,-0.4065,-0.2402,14.1679,-8.3969,-10.5649
303009.2799,1088432,101,0.9497,-0.4229,-0.2378,14.4122,-9.2366,-9.7557
303009.2799,1088442,101,0.9438,-0.4385,-0.2410,14.0305,-9.6183,-7.9389
303009.4594,1088452,102,0.9375,-0.4463,-0.2402,14.0458,-10.7023,-5.6183
303009.4594,1088462,102,0.9431,-0.4521,-0.2422,14.3969,-12.7328,-2.9924
303009.4594,1088472,102,0.9453,-0.4448,-0.2361,15.0687,-14.7939,-0.5802
303009.4594,1088482,102,0.9497,-0.4343,-0.2356,14.5496,-16.9313,2.0458
303009.4594,1088492,102,0.9570,-0.4392,-0.2329,12.7939,-18.5344,4.1221
303009.4594,1088502,102,0.9573,-0.4451,-0.2258,11.5115,-18.6260,5.2672
303009.4594,1088512,102,0.9607,-0.4636,-0.2209,10.6107,-19.2824,6.5038
303009.4594,1088522,102,0.9641,-0.4854,-0.2168,10.0763,-19.5878,7.6641
303009.4594,1088532,102,0.9695,-0.4900,-0.2117,10.6718,-19.0687,9.2366
303009.4594,1088542,102,0.9612,-0.4810,-0.2090,10.8702,-17.8626,11.5115
303009.4618,1088552,103,0.9526,-0.4719,-0.2136,8.0611,-16.6260,14.5954
303009.4618,1088562,103,0.9438,-0.4771,-0.2292,1.9237,-16.0153,18.3206
303009.4618,1088572,103,0.9387,-0.4900,-0.2422,-5.0534,-16.4122,22.0611
303009.4618,1088582,103,0.9302,-0.5220,-0.2507,-11.5725,-18.0153,25.4351
303009.4618,1088592,103,0.9336,-0.5935,-0.2507,-16.0000,-20.2901,29.3130
303009.4618,1088602,103,0.9775,-0.7007,-0.2368,-15.6947,-24.3969,34.5954
303009.4618,1088612,103,0.9980,-0.7617,-0.2104,-5.8015,-23.1450,40.7023
303009.4618,1088622,103,0.9812,-0.7439,-0.1936,12.7786,-14.0305,43.5725
303009.4618,1088632,103,0.9558,-0.7151,-0.1853,31.9542,-3.0382,41.2061
303009.4618,1088642,103,0.9485,-0.7180,-0.1882,46.6870,5.4656,36.5344
303009.5792,1088652,104,0.9521,-0.7109,-0.1787,58.9466,14.8397,33.7710
303009.5792,1088662,104,0.9409,-0.7092,-0.1750,66.7481,26.2443,35.0382
303009.5792,1088672,104,0.9341,-0.7168,-0.1729,70.4122,31.7710,38.6412
303009.5792,1088682,104,0.9868,-0.7397,-0.1484,69.8473,28.8397,42.8855
303009.5792,1088692,104,1.0386,-0.7595,-0.1208,67.9847,25.9695,49.0382
303009.5792,1088702,104,1.0542,-0.7275,-0.0925,69.5267,27.7099,54.4885
303009.5792,1088712,104,1.0769,-0.7371,-0.0671,69.8473,29.1908,56.5954
303009.5792,1088722,104,1.1282,-0.8230,-0.0767,68.6718,31.9847,57.4046
303009.5792,1088732,104,1.1399,-0.8862,-0.0813,75.4046,44.6870,54.9771
303009.5792,1088742,104,1.1157,-0.9053,-0.0820,85.9847,61.7099,51.4046
303009.6998,1088752,105,1.1096,-0.9333,-0.0745,92.3664,72.8855,50.7481
303009.6998,1088762,105,1.1079,-0.9636,-0.0703,96.1374,81.0382,54.6260
303009.6998,1088772,105,1.0879,-0.9524,-0.0525,99.6336,86.2290,60.4885
303009.6998,1088782,105,1.0977,-0.9370,-0.0027,100.4580,86.1069,69.4046
303009.6998,1088792,105,1.1904,-0.9551,0.0889,98.2901,86.3359,81.8168
303009.6998,1088802,105,1.2556,-0.9741,0.1516,99.2824,101.3740,95.1145
303009.6998,1088812,105,1.2485,-0.9431,0.1687,105.3130,124.2137,102.7634
303009.6998,1088822,105,1.2368,-0.9470,0.1826,108.5038,140.4427,105.6336
303009.6998,1088832,105,1.2529,-0.9585,0.1995,111.6336,151.1450,103.2824
303009.6998,1088842,105,1.2534,-0.9519,0.2515,116.8244,164.1985,100.1527
303009.7601,1088852,106,1.2473,-0.9492,0.2974,121.1450,186.2137,98.2901
303009.7601,1088862,106,1.2056,-0.9431,0.2961,121.8626,213.7557,99.5267
303009.7601,1088872,106,1.1580,-0.9668,0.3101,116.9466,230.5649,105.6489
303009.7601,1088882,106,1.1812,-1.0259,0.3696,108.9466,238.1832,114.0916
303009.7601,1088892,106,1.1628,-1.0525,0.4285,111.9084,250.3969,127.0382
303009.7601,1088902,106,1.1682,-1.0388,0.5024,122.9313,255.2519,134.7328
303009.7601,1088912,106,1.1875,-1.0535,0.5520,130.1527,248.2748,138.1985
303009.7601,1088922,106,1.1833,-1.0461,0.6079,141.8931,240.1221,136.6107
303009.7601,1088932,106,1.1777,-1.0234,0.6218,156.3664,231.7557,131.2672
303009.7601,1088942,106,1.1526,-1.0000,0.6106,164.1527,226.0153,123.3130
303009.8788,1088952,107,1.1045,-0.9375,0.6370,163.3893,223.1450,118.3511
303009.8788,1088962,107,1.1028,-0.9272,0.6821,152.5802,226.3969,121.0534
303009.8788,1088972,107,1.0696,-0.8823,0.7007,143.5725,237.9237,126.2290
303009.8788,1088982,107,0.9717,-0.8223,0.6589,132.0153,245.6183,127.9389
303009.8788,1088992,107,0.8884,-0.7883,0.6162,113.1145,240.0763,128.4122
303009.8788,1089002,107,0.8579,-0.8240,0.6235,94.0763,228.6412,127.1450
303009.8788,1089012,107,0.8691,-0.9055,0.6448,86.9008,224.1221,127.2519
303009.8788,1089022,107,0.8411,-0.9041,0.6470,99.1450,228.3664,127.0229
303009.8788,1089032,107,0.7705,-0.8462,0.6194,114.0916,229.3282,126.7023
303009.8788,1089042,107,0.7224,-0.7896,0.5793,120.4580,221.5878,125.9237
303009.9985,1089052,108,0.6426,-0.7522,0.5610,123.1145,212.1221,125.1908
303009.9985,1089062,108,0.6021,-0.6836,0.5618,129.6183,201.0992,124.1221
303009.9985,1089072,108,0.5779,-0.5747,0.5781,136.4580,191.2824,121.2672
303009.9985,1089082,108,0.5754,-0.5071,0.6008,134.6718,187.0687,117.2061
303009.9985,1089092,108,0.5210,-0.4612,0.5928,126.8550,190.4122,114.5191
303009.9985,1089102,108,0.4026,-0.4275,0.5659,119.0840,190.8244,109.6336
303009.9985,1089112,108,0.3223,-0.4219,0.5376,112.0458,184.0763,102.5496
303009.9985,1089122,108,0.2673,-0.4097,0.5161,111.1298,175.1908,94.6870
303009.9985,1089132,108,0.1780,-0.3823,0.4968,110.7939,165.1603,85.6794
303009.9985,1089142,108,0.1138,-0.3630,0.4905,104.7481,150.7328,79.8321
303010.0590,1089152,109,0.0605,-0.3228,0.4927,97.6641,135.1603,76.4733
303010.0590,1089162,109,-0.0024,-0.2742,0.4761,89.6947,117.1145,72.5191
303010.0590,1089172,109,-0.0420,-0.2183,0.4390,78.4427,95.0229,66.5191
303010.0590,1089182,109,-0.0989,-0.1597,0.4526,61.5115,69.4198,59.9237
303010.0590,1089192,109,-0.0544,-0.1692,0.5208,39.8626,41.8626,55.9847
303010.0590,1089202,109,0.0640,-0.2930,0.6235,25.9084,31.8931,52.0611
303010.0590,1089212,109,0.0928,-0.3865,0.6943,33.0840,48.1679,44.7786
303010.0590,1089222,109,0.0359,-0.4604,0.7021,52.3969,73.5420,38.5191
303010.0590,1089232,109,0.0144,-0.5149,0.6765,74.4275,89.1298,33.8779
303010.0590,1089242,109,0.0173,-0.5205,0.6514,98.9618,100.8397,31.9847
303010.1798,1089252,110,-0.0286,-0.4309,0.5959,121.7252,111.7557,34.8092
303010.1798,1089262,110,-0.1262,-0.3154,0.5168,130.5191,119.6947,41.3588
303010.1798,1089272,110,-0.2168,-0.2195,0.4758,126.0000,124.6870,50.5954
303010.1798,1089282,110,-0.2610,-0.1653,0.4758,116.6718,120.5954,59.5573
303010.1798,1089292,110,-0.2163,-0.1177,0.5244,114.1679,110.4580,63.1756
303010.1798,1089302,110,-0.2261,-0.0479,0.5688,118.6412,109.6947,60.7023
303010.1798,1089312,110,-0.2336,-0.0215,0.5906,120.2748,115.1603,51.9542
303010.1798,1089322,110,-0.2207,-0.0732,0.5996,125.3740,125.6031,42.7939
303010.1798,1089332,110,-0.3005,-0.0366,0.5591,139.5115,142.3206,32.8244
303010.1798,1089342,110,-0.4390,0.0417,0.4600,145.5878,148.1374,26.6565
303010.2998,1089352,111,-0.4980,0.0962,0.4036,133.7557,135.7863,28.6565
303010.2998,1089362,111,-0.4995,0.1692,0.4304,115.0076,119.7252,33.6336
303010.2998,1089372,111,-0.4490,0.1904,0.4868,95.2672,105.4198,33.7557
303010.2998,1089382,111,-0.4072,0.1958,0.5496,81.1450,99.9542,27.4046
303010.2998,1089392,111,-0.4302,0.1992,0.5679,70.9618,100.5496,18.8244
303010.2998,1089402,111,-0.4395,0.1487,0.5686,63.2672,98.0916,9.3588
303010.2998,1089412,111,-0.5095,0.1223,0.5754,58.7786,92.4427,1.0076
303010.2998,1089422,111,-0.5024,0.0906,0.5764,52.7023,78.0458,-3.8931
303010.2998,1089432,111,-0.5063,0.0776,0.5906,43.9389,67.4351,-5.5878
303010.2998,1089442,111,-0.5654,0.0574,0.5847,24.6870,62.7939,-1.4656
303010.3602,1089452,112,-0.5786,0.0483,0.5911,23.0229,61.7710,0.0305
303010.3602,1089462,112,-0.5574,0.0378,0.6243,27.6947,61.3282,-0.9313
303010.3602,1089472,112,-0.6172,0.0459,0.6226,34.6565,66.3511,-3.1298
303010.3602,1089482,112,-0.6643,0.0125,0.5686,33.0534,65.5420,-3.1298
303010.3602,1089492,112,-0.7131,-0.0300,0.5332,29.1603,60.3511,-0.9466
303010.3602,1089502,112,-0.7737,-0.0532,0.5042,29.6947,52.0153,3.1908
303010.3602,1089512,112,-0.7939,-0.0115,0.5049,32.0000,38.4122,8.4275
303010.3602,1089522,112,-0.7947,0.0483,0.5239,29.1908,19.8473,13.3893
303010.3602,1089532,112,-0.6799,0.0884,0.6184,21.6336,0.9160,15.8473
303010.3602,1089542,112,-0.5283,0.1121,0.7756,16.2901,-0.9618,14.9008
303010.4800,1089552,113,-0.5374,0.1433,0.7856,13.5267,15.3130,12.5344
303010.4800,1089562,113,-0.6335,0.1497,0.6819,5.9695,27.0534,9.8473
303010.4800,1089572,113,-0.6985,0.1089,0.5823,-2.2137,27.9695,6.4122
303010.4800,1089582,113,-0.7656,0.0703,0.5393,-1.6336,25.8473,2.4580
303010.4800,1089592,113,-0.7896,0.0439,0.5312,2.7634,19.1603,-0.2443
303010.4800,1089602,113,-0.7871,0.0273,0.5500,4.0458,11.6183,-0.8092
303010.4800,1089612,113,-0.7437,-0.0066,0.6150,4.1069,5.5267,-0.9160
303010.4800,1089622,113,-0.7063,-0.0227,0.6851,7.5725,6.4733,-1.3588
303010.4800,1089632,113,-0.7368,-0.0354,0.6897,9.9237,13.3588,-1.8473
303010.4800,1089642,113,-0.7605,-0.0593,0.6533,7.2061,16.0916,-1.8626
303010.5988,1089652,114,-0.7737,-0.0911,0.6121,3.6489,17.2977,-1.4198
303010.5988,1089662,114,-0.7754,-0.1323,0.5723,0.3664,17.1298,-1.1298
303010.5988,1089672,114,-0.7732,-0.2019,0.5286,-1.2519,17.3740,-0.5344
303010.5988,1089682,114,-0.7937,-0.2278,0.4739,1.2366,16.9771,1.0840
303010.5988,1089692,114,-0.7996,-0.2437,0.4255,0.6412,11.2824,3.1603
303010.5988,1089702,114,-0.7297,-0.2742,0.4243,-4.7939,0.7786,4.3053
303010.5988,1089712,114,-0.6482,-0.3328,0.4788,-9.9695,-5.3893,4.2137
303010.5988,1089722,114,-0.5952,-0.3950,0.4866,-13.5267,-6.2443,4.0611
303010.5988,1089732,114,-0.5510,-0.4441,0.4775,-19.3740,-7.2977,6.1374
303010.5988,1089742,114,-0.4778,-0.4785,0.4988,-27.3588,-9.6183,12.3969
303010.6599,1089752,115,-0.4443,-0.4849,0.4932,-30.2443,-5.6183,23.1908
303010.6599,1089762,115,-0.4612,-0.4241,0.4480,-25.7863,0.2137,32.5802
303010.6599,1089772,115,-0.4617,-0.3564,0.3467,-23.5267,-0.7023,38.5344
303010.6599,1089782,115,-0.4497,-0.3093,0.2500,-26.4885,-5.9389,41.6336
303010.6599,1089792,115,-0.4099,-0.2668,0.1794,-34.4580,-17.0229,43.3130
303010.6599,1089802,115,-0.3779,-0.2212,0.1123,-44.6870,-32.7481,44.2748
303010.6599,1089812,115,-0.3245,-0.1802,0.0796,-56.0000,-51.7710,43.8779
303010.6599,1089822,115,-0.2285,-0.1458,0.0872,-66.9466,-71.8931,42.4275
303010.6599,1089832,115,-0.1558,-0.1274,0.1658,-75.2519,-86.0611,41.1298
303010.6599,1089842,115,-0.1067,-0.1052,0.2500,-76.9771,-90.7786,41.0992
303010.7800,1089852,116,-0.0886,-0.0999,0.3103,-73.6947,-86.1374,42.0153
303010.7800,1089862,116,-0.0818,-0.0627,0.3621,-65.1908,-81.9237,42.7328
303010.7800,1089872,116,-0.0425,0.0166,0.4092,-57.1756,-83.6183,44.1374
303010.7800,1089882,116,-0.0374,0.1086,0.4631,-53.6489,-83.7863,44.9771
303010.7800,1089892,116,-0.0547,0.1880,0.4963,-57.0382,-86.1527,44.4580
303010.7800,1089902,116,-0.0732,0.2603,0.5098,-61.3435,-90.9160,43.0534
303010.7800,1089912,116,-0.0920,0.3655,0.5422,-61.6794,-97.6336,38.4275
303010.7800,1089922,116,-0.1023,0.4260,0.5498,-64.6107,-106.3511,29.4962
303010.7800,1089932,116,-0.1011,0.4319,0.5659,-69.5420,-112.4733,18.8397
303010.7800,1089942,116,-0.0999,0.4399,0.5911,-71.3282,-117.7710,8.4885
303010.8990,1089952,117,-0.1003,0.4500,0.6370,-73.3282,-126.2595,0.0916
303010.8990,1089962,117,-0.0618,0.4885,0.7341,-74.9466,-133.5267,-5.8931
303010.8990,1089972,117,-0.0710,0.5022,0.8186,-75.7252,-133.7252,-12.0916
303010.8990,1089982,117,-0.0969,0.5051,0.8564,-74.7023,-130.9008,-19.4351
303010.8990,1089992,117,-0.1201,0.5012,0.8872,-71.2824,-130.9466,-28.4275
303010.8990,1090002,117,-0.1372,0.4954,0.9202,-68.5038,-134.2290,-36.1985
303010.8990,1090012,117,-0.1094,0.4700,0.9578,-65.4656,-138.8397,-42.8244
303010.8990,1090022,117,-0.1245,0.4514,0.9978,-61.2519,-142.6565,-49.2824
303010.8990,1090032,117,-0.1455,0.4231,1.0193,-57.5878,-145.8015,-53.7252
303010.8990,1090042,117,-0.1523,0.4373,1.0906,-50.8550,-149.7557,-56.3053
303010.9588,1090052,118,-0.1182,0.4812,1.2148,-42.9160,-155.6336,-58.3206
303010.9588,1090062,118,-0.0842,0.5222,1.3540,-37.3893,-156.8397,-60.8092
303010.9588,1090072,118,-0.0752,0.5645,1.4912,-32.9160,-153.0229,-64.9618
303010.9588,1090082,118,-0.0674,0.5686,1.5569,-30.7939,-147.5115,-71.6336
303010.9588,1090092,118,-0.0864,0.5520,1.5676,-30.0611,-140.2901,-80.6565
303010.9588,1090102,118,-0.0955,0.5242,1.5571,-29.1450,-136.4427,-90.5344
303010.9588,1090112,118,-0.0657,0.4468,1.5474,-28.4122,-134.5038,-100.0916
303010.9588,1090122,118,-0.0657,0.3596,1.5610,-23.9237,-129.2672,-107.4962
303010.9588,1090132,118,-0.0771,0.3030,1.5791,-14.9618,-125.4504,-112.0458
303010.9588,1090142,118,-0.0769,0.2751,1.6008,-5.9084,-123.4198,-114.3053
303011.0804,1090152,119,-0.0566,0.2751,1.6619,2.0000,-120.5649,-116.0916
303011.0804,1090162,119,-0.0337,0.2957,1.7505,6.8397,-115.5267,-118.0763
303011.0804,1090172,119,-0.0095,0.3032,1.8115,7.6641,-108.2137,-121.0382
303011.0804,1090182,119,0.0112,0.3086,1.8508,6.8244,-98.3664,-125.8168
303011.0804,1090192,119,0.0200,0.3030,1.8684,4.3359,-88.5649,-132.2595
303011.0804,1090202,119,0.0469,0.2141,1.8618,0.2137,-78.6260,-139.9389
303011.0804,1090212,119,0.0310,0.1116,1.8403,0.1985,-67.1908,-146.9160
303011.0804,1090222,119,0.0261,0.0190,1.8281,5.7405,-59.7405,-150.9313
303011.0804,1090232,119,0.0183,-0.0413,1.8386,14.4733,-54.8092,-151.6336
303011.0804,1090242,119,0.0066,-0.0852,1.8640,23.1298,-50.5191,-150.3969
303011.2005,1090252,120,0.0186,-0.0935,1.9160,31.6183,-46.5191,-149.2977
303011.2005,1090262,120,0.0403,-0.0857,1.9656,36.1679,-39.4962,-148.1374
303011.2005,1090272,120,0.0598,-0.0957,1.9897,36.4122,-29.0840,-148.0153
303011.2005,1090282,120,0.0735,-0.1372,1.9866,34.9466,-18.4733,-149.7099
303011.2005,1090292,120,0.0745,-0.1675,1.9771,33.7863,-7.9695,-151.5115
303011.2005,1090302,120,0.0784,-0.1775,1.9695,31.2672,1.2061,-151.8321
303011.2005,1090312,120,0.0991,-0.2136,1.9695,26.7939,10.0458,-151.9695
303011.2005,1090322,120,0.1123,-0.2339,1.9761,23.0534,19.6031,-152.8092
303011.2005,1090332,120,0.1343,-0.2397,1.9636,19.1603,28.4885,-152.6565
303011.2005,1090342,120,0.1523,-0.2932,1.9292,13.8931,38.0305,-154.5496
303011.3189,1090352,121,0.1687,-0.3855,1.8792,9.4504,50.3664,-156.9924
303011.3189,1090362,121,0.1726,-0.4587,1.8179,7.3435,62.4122,-156.7786
303011.3189,1090372,121,0.1760,-0.5349,1.7537,5.2061,72.4427,-152.9313
303011.3189,1090382,121,0.1484,-0.5913,1.6919,4.8397,80.8244,-146.3359
303011.3189,1090392,121,0.1218,-0.5999,1.6545,7.0687,86.1832,-138.0763
303011.3189,1090402,121,0.0962,-0.5950,1.6304,10.0916,89.3740,-129.4351
303011.3189,1090412,121,0.0967,-0.6025,1.6226,12.5344,92.4427,-123.3588
303011.3189,1090422,121,0.1160,-0.6282,1.6177,13.2977,97.6641,-118.6107
303011.3189,1090432,121,0.0867,-0.6506,1.5918,13.5267,105.8931,-111.7863
303011.3189,1090442,121,0.0737,-0.6731,1.5430,14.4122,111.2366,-104.6260
303011.3829,1090452,122,0.0686,-0.7056,1.5159,15.3893,114.0763,-99.0840
303011.3829,1090462,122,0.0676,-0.7383,1.4810,14.6718,117.6336,-91.8473
303011.3829,1090472,122,0.0649,-0.7717,1.4429,15.2672,122.0000,-83.4504
303011.3829,1090482,122,0.0432,-0.8091,1.4004,17.3893,126.4275,-75.1603
303011.3829,1090492,122,0.0295,-0.8296,1.3723,19.2672,129.8321,-65.7863
303011.3829,1090502,122,0.0176,-0.8040,1.3489,22.5344,133.5725,-53.8473
303011.3829,1090512,122,0.0005,-0.7493,1.3291,25.9847,135.5573,-44.3511
303011.3829,1090522,122,-0.0105,-0.6902,1.3208,25.8321,137.2977,-37.4198
303011.3829,1090532,122,-0.0283,-0.6538,1.2959,22.6718,138.7176,-31.8015
303011.3829,1090542,122,-0.0566,-0.6196,1.2700,18.3053,139.3893,-28.0458
303011.5004,1090552,123,-0.0667,-0.5759,1.2419,13.5878,139.2977,-23.9389
303011.5004,1090562,123,-0.0615,-0.5476,1.2151,10.1069,139.0840,-21.6336
303011.5004,1090572,123,-0.0615,-0.5508,1.1741,6.2443,140.5802,-22.1679
303011.5004,1090582,123,-0.0686,-0.5925,1.1191,1.0382,144.6718,-22.1374
303011.5004,1090592,123,-0.1079,-0.6555,1.0291,-3.6336,150.0305,-19.0076
303011.5004,1090602,123,-0.1519,-0.7046,0.9443,-5.2977,152.9771,-12.4275
303011.5004,1090612,123,-0.1931,-0.7107,0.8762,-2.8397,151.7863,-2.9771
303011.5004,1090622,123,-0.2024,-0.6931,0.8584,1.1145,147.6183,6.4885
303011.5004,1090632,123,-0.2273,-0.6531,0.8596,4.0763,144.0000,14.1374
303011.5004,1090642,123,-0.2310,-0.6218,0.8630,4.2748,139.3435,20.1069
303011.5599,1090652,124,-0.2332,-0.6067,0.8616,1.8779,134.8397,24.1679
303011.5599,1090662,124,-0.2256,-0.6001,0.8574,-1.7099,131.3282,27.7710
303011.5599,1090672,124,-0.2178,-0.5796,0.8596,-4.6870,129.9542,31.6947
303011.5599,1090682,124,-0.2266,-0.5503,0.8337,-7.4962,130.7939,34.8550
303011.5599,1090692,124,-0.2412,-0.5366,0.8015,-11.4809,132.1679,36.4733
303011.5599,1090702,124,-0.2324,-0.5312,0.7607,-16.5802,132.8092,38.2595
303011.5599,1090712,124,-0.2439,-0.5354,0.7136,-19.7099,132.7481,39.5878
303011.5599,1090722,124,-0.2615,-0.5203,0.6851,-22.9160,130.8702,40.3359
303011.5599,1090732,124,-0.2561,-0.5237,0.6606,-28.6718,127.3435,42.9618
303011.5599,1090742,124,-0.2629,-0.5107,0.6404,-33.5573,123.9084,45.2519
303011.6814,1090752,125,-0.2495,-0.5034,0.6230,-39.6336,120.0153,47.5573
303011.6814,1090762,125,-0.2446,-0.5142,0.5815,-45.9542,117.2824,50.7023
303011.6814,1090772,125,-0.2644,-0.5186,0.5347,-49.5725,115.7099,53.8168
303011.6814,1090782,125,-0.2744,-0.4946,0.5098,-52.1374,112.0916,58.0916
303011.6814,1090792,125,-0.2900,-0.4741,0.4763,-53.6947,108.6870,63.4809
303011.6814,1090802,125,-0.3232,-0.4326,0.4534,-53.0840,106.4733,67.7405
303011.6814,1090812,125,-0.3191,-0.3745,0.4456,-53.2519,101.8931,70.8855
303011.6814,1090822,125,-0.3127,-0.3491,0.4177,-56.6870,98.0458,72.2748
303011.6814,1090832,125,-0.3142,-0.3481,0.3848,-61.4046,95.8626,72.6565
303011.6814,1090842,125,-0.3242,-0.3411,0.3481,-64.3511,91.4198,73.5725
303011.8009,1090852,126,-0.3193,-0.3423,0.3245,-67.3893,86.0305,76.1374
303011.8009,1090862,126,-0.3015,-0.3208,0.3230,-68.2595,80.5802,78.9771
303011.8009,1090872,126,-0.3115,-0.3140,0.2959,-69.0534,76.2901,81.7863
303011.8009,1090882,126,-0.3198,-0.2859,0.2744,-69.2672,73.6336,85.0840
303011.8009,1090892,126,-0.3079,-0.2627,0.2639,-69.8015,67.7557,88.4275
303011.8009,1090902,126,-0.3289,-0.2590,0.2407,-70.2137,63.8321,92.1985
303011.8009,1090912,126,-0.3306,-0.2271,0.2566,-66.2595,60.0611,95.7252
303011.8009,1090922,126,-0.2996,-0.1606,0.2927,-62.6412,52.7786,98.6565
303011.8009,1090932,126,-0.2764,-0.1057,0.3027,-64.2443,47.8168,100.3817
303011.8009,1090942,126,-0.2642,-0.0330,0.3088,-67.2519,44.8397,101.4198
303011.8606,1090952,127,-0.2476,0.0437,0.3030,-72.6260,40.6412,100.3359
303011.8606,1090962,127,-0.2297,0.0857,0.2693,-81.5267,36.5802,97.5420
303011.8606,1090972,127,-0.2136,0.0908,0.2168,-90.4275,33.3130,92.6870
303011.8606,1090982,127,-0.2283,0.0618,0.1206,-97.9237,30.1221,87.5267
303011.8606,1090992,127,-0.2361,0.0317,0.0300,-103.8931,25.2214,83.9695
303011.8606,1091002,127,-0.2534,0.0083,-0.0144,-107.2519,15.6489,84.2290
303011.8606,1091012,127,-0.2305,0.0225,-0.0188,-106.1221,1.7557,86.9924
303011.8606,1091022,127,-0.2107,0.0750,0.0059,-103.2061,-10.0763,88.1221
303011.8606,1091032,127,-0.1965,0.1155,0.0129,-102.2748,-19.4504,88.2748
303011.8606,1091042,127,-0.1975,0.1270,0.0056,-102.8855,-25.8321,86.2901
303011.9788,1091052,128,-0.2334,0.1370,0.0063,-103.2214,-32.9160,84.2748
303011.9788,1091062,128,-0.2375,0.1587,0.0210,-102.4885,-44.0153,83.6031
303011.9788,1091072,128,-0.2197,0.1343,0.0198,-102.2443,-54.3969,81.6947
303011.9788,1091082,128,-0.2078,0.1230,0.0425,-98.8550,-62.0000,78.7481
303011.9788,1091092,128,-0.1831,0.1016,0.0779,-94.3664,-72.0153,76.9924
303011.9788,1091102,128,-0.1594,0.1045,0.1333,-90.7481,-82.2443,76.9466
303011.9788,1091112,128,-0.1492,0.1458,0.2466,-88.9618,-92.7939,79.3282
303011.9788,1091122,128,-0.0984,0.2361,0.3862,-87.3282,-101.6031,84.0000
303011.9788,1091132,128,-0.0879,0.3218,0.4785,-87.1145,-103.0229,84.4733
303011.9788,1091142,128,-0.1025,0.3965,0.5107,-89.0992,-102.3664,78.9313
303012.0994,1091152,129,-0.1228,0.3967,0.4805,-95.9695,-102.1374,69.6489
303012.0994,1091162,129,-0.1494,0.3608,0.4529,-101.5573,-102.3206,59.2366
303012.0994,1091172,129,-0.1548,0.3242,0.4465,-105.2519,-108.7481,51.6489
303012.0994,1091182,129,-0.1340,0.3198,0.4978,-107.2519,-119.6336,47.8931
303012.0994,1091192,129,-0.1179,0.3396,0.5703,-106.3511,-128.8550,45.2214
303012.0994,1091202,129,-0.1143,0.3428,0.6121,-104.2137,-133.0534,40.8092
303012.0994,1091212,129,-0.1423,0.3342,0.6321,-101.4504,-133.9695,35.1756
303012.0994,1091222,129,-0.1602,0.2825,0.6396,-99.8931,-137.1450,30.2443
303012.0994,1091232,129,-0.1335,0.2607,0.6936,-95.6947,-143.9847,27.8168
303012.0994,1091242,129,-0.1174,0.2939,0.7903,-88.3511,-151.7405,28.8855
303012.1613,1091252,130,-0.0911,0.3384,0.8909,-80.9313,-157.3282,31.0534
303012.1613,1091262,130,-0.0479,0.4543,1.0225,-74.2290,-160.6565,29.9237
303012.1613,1091272,130,-0.0063,0.5903,1.1394,-73.3435,-162.4427,25.6947
303012.1613,1091282,130,0.0610,0.7168,1.2126,-80.1527,-161.4809,15.2366
303012.1613,1091292,130,0.0752,0.7214,1.1726,-95.5420,-154.7634,-4.5649
303012.1613,1091302,130,-0.0156,0.5437,1.0276,-114.7023,-142.4122,-29.1298
303012.1613,1091312,130,-0.1650,0.3047,0.8645,-125.8779,-137.3435,-45.4198
303012.1613,1091322,130,-0.1729,0.1086,0.8228,-119.0076,-149.0076,-46.9466
303012.1613,1091332,130,-0.0991,0.0854,0.9680,-93.7405,-166.8855,-38.3817
303012.1613,1091342,130,0.0286,0.2502,1.1858,-61.9084,-179.8015,-27.4809
303012.2804,1091352,131,0.1438,0.4473,1.3987,-40.1832,-182.5802,-23.2824
303012.2804,1091362,131,0.1938,0.6133,1.5288,-37.3588,-175.8015,-27.8168
303012.2804,1091372,131,0.2031,0.6487,1.5315,-50.2290,-164.4275,-40.7176
303012.2804,1091382,131,0.1423,0.5452,1.4333,-67.2824,-148.3206,-59.7252
303012.2804,1091392,131,0.0432,0.3567,1.3142,-79.7863,-136.4122,-76.1985
303012.2804,1091402,131,-0.0161,0.1716,1.2485,-79.4809,-137.3282,-81.5267
303012.2804,1091412,131,0.0115,0.1196,1.2959,-61.7710,-147.3588,-76.0916
303012.2804,1091422,131,0.0996,0.2300,1.4573,-33.6336,-156.7786,-67.4962
303012.2804,1091432,131,0.2004,0.3804,1.6335,-10.4580,-158.9924,-66.1221
303012.2804,1091442,131,0.2629,0.5168,1.7610,-4.6260,-152.1527,-71.2519
303012.4006,1091452,132,0.2644,0.5408,1.7590,-16.5954,-141.7099,-80.5649
303012.4006,1091462,132,0.2251,0.4441,1.6597,-32.5649,-127.2061,-92.7786
303012.4006,1091472,132,0.1445,0.3213,1.5671,-38.8550,-112.9924,-102.7023
303012.4006,1091482,132,0.1145,0.2190,1.5273,-32.3817,-112.4275,-108.2748
303012.4006,1091492,132,0.1189,0.1870,1.5598,-17.2519,-115.6031,-109.1450
303012.4006,1091502,132,0.1670,0.2366,1.6714,0.4427,-118.5038,-108.9771
303012.4006,1091512,132,0.2280,0.3110,1.8130,12.5649,-118.3359,-110.7176
303012.4006,1091522,132,0.2463,0.3628,1.8728,14.9466,-110.6718,-115.5420
303012.4006,1091532,132,0.2385,0.3638,1.8721,7.6641,-99.5420,-122.6260
303012.4006,1091542,132,0.2585,0.2905,1.8447,-2.3359,-91.2977,-130.2595
303012.4598,1091552,133,0.2600,0.2083,1.8118,-6.7481,-80.5191,-136.6565
303012.4598,1091562,133,0.2664,0.1294,1.8137,-3.4351,-73.5267,-140.1679
303012.4598,1091572,133,0.2974,0.0918,1.8489,4.6870,-71.1756,-141.6336
303012.4598,1091582,133,0.3132,0.0835,1.8950,13.1298,-66.8855,-142.5496
303012.4598,1091592,133,0.3428,0.0979,1.9521,17.7863,-59.4809,-144.1985
303012.4598,1091602,133,0.3308,0.1001,1.9592,16.5954,-49.0076,-145.7405
303012.4598,1091612,133,0.3193,0.0625,1.9434,11.4504,-37.3435,-149.0534
303012.4598,1091622,133,0.3005,0.0266,1.9495,7.1908,-25.4809,-152.6107
303012.4598,1091632,133,0.3018,0.0044,1.9456,3.8321,-15.9237,-153.5267
303012.4598,1091642,133,0.3049,0.0056,1.9563,1.9389,-8.7634,-156.3359
303012.5813,1091652,134,0.3149,-0.0144,1.9602,-2.1374,-1.9847,-161.2519
303012.5813,1091662,134,0.3533,-0.0732,1.9531,-8.1679,5.8626,-165.6947
303012.5813,1091672,134,0.3647,-0.1338,1.9294,-12.2290,16.1985,-168.5802
303012.5813,1091682,134,0.3665,-0.2063,1.8997,-14.8855,25.8168,-170.3053
303012.5813,1091692,134,0.3708,-0.2681,1.8916,-16.6260,34.4580,-169.5420
303012.5813,1091702,134,0.3784,-0.3306,1.8765,-15.5115,44.5191,-166.1985
303012.5813,1091712,134,0.3577,-0.3398,1.8772,-10.9313,54.7939,-163.8931
303012.5813,1091722,134,0.3936,-0.3276,1.8623,-8.9771,63.0534,-160.0000
303012.5813,1091732,134,0.4170,-0.3647,1.8140,-12.0000,72.5038,-157.7252
303012.5813,1091742,134,0.4021,-0.4146,1.7449,-17.5420,83.9542,-156.3664
303012.7003,1091752,135,0.4004,-0.4822,1.6692,-22.7328,92.4885,-152.1985
303012.7003,1091762,135,0.3899,-0.5715,1.6145,-24.6870,98.1985,-147.6489
303012.7003,1091772,135,0.3916,-0.6675,1.5867,-22.9466,103.0992,-141.8321
303012.7003,1091782,135,0.3784,-0.7261,1.5974,-18.0153,109.0840,-131.7710
303012.7003,1091792,135,0.3459,-0.7134,1.5955,-11.7099,115.4656,-117.7863
303012.7003,1091802,135,0.3291,-0.6841,1.5813,-6.5649,121.0534,-105.9084
303012.7003,1091812,135,0.2910,-0.6631,1.5605,-3.6794,127.2519,-96.9008
303012.7003,1091822,135,0.2639,-0.6294,1.5369,-1.6794,131.9695,-87.9237
303012.7003,1091832,135,0.2520,-0.6125,1.5093,-0.8550,134.9924,-80.9924
303012.7003,1091842,135,0.2559,-0.6167,1.4817,-1.2977,138.3664,-75.3130
303012.8197,1091852,136,0.2476,-0.6135,1.4436,-1.0229,141.8015,-68.7481
303012.8197,1091862,136,0.2390,-0.5903,1.4038,0.3817,144.6718,-61.9237
303012.8197,1091872,136,0.2385,-0.5566,1.3774,1.5878,147.4809,-55.9847
303012.8197,1091882,136,0.2539,-0.5266,1.3440,1.2214,150.1832,-50.0763
303012.8197,1091892,136,0.2424,-0.5403,1.2783,-0.1374,153.4046,-47.0534
303012.8197,1091902,136,0.1978,-0.5552,1.2122,-1.5115,158.0305,-44.0916
303012.8197,1091912,136,0.1672,-0.5938,1.1477,-3.5115,158.8855,-38.7176
303012.8197,1091922,136,0.1360,-0.6094,1.1074,-2.1069,159.2214,-32.6718
303012.8197,1091932,136,0.1235,-0.5894,1.0884,0.7786,159.0229,-25.3740
303012.8197,1091942,136,0.0986,-0.5745,1.0542,2.5191,159.0229,-18.5802
303012.8799,1091952,137,0.0430,-0.5557,1.0168,4.6107,159.2366,-13.5267
303012.8799,1091962,137,-0.0112,-0.5249,0.9797,5.3435,157.5267,-7.9695
303012.8799,1091972,137,-0.0427,-0.5088,0.9480,5.1756,154.5649,-2.9771
303012.8799,1091982,137,-0.0581,-0.4800,0.9402,5.5420,151.4656,-0.4580
303012.8799,1091992,137,-0.0513,-0.4707,0.9387,3.0534,147.7252,1.8931
303012.8799,1092002,137,-0.0659,-0.4812,0.9199,-0.4122,145.8473,3.5267
303012.8799,1092012,137,-0.0845,-0.5093,0.8877,-3.0382,145.5115,5.1756
303012.8799,1092022,137,-0.1162,-0.5347,0.8428,-4.4427,144.2748,7.1756
303012.8799,1092032,137,-0.1565,-0.5496,0.7939,-5.3740,142.6412,10.9008
303012.8799,1092042,137,-0.1741,-0.5461,0.7644,-5.2061,140.3969,15.5725
303013.0005,1092052,138,-0.1736,-0.5286,0.7615,-5.6641,137.3130,19.2366
303013.0005,1092062,138,-0.1604,-0.5056,0.7590,-9.6641,135.5420,23.1603
303013.0005,1092072,138,-0.1655,-0.4897,0.7517,-15.1298,134.6260,26.5802
303013.0005,1092082,138,-0.1907,-0.4553,0.7397,-20.0153,132.8855,28.9313
303013.0005,1092092,138,-0.2063,-0.4312,0.7192,-27.0534,130.3511,30.9771
303013.0005,1092102,138,-0.2170,-0.4099,0.6946,-34.2901,128.8397,32.2748
303013.0005,1092112,138,-0.2085,-0.3938,0.6765,-40.9160,127.9695,32.6260
303013.0005,1092122,138,-0.2256,-0.3789,0.6370,-48.2748,128.7634,33.2061
303013.0005,1092132,138,-0.2378,-0.3865,0.5688,-55.4504,129.1298,33.4351
303013.0005,1092142,138,-0.2751,-0.4089,0.4932,-61.2061,128.8702,33.5573
303013.0584,1092152,139,-0.3062,-0.4348,0.4216,-65.3435,126.8244,35.0687
303013.0584,1092162,139,-0.3188,-0.4578,0.3613,-67.4046,121.3130,37.4198
303013.0584,1092172,139,-0.3557,-0.4890,0.2983,-68.0000,115.0534,40.9466
303013.0584,1092182,139,-0.3884,-0.5100,0.2554,-66.4733,108.1679,45.4351
303013.0584,1092192,139,-0.3730,-0.5249,0.2341,-64.9618,97.7099,50.5954
303013.0584,1092202,139,-0.3533,-0.5371,0.2263,-63.1450,86.5954,56.1069
303013.0584,1092212,139,-0.3503,-0.5325,0.2412,-60.0000,77.4656,63.1908
303013.0584,1092222,139,-0.3313,-0.5088,0.2634,-55.7252,70.3206,71.2214
303013.0584,1092232,139,-0.3115,-0.4570,0.2893,-50.3511,66.5038,77.3588
303013.0584,1092242,139,-0.2964,-0.3882,0.3237,-48.7481,62.7328,82.0305
303013.1786,1092252,140,-0.3010,-0.3523,0.3057,-51.8931,59.3282,86.0916
303013.1786,1092262,140,-0.3406,-0.3220,0.2766,-53.7099,57.2672,88.9924
303013.1786,1092272,140,-0.3601,-0.2849,0.2705,-54.1985,52.9008,91.0382
303013.1786,1092282,140,-0.3318,-0.2612,0.2900,-55.7863,45.4809,92.7328
303013.1786,1092292,140,-0.2817,-0.2493,0.3101,-57.7863,41.0840,93.4809
303013.1786,1092302,140,-0.2373,-0.2185,0.3196,-59.8931,38.9160,93.9389
303013.1786,1092312,140,-0.2810,-0.2258,0.2563,-64.9313,38.6718,96.1069
303013.1786,1092322,140,-0.3032,-0.1978,0.2073,-68.1221,36.5496,99.2214
303013.1786,1092332,140,-0.3035,-0.1650,0.1851,-69.8473,29.6031,101.9847
303013.1786,1092342,140,-0.2996,-0.1384,0.1829,-71.4656,23.8931,104.4733
303013.2991,1092352,141,-0.2808,-0.0940,0.2039,-71.4046,17.6336,106.2901
303013.2991,1092362,141,-0.2900,-0.0605,0.1897,-71.6183,12.7176,106.8397
303013.2991,1092372,141,-0.3171,-0.0359,0.1558,-73.1298,9.4962,106.5954
303013.2991,1092382,141,-0.3149,-0.0193,0.1331,-75.8931,2.1832,105.5115
303013.2991,1092392,141,-0.3020,-0.0266,0.1106,-80.3206,-7.5725,104.0000
303013.2991,1092402,141,-0.2878,-0.0317,0.0942,-82.9618,-16.0458,103.7099
303013.2991,1092412,141,-0.2769,0.0029,0.1189,-82.6565,-25.5420,103.3893
303013.2991,1092422,141,-0.2681,-0.0054,0.1191,-85.5420,-35.3435,102.7786
303013.2991,1092432,141,-0.2637,-0.0046,0.1292,-86.1832,-41.5267,102.4275
303013.2991,1092442,141,-0.2686,0.0032,0.1655,-85.0229,-49.0076,101.8626
303013.3599,1092452,142,-0.2300,0.0146,0.2029,-85.8015,-56.7634,102.1527
303013.3599,1092462,142,-0.1782,0.0317,0.2725,-85.8168,-61.8626,101.1145
303013.3599,1092472,142,-0.1836,-0.0146,0.2942,-86.0916,-66.7328,99.4656
303013.3599,1092482,142,-0.2136,-0.0933,0.2639,-83.6641,-69.7252,100.3817
303013.3599,1092492,142,-0.2095,-0.1187,0.2822,-73.8473,-75.1603,104.7634
303013.3599,1092502,142,-0.1677,-0.0745,0.3179,-61.9084,-86.0000,111.8626
303013.3599,1092512,142,-0.1074,0.0010,0.3840,-52.3511,-95.4198,119.2672
303013.3599,1092522,142,-0.0498,0.1387,0.4814,-45.5725,-101.3893,125.1450
303013.3599,1092532,142,0.0149,0.2957,0.5896,-44.8397,-107.2519,128.4580
303013.3599,1092542,142,0.0640,0.4573,0.7009,-50.5496,-109.1298,126.7328
303013.4801,1092552,143,0.0530,0.5994,0.7549,-65.2366,-106.8702,120.9160
303013.4801,1092562,143,0.0081,0.6719,0.7119,-86.7481,-101.1603,109.2824
303013.4801,1092572,143,-0.0537,0.6387,0.6011,-107.1450,-94.9771,91.7252
303013.4801,1092582,143,-0.1396,0.5483,0.4670,-119.7099,-90.7939,71.7863
303013.4801,1092592,143,-0.1714,0.4268,0.3696,-127.7252,-98.5038,56.2901
303013.4801,1092602,143,-0.1448,0.3381,0.3542,-129.7557,-114.2748,48.6107
303013.4801,1092612,143,-0.1187,0.3171,0.4700,-123.6031,-130.4580,45.9237
303013.4801,1092622,143,-0.1079,0.3772,0.5652,-113.5267,-143.4656,47.0534
303013.4801,1092632,143,-0.0554,0.4768,0.7212,-106.3969,-152.5954,45.5573
303013.4801,1092642,143,0.0208,0.5491,0.8657,-105.0992,-157.2061,39.3282
303013.6002,1092652,144,0.0366,0.5818,0.9207,-108.9008,-153.6489,29.4504
303013.6002,1092662,144,0.0679,0.5703,0.9463,-116.6718,-149.2824,15.1450
303013.6002,1092672,144,0.0391,0.4893,0.9666,-126.7481,-146.3817,1.9389
303013.6002,1092682,144,0.0168,0.4158,0.9441,-131.7405,-147.5267,-5.1298
303013.6002,1092692,144,-0.0227,0.3928,0.9644,-128.4275,-151.9084,-9.1145
303013.6002,1092702,144,-0.0349,0.3677,0.9993,-120.5954,-158.1832,-13.1145
303013.6002,1092712,144,-0.0347,0.3540,1.0308,-107.8626,-161.1908,-16.8702
303013.6002,1092722,144,-0.0212,0.3875,1.1062,-91.5267,-165.6031,-20.8397
303013.6002,1092732,144,0.0698,0.4333,1.2251,-78.2748,-173.7557,-23.2519
303013.6002,1092742,144,0.1582,0.5188,1.3394,-68.5496,-176.0153,-24.4427
303013.6604,1092752,145,0.2607,0.6223,1.4871,-63.7405,-175.0382,-31.0382
303013.6604,1092762,145,0.3230,0.6689,1.5508,-70.5954,-169.0229,-44.5038
303013.6604,1092772,145,0.2761,0.5977,1.4966,-87.2061,-153.7099,-61.0382
303013.6604,1092782,145,0.2109,0.4150,1.3992,-101.3588,-142.0763,-76.3359
303013.6604,1092792,145,0.1396,0.2290,1.3276,-101.6489,-137.1756,-85.0534
303013.6604,1092802,145,0.1406,0.1406,1.3611,-84.3969,-142.0763,-84.6412
303013.6604,1092812,145,0.2263,0.1926,1.4924,-56.4275,-152.1069,-78.6565
303013.6604,1092822,145,0.3228,0.3257,1.6396,-30.3206,-155.5115,-75.6641
303013.6604,1092832,145,0.4229,0.4507,1.7781,-18.2901,-149.6336,-77.4198
303013.6604,1092842,145,0.4089,0.5557,1.8042,-21.5115,-134.7176,-82.4427
303013.8408,1092852,146,0.3767,0.5686,1.7314,-37.3435,-119.4046,-93.8168
303013.8408,1092862,146,0.3289,0.4507,1.6133,-56.0458,-108.2137,-109.8168
303013.8408,1092872,146,0.3035,0.2913,1.5251,-65.5420,-103.6336,-123.4198
303013.8408,1092882,146,0.3147,0.1531,1.4946,-63.1450,-104.3511,-130.2290
303013.8408,1092892,146,0.3672,0.0557,1.5188,-52.1527,-105.8473,-131.5573
303013.8408,1092902,146,0.4060,0.0361,1.5840,-33.9389,-104.0153,-130.0305
303013.8408,1092912,146,0.4536,0.0876,1.6685,-16.2595,-100.9618,-127.5573
303013.8408,1092922,146,0.5000,0.1382,1.7190,-6.8855,-93.3893,-126.5496
303013.8408,1092932,146,0.4978,0.1680,1.7107,-4.9313,-81.6031,-129.2214
303013.8408,1092942,146,0.4790,0.1499,1.6609,-8.4580,-71.9237,-134.0611
303013.8427,1092952,147,0.4631,0.0891,1.6042,-13.3435,-64.1221,-139.4962
303013.8427,1092962,147,0.4526,0.0210,1.5623,-14.7939,-60.4427,-144.7939
303013.8427,1092972,147,0.4526,-0.0337,1.5457,-12.7786,-58.8702,-147.8321
303013.8427,1092982,147,0.4492,-0.0740,1.5696,-8.0916,-57.0992,-148.9618
303013.8427,1092992,147,0.4470,-0.1121,1.6113,-2.3969,-54.7481,-148.9008
303013.8427,1093002,147,0.4680,-0.1152,1.6802,5.5878,-52.2901,-147.7710
303013.8427,1093012,147,0.4753,-0.1208,1.7385,13.3282,-48.0305,-146.6870
303013.8427,1093022,147,0.4585,-0.1260,1.7571,19.1756,-40.0305,-146.1679
303013.8427,1093032,147,0.4248,-0.1086,1.7769,24.0153,-32.3969,-146.4275
303013.8427,1093042,147,0.4231,-0.0854,1.7952,25.5115,-28.5344,-146.5954
303013.9588,1093052,148,0.4314,-0.0708,1.8208,23.4198,-25.2366,-148.1985
303013.9588,1093062,148,0.4624,-0.0652,1.8467,18.3053,-19.6031,-151.4198
303013.9588,1093072,148,0.4905,-0.0779,1.8811,9.8015,-9.9389,-154.8397
303013.9588,1093082,148,0.4888,-0.0977,1.8933,-0.0916,1.2824,-158.7481
303013.9588,1093092,148,0.5042,-0.1548,1.9106,-10.4427,11.1145,-162.1374
303013.9588,1093102,148,0.5359,-0.2205,1.9131,-18.1985,21.5573,-163.4809
303013.9588,1093112,148,0.5522,-0.3010,1.8989,-21.3435,33.7710,-163.6489
303013.9588,1093122,148,0.5474,-0.3213,1.8767,-20.8397,47.0229,-162.0763
303013.9588,1093132,148,0.5459,-0.3237,1.8359,-21.8626,59.0229,-157.6489
303013.9588,1093142,148,0.5176,-0.3074,1.7976,-24.0153,69.7557,-154.9160
303014.0790,1093152,149,0.5063,-0.2859,1.7659,-28.8550,77.4198,-151.6336
303014.0790,1093162,149,0.5239,-0.3137,1.7361,-36.5344,83.3435,-150.8397
303014.0790,1093172,149,0.5403,-0.3835,1.6946,-43.7405,93.8626,-151.9237
303014.0790,1093182,149,0.5132,-0.4678,1.6326,-49.1756,106.1527,-149.3282
303014.0790,1093192,149,0.4888,-0.5544,1.5671,-51.9237,114.3053,-142.6260
303014.0790,1093202,149,0.4763,-0.6086,1.5217,-48.8244,119.7099,-133.4504
303014.0790,1093212,149,0.4551,-0.6045,1.5034,-39.8168,124.3664,-122.9924
303014.0790,1093222,149,0.4199,-0.5889,1.4697,-32.0763,128.4580,-113.4656
303014.0790,1093232,149,0.3943,-0.5745,1.4319,-28.5038,131.6489,-105.7099
303014.0790,1093242,149,0.3745,-0.5686,1.4055,-28.3817,134.7786,-97.6183
303014.1986,1093252,150,0.3518,-0.5623,1.3813,-28.2443,137.9847,-88.7023
303014.1986,1093262,150,0.3354,-0.5483,1.3542,-25.6947,140.3817,-82.0458
303014.1986,1093272,150,0.3291,-0.5308,1.3513,-23.7099,141.7710,-77.2214
303014.1986,1093282,150,0.3284,-0.5259,1.3413,-24.2443,144.2290,-71.4504
303014.1986,1093292,150,0.3108,-0.5566,1.3032,-24.7634,148.6107,-66.1527
303014.1986,1093302,150,0.2805,-0.5796,1.2798,-23.2366,151.0840,-62.0000
303014.1986,1093312,150,0.3037,-0.6196,1.2402,-22.1832,151.6336,-55.7557
303014.1986,1093322,150,0.2866,-0.6343,1.2085,-18.4122,155.4351,-50.0305
303014.1986,1093332,150,0.2522,-0.6580,1.1580,-16.2443,158.3206,-43.5573
303014.1986,1093342,150,0.2075,-0.6689,1.1206,-15.4198,158.9008,-35.8473
303014.2585,1093352,151,0.1736,-0.6575,1.0825,-13.8931,156.9313,-25.9389
303014.2585,1093362,151,0.1560,-0.6042,1.0725,-11.2977,153.0229,-17.6641
303014.2585,1093372,151,0.1633,-0.5642,1.0605,-11.0687,149.6947,-11.2672
303014.2585,1093382,151,0.1560,-0.5410,1.0520,-12.6260,149.9237,-7.2519
303014.2585,1093392,151,0.1270,-0.5452,1.0225,-15.7710,153.8779,-3.0229
303014.2585,1093402,151,0.0781,-0.5374,0.9983,-16.2748,156.7328,1.2366
303014.2585,1093412,151,0.0320,-0.5142,0.9614,-15.0076,156.6107,6.2901
303014.2585,1093422,151,0.0232,-0.4939,0.9373,-13.6183,153.1298,9.2519
303014.2585,1093432,151,0.0227,-0.4880,0.9133,-13.4351,151.3435,11.0382
303014.2585,1093442,151,-0.0046,-0.4648,0.8948,-15.4198,151.5573,13.7252
303014.3790,1093452,152,-0.0452,-0.4431,0.8572,-19.5267,150.7481,18.4275
303014.3790,1093462,152,-0.0779,-0.4270,0.8296,-22.2901,148.3969,22.0000
303014.3790,1093472,152,-0.1033,-0.3694,0.8291,-23.1756,146.2443,25.5420
303014.3790,1093482,152,-0.1113,-0.3320,0.8220,-25.6031,144.9160,27.2977
303014.3790,1093492,152,-0.1443,-0.3145,0.7742,-29.5878,145.9389,26.1374
303014.3790,1093502,152,-0.1519,-0.3418,0.7053,-35.6489,144.9160,23.7405
303014.3790,1093512,152,-0.1511,-0.3840,0.6521,-41.4504,142.1069,22.0000
303014.3790,1093522,152,-0.1750,-0.4414,0.5754,-46.7481,138.7481,22.0153
303014.3790,1093532,152,-0.2158,-0.4741,0.5090,-49.6947,134.4122,24.5649
303014.3790,1093542,152,-0.2122,-0.4885,0.4805,-50.5649,126.5038,28.4733
303014.5000,1093552,153,-0.1880,-0.4778,0.4907,-51.7863,117.8626,33.4351
303014.5000,1093562,153,-0.1680,-0.4792,0.4937,-53.8473,111.6641,39.4809
303014.5000,1093572,153,-0.1855,-0.4717,0.4707,-53.1908,110.8244,45.2214
303014.5000,1093582,153,-0.2373,-0.4417,0.4346,-50.1221,110.3359,48.8244
303014.5000,1093592,153,-0.2634,-0.4009,0.4045,-49.4351,106.3817,52.4275
303014.5000,1093602,153,-0.2720,-0.3843,0.3562,-49.8015,103.0992,55.8931
303014.5000,1093612,153,-0.3013,-0.3503,0.3342,-48.5802,100.9313,56.9618
303014.5000,1093622,153,-0.3137,-0.3364,0.3005,-50.5496,95.4046,58.3053
303014.5000,1093632,153,-0.3252,-0.3303,0.2732,-53.5878,89.6183,60.3206
303014.5000,1093642,153,-0.3318,-0.3101,0.2542,-55.5878,83.9847,61.7252
303014.5590,1093652,154,-0.3586,-0.3286,0.2073,-58.5496,77.3740,62.9160
303014.5590,1093662,154,-0.4011,-0.3503,0.1538,-59.1145,71.6794,64.7176
303014.5590,1093672,154,-0.4099,-0.3474,0.1438,-56.2901,62.8397,68.1069
303014.5590,1093682,154,-0.3894,-0.3245,0.1675,-51.3130,52.8244,72.6718
303014.5590,1093692,154,-0.3650,-0.2664,0.2148,-46.6565,43.8015,76.5649
303014.5590,1093702,154,-0.3540,-0.2231,0.2336,-45.3435,36.7481,79.4351
303014.5590,1093712,154,-0.4019,-0.1877,0.2161,-45.2977,32.8702,81.5878
303014.5590,1093722,154,-0.4121,-0.1614,0.2273,-44.4275,27.7099,82.6565
303014.5590,1093732,154,-0.4011,-0.1318,0.2639,-42.3359,21.7557,83.2824
303014.5590,1093742,154,-0.4055,-0.0903,0.3057,-41.4809,18.2443,83.2519
303014.6801,1093752,155,-0.4062,-0.0618,0.3188,-43.3282,15.9695,82.4885
303014.6801,1093762,155,-0.4312,-0.0632,0.3035,-45.4198,13.3130,81.0229
303014.6801,1093772,155,-0.4680,-0.0593,0.2932,-44.8397,11.0229,79.3435
303014.6801,1093782,155,-0.4697,-0.0403,0.3008,-44.2137,5.4504,77.9389
303014.6801,1093792,155,-0.4617,-0.0388,0.3088,-45.0382,-0.8244,77.5573
303014.6801,1093802,155,-0.4561,-0.0217,0.3308,-44.2901,-4.6718,77.9084
303014.6801,1093812,155,-0.4556,0.0312,0.3491,-42.1374,-8.3664,78.4885
303014.6801,1093822,155,-0.4668,0.0583,0.3625,-42.7634,-11.8473,78.3817
303014.6801,1093832,155,-0.4954,0.0850,0.3716,-43.1450,-13.5725,77.6947
303014.6801,1093842,155,-0.5183,0.0940,0.3623,-43.2977,-15.6641,76.3817
303014.8594,1093852,156,-0.5588,0.0859,0.3447,-42.6565,-18.3206,74.8244
303014.8594,1093862,156,-0.5740,0.0952,0.3501,-39.3435,-22.5802,73.6031
303014.8594,1093872,156,-0.5601,0.1077,0.3782,-37.2519,-29.2061,72.3969
303014.8594,1093882,156,-0.5344,0.1152,0.4167,-35.9237,-35.1298,71.4351
303014.8594,1093892,156,-0.5042,0.1299,0.4736,-33.9695,-38.7634,70.0305
303014.8594,1093902,156,-0.5071,0.1492,0.5225,-32.1069,-40.9466,68.6260
303014.8594,1093912,156,-0.5281,0.1731,0.5562,-31.4046,-42.9618,67.8779
303014.8594,1093922,156,-0.5342,0.2039,0.6011,-31.8168,-44.1069,67.3740
303014.8594,1093932,156,-0.5391,0.2388,0.6375,-31.5267,-43.3740,65.7710
303014.8594,1093942,156,-0.5510,0.2676,0.6479,-31.4046,-42.0153,62.1985
303014.8615,1093952,157,-0.5603,0.2808,0.6470,-32.9618,-41.5115,57.6794
303014.8615,1093962,157,-0.5769,0.2781,0.6428,-36.2290,-41.5267,53.7557
303014.8615,1093972,157,-0.5815,0.2664,0.6438,-37.8931,-42.3359,50.5496
303014.8615,1093982,157,-0.5791,0.2583,0.6624,-37.1756,-43.5420,48.0611
303014.8615,1093992,157,-0.5994,0.2571,0.6797,-35.2824,-43.2519,46.7786
303014.8615,1094002,157,-0.6101,0.2864,0.6968,-31.8473,-42.9924,45.3435
303014.8615,1094012,157,-0.6074,0.3113,0.7192,-30.0305,-43.7863,42.7634
303014.8615,1094022,157,-0.6101,0.3154,0.7285,-30.7176,-43.6794,40.0305
303014.8615,1094032,157,-0.6189,0.3074,0.7385,-31.6183,-43.5420,37.4962
303014.8615,1094042,157,-0.6196,0.2900,0.7358,-32.8550,-45.8626,34.2595
303014.9784,1094052,158,-0.6165,0.2598,0.7278,-34.9313,-48.7786,31.1908
303014.9784,1094062,158,-0.6387,0.2039,0.6985,-36.7176,-50.9771,29.6794
303014.9784,1094072,158,-0.6848,0.1516,0.6748,-35.5725,-53.2519,31.2366
303014.9784,1094082,158,-0.7112,0.1267,0.7039,-27.9084,-58.5344,35.0992
303014.9784,1094092,158,-0.6936,0.1555,0.7920,-13.5725,-64.4885,40.2290
303014.9784,1094102,158,-0.6895,0.2671,0.9067,5.2061,-64.8702,44.0458
303014.9784,1094112,158,-0.6768,0.3760,1.0154,17.8779,-63.1298,44.3359
303014.9784,1094122,158,-0.6719,0.4570,1.1038,21.9237,-58.2443,41.2977
303014.9784,1094132,158,-0.6970,0.5103,1.1489,19.1450,-49.9542,37.0992
303014.9784,1094142,158,-0.7349,0.4927,1.1648,11.5725,-42.9618,31.1298
303015.0988,1094152,159,-0.7529,0.4768,1.1897,6.1374,-38.6260,23.7863
303015.0988,1094162,159,-0.7346,0.4587,1.2207,2.7634,-36.9466,16.7939
303015.0988,1094172,159,-0.7136,0.4426,1.2402,-0.6412,-32.9771,10.4580
303015.0988,1094182,159,-0.7009,0.4231,1.2366,-5.2519,-26.6565,4.5191
303015.0988,1094192,159,-0.6956,0.3936,1.1970,-11.6947,-20.0000,-0.7176
303015.0988,1094202,159,-0.7021,0.3328,1.1323,-18.4122,-13.4656,-5.2977
303015.0988,1094212,159,-0.7061,0.2749,1.0779,-22.4580,-8.5191,-9.0992
303015.0988,1094222,159,-0.7190,0.2100,1.0137,-23.1145,-5.4351,-10.9771
303015.0988,1094232,159,-0.7219,0.1743,0.9709,-18.5802,-3.8321,-11.5267
303015.0988,1094242,159,-0.7126,0.1638,0.9468,-12.1985,-4.3053,-11.2824
303015.1618,1094252,160,-0.7026,0.1665,0.9434,-7.8779,-4.8550,-10.3969
303015.1618,1094262,160,-0.6917,0.1799,0.9382,-6.4885,-4.4580,-9.5267
303015.1618,1094272,160,-0.6736,0.1697,0.9268,-7.2519,-3.8168,-9.9847
303015.1618,1094282,160,-0.6660,0.1501,0.9309,-7.8473,-2.6107,-11.0534
303015.1618,1094292,160,-0.6511,0.1384,0.9275,-8.1985,-1.6947,-11.6336
303015.1618,1094302,160,-0.6372,0.1287,0.9214,-8.5038,-0.5802,-12.3053
303015.1618,1094312,160,-0.6267,0.1035,0.9060,-9.1298,1.1298,-12.9008
303015.1618,1094322,160,-0.6279,0.0793,0.8657,-9.4351,2.7786,-13.2366
303015.1618,1094332,160,-0.6306,0.0474,0.8325,-9.2672,2.9466,-13.2824
303015.1618,1094342,160,-0.6213,0.0188,0.8066,-6.8702,2.5954,-12.1832
303015.2787,1094352,161,-0.6169,0.0178,0.7939,-1.8931,2.0611,-10.6565
303015.2787,1094362,161,-0.6084,0.0332,0.7871,2.1221,0.5649,-8.6870
303015.2787,1094372,161,-0.6001,0.0427,0.7832,3.7099,-0.6565,-6.5191
303015.2787,1094382,161,-0.5781,0.0466,0.7937,4.1374,-0.7023,-4.7481
303015.2787,1094392,161,-0.5720,0.0637,0.7900,4.8092,0.7023,-3.9084
303015.2787,1094402,161,-0.5901,0.0681,0.7595,3.1450,2.1527,-3.6641
303015.2787,1094412,161,-0.6003,0.0625,0.7390,0.9008,1.0687,-3.4656
303015.2787,1094422,161,-0.5916,0.0601,0.7380,-0.8092,-1.0687,-3.3435
303015.2787,1094432,161,-0.5688,0.0522,0.7527,-2.5344,-2.0458,-2.8244
303015.2787,1094442,161,-0.5635,0.0369,0.7502,-2.5802,-1.0229,-2.4733
303015.3988,1094452,162,-0.5818,0.0349,0.7363,-1.6183,0.3511,-2.1221
303015.3988,1094462,162,-0.5833,0.0315,0.7285,-0.9618,-0.4885,-1.2519
303015.3988,1094472,162,-0.5852,0.0354,0.7134,-0.4275,-2.0611,-0.1374
303015.3988,1094482,162,-0.5840,0.0330,0.7188,0.1221,-3.7710,1.0687
303015.3988,1094492,162,-0.5791,0.0493,0.7175,2.2748,-5.2061,2.1069
303015.3988,1094502,162,-0.5745,0.0750,0.7236,3.6183,-6.2137,2.6107
303015.3988,1094512,162,-0.5825,0.0852,0.7034,2.0763,-6.5344,2.6260
303015.3988,1094522,162,-0.5881,0.0996,0.6914,0.1374,-7.5725,2.5649
303015.3988,1094532,162,-0.5881,0.0989,0.6777,-2.1069,-9.9695,2.0305
303015.3988,1094542,162,-0.5908,0.0908,0.6716,-4.2137,-12.8244,1.2214
303015.4600,1094552,163,-0.5835,0.0806,0.6799,-5.0229,-15.0534,1.1756
303015.4600,1094562,163,-0.5725,0.0842,0.6858,-4.1069,-16.1679,1.7863
303015.4600,1094572,163,-0.5437,0.0823,0.6946,-2.1221,-17.3740,1.8626
303015.4600,1094582,163,-0.5129,0.0786,0.7034,0.6565,-16.7786,1.8931
303015.4600,1094592,163,-0.5110,0.1008,0.7046,3.6336,-15.0687,2.0763
303015.4600,1094602,163,-0.5134,0.1226,0.6892,3.0382,-14.9313,2.7634
303015.4600,1094612,163,-0.5103,0.1516,0.6843,0.6718,-16.4580,3.2061
303015.4600,1094622,163,-0.4980,0.1716,0.6785,-1.6183,-18.9008,2.1527
303015.4600,1094632,163,-0.4832,0.1931,0.6755,-4.0153,-20.8702,-0.4122
303015.4600,1094642,163,-0.4614,0.2048,0.6636,-8.2443,-22.9924,-3.5115
303015.5803,1094652,164,-0.4460,0.2146,0.6433,-13.8931,-25.5573,-6.8855
303015.5803,1094662,164,-0.4287,0.2256,0.6235,-21.3130,-29.4504,-10.4427
303015.5803,1094672,164,-0.4109,0.1951,0.5852,-29.9542,-34.5649,-14.1527
303015.5803,1094682,164,-0.3948,0.1577,0.5557,-36.4427,-38.8092,-17.4962
303015.5803,1094692,164,-0.3848,0.1511,0.5190,-39.1908,-43.4656,-19.7405
303015.5803,1094702,164,-0.3555,0.1428,0.5020,-41.8168,-51.5420,-21.1603
303015.5803,1094712,164,-0.3245,0.1326,0.5066,-43.2672,-59.7557,-22.6412
303015.5803,1094722,164,-0.3191,0.1179,0.4939,-43.7557,-67.7099,-24.5954
303015.5803,1094732,164,-0.3340,0.1099,0.4788,-43.8473,-75.8779,-25.8931
303015.5803,1094742,164,-0.3606,0.1304,0.4746,-41.5573,-85.4504,-27.3588
303015.7002,1094752,165,-0.3489,0.1753,0.5178,-40.0000,-98.9924,-29.6641
303015.7002,1094762,165,-0.3132,0.2100,0.5798,-41.9389,-110.3511,-32.1221
303015.7002,1094772,165,-0.2812,0.2356,0.6206,-45.8779,-114.5496,-35.0229
303015.7002,1094782,165,-0.2432,0.2297,0.6570,-49.8015,-116.8092,-38.9618
303015.7002,1094792,165,-0.1345,0.1858,0.7214,-50.4122,-119.4809,-44.1679
303015.7002,1094802,165,-0.0579,0.1580,0.8062,-43.7557,-112.4733,-50.1069
303015.7002,1094812,165,-0.0603,0.1685,0.8474,-37.8015,-101.9237,-54.8244
303015.7002,1094822,165,-0.0813,0.0676,0.8135,-42.7481,-91.3588,-57.1756
303015.7002,1094832,165,-0.1365,-0.0085,0.7703,-41.3282,-72.9466,-57.1298
303015.7002,1094842,165,-0.2083,-0.0093,0.7366,-32.2595,-65.4656,-54.3359
303015.7601,1094852,166,-0.2134,0.0388,0.7517,-24.0611,-73.4504,-51.6641
303015.7601,1094862,166,-0.1873,0.1262,0.8174,-19.4962,-83.4046,-50.3969
303015.7601,1094872,166,-0.1311,0.2061,0.8872,-20.2748,-92.3359,-52.7023
303015.7601,1094882,166,-0.0898,0.2830,0.9441,-27.0382,-98.9466,-58.6412
303015.7601,1094892,166,-0.0222,0.2939,0.9573,-42.0458,-105.6031,-69.1603
303015.7601,1094902,166,-0.0098,0.2549,0.9165,-60.6870,-109.6031,-82.3817
303015.7601,1094912,166,0.0027,0.1309,0.8262,-78.2443,-112.8244,-96.9313
303015.7601,1094922,166,0.0046,-0.0039,0.7510,-89.8626,-115.5878,-110.2290
303015.7601,1094932,166,0.0457,-0.1331,0.7014,-96.4733,-121.3893,-116.5802
303015.7601,1094942,166,0.0662,-0.2153,0.6831,-95.7099,-125.9847,-117.3282
303015.8804,1094952,167,0.1018,-0.2502,0.6851,-88.9771,-133.9542,-116.9466
303015.8804,1094962,167,0.1831,-0.2676,0.7039,-82.4275,-145.7863,-116.5954
303015.8804,1094972,167,0.3010,-0.2979,0.7266,-78.6260,-152.7023,-117.4962
303015.8804,1094982,167,0.3438,-0.3499,0.7239,-76.1527,-148.3053,-117.8626
303015.8804,1094992,167,0.3652,-0.3904,0.7026,-73.2366,-143.2366,-116.8855
303015.8804,1095002,167,0.3713,-0.4365,0.6790,-70.9160,-142.4733,-114.7634
303015.8804,1095012,167,0.3726,-0.4697,0.6565,-68.2443,-144.8702,-112.4275
303015.8804,1095022,167,0.3723,-0.5005,0.6548,-69.2366,-151.8015,-109.7863
303015.8804,1095032,167,0.3591,-0.5586,0.6560,-73.2519,-164.9771,-105.6947
303015.8804,1095042,167,0.3997,-0.6653,0.6528,-74.8702,-184.1069,-101.7405
303015.9984,1095052,168,0.4846,-0.7412,0.6924,-62.9771,-203.4656,-99.5115
303015.9984,1095062,168,0.5576,-0.7422,0.7681,-42.5649,-221.4962,-96.6870
303015.9984,1095072,168,0.6838,-0.7085,0.8721,-28.7634,-236.5191,-91.5573
303015.9984,1095082,168,0.8030,-0.7002,0.9509,-24.8550,-235.6641,-83.4656
303015.9984,1095092,168,0.8425,-0.6865,0.9753,-26.5344,-219.8626,-74.3511
303015.9984,1095102,168,0.8333,-0.6868,0.9790,-35.6641,-200.4275,-67.3893
303015.9984,1095112,168,0.8047,-0.7263,0.9253,-52.5802,-178.7023,-61.4046
303015.9984,1095122,168,0.7668,-0.7876,0.8391,-66.8855,-162.4275,-57.4504
303015.9984,1095132,168,0.7175,-0.8257,0.7688,-71.4656,-159.8931,-53.5115
303015.9984,1095142,168,0.7354,-0.8416,0.7180,-70.3053,-170.7328,-47.7863
303016.0584,1095152,169,0.8057,-0.8330,0.7036,-67.4198,-185.0229,-40.0611
303016.0584,1095162,169,0.8872,-0.8271,0.7039,-65.7863,-196.9771,-33.3588
303016.0584,1095172,169,0.9514,-0.8347,0.7046,-62.8550,-204.7023,-27.7405
303016.0584,1095182,169,0.9565,-0.8191,0.7068,-54.2443,-207.8473,-24.7939
303016.0584,1095192,169,0.9441,-0.8064,0.7295,-40.9160,-210.8702,-25.0076
303016.0584,1095202,169,0.9570,-0.8179,0.7632,-22.2137,-212.2595,-28.5496
303016.0584,1095212,169,0.9719,-0.7585,0.8337,2.5954,-205.2214,-32.8855
303016.0584,1095222,169,0.9915,-0.6746,0.8960,17.1756,-195.1450,-32.3053
303016.0584,1095232,169,1.0208,-0.6165,0.9216,15.2977,-187.2824,-28.6260
303016.0584,1095242,169,1.0664,-0.6165,0.9160,2.3053,-178.9771,-26.1221
303016.2392,1095252,170,1.0818,-0.6333,0.8760,-12.5496,-166.7328,-24.8550
303016.2392,1095262,170,1.0461,-0.6504,0.8218,-25.6031,-155.0382,-23.8779
303016.2392,1095272,170,1.0081,-0.6882,0.7764,-36.6870,-149.0382,-22.3969
303016.2392,1095282,170,0.9946,-0.7097,0.7183,-40.1221,-144.9160,-19.3740
303016.2392,1095292,170,0.9868,-0.6909,0.6794,-35.7863,-140.4427,-17.2061
303016.2392,1095302,170,0.9685,-0.6638,0.6548,-30.1069,-138.1985,-16.4885
303016.2392,1095312,170,0.9646,-0.6375,0.6245,-25.7863,-139.8321,-15.1298
303016.2392,1095322,170,0.9756,-0.6038,0.5920,-23.2519,-144.1527,-14.0000
303016.2392,1095332,170,0.9756,-0.5659,0.5654,-23.2824,-149.5878,-11.9695
303016.2392,1095342,170,1.0010,-0.5103,0.5098,-29.7710,-164.1527,-8.7176
303016.2411,1095352,171,1.0239,-0.5239,0.4810,-33.2977,-170.0611,-9.1145
303016.2411,1095362,171,1.0669,-0.5601,0.4612,-33.5878,-173.6183,-11.2672
303016.2411,1095372,171,1.1072,-0.5818,0.4468,-30.0763,-172.3817,-12.6870
303016.2411,1095382,171,1.1060,-0.5811,0.4341,-24.7939,-166.6718,-12.1679
303016.2411,1095392,171,1.0974,-0.5623,0.4070,-20.2748,-159.3588,-10.2290
303016.2411,1095402,171,1.0818,-0.5391,0.3784,-17.3893,-150.7939,-10.0305
303016.2411,1095412,171,1.0522,-0.5171,0.3555,-15.4504,-142.5802,-10.4427
303016.2411,1095422,171,1.0361,-0.4854,0.3357,-13.2672,-137.2061,-11.1298
303016.2411,1095432,171,1.0281,-0.4424,0.3159,-12.8855,-134.7939,-11.0992
303016.2411,1095442,171,1.0244,-0.4019,0.2949,-15.5420,-133.9542,-11.3130
303016.3586,1095452,172,1.0286,-0.3616,0.2791,-21.4351,-133.0382,-11.4809
303016.3586,1095462,172,1.0400,-0.3621,0.2456,-30.4275,-131.0992,-12.3664
303016.3586,1095472,172,1.0557,-0.3904,0.2112,-37.9695,-125.7557,-16.4122
303016.3586,1095482,172,1.0691,-0.4263,0.1858,-39.9695,-118.1832,-22.5038
303016.3586,1095492,172,1.0835,-0.4504,0.1677,-37.1450,-111.4656,-26.7939
303016.3586,1095502,172,1.0967,-0.4473,0.1465,-31.4656,-106.0916,-29.0076
303016.3586,1095512,172,1.1013,-0.4333,0.1333,-24.9771,-100.2748,-30.1985
303016.3586,1095522,172,1.0964,-0.4031,0.1194,-19.5573,-94.4733,-31.7557
303016.3586,1095532,172,1.0886,-0.3699,0.1084,-16.4885,-87.4198,-33.5115
303016.3586,1095542,172,1.0808,-0.3479,0.0940,-16.3206,-81.0382,-35.1298
303016.4795,1095552,173,1.0791,-0.3184,0.0869,-18.6718,-75.6336,-36.0458
303016.4795,1095562,173,1.0784,-0.2932,0.0801,-24.0000,-71.1603,-35.9542
303016.4795,1095572,173,1.0842,-0.2932,0.0566,-32.7328,-67.5115,-34.1679
303016.4795,1095582,173,1.1143,-0.2102,0.1616,-44.3664,-65.7863,-30.2137
303016.4795,1095592,173,1.1394,-0.1619,0.1875,-66.7176,-74.7176,-18.3359
303016.4795,1095602,173,1.1880,-0.2249,0.1208,-97.3130,-81.5420,-7.1603
303016.4795,1095612,173,1.2080,-0.2710,0.0813,-120.1985,-64.5649,-5.9695
303016.4795,1095622,173,1.1748,-0.3047,0.0510,-137.1298,-40.7634,-2.7786
303016.4795,1095632,173,1.1460,-0.3826,-0.0173,-151.1298,-26.3359,3.5115
303016.4795,1095642,173,1.1252,-0.4519,-0.0820,-152.5496,-15.6947,5.3130
303016.6585,1095652,174,1.1116,-0.5027,-0.1313,-140.9771,-5.3282,0.1374
303016.6585,1095662,174,1.0789,-0.5415,-0.1746,-121.4351,3.7252,-8.6718
303016.6585,1095672,174,1.0562,-0.5681,-0.2007,-96.9160,10.9618,-16.9466
303016.6585,1095682,174,1.0334,-0.5564,-0.2310,-69.0687,16.7939,-23.7557
303016.6585,1095692,174,0.9983,-0.5171,-0.2346,-41.8473,20.5038,-29.1756
303016.6585,1095702,174,0.9736,-0.4617,-0.2295,-19.9389,20.5191,-32.8092
303016.6585,1095712,174,0.9641,-0.4155,-0.2227,-6.2137,18.0916,-34.2595
303016.6585,1095722,174,0.9629,-0.3743,-0.2158,-1.2977,15.3282,-32.2748
303016.6585,1095732,174,0.9700,-0.3479,-0.2180,-2.6412,13.1298,-27.6183
303016.6585,1095742,174,0.9702,-0.3210,-0.2151,-7.3893,12.3206,-21.7405
303016.6604,1095752,175,0.9670,-0.2991,-0.2195,-14.5649,11.3740,-14.6260
303016.6604,1095762,175,0.9629,-0.2800,-0.2107,-23.6947,8.1069,-7.2214
303016.6604,1095772,175,0.9656,-0.2559,-0.2004,-34.3817,2.9466,0.2595
303016.6604,1095782,175,0.9812,-0.2356,-0.1978,-46.2748,-2.4733,7.0382
303016.6604,1095792,175,0.9924,-0.2339,-0.1963,-59.0076,-6.3511,12.1374
303016.6604,1095802,175,1.0054,-0.2495,-0.2056,-71.3282,-7.7099,15.5878
303016.6604,1095812,175,1.0115,-0.2793,-0.2202,-80.3664,-6.8550,17.4351
303016.6604,1095822,175,1.0132,-0.3064,-0.2388,-84.0153,-4.6412,17.0992
303016.6604,1095832,175,1.0068,-0.3367,-0.2551,-83.4809,-2.4885,14.9618
303016.6604,1095842,175,1.0037,-0.3652,-0.2654,-79.4046,-0.7481,12.1374
303016.7799,1095852,176,0.9976,-0.3887,-0.2698,-72.6107,0.2901,9.4656
303016.7799,1095862,176,0.9851,-0.4033,-0.2744,-64.4122,1.3435,7.4198
303016.7799,1095872,176,0.9746,-0.4136,-0.2722,-55.7863,2.0611,6.0153
303016.7799,1095882,176,0.9746,-0.4158,-0.2710,-47.8626,2.0611,5.4809
303016.7799,1095892,176,0.9712,-0.4150,-0.2695,-40.9160,1.6947,5.9847
303016.7799,1095902,176,0.9709,-0.4143,-0.2625,-35.0992,1.5267,7.6489
303016.7799,1095912,176,0.9661,-0.4050,-0.2642,-30.1374,1.1908,10.6260
303016.7799,1095922,176,0.9673,-0.3882,-0.2644,-25.9542,0.4885,14.5191
303016.7799,1095932,176,0.9607,-0.3740,-0.2612,-22.1832,0.0153,18.2290
303016.7799,1095942,176,0.9568,-0.3452,-0.2612,-18.3053,-0.2748,21.1298
303016.8997,1095952,177,0.9534,-0.3206,-0.2466,-14.3359,-0.9618,22.6260
303016.8997,1095962,177,0.9595,-0.3005,-0.2422,-10.0305,-1.9847,22.8244
303016.8997,1095972,177,0.9612,-0.2793,-0.2349,-6.6107,-2.3359,21.6183
303016.8997,1095982,177,0.9626,-0.2703,-0.2307,-3.8473,-1.6794,19.8473
303016.8997,1095992,177,0.9609,-0.2620,-0.2258,-1.5115,-0.5802,18.0153
303016.8997,1096002,177,0.9590,-0.2556,-0.2202,0.5344,0.5802,16.6107
303016.8997,1096012,177,0.9592,-0.2407,-0.2112,1.4046,1.4504,15.7252
303016.8997,1096022,177,0.9624,-0.2319,-0.2112,0.6412,2.3359,15.6336
303016.8997,1096032,177,0.9631,-0.2241,-0.2180,-1.4351,3.9389,16.2137
303016.8997,1096042,177,0.9575,-0.2175,-0.2207,-4.7023,6.1221,17.1756
303016.9598,1096052,178,0.9487,-0.2134,-0.2346,-8.4885,8.0763,18.3206
303016.9598,1096062,178,0.9399,-0.2102,-0.2444,-12.3664,9.0534,19.4962
303016.9598,1096072,178,0.9314,-0.2156,-0.2554,-16.2443,9.0534,20.3359
303016.9598,1096082,178,0.9268,-0.2195,-0.2666,-19.1298,8.5802,20.7328
303016.9598,1096092,178,0.9246,-0.2219,-0.2744,-20.6565,8.1221,20.5344
303016.9598,1096102,178,0.9177,-0.2271,-0.2739,-21.4809,7.7405,19.8779
303016.9598,1096112,178,0.9053,-0.2324,-0.2766,-21.3435,6.9924,18.8092
303016.9598,1096122,178,0.9114,-0.2341,-0.2734,-19.3282,5.3130,16.8855
303016.9598,1096132,178,0.9211,-0.2371,-0.2637,-16.7328,3.3740,14.5802
303016.9598,1096142,178,0.9336,-0.2385,-0.2595,-14.5649,2.2443,11.8931
303017.0785,1096152,179,0.9417,-0.2444,-0.2566,-12.9924,2.2290,9.5420
303017.0785,1096162,179,0.9473,-0.2524,-0.2617,-12.2290,3.0534,8.0611
303017.0785,1096172,179,0.9456,-0.2559,-0.2656,-12.1679,4.1221,7.5115
303017.0785,1096182,179,0.9417,-0.2573,-0.2673,-12.5802,4.1832,7.6794
303017.0785,1096192,179,0.9448,-0.2634,-0.2725,-13.2672,3.0992,7.8931
303017.0785,1096202,179,0.9460,-0.2656,-0.2815,-13.7710,1.8473,8.0000
303017.0785,1096212,179,0.9512,-0.2756,-0.2878,-13.6794,0.9924,7.9695
303017.0785,1096222,179,0.9514,-0.2771,-0.2856,-13.0840,0.2901,7.6947
303017.0785,1096232,179,0.9517,-0.2773,-0.2866,-11.8626,-0.5191,7.2977
303017.0785,1096242,179,0.9509,-0.2791,-0.2859,-10.3206,-1.5115,6.6107
303017.1988,1096252,180,0.9529,-0.2803,-0.2769,-8.5038,-2.7939,5.8015
303017.1988,1096262,180,0.9592,-0.2800,-0.2722,-6.6260,-3.9389,5.0229
303017.1988,1096272,180,0.9602,-0.2720,-0.2625,-4.8702,-4.5954,4.3053
303017.1988,1096282,180,0.9619,-0.2678,-0.2512,-3.6489,-5.0382,3.8779
303017.1988,1096292,180,0.9663,-0.2664,-0.2463,-3.1450,-5.1145,3.4198
303017.1988,1096302,180,0.9673,-0.2576,-0.2400,-3.1450,-4.7481,3.1145
303017.1988,1096312,180,0.9639,-0.2576,-0.2339,-3.4504,-4.1527,2.7176
303017.1988,1096322,180,0.9568,-0.2529,-0.2397,-3.8473,-3.2977,2.2290
303017.1988,1096332,180,0.9541,-0.2520,-0.2410,-4.1527,-2.7176,1.4809
303017.1988,1096342,180,0.9502,-0.2517,-0.2466,-4.3053,-2.3817,0.4427
303017.2601,1096352,181,0.9495,-0.2520,-0.2451,-4.4275,-2.7328,-0.6107
303017.2601,1096362,181,0.9507,-0.2546,-0.2451,-4.5344,-3.2061,-1.8321
303017.2601,1096372,181,0.9541,-0.2627,-0.2485,-4.7634,-3.5115,-2.9008
303017.2601,1096382,181,0.9563,-0.2722,-0.2422,-5.1756,-3.4046,-3.9542
303017.2601,1096392,181,0.9553,-0.2827,-0.2478,-5.0687,-2.7939,-4.7939
303017.2601,1096402,181,0.9512,-0.2871,-0.2500,-4.5344,-2.3969,-5.3435
303017.2601,1096412,181,0.9448,-0.2903,-0.2566,-4.0458,-2.3664,-5.4962
303017.2601,1096422,181,0.9431,-0.2969,-0.2534,-3.6947,-2.3817,-5.7710
303017.2601,1096432,181,0.9443,-0.3010,-0.2595,-3.5115,-2.6260,-6.0916
303017.2601,1096442,181,0.9480,-0.3120,-0.2637,-3.1908,-3.1450,-6.3053
303017.3789,1096452,182,0.9519,-0.3125,-0.2598,-2.6107,-3.3893,-6.3817
303017.3789,1096462,182,0.9531,-0.3105,-0.2583,-2.0305,-3.6031,-6.2443
303017.3789,1096472,182,0.9556,-0.3145,-0.2620,-1.6641,-3.7099,-6.1221
303017.3789,1096482,182,0.9583,-0.3149,-0.2595,-1.6641,-3.6183,-5.9389
303017.3789,1096492,182,0.9565,-0.3157,-0.2676,-1.7710,-3.2061,-5.6947
303017.3789,1096502,182,0.9551,-0.3145,-0.2666,-1.7405,-2.8855,-5.3740
303017.3789,1096512,182,0.9543,-0.3152,-0.2634,-1.7405,-2.9160,-4.9771
303017.3789,1096522,182,0.9543,-0.3196,-0.2681,-1.8321,-3.2061,-4.6260
303017.3789,1096532,182,0.9543,-0.3176,-0.2656,-1.9237,-3.2977,-4.2443
303017.3789,1096542,182,0.9580,-0.3164,-0.2681,-2.1221,-3.4656,-3.8015
303017.4988,1096552,183,0.9573,-0.3210,-0.2673,-2.4885,-3.5573,-3.3588
303017.4988,1096562,183,0.9541,-0.3228,-0.2671,-2.8092,-3.3435,-2.9160
303017.4988,1096572,183,0.9534,-0.3293,-0.2686,-2.9160,-3.0992,-2.3969
303017.4988,1096582,183,0.9456,-0.3318,-0.2715,-2.6260,-2.9618,-1.8779
303017.4988,1096592,183,0.9500,-0.3308,-0.2751,-1.8931,-3.2366,-1.3588
303017.4988,1096602,183,0.9531,-0.3301,-0.2744,-1.0534,-3.7099,-0.8855
303017.4988,1096612,183,0.9546,-0.3235,-0.2661,-0.4733,-4.2137,-0.3969
303017.4988,1096622,183,0.9568,-0.3208,-0.2617,-0.0916,-4.1069,-0.0153
303017.4988,1096632,183,0.9568,-0.3135,-0.2568,0.1069,-3.5267,0.5191
303017.4988,1096642,183,0.9565,-0.3047,-0.2463,-0.0763,-3.3893,1.2672
303017.5598,1096652,184,0.9556,-0.2898,-0.2290,-0.9313,-3.9084,2.2137
303017.5598,1096662,184,0.9683,-0.2761,-0.2107,-2.6870,-4.4427,3.2214
303017.5598,1096672,184,0.9807,-0.2646,-0.2051,-5.2061,-4.4122,4.2137
303017.5598,1096682,184,0.9883,-0.2683,-0.2073,-8.5802,-2.9313,3.5115
303017.5598,1096692,184,0.9802,-0.2793,-0.2163,-12.1069,0.8702,2.3969
303017.5598,1096702,184,0.9641,-0.3047,-0.2451,-14.6565,4.4885,1.5725
303017.5598,1096712,184,0.9470,-0.3284,-0.2642,-16.3359,5.6336,1.6336
303017.5598,1096722,184,0.9421,-0.3467,-0.2778,-17.0076,4.5496,2.4733
303017.5598,1096732,184,0.9446,-0.3621,-0.2891,-16.3817,2.9008,3.3435
303017.5598,1096742,184,0.9465,-0.3738,-0.3008,-14.2290,1.7863,4.0916
303017.6803,1096752,185,0.9478,-0.3792,-0.3091,-10.5038,1.3740,4.2443
303017.6803,1096762,185,0.9514,-0.3809,-0.3154,-5.6183,1.1908,4.1221
303017.6803,1096772,185,0.9607,-0.3789,-0.3154,-0.0305,0.5191,3.6031
303017.6803,1096782,185,0.9685,-0.3728,-0.3091,5.4046,-0.5038,3.0229
303017.6803,1096792,185,0.9788,-0.3569,-0.3042,9.8626,-1.3282,2.7939
303017.6803,1096802,185,0.9890,-0.3376,-0.2893,12.8855,-1.4504,3.4504
303017.6803,1096812,185,0.9858,-0.3206,-0.2820,14.1679,-0.7939,4.7786
303017.6803,1096822,185,0.9822,-0.3013,-0.2759,13.9084,0.1221,6.1679
303017.6803,1096832,185,0.9729,-0.2920,-0.2751,12.4122,0.9618,7.1908
303017.6803,1096842,185,0.9653,-0.2920,-0.2825,10.7634,1.5878,7.9847
303017.7988,1096852,186,0.9529,-0.2898,-0.2854,10.0458,1.8626,8.6260
303017.7988,1096862,186,0.9438,-0.2859,-0.2881,9.9389,1.4504,9.1298
303017.7988,1096872,186,0.9441,-0.2822,-0.2969,10.0611,0.6260,9.0534
303017.7988,1096882,186,0.9404,-0.2852,-0.2937,10.5954,0.0458,8.5038
303017.7988,1096892,186,0.9314,-0.2866,-0.2939,11.3893,-0.3359,7.9542
303017.7988,1096902,186,0.9280,-0.2864,-0.2942,12.5344,-0.9160,7.2061
303017.7988,1096912,186,0.9355,-0.2954,-0.2922,13.6489,-2.1527,6.0458
303017.7988,1096922,186,0.9419,-0.3030,-0.2839,15.1756,-3.1603,4.7634
303017.7988,1096932,186,0.9458,-0.3010,-0.2791,16.9618,-3.6031,4.1374
303017.7988,1096942,186,0.9482,-0.2878,-0.2651,17.8168,-4.3053,4.4122
303017.8599,1096952,187,0.9468,-0.2800,-0.2588,17.1450,-4.6718,5.2824
303017.8599,1096962,187,0.9202,-0.3093,-0.3110,16.2595,-2.1679,5.2366
303017.8599,1096972,187,0.8691,-0.3201,-0.3291,19.0076,4.8244,3.8931
303017.8599,1096982,187,0.8354,-0.2986,-0.3267,23.5878,2.9618,5.0534
303017.8599,1096992,187,0.8589,-0.2725,-0.3044,26.1832,-8.5649,5.5420
303017.8599,1097002,187,0.8909,-0.2698,-0.2742,26.5954,-18.0000,4.7481
303017.8599,1097012,187,0.9265,-0.2737,-0.2356,27.8626,-21.0534,2.0611
303017.8599,1097022,187,0.9526,-0.2837,-0.2107,29.1603,-19.6947,-1.4962
303017.8599,1097032,187,0.9609,-0.2954,-0.1914,28.6870,-16.3359,-4.3664
303017.8599,1097042,187,0.9697,-0.3135,-0.1841,26.4275,-13.8321,-5.9389
303017.9799,1097052,188,0.9717,-0.3298,-0.1809,23.7405,-12.5802,-6.3664
303017.9799,1097062,188,0.9832,-0.3450,-0.1790,21.7405,-11.8473,-6.5496
303017.9799,1097072,188,0.9868,-0.3591,-0.1792,20.4580,-11.0382,-6.7786
303017.9799,1097082,188,0.9832,-0.3677,-0.1768,19.5573,-9.1908,-6.9924
303017.9799,1097092,188,0.9729,-0.3821,-0.1873,19.2366,-6.9618,-7.3893
303017.9799,1097102,188,0.9683,-0.4050,-0.2070,19.7099,-5.3893,-8.5191
303017.9799,1097112,188,0.9609,-0.4343,-0.2146,21.4962,-3.9237,-10.2901
303017.9799,1097122,188,0.9585,-0.4636,-0.2300,24.4122,-2.8244,-12.2137
303017.9799,1097132,188,0.9563,-0.4846,-0.2319,28.3359,-2.4427,-13.7099
303017.9799,1097142,188,0.9558,-0.5015,-0.2310,32.8550,-3.0382,-14.6107
303018.0984,1097152,189,0.9658,-0.5132,-0.2129,37.1603,-4.8550,-14.8092
303018.0984,1097162,189,0.9854,-0.5271,-0.1799,41.0382,-7.1603,-13.8473
303018.0984,1097172,189,1.0105,-0.5486,-0.1533,44.4275,-8.1069,-11.9084
303018.0984,1097182,189,1.0432,-0.5952,-0.1267,46.9008,-7.8168,-8.5649
303018.0984,1097192,189,1.0647,-0.6343,-0.1104,50.5191,-5.4351,-4.3053
303018.0984,1097202,189,1.0518,-0.6282,-0.0986,56.5649,0.9466,0.1832
303018.0984,1097212,189,1.0303,-0.5989,-0.0947,61.2061,7.1298,4.7328
303018.0984,1097222,189,1.0164,-0.5813,-0.1094,61.4046,9.8931,8.8397
303018.0984,1097232,189,0.9949,-0.5730,-0.1165,58.4427,11.0076,12.1221
303018.0984,1097242,189,0.9802,-0.5669,-0.1025,54.7939,11.2824,15.9695
303018.1584,1097252,190,0.9919,-0.5735,-0.0708,51.9847,10.4275,20.0763
303018.1584,1097262,190,1.0293,-0.5969,-0.0293,51.6031,13.5267,23.1298
303018.1584,1097272,190,1.0454,-0.6179,0.0037,56.3053,23.6336,24.4733
303018.1584,1097282,190,1.0510,-0.6345,0.0286,63.6794,33.1603,22.9313
303018.1584,1097292,190,1.0540,-0.6462,0.0366,68.8855,37.2519,20.7328
303018.1584,1097302,190,1.0725,-0.6672,0.0637,70.7023,39.8779,19.5420
303018.1584,1097312,190,1.1077,-0.7083,0.0811,70.9924,43.0992,23.3740
303018.1584,1097322,190,1.1711,-0.7422,0.1292,69.0382,47.4809,30.5954
303018.1584,1097332,190,1.2136,-0.7644,0.1682,69.5725,60.2137,39.9542
303018.1584,1097342,190,1.2031,-0.7549,0.1675,74.1985,79.8015,45.2824
303018.2804,1097352,191,1.1506,-0.7383,0.1604,78.3817,94.7481,44.8397
303018.2804,1097362,191,1.1208,-0.7415,0.1863,80.9008,100.6107,46.5496
303018.2804,1097372,191,1.1360,-0.7273,0.2175,84.7634,103.3740,49.6183
303018.2804,1097382,191,1.1836,-0.7527,0.2676,86.8092,107.7405,52.8702
303018.2804,1097392,191,1.2812,-0.8281,0.3274,87.7863,119.7557,57.0840
303018.2804,1097402,191,1.3318,-0.9197,0.3240,94.4122,147.9237,61.5573
303018.2804,1097412,191,1.2693,-0.9888,0.2874,110.3053,180.7786,61.0687
303018.2804,1097422,191,1.2090,-1.0044,0.2727,129.4809,200.3206,58.1527
303018.2804,1097432,191,1.1890,-1.0012,0.2820,144.0000,204.9466,61.6489
303018.2804,1097442,191,1.1648,-0.9331,0.3213,154.4733,204.6565,69.1756
303018.4574,1097452,192,1.1487,-0.8445,0.3743,153.7710,198.4885,78.9160
303018.4574,1097462,192,1.1960,-0.8284,0.4622,138.3511,185.5573,88.1985
303018.4574,1097472,192,1.2803,-0.8599,0.5505,117.1145,183.2519,98.6718
303018.4574,1097482,192,1.2898,-0.9431,0.5754,99.3435,197.2366,111.7405
303018.4574,1097492,192,1.2627,-1.0017,0.5610,92.1679,207.4962,120.3817
303018.4574,1097502,192,1.2268,-1.0071,0.5676,95.3282,206.4733,122.0305
303018.4574,1097512,192,1.2285,-1.0100,0.6072,105.4198,207.4656,118.1527
303018.4574,1097522,192,1.2302,-1.0159,0.6194,119.0229,219.4351,113.6641
303018.4574,1097532,192,1.1099,-0.9451,0.5989,131.3435,234.2748,111.2366
303018.4574,1097542,192,1.0076,-0.8442,0.5901,134.1985,233.5878,113.3588
303018.4595,1097552,193,0.9316,-0.7537,0.5820,126.2137,221.3130,117.0076
303018.4595,1097562,193,0.8752,-0.6990,0.6111,112.3969,205.7405,117.6947
303018.4595,1097572,193,0.8850,-0.6697,0.7173,95.6031,191.4198,118.2137
303018.4595,1097582,193,0.9858,-0.6685,0.8293,83.5725,186.4427,122.1069
303018.4595,1097592,193,1.0300,-0.6924,0.8762,81.4962,199.6183,123.4351
303018.4595,1097602,193,0.9778,-0.7202,0.8928,87.1908,220.7786,116.9924
303018.4595,1097612,193,0.9575,-0.7507,0.8862,94.6260,234.2901,110.1985
303018.4595,1097622,193,0.8787,-0.7295,0.8665,106.4275,245.7710,103.9237
303018.4595,1097632,193,0.8127,-0.6951,0.8289,115.4046,250.6107,96.2748
303018.4595,1097642,193,0.7317,-0.6333,0.7927,115.2824,247.0229,91.0229
303018.5787,1097652,194,0.6614,-0.5608,0.7644,104.8092,235.9847,90.9618
303018.5787,1097662,194,0.6345,-0.5300,0.7649,90.6718,225.7099,93.3740
303018.5787,1097672,194,0.5652,-0.4941,0.7610,80.6870,223.4351,93.9695
303018.5787,1097682,194,0.5249,-0.4629,0.7783,74.6412,221.1298,91.9389
303018.5787,1097692,194,0.4727,-0.4922,0.7812,73.5725,219.5725,85.7099
303018.5787,1097702,194,0.4124,-0.4917,0.7915,79.3740,220.5191,75.7405
303018.5787,1097712,194,0.3945,-0.5085,0.7832,84.7634,221.8473,69.3282
303018.5787,1097722,194,0.3513,-0.4897,0.7739,90.3969,223.1908,65.1298
303018.5787,1097732,194,0.2695,-0.4653,0.7522,93.8015,220.6107,61.6489
303018.5787,1097742,194,0.1938,-0.4080,0.7217,92.4733,212.5954,60.7786
303018.7003,1097752,195,0.1567,-0.3511,0.7126,86.1527,201.1756,60.9313
303018.7003,1097762,195,0.1121,-0.3315,0.7019,79.1908,192.9313,60.0611
303018.7003,1097772,195,0.0442,-0.3330,0.6555,75.2977,187.2519,56.8702
303018.7003,1097782,195,-0.0010,-0.3511,0.6082,72.7481,178.7481,52.6718
303018.7003,1097792,195,-0.0320,-0.3860,0.5840,74.1832,171.0687,49.5725
303018.7003,1097802,195,-0.0715,-0.3940,0.5667,82.2290,166.2443,47.5420
303018.7003,1097812,195,-0.0769,-0.3628,0.5872,90.1069,162.8092,48.0916
303018.7003,1097822,195,-0.0571,-0.3545,0.5925,95.6947,165.0840,50.3359
303018.7003,1097832,195,-0.0840,-0.3352,0.6108,103.3130,172.1985,50.3359
303018.7003,1097842,195,-0.0510,-0.3140,0.6499,110.0916,175.6947,49.8931
303018.7603,1097852,196,-0.0474,-0.3240,0.6763,113.8321,182.3359,48.5649
303018.7603,1097862,196,-0.0681,-0.3613,0.6860,114.1679,193.0076,46.1985
303018.7603,1097872,196,-0.1135,-0.4058,0.6130,113.1603,201.2061,45.2214
303018.7603,1097882,196,-0.2087,-0.3516,0.5864,114.9160,201.6031,46.1374
303018.7603,1097892,196,-0.2224,-0.3083,0.5691,107.7557,198.0000,53.2214
303018.7603,1097902,196,-0.2920,-0.2615,0.5278,100.7328,194.3817,59.4962
303018.7603,1097912,196,-0.3672,-0.1729,0.4954,96.2901,180.6412,61.2214
303018.7603,1097922,196,-0.3889,-0.1218,0.4817,87.9084,162.4275,60.1527
303018.7603,1097932,196,-0.4658,-0.0637,0.4822,79.0840,147.1298,55.9084
303018.7603,1097942,196,-0.4729,-0.0708,0.4832,65.9084,130.3206,50.8397
303018.8803,1097952,197,-0.5039,-0.1245,0.4441,57.8931,121.1145,45.5573
303018.8803,1097962,197,-0.5469,-0.0969,0.4229,60.2137,114.3969,38.9466
303018.8803,1097972,197,-0.5291,-0.0544,0.4006,59.0687,101.1298,34.4122
303018.8803,1097982,197,-0.5315,-0.0420,0.3760,52.9313,90.3359,32.1069
303018.8803,1097992,197,-0.5474,-0.0330,0.3406,48.0458,81.5420,30.2290
303018.8803,1098002,197,-0.5776,-0.0037,0.3269,45.3588,73.1298,28.1069
303018.8803,1098012,197,-0.5779,0.0435,0.3140,38.0763,68.4885,24.5496
303018.8803,1098022,197,-0.6147,0.0542,0.2639,22.6107,64.5191,20.5954
303018.8803,1098032,197,-0.5994,0.0159,0.2075,5.4656,58.2443,14.4122
303018.8803,1098042,197,-0.5569,-0.0579,0.1484,-6.5954,56.1832,6.1985
303018.9995,1098052,198,-0.5588,-0.1567,0.1011,-12.0000,55.8931,-2.7023
303018.9995,1098062,198,-0.5022,-0.2385,0.0752,-14.8397,50.9924,-9.2977
303018.9995,1098072,198,-0.5181,-0.3093,0.0525,-18.4580,44.0000,-10.4275
303018.9995,1098082,198,-0.4719,-0.3708,0.0708,-22.1527,31.0076,-9.4351
303018.9995,1098092,198,-0.4265,-0.4033,0.1250,-25.2214,15.3588,-7.5115
303018.9995,1098102,198,-0.3572,-0.4375,0.1592,-31.5573,-0.7023,-3.0382
303018.9995,1098112,198,-0.2939,-0.4822,0.1521,-39.0992,-14.9618,4.3817
303018.9995,1098122,198,-0.2632,-0.4956,0.1304,-43.2672,-22.3206,13.6641
303018.9995,1098132,198,-0.2629,-0.4714,0.0945,-44.2290,-28.4427,24.2595
303018.9995,1098142,198,-0.2461,-0.4465,0.0789,-42.1679,-38.1832,34.1069
303019.0604,1098152,199,-0.2302,-0.3657,0.0959,-33.8779,-47.2824,42.9008
303019.0604,1098162,199,-0.1924,-0.2358,0.1538,-25.0992,-54.0305,48.7481
303019.0604,1098172,199,-0.1350,-0.1467,0.1833,-25.8931,-55.3893,50.5802
303019.0604,1098182,199,-0.1521,-0.0996,0.1394,-32.7176,-51.0382,48.9771
303019.0604,1098192,199,-0.1472,-0.0955,0.0857,-43.1298,-54.9160,45.6336
303019.0604,1098202,199,-0.1235,-0.1184,0.0659,-54.1985,-65.5115,44.1679
303019.0604,1098212,199,-0.1028,-0.1055,0.0698,-61.6489,-78.3359,47.2672
303019.0604,1098222,199,-0.1194,-0.0747,0.0679,-65.6031,-92.3511,52.1221
303019.0604,1098232,199,-0.1443,-0.0198,0.0591,-66.5191,-107.6183,58.0458
303019.0604,1098242,199,-0.1338,0.0593,0.1033,-63.5725,-126.9466,64.7176
303019.1813,1098252,200,-0.0752,0.1599,0.2441,-52.9313,-145.6641,69.6336
303019.1813,1098262,200,0.0410,0.3191,0.4243,-40.2443,-152.2290,68.2595
303019.1813,1098272,200,0.0330,0.4722,0.5415,-39.2061,-141.9847,62.6718
303019.1813,1098282,200,-0.0474,0.5823,0.5696,-48.6107,-132.3817,54.7023
303019.1813,1098292,200,-0.0728,0.6609,0.5671,-59.0992,-133.8168,43.3588
303019.1813,1098302,200,-0.0862,0.6829,0.5818,-66.7481,-140.3664,24.5802
303019.1813,1098312,200,-0.0322,0.5630,0.5574,-75.4962,-144.6107,1.9847
303019.1813,1098322,200,-0.0662,0.4236,0.5388,-81.7252,-139.5267,-15.5878
303019.1813,1098332,200,-0.0674,0.2996,0.5198,-83.4351,-143.0687,-22.8092
303019.1813,1098342,200,-0.0251,0.2542,0.5640,-77.4504,-156.9008,-20.0916
303019.3001,1098352,201,0.0247,0.3555,0.7090,-62.3359,-171.0534,-14.1679
303019.3001,1098362,201,0.0452,0.5210,0.8386,-50.1832,-180.6718,-10.0305
303019.3001,1098372,201,0.0740,0.6611,0.9199,-48.7634,-183.4351,-14.7176
303019.3001,1098382,201,0.0588,0.6636,0.9265,-58.7176,-181.4962,-30.5038
303019.3001,1098392,201,0.0417,0.5264,0.8750,-72.5954,-178.5649,-54.0763
303019.3001,1098402,201,-0.0266,0.2847,0.8745,-80.4275,-174.1679,-69.8931
303019.3001,1098412,201,-0.0278,0.1562,0.9480,-68.7634,-179.7405,-73.0687
303019.3001,1098422,201,0.0085,0.1616,1.0820,-46.3206,-195.4198,-66.0458
303019.3001,1098432,201,0.0315,0.2656,1.2646,-20.7634,-210.3969,-56.2290
303019.3001,1098442,201,0.0928,0.3875,1.4692,4.7023,-223.5420,-52.2137
303019.3597,1098452,202,0.2034,0.5781,1.6980,29.0687,-223.6489,-57.5115
303019.3597,1098462,202,0.2144,0.7468,1.7988,34.9160,-202.4275,-63.6947
303019.3597,1098472,202,0.2124,0.7671,1.7405,8.5802,-170.9313,-75.5267
303019.3597,1098482,202,0.0540,0.5806,1.6714,-29.8626,-135.5115,-96.6870
303019.3597,1098492,202,-0.0405,0.3320,1.6426,-46.9160,-127.6031,-113.9847
303019.3597,1098502,202,0.0659,0.2136,1.7192,-38.1985,-144.3359,-122.8397
303019.3597,1098512,202,0.1555,0.2002,1.8699,-26.4427,-154.3664,-123.4046
303019.3597,1098522,202,0.2644,0.2007,2.0127,-24.2443,-152.6412,-119.3588
303019.3597,1098532,202,0.3145,0.1621,2.0706,-25.2061,-137.4656,-116.5954
303019.3597,1098542,202,0.3040,0.1597,2.0808,-18.9618,-116.4122,-115.8473
303019.4799,1098552,203,0.2520,0.1760,2.0298,-9.6641,-98.4885,-117.6641
303019.4799,1098562,203,0.2004,0.1997,1.9626,-3.3282,-82.3817,-121.3893
303019.4799,1098572,203,0.1511,0.1968,1.8862,-2.2290,-70.0153,-125.8473
303019.4799,1098582,203,0.1340,0.1794,1.8345,-1.6489,-65.0687,-130.2748
303019.4799,1098592,203,0.1472,0.1641,1.8181,0.9771,-64.1221,-135.6183
303019.4799,1098602,203,0.1758,0.1489,1.8167,2.3053,-61.2519,-141.4504
303019.4799,1098612,203,0.2019,0.1206,1.8171,1.1145,-55.8779,-146.0611
303019.4799,1098622,203,0.2498,0.0862,1.8274,-0.5649,-48.9008,-148.5954
303019.4799,1098632,203,0.2615,0.0457,1.8376,-1.4046,-38.5954,-150.9618
303019.4799,1098642,203,0.2603,-0.0310,1.8081,-0.3359,-28.4122,-153.7099
303019.6072,1098652,204,0.2119,-0.0986,1.7710,4.1374,-19.2366,-156.9160
303019.6072,1098662,204,0.1606,-0.1401,1.7554,10.3053,-15.1450,-158.3664
303019.6072,1098672,204,0.1541,-0.1726,1.8057,15.6489,-16.4733,-156.5496
303019.6072,1098682,204,0.1650,-0.1736,1.9043,20.7786,-18.4885,-154.5496
303019.6072,1098692,204,0.2251,-0.1489,2.0029,22.0000,-18.5954,-153.3893
303019.6072,1098702,204,0.3086,-0.1257,2.1235,15.3893,-11.5573,-154.9618
303019.6072,1098712,204,0.3760,-0.1550,2.1816,1.1298,6.0153,-156.5344
303019.6072,1098722,204,0.3984,-0.2529,2.1375,-12.0153,30.7939,-160.9924
303019.6072,1098732,204,0.3667,-0.3613,2.0610,-20.6565,56.0458,-167.2366
303019.6072,1098742,204,0.3250,-0.5286,1.9541,-27.6947,71.7099,-170.2290
303019.6585,1098752,205,0.2922,-0.6057,1.8926,-29.1298,79.6031,-164.1679
303019.6585,1098762,205,0.2935,-0.6248,1.8721,-27.3130,83.9237,-151.6336
303019.6585,1098772,205,0.3066,-0.6335,1.8491,-25.8779,89.2519,-140.9618
303019.6585,1098782,205,0.2839,-0.6453,1.8044,-25.4809,97.5878,-132.8702
303019.6585,1098792,205,0.2512,-0.6790,1.7332,-25.5267,105.8321,-124.0153
303019.6585,1098802,205,0.2627,-0.7375,1.6575,-23.2061,111.8168,-115.3282
303019.6585,1098812,205,0.2576,-0.7903,1.6001,-16.9771,119.2519,-106.7023
303019.6585,1098822,205,0.2424,-0.8066,1.5520,-9.4198,127.4809,-95.0840
303019.6585,1098832,205,0.1926,-0.8313,1.4822,-2.8397,134.9466,-82.2595
303019.6585,1098842,205,0.1082,-0.8542,1.4226,4.7786,142.4122,-70.5496
303019.7803,1098852,206,0.0535,-0.8376,1.3960,14.0458,145.5267,-57.8473
303019.7803,1098862,206,0.0581,-0.8159,1.3923,22.0305,143.2366,-44.6718
303019.7803,1098872,206,0.0757,-0.7556,1.4414,29.8321,140.7634,-34.1221
303019.7803,1098882,206,0.1411,-0.6763,1.4910,34.8550,139.1145,-25.5725
303019.7803,1098892,206,0.1873,-0.6174,1.5227,34.2748,142.8397,-20.8550
303019.7803,1098902,206,0.1843,-0.5681,1.5083,30.3969,151.6183,-19.0992
303019.7803,1098912,206,0.1733,-0.5581,1.4426,23.1603,158.9466,-18.5802
303019.7803,1098922,206,0.1267,-0.5825,1.3564,14.7939,165.6641,-19.1145
303019.7803,1098932,206,0.0830,-0.6050,1.2800,7.8473,168.3053,-17.4809
303019.7803,1098942,206,0.0706,-0.6323,1.2053,3.0534,166.4580,-12.6412
303019.9005,1098952,207,0.0452,-0.6482,1.1448,1.3130,165.0687,-7.2214
303019.9005,1098962,207,0.0449,-0.6406,1.1052,2.1832,161.5573,-0.5496
303019.9005,1098972,207,0.0698,-0.6177,1.0837,4.8244,157.8321,6.5954
303019.9005,1098982,207,0.0950,-0.5728,1.0774,7.0992,160.0305,12.1832
303019.9005,1098992,207,0.0771,-0.5305,1.0364,4.5649,167.4046,16.8397
303019.9005,1099002,207,0.0334,-0.4954,0.9692,-1.9542,173.3435,20.8855
303019.9005,1099012,207,-0.0283,-0.4800,0.8962,-9.3282,176.3511,23.2977
303019.9005,1099022,207,-0.0752,-0.4670,0.8401,-14.6107,175.6183,24.1221
303019.9005,1099032,207,-0.0881,-0.4590,0.8032,-18.7481,172.0153,24.7481
303019.9005,1099042,207,-0.0728,-0.4543,0.7737,-23.6336,167.2366,25.1298
303019.9598,1099052,208,-0.0518,-0.4573,0.7322,-29.3130,162.9466,25.6183
303019.9598,1099062,208,-0.0242,-0.4521,0.6936,-35.2366,158.9008,26.7786
303019.9598,1099072,208,-0.0083,-0.4678,0.6406,-41.9084,154.4733,27.7863
303019.9598,1099082,208,-0.0210,-0.4978,0.5588,-48.9313,151.5573,28.6107
303019.9598,1099092,208,-0.0566,-0.5352,0.4685,-53.6031,148.6412,30.4580
303019.9598,1099102,208,-0.1030,-0.5701,0.3533,-56.2137,145.1145,34.8092
303019.9598,1099112,208,-0.1431,-0.5798,0.2549,-56.5038,140.5496,41.1145
303019.9598,1099122,208,-0.1677,-0.5791,0.1777,-55.7405,130.9160,48.5038
303019.9598,1099132,208,-0.1787,-0.5674,0.1414,-54.4427,117.4809,55.7405
303019.9598,1099142,208,-0.1921,-0.5522,0.1238,-53.3130,103.4656,62.1527
303020.0798,1099152,209,-0.1909,-0.5227,0.1208,-52.3817,90.3206,68.2595
303020.0798,1099162,209,-0.1848,-0.4963,0.1333,-51.2672,78.9466,73.4504
303020.0798,1099172,209,-0.1707,-0.4797,0.1311,-49.3435,71.2061,77.8473
303020.0798,1099182,209,-0.1570,-0.4426,0.1487,-48.0763,64.5954,81.4656
303020.0798,1099192,209,-0.1379,-0.4246,0.1597,-49.4504,56.6412,85.2977
303020.0798,1099202,209,-0.1560,-0.4077,0.1494,-48.7634,52.1069,89.7252
303020.0798,1099212,209,-0.2007,-0.3528,0.1533,-45.4809,49.4656,93.2214
303020.0798,1099222,209,-0.2144,-0.3293,0.1394,-46.0916,43.2519,95.3588
303020.0798,1099232,209,-0.2549,-0.3433,0.1204,-48.4122,38.5191,98.0305
303020.0798,1099242,209,-0.2698,-0.3110,0.1343,-45.0076,31.4656,102.2137
303020.2001,1099252,210,-0.2515,-0.2493,0.1689,-41.2977,20.7939,106.4580
303020.2001,1099262,210,-0.2385,-0.1792,0.2161,-40.5344,12.9618,109.2519
303020.2001,1099272,210,-0.2048,-0.0945,0.2727,-42.8702,5.7863,110.5649
303020.2001,1099282,210,-0.2017,-0.0649,0.2888,-48.5038,-0.1221,110.0153
303020.2001,1099292,210,-0.2097,-0.0649,0.2834,-52.9618,-2.6870,108.5954
303020.2001,1099302,210,-0.2058,-0.0281,0.3018,-52.6107,-5.6489,107.4656
303020.2001,1099312,210,-0.2070,0.0088,0.3057,-54.8092,-10.4733,106.4733
303020.2001,1099322,210,-0.1975,0.0325,0.2886,-59.8473,-15.5267,104.5038
303020.2001,1099332,210,-0.1934,0.0400,0.2651,-63.8626,-21.6183,101.5573
303020.2001,1099342,210,-0.2312,0.0229,0.2529,-66.3969,-27.5573,100.2137
303020.2599,1099352,211,-0.2249,0.0635,0.2898,-65.1450,-36.1985,101.3893
303020.2599,1099362,211,-0.1848,0.1118,0.3586,-64.3053,-46.6870,101.8626
303020.2599,1099372,211,-0.1624,0.1917,0.4521,-65.3282,-53.1450,101.4504
303020.2599,1099382,211,-0.1274,0.2996,0.5227,-69.6794,-56.5802,101.2672
303020.2599,1099392,211,-0.1428,0.3269,0.5022,-78.7176,-56.4122,95.6336
303020.2599,1099402,211,-0.2153,0.2766,0.4458,-87.1145,-50.9771,84.5344
303020.2599,1099412,211,-0.2520,0.1995,0.3931,-92.1374,-51.9542,75.3282
303020.2599,1099422,211,-0.2278,0.1003,0.3367,-95.6336,-61.7252,72.0153
303020.2599,1099432,211,-0.2151,0.0471,0.3330,-92.5954,-72.0916,72.0611
303020.2599,1099442,211,-0.1897,0.0754,0.4128,-84.0916,-83.7405,76.1374
303020.4392,1099452,212,-0.1218,0.2168,0.5134,-73.5115,-95.7405,84.8702
303020.4392,1099462,212,-0.0708,0.3843,0.6038,-67.2214,-100.5191,86.8397
303020.4392,1099472,212,-0.0718,0.4946,0.6235,-70.2137,-101.5267,79.3893
303020.4392,1099482,212,-0.0889,0.4819,0.5667,-82.0000,-99.6031,68.0611
303020.4392,1099492,212,-0.1577,0.2991,0.4263,-95.4046,-99.6947,53.8015
303020.4392,1099502,212,-0.2676,0.0625,0.2820,-98.7023,-102.7023,45.7557
303020.4392,1099512,212,-0.2520,-0.0969,0.2524,-84.7786,-118.4885,46.3664
303020.4392,1099522,212,-0.1575,-0.1077,0.3506,-59.6794,-142.6565,55.5115
303020.4392,1099532,212,-0.0066,0.0391,0.5481,-31.9084,-167.0382,68.5344
303020.4392,1099542,212,0.1548,0.2922,0.7515,-11.8779,-183.4198,80.2290
303020.4412,1099552,213,0.3252,0.5461,0.9866,-3.0840,-191.6183,84.3511
303020.4412,1099562,213,0.3967,0.8477,1.1279,-4.7786,-182.7328,79.7099
303020.4412,1099572,213,0.3201,1.0298,1.0859,-26.5649,-164.8855,69.6947
303020.4412,1099582,213,0.1619,0.9832,0.8608,-63.7252,-143.5573,47.5573
303020.4412,1099592,213,-0.0164,0.7371,0.6418,-95.6947,-130.1374,17.5573
303020.4412,1099602,213,-0.1794,0.4644,0.4871,-109.6641,-137.3130,-3.2824
303020.4412,1099612,213,-0.1514,0.2949,0.5203,-104.5802,-163.6336,-7.2366
303020.4412,1099622,213,0.0146,0.2832,0.7341,-84.5649,-194.0305,-4.6260
303020.4412,1099632,213,0.2036,0.3899,0.9966,-58.3817,-212.6870,-2.2137
303020.4412,1099642,213,0.3347,0.5525,1.2874,-38.9466,-213.3282,-2.2901
303020.5597,1099652,214,0.3638,0.6333,1.4194,-36.9771,-200.8855,-4.7786
303020.5597,1099662,214,0.3323,0.6550,1.4443,-42.7023,-180.9618,-8.8855
303020.5597,1099672,214,0.2620,0.6709,1.4602,-47.2672,-161.8473,-15.9542
303020.5597,1099682,214,0.2461,0.6987,1.4824,-51.2214,-153.3435,-25.4656
303020.5597,1099692,214,0.2632,0.7068,1.5232,-56.5802,-149.5725,-36.6870
303020.5597,1099702,214,0.2793,0.6741,1.5371,-64.0763,-144.0916,-49.9695
303020.5597,1099712,214,0.2739,0.6006,1.5232,-73.3282,-137.4198,-63.1450
303020.5597,1099722,214,0.2383,0.5073,1.4849,-83.0382,-132.9771,-71.3588
303020.5597,1099732,214,0.2151,0.4036,1.4590,-86.7481,-129.4809,-76.2137
303020.5597,1099742,214,0.2668,0.3416,1.5044,-78.9466,-129.5267,-80.6870
303020.6786,1099752,215,0.3442,0.3237,1.5916,-65.4046,-130.7176,-82.8397
303020.6786,1099762,215,0.4224,0.3586,1.6958,-52.6412,-127.4198,-83.2366
303020.6786,1099772,215,0.4771,0.4006,1.7698,-46.3511,-118.7634,-85.0229
303020.6786,1099782,215,0.5032,0.4126,1.7786,-46.5802,-106.8702,-89.2672
303020.6786,1099792,215,0.4519,0.3689,1.7063,-49.9389,-91.3740,-95.1298
303020.6786,1099802,215,0.3657,0.2810,1.6077,-52.4885,-77.3435,-100.6107
303020.6786,1099812,215,0.2844,0.2085,1.5278,-47.7405,-72.0153,-103.6947
303020.6786,1099822,215,0.2795,0.1929,1.5503,-34.6718,-73.8931,-104.6565
303020.6786,1099832,215,0.3467,0.2537,1.6865,-17.5725,-76.2137,-104.8550
303020.6786,1099842,215,0.4531,0.3562,1.8518,-5.0534,-73.9084,-106.1985
303020.8590,1099852,216,0.5186,0.4143,1.9832,-5.1908,-61.9237,-110.2901
303020.8590,1099862,216,0.5447,0.3867,2.0081,-16.7023,-42.7634,-115.0534
303020.8590,1099872,216,0.4849,0.2900,1.9094,-27.9084,-23.4962,-120.8550
303020.8590,1099882,216,0.3933,0.1853,1.7627,-30.3664,-8.5344,-127.1756
303020.8590,1099892,216,0.3269,0.1045,1.6497,-24.7939,-2.1221,-132.0916
303020.8590,1099902,216,0.2690,0.0544,1.5830,-16.5038,-2.1832,-133.2824
303020.8590,1099912,216,0.2361,0.0566,1.5889,-5.4046,-4.9313,-130.7786
303020.8590,1099922,216,0.2434,0.1335,1.6636,6.8092,-10.2901,-128.7328
303020.8590,1099932,216,0.2815,0.1980,1.7854,14.0916,-14.6412,-131.3435
303020.8590,1099942,216,0.3552,0.2244,1.9255,13.5267,-12.5496,-139.2366
303020.8610,1099952,217,0.4136,0.1833,2.0288,6.3969,-1.1298,-148.1374
303020.8610,1099962,217,0.4373,0.0862,2.0745,-4.4733,14.6107,-156.9924
303020.8610,1099972,217,0.4744,-0.0410,2.0820,-15.3130,26.8397,-163.4046
303020.8610,1099982,217,0.5400,-0.1792,2.0735,-22.1832,38.2137,-168.0000
303020.8610,1099992,217,0.5396,-0.3181,2.0166,-25.4198,53.2672,-169.7557
303020.8610,1100002,217,0.4971,-0.4541,1.9236,-27.5573,67.4504,-167.8626
303020.8610,1100012,217,0.4343,-0.5278,1.8792,-25.5267,77.4046,-161.5420
303020.8610,1100022,217,0.4436,-0.5386,1.8647,-22.0916,81.8168,-151.8931
303020.8610,1100032,217,0.4448,-0.5474,1.8792,-21.2366,89.1908,-145.2824
303020.8610,1100042,217,0.4739,-0.5601,1.8877,-21.8321,101.2214,-138.9771
303020.9805,1100052,218,0.4343,-0.5708,1.8513,-22.3817,117.1298,-133.2214
303020.9805,1100062,218,0.3984,-0.6218,1.8032,-25.2214,129.5878,-129.6641
303020.9805,1100072,218,0.3984,-0.6729,1.7583,-28.1679,137.6336,-123.9695
303020.9805,1100082,218,0.4221,-0.7219,1.7019,-28.8244,145.6641,-116.6565
303020.9805,1100092,218,0.4087,-0.7698,1.6333,-27.6947,155.1298,-110.4122
303020.9805,1100102,218,0.4009,-0.7898,1.5657,-24.7786,162.7939,-101.1756
303020.9805,1100112,218,0.3721,-0.7917,1.4958,-21.4198,167.8473,-90.4427
303020.9805,1100122,218,0.3369,-0.7769,1.4492,-18.4122,172.4427,-80.0000
303020.9805,1100132,218,0.3164,-0.7378,1.4136,-14.6412,177.0229,-69.5420
303020.9805,1100142,218,0.2764,-0.6885,1.3818,-10.6412,182.7481,-61.0534
303021.1006,1100152,219,0.2468,-0.6541,1.3313,-8.3359,188.4122,-54.1679
303021.1006,1100162,219,0.2056,-0.6311,1.2759,-7.2214,190.7634,-48.8397
303021.1006,1100172,219,0.1667,-0.6208,1.2205,-8.1527,190.1679,-44.4427
303021.1006,1100182,219,0.1555,-0.6448,1.1597,-9.6947,188.6260,-39.7405
303021.1006,1100192,219,0.1106,-0.6667,1.0938,-8.5496,187.1298,-35.3282
303021.1006,1100202,219,0.0640,-0.6768,1.0422,-6.5496,184.1832,-30.0763
303021.1006,1100212,219,0.0571,-0.6956,1.0022,-5.1603,179.1908,-22.8855
303021.1006,1100222,219,0.0186,-0.6963,0.9690,-2.3511,174.4122,-15.9237
303021.1006,1100232,219,-0.0095,-0.6750,0.9478,0.5954,168.6107,-8.2748
303021.1006,1100242,219,-0.0417,-0.6514,0.9055,1.5420,162.9160,-0.3053
303021.1598,1100252,220,-0.0842,-0.6541,0.8684,1.5267,159.1145,6.3359
303021.1598,1100262,220,-0.1353,-0.6482,0.8315,3.6641,156.0000,13.1145
303021.1598,1100272,220,-0.1892,-0.6318,0.7998,7.9695,150.5344,20.0916
303021.1598,1100282,220,-0.2104,-0.6118,0.7627,14.8092,145.2519,25.6336
303021.1598,1100292,220,-0.2317,-0.5559,0.7456,22.0916,140.4122,28.6412
303021.1598,1100302,220,-0.2202,-0.4963,0.7500,23.7863,134.2290,31.2366
303021.1598,1100312,220,-0.2102,-0.4614,0.7556,20.7939,130.6565,32.7023
303021.1598,1100322,220,-0.2419,-0.4429,0.7441,15.0076,129.5878,32.8244
303021.1598,1100332,220,-0.2427,-0.4519,0.7385,5.9695,126.5649,32.4733
303021.1598,1100342,220,-0.2263,-0.4746,0.7258,-3.1756,123.2214,32.1985
303021.2789,1100352,221,-0.2024,-0.5083,0.7139,-10.4427,120.4122,32.4122
303021.2789,1100362,221,-0.1885,-0.5281,0.7114,-14.9924,119.4962,32.7939
303021.2789,1100372,221,-0.1853,-0.5242,0.6887,-18.6107,120.5496,34.5191
303021.2789,1100382,221,-0.1853,-0.5076,0.6501,-22.8244,122.5954,37.1908
303021.2789,1100392,221,-0.1782,-0.4763,0.6138,-27.0382,123.6336,38.1832
303021.2789,1100402,221,-0.1731,-0.4502,0.5476,-34.1221,121.3893,38.0458
303021.2789,1100412,221,-0.1824,-0.4297,0.4734,-44.5802,118.8550,37.7557
303021.2789,1100422,221,-0.1711,-0.4341,0.3965,-56.8244,115.0229,37.0687
303021.2789,1100432,221,-0.1406,-0.4727,0.3210,-68.3511,112.8092,36.1069
303021.2789,1100442,221,-0.1614,-0.5610,0.2070,-78.7634,113.3282,36.7786
303021.4003,1100452,222,-0.1914,-0.6445,0.1199,-83.4046,109.2366,41.4656
303021.4003,1100462,222,-0.1753,-0.6692,0.0986,-81.4504,97.0534,50.5802
303021.4003,1100472,222,-0.1250,-0.6338,0.1155,-76.7328,85.0840,62.2443
303021.4003,1100482,222,-0.0872,-0.5547,0.1365,-73.0687,78.7176,73.4504
303021.4003,1100492,222,-0.1245,-0.5288,0.0686,-73.3282,75.3893,81.7557
303021.4003,1100502,222,-0.2080,-0.5286,-0.0183,-74.0458,73.2824,88.5802
303021.4003,1100512,222,-0.2317,-0.5002,-0.0388,-70.9313,64.4275,95.2366
303021.4003,1100522,222,-0.2104,-0.4395,-0.0076,-66.3969,50.4580,101.9084
303021.4003,1100532,222,-0.1807,-0.3552,0.0452,-63.1145,38.7023,107.5573
303021.4003,1100542,222,-0.1594,-0.3057,0.0649,-63.0382,29.8473,110.6565
303021.4621,1100552,223,-0.1890,-0.3096,0.0403,-64.5954,23.7557,112.9924
303021.4621,1100562,223,-0.1799,-0.2842,0.0452,-62.5802,15.7557,117.2977
303021.4621,1100572,223,-0.1299,-0.2065,0.0994,-58.3359,4.7939,122.2443
303021.4621,1100582,223,-0.0781,-0.1111,0.1536,-57.3435,-3.7557,125.6489
303021.4621,1100592,223,-0.0347,-0.0251,0.1782,-60.0763,-8.1374,127.4046
303021.4621,1100602,223,-0.0125,0.0483,0.1548,-64.4275,-10.6412,126.8855
303021.4621,1100612,223,-0.0464,0.0935,0.0786,-69.5420,-12.9618,124.3359
303021.4621,1100622,223,-0.0820,0.1074,-0.0046,-73.7557,-17.5420,120.7481
303021.4621,1100632,223,-0.1199,0.0859,-0.1016,-74.0763,-26.7939,116.8397
303021.4621,1100642,223,-0.1780,0.0891,-0.1633,-68.4580,-36.3053,114.6107
303021.5803,1100652,224,-0.2058,0.1238,-0.1582,-62.6718,-48.5496,115.1756
303021.5803,1100662,224,-0.2043,0.1641,-0.1016,-59.2214,-63.7405,117.0382
303021.5803,1100672,224,-0.1829,0.2192,-0.0229,-57.1603,-77.6489,116.4580
303021.5803,1100682,224,-0.1379,0.2393,0.0671,-58.3206,-92.5191,111.5878
303021.5803,1100692,224,-0.0449,0.2114,0.1509,-62.0000,-106.3053,104.9313
303021.5803,1100702,224,0.0315,0.2102,0.2937,-63.9695,-116.2901,101.1450
303021.5803,1100712,224,0.0879,0.2905,0.4727,-65.6794,-123.4962,101.6183
303021.5803,1100722,224,0.1594,0.4041,0.6216,-70.8702,-127.8779,103.7863
303021.5803,1100732,224,0.1672,0.4922,0.6963,-81.0687,-124.5649,99.8168
303021.5803,1100742,224,0.0771,0.5044,0.6548,-94.2748,-115.3588,89.7405
303021.7005,1100752,225,-0.0591,0.3699,0.5193,-105.9695,-108.5191,76.1985
303021.7005,1100762,225,-0.1267,0.2302,0.4561,-107.3435,-113.9084,65.8168
303021.7005,1100772,225,-0.0947,0.1550,0.4854,-98.6870,-131.6794,64.5954
303021.7005,1100782,225,0.0186,0.1860,0.6157,-85.1908,-147.0687,66.8092
303021.7005,1100792,225,0.0837,0.3186,0.7668,-72.3511,-155.0687,71.7710
303021.7005,1100802,225,0.1670,0.5322,0.9089,-65.5573,-158.1221,75.8626
303021.7005,1100812,225,0.1943,0.6953,1.0320,-71.4046,-158.3664,71.1908
303021.7005,1100822,225,0.1401,0.6963,0.9788,-89.8168,-153.0534,59.0840
303021.7005,1100832,225,0.0691,0.6028,0.8965,-104.5496,-144.0458,45.1908
303021.7005,1100842,225,0.0256,0.4756,0.8298,-106.8092,-145.6794,32.9313
303021.7588,1100852,226,0.0435,0.4167,0.8459,-99.2824,-156.4580,28.0458
303021.7588,1100862,226,0.0847,0.4988,0.9426,-85.0076,-165.7099,28.3969
303021.7588,1100872,226,0.1025,0.6628,1.0625,-71.8931,-171.5420,29.4351
303021.7588,1100882,226,0.1689,0.8257,1.1802,-66.4733,-174.2290,22.8550
303021.7588,1100892,226,0.1743,0.9250,1.2498,-73.5267,-172.9618,8.0305
303021.7588,1100902,226,0.1448,0.8684,1.2500,-90.6107,-167.5115,-11.4962
303021.7588,1100912,226,0.1030,0.6948,1.2107,-106.9466,-162.0305,-29.4504
303021.7588,1100922,226,0.0935,0.5593,1.2146,-110.0763,-164.6565,-40.4427
303021.7588,1100932,226,0.1750,0.5186,1.3176,-99.7252,-174.2290,-45.8015
303021.7588,1100942,226,0.2405,0.5103,1.4287,-84.4580,-176.4427,-50.3817
303021.8791,1100952,227,0.2803,0.5330,1.5085,-70.4427,-168.7939,-55.2824
303021.8791,1100962,227,0.2700,0.5686,1.5667,-61.8168,-158.8550,-59.3282
303021.8791,1100972,227,0.2324,0.5618,1.5579,-60.6718,-150.8855,-63.4046
303021.8791,1100982,227,0.2148,0.5503,1.5693,-58.3053,-146.5496,-70.0916
303021.8791,1100992,227,0.2039,0.5024,1.5938,-52.7939,-146.7023,-78.6870
303021.8791,1101002,227,0.2139,0.4580,1.6260,-44.7328,-145.4656,-85.2214
303021.8791,1101012,227,0.2439,0.4797,1.6907,-32.2137,-143.0840,-89.0382
303021.8791,1101022,227,0.2883,0.5369,1.7590,-20.3206,-141.5267,-93.2824
303021.8791,1101032,227,0.3335,0.5605,1.8091,-14.7634,-136.5191,-98.9771
303021.8791,1101042,227,0.3721,0.5596,1.8479,-13.4046,-126.1679,-105.7863
303021.9996,1101052,228,0.3796,0.5261,1.8508,-14.5649,-115.2061,-112.9618
303021.9996,1101062,228,0.3921,0.4766,1.8289,-15.6489,-105.6947,-120.7939
303021.9996,1101072,228,0.3679,0.4172,1.7893,-15.0229,-98.4580,-129.5115
303021.9996,1101082,228,0.3296,0.3281,1.7288,-15.0382,-92.7634,-136.4427
303021.9996,1101092,228,0.3225,0.2478,1.7332,-12.3206,-90.3359,-139.6489
303021.9996,1101102,228,0.3552,0.2036,1.7979,-5.4198,-89.5115,-139.4351
303021.9996,1101112,228,0.3733,0.2046,1.8901,2.4733,-86.0611,-137.8779
303021.9996,1101122,228,0.4126,0.2371,1.9763,7.5573,-80.5496,-137.8015
303021.9996,1101132,228,0.4180,0.2581,2.0203,6.6565,-69.4198,-138.7481
303021.9996,1101142,228,0.4126,0.2507,2.0166,1.7863,-55.8015,-140.5038
303022.1177,1101152,229,0.4370,0.2148,1.9939,-1.3435,-44.2595,-145.1603
303022.1177,1101162,229,0.4285,0.1426,1.9583,-2.2137,-33.1908,-151.9847
303022.1177,1101172,229,0.4290,0.0715,1.8992,-0.9466,-23.3130,-156.8550
303022.1177,1101182,229,0.4189,0.0454,1.8801,2.4427,-15.5115,-159.1450
303022.1177,1101192,229,0.4177,0.0376,1.8684,3.3435,-9.3588,-160.1374
303022.1177,1101202,229,0.4424,0.0295,1.8821,0.6565,-2.8397,-162.4580
303022.1177,1101212,229,0.4521,-0.0779,1.8755,-14.0763,20.3969,-166.1679
303022.1177,1101222,229,0.4612,-0.1445,1.8540,-19.4809,29.9237,-167.4504
303022.1177,1101232,229,0.4612,-0.2273,1.8274,-23.9084,36.7023,-168.2748
303022.1177,1101242,229,0.4851,-0.3232,1.7915,-26.6870,43.3588,-167.9695
303022.1802,1101252,230,0.4941,-0.4077,1.7378,-25.8015,51.3282,-165.8779
303022.1802,1101262,230,0.4678,-0.5034,1.6638,-21.9389,58.7481,-162.5038
303022.1802,1101272,230,0.4263,-0.5874,1.6299,-15.9542,63.7252,-156.0458
303022.1802,1101282,230,0.4189,-0.5833,1.6340,-6.7786,67.3893,-144.1832
303022.1802,1101292,230,0.4219,-0.5125,1.6648,1.3282,70.1374,-133.1908
303022.1802,1101302,230,0.4292,-0.4426,1.6917,3.7099,73.7557,-126.2443
303022.1802,1101312,230,0.4561,-0.4136,1.6868,-0.8092,79.0840,-122.3817
303022.1802,1101322,230,0.4775,-0.4897,1.6331,-9.6947,88.1069,-121.9084
303022.1802,1101332,230,0.4414,-0.5569,1.5645,-16.1832,100.8855,-119.0534
303022.1802,1101342,230,0.4116,-0.6252,1.4966,-17.2519,111.2824,-110.7176
303022.2993,1101352,231,0.3652,-0.6677,1.4360,-13.8626,119.0992,-102.0763
303022.2993,1101362,231,0.3435,-0.6880,1.4011,-8.5496,122.5496,-91.6947
303022.2993,1101372,231,0.3350,-0.6760,1.3782,-2.9771,124.7939,-80.6718
303022.2993,1101382,231,0.2935,-0.6299,1.3645,1.4504,128.5954,-69.8168
303022.2993,1101392,231,0.2856,-0.5686,1.3508,2.5954,131.6947,-59.5725
303022.2993,1101402,231,0.2451,-0.4675,1.3604,1.4962,134.7634,-51.8168
303022.2993,1101412,231,0.2393,-0.4185,1.3213,-3.5420,135.9237,-47.2214
303022.2993,1101422,231,0.1995,-0.4319,1.2659,-9.8626,138.4275,-47.7252
303022.2993,1101432,231,0.1880,-0.4543,1.2046,-14.8702,139.3130,-46.4122
303022.2993,1101442,231,0.1968,-0.5107,1.1426,-18.8397,138.0916,-44.5649
303022.3588,1101452,232,0.1819,-0.5400,1.1028,-20.4885,139.0534,-41.1908
303022.3588,1101462,232,0.1797,-0.5730,1.0671,-21.1145,140.2901,-34.3206
303022.3588,1101472,232,0.1550,-0.5745,1.0371,-18.9924,140.7023,-27.8321
303022.3588,1101482,232,0.1416,-0.5635,1.0078,-19.0534,139.5115,-19.8779
303022.3588,1101492,232,0.1282,-0.5452,0.9878,-20.5191,139.6794,-12.4885
303022.3588,1101502,232,0.1099,-0.5288,0.9597,-21.4198,140.0458,-6.5649
303022.3588,1101512,232,0.0981,-0.5273,0.9353,-23.1756,138.4275,-2.0000
303022.3588,1101522,232,0.0745,-0.5125,0.9172,-24.4427,136.9008,2.9466
303022.3588,1101532,232,0.0664,-0.5005,0.8899,-25.0382,135.4504,8.7176
303022.3588,1101542,232,0.0286,-0.4902,0.8638,-24.3969,135.1450,13.4198
303022.4794,1101552,233,0.0044,-0.4575,0.8333,-22.4733,134.8855,19.5115
303022.4794,1101562,233,-0.0405,-0.4006,0.8069,-20.1374,134.7786,25.0840
303022.4794,1101572,233,-0.0664,-0.3557,0.7798,-20.9771,133.4198,28.6412
303022.4794,1101582,233,-0.1047,-0.3164,0.7512,-24.3664,131.2366,30.8397
303022.4794,1101592,233,-0.1272,-0.3101,0.7124,-28.4427,127.9084,32.9618
303022.4794,1101602,233,-0.1807,-0.3093,0.6921,-31.0992,124.2595,33.7405
303022.4794,1101612,233,-0.2158,-0.3123,0.6558,-33.2824,120.5496,35.6794
303022.4794,1101622,233,-0.2852,-0.3276,0.6033,-33.6489,118.2443,37.8168
303022.4794,1101632,233,-0.3362,-0.3054,0.5715,-32.1832,113.8168,40.4580
303022.4794,1101642,233,-0.3083,-0.2832,0.5901,-30.9771,104.2137,44.3053
303022.6009,1101652,234,-0.2273,-0.2517,0.6572,-28.7023,94.4885,44.4275
303022.6009,1101662,234,-0.1890,-0.2292,0.7114,-27.5420,90.3817,43.0534
303022.6009,1101672,234,-0.2124,-0.2244,0.6970,-30.9008,91.3740,42.7023
303022.6009,1101682,234,-0.2759,-0.2542,0.6328,-37.3740,93.3282,41.9542
303022.6009,1101692,234,-0.2847,-0.2788,0.5835,-42.6107,90.1679,42.3969
303022.6009,1101702,234,-0.2461,-0.2908,0.5664,-46.2595,83.2061,44.2748
303022.6009,1101712,234,-0.2126,-0.3022,0.5459,-49.3893,78.6412,46.9008
303022.6009,1101722,234,-0.2183,-0.2949,0.5234,-50.9466,75.9389,50.3511
303022.6009,1101732,234,-0.2327,-0.3037,0.4717,-53.0992,73.6641,54.5344
303022.6009,1101742,234,-0.2322,-0.3040,0.4229,-52.9313,72.2595,58.2595
303022.6597,1101752,235,-0.2249,-0.2725,0.4097,-50.0611,68.5649,63.0229
303022.6597,1101762,235,-0.2278,-0.2332,0.3901,-47.0229,66.2137,68.1527
303022.6597,1101772,235,-0.2571,-0.1682,0.3718,-42.9160,65.3893,70.7634
303022.6597,1101782,235,-0.2854,-0.1299,0.3313,-42.5496,62.3206,71.8321
303022.6597,1101792,235,-0.3096,-0.1047,0.2903,-44.6870,59.0229,72.0305
303022.6597,1101802,235,-0.3491,-0.1313,0.2366,-48.8244,53.0534,71.8779
303022.6597,1101812,235,-0.3875,-0.1968,0.1711,-49.9389,46.3969,72.6412
303022.6597,1101822,235,-0.4045,-0.2151,0.1685,-43.4351,36.7939,75.2672
303022.6597,1101832,235,-0.3611,-0.1880,0.2190,-35.9084,23.5725,79.6641
303022.6597,1101842,235,-0.3279,-0.1421,0.2742,-30.9618,14.4275,84.6107
303022.7797,1101852,236,-0.3247,-0.0955,0.2996,-27.9389,9.6641,88.6870
303022.7797,1101862,236,-0.3352,-0.0530,0.3340,-26.3206,5.7252,91.2977
303022.7797,1101872,236,-0.3403,-0.0178,0.3608,-25.2672,1.9847,94.4885
303022.7797,1101882,236,-0.3574,0.0247,0.3916,-22.8702,-1.2366,97.3893
303022.7797,1101892,236,-0.3765,0.1003,0.4211,-19.3130,-4.8550,99.2824
303022.7797,1101902,236,-0.3765,0.1921,0.4490,-18.1832,-8.0153,99.3435
303022.7797,1101912,236,-0.4087,0.2549,0.4553,-20.3206,-8.6870,94.9160
303022.7797,1101922,236,-0.4519,0.2896,0.4517,-24.9618,-9.4198,88.3969
303022.7797,1101932,236,-0.4675,0.2920,0.4492,-31.9847,-14.1069,82.0916
303022.7797,1101942,236,-0.4736,0.2620,0.4490,-39.0076,-20.5191,76.4733
303022.8984,1101952,237,-0.4937,0.2004,0.4407,-42.9313,-26.1221,72.2137
303022.8984,1101962,237,-0.5032,0.1614,0.4500,-41.3588,-31.2672,70.5496
303022.8984,1101972,237,-0.5181,0.1296,0.4744,-37.3740,-38.3206,71.4198
303022.8984,1101982,237,-0.5186,0.1128,0.5205,-29.5878,-44.7176,74.6260
303022.8984,1101992,237,-0.5100,0.1643,0.5989,-16.1985,-49.3130,78.4122
303022.8984,1102002,237,-0.5093,0.2444,0.6897,-4.0458,-51.6031,81.9389
303022.8984,1102012,237,-0.5176,0.3606,0.7727,4.1832,-50.5954,85.5267
303022.8984,1102022,237,-0.5273,0.4661,0.8630,5.9389,-50.4427,86.8855
303022.8984,1102032,237,-0.5483,0.5771,0.9451,3.1603,-50.3206,86.5191
303022.8984,1102042,237,-0.5828,0.6843,0.9949,-2.1527,-47.6641,82.1832
303022.9600,1102052,238,-0.6162,0.7351,1.0288,-10.1069,-42.5496,72.3664
303022.9600,1102062,238,-0.6475,0.7246,1.0403,-18.4885,-36.9008,58.3359
303022.9600,1102072,238,-0.6699,0.6782,1.0303,-25.4046,-32.5344,45.0382
303022.9600,1102082,238,-0.6882,0.6179,1.0156,-30.3359,-30.4580,35.8626
303022.9600,1102092,238,-0.6809,0.5671,1.0146,-31.5725,-30.1221,29.3588
303022.9600,1102102,238,-0.6543,0.5256,1.0234,-29.6336,-30.3359,24.1374
303022.9600,1102112,238,-0.6416,0.5032,1.0288,-25.8779,-28.4122,20.0000
303022.9600,1102122,238,-0.6379,0.4951,1.0173,-22.7481,-24.2595,17.1603
303022.9600,1102132,238,-0.6350,0.4927,1.0083,-20.8092,-21.5573,14.6412
303022.9600,1102142,238,-0.6362,0.4834,1.0205,-19.0382,-19.2824,11.9695
303023.0792,1102152,239,-0.6350,0.4841,1.0308,-16.9924,-16.4580,8.5038
303023.0792,1102162,239,-0.6355,0.4648,1.0244,-17.4656,-14.0916,4.7023
303023.0792,1102172,239,-0.6353,0.4343,1.0090,-18.3969,-11.4504,1.1908
303023.0792,1102182,239,-0.6301,0.4060,0.9932,-18.7176,-9.6641,-1.9695
303023.0792,1102192,239,-0.6130,0.3740,0.9761,-19.4351,-9.3893,-4.7481
303023.0792,1102202,239,-0.5962,0.3298,0.9514,-20.6565,-8.8550,-7.1908
303023.0792,1102212,239,-0.5764,0.2876,0.9307,-20.0000,-7.6641,-9.2519
303023.0792,1102222,239,-0.5686,0.2507,0.9077,-18.2443,-6.2595,-10.6565
303023.0792,1102232,239,-0.5686,0.2112,0.8787,-16.7481,-5.6336,-10.6565
303023.0792,1102242,239,-0.5540,0.1931,0.8721,-14.0305,-5.6031,-9.2519
303023.1995,1102252,240,-0.5459,0.1946,0.8682,-10.4427,-4.6565,-7.6641
303023.1995,1102262,240,-0.5398,0.1953,0.8569,-8.2443,-4.1069,-6.5802
303023.1995,1102272,240,-0.5339,0.1877,0.8386,-7.7405,-3.7710,-6.1221
303023.1995,1102282,240,-0.5227,0.1738,0.8167,-8.3511,-4.0153,-5.9389
303023.1995,1102292,240,-0.5146,0.1626,0.8008,-8.8855,-4.6565,-5.7252
303023.1995,1102302,240,-0.5205,0.1326,0.7585,-9.6489,-5.6336,-5.0229
303023.1995,1102312,240,-0.5176,0.1094,0.7336,-8.2137,-6.5038,-3.4198
303023.1995,1102322,240,-0.5125,0.1243,0.7222,-3.0534,-7.4351,-1.3893
303023.1995,1102332,240,-0.5115,0.1616,0.7056,1.2061,-8.0305,0.2290
303023.1995,1102342,240,-0.5073,0.1919,0.6882,1.3893,-9.4809,0.7481
303023.2617,1102352,241,-0.4934,0.2104,0.6689,-1.1908,-12.5191,-0.5038
303023.2617,1102362,241,-0.4644,0.1924,0.6626,-6.3206,-15.8931,-2.2290
303023.2617,1102372,241,-0.4321,0.1719,0.6477,-12.8702,-18.5954,-3.2824
303023.2617,1102382,241,-0.4060,0.1384,0.6255,-20.0611,-21.3740,-3.6183
303023.2617,1102392,241,-0.3997,0.0723,0.5684,-27.0382,-24.1527,-3.8473
303023.2617,1102402,241,-0.4070,0.0120,0.5261,-29.2672,-25.6641,-1.9542
303023.2617,1102412,241,-0.3931,-0.0149,0.4922,-26.7328,-30.4427,1.8168
303023.2617,1102422,241,-0.3628,-0.0103,0.4771,-25.8015,-37.6183,7.2977
303023.2617,1102432,241,-0.3149,0.0286,0.4712,-28.5649,-45.4962,14.1221
303023.2617,1102442,241,-0.2686,0.0771,0.4888,-37.7405,-55.0992,21.5878
303023.3815,1102452,242,-0.2200,0.1521,0.4932,-57.4046,-68.0000,29.8626
303023.3815,1102462,242,-0.1943,0.2209,0.4709,-88.6718,-82.5649,39.9389
303023.3815,1102472,242,-0.2144,0.2668,0.3958,-126.4427,-96.8702,46.2443
303023.3815,1102482,242,-0.3042,0.1653,0.2876,-164.5038,-110.5038,46.9924
303023.3815,1102492,242,-0.3010,-0.0559,0.1685,-184.0916,-132.3053,44.0458
303023.3815,1102502,242,-0.2356,-0.2344,0.1350,-166.8092,-153.8321,40.3359
303023.3815,1102512,242,-0.1548,-0.2407,0.1758,-125.4656,-170.3511,38.8092
303023.3815,1102522,242,-0.0991,-0.1714,0.2500,-87.7557,-186.3359,40.3206
303023.3815,1102532,242,-0.0303,-0.0891,0.3345,-64.5954,-201.2977,39.7405
303023.3815,1102542,242,0.0210,-0.0146,0.4268,-55.6336,-211.3435,38.1374
303023.5001,1102552,243,0.0640,0.0632,0.5020,-59.7710,-221.3588,36.6565
303023.5001,1102562,243,0.0889,0.1040,0.5515,-75.1298,-231.4198,31.9695
303023.5001,1102572,243,0.1021,0.1040,0.5693,-96.3817,-240.3969,22.8092
303023.5001,1102582,243,0.1145,0.0430,0.5637,-119.6336,-251.3130,11.5420
303023.5001,1102592,243,0.1685,-0.0476,0.5378,-137.7099,-264.4885,0.3817
303023.5001,1102602,243,0.2373,-0.1829,0.5115,-148.0305,-278.5038,-10.9466
303023.5001,1102612,243,0.3506,-0.3562,0.5132,-146.2137,-292.9618,-19.8321
303023.5001,1102622,243,0.5461,-0.5334,0.5557,-124.4427,-299.5115,-22.3969
303023.5001,1102632,243,0.6880,-0.5623,0.6626,-78.1527,-285.7405,-21.7405
303023.5001,1102642,243,0.7285,-0.4407,0.7737,-32.2290,-260.4122,-15.8015
303023.5596,1102652,244,0.7087,-0.2957,0.8694,-10.8397,-235.0382,-5.2061
303023.5596,1102662,244,0.6746,-0.2000,0.9114,-18.4275,-209.3282,2.3511
303023.5596,1102672,244,0.6553,-0.1704,0.8716,-47.8473,-184.9618,3.8931
303023.5596,1102682,244,0.5796,-0.2180,0.8220,-84.3206,-163.0534,2.1679
303023.5596,1102692,244,0.5063,-0.2854,0.7456,-112.2443,-153.2672,1.1298
303023.5596,1102702,244,0.5188,-0.3579,0.6853,-127.1450,-158.8244,-2.6565
303023.5596,1102712,244,0.5520,-0.4683,0.6577,-132.3664,-169.8015,-7.9847
303023.5596,1102722,244,0.5857,-0.5798,0.6553,-129.7710,-181.9542,-12.4427
303023.5596,1102732,244,0.6526,-0.6167,0.6875,-115.8015,-194.2290,-16.7786
303023.5596,1102742,244,0.7197,-0.6079,0.7336,-98.8855,-207.6641,-18.1221
303023.6797,1102752,245,0.7810,-0.6006,0.7910,-85.3435,-221.9847,-17.0687
303023.6797,1102762,245,0.8701,-0.5786,0.8372,-74.2748,-235.4809,-14.6412
303023.6797,1102772,245,0.9705,-0.5459,0.8635,-69.1450,-243.5420,-8.3511
303023.6797,1102782,245,0.9988,-0.4753,0.8745,-72.3664,-242.7481,0.2901
303023.6797,1102792,245,1.0261,-0.4634,0.8557,-88.3359,-240.0916,7.8321
303023.6797,1102802,245,1.0613,-0.4812,0.8091,-110.9008,-230.7176,10.0611
303023.6797,1102812,245,1.0198,-0.5386,0.7661,-134.3053,-213.0382,10.7939
303023.6797,1102822,245,0.9558,-0.5962,0.7236,-152.9924,-198.3359,11.8321
303023.6797,1102832,245,1.0022,-0.6594,0.6821,-163.2519,-196.7481,10.2748
303023.6797,1102842,245,1.0762,-0.7266,0.6594,-165.2977,-199.2366,8.4427
303023.7986,1102852,246,1.1467,-0.7820,0.6514,-159.4504,-199.0076,2.9924
303023.7986,1102862,246,1.2170,-0.8103,0.6609,-148.8397,-193.4504,-3.4198
303023.7986,1102872,246,1.2476,-0.8220,0.6650,-139.1908,-179.4504,-9.2061
303023.7986,1102882,246,1.2290,-0.8271,0.6438,-133.1298,-159.7099,-16.3511
303023.7986,1102892,246,1.1411,-0.8354,0.6025,-130.5802,-138.9466,-24.7786
303023.7986,1102902,246,1.0393,-0.8506,0.5525,-129.6794,-123.5878,-29.7099
303023.7986,1102912,246,1.0103,-0.8396,0.5127,-127.0992,-119.2214,-30.4427
303023.7986,1102922,246,1.0166,-0.7986,0.4900,-122.5038,-121.9847,-28.5802
303023.7986,1102932,246,1.0447,-0.7405,0.4790,-119.0840,-127.3893,-27.4504
303023.7986,1102942,246,1.1060,-0.7246,0.4897,-119.2214,-131.6641,-28.7939
303023.8621,1102952,247,1.1716,-0.7373,0.4958,-119.2672,-130.4885,-30.8855
303023.8621,1102962,247,1.2336,-0.7651,0.5076,-116.4580,-125.1756,-33.8626
303023.8621,1102972,247,1.2900,-0.7710,0.5303,-111.1756,-114.6260,-39.5878
303023.8621,1102982,247,1.3032,-0.7810,0.5376,-106.0458,-97.4046,-42.9313
303023.8621,1102992,247,1.2944,-0.7810,0.5146,-101.3282,-77.6641,-44.3206
303023.8621,1103002,247,1.2437,-0.7605,0.4678,-98.0000,-59.7252,-45.7557
303023.8621,1103012,247,1.1782,-0.7437,0.4133,-97.1450,-46.7939,-46.3359
303023.8621,1103022,247,1.1213,-0.7195,0.3655,-97.3282,-39.4198,-45.8779
303023.8621,1103032,247,1.0886,-0.6987,0.3391,-96.4275,-36.3817,-43.9389
303023.8621,1103042,247,1.0872,-0.6509,0.3215,-94.9313,-34.7023,-41.7863
303023.9789,1103052,248,1.0762,-0.5952,0.3169,-96.2137,-31.8321,-39.4962
303023.9789,1103062,248,1.0686,-0.5562,0.2939,-101.8626,-28.7634,-37.8473
303023.9789,1103072,248,1.0754,-0.5293,0.2681,-109.8473,-23.9847,-37.7863
303023.9789,1103082,248,1.0793,-0.5059,0.2361,-118.4427,-16.2290,-37.9695
303023.9789,1103092,248,1.0771,-0.4873,0.1917,-128.2443,-7.8321,-37.4962
303023.9789,1103102,248,1.0657,-0.4653,0.1418,-139.3130,-0.6412,-36.4427
303023.9789,1103112,248,1.0498,-0.4475,0.0911,-151.8168,4.0611,-35.2977
303023.9789,1103122,248,1.0386,-0.4370,0.0413,-164.9008,6.4122,-33.1756
303023.9789,1103132,248,1.0183,-0.4309,-0.0061,-177.2061,7.7557,-30.9313
303023.9789,1103142,248,1.0017,-0.4236,-0.0508,-188.5191,8.7176,-28.9008
303024.1017,1103152,249,0.9863,-0.4207,-0.0962,-198.4733,9.3588,-26.8550
303024.1017,1103162,249,0.9734,-0.4111,-0.1379,-206.7481,9.9084,-25.0992
303024.1017,1103172,249,0.9565,-0.4048,-0.1765,-214.3206,10.5038,-24.3664
303024.1017,1103182,249,0.9465,-0.4158,-0.2129,-220.7328,10.0153,-24.9160
303024.1017,1103192,249,0.9407,-0.4351,-0.2615,-225.2519,9.4046,-26.6718
303024.1017,1103202,249,0.9597,-0.4402,-0.2957,-226.7023,7.0229,-29.5115
303024.1017,1103212,249,0.9573,-0.4617,-0.3320,-225.3893,3.8321,-33.4504
303024.1017,1103222,249,0.9092,-0.5374,-0.3777,-225.0840,6.9618,-38.4733
303024.1017,1103232,249,0.8835,-0.6025,-0.4124,-216.8092,9.1298,-43.6947
303024.1017,1103242,249,0.8623,-0.6492,-0.4314,-200.3511,5.9847,-48.7786
303024.1610,1103252,250,0.8599,-0.6853,-0.4368,-179.2977,-1.6336,-52.8092
303024.1610,1103262,250,0.8787,-0.7112,-0.4272,-155.1756,-12.0916,-55.7557
303024.1610,1103272,250,0.9065,-0.7251,-0.4045,-129.4656,-21.8015,-58.2595
303024.1610,1103282,250,0.9304,-0.7173,-0.3708,-102.2290,-29.1298,-60.0153
303024.1610,1103292,250,0.9448,-0.7061,-0.3381,-76.5649,-34.1221,-60.2901
303024.1610,1103302,250,0.9617,-0.6814,-0.3057,-53.8168,-36.4580,-59.0992
303024.1610,1103312,250,0.9795,-0.6428,-0.2664,-33.8473,-37.0840,-56.5191
303024.1610,1103322,250,0.9993,-0.6030,-0.2346,-17.8931,-37.4656,-52.0000
303024.1610,1103332,250,1.0327,-0.5525,-0.2104,-5.7099,-36.9160,-46.7481
303024.1610,1103342,250,1.0605,-0.4927,-0.1902,2.5649,-33.9237,-40.0305
303024.3385,1103352,251,1.0872,-0.4395,-0.1765,5.3740,-29.1145,-33.3893
303024.3385,1103362,251,1.1147,-0.4109,-0.1804,3.0534,-22.5802,-28.3969
303024.3385,1103372,251,1.1309,-0.4075,-0.2014,-2.1832,-14.3206,-24.8855
303024.3385,1103382,251,1.1282,-0.3982,-0.2163,-7.7710,-5.6641,-21.5420
303024.3385,1103392,251,1.1128,-0.4028,-0.2385,-12.7634,1.2824,-19.5115
303024.3385,1103402,251,1.0852,-0.4226,-0.2595,-16.8550,6.6718,-18.3206
303024.3385,1103412,251,1.0527,-0.4475,-0.2788,-19.6489,9.0534,-16.2748
303024.3385,1103422,251,1.0349,-0.4692,-0.2842,-20.9618,8.0916,-12.7481
303024.3385,1103432,251,1.0239,-0.4751,-0.2783,-21.0992,5.4351,-7.8473
303024.3385,1103442,251,1.0200,-0.4697,-0.2725,-21.6794,3.0687,-1.9695
303024.3405,1103452,252,1.0156,-0.4578,-0.2686,-22.8550,2.6718,4.5954
303024.3405,1103462,252,1.0085,-0.4385,-0.2693,-23.9847,3.6947,9.7405
303024.3405,1103472,252,0.9897,-0.4290,-0.2810,-25.4962,5.2824,14.5191
303024.3405,1103482,252,0.9778,-0.4189,-0.2939,-25.5267,5.7557,18.3206
303024.3405,1103492,252,0.9673,-0.4041,-0.3015,-23.5115,5.7557,20.9924
303024.3405,1103502,252,0.9587,-0.3958,-0.3110,-20.3969,5.1145,22.7481
303024.3405,1103512,252,0.9480,-0.3821,-0.3196,-15.6641,4.0000,23.2061
303024.3405,1103522,252,0.9404,-0.3647,-0.3193,-9.9389,2.7939,22.5649
303024.3405,1103532,252,0.9331,-0.3533,-0.3176,-3.9695,1.4198,20.9160
303024.3405,1103542,252,0.9224,-0.3286,-0.3137,1.9084,0.2137,18.7634
303024.4597,1103552,253,0.9126,-0.3103,-0.3008,7.0992,-1.2672,16.0305
303024.4597,1103562,253,0.9106,-0.2905,-0.2842,11.7863,-2.9618,13.3893
303024.4597,1103572,253,0.9172,-0.2710,-0.2620,14.5344,-4.7786,11.1603
303024.4597,1103582,253,0.9233,-0.2561,-0.2478,14.4580,-6.1069,9.9084
303024.4597,1103592,253,0.9338,-0.2583,-0.2378,11.3588,-5.9084,9.1450
303024.4597,1103602,253,0.9299,-0.2664,-0.2300,7.2061,-4.3969,8.9313
303024.4597,1103612,253,0.9292,-0.2773,-0.2378,3.8168,-2.4885,9.1756
303024.4597,1103622,253,0.9214,-0.2905,-0.2468,1.3893,-1.0687,9.8015
303024.4597,1103632,253,0.9204,-0.3027,-0.2539,0.6718,-0.3664,10.4122
303024.4597,1103642,253,0.9175,-0.3066,-0.2634,1.4962,0.0000,10.6107
303024.5797,1103652,254,0.9172,-0.3071,-0.2800,3.4046,0.4885,10.2137
303024.5797,1103662,254,0.9165,-0.3064,-0.2930,6.2137,0.8397,9.2672
303024.5797,1103672,254,0.9163,-0.3081,-0.3076,9.7557,1.1298,7.9389
303024.5797,1103682,254,0.9141,-0.3088,-0.3230,14.1832,1.1756,6.5038
303024.5797,1103692,254,0.9146,-0.3103,-0.3333,19.1908,0.4580,5.0382
303024.5797,1103702,254,0.9241,-0.3083,-0.3376,24.3817,-1.0992,3.3282
303024.5797,1103712,254,0.9319,-0.3054,-0.3408,29.1145,-3.4656,1.9695
303024.5797,1103722,254,0.9434,-0.3005,-0.3357,33.0076,-6.0916,1.1756
303024.5797,1103732,254,0.9529,-0.2917,-0.3293,36.1527,-7.8779,0.7634
303024.5797,1103742,254,0.9626,-0.2786,-0.3191,39.0229,-9.1756,1.0534
303024.6985,1103752,255,0.9839,-0.2456,-0.2822,41.0534,-12.3969,2.9618
303024.6985,1103762,255,0.9946,-0.2004,-0.2380,40.7634,-15.8168,5.8321
303024.6985,1103772,255,1.0090,-0.1711,-0.2073,37.1145,-18.7939,8.5649
303024.6985,1103782,255,1.0276,-0.1599,-0.1943,30.6870,-17.8168,9.2672
303024.6985,1103792,255,1.0291,-0.1550,-0.1978,24.2748,-11.9389,9.1298
303024.6985,1103802,255,1.0042,-0.1567,-0.1995,19.5878,-5.4351,8.7634
303024.6985,1103812,255,0.9788,-0.1497,-0.2129,17.4809,-1.6794,7.6794
303024.6985,1103822,255,0.9646,-0.1438,-0.2219,16.6870,-0.0916,5.8931
303024.6985,1103832,255,0.9570,-0.1367,-0.2371,15.7863,0.6718,3.5725
303024.6985,1103842,255,0.9473,-0.1394,-0.2454,13.5267,1.7863,1.3588
303024.7601,1103852,0,0.9419,-0.1492,-0.2681,10.7023,2.9313,-1.4351
303024.7601,1103862,0,0.9380,-0.1646,-0.2786,8.3664,3.9542,-4.0916
303024.7601,1103872,0,0.9285,-0.1797,-0.2937,6.1832,4.2901,-6.1221
303024.7601,1103882,0,0.9248,-0.2031,-0.3010,3.7710,2.6107,-7.1756
303024.7601,1103892,0,0.9321,-0.2192,-0.3040,1.5420,0.2901,-7.5878
303024.7601,1103902,0,0.9404,-0.2361,-0.2942,-0.7328,-1.9389,-7.2824
303024.7601,1103912,0,0.9504,-0.2463,-0.2920,-2.9771,-3.2214,-6.4580
303024.7601,1103922,0,0.9490,-0.2568,-0.2830,-5.0687,-3.4656,-5.6641
303024.7601,1103932,0,0.9546,-0.2615,-0.2827,-6.8244,-3.3282,-4.8702
303024.7601,1103942,0,0.9573,-0.2734,-0.2883,-8.7634,-2.7786,-4.1679
303024.8812,1103952,1,0.9570,-0.2896,-0.2915,-10.4885,-1.8321,-3.3435
303024.8812,1103962,1,0.9526,-0.2969,-0.3003,-11.3435,-1.2214,-2.0763
303024.8812,1103972,1,0.9490,-0.2966,-0.3042,-11.6641,-1.1603,-0.5802
303024.8812,1103982,1,0.9421,-0.3013,-0.3091,-11.6031,-1.0229,0.5496
303024.8812,1103992,1,0.9336,-0.3047,-0.3130,-11.1298,-1.0687,1.1603
303024.8812,1104002,1,0.9297,-0.3159,-0.3191,-10.4122,-1.7557,0.9160
303024.8812,1104012,1,0.9360,-0.3403,-0.3250,-9.4656,-3.0687,-0.3053
303024.8812,1104022,1,0.9368,-0.3557,-0.3198,-7.6336,-3.8168,-2.0305
303024.8812,1104032,1,0.9365,-0.3547,-0.3076,-6.9160,-5.0076,-3.1145
303024.8812,1104042,1,0.9668,-0.3799,-0.3076,-10.2443,-8.0305,-2.6870
303025.0569,1104052,2,0.9900,-0.4246,-0.3142,-15.8321,-9.8015,-0.4275
303025.0569,1104062,2,0.9905,-0.4470,-0.3213,-17.9847,-9.6031,4.0611
303025.0569,1104072,2,0.9858,-0.4404,-0.3140,-16.0458,-10.2595,9.5878
303025.0569,1104082,2,0.9863,-0.4202,-0.3042,-11.9084,-11.8473,13.7710
303025.0569,1104092,2,0.9897,-0.4019,-0.2913,-5.7405,-12.4122,15.6183
303025.0569,1104102,2,0.9790,-0.3679,-0.2720,1.8321,-11.2366,15.8168
303025.0569,1104112,2,0.9702,-0.3323,-0.2581,8.8244,-8.9771,14.5802
303025.0569,1104122,2,0.9578,-0.3000,-0.2534,14.6107,-6.4427,11.8626
303025.0569,1104132,2,0.9468,-0.2808,-0.2419,18.7939,-4.2290,8.6107
303025.0569,1104142,2,0.9443,-0.2600,-0.2422,21.4656,-2.7786,5.5573
303025.0593,1104152,3,0.9368,-0.2502,-0.2361,22.0611,-1.5878,3.3740
303025.0593,1104162,3,0.9292,-0.2283,-0.2334,21.3893,-0.8855,2.1679
303025.0593,1104172,3,0.9309,-0.2227,-0.2302,18.7634,-0.4122,1.4046
303025.0593,1104182,3,0.9314,-0.2227,-0.2356,15.3893,0.3664,1.0840
303025.0593,1104192,3,0.9316,-0.2227,-0.2402,12.5496,1.4351,1.1908
303025.0593,1104202,3,0.9248,-0.2161,-0.2488,10.2137,2.1985,1.2977
303025.0593,1104212,3,0.9233,-0.2117,-0.2629,7.6794,2.7786,1.0076
303025.0593,1104222,3,0.9238,-0.2200,-0.2759,4.9924,3.2366,0.3817
303025.0593,1104232,3,0.9167,-0.2292,-0.2908,2.3664,3.7557,-0.5038
303025.0593,1104242,3,0.9109,-0.2466,-0.2981,0.7786,3.8931,-1.6031
303025.1808,1104252,4,0.9128,-0.2568,-0.3162,0.4733,2.6870,-2.4733
303025.1808,1104262,4,0.9187,-0.2632,-0.3198,0.7481,0.6565,-3.4198
303025.1808,1104272,4,0.9341,-0.2827,-0.3203,0.0000,-1.5420,-4.0916
303025.1808,1104282,4,0.9431,-0.2954,-0.3250,-1.5115,-2.3664,-4.2901
303025.1808,1104292,4,0.9426,-0.2927,-0.3201,-4.0000,-2.6260,-3.8626
303025.1808,1104302,4,0.9517,-0.3035,-0.3159,-8.3511,-4.2290,-2.8397
303025.1808,1104312,4,0.9561,-0.3311,-0.3208,-14.3969,-6.4885,0.0000
303025.1808,1104322,4,0.9583,-0.3381,-0.3179,-19.2824,-8.3511,4.6565
303025.1808,1104332,4,0.9541,-0.3318,-0.3147,-22.9466,-10.1985,9.9084
303025.1808,1104342,4,0.9563,-0.3081,-0.2878,-27.2824,-12.1069,14.9618
303025.3000,1104352,5,0.9551,-0.2937,-0.2852,-33.7252,-13.9695,20.0305
303025.3000,1104362,5,0.9478,-0.2847,-0.2817,-40.5649,-14.9466,23.4351
303025.3000,1104372,5,0.9353,-0.2825,-0.2864,-46.0916,-13.7557,25.3130
303025.3000,1104382,5,0.9163,-0.2949,-0.2852,-52.0763,-13.2214,27.0229
303025.3000,1104392,5,0.9119,-0.3181,-0.2864,-57.3740,-14.9924,28.0458
303025.3000,1104402,5,0.9136,-0.3481,-0.2905,-60.3511,-17.0687,27.5878
303025.3000,1104412,5,0.9148,-0.3850,-0.2915,-60.4427,-18.1374,25.8015
303025.3000,1104422,5,0.9221,-0.4233,-0.2930,-57.9237,-18.5344,23.7099
303025.3000,1104432,5,0.9297,-0.4583,-0.3020,-53.2977,-17.3893,21.5725
303025.3000,1104442,5,0.9333,-0.4897,-0.3081,-45.7252,-15.0229,19.6947
303025.3596,1104452,6,0.9263,-0.4998,-0.3101,-36.6565,-12.4885,17.7099
303025.3596,1104462,6,0.9165,-0.5054,-0.3130,-28.2901,-10.7634,15.8321
303025.3596,1104472,6,0.9116,-0.5227,-0.3225,-20.6412,-9.8321,14.0305
303025.3596,1104482,6,0.9104,-0.5400,-0.3345,-12.9008,-8.0763,11.9695
303025.3596,1104492,6,0.8994,-0.5562,-0.3398,-4.4275,-5.9695,9.5115
303025.3596,1104502,6,0.8936,-0.5786,-0.3452,5.1756,-4.4733,6.8092
303025.3596,1104512,6,0.9028,-0.6016,-0.3364,15.1603,-3.6489,4.0611
303025.3596,1104522,6,0.9114,-0.6226,-0.3276,25.2977,-2.0611,1.5573
303025.3596,1104532,6,0.9143,-0.6350,-0.3225,34.1221,1.0992,-0.7939
303025.3596,1104542,6,0.9148,-0.6570,-0.3240,39.1145,4.3664,-1.0992
303025.4800,1104552,7,0.9292,-0.6951,-0.3357,39.9084,5.1145,0.9924
303025.4800,1104562,7,0.9495,-0.7380,-0.3291,38.7023,3.7557,5.3740
303025.4800,1104572,7,0.9592,-0.7688,-0.3225,38.9466,1.6031,11.8168
303025.4800,1104582,7,0.9595,-0.8000,-0.3184,41.8168,-0.4733,18.2901
303025.4800,1104592,7,0.9717,-0.8291,-0.3135,46.4885,-1.2366,24.6870
303025.4800,1104602,7,0.9819,-0.8301,-0.3130,55.3130,-1.6336,32.4275
303025.4800,1104612,7,1.0085,-0.8020,-0.2637,66.9008,-1.8015,38.3206
303025.4800,1104622,7,1.0620,-0.7947,-0.2046,81.8779,1.1298,41.5115
303025.4800,1104632,7,1.1006,-0.7390,-0.1670,96.4885,9.6947,43.1298
303025.4800,1104642,7,1.1072,-0.7393,-0.1396,100.3206,19.1145,43.1145
303025.5993,1104652,8,1.1079,-0.7915,-0.1311,97.8321,26.8855,42.7023
303025.5993,1104662,8,1.1294,-0.8401,-0.1221,99.5573,33.3435,41.1603
303025.5993,1104672,8,1.1177,-0.8694,-0.1165,106.5344,40.0611,39.7710
303025.5993,1104682,8,1.0874,-0.8796,-0.1008,116.1221,45.4504,38.4733
303025.5993,1104692,8,1.1104,-0.9148,-0.0703,123.5725,46.4733,40.4733
303025.5993,1104702,8,1.1453,-0.9380,-0.0259,128.9924,46.3206,47.0687
303025.5993,1104712,8,1.1682,-0.9104,0.0276,133.4656,51.9237,57.4198
303025.5993,1104722,8,1.1821,-0.8958,0.0498,133.3282,58.7023,68.0458
303025.5993,1104732,8,1.1682,-0.9016,0.0471,132.1069,66.6107,72.9160
303025.5993,1104742,8,1.1533,-0.9028,0.0515,132.5954,74.0763,74.9466
303025.6597,1104752,9,1.1599,-0.9094,0.0469,136.5496,80.4885,76.5954
303025.6597,1104762,9,1.1526,-0.9053,0.0544,142.1374,87.3893,74.5038
303025.6597,1104772,9,1.1409,-0.9021,0.0730,143.8473,91.7863,73.3740
303025.6597,1104782,9,1.1594,-0.8921,0.0854,139.1908,91.3740,76.5802
303025.6597,1104792,9,1.1741,-0.8633,0.1125,130.4580,90.9466,82.3511
303025.6597,1104802,9,1.1719,-0.8540,0.1396,114.7328,90.6107,90.5038
303025.6597,1104812,9,1.1804,-0.8572,0.1653,94.4427,90.1374,100.3817
303025.6597,1104822,9,1.2134,-0.9058,0.1582,72.7939,91.9237,110.3053
303025.6597,1104832,9,1.2190,-0.9863,0.1345,54.2748,98.8550,119.5725
303025.6597,1104842,9,1.2412,-1.0879,0.1057,45.6794,104.0611,127.9389
303025.7788,1104852,10,1.2627,-1.1428,0.0884,51.0382,109.5267,134.3206
303025.7788,1104862,10,1.2427,-1.1621,0.0791,66.3206,120.2137,137.8321
303025.7788,1104872,10,1.2183,-1.1467,0.0762,85.0534,129.2366,139.0076
303025.7788,1104882,10,1.1794,-1.1167,0.0798,101.0687,133.8626,138.6107
303025.7788,1104892,10,1.1377,-1.0808,0.0991,111.6031,135.2519,140.1527
303025.7788,1104902,10,1.1519,-1.0901,0.1497,115.3435,129.8015,145.2061
303025.7788,1104912,10,1.2043,-1.1143,0.2292,114.6107,121.7405,155.5878
303025.7788,1104922,10,1.3206,-1.1389,0.3030,116.0916,118.4580,170.8702
303025.7788,1104932,10,1.3835,-1.1230,0.3076,124.1069,133.1450,186.9924
303025.7788,1104942,10,1.3691,-1.0596,0.2903,138.3206,170.1527,196.9618
303025.9004,1104952,11,1.2705,-1.0251,0.2119,152.0611,216.5954,200.9313
303025.9004,1104962,11,1.0889,-0.9487,0.1428,170.7176,254.0153,198.9771
303025.9004,1104972,11,0.9304,-0.8579,0.1038,188.3817,268.8855,187.7710
303025.9004,1104982,11,0.8240,-0.8079,0.1118,195.8779,268.6565,174.3359
303025.9004,1104992,11,0.7708,-0.8013,0.1367,195.3435,261.8473,163.8015
303025.9004,1105002,11,0.7156,-0.7981,0.1709,191.5725,256.8397,157.1450
303025.9004,1105012,11,0.6528,-0.7583,0.2122,190.3511,256.4427,155.4656
303025.9004,1105022,11,0.6182,-0.7468,0.2627,189.4198,256.5649,156.1374
303025.9004,1105032,11,0.5850,-0.7515,0.2793,191.9084,261.7252,155.1756
303025.9004,1105042,11,0.5232,-0.7563,0.2830,203.8626,272.0305,149.5573
303026.0178,1105052,12,0.4373,-0.7900,0.2771,223.0229,277.5878,139.2672
303026.0178,1105062,12,0.3491,-0.7529,0.3022,246.8550,274.0916,126.3053
303026.0178,1105072,12,0.2971,-0.6667,0.3687,261.4962,261.5420,117.7405
303026.0178,1105082,12,0.2869,-0.5581,0.4314,264.3359,256.0763,118.0763
303026.0178,1105092,12,0.1606,-0.4485,0.4456,260.4580,259.8931,118.4122
303026.0178,1105102,12,0.0396,-0.3735,0.4670,246.7786,254.8550,117.4656
303026.0178,1105112,12,0.0273,-0.3367,0.4836,227.8473,241.4351,116.7634
303026.0178,1105122,12,-0.0212,-0.2971,0.4971,213.1756,232.7176,113.2824
303026.0178,1105132,12,-0.0349,-0.2749,0.5066,206.6260,224.3206,107.3282
303026.0178,1105142,12,-0.0483,-0.3042,0.4893,209.8779,218.8855,98.5344
303026.0794,1105152,13,-0.0828,-0.2720,0.4851,222.3817,218.7328,88.2137
303026.0794,1105162,13,-0.1450,-0.1765,0.4443,237.0534,220.3511,79.2519
303026.0794,1105172,13,-0.2964,-0.0339,0.3813,242.4275,218.2748,70.8855
303026.0794,1105182,13,-0.3892,0.0737,0.3286,227.0992,200.5344,65.3893
303026.0794,1105192,13,-0.4014,0.0940,0.3032,197.6183,176.4733,61.3893
303026.0794,1105202,13,-0.3484,-0.0024,0.3391,169.3740,158.8702,56.3664
303026.0794,1105212,13,-0.3113,-0.0293,0.3721,158.5954,155.2672,51.5115
303026.0794,1105222,13,-0.3640,-0.0120,0.3455,154.3206,158.1832,50.4885
303026.0794,1105232,13,-0.3933,0.0208,0.3000,147.8931,150.5802,50.9924
303026.0794,1105242,13,-0.4031,0.0879,0.2886,142.9160,135.7099,50.7786
303026.2004,1105252,14,-0.4502,0.1992,0.3147,138.7176,118.7939,48.5191
303026.2004,1105262,14,-0.4827,0.2510,0.3457,125.9847,99.4809,44.6412
303026.2004,1105272,14,-0.5474,0.2466,0.3684,108.4122,84.3664,37.7863
303026.2004,1105282,14,-0.6030,0.2307,0.3782,92.1069,69.4809,30.6107
303026.2004,1105292,14,-0.5676,0.1997,0.3955,80.4427,54.3206,23.6031
303026.2004,1105302,14,-0.5615,0.1604,0.4299,74.1679,44.0458,17.3588
303026.2004,1105312,14,-0.5371,0.1672,0.4744,73.1145,33.6183,13.0382
303026.2004,1105322,14,-0.5288,0.2017,0.5176,72.2290,23.8168,9.3893
303026.2004,1105332,14,-0.5554,0.2400,0.5508,66.8397,15.4962,7.0992
303026.2004,1105342,14,-0.5879,0.2881,0.5771,59.2366,7.4046,2.9771
303026.2600,1105352,15,-0.5903,0.3157,0.6133,47.9389,0.0000,-3.6641
303026.2600,1105362,15,-0.5664,0.2864,0.6497,33.5115,-3.3282,-12.1069
303026.2600,1105372,15,-0.5569,0.2051,0.6631,21.2061,-1.4351,-21.0840
303026.2600,1105382,15,-0.5750,0.1123,0.6521,14.9160,5.9237,-27.1756
303026.2600,1105392,15,-0.5918,0.0337,0.6160,13.1908,11.4656,-28.0763
303026.2600,1105402,15,-0.6235,-0.0107,0.5881,13.8931,13.9847,-24.3206
303026.2600,1105412,15,-0.6230,-0.0195,0.5852,17.0229,12.1374,-18.6412
303026.2600,1105422,15,-0.6267,0.0330,0.6028,21.1908,10.8092,-12.7634
303026.2600,1105432,15,-0.6411,0.0935,0.6091,20.8855,11.5115,-8.7176
303026.2600,1105442,15,-0.6631,0.1228,0.5962,17.1450,14.0916,-8.2595
303026.3798,1105452,16,-0.6968,0.1377,0.5696,12.5496,16.4885,-10.9008
303026.3798,1105462,16,-0.7290,0.0945,0.5186,5.1450,14.8550,-14.3511
303026.3798,1105472,16,-0.7500,0.0269,0.4841,-1.6794,11.0534,-16.3664
303026.3798,1105482,16,-0.7493,-0.0288,0.4824,-4.1069,5.2672,-15.8931
303026.3798,1105492,16,-0.7253,-0.0796,0.4861,-4.0763,1.0687,-13.2977
303026.3798,1105502,16,-0.7224,-0.0898,0.4905,-0.6870,3.3893,-9.6641
303026.3798,1105512,16,-0.7412,-0.0842,0.4636,2.1527,7.3740,-5.5420
303026.3798,1105522,16,-0.7434,-0.0815,0.4502,2.8397,9.4962,-1.5267
303026.3798,1105532,16,-0.7676,-0.0637,0.4431,5.0687,12.1832,0.7328
303026.3798,1105542,16,-0.7983,-0.0571,0.4475,5.2977,12.3206,0.6565
303026.4997,1105552,17,-0.8105,-0.1013,0.4536,0.7634,9.9695,-0.2290
303026.4997,1105562,17,-0.7778,-0.1606,0.4810,-2.5191,7.6183,-0.9924
303026.4997,1105572,17,-0.7268,-0.2278,0.5315,-3.9847,7.1603,-0.8550
303026.4997,1105582,17,-0.6650,-0.2820,0.5959,-6.5496,10.1832,0.7481
303026.4997,1105592,17,-0.6279,-0.3345,0.6221,-13.5420,16.5802,4.0763
303026.4997,1105602,17,-0.6223,-0.3855,0.5979,-24.1527,23.8321,8.4275
303026.4997,1105612,17,-0.6465,-0.4202,0.5266,-35.1298,26.9160,12.7634
303026.4997,1105622,17,-0.6602,-0.4509,0.4380,-45.9237,24.8397,14.8092
303026.4997,1105632,17,-0.6550,-0.4895,0.3660,-57.9084,19.7252,15.4504
303026.4997,1105642,17,-0.6089,-0.5361,0.3088,-69.8015,11.0687,15.7252
303026.5598,1105652,18,-0.5503,-0.6096,0.2603,-81.2519,2.4580,18.1832
303026.5598,1105662,18,-0.4851,-0.6616,0.2383,-89.0687,-6.1221,26.1374
303026.5598,1105672,18,-0.4131,-0.6497,0.2681,-88.6870,-13.6489,40.7634
303026.5598,1105682,18,-0.3674,-0.5344,0.3267,-78.1374,-16.5954,56.1679
303026.5598,1105692,18,-0.3467,-0.3774,0.3354,-70.3359,-18.8244,66.9771
303026.5598,1105702,18,-0.3389,-0.2515,0.3364,-69.3130,-22.1374,72.1069
303026.5598,1105712,18,-0.3242,-0.1545,0.3037,-70.4733,-25.1298,71.3588
303026.5598,1105722,18,-0.3147,-0.0913,0.2490,-74.1221,-28.1221,66.1374
303026.5598,1105732,18,-0.2979,-0.0903,0.1775,-83.0382,-34.7481,60.4885
303026.5598,1105742,18,-0.2769,-0.1394,0.1294,-94.0305,-44.3511,58.1679
303026.6806,1105752,19,-0.2498,-0.1589,0.1343,-97.4809,-57.3282,63.6031
303026.6806,1105762,19,-0.1743,-0.0618,0.1829,-88.5649,-72.7176,71.9237
303026.6806,1105772,19,-0.1248,0.0781,0.2637,-77.2672,-84.0153,77.5725
303026.6806,1105782,19,-0.0645,0.2468,0.3152,-71.8321,-94.6565,80.5344
303026.6806,1105792,19,-0.0383,0.4111,0.3420,-73.3740,-101.2672,79.1603
303026.6806,1105802,19,-0.0479,0.5212,0.3306,-80.1527,-105.8473,68.9771
303026.6806,1105812,19,-0.0740,0.5310,0.2671,-90.5649,-110.4580,52.4427
303026.6806,1105822,19,-0.0989,0.4475,0.1953,-99.7557,-115.8168,34.0916
303026.6806,1105832,19,-0.1360,0.3513,0.1692,-105.2366,-124.6412,21.5725
303026.6806,1105842,19,-0.1174,0.2876,0.2219,-103.0992,-142.0153,19.2824
303026.7998,1105852,20,-0.0186,0.3264,0.4043,-85.8168,-162.4885,20.0916
303026.7998,1105862,20,0.0737,0.4739,0.6299,-63.6183,-175.9847,21.3893
303026.7998,1105872,20,0.1357,0.6516,0.8042,-47.6489,-181.8015,20.6107
303026.7998,1105882,20,0.1423,0.7754,0.8872,-42.8244,-183.4962,10.4580
303026.7998,1105892,20,0.1328,0.9026,0.8552,-49.4504,-184.6565,-5.0534
303026.7998,1105902,20,0.2007,0.8542,0.7544,-73.2824,-176.1985,-28.2137
303026.7998,1105912,20,0.0852,0.6843,0.7151,-105.0229,-151.8015,-49.0229
303026.7998,1105922,20,0.0308,0.4929,0.7393,-125.4046,-145.6336,-58.9466
303026.7998,1105932,20,0.1111,0.4207,0.8210,-118.9008,-157.0687,-62.7634
303026.7998,1105942,20,0.1416,0.4741,0.9451,-99.7405,-166.4122,-64.8550
303026.8599,1105952,21,0.2131,0.5522,1.0798,-85.7252,-174.9008,-70.3206
303026.8599,1105962,21,0.2925,0.5713,1.1492,-82.2137,-175.7863,-79.8168
303026.8599,1105972,21,0.2498,0.5120,1.1677,-86.8702,-166.0611,-91.3893
303026.8599,1105982,21,0.2188,0.3877,1.1436,-94.7939,-160.0763,-101.8626
303026.8599,1105992,21,0.1782,0.2375,1.1360,-94.9924,-159.4198,-107.5115
303026.8599,1106002,21,0.1489,0.1516,1.2209,-81.2824,-166.6412,-107.7252
303026.8599,1106012,21,0.2371,0.1528,1.3701,-59.1145,-181.5267,-102.0611
303026.8599,1106022,21,0.2859,0.2407,1.5393,-36.7939,-188.5038,-95.6336
303026.8599,1106032,21,0.3230,0.3479,1.6943,-22.0763,-189.3282,-92.5649
303026.8599,1106042,21,0.4006,0.4197,1.8169,-15.5420,-187.8779,-93.6947
303026.9851,1106052,22,0.4163,0.4480,1.8875,-15.2977,-174.6565,-99.0687
303026.9851,1106062,22,0.3953,0.4146,1.8955,-17.8779,-159.0076,-107.5267
303026.9851,1106072,22,0.3665,0.3894,1.8748,-18.3817,-149.5267,-116.6412
303026.9851,1106082,22,0.3645,0.3699,1.8635,-18.3206,-145.1450,-125.3130
303026.9851,1106092,22,0.3865,0.3647,1.8818,-18.9160,-143.0382,-133.6183
303026.9851,1106102,22,0.4204,0.3589,1.9001,-22.0305,-140.4122,-142.0153
303026.9851,1106112,22,0.4402,0.3130,1.9062,-27.3130,-134.6107,-151.5115
303026.9851,1106122,22,0.4448,0.2820,1.9277,-30.8855,-126.8092,-161.3740
303026.9851,1106132,22,0.4907,0.2095,1.9507,-33.5725,-120.6718,-170.2595
303026.9851,1106142,22,0.5547,0.1270,1.9878,-34.9160,-109.7099,-179.7710
303027.1601,1106152,23,0.5654,0.0090,2.0127,-38.8092,-89.9847,-186.1832
303027.1601,1106162,23,0.5464,-0.1133,1.9995,-40.2901,-71.4656,-186.8550
303027.1601,1106172,23,0.5190,-0.1755,1.9766,-35.0229,-56.4733,-184.9008
303027.1601,1106182,23,0.4849,-0.2188,1.9692,-27.9389,-43.2366,-182.9466
303027.1601,1106192,23,0.4463,-0.2627,1.9653,-23.1756,-31.7557,-179.4046
303027.1601,1106202,23,0.4326,-0.2998,1.9812,-16.5954,-24.6107,-175.0992
303027.1601,1106212,23,0.4158,-0.3101,2.0173,-7.7405,-17.1145,-171.7099
303027.1601,1106222,23,0.4175,-0.2949,2.0747,-0.7634,-9.8473,-168.2901
303027.1601,1106232,23,0.4438,-0.2864,2.1433,1.4351,-2.6870,-165.5115
303027.1601,1106242,23,0.4424,-0.2686,2.1929,-0.9008,8.9771,-164.6718
303027.1649,1106252,24,0.4675,-0.2566,2.2302,-6.2901,21.4046,-165.9542
303027.1649,1106262,24,0.4995,-0.2861,2.2500,-14.2595,35.4198,-170.3359
303027.1649,1106272,24,0.5371,-0.3665,2.2258,-23.9237,53.0534,-176.4580
303027.1649,1106282,24,0.5459,-0.4658,2.1650,-32.4275,71.8931,-182.0763
303027.1649,1106292,24,0.5476,-0.5444,2.1116,-39.4504,88.4427,-183.3893
303027.1649,1106302,24,0.5552,-0.6084,2.0383,-45.1145,103.0534,-179.8473
303027.1649,1106312,24,0.5525,-0.6755,1.9717,-48.0763,117.2977,-175.9389
303027.1649,1106322,24,0.5371,-0.7209,1.9119,-49.1145,130.8702,-172.0916
303027.1649,1106332,24,0.5210,-0.7578,1.8350,-50.0458,142.1832,-166.0763
303027.1649,1106342,24,0.4917,-0.8054,1.7466,-50.3206,152.4427,-160.5191
303027.2799,1106352,25,0.4866,-0.8711,1.6738,-49.9084,159.6794,-156.2595
303027.2799,1106362,25,0.4929,-0.9478,1.5862,-50.7023,164.3359,-149.0534
303027.2799,1106372,25,0.4739,-1.0344,1.4971,-50.3969,168.0763,-137.8779
303027.2799,1106382,25,0.4277,-1.1118,1.4319,-45.5115,170.0916,-122.9771
303027.2799,1106392,25,0.3853,-1.1238,1.3760,-35.8168,168.9924,-103.4504
303027.2799,1106402,25,0.3384,-1.0720,1.3450,-24.0611,166.3206,-82.1221
303027.2799,1106412,25,0.3196,-0.9717,1.3433,-13.0687,162.2595,-62.6107
303027.2799,1106422,25,0.3433,-0.8718,1.3694,-4.9008,159.4809,-49.2214
303027.2799,1106432,25,0.3591,-0.7996,1.3711,-1.3130,163.8473,-43.1145
303027.2799,1106442,25,0.3137,-0.7786,1.3228,-4.8244,173.0534,-40.0305
303027.3985,1106452,26,0.3032,-0.7971,1.2683,-12.5649,178.1221,-36.9008
303027.3985,1106462,26,0.2866,-0.8579,1.2063,-20.0305,179.9847,-33.4198
303027.3985,1106472,26,0.2690,-0.9136,1.1606,-23.6947,181.8168,-27.1756
303027.3985,1106482,26,0.2747,-0.9448,1.1357,-22.2595,184.2748,-16.2290
303027.3985,1106492,26,0.2605,-0.9575,1.0994,-17.2824,187.5420,-5.4046
303027.3985,1106502,26,0.2327,-0.9463,1.0425,-11.0382,189.0840,4.6107
303027.3985,1106512,26,0.2200,-0.9290,0.9966,-5.6489,186.5191,13.8168
303027.3985,1106522,26,0.2161,-0.9121,0.9541,-2.5649,183.4504,22.6107
303027.3985,1106532,26,0.1978,-0.8750,0.9150,-0.0458,181.6336,31.8931
303027.3985,1106542,26,0.1670,-0.8179,0.8826,0.6870,178.4275,40.2748
303027.4583,1106552,27,0.1094,-0.7659,0.8506,-2.0305,174.0763,48.0305
303027.4583,1106562,27,0.0437,-0.7070,0.8328,-5.6947,171.0076,54.0763
303027.4583,1106572,27,-0.0020,-0.6660,0.8088,-11.2214,167.0076,58.3511
303027.4583,1106582,27,-0.0195,-0.6484,0.7896,-17.9847,162.9924,60.9466
303027.4583,1106592,27,-0.0027,-0.6785,0.7405,-24.1527,160.3969,62.5038
303027.4583,1106602,27,0.0183,-0.7124,0.6855,-25.6489,159.2214,63.6947
303027.4583,1106612,27,0.0225,-0.7112,0.6187,-24.0763,158.8092,65.0076
303027.4583,1106622,27,0.0420,-0.7056,0.5520,-22.2137,156.0916,66.2748
303027.4583,1106632,27,0.0530,-0.7036,0.4814,-23.8473,153.7099,67.6641
303027.4583,1106642,27,0.0530,-0.7131,0.4019,-30.0000,149.9847,71.3130
303027.5784,1106652,28,0.0420,-0.7236,0.3267,-36.5802,146.0305,76.3969
303027.5784,1106662,28,0.0090,-0.7229,0.2532,-40.8244,141.5725,82.7328
303027.5784,1106672,28,-0.0364,-0.7097,0.1843,-42.5954,133.5573,90.5038
303027.5784,1106682,28,-0.0591,-0.6770,0.1338,-42.5954,123.6947,99.2977
303027.5784,1106692,28,-0.0627,-0.6152,0.1077,-40.0153,112.8702,106.8550
303027.5784,1106702,28,-0.0525,-0.5413,0.0930,-37.9695,100.4580,112.9771
303027.5784,1106712,28,-0.0461,-0.4731,0.0903,-37.6794,89.7557,117.4809
303027.5784,1106722,28,-0.0637,-0.4121,0.0793,-37.7405,83.1145,120.2901
303027.5784,1106732,28,-0.0903,-0.3367,0.0732,-38.5954,77.0534,121.5420
303027.5784,1106742,28,-0.1147,-0.2939,0.0496,-42.0916,70.2443,121.5878
303027.6995,1106752,29,-0.1401,-0.2661,0.0247,-46.0458,64.9466,120.8397
303027.6995,1106762,29,-0.1550,-0.2412,0.0144,-49.0687,57.5573,119.6336
303027.6995,1106772,29,-0.1475,-0.2217,0.0256,-51.7557,46.7786,119.0534
303027.6995,1106782,29,-0.1560,-0.2043,0.0317,-53.7863,37.1450,119.4046
303027.6995,1106792,29,-0.1709,-0.1694,0.0417,-53.8931,29.1450,119.7863
303027.6995,1106802,29,-0.2065,-0.1755,0.0144,-54.0458,22.8550,120.4885
303027.6995,1106812,29,-0.2310,-0.1465,0.0176,-50.8702,17.2519,121.0687
303027.6995,1106822,29,-0.2290,-0.1106,0.0415,-46.8855,6.5649,121.0534
303027.6995,1106832,29,-0.1924,-0.0522,0.0862,-44.5496,-5.8626,121.2977
303027.6995,1106842,29,-0.1577,0.0244,0.1357,-43.8931,-16.8855,120.4733
303027.7597,1106852,30,-0.1472,0.0791,0.1575,-47.2366,-26.0611,117.6489
303027.7597,1106862,30,-0.1709,0.0896,0.1438,-54.8092,-29.8626,113.9389
303027.7597,1106872,30,-0.1965,0.0879,0.1384,-62.1985,-32.9008,110.6565
303027.7597,1106882,30,-0.1685,0.0793,0.1411,-67.5573,-42.7328,107.6641
303027.7597,1106892,30,-0.1409,0.1067,0.1765,-69.4962,-52.6718,106.7481
303027.7597,1106902,30,-0.1128,0.1609,0.2375,-70.0916,-58.2137,105.9389
303027.7597,1106912,30,-0.0898,0.2092,0.2625,-72.8702,-63.1145,102.7176
303027.7597,1106922,30,-0.0764,0.2385,0.2700,-78.8244,-65.7863,98.0916
303027.7597,1106932,30,-0.0652,0.2297,0.2573,-86.7176,-68.2290,91.9237
303027.7597,1106942,30,-0.1072,0.1953,0.2493,-93.7252,-70.6412,87.1145
303027.8818,1106952,31,-0.1069,0.1868,0.2642,-95.3740,-78.6107,84.0611
303027.8818,1106962,31,-0.0830,0.1838,0.2800,-94.1221,-89.7252,81.7405
303027.8818,1106972,31,-0.0637,0.2024,0.3130,-92.0763,-96.0305,78.3359
303027.8818,1106982,31,-0.0369,0.2253,0.3457,-91.9847,-102.4885,74.1679
303027.8818,1106992,31,0.0273,0.2119,0.3970,-96.2595,-108.2443,69.1908
303027.8818,1107002,31,0.0278,0.1892,0.4146,-101.0382,-110.2443,66.2137
303027.8818,1107012,31,0.0220,0.1958,0.4541,-102.3969,-116.1221,63.8626
303027.8818,1107022,31,0.0059,0.1902,0.4885,-102.6412,-124.9924,62.1069
303027.8818,1107032,31,0.0061,0.2170,0.5469,-99.0076,-131.0076,61.2519
303027.8818,1107042,31,-0.0156,0.3235,0.6421,-91.3282,-136.6412,59.6031
303027.9999,1107052,32,-0.0066,0.4565,0.7358,-86.5038,-143.3435,56.6718
303027.9999,1107062,32,0.0488,0.5759,0.8357,-86.7328,-147.5115,48.6412
303027.9999,1107072,32,0.1304,0.6492,0.9343,-94.3969,-147.4046,32.6718
303027.9999,1107082,32,0.0811,0.5154,0.9338,-135.2366,-131.6183,-4.2137
303027.9999,1107092,32,-0.0312,0.3083,0.8374,-151.1450,-123.2214,-18.0763
303027.9999,1107102,32,-0.0706,0.1501,0.8000,-148.8855,-127.2061,-24.0916
303027.9999,1107112,32,0.0266,0.0837,0.8574,-130.4885,-143.3130,-22.7634
303027.9999,1107122,32,0.1938,0.1416,1.0332,-104.3053,-158.1527,-18.5191
303027.9999,1107132,32,0.3306,0.2732,1.1907,-80.8244,-161.7710,-12.6565
303027.9999,1107142,32,0.3672,0.4346,1.2568,-65.6031,-155.3435,-12.3053
303028.0600,1107152,33,0.2087,0.4309,1.1182,-69.1145,-139.7405,-21.4504
303028.0600,1107162,33,0.0198,0.3674,0.9846,-77.9084,-127.3282,-30.8397
303028.0600,1107172,33,-0.0322,0.2891,0.9453,-78.4275,-137.6183,-36.6107
303028.0600,1107182,33,0.0493,0.2410,1.0337,-69.4351,-156.5954,-38.5496
303028.0600,1107192,33,0.1875,0.2805,1.2043,-51.9695,-171.3435,-40.6260
303028.0600,1107202,33,0.2844,0.3650,1.3762,-37.3130,-178.7176,-42.6107
303028.0600,1107212,33,0.3357,0.4600,1.4932,-30.6260,-177.4962,-45.3435
303028.0600,1107222,33,0.3713,0.5042,1.5703,-32.9313,-173.4046,-52.0458
303028.0600,1107232,33,0.3462,0.4387,1.5325,-41.4504,-160.9313,-63.5420
303028.0600,1107242,33,0.2468,0.3442,1.4883,-47.6336,-143.0840,-72.2595
303028.1800,1107252,34,0.2207,0.2869,1.4604,-43.7252,-142.3359,-77.1908
303028.1800,1107262,34,0.2419,0.2900,1.5054,-32.4733,-146.8244,-80.4427
303028.1800,1107272,34,0.2979,0.3428,1.6177,-20.9771,-149.7710,-83.7099
303028.1800,1107282,34,0.3254,0.3530,1.7036,-18.1221,-148.3817,-86.6412
303028.1800,1107292,34,0.3125,0.3352,1.7849,-20.2901,-140.2901,-88.2443
303028.1800,1107302,34,0.3589,0.3162,1.8643,-19.8779,-135.4962,-91.0382
303028.1800,1107312,34,0.3635,0.2786,1.8953,-16.0458,-127.5420,-96.0763
303028.1800,1107322,34,0.3574,0.2466,1.9082,-7.8626,-116.2290,-102.7634
303028.1800,1107332,34,0.3418,0.2651,1.9392,2.5496,-108.2137,-106.7634
303028.1800,1107342,34,0.3711,0.3049,1.9751,9.3435,-105.1908,-109.2214
303028.2983,1107352,35,0.4182,0.3462,2.0164,11.6794,-99.0076,-114.3206
303028.2983,1107362,35,0.4695,0.3804,2.0454,8.0153,-89.2977,-122.9160
303028.2983,1107372,35,0.5210,0.3867,2.0496,-3.8626,-77.7710,-132.7786
303028.2983,1107382,35,0.5713,0.3066,2.0217,-22.6107,-65.0687,-143.5725
303028.2983,1107392,35,0.5857,0.1602,1.9697,-39.1145,-48.7939,-154.7634
303028.2983,1107402,35,0.5767,-0.0303,1.8816,-47.4809,-32.8092,-162.1985
303028.2983,1107412,35,0.5295,-0.1902,1.8049,-43.3282,-18.9008,-164.2290
303028.2983,1107422,35,0.5339,-0.2739,1.7827,-29.0840,-12.7328,-161.7252
303028.2983,1107432,35,0.5486,-0.2756,1.8110,-13.4046,-7.1908,-154.1374
303028.2983,1107442,35,0.5339,-0.2249,1.8281,-2.9924,2.0305,-144.5191
303028.3591,1107452,36,0.5027,-0.1516,1.8379,3.0076,10.9924,-138.7634
303028.3591,1107462,36,0.5110,-0.1174,1.8625,3.2214,17.5420,-138.3206
303028.3591,1107472,36,0.5193,-0.1592,1.8679,-1.8321,27.1603,-139.1756
303028.3591,1107482,36,0.5076,-0.1980,1.8467,-5.5267,38.1221,-138.7634
303028.3591,1107492,36,0.5078,-0.2251,1.8367,-6.5954,45.6031,-138.5802
303028.3591,1107502,36,0.5227,-0.2285,1.8477,-6.9466,52.1985,-140.5344
303028.3591,1107512,36,0.5442,-0.2241,1.8467,-10.4427,59.6336,-142.8244
303028.3591,1107522,36,0.5522,-0.2490,1.8333,-17.7557,69.1908,-145.3893
303028.3591,1107532,36,0.5454,-0.2964,1.7920,-27.4504,80.7634,-147.7252
303028.3591,1107542,36,0.5576,-0.3838,1.7456,-37.1298,89.9847,-148.3511
303028.4798,1107552,37,0.5513,-0.4788,1.7009,-43.5420,98.1374,-147.7099
303028.4798,1107562,37,0.5461,-0.5850,1.6587,-46.6260,108.0305,-145.5573
303028.4798,1107572,37,0.5095,-0.6604,1.6169,-45.0076,119.1450,-141.4809
303028.4798,1107582,37,0.4917,-0.7083,1.5981,-42.3206,127.6336,-134.8702
303028.4798,1107592,37,0.4683,-0.7605,1.5854,-42.1527,135.0992,-125.7710
303028.4798,1107602,37,0.4292,-0.7793,1.5544,-41.6794,140.8397,-115.2214
303028.4798,1107612,37,0.4131,-0.7925,1.5361,-40.1679,144.2290,-104.9008
303028.4798,1107622,37,0.3706,-0.8079,1.5115,-37.7710,148.5649,-97.7099
303028.4798,1107632,37,0.3462,-0.8203,1.4729,-36.9618,152.9466,-88.9924
303028.4798,1107642,37,0.2832,-0.8154,1.4358,-36.6870,156.2137,-79.5878
303028.5999,1107652,38,0.2395,-0.8125,1.3862,-35.4504,157.0992,-69.1450
303028.5999,1107662,38,0.2339,-0.8364,1.3584,-30.7023,156.9924,-62.6107
303028.5999,1107672,38,0.2146,-0.8564,1.3289,-24.4122,157.9237,-56.7939
303028.5999,1107682,38,0.1965,-0.9050,1.2869,-19.7405,158.2748,-48.6260
303028.5999,1107692,38,0.0913,-0.9888,1.1995,-14.0153,161.3282,-39.8931
303028.5999,1107702,38,-0.0669,-1.1077,1.0747,-3.0076,162.6870,-29.2366
303028.5999,1107712,38,-0.1787,-1.1724,0.9917,17.1756,156.3817,-14.1221
303028.5999,1107722,38,-0.1763,-1.1323,1.0027,42.5802,142.2748,5.6183
303028.5999,1107732,38,-0.0715,-0.9492,1.1426,67.7557,123.9695,23.3740
303028.5999,1107742,38,0.0969,-0.7300,1.3276,82.5802,110.5496,35.6947
303028.6600,1107752,39,0.2725,-0.5115,1.5022,82.7939,109.8626,40.5649
303028.6600,1107762,39,0.3313,-0.3623,1.5786,68.2595,121.6794,37.0229
303028.6600,1107772,39,0.3245,-0.3420,1.5161,43.0229,140.3206,26.9466
303028.6600,1107782,39,0.2310,-0.4309,1.3569,18.3817,161.0992,14.8244
303028.6600,1107792,39,0.1458,-0.5117,1.1909,-1.3740,173.3740,9.8779
303028.6600,1107802,39,0.1177,-0.6187,1.0569,-14.1985,173.2824,9.2672
303028.6600,1107812,39,0.1125,-0.7144,0.9512,-18.2901,171.3282,11.7405
303028.6600,1107822,39,0.1140,-0.7585,0.8694,-15.8015,168.4733,19.8015
303028.6600,1107832,39,0.0996,-0.7498,0.7991,-10.6565,165.3282,30.1679
303028.6600,1107842,39,0.0818,-0.7029,0.7351,-7.1756,162.5496,40.4733
303028.7802,1107852,40,0.0996,-0.6343,0.7046,-5.8931,158.9160,49.6641
303028.7802,1107862,40,0.1216,-0.5454,0.7070,-7.5420,155.2366,55.7252
303028.7802,1107872,40,0.1277,-0.4729,0.6902,-14.8244,154.0611,58.7634
303028.7802,1107882,40,0.1018,-0.4146,0.6370,-26.0763,155.5115,59.4809
303028.7802,1107892,40,0.0325,-0.3970,0.5439,-38.5496,156.3969,58.4885
303028.7802,1107902,40,-0.0334,-0.4170,0.4219,-49.5725,156.7481,57.5420
303028.7802,1107912,40,-0.0969,-0.4070,0.3252,-54.7176,154.9008,57.2672
303028.7802,1107922,40,-0.1382,-0.3940,0.2534,-58.1985,147.9847,56.8092
303028.7802,1107932,40,-0.1575,-0.3948,0.1978,-63.5878,138.4733,55.9542
303028.7802,1107942,40,-0.1675,-0.4158,0.1436,-69.5573,129.6031,53.9847
303028.8988,1107952,41,-0.1997,-0.4387,0.1152,-74.7634,120.2901,53.3435
303028.8988,1107962,41,-0.1680,-0.4958,0.0793,-78.5649,106.7176,56.0000
303028.8988,1107972,41,-0.1650,-0.5225,0.0500,-77.4656,97.5267,58.4733
303028.8988,1107982,41,-0.1833,-0.5488,-0.0022,-76.3817,89.0076,63.4962
303028.8988,1107992,41,-0.1841,-0.5635,-0.0398,-74.3053,79.1145,70.7481
303028.8988,1108002,41,-0.2034,-0.5713,-0.0537,-69.6641,68.8855,79.4046
303028.8988,1108012,41,-0.2124,-0.5452,-0.0535,-62.3359,57.7710,88.8397
303028.8988,1108022,41,-0.1953,-0.4861,-0.0198,-55.1298,46.9771,98.1985
303028.8988,1108032,41,-0.1763,-0.4165,0.0100,-49.5267,36.2137,105.1450
303028.8988,1108042,41,-0.1572,-0.3450,0.0312,-46.7176,27.2061,110.1679
303028.9595,1108052,42,-0.1360,-0.2666,0.0657,-46.2901,18.7481,113.5878
303028.9595,1108062,42,-0.1216,-0.1875,0.1147,-49.5573,9.7863,115.8473
303028.9595,1108072,42,-0.1558,-0.1904,0.0984,-57.2061,2.5038,117.2061
303028.9595,1108082,42,-0.2009,-0.2090,0.0803,-59.0840,0.1985,118.6565
303028.9595,1108092,42,-0.2009,-0.1597,0.1118,-51.9389,-6.3359,118.5802
303028.9595,1108102,42,-0.1746,-0.1072,0.1489,-48.2748,-17.1450,118.4885
303028.9595,1108112,42,-0.1479,-0.0444,0.1941,-49.9542,-24.3817,118.4427
303028.9595,1108122,42,-0.0852,0.0015,0.2085,-55.4504,-30.7786,116.5649
303028.9595,1108132,42,-0.0991,-0.0181,0.1787,-63.8931,-34.6412,114.4580
303028.9595,1108142,42,-0.1321,-0.0537,0.1360,-70.3511,-38.3969,114.1985
303029.1401,1108152,43,-0.1218,-0.0371,0.1328,-70.3206,-46.5954,115.1908
303029.1401,1108162,43,-0.0928,0.0020,0.1697,-69.3588,-57.0229,116.3969
303029.1401,1108172,43,-0.0552,0.0503,0.2112,-69.0687,-64.1679,116.5344
303029.1401,1108182,43,-0.0374,0.0923,0.2341,-70.9618,-67.6336,114.2137
303029.1401,1108192,43,-0.0547,0.0762,0.1946,-77.3893,-70.5344,110.4427
303029.1401,1108202,43,-0.0901,0.0334,0.1462,-83.2977,-74.5802,107.5878
303029.1401,1108212,43,-0.0830,-0.0046,0.1670,-85.2061,-85.6641,105.2366
303029.1401,1108222,43,-0.0571,-0.0068,0.2466,-84.3969,-97.9237,106.7176
303029.1401,1108232,43,0.0300,0.0420,0.3560,-79.5115,-107.8321,110.0916
303029.1401,1108242,43,0.0845,0.1182,0.4705,-73.4504,-111.6183,110.7176
303029.1422,1108252,44,0.1001,0.1885,0.5342,-71.3130,-114.5344,109.0840
303029.1422,1108262,44,0.0989,0.2351,0.5654,-72.0916,-117.0382,106.8397
303029.1422,1108272,44,0.1155,0.2869,0.5916,-72.1985,-120.3053,102.9160
303029.1422,1108282,44,0.0811,0.3450,0.5972,-73.1908,-122.6718,98.7939
303029.1422,1108292,44,0.0471,0.4189,0.6147,-76.1374,-126.7176,94.4733
303029.1422,1108302,44,0.0405,0.4673,0.6272,-82.3511,-134.3206,87.6336
303029.1422,1108312,44,0.0396,0.4939,0.6528,-89.1908,-143.0534,79.2672
303029.1422,1108322,44,0.0105,0.4668,0.6562,-95.9389,-152.2595,69.0992
303029.1422,1108332,44,0.0471,0.4060,0.6750,-101.0687,-161.9695,57.8015
303029.1422,1108342,44,0.0474,0.3547,0.7649,-101.0992,-168.4427,50.5954
303029.2594,1108352,45,0.1289,0.3816,0.8623,-94.8855,-175.3588,47.5115
303029.2594,1108362,45,0.2002,0.4641,1.0154,-88.0305,-180.1069,44.2443
303029.2594,1108372,45,0.2632,0.5820,1.1648,-83.2672,-180.7176,41.5115
303029.2594,1108382,45,0.3513,0.7253,1.2842,-83.1908,-179.0229,34.2137
303029.2594,1108392,45,0.3809,0.8098,1.3582,-92.2290,-172.1832,20.1832
303029.2594,1108402,45,0.3330,0.7493,1.2686,-107.5420,-159.5420,2.7328
303029.2594,1108412,45,0.2080,0.6453,1.1458,-118.5191,-143.1908,-13.9389
303029.2594,1108422,45,0.1128,0.5149,1.0352,-124.3969,-141.5725,-27.0534
303029.2594,1108432,45,0.0935,0.4216,1.0286,-121.1756,-151.7863,-33.4198
303029.2594,1108442,45,0.1704,0.4387,1.1389,-106.7939,-163.4962,-36.4733
303029.3785,1108452,46,0.3040,0.5376,1.3052,-90.4733,-172.7939,-41.4656
303029.3785,1108462,46,0.4348,0.6199,1.5029,-83.9389,-172.9466,-49.8626
303029.3785,1108472,46,0.5088,0.6279,1.5952,-87.9847,-163.6031,-60.6870
303029.3785,1108482,46,0.4553,0.5513,1.5850,-96.4885,-145.1756,-71.3588
303029.3785,1108492,46,0.3457,0.3984,1.4932,-102.3206,-130.5344,-80.3817
303029.3785,1108502,46,0.2634,0.2410,1.4390,-95.6794,-128.0763,-85.4351
303029.3785,1108512,46,0.2803,0.1863,1.4978,-72.6565,-134.6260,-89.0076
303029.3785,1108522,46,0.3616,0.1995,1.6602,-47.5420,-142.0000,-90.1527
303029.3785,1108532,46,0.4675,0.2375,1.8264,-30.8702,-144.7481,-88.5191
303029.3785,1108542,46,0.5322,0.2898,1.9910,-23.9237,-138.6260,-84.0916
303029.4998,1108552,47,0.5322,0.3042,2.0771,-24.9771,-126.5649,-80.1985
303029.4998,1108562,47,0.4998,0.3230,2.0664,-27.7710,-107.7252,-78.9313
303029.4998,1108572,47,0.4436,0.3540,2.0076,-29.9237,-91.6183,-79.7710
303029.4998,1108582,47,0.3926,0.3752,1.9348,-30.5649,-82.1832,-85.3130
303029.4998,1108592,47,0.3772,0.3933,1.8826,-30.6260,-76.1679,-94.1221
303029.4998,1108602,47,0.4077,0.3635,1.8560,-32.3511,-72.8550,-105.3282
303029.4998,1108612,47,0.4397,0.2915,1.8484,-33.0229,-67.0687,-118.5191
303029.4998,1108622,47,0.4707,0.2136,1.8586,-30.8855,-59.4962,-131.3130
303029.4998,1108632,47,0.5029,0.1189,1.8625,-30.0305,-49.6947,-141.2519
303029.4998,1108642,47,0.4910,0.0085,1.8484,-31.0840,-37.1603,-146.9466
303029.5604,1108652,48,0.4878,-0.0781,1.8381,-29.3740,-28.7176,-148.9771
303029.5604,1108662,48,0.4827,-0.1260,1.8333,-22.3206,-21.3588,-150.8092
303029.5604,1108672,48,0.4795,-0.1743,1.8406,-15.8779,-13.4809,-153.5115
303029.5604,1108682,48,0.4824,-0.2158,1.8435,-11.0382,-7.0076,-155.2824
303029.5604,1108692,48,0.4875,-0.2527,1.8462,-6.0763,-1.3435,-157.2672
303029.5604,1108702,48,0.5095,-0.3003,1.8589,-2.5191,4.4885,-159.4351
303029.5604,1108712,48,0.5410,-0.3149,1.8955,0.7634,11.3282,-160.4275
303029.5604,1108722,48,0.5923,-0.3237,1.9199,0.7023,19.0687,-159.4504
303029.5604,1108732,48,0.6140,-0.3503,1.9014,-3.5267,32.3206,-158.5191
303029.5604,1108742,48,0.6003,-0.3762,1.8428,-8.3359,46.2137,-157.4198
303029.6795,1108752,49,0.5881,-0.3892,1.7815,-11.3282,56.1985,-156.4885
303029.6795,1108762,49,0.5845,-0.4126,1.7202,-13.6641,65.3130,-155.2977
303029.6795,1108772,49,0.5686,-0.4263,1.6638,-15.0534,73.7557,-154.6870
303029.6795,1108782,49,0.5381,-0.4622,1.5996,-18.6565,79.4351,-153.0992
303029.6795,1108792,49,0.5552,-0.5254,1.5632,-21.5878,82.9313,-151.5115
303029.6795,1108802,49,0.5461,-0.5720,1.5491,-21.1603,87.8626,-148.8702
303029.6795,1108812,49,0.5417,-0.5879,1.5322,-20.2901,92.5802,-144.1985
303029.6795,1108822,49,0.5593,-0.6199,1.5220,-20.8397,97.3435,-138.9924
303029.6795,1108832,49,0.5498,-0.6526,1.5068,-21.9542,102.7481,-134.3969
303029.6795,1108842,49,0.5493,-0.7085,1.4595,-23.8321,108.0763,-127.6794
303029.8005,1108852,50,0.5237,-0.7842,1.3999,-23.1145,113.9389,-120.6718
303029.8005,1108862,50,0.4856,-0.8467,1.3608,-17.9542,118.2443,-111.0076
303029.8005,1108872,50,0.4775,-0.8809,1.3340,-9.2214,120.2137,-97.4198
303029.8005,1108882,50,0.4585,-0.8350,1.3518,3.8931,124.1374,-83.6947
303029.8005,1108892,50,0.4441,-0.7327,1.3713,16.5038,128.0611,-71.5115
303029.8005,1108902,50,0.4084,-0.6411,1.3889,23.7252,132.6260,-64.9771
303029.8005,1108912,50,0.3533,-0.5598,1.3838,23.3282,138.2137,-61.1298
303029.8005,1108922,50,0.3291,-0.5125,1.3567,15.0382,140.2595,-58.1985
303029.8005,1108932,50,0.2932,-0.5049,1.3179,4.9924,141.5725,-58.2748
303029.8005,1108942,50,0.3088,-0.5486,1.2571,-4.3969,142.1069,-58.5802
303029.8596,1108952,51,0.3000,-0.6226,1.1926,-10.8244,143.5573,-58.1832
303029.8596,1108962,51,0.2625,-0.6689,1.1155,-12.6718,145.4046,-54.4275
303029.8596,1108972,51,0.2214,-0.7095,1.0295,-10.9618,145.1756,-48.9924
303029.8596,1108982,51,0.2012,-0.7329,0.9966,-6.6565,143.8321,-43.9542
303029.8596,1108992,51,0.1895,-0.7356,0.9675,-4.3359,144.0458,-34.9618
303029.8596,1109002,51,0.1582,-0.7112,0.9382,-2.9313,144.4122,-24.5802
303029.8596,1109012,51,0.1218,-0.6765,0.9216,-2.2901,143.7099,-16.7786
303029.8596,1109022,51,0.0808,-0.6584,0.9001,-4.2290,143.0534,-9.9847
303029.8596,1109032,51,0.0408,-0.6335,0.8806,-6.3511,141.7557,-4.0305
303029.8596,1109042,51,0.0266,-0.6191,0.8694,-8.2901,139.0076,0.8092
303029.9801,1109052,52,0.0212,-0.6145,0.8606,-10.1069,136.2137,3.6489
303029.9801,1109062,52,0.0349,-0.6116,0.8535,-12.7328,133.3588,7.0687
303029.9801,1109072,52,0.0332,-0.6270,0.8259,-14.8397,131.9084,11.1145
303029.9801,1109082,52,0.0115,-0.6277,0.7864,-14.7939,133.2519,15.0687
303029.9801,1109092,52,-0.0242,-0.6125,0.7463,-14.2443,133.1756,19.5878
303029.9801,1109102,52,-0.0449,-0.5886,0.7134,-14.5802,130.7939,24.2748
303029.9801,1109112,52,-0.0603,-0.5623,0.6890,-16.2137,127.6183,29.0382
303029.9801,1109122,52,-0.0623,-0.5222,0.6804,-19.3740,124.5496,33.4046
303029.9801,1109132,52,-0.0828,-0.5078,0.6499,-24.4580,122.8855,37.3893
303029.9801,1109142,52,-0.1389,-0.5044,0.6260,-28.3664,122.7481,40.9466
303030.0999,1109152,53,-0.1660,-0.4746,0.6106,-29.5878,120.6260,45.0229
303030.0999,1109162,53,-0.1780,-0.4297,0.6218,-30.1374,116.6412,47.8931
303030.0999,1109172,53,-0.1851,-0.3950,0.6326,-31.2824,114.3664,50.1527
303030.0999,1109182,53,-0.1992,-0.3640,0.6260,-32.5496,114.5954,51.7099
303030.0999,1109192,53,-0.2429,-0.3403,0.6191,-33.8931,115.3893,52.2595
303030.0999,1109202,53,-0.2710,-0.3074,0.6191,-35.9847,115.2519,53.5267
303030.0999,1109212,53,-0.3076,-0.2927,0.5991,-39.5725,113.9695,55.1298
303030.0999,1109222,53,-0.3518,-0.2847,0.5647,-42.7481,113.2519,56.2443
303030.0999,1109232,53,-0.4141,-0.2932,0.5063,-44.9160,111.3282,57.0687
303030.0999,1109242,53,-0.4504,-0.3306,0.4446,-45.6947,105.6336,57.5725
303030.1599,1109252,54,-0.4526,-0.3640,0.3989,-42.8702,97.4351,58.5649
303030.1599,1109262,54,-0.4299,-0.3652,0.3997,-37.5267,87.6336,61.5725
303030.1599,1109272,54,-0.3855,-0.3230,0.4297,-33.1756,78.8397,66.1679
303030.1599,1109282,54,-0.3096,-0.2715,0.4651,-31.8779,72.1069,68.7328
303030.1599,1109292,54,-0.2502,-0.2334,0.4832,-34.4427,67.2672,68.6107
303030.1599,1109302,54,-0.2373,-0.1980,0.4788,-40.2443,64.8397,67.2519
303030.1599,1109312,54,-0.3101,-0.2332,0.4268,-49.0076,65.8626,66.3359
303030.1599,1109322,54,-0.3760,-0.2952,0.3376,-53.9084,68.4275,67.2366
303030.1599,1109332,54,-0.4331,-0.3135,0.2805,-51.2214,65.8473,70.6565
303030.1599,1109342,54,-0.4326,-0.3040,0.2620,-46.1985,58.1679,74.2137
303030.3397,1109352,55,-0.4231,-0.2791,0.2637,-40.4733,49.2672,78.5802
303030.3397,1109362,55,-0.4153,-0.2393,0.2747,-34.4275,39.9084,83.1298
303030.3397,1109372,55,-0.4133,-0.2036,0.2954,-28.4580,32.1832,86.9160
303030.3397,1109382,55,-0.4131,-0.1572,0.3140,-22.2290,27.3588,90.0000
303030.3397,1109392,55,-0.4229,-0.0959,0.3179,-17.2214,22.9924,91.2672
303030.3397,1109402,55,-0.4397,-0.0461,0.3215,-15.6794,17.5878,91.6947
303030.3397,1109412,55,-0.4121,0.0000,0.3535,-15.5878,11.5725,92.0916
303030.3397,1109422,55,-0.3928,0.0627,0.3870,-15.3893,7.6183,91.3435
303030.3397,1109432,55,-0.4158,0.1055,0.3840,-17.8168,5.4962,89.6489
303030.3397,1109442,55,-0.4412,0.1250,0.3555,-21.7710,3.8931,86.9160
303030.3415,1109452,56,-0.4709,0.1328,0.3323,-25.0076,1.6641,82.9618
303030.3415,1109462,56,-0.4949,0.1184,0.3132,-27.8626,-3.0840,80.0305
303030.3415,1109472,56,-0.4932,0.1189,0.3167,-29.0687,-10.4427,78.6107
303030.3415,1109482,56,-0.4602,0.1284,0.3831,-27.1145,-16.8855,78.1069
303030.3415,1109492,56,-0.4204,0.1719,0.4573,-21.8473,-18.9160,78.5038
303030.3415,1109502,56,-0.4375,0.2346,0.4980,-17.6183,-16.8855,78.1985
303030.3415,1109512,56,-0.4517,0.2720,0.5103,-18.5954,-13.3435,76.8244
303030.3415,1109522,56,-0.4897,0.3052,0.4976,-21.7099,-10.1679,75.1450
303030.3415,1109532,56,-0.5029,0.3264,0.4995,-25.2824,-9.3740,72.3359
303030.3415,1109542,56,-0.5154,0.3315,0.4944,-28.9466,-9.6183,68.3511
303030.4584,1109552,57,-0.5222,0.3259,0.4961,-30.7176,-11.6183,63.8321
303030.4584,1109562,57,-0.5195,0.3245,0.5078,-29.1603,-13.3130,58.9618
303030.4584,1109572,57,-0.5491,0.3301,0.5137,-27.2214,-13.4962,53.5267
303030.4584,1109582,57,-0.5769,0.3333,0.5134,-28.3206,-15.6336,49.0382
303030.4584,1109592,57,-0.5815,0.3286,0.5137,-30.9466,-20.6870,44.7481
303030.4584,1109602,57,-0.5833,0.3301,0.5408,-33.0687,-26.5344,39.9237
303030.4584,1109612,57,-0.5703,0.3347,0.5747,-35.7557,-34.5649,36.2137
303030.4584,1109622,57,-0.5327,0.3386,0.6226,-37.4962,-40.4275,33.0229
303030.4584,1109632,57,-0.5098,0.3193,0.6619,-37.5115,-42.5954,28.4885
303030.4584,1109642,57,-0.5291,0.2910,0.6731,-36.3206,-42.3817,23.1603
303030.5800,1109652,58,-0.5354,0.2666,0.6804,-35.3893,-41.1298,19.0076
303030.5800,1109662,58,-0.5442,0.2224,0.6821,-34.9618,-41.5725,16.5344
303030.5800,1109672,58,-0.5554,0.1965,0.6838,-31.1450,-42.7481,15.8168
303030.5800,1109682,58,-0.5620,0.2061,0.7000,-25.0229,-46.3664,16.5191
303030.5800,1109692,58,-0.5632,0.2354,0.7244,-20.1221,-51.7863,17.2214
303030.5800,1109702,58,-0.5542,0.2539,0.7544,-19.3282,-57.3740,17.4504
303030.5800,1109712,58,-0.5593,0.2336,0.7773,-19.8015,-59.8321,17.8168
303030.5800,1109722,58,-0.5933,0.2271,0.7947,-15.7557,-60.0458,17.2366
303030.5800,1109732,58,-0.6287,0.2354,0.8152,-10.8092,-62.2290,16.3511
303030.5800,1109742,58,-0.6550,0.2390,0.8538,-8.1679,-65.4046,16.6107
303030.7005,1109752,59,-0.6541,0.2532,0.9265,-5.6336,-68.7634,18.6870
303030.7005,1109762,59,-0.6479,0.2913,1.0164,-1.0382,-69.7710,20.6718
303030.7005,1109772,59,-0.6616,0.3411,1.0950,2.3969,-67.7863,21.4809
303030.7005,1109782,59,-0.6851,0.3860,1.1555,2.6718,-64.6718,20.6412
303030.7005,1109792,59,-0.7026,0.4097,1.2056,2.1832,-60.2901,16.3664
303030.7005,1109802,59,-0.7124,0.4065,1.2432,0.6718,-55.3740,10.1069
303030.7005,1109812,59,-0.7148,0.3845,1.2754,-0.8855,-49.8779,4.2290
303030.7005,1109822,59,-0.7043,0.3586,1.2917,-3.2977,-43.5725,-0.3664
303030.7005,1109832,59,-0.6995,0.3235,1.2996,-6.3511,-35.7557,-3.4656
303030.7005,1109842,59,-0.6877,0.3044,1.2939,-8.5344,-25.6947,-5.7863
303030.7603,1109852,60,-0.7019,0.2668,1.2578,-9.9847,-15.8626,-8.3664
303030.7603,1109862,60,-0.7046,0.2336,1.2087,-9.9237,-10.3206,-11.3130
303030.7603,1109872,60,-0.6943,0.2012,1.1724,-9.6947,-7.9237,-14.0611
303030.7603,1109882,60,-0.6858,0.1606,1.1233,-9.3282,-7.0534,-16.1832
303030.7603,1109892,60,-0.6875,0.1255,1.0850,-8.0763,-7.0687,-17.1756
303030.7603,1109902,60,-0.6841,0.1011,1.0508,-5.9542,-9.1450,-17.2214
303030.7603,1109912,60,-0.6562,0.0867,1.0461,-2.9466,-11.5878,-16.8702
303030.7603,1109922,60,-0.6348,0.0872,1.0505,0.1985,-11.6489,-16.5954
303030.7603,1109932,60,-0.5999,0.0862,1.0618,1.5878,-9.5267,-16.5191
303030.7603,1109942,60,-0.5913,0.0723,1.0461,1.7557,-4.6260,-16.4580
303030.8804,1109952,61,-0.5864,0.0491,1.0212,1.4046,0.5038,-15.4962
303030.8804,1109962,61,-0.5872,0.0435,0.9910,2.2443,4.6107,-14.0000
303030.8804,1109972,61,-0.5840,0.0405,0.9729,3.9237,6.9313,-13.0076
303030.8804,1109982,61,-0.5786,0.0469,0.9473,4.5191,7.9542,-12.0611
303030.8804,1109992,61,-0.5828,0.0386,0.9128,3.2672,8.6870,-11.4809
303030.8804,1110002,61,-0.5859,0.0295,0.8782,2.4427,8.3359,-10.8702
303030.8804,1110012,61,-0.5735,0.0322,0.8599,3.0229,6.1221,-10.3206
303030.8804,1110022,61,-0.5413,0.0176,0.8591,3.6947,5.2366,-9.7557
303030.8804,1110032,61,-0.5410,0.0229,0.8486,6.2595,7.3740,-8.9466
303030.8804,1110042,61,-0.5471,0.0337,0.8181,8.3817,8.5038,-8.0153
303031.0003,1110052,62,-0.5557,0.0464,0.7947,9.0382,7.9237,-7.4046
303031.0003,1110062,62,-0.5518,0.0439,0.7793,7.7557,6.8244,-6.5802
303031.0003,1110072,62,-0.5566,0.0376,0.7700,6.3969,6.6107,-5.4504
303031.0003,1110082,62,-0.5444,0.0271,0.7605,6.3511,4.9618,-4.5496
303031.0003,1110092,62,-0.5442,0.0283,0.7488,7.1450,3.5878,-3.6336
303031.0003,1110102,62,-0.5642,0.0413,0.7317,7.5267,2.1832,-2.2443
303031.0003,1110112,62,-0.5676,0.0520,0.7336,7.2519,-0.5496,-1.2214
303031.0003,1110122,62,-0.5540,0.0693,0.7522,7.4351,-2.9618,-1.3282
303031.0003,1110132,62,-0.5420,0.0647,0.7732,6.7023,-3.9542,-1.4198
303031.0003,1110142,62,-0.5310,0.0620,0.7832,6.8092,-3.1908,-1.2824
303031.0598,1110152,63,-0.5359,0.0828,0.7903,8.9771,-1.7557,-1.9847
303031.0598,1110162,63,-0.5466,0.0947,0.7795,8.0611,-0.7939,-2.5649
303031.0598,1110172,63,-0.5764,0.0837,0.7505,4.9313,0.1374,-2.6870
303031.0598,1110182,63,-0.5957,0.0603,0.7285,2.8855,-1.9542,-2.8855
303031.0598,1110192,63,-0.5891,0.0461,0.7290,3.2061,-6.3053,-2.9160
303031.0598,1110202,63,-0.5784,0.0461,0.7590,3.9084,-10.1679,-2.5191
303031.0598,1110212,63,-0.5659,0.0566,0.7891,4.3969,-12.1679,-1.1450
303031.0598,1110222,63,-0.5657,0.0759,0.8120,5.0076,-11.6489,-0.0916
303031.0598,1110232,63,-0.5610,0.0815,0.8247,4.8244,-10.1985,0.6412
303031.0598,1110242,63,-0.5735,0.0872,0.8198,4.9771,-8.1527,0.7939
303031.1799,1110252,64,-0.5850,0.0933,0.8218,5.8473,-7.7710,0.3206
303031.1799,1110262,64,-0.5793,0.1038,0.8311,7.0687,-7.2672,-0.6718
303031.1799,1110272,64,-0.5754,0.1064,0.8391,8.0000,-6.4580,-1.8168
303031.1799,1110282,64,-0.5808,0.1113,0.8340,7.4046,-5.8168,-3.0992
303031.1799,1110292,64,-0.5911,0.1101,0.8169,4.5802,-5.2366,-3.6489
303031.1799,1110302,64,-0.5977,0.1040,0.8130,1.6489,-6.2290,-4.0763
303031.1799,1110312,64,-0.5913,0.0828,0.8127,-0.5344,-7.8626,-4.7176
303031.1799,1110322,64,-0.5752,0.0593,0.8171,-1.7710,-8.0611,-4.7939
303031.1799,1110332,64,-0.5708,0.0496,0.8188,-0.5038,-7.4962,-3.6183
303031.1799,1110342,64,-0.5784,0.0723,0.8264,2.1832,-7.0992,-2.3817
303031.3002,1110352,65,-0.5789,0.0867,0.8298,2.9618,-6.4885,-1.6183
303031.3002,1110362,65,-0.5896,0.1052,0.8328,2.8092,-6.2290,-1.2977
303031.3002,1110372,65,-0.5835,0.1113,0.8328,2.5496,-6.5954,-2.0763
303031.3002,1110382,65,-0.5835,0.1204,0.8337,2.0458,-6.8092,-3.5878
303031.3002,1110392,65,-0.5781,0.1174,0.8218,0.2901,-7.2977,-4.8397
303031.3002,1110402,65,-0.5762,0.1062,0.8074,-1.6489,-8.0763,-5.9389
303031.3002,1110412,65,-0.5786,0.0991,0.8013,-2.9924,-9.8779,-6.7939
303031.3002,1110422,65,-0.5730,0.1033,0.8066,-4.7634,-12.8397,-7.0840
303031.3002,1110432,65,-0.5583,0.1052,0.8245,-7.3435,-14.7939,-6.8702
303031.3002,1110442,65,-0.5415,0.1189,0.8467,-8.5344,-14.4733,-6.7023
303031.3598,1110452,66,-0.5327,0.1230,0.8494,-8.2443,-12.8855,-7.1908
303031.3598,1110462,66,-0.5254,0.1165,0.8523,-7.6183,-11.6947,-8.4885
303031.3598,1110472,66,-0.5190,0.1199,0.8618,-5.6794,-10.9313,-9.6489
303031.3598,1110482,66,-0.5151,0.1333,0.8555,-4.2595,-10.1679,-10.2901
303031.3598,1110492,66,-0.5095,0.1338,0.8481,-3.9237,-9.6641,-10.8855
303031.3598,1110502,66,-0.5088,0.1379,0.8337,-3.7863,-10.2290,-12.0916
303031.3598,1110512,66,-0.5005,0.1421,0.8101,-5.5115,-11.5878,-12.9466
303031.3598,1110522,66,-0.4893,0.1389,0.7825,-8.6870,-13.6489,-13.9237
303031.3598,1110532,66,-0.4592,0.1362,0.7634,-11.6947,-16.7328,-15.7099
303031.3598,1110542,66,-0.4246,0.1150,0.7412,-15.8779,-18.8397,-17.0687
303031.4788,1110552,67,-0.4065,0.0967,0.7009,-19.3130,-20.1985,-17.8626
303031.4788,1110562,67,-0.3918,0.0776,0.6641,-22.0458,-23.7863,-18.9618
303031.4788,1110572,67,-0.3499,0.0347,0.6414,-24.8855,-28.3664,-19.3893
303031.4788,1110582,67,-0.3250,0.0078,0.6235,-25.6031,-31.9237,-19.3282
303031.4788,1110592,67,-0.2974,-0.0186,0.6108,-27.0687,-36.2443,-19.0534
303031.4788,1110602,67,-0.2676,-0.0898,0.5959,-29.8779,-40.6718,-17.6031
303031.4788,1110612,67,-0.2419,-0.1406,0.5920,-26.2748,-42.9771,-14.2137
303031.4788,1110622,67,-0.2300,-0.1418,0.6008,-19.5573,-46.4275,-9.2366
303031.4788,1110632,67,-0.2131,-0.1306,0.6099,-15.6336,-50.7481,-2.3053
303031.4788,1110642,67,-0.1887,-0.0750,0.6250,-13.2977,-53.8931,5.5420
303031.5989,1110652,68,-0.1699,0.0020,0.6211,-13.9542,-57.5725,10.7786
303031.5989,1110662,68,-0.1660,0.0437,0.6062,-19.3740,-62.2748,11.5115
303031.5989,1110672,68,-0.1621,0.0298,0.5701,-27.6031,-66.8550,9.3588
303031.5989,1110682,68,-0.1643,0.0293,0.5537,-30.5802,-69.5420,7.5573
303031.5989,1110692,68,-0.1865,0.0496,0.5237,-30.5496,-74.3206,4.5344
303031.5989,1110702,68,-0.2000,0.0259,0.4907,-33.3740,-83.5115,0.7023
303031.5989,1110712,68,-0.2090,0.0056,0.4653,-33.8779,-94.6260,-2.8550
303031.5989,1110722,68,-0.2000,0.0210,0.4661,-31.8779,-109.5267,-4.7023
303031.5989,1110732,68,-0.0781,0.0193,0.5803,-33.7710,-124.5649,-5.7710
303031.5989,1110742,68,0.0166,-0.0444,0.6838,-35.5420,-119.2519,-3.2214
303031.6611,1110752,69,0.0190,0.0024,0.7234,-26.4427,-103.2519,-0.5496
303031.6611,1110762,69,-0.0068,0.0596,0.7214,-22.0458,-96.0611,-0.7176
303031.6611,1110772,69,-0.0232,0.0811,0.6924,-27.6947,-96.9771,-3.1603
303031.6611,1110782,69,-0.0369,0.0920,0.6599,-36.9008,-102.8855,-6.5496
303031.6611,1110792,69,-0.0486,0.0903,0.6382,-47.2824,-110.7328,-12.0305
303031.6611,1110802,69,-0.0605,0.0500,0.5986,-60.2748,-120.8244,-19.8626
303031.6611,1110812,69,-0.0645,-0.0093,0.5493,-74.5496,-135.8626,-27.9542
303031.6611,1110822,69,-0.0669,-0.1196,0.5151,-87.4809,-156.7176,-36.2748
303031.6611,1110832,69,-0.0210,-0.2156,0.5203,-92.5344,-180.5344,-41.9695
303031.6611,1110842,69,0.0969,-0.2698,0.6631,-89.3130,-202.7939,-42.8702
303031.7789,1110852,70,0.3215,-0.3174,0.9236,-78.8855,-210.1069,-38.5344
303031.7789,1110862,70,0.4287,-0.3005,1.1277,-61.2824,-192.4122,-33.4962
303031.7789,1110872,70,0.4314,-0.2209,1.2251,-46.3053,-167.4809,-33.6641
303031.7789,1110882,70,0.3884,-0.1685,1.2114,-44.1679,-148.4885,-38.2290
303031.7789,1110892,70,0.3193,-0.1831,1.0894,-53.2366,-132.8092,-44.9466
303031.7789,1110902,70,0.2212,-0.2329,0.9463,-63.4351,-122.5038,-50.0611
303031.7789,1110912,70,0.1831,-0.2688,0.8330,-70.9618,-125.6794,-53.1603
303031.7789,1110922,70,0.2034,-0.3047,0.7747,-77.7099,-139.7710,-55.5573
303031.7789,1110932,70,0.2019,-0.3521,0.7620,-83.0076,-156.4427,-56.9771
303031.7789,1110942,70,0.2720,-0.3865,0.7839,-86.6870,-177.4046,-57.6947
303031.9011,1110952,71,0.3613,-0.4285,0.8455,-88.8550,-198.5038,-56.3511
303031.9011,1110962,71,0.4299,-0.4421,0.9287,-89.1603,-214.3817,-52.1527
303031.9011,1110972,71,0.6221,-0.5027,1.1021,-91.1908,-226.7939,-47.6489
303031.9011,1110982,71,0.8105,-0.5991,1.2720,-84.6718,-220.1374,-43.8321
303031.9011,1110992,71,0.8350,-0.6011,1.3489,-67.8168,-192.2290,-45.5573
303031.9011,1111002,71,0.7646,-0.5854,1.3206,-57.2824,-162.6565,-50.4427
303031.9011,1111012,71,0.6838,-0.5947,1.2373,-57.8626,-141.3130,-52.5038
303031.9011,1111022,71,0.5981,-0.6331,1.1426,-62.3969,-131.1603,-49.7710
303031.9011,1111032,71,0.5652,-0.6411,1.0920,-63.6489,-132.1069,-44.0305
303031.9011,1111042,71,0.5562,-0.6216,1.0803,-62.0305,-139.9847,-36.3359
303031.9599,1111052,72,0.5852,-0.5591,1.0979,-60.2748,-151.7099,-28.1221
303031.9599,1111062,72,0.6155,-0.5032,1.1143,-62.7939,-165.6031,-21.7099
303031.9599,1111072,72,0.6802,-0.4700,1.1304,-69.8626,-180.7634,-18.3053
303031.9599,1111082,72,0.8118,-0.4929,1.1711,-79.1450,-188.3817,-15.8931
303031.9599,1111092,72,0.9038,-0.5264,1.1909,-82.1527,-177.4809,-14.1985
303031.9599,1111102,72,0.8838,-0.5059,1.1638,-76.4427,-155.2519,-17.8779
303031.9599,1111112,72,0.8167,-0.4944,1.0876,-73.0840,-137.0534,-25.2214
303031.9599,1111122,72,0.7766,-0.5259,1.0063,-75.0534,-131.5115,-32.6107
303031.9599,1111132,72,0.7520,-0.5620,0.9268,-76.5191,-134.9313,-37.0840
303031.9599,1111142,72,0.7473,-0.5708,0.8523,-75.3588,-144.1985,-36.8397
303032.0794,1111152,73,0.7498,-0.5518,0.7920,-73.5878,-157.8015,-34.1679
303032.0794,1111162,73,0.7676,-0.5244,0.7283,-73.7099,-175.8015,-31.2519
303032.0794,1111172,73,0.8040,-0.5024,0.6748,-76.5954,-196.4733,-28.9924
303032.0794,1111182,73,0.8430,-0.4849,0.6235,-83.2061,-216.1374,-26.5191
303032.0794,1111192,73,0.8804,-0.4749,0.5820,-92.8244,-231.6947,-23.5878
303032.0794,1111202,73,0.9341,-0.4646,0.5464,-104.8092,-241.6031,-20.8092
303032.0794,1111212,73,0.9871,-0.4744,0.5171,-118.7481,-241.9695,-15.8015
303032.0794,1111222,73,1.0400,-0.5059,0.4885,-132.8855,-235.2824,-13.1603
303032.0794,1111232,73,1.0615,-0.5820,0.4590,-142.1832,-224.1832,-10.4122
303032.0794,1111242,73,1.0908,-0.6033,0.4216,-139.8015,-210.8092,-9.1145
303032.2005,1111252,74,1.0884,-0.6260,0.3872,-134.0305,-195.3893,-8.5954
303032.2005,1111262,74,1.0798,-0.6348,0.3430,-125.3740,-180.6565,-10.1985
303032.2005,1111272,74,1.0667,-0.6360,0.3125,-113.9695,-168.3511,-14.3969
303032.2005,1111282,74,1.0635,-0.6235,0.2954,-101.0534,-159.5267,-20.3206
303032.2005,1111292,74,1.0615,-0.6052,0.2734,-87.5267,-151.7252,-26.8702
303032.2005,1111302,74,1.0703,-0.5925,0.2708,-73.9847,-143.1145,-33.4962
303032.2005,1111312,74,1.0847,-0.5869,0.2739,-61.0992,-132.7176,-39.9542
303032.2005,1111322,74,1.1064,-0.5991,0.2861,-49.5267,-119.8015,-43.8473
303032.2005,1111332,74,1.1182,-0.5930,0.2939,-37.2519,-103.4656,-44.4275
303032.2005,1111342,74,1.1140,-0.5579,0.2961,-26.1679,-85.1603,-43.5115
303032.2597,1111352,75,1.0940,-0.5183,0.2834,-22.0916,-66.8702,-40.8397
303032.2597,1111362,75,1.0720,-0.4783,0.2502,-24.3206,-50.2901,-37.6336
303032.2597,1111372,75,1.0430,-0.4453,0.2090,-31.2519,-34.6565,-34.3664
303032.2597,1111382,75,0.9966,-0.4265,0.1711,-39.4504,-21.6641,-31.4809
303032.2597,1111392,75,0.9675,-0.3960,0.1357,-46.6870,-15.6031,-29.9237
303032.2597,1111402,75,0.9395,-0.3823,0.0942,-54.4733,-15.4046,-28.8855
303032.2597,1111412,75,0.9280,-0.3794,0.0730,-61.7099,-19.2214,-28.2901
303032.2597,1111422,75,0.9360,-0.3745,0.0574,-66.9924,-23.5420,-28.3664
303032.2597,1111432,75,0.9412,-0.3643,0.0459,-72.4733,-25.8779,-28.1985
303032.2597,1111442,75,0.9351,-0.3601,0.0303,-79.7252,-27.1756,-27.5878
303032.3787,1111452,76,0.9321,-0.3611,0.0283,-86.9771,-28.4885,-26.9008
303032.3787,1111462,76,0.9375,-0.3640,0.0164,-93.2214,-29.6336,-26.2748
303032.3787,1111472,76,0.9407,-0.3586,0.0068,-98.6718,-30.7939,-25.5573
303032.3787,1111482,76,0.9556,-0.3608,-0.0083,-103.8779,-31.6794,-24.7939
303032.3787,1111492,76,0.9629,-0.3591,-0.0229,-108.6565,-31.6336,-24.4122
303032.3787,1111502,76,0.9741,-0.3589,-0.0374,-112.8702,-30.4733,-24.3817
303032.3787,1111512,76,0.9841,-0.3669,-0.0591,-116.2901,-28.9924,-24.7634
303032.3787,1111522,76,0.9939,-0.3750,-0.0801,-118.1069,-27.1603,-25.5878
303032.3787,1111532,76,0.9944,-0.3823,-0.0959,-118.2443,-25.1756,-27.1298
303032.3787,1111542,76,0.9968,-0.3967,-0.1138,-116.9924,-23.3130,-29.2824
303032.5005,1111552,77,1.0078,-0.4109,-0.1289,-114.3053,-21.4504,-31.5878
303032.5005,1111562,77,1.0161,-0.4207,-0.1428,-110.3206,-19.5878,-33.6794
303032.5005,1111572,77,1.0444,-0.4263,-0.1619,-105.4351,-17.9695,-35.5267
303032.5005,1111582,77,1.0757,-0.4265,-0.1787,-100.4885,-16.1374,-36.3664
303032.5005,1111592,77,1.1094,-0.4326,-0.1980,-95.8626,-13.3740,-36.6412
303032.5005,1111602,77,1.1250,-0.4329,-0.2190,-91.7405,-9.7252,-36.4122
303032.5005,1111612,77,1.1313,-0.4412,-0.2356,-87.8626,-6.2901,-36.4733
303032.5005,1111622,77,1.1211,-0.4521,-0.2556,-83.7557,-3.2366,-36.7176
303032.5005,1111632,77,1.1094,-0.4717,-0.2625,-79.1908,-1.4962,-36.8855
303032.5005,1111642,77,1.0879,-0.4910,-0.2646,-73.7252,-1.0382,-36.7939
303032.5604,1111652,78,1.0789,-0.5117,-0.2700,-67.3435,-2.1069,-36.2443
303032.5604,1111662,78,1.0720,-0.5227,-0.2642,-61.0229,-3.7710,-34.6718
303032.5604,1111672,78,1.0688,-0.5344,-0.2573,-55.4962,-4.8244,-31.4504
303032.5604,1111682,78,1.0630,-0.5496,-0.2498,-50.4885,-5.2672,-26.6870
303032.5604,1111692,78,1.0525,-0.5569,-0.2512,-44.9771,-5.5115,-20.6107
303032.5604,1111702,78,1.0444,-0.5571,-0.2451,-39.0534,-5.6947,-13.2061
303032.5604,1111712,78,1.0386,-0.5491,-0.2371,-32.2748,-6.4885,-4.6107
303032.5604,1111722,78,1.0413,-0.5261,-0.2271,-25.1908,-8.1527,4.6412
303032.5604,1111732,78,1.0430,-0.4854,-0.2156,-18.1679,-9.4809,12.8244
303032.5604,1111742,78,1.0425,-0.4319,-0.1934,-10.6260,-9.5115,18.9771
303032.6799,1111752,79,1.0452,-0.3872,-0.1863,-3.6489,-8.2748,21.8931
303032.6799,1111762,79,1.0386,-0.3513,-0.1741,1.9237,-5.4351,21.9695
303032.6799,1111772,79,1.0244,-0.3262,-0.1682,6.6107,-1.9847,20.3969
303032.6799,1111782,79,1.0173,-0.3069,-0.1685,10.9008,0.8550,18.5344
303032.6799,1111792,79,1.0015,-0.2898,-0.1616,14.0458,2.6107,17.2672
303032.6799,1111802,79,0.9958,-0.2637,-0.1538,15.3435,3.4046,16.8092
303032.6799,1111812,79,0.9949,-0.2405,-0.1426,13.2519,3.8473,16.9924
303032.6799,1111822,79,0.9937,-0.2285,-0.1467,8.4733,4.7328,17.7405
303032.6799,1111832,79,0.9863,-0.2246,-0.1477,2.0000,6.2443,18.9618
303032.6799,1111842,79,0.9766,-0.2285,-0.1531,-4.9618,7.8626,20.3053
303032.7991,1111852,80,0.9678,-0.2402,-0.1670,-11.2061,9.0076,21.4656
303032.7991,1111862,80,0.9617,-0.2502,-0.1714,-15.5878,9.4351,22.1374
303032.7991,1111872,80,0.9624,-0.2556,-0.1831,-18.4275,9.0992,22.4885
303032.7991,1111882,80,0.9675,-0.2695,-0.1892,-19.9237,8.7481,22.7634
303032.7991,1111892,80,0.9722,-0.2693,-0.1990,-19.9389,9.0534,22.7786
303032.7991,1111902,80,0.9680,-0.2683,-0.2087,-19.0534,9.9542,22.5191
303032.7991,1111912,80,0.9661,-0.2654,-0.2144,-17.7252,10.5802,21.9084
303032.7991,1111922,80,0.9658,-0.2695,-0.2263,-16.4427,10.8702,21.2061
303032.7991,1111932,80,0.9656,-0.2693,-0.2344,-14.8855,11.3282,20.2901
303032.7991,1111942,80,0.9636,-0.2681,-0.2373,-13.0076,11.5420,19.3130
303032.8598,1111952,81,0.9561,-0.2727,-0.2383,-11.2366,11.4656,18.4275
303032.8598,1111962,81,0.9502,-0.2739,-0.2500,-9.2672,10.7939,17.6489
303032.8598,1111972,81,0.9487,-0.2729,-0.2500,-7.3740,9.5725,17.1145
303032.8598,1111982,81,0.9451,-0.2693,-0.2490,-5.6031,7.9084,16.5649
303032.8598,1111992,81,0.9414,-0.2661,-0.2471,-3.8473,6.0763,16.0916
303032.8598,1112002,81,0.9475,-0.2590,-0.2373,-2.4427,4.1832,15.8931
303032.8598,1112012,81,0.9512,-0.2502,-0.2229,-1.4198,2.3664,15.7252
303032.8598,1112022,81,0.9526,-0.2422,-0.2124,-0.7786,0.9008,15.5878
303032.8598,1112032,81,0.9575,-0.2349,-0.1978,-0.6565,-0.0611,15.1908
303032.8598,1112042,81,0.9573,-0.2241,-0.1851,-1.0229,-0.6412,14.6107
303032.9792,1112052,82,0.9573,-0.2183,-0.1748,-1.6031,-1.0229,13.6947
303032.9792,1112062,82,0.9678,-0.2109,-0.1658,-1.9542,-1.1145,12.4885
303032.9792,1112072,82,0.9778,-0.2102,-0.1658,-2.6260,-0.8550,10.8092
303032.9792,1112082,82,0.9797,-0.2102,-0.1677,-3.6489,0.5954,9.0534
303032.9792,1112092,82,0.9727,-0.2141,-0.1711,-4.7328,2.7634,7.3282
303032.9792,1112102,82,0.9609,-0.2170,-0.1816,-5.6794,4.4122,5.8779
303032.9792,1112112,82,0.9512,-0.2219,-0.1921,-6.2748,4.7176,4.4733
303032.9792,1112122,82,0.9492,-0.2261,-0.1970,-6.4580,4.0305,3.0840
303032.9792,1112132,82,0.9495,-0.2307,-0.2021,-6.5038,2.9924,1.6947
303032.9792,1112142,82,0.9482,-0.2319,-0.2000,-6.5038,1.9237,0.3206
303033.0989,1112152,83,0.9546,-0.2400,-0.2053,-6.4885,1.2366,-0.9618
303033.0989,1112162,83,0.9575,-0.2488,-0.2039,-6.4733,0.8550,-2.1985
303033.0989,1112172,83,0.9583,-0.2520,-0.2068,-6.2901,0.6870,-3.3588
303033.0989,1112182,83,0.9556,-0.2603,-0.2126,-5.8321,0.5649,-4.3817
303033.0989,1112192,83,0.9556,-0.2625,-0.2092,-5.2061,0.4122,-5.2672
303033.0989,1112202,83,0.9524,-0.2651,-0.2146,-4.4122,0.1221,-5.9389
303033.0989,1112212,83,0.9524,-0.2649,-0.2234,-3.6489,-0.4427,-6.7786
303033.0989,1112222,83,0.9526,-0.2693,-0.2197,-2.9924,-1.0382,-7.6183
303033.0989,1112232,83,0.9543,-0.2661,-0.2144,-2.4275,-1.6794,-8.2595
303033.0989,1112242,83,0.9561,-0.2681,-0.2158,-1.9237,-2.2748,-8.8397
303033.1589,1112252,84,0.9600,-0.2732,-0.2129,-1.6031,-2.6412,-9.4351
303033.1589,1112262,84,0.9604,-0.2698,-0.2126,-1.5573,-2.9160,-9.8779
303033.1589,1112272,84,0.9661,-0.2703,-0.2107,-1.8473,-3.0992,-10.3664
303033.1589,1112282,84,0.9648,-0.2734,-0.2097,-2.2290,-3.1298,-10.6107
303033.1589,1112292,84,0.9653,-0.2791,-0.2097,-2.7023,-3.0076,-10.7786
303033.1589,1112302,84,0.9651,-0.2825,-0.2092,-3.1603,-3.0076,-10.7786
303033.1589,1112312,84,0.9617,-0.2854,-0.2109,-3.5725,-3.1603,-10.6260
303033.1589,1112322,84,0.9624,-0.2859,-0.2085,-4.0305,-3.2824,-10.4885
303033.1589,1112332,84,0.9641,-0.2903,-0.2107,-4.3359,-3.2672,-10.3206
303033.1589,1112342,84,0.9583,-0.2993,-0.2234,-4.1527,-2.9771,-10.3053
303033.3387,1112352,85,0.9492,-0.3069,-0.2397,-3.1450,-2.3817,-10.4427
303033.3387,1112362,85,0.9412,-0.3140,-0.2451,-1.1908,-2.0916,-10.7328
303033.3387,1112372,85,0.9363,-0.3120,-0.2490,1.0229,-3.0229,-10.7939
303033.3387,1112382,85,0.9395,-0.3127,-0.2478,2.7481,-5.1756,-9.9847
303033.3387,1112392,85,0.9568,-0.3030,-0.2378,3.8779,-7.6489,-9.5420
303033.3387,1112402,85,0.9629,-0.2942,-0.2249,4.4885,-9.5725,-9.1298
303033.3387,1112412,85,0.9719,-0.2976,-0.2153,4.5802,-10.5649,-9.4198
303033.3387,1112422,85,0.9788,-0.3035,-0.2075,4.5496,-9.8473,-9.9237
303033.3387,1112432,85,0.9834,-0.3088,-0.2085,4.3206,-8.2137,-10.0611
303033.3387,1112442,85,0.9856,-0.3108,-0.2036,3.7710,-7.0840,-9.4962
303033.3424,1112452,86,0.9868,-0.3135,-0.2080,2.7939,-6.7328,-8.5649
303033.3424,1112462,86,0.9844,-0.3145,-0.2034,1.4962,-6.6718,-7.5115
303033.3424,1112472,86,0.9858,-0.3208,-0.2031,0.4580,-6.6260,-6.5344
303033.3424,1112482,86,0.9834,-0.3257,-0.2034,-0.3359,-6.4427,-5.5878
303033.3424,1112492,86,0.9805,-0.3342,-0.2073,-0.4580,-6.0305,-4.7939
303033.3424,1112502,86,0.9780,-0.3447,-0.2068,0.1679,-5.7099,-4.1374
303033.3424,1112512,86,0.9763,-0.3557,-0.2151,1.6336,-5.8473,-3.5573
303033.3424,1112522,86,0.9771,-0.3645,-0.2129,3.6794,-6.0458,-3.1145
303033.3424,1112532,86,0.9827,-0.3767,-0.2109,5.8321,-6.1832,-2.6260
303033.3424,1112542,86,0.9878,-0.3982,-0.2224,7.8931,-6.3053,-2.1679
303033.4596,1112552,87,0.9941,-0.4282,-0.2244,10.1832,-6.0000,-1.8473
303033.4596,1112562,87,0.9937,-0.4504,-0.2275,13.3130,-5.4046,-1.4198
303033.4596,1112572,87,1.0015,-0.4651,-0.2234,17.3435,-5.5725,-0.1221
303033.4596,1112582,87,1.0034,-0.4680,-0.2151,21.5573,-6.9771,1.6489
303033.4596,1112592,87,1.0188,-0.4709,-0.1919,24.5954,-8.6565,3.2672
303033.4596,1112602,87,1.0254,-0.4932,-0.1755,26.7786,-9.8168,4.7786
303033.4596,1112612,87,1.0342,-0.5337,-0.1626,29.1298,-9.7557,5.9084
303033.4596,1112622,87,1.0432,-0.5652,-0.1414,33.4351,-9.3282,7.4504
303033.4596,1112632,87,1.0547,-0.5955,-0.1243,40.0153,-9.4198,9.8931
303033.4596,1112642,87,1.0728,-0.6018,-0.0991,49.0382,-9.6336,12.7481
303033.5796,1112652,88,1.0955,-0.5774,-0.0569,59.4046,-10.1985,15.7863
303033.5796,1112662,88,1.1011,-0.5469,-0.0354,69.3740,-9.9695,17.8321
303033.5796,1112672,88,1.1025,-0.5078,-0.0300,77.7863,-6.7939,17.5725
303033.5796,1112682,88,1.0952,-0.4812,-0.0281,81.7405,-0.5802,16.6565
303033.5796,1112692,88,1.0735,-0.4814,-0.0217,80.8092,5.0382,17.2061
303033.5796,1112702,88,1.0720,-0.4771,-0.0100,76.6260,6.1832,20.1527
303033.5796,1112712,88,1.0806,-0.4832,0.0100,70.1985,4.4733,24.1374
303033.5796,1112722,88,1.0852,-0.5193,0.0273,62.7481,4.6260,27.6947
303033.5796,1112732,88,1.0867,-0.5627,0.0334,56.5496,8.5496,31.0534
303033.5796,1112742,88,1.0830,-0.5977,0.0364,53.6489,15.3740,34.6412
303033.6986,1112752,89,1.0938,-0.6279,0.0693,53.4504,21.6489,38.6107
303033.6986,1112762,89,1.1453,-0.6653,0.1145,53.9542,27.5420,44.0305
303033.6986,1112772,89,1.2000,-0.7046,0.1606,55.1298,38.5802,50.2901
303033.6986,1112782,89,1.2031,-0.7219,0.1812,58.4733,55.4198,55.1756
303033.6986,1112792,89,1.1519,-0.6987,0.1755,62.2901,69.4656,58.6870
303033.6986,1112802,89,1.1108,-0.6863,0.1631,63.5420,72.7634,62.1679
303033.6986,1112812,89,1.1074,-0.6934,0.1458,62.6107,69.0687,64.0611
303033.6986,1112822,89,1.1270,-0.7285,0.1401,61.9237,67.0687,65.1450
303033.6986,1112832,89,1.1648,-0.7971,0.1501,63.1908,70.7786,65.8321
303033.6986,1112842,89,1.1726,-0.8848,0.1418,68.8702,81.6794,67.0687
303033.7598,1112852,90,1.1633,-0.9524,0.1614,83.8473,96.0611,66.8855
303033.7598,1112862,90,1.2002,-0.9773,0.2312,103.8168,108.5191,66.8702
303033.7598,1112872,90,1.2771,-1.0010,0.3247,120.4580,124.6107,71.7099
303033.7598,1112882,90,1.3274,-0.9963,0.3857,131.6489,151.5878,80.5496
303033.7598,1112892,90,1.2944,-0.9622,0.4202,138.3511,181.4198,89.9542
303033.7598,1112902,90,1.2478,-0.9165,0.4268,141.1603,197.2061,95.8168
303033.7598,1112912,90,1.2014,-0.8691,0.4077,140.4122,198.1527,97.0382
303033.7598,1112922,90,1.1748,-0.8560,0.3994,133.1145,190.1985,95.3740
303033.7598,1112932,90,1.1924,-0.8530,0.4199,119.1450,181.5573,97.9389
303033.7598,1112942,90,1.2246,-0.9004,0.4526,102.3969,181.4962,105.9389
303033.8807,1112952,91,1.1892,-0.9771,0.4541,91.9237,194.3511,122.1679
303033.8807,1112962,91,1.2087,-0.9932,0.4861,99.2977,196.4122,124.4122
303033.8807,1112972,91,1.2234,-0.9958,0.5188,110.2443,202.2290,125.9084
303033.8807,1112982,91,1.1917,-1.0054,0.5229,121.3893,212.7634,125.4351
303033.8807,1112992,91,1.1169,-1.0122,0.5037,132.5649,220.4427,120.7176
303033.8807,1113002,91,1.0745,-1.0027,0.5205,139.0992,217.0687,117.3435
303033.8807,1113012,91,1.0720,-1.0078,0.5317,140.7328,207.9084,118.8550
303033.8807,1113022,91,1.0276,-0.9524,0.5327,142.1527,203.1756,121.7099
303033.8807,1113032,91,0.9993,-0.9021,0.5571,139.7863,198.6718,125.1450
303033.8807,1113042,91,1.0110,-0.9448,0.5879,133.7710,194.0000,127.8168
303034.0598,1113052,92,1.0706,-1.0432,0.6133,137.4656,194.0916,129.5420
303034.0598,1113062,92,1.1003,-1.0549,0.6602,163.3740,203.0687,125.8168
303034.0598,1113072,92,1.0786,-0.9399,0.7280,195.4809,215.3740,119.3435
303034.0598,1113082,92,1.0510,-0.7937,0.7473,212.8244,226.1221,116.3359
303034.0598,1113092,92,0.9424,-0.6482,0.7378,213.9695,238.8092,115.4656
303034.0598,1113102,92,0.8474,-0.4832,0.7366,203.3588,246.7939,115.6794
303034.0598,1113112,92,0.7627,-0.3914,0.7158,181.7099,252.4885,116.2137
303034.0598,1113122,92,0.6431,-0.3882,0.6553,156.1221,257.9542,113.0229
303034.0598,1113132,92,0.5520,-0.3721,0.6235,137.5725,258.7328,109.1450
303034.0598,1113142,92,0.4741,-0.3564,0.5964,125.5878,254.3359,108.7939
303034.0615,1113152,93,0.4072,-0.3579,0.5967,118.0611,248.6107,106.0305
303034.0615,1113162,93,0.3577,-0.3481,0.5972,119.2214,242.4885,99.0534
303034.0615,1113172,93,0.3218,-0.3376,0.5945,123.0687,238.9008,92.1679
303034.0615,1113182,93,0.2432,-0.3506,0.5439,124.4275,240.3664,84.6565
303034.0615,1113192,93,0.1665,-0.3479,0.5076,123.8931,241.4198,80.6412
303034.0615,1113202,93,0.1084,-0.3518,0.4788,122.5191,238.9008,83.2366
303034.0615,1113212,93,0.0596,-0.3035,0.4587,125.0229,232.1374,85.9237
303034.0615,1113222,93,-0.0098,-0.2295,0.4412,126.6565,222.8702,86.3359
303034.0615,1113232,93,-0.0720,-0.1790,0.4346,123.9389,208.3206,84.4733
303034.0615,1113242,93,-0.0693,-0.1667,0.4487,121.5725,190.3359,79.9847
303034.1803,1113252,94,-0.0742,-0.0955,0.4709,124.7481,180.8855,75.4656
303034.1803,1113262,94,-0.1108,-0.0103,0.4678,124.6260,175.8168,70.6260
303034.1803,1113272,94,-0.1936,0.0430,0.4153,114.7939,168.8702,66.2290
303034.1803,1113282,94,-0.2522,0.0605,0.3691,100.3206,156.6870,62.7939
303034.1803,1113292,94,-0.2974,0.0574,0.3613,89.8931,141.0840,58.0763
303034.1803,1113302,94,-0.2795,0.0732,0.4026,85.9542,124.7481,53.5725
303034.1803,1113312,94,-0.2812,0.0845,0.4348,87.9084,115.0687,48.7634
303034.1803,1113322,94,-0.3110,0.1023,0.5012,90.3969,107.2824,40.5191
303034.1803,1113332,94,-0.2476,0.0876,0.5640,86.7481,97.5420,33.0534
303034.1803,1113342,94,-0.2280,0.0481,0.5852,84.6718,98.5649,27.8779
303034.2992,1113352,95,-0.2935,0.0562,0.5764,87.4962,102.6260,23.2061
303034.2992,1113362,95,-0.3376,0.0623,0.5547,84.6718,96.4733,20.3969
303034.2992,1113372,95,-0.3728,0.0408,0.5625,78.2748,86.7939,19.2519
303034.2992,1113382,95,-0.3823,0.0242,0.5957,74.8092,78.8244,20.0458
303034.2992,1113392,95,-0.3728,0.0381,0.6218,76.3969,75.8168,20.8702
303034.2992,1113402,95,-0.4153,0.0767,0.6091,78.1069,76.5344,21.2061
303034.2992,1113412,95,-0.4338,0.1292,0.5796,77.6183,75.7557,22.1374
303034.2992,1113422,95,-0.4841,0.1643,0.5195,75.3893,73.7557,21.2519
303034.2992,1113432,95,-0.5566,0.1919,0.4595,71.6641,69.3893,18.7328
303034.2992,1113442,95,-0.6155,0.2104,0.4211,66.7786,59.9695,16.0000
303034.3599,1113452,96,-0.6575,0.2051,0.4043,61.1603,46.9618,12.0153
303034.3599,1113462,96,-0.6191,0.2212,0.4546,56.3206,33.5573,8.2748
303034.3599,1113472,96,-0.5986,0.2429,0.5161,50.9160,25.1756,4.9466
303034.3599,1113482,96,-0.5640,0.2451,0.5715,43.3282,17.1908,0.7939
303034.3599,1113492,96,-0.5527,0.2412,0.6113,34.6565,10.6565,-3.4046
303034.3599,1113502,96,-0.5657,0.2151,0.6113,24.4122,5.6641,-6.9618
303034.3599,1113512,96,-0.5691,0.1787,0.6113,15.0687,0.2595,-10.2595
303034.3599,1113522,96,-0.5696,0.1531,0.6099,9.8321,-3.8473,-13.8015
303034.3599,1113532,96,-0.5798,0.1067,0.6101,4.6260,-7.2366,-17.0992
303034.3599,1113542,96,-0.5317,0.0332,0.6292,-1.4198,-10.8397,-17.7863
303034.4795,1113552,97,-0.5261,-0.0110,0.6504,-0.0153,-7.8168,-15.5420
303034.4795,1113562,97,-0.5449,0.0029,0.6587,4.9313,-4.4427,-11.6947
303034.4795,1113572,97,-0.5508,0.0437,0.6768,6.2290,-4.2290,-6.1221
303034.4795,1113582,97,-0.5596,0.0947,0.7112,6.8855,-3.6336,-1.9237
303034.4795,1113592,97,-0.5791,0.1445,0.7266,5.8473,-2.4580,-1.0382
303034.4795,1113602,97,-0.6040,0.1587,0.7136,0.7481,-1.4809,-2.0458
303034.4795,1113612,97,-0.6416,0.1558,0.6846,-5.5420,-1.4809,-3.2519
303034.4795,1113622,97,-0.6660,0.1462,0.6636,-10.3664,-3.2366,-4.5191
303034.4795,1113632,97,-0.6660,0.1350,0.6672,-12.9160,-4.8702,-5.1450
303034.4795,1113642,97,-0.6689,0.1245,0.6641,-13.0076,-4.8244,-5.8931
303034.5988,1113652,98,-0.6526,0.0833,0.6511,-11.6794,-3.5267,-6.8092
303034.5988,1113662,98,-0.6611,0.0645,0.6423,-7.3130,0.1069,-6.4885
303034.5988,1113672,98,-0.6899,0.0535,0.6177,-4.6870,2.6718,-4.7634
303034.5988,1113682,98,-0.7241,0.0537,0.5813,-5.2366,2.7328,-1.3435
303034.5988,1113692,98,-0.7288,0.0549,0.5894,-5.7099,1.4198,2.5954
303034.5988,1113702,98,-0.7305,0.0742,0.6218,-3.8168,0.7176,5.6336
303034.5988,1113712,98,-0.7349,0.0959,0.6399,-2.2137,0.0763,6.7939
303034.5988,1113722,98,-0.7458,0.0986,0.6438,-3.6489,0.0000,6.8702
303034.5988,1113732,98,-0.7656,0.0986,0.6392,-6.2443,-0.4580,7.2061
303034.5988,1113742,98,-0.7664,0.1028,0.6362,-8.3511,-2.5649,7.3435
303034.6597,1113752,99,-0.7683,0.1001,0.6392,-10.5344,-5.4962,6.7176
303034.6597,1113762,99,-0.7422,0.0835,0.6567,-12.3664,-7.5267,6.4275
303034.6597,1113772,99,-0.7273,0.0764,0.6741,-11.0229,-5.1756,6.5191
303034.6597,1113782,99,-0.7432,0.0825,0.6763,-8.7939,0.2748,5.5725
303034.6597,1113792,99,-0.7427,0.0701,0.6726,-10.5649,4.5649,4.0611
303034.6597,1113802,99,-0.7542,0.0593,0.6428,-14.7328,8.6107,2.8550
303034.6597,1113812,99,-0.7505,0.0276,0.6125,-18.8550,11.8168,1.0229
303034.6597,1113822,99,-0.7649,-0.0093,0.5842,-22.1374,13.9695,-1.1450
303034.6597,1113832,99,-0.7778,-0.0359,0.5486,-25.6031,13.2672,-2.7634
303034.6597,1113842,99,-0.7581,-0.0908,0.5229,-31.0687,9.3282,-4.2443
303034.7788,1113852,100,-0.7246,-0.1665,0.5059,-36.4427,5.0534,-5.9389
303034.7788,1113862,100,-0.6897,-0.2419,0.4817,-40.2901,3.4046,-6.4427
303034.7788,1113872,100,-0.6514,-0.3025,0.4417,-43.7405,1.9542,-5.9542
303034.7788,1113882,100,-0.5840,-0.3738,0.4224,-49.4504,-2.0305,-5.5878
303034.7788,1113892,100,-0.5271,-0.4473,0.4150,-56.9466,-6.5344,-3.5115
303034.7788,1113902,100,-0.4722,-0.4905,0.4150,-62.2137,-12.3359,0.3053
303034.7788,1113912,100,-0.4092,-0.5259,0.4307,-67.8931,-20.0153,4.8244
303034.7788,1113922,100,-0.3713,-0.5491,0.4463,-74.3511,-24.6260,11.7405
303034.7788,1113932,100,-0.3311,-0.5320,0.4473,-78.5191,-28.0916,20.5344
303034.7788,1113942,100,-0.2937,-0.4915,0.4429,-81.0687,-33.5725,29.3435
303034.8997,1113952,101,-0.2183,-0.4321,0.4341,-83.4351,-39.0840,37.4962
303034.8997,1113962,101,-0.1816,-0.3657,0.3928,-84.6870,-41.0840,43.8931
303034.8997,1113972,101,-0.1570,-0.2871,0.3279,-86.2901,-43.9389,48.2748
303034.8997,1113982,101,-0.1462,-0.2183,0.2493,-90.2748,-50.4275,50.9771
303034.8997,1113992,101,-0.1309,-0.1711,0.1956,-95.6183,-60.2748,52.8702
303034.8997,1114002,101,-0.1062,-0.1147,0.1602,-99.6183,-73.0229,54.7634
303034.8997,1114012,101,-0.0984,-0.0579,0.1274,-102.5649,-87.9542,55.6641
303034.8997,1114022,101,-0.0803,-0.0256,0.0972,-104.1374,-103.1603,55.6336
303034.8997,1114032,101,-0.0574,0.0137,0.1140,-99.7099,-117.4962,56.0916
303034.8997,1114042,101,-0.0403,0.0898,0.1726,-89.5420,-131.6336,56.2748
303034.9597,1114052,102,0.0657,0.1926,0.2820,-80.7939,-142.0305,54.7176
303034.9597,1114062,102,0.1333,0.2852,0.3850,-80.0611,-137.8473,50.5649
303034.9597,1114072,102,0.1218,0.3701,0.4297,-84.5802,-130.0000,43.0382
303034.9597,1114082,102,0.1128,0.4326,0.4622,-93.0382,-130.3511,31.2366
303034.9597,1114092,102,0.0779,0.4077,0.4695,-106.3817,-135.0382,16.7939
303034.9597,1114102,102,0.0449,0.3521,0.4939,-116.4580,-141.9084,2.0611
303034.9597,1114112,102,0.0803,0.2939,0.5183,-119.6336,-156.3206,-11.2672
303034.9597,1114122,102,0.1321,0.2556,0.5950,-116.0916,-171.9847,-21.3893
303034.9597,1114132,102,0.2317,0.2688,0.6990,-108.0458,-186.2595,-29.3893
303034.9597,1114142,102,0.2844,0.3530,0.8157,-98.1221,-195.0992,-34.1527
303035.0797,1114152,103,0.3530,0.4446,0.8994,-92.0611,-199.9389,-38.9313
303035.0797,1114162,103,0.3621,0.5105,0.9617,-93.3130,-199.6336,-47.8473
303035.0797,1114172,103,0.3367,0.5100,0.9695,-99.9695,-198.2137,-60.0916
303035.0797,1114182,103,0.3623,0.4119,0.9661,-109.3282,-194.9008,-74.4885
303035.0797,1114192,103,0.3882,0.2480,0.9792,-115.9542,-190.2290,-87.4351
303035.0797,1114202,103,0.4233,0.1143,1.0134,-112.4122,-188.2595,-92.8855
303035.0797,1114212,103,0.4995,0.0645,1.0979,-94.3664,-191.9847,-93.8626
303035.0797,1114222,103,0.5322,0.1353,1.2478,-71.6031,-195.8473,-91.8473
303035.0797,1114232,103,0.5957,0.2549,1.4233,-56.5954,-196.4733,-87.2366
303035.0797,1114242,103,0.6416,0.3364,1.5471,-51.2824,-191.3740,-86.8397
303035.1997,1114252,104,0.5989,0.3694,1.6042,-49.6947,-180.0305,-95.4351
303035.1997,1114262,104,0.5464,0.3323,1.6074,-51.2366,-168.9313,-111.4198
303035.1997,1114272,104,0.5298,0.2451,1.6606,-55.1908,-162.3817,-125.6336
303035.1997,1114282,104,0.5466,0.1436,1.7366,-57.0992,-160.4733,-132.1679
303035.1997,1114292,104,0.5774,0.0762,1.8286,-51.4809,-158.1374,-134.7481
303035.1997,1114302,104,0.6418,0.0474,1.9651,-41.3130,-156.2595,-136.1832
303035.1997,1114312,104,0.6831,0.0610,2.0808,-32.3664,-151.0382,-135.3282
303035.1997,1114322,104,0.7046,0.0925,2.1541,-26.8702,-138.3511,-134.4733
303035.1997,1114332,104,0.7341,0.0923,2.1941,-24.9924,-123.9237,-136.5191
303035.1997,1114342,104,0.7229,0.0613,2.1709,-24.6412,-105.9084,-141.4962
303035.2587,1114352,105,0.6807,0.0222,2.1086,-23.1145,-84.3511,-148.5038
303035.2587,1114362,105,0.6221,-0.0334,2.0283,-21.9389,-66.0458,-153.9847
303035.2587,1114372,105,0.5764,-0.0876,1.9604,-20.3359,-54.4733,-156.4427
303035.2587,1114382,105,0.5476,-0.0933,1.9324,-16.5191,-46.4580,-155.6336
303035.2587,1114392,105,0.5916,-0.1072,1.9792,-11.2824,-39.0229,-154.3817
303035.2587,1114402,105,0.6001,-0.1267,1.9980,-5.2824,-26.5802,-155.3435
303035.2587,1114412,105,0.5603,-0.1267,2.0378,-1.2977,-12.8702,-155.5267
303035.2587,1114422,105,0.5623,-0.1340,2.0566,-1.8473,-4.7939,-154.1374
303035.2587,1114432,105,0.5273,-0.1643,2.0515,-2.1527,5.7252,-155.8015
303035.2587,1114442,105,0.5166,-0.2051,2.0586,-1.8168,14.7481,-160.7023
303035.3800,1114452,106,0.5188,-0.2402,2.0791,-1.6947,22.4275,-164.2290
303035.3800,1114462,106,0.5425,-0.2727,2.1201,-2.4275,30.3511,-166.8702
303035.3800,1114472,106,0.5771,-0.3062,2.1567,-6.0611,38.7328,-170.0763
303035.3800,1114482,106,0.5996,-0.3542,2.1431,-14.4733,49.3740,-171.1603
303035.3800,1114492,106,0.5925,-0.3979,2.1182,-23.1298,61.6947,-172.0916
303035.3800,1114502,106,0.6406,-0.4863,2.1111,-30.6260,72.9466,-172.4275
303035.3800,1114512,106,0.6870,-0.6189,2.0813,-33.6641,87.5725,-170.8397
303035.3800,1114522,106,0.6511,-0.6902,2.0376,-28.6870,107.9237,-165.4962
303035.3800,1114532,106,0.6167,-0.7219,1.9753,-21.2061,122.9160,-157.1908
303035.3800,1114542,106,0.5964,-0.7551,1.9031,-14.1374,133.9695,-149.3740
303035.5000,1114552,107,0.5515,-0.7542,1.8765,-6.4733,143.1145,-143.2824
303035.5000,1114562,107,0.5442,-0.7188,1.8469,-2.7176,149.9695,-133.9389
303035.5000,1114572,107,0.5352,-0.6804,1.8022,-1.8168,156.3206,-126.6107
303035.5000,1114582,107,0.5662,-0.6775,1.7607,-3.8168,162.5344,-124.9466
303035.5000,1114592,107,0.5894,-0.7041,1.7058,-9.3282,169.2824,-123.3130
303035.5000,1114602,107,0.5811,-0.7219,1.6338,-15.0534,177.5267,-118.7481
303035.5000,1114612,107,0.5532,-0.7527,1.5464,-19.8015,185.6794,-111.7405
303035.5000,1114622,107,0.5012,-0.7747,1.4595,-21.5878,191.6641,-103.4351
303035.5000,1114632,107,0.4600,-0.8181,1.3767,-19.4046,192.8244,-96.1679
303035.5000,1114642,107,0.4158,-0.8684,1.3113,-13.2519,193.2824,-88.7481
303035.5597,1114652,108,0.3792,-0.8958,1.2654,-3.8321,194.4733,-79.9237
303035.5597,1114662,108,0.3398,-0.9241,1.2454,4.4427,196.0153,-70.6260
303035.5597,1114672,108,0.3022,-0.9421,1.2295,9.0840,196.6718,-59.3130
303035.5597,1114682,108,0.3137,-0.9485,1.2334,12.0153,192.6718,-47.3435
303035.5597,1114692,108,0.3281,-0.9246,1.2585,13.6947,188.8550,-35.7099
303035.5597,1114702,108,0.3242,-0.8865,1.2495,14.2595,186.8244,-24.7023
303035.5597,1114712,108,0.3147,-0.8933,1.2261,12.7939,186.5038,-17.1450
303035.5597,1114722,108,0.2751,-0.8691,1.1865,11.8779,188.8397,-9.7405
303035.5597,1114732,108,0.2515,-0.8403,1.1306,10.9008,188.5802,-0.8397
303035.5597,1114742,108,0.2087,-0.8230,1.0706,10.7939,189.1298,4.6870
303035.7380,1114752,109,0.1763,-0.7927,1.0190,10.4275,189.2824,9.5267
303035.7380,1114762,109,0.1682,-0.7568,0.9644,7.9084,187.1603,14.7481
303035.7380,1114772,109,0.1394,-0.7466,0.8970,3.7710,185.0382,18.8550
303035.7380,1114782,109,0.0952,-0.7573,0.8372,-0.6565,182.4427,22.4122
303035.7380,1114792,109,0.0796,-0.7520,0.8020,-3.2519,178.7481,29.4962
303035.7380,1114802,109,0.0642,-0.7117,0.7952,-2.4885,174.3206,37.6947
303035.7380,1114812,109,0.0559,-0.6592,0.7903,-0.7023,171.4198,43.2672
303035.7380,1114822,109,0.0271,-0.6306,0.7532,-1.4351,170.7328,46.9313
303035.7380,1114832,109,-0.0039,-0.5994,0.7083,-3.0229,170.7939,49.5573
303035.7380,1114842,109,-0.0269,-0.5730,0.6599,-7.2519,168.1527,52.0153
303035.7399,1114852,110,-0.0579,-0.5627,0.6008,-12.1679,163.1450,54.5802
303035.7399,1114862,110,-0.1055,-0.5403,0.5554,-16.2595,157.5420,57.9084
303035.7399,1114872,110,-0.1370,-0.5303,0.5034,-19.3893,150.1985,61.3740
303035.7399,1114882,110,-0.1714,-0.5249,0.4626,-20.2748,141.8321,63.0840
303035.7399,1114892,110,-0.1711,-0.5112,0.4480,-20.9313,133.5267,64.8550
303035.7399,1114902,110,-0.1545,-0.5103,0.4250,-23.6489,128.7481,66.9466
303035.7399,1114912,110,-0.1765,-0.5146,0.3862,-26.3664,128.2443,69.5725
303035.7399,1114922,110,-0.1860,-0.4861,0.3630,-27.3282,126.0153,74.0458
303035.7399,1114932,110,-0.2004,-0.4451,0.3379,-27.7252,121.5573,77.7863
303035.7399,1114942,110,-0.2146,-0.3896,0.3252,-29.7252,117.1298,78.8397
303035.8605,1114952,111,-0.2329,-0.3542,0.3103,-35.3893,111.2366,78.5344
303035.8605,1114962,111,-0.2458,-0.3379,0.2998,-43.2366,104.0916,77.5573
303035.8605,1114972,111,-0.2449,-0.3274,0.2983,-50.5191,95.4962,76.8092
303035.8605,1114982,111,-0.2244,-0.3350,0.3074,-57.6183,87.5267,76.3664
303035.8605,1114992,111,-0.1848,-0.3276,0.3071,-62.1832,81.6794,76.1069
303035.8605,1115002,111,-0.1816,-0.3279,0.2788,-65.5878,77.9389,76.5344
303035.8605,1115012,111,-0.2012,-0.3210,0.2422,-69.0382,75.3893,77.6794
303035.8605,1115022,111,-0.1953,-0.3303,0.1953,-73.4962,72.1832,80.7176
303035.8605,1115032,111,-0.2095,-0.3057,0.1626,-73.9847,66.4885,84.1069
303035.8605,1115042,111,-0.1970,-0.2556,0.1455,-73.8168,57.9237,87.0687
303035.9804,1115052,112,-0.1819,-0.1875,0.1399,-76.0000,50.4275,89.0076
303035.9804,1115062,112,-0.1733,-0.1270,0.1047,-82.1374,43.6031,89.3740
303035.9804,1115072,112,-0.1978,-0.1416,0.0244,-91.4046,38.9313,87.2061
303035.9804,1115082,112,-0.2417,-0.2073,-0.0688,-96.7481,33.3282,83.8321
303035.9804,1115092,112,-0.2715,-0.2568,-0.0969,-95.9542,19.3282,82.5954
303035.9804,1115102,112,-0.2312,-0.2742,-0.0400,-93.7099,-2.4580,86.0000
303035.9804,1115112,112,-0.1428,-0.2615,0.0447,-90.9160,-23.6641,91.9847
303035.9804,1115122,112,-0.0669,-0.1956,0.1375,-86.5649,-36.9008,98.2443
303035.9804,1115132,112,0.0227,-0.1072,0.2056,-84.9618,-45.2519,102.8397
303035.9804,1115142,112,0.0774,-0.0603,0.2441,-88.2901,-45.6947,105.4198
303036.0999,1115152,113,0.0662,-0.0193,0.2236,-93.3740,-36.2901,107.7863
303036.0999,1115162,113,0.0208,-0.0044,0.1428,-96.2595,-31.8168,108.3969
303036.0999,1115172,113,-0.0261,0.0049,0.0662,-95.8321,-37.3130,106.8397
303036.0999,1115182,113,-0.0266,0.0466,0.0745,-92.6107,-49.5115,106.1221
303036.0999,1115192,113,-0.0146,0.0854,0.0862,-91.5725,-63.2061,107.0992
303036.0999,1115202,113,-0.0210,0.0813,0.0691,-92.1221,-72.4122,107.9084
303036.0999,1115212,113,-0.0090,0.0815,0.0845,-88.5802,-82.3206,107.6641
303036.0999,1115222,113,0.0125,0.1218,0.1313,-81.9847,-94.4275,108.6412
303036.0999,1115232,113,0.0588,0.1895,0.1775,-76.8092,-106.4427,109.6489
303036.0999,1115242,113,0.1038,0.2578,0.2676,-74.7634,-116.3511,107.6947
303036.1603,1115252,114,0.1260,0.3438,0.3618,-74.5191,-122.6718,106.7634
303036.1603,1115262,114,0.1196,0.4434,0.4590,-77.0534,-126.1221,106.3511
303036.1603,1115272,114,0.1030,0.4756,0.4822,-85.8931,-128.7786,99.6641
303036.1603,1115282,114,0.0459,0.4717,0.4700,-95.7863,-128.0611,89.5878
303036.1603,1115292,114,0.0295,0.4714,0.5059,-104.3511,-131.5878,79.8015
303036.1603,1115302,114,0.0735,0.4717,0.6116,-113.9389,-139.6641,71.1450
303036.1603,1115312,114,0.1492,0.5203,0.7598,-120.5344,-145.1603,64.9466
303036.1603,1115322,114,0.2271,0.6228,0.9197,-125.4656,-149.1603,57.5573
303036.1603,1115332,114,0.2412,0.6902,1.0393,-135.0687,-147.8168,45.2824
303036.1603,1115342,114,0.1714,0.7278,1.0540,-146.0153,-140.2443,24.3359
303036.2798,1115352,115,0.0247,0.5999,0.9209,-162.0458,-132.1221,-0.5191
303036.2798,1115362,115,-0.1052,0.3887,0.8093,-174.0458,-129.0840,-19.4198
303036.2798,1115372,115,-0.1292,0.2102,0.7705,-170.6107,-141.1603,-30.6412
303036.2798,1115382,115,-0.0276,0.0945,0.8857,-151.3740,-160.3053,-34.3053
303036.2798,1115392,115,0.1306,0.1418,1.0784,-124.0763,-174.3053,-30.0611
303036.2798,1115402,115,0.1799,0.2808,1.2717,-100.3969,-177.8779,-23.2977
303036.2798,1115412,115,0.1917,0.3909,1.3726,-89.0382,-176.8244,-23.2977
303036.2798,1115422,115,0.1653,0.4363,1.4165,-87.5115,-169.3282,-30.7481
303036.2798,1115432,115,0.1145,0.4353,1.4419,-90.4275,-159.3588,-40.2137
303036.2798,1115442,115,0.0798,0.4116,1.4639,-92.2137,-155.3588,-50.0611
303036.4003,1115452,116,0.1140,0.3838,1.5244,-89.6183,-157.3435,-60.7481
303036.4003,1115462,116,0.1873,0.3474,1.6123,-84.2290,-159.5115,-70.5496
303036.4003,1115472,116,0.2371,0.3235,1.6746,-79.0382,-156.3969,-78.4885
303036.4003,1115482,116,0.2153,0.2747,1.6726,-76.3664,-148.3969,-84.9618
303036.4003,1115492,116,0.1345,0.1865,1.6191,-73.8473,-135.4351,-90.0916
303036.4003,1115502,116,0.0884,0.1467,1.5999,-64.9618,-129.1603,-90.9466
303036.4003,1115512,116,0.1133,0.1428,1.6519,-50.0153,-134.0763,-88.8702
303036.4003,1115522,116,0.1875,0.2017,1.7473,-31.9542,-137.2214,-87.6947
303036.4003,1115532,116,0.2451,0.2700,1.8386,-16.5496,-135.0076,-89.8321
303036.4003,1115542,116,0.3176,0.2969,1.9099,-10.6107,-130.2137,-93.9084
303036.4597,1115552,117,0.3599,0.3132,1.9153,-10.6107,-120.0611,-99.9389
303036.4597,1115562,117,0.3745,0.3152,1.9114,-16.3053,-108.4122,-107.5573
303036.4597,1115572,117,0.3943,0.3008,1.8652,-26.0916,-97.6489,-115.4198
303036.4597,1115582,117,0.3853,0.2202,1.7544,-34.2901,-84.9313,-125.4656
303036.4597,1115592,117,0.3037,0.1025,1.6279,-37.1450,-72.7939,-136.9160
303036.4597,1115602,117,0.2229,-0.0388,1.5164,-34.0763,-67.6031,-143.2672
303036.4597,1115612,117,0.1694,-0.1008,1.5332,-19.4046,-69.5573,-143.0992
303036.4597,1115622,117,0.2239,-0.0750,1.6655,-0.2137,-75.2824,-139.2977
303036.4597,1115632,117,0.3037,0.0098,1.8306,14.7786,-75.8931,-137.6489
303036.4597,1115642,117,0.3733,0.0552,1.9600,17.8473,-70.0916,-139.9237
303036.5797,1115652,118,0.4292,0.0176,2.0305,11.3893,-59.2977,-145.4962
303036.5797,1115662,118,0.4702,-0.0557,2.0439,3.9695,-43.9847,-152.2290
303036.5797,1115672,118,0.4609,-0.1487,2.0110,-2.3817,-28.4733,-157.3740
303036.5797,1115682,118,0.4495,-0.2170,1.9463,-5.5725,-14.9466,-158.9618
303036.5797,1115692,118,0.4319,-0.2585,1.9067,-3.6336,-4.7939,-158.8550
303036.5797,1115702,118,0.4199,-0.2820,1.8706,-0.2443,2.9618,-158.5344
303036.5797,1115712,118,0.4126,-0.2900,1.8635,2.0916,10.8244,-157.5267
303036.5797,1115722,118,0.4050,-0.2803,1.8599,2.9924,18.5954,-155.7863
303036.5797,1115732,118,0.4094,-0.2781,1.8733,2.2290,26.4580,-154.5802
303036.5797,1115742,118,0.4299,-0.2937,1.8850,0.4122,35.0840,-154.6412
303036.6998,1115752,119,0.4597,-0.3108,1.8979,-1.4046,45.0534,-155.1756
303036.6998,1115762,119,0.4900,-0.3264,1.9048,-3.9084,56.8702,-154.9008
303036.6998,1115772,119,0.5122,-0.3850,1.8586,-7.2824,69.6794,-154.8550
303036.6998,1115782,119,0.4854,-0.4351,1.8135,-8.8855,82.7481,-154.7481
303036.6998,1115792,119,0.4932,-0.4487,1.7827,-8.6412,91.6336,-152.2290
303036.6998,1115802,119,0.4832,-0.4856,1.7437,-10.5954,100.7939,-149.3588
303036.6998,1115812,119,0.4497,-0.5195,1.6824,-12.3817,110.3053,-147.1450
303036.6998,1115822,119,0.4319,-0.5776,1.6313,-14.0611,115.8015,-144.1985
303036.6998,1115832,119,0.4119,-0.6335,1.5969,-14.5344,119.4046,-139.6489
303036.6998,1115842,119,0.4070,-0.6707,1.5693,-12.7481,122.0458,-132.4580
303036.7602,1115852,120,0.3865,-0.6946,1.5557,-9.5573,125.3740,-124.6260
303036.7602,1115862,120,0.3867,-0.6868,1.5605,-6.2595,129.9695,-115.8931
303036.7602,1115872,120,0.4067,-0.6799,1.5747,-4.0153,133.5878,-107.8626
303036.7602,1115882,120,0.3889,-0.6558,1.5647,-2.7481,139.3282,-101.1603
303036.7602,1115892,120,0.3809,-0.6707,1.5225,-3.9389,144.4885,-96.3053
303036.7602,1115902,120,0.3247,-0.6963,1.4590,-4.3817,150.5496,-92.4733
303036.7602,1115912,120,0.2974,-0.7183,1.4016,-4.5649,154.2901,-87.8015
303036.7602,1115922,120,0.2759,-0.7737,1.3352,-5.0382,156.8092,-81.6336
303036.7602,1115932,120,0.2356,-0.8127,1.2830,-2.6107,159.7252,-74.8702
303036.7602,1115942,120,0.1968,-0.8320,1.2402,0.4275,160.0458,-66.2443
303036.8798,1115952,121,0.1868,-0.8433,1.2334,3.4504,158.5038,-56.3511
303036.8798,1115962,121,0.1899,-0.8159,1.2415,6.7176,158.3969,-46.4580
303036.8798,1115972,121,0.1726,-0.8010,1.2305,7.7405,159.2366,-38.2595
303036.8798,1115982,121,0.1455,-0.7869,1.2043,7.5115,160.4733,-32.2290
303036.8798,1115992,121,0.1331,-0.7893,1.1768,4.8550,161.5878,-26.4885
303036.8798,1116002,121,0.0979,-0.7917,1.1289,2.7328,163.4198,-20.0000
303036.8798,1116012,121,0.0798,-0.7703,1.0923,2.9924,165.0534,-13.0229
303036.8798,1116022,121,0.0967,-0.7354,1.0640,2.4885,165.4962,-6.3817
303036.8798,1116032,121,0.0955,-0.7170,1.0244,0.1374,166.1374,-1.6336
303036.8798,1116042,121,0.0896,-0.7114,0.9785,-3.1908,168.4733,2.3817
303036.9988,1116052,122,0.0562,-0.6921,0.9348,-5.5725,171.5725,6.7176
303036.9988,1116062,122,0.0164,-0.6843,0.8711,-9.2061,173.6183,11.1908
303036.9988,1116072,122,-0.0254,-0.7083,0.7966,-13.1450,174.1985,14.4122
303036.9988,1116082,122,-0.0593,-0.7141,0.7478,-15.2977,172.1679,18.3817
303036.9988,1116092,122,-0.0496,-0.7078,0.7183,-17.8015,167.8473,23.4962
303036.9988,1116102,122,-0.0786,-0.7173,0.6699,-21.8168,165.2366,28.4580
303036.9988,1116112,122,-0.1221,-0.7241,0.6174,-24.5344,162.7176,34.4427
303036.9988,1116122,122,-0.1436,-0.7122,0.5864,-25.8015,156.6718,40.6107
303036.9988,1116132,122,-0.1333,-0.7048,0.5784,-27.2519,151.0229,46.6260
303036.9988,1116142,122,-0.1768,-0.6787,0.5469,-27.5573,149.8321,52.9160
303037.0599,1116152,123,-0.1953,-0.6306,0.5168,-28.9466,148.5649,58.2443
303037.0599,1116162,123,-0.1965,-0.6072,0.4871,-32.7939,145.1603,62.0763
303037.0599,1116172,123,-0.2061,-0.5928,0.4497,-36.5954,140.5191,64.9008
303037.0599,1116182,123,-0.2219,-0.5872,0.4148,-39.6031,134.7176,67.9389
303037.0599,1116192,123,-0.2637,-0.5803,0.3789,-41.5420,129.0992,72.1221
303037.0599,1116202,123,-0.2866,-0.5454,0.3516,-42.0916,123.9389,76.5496
303037.0599,1116212,123,-0.2974,-0.4785,0.3298,-44.0000,117.9084,80.1221
303037.0599,1116222,123,-0.3147,-0.4397,0.2944,-48.8397,111.9847,82.9160
303037.0599,1116232,123,-0.3423,-0.4207,0.2559,-52.8855,106.4427,83.7710
303037.0599,1116242,123,-0.3613,-0.4033,0.2373,-56.7939,99.5725,84.3206
303037.1804,1116252,124,-0.3660,-0.4067,0.2183,-60.9313,90.5802,86.3664
303037.1804,1116262,124,-0.3555,-0.3860,0.2310,-60.4580,81.9695,87.6947
303037.1804,1116272,124,-0.3506,-0.3713,0.2244,-59.0382,74.6260,88.0916
303037.1804,1116282,124,-0.3560,-0.3625,0.2029,-59.7252,70.1374,89.1756
303037.1804,1116292,124,-0.3430,-0.3496,0.1833,-61.8626,65.1908,90.6412
303037.1804,1116302,124,-0.3137,-0.3521,0.1548,-64.5038,60.3359,92.1832
303037.1804,1116312,124,-0.3064,-0.3423,0.1379,-64.9466,57.9084,95.0382
303037.1804,1116322,124,-0.2944,-0.2852,0.1321,-63.4351,53.6794,97.9847
303037.1804,1116332,124,-0.2732,-0.2207,0.1265,-65.2977,48.0763,99.0534
303037.1804,1116342,124,-0.2876,-0.2205,0.0742,-70.9160,43.0076,97.5115
303037.2989,1116352,125,-0.3035,-0.2222,0.0376,-76.1221,36.6870,95.9237
303037.2989,1116362,125,-0.2854,-0.2400,0.0195,-81.0229,25.2366,96.3664
303037.2989,1116372,125,-0.2407,-0.2485,0.0215,-82.9313,12.5038,97.0382
303037.2989,1116382,125,-0.1965,-0.2271,0.0339,-81.5878,3.3282,97.7710
303037.2989,1116392,125,-0.1731,-0.1716,0.0442,-82.3664,-4.7634,99.4962
303037.2989,1116402,125,-0.1521,-0.1274,0.0452,-86.7786,-11.5420,101.0382
303037.2989,1116412,125,-0.1384,-0.0769,0.0266,-91.7252,-18.2901,101.0076
303037.2989,1116422,125,-0.1377,-0.0671,0.0093,-97.3740,-27.0992,99.2672
303037.2989,1116432,125,-0.1689,-0.0825,-0.0251,-102.1221,-35.2214,98.2443
303037.2989,1116442,125,-0.1899,-0.0757,-0.0364,-102.6565,-44.4427,97.7252
303037.3614,1116452,126,-0.1782,-0.0723,-0.0100,-101.9237,-56.9313,97.1603
303037.3614,1116462,126,-0.1399,-0.0449,0.0383,-98.9466,-69.2824,97.5115
303037.3614,1116472,126,-0.0972,0.0205,0.0994,-95.7252,-79.0840,96.4580
303037.3614,1116482,126,-0.0774,0.0403,0.1418,-98.4580,-87.5573,93.2977
303037.3614,1116492,126,-0.0588,0.0054,0.1636,-103.2824,-93.3282,90.7023
303037.3614,1116502,126,-0.0217,0.0088,0.1990,-102.7176,-96.9924,89.4809
303037.3614,1116512,126,0.0017,0.0044,0.2305,-102.1069,-103.9389,86.4275
303037.3614,1116522,126,0.0098,-0.0039,0.2476,-101.8779,-111.0382,84.0000
303037.3614,1116532,126,0.0322,0.0120,0.3115,-99.2977,-118.6870,83.3435
303037.3614,1116542,126,0.0662,0.0742,0.3911,-96.5802,-127.4198,84.2595
303037.4804,1116552,127,0.1113,0.1467,0.4646,-95.5267,-133.1603,83.2061
303037.4804,1116562,127,0.1636,0.1980,0.5222,-99.1603,-135.9084,77.1298
303037.4804,1116572,127,0.1963,0.2126,0.5415,-107.7710,-138.7939,68.4122
303037.4804,1116582,127,0.2092,0.1833,0.5605,-119.8931,-142.9924,58.8855
303037.4804,1116592,127,0.2537,0.1489,0.5781,-130.0611,-148.5344,48.7786
303037.4804,1116602,127,0.2244,0.1074,0.5942,-135.4962,-153.7557,41.1756
303037.4804,1116612,127,0.1707,0.0750,0.5940,-136.7176,-161.1603,38.3359
303037.4804,1116622,127,0.1570,0.0144,0.5752,-134.0763,-171.0840,37.1450
303037.4804,1116632,127,0.0928,-0.0237,0.6101,-120.9313,-180.7939,37.4046
303037.4804,1116642,127,0.1108,-0.0171,0.6675,-99.0687,-195.1145,41.4656
303037.6098,1116652,128,0.0889,0.1089,0.8286,-71.8473,-207.6641,47.1756
303037.6098,1116662,128,0.1648,0.3792,1.0559,-47.5420,-224.3969,53.2366
303037.6098,1116672,128,0.3191,0.6526,1.3289,-40.6718,-241.4351,51.8473
303037.6098,1116682,128,0.4819,0.8457,1.5569,-54.8092,-245.2824,39.7405
303037.6098,1116692,128,0.4958,0.8853,1.6028,-82.5649,-225.2519,19.7557
303037.6098,1116702,128,0.3787,0.7627,1.4482,-110.0305,-194.8702,-7.3130
303037.6098,1116712,128,0.1633,0.5542,1.2581,-131.4962,-172.3053,-32.6260
303037.6098,1116722,128,-0.0073,0.3977,1.1448,-138.5191,-170.5649,-44.0611
303037.6098,1116732,128,0.0586,0.3083,1.1851,-127.5725,-188.1679,-47.0229
303037.6098,1116742,128,0.2056,0.3528,1.3589,-102.6412,-202.6870,-53.9084
303037.6595,1116752,129,0.3486,0.4497,1.5605,-83.4351,-207.8626,-61.6794
303037.6595,1116762,129,0.4922,0.5093,1.7131,-80.9771,-201.6489,-68.2901
303037.6595,1116772,129,0.4932,0.4714,1.7390,-91.7405,-183.6031,-76.4122
303037.6595,1116782,129,0.4106,0.3665,1.6763,-103.6641,-165.7099,-86.6260
303037.6595,1116792,129,0.3469,0.2476,1.6125,-107.3588,-157.7710,-95.3588
303037.6595,1116802,129,0.3501,0.1602,1.6167,-97.7710,-158.2290,-100.5954
303037.6595,1116812,129,0.4131,0.1440,1.6960,-78.6107,-160.9466,-104.5038
303037.6595,1116822,129,0.5015,0.1726,1.7915,-59.6794,-159.2824,-106.8855
303037.6595,1116832,129,0.5684,0.2278,1.8694,-46.7023,-150.2901,-110.3206
303037.6595,1116842,129,0.5906,0.2393,1.8997,-43.2977,-137.4351,-115.8473
303037.7788,1116852,130,0.6023,0.2205,1.8879,-46.0153,-127.0687,-122.7176
303037.7788,1116862,130,0.5906,0.1436,1.8333,-51.8015,-116.9618,-128.2748
303037.7788,1116872,130,0.5347,0.0435,1.7502,-53.5267,-105.8168,-132.8092
303037.7788,1116882,130,0.4861,-0.0234,1.6885,-48.2290,-99.0534,-135.3740
303037.7788,1116892,130,0.4832,-0.0623,1.6685,-36.0458,-97.0534,-134.5038
303037.7788,1116902,130,0.5276,-0.0408,1.7195,-18.4885,-94.8092,-133.9695
303037.7788,1116912,130,0.5732,0.0002,1.7825,-3.0229,-90.3664,-133.8779
303037.7788,1116922,130,0.6138,0.0667,1.8452,6.5038,-84.3359,-134.8855
303037.7788,1116932,130,0.6575,0.1130,1.9048,7.7405,-76.4275,-138.2595
303037.7788,1116942,130,0.6631,0.1265,1.9036,0.8092,-65.1145,-143.1908
303037.8996,1116952,131,0.6455,0.1035,1.8511,-9.2824,-52.7786,-150.3359
303037.8996,1116962,131,0.6401,0.0129,1.7903,-17.5267,-43.2214,-159.6641
303037.8996,1116972,131,0.6416,-0.1304,1.7463,-21.5115,-36.5802,-167.6031
303037.8996,1116982,131,0.6504,-0.2578,1.7371,-17.4809,-30.5191,-170.1374
303037.8996,1116992,131,0.6694,-0.3064,1.7605,-3.5115,-23.7863,-167.7710
303037.8996,1117002,131,0.6838,-0.2866,1.7974,12.6565,-16.5344,-163.6336
303037.8996,1117012,131,0.6719,-0.2402,1.8193,22.8244,-7.5115,-160.7634
303037.8996,1117022,131,0.6597,-0.1970,1.8340,24.7634,0.8702,-159.7252
303037.8996,1117032,131,0.6897,-0.1848,1.8538,18.4275,7.1298,-160.5191
303037.8996,1117042,131,0.7002,-0.1848,1.8635,6.9924,16.4427,-161.1145
303037.9607,1117052,132,0.7183,-0.2053,1.8479,-5.4198,26.3817,-161.5878
303037.9607,1117062,132,0.7209,-0.2339,1.8252,-15.2519,35.6183,-163.4351
303037.9607,1117072,132,0.7534,-0.2856,1.8147,-22.5649,42.8550,-165.6489
303037.9607,1117082,132,0.7839,-0.3667,1.8086,-26.5344,51.2214,-167.1756
303037.9607,1117092,132,0.7939,-0.4131,1.8052,-26.1985,61.6031,-166.3969
303037.9607,1117102,132,0.8237,-0.4414,1.7815,-26.1069,70.5649,-164.0153
303037.9607,1117112,132,0.7976,-0.4622,1.7275,-27.0382,82.8702,-160.2290
303037.9607,1117122,132,0.7761,-0.4956,1.6494,-30.4733,93.1603,-157.1298
303037.9607,1117132,132,0.7839,-0.5388,1.5833,-34.2901,102.5038,-153.6641
303037.9607,1117142,132,0.7830,-0.6125,1.5259,-37.6947,111.5878,-150.1527
303038.0789,1117152,133,0.7617,-0.6733,1.4849,-38.9313,119.2214,-143.6183
303038.0789,1117162,133,0.7524,-0.7063,1.4651,-37.0229,123.4504,-133.5878
303038.0789,1117172,133,0.7310,-0.6917,1.4612,-31.4962,128.9160,-123.3282
303038.0789,1117182,133,0.6870,-0.6570,1.4561,-26.5802,137.3435,-114.9618
303038.0789,1117192,133,0.6353,-0.6226,1.4312,-26.1374,143.9542,-107.2824
303038.0789,1117202,133,0.6128,-0.6196,1.3918,-28.8550,147.3588,-99.6641
303038.0789,1117212,133,0.5740,-0.6172,1.3521,-29.1298,152.7023,-93.8015
303038.0789,1117222,133,0.5278,-0.6260,1.3062,-27.9847,156.6412,-89.2214
303038.0789,1117232,133,0.5063,-0.6438,1.2671,-27.2366,158.5802,-84.3817
303038.0789,1117242,133,0.4756,-0.6472,1.2361,-26.0153,160.3206,-79.2366
303038.1998,1117252,134,0.4612,-0.6355,1.2085,-26.0611,160.2595,-72.5496
303038.1998,1117262,134,0.4663,-0.6243,1.1841,-28.1221,159.6031,-66.5496
303038.1998,1117272,134,0.4844,-0.6340,1.1743,-32.4733,162.0916,-60.3511
303038.1998,1117282,134,0.4512,-0.6587,1.1306,-34.7786,168.4733,-53.5878
303038.1998,1117292,134,0.3989,-0.6609,1.0840,-33.8626,172.1527,-47.2977
303038.1998,1117302,134,0.3696,-0.6699,1.0410,-32.5649,172.3206,-40.8092
303038.1998,1117312,134,0.3435,-0.6921,1.0051,-30.0153,173.3282,-35.4504
303038.1998,1117322,134,0.3086,-0.6936,0.9739,-26.2595,174.6565,-28.8855
303038.1998,1117332,134,0.2695,-0.7041,0.9221,-22.8855,174.9771,-21.6031
303038.1998,1117342,134,0.2266,-0.7009,0.8906,-19.4656,172.6107,-15.5878
303038.2590,1117352,135,0.2021,-0.6890,0.8740,-17.3435,168.1374,-8.7481
303038.2590,1117362,135,0.1960,-0.6853,0.8635,-17.6183,163.7405,-1.3435
303038.2590,1117372,135,0.1724,-0.6755,0.8394,-18.7328,161.1298,5.3893
303038.2590,1117382,135,0.1624,-0.6665,0.8193,-20.0916,157.3435,12.0916
303038.2590,1117392,135,0.1450,-0.6511,0.7969,-20.9771,154.4427,18.3359
303038.2590,1117402,135,0.1165,-0.6509,0.7708,-22.2748,151.4962,24.1679
303038.2590,1117412,135,0.0986,-0.6277,0.7542,-22.9771,148.8092,31.2214
303038.2590,1117422,135,0.0776,-0.6064,0.7310,-23.0229,148.0916,38.0153
303038.2590,1117432,135,0.0190,-0.5959,0.6687,-22.5344,149.0534,43.0076
303038.2590,1117442,135,-0.0400,-0.5947,0.6162,-21.2824,147.4046,47.4198
303038.3786,1117452,136,-0.0757,-0.5586,0.5962,-17.9847,143.7252,52.9618
303038.3786,1117462,136,-0.1135,-0.5183,0.5793,-15.8626,138.9008,58.7023
303038.3786,1117472,136,-0.1545,-0.4788,0.5706,-14.9618,133.3893,62.6565
303038.3786,1117482,136,-0.1965,-0.4363,0.5552,-15.2824,127.3588,65.6947
303038.3786,1117492,136,-0.2083,-0.4080,0.5562,-17.2366,120.6260,67.3435
303038.3786,1117502,136,-0.2373,-0.4004,0.5330,-19.7405,115.2061,68.2595
303038.3786,1117512,136,-0.2524,-0.4023,0.5122,-21.3435,110.6412,68.5649
303038.3786,1117522,136,-0.2632,-0.4075,0.5032,-21.4198,107.2366,69.1298
303038.3786,1117532,136,-0.2661,-0.4099,0.5017,-20.1374,103.7405,70.5649
303038.3786,1117542,136,-0.2607,-0.3923,0.5129,-17.1756,100.9771,73.0687
303038.4996,1117552,137,-0.2747,-0.3438,0.5085,-15.4504,98.1985,75.9847
303038.4996,1117562,137,-0.2725,-0.3198,0.5049,-18.0763,93.2672,77.4656
303038.4996,1117572,137,-0.2810,-0.3057,0.4929,-22.2290,88.7481,77.8473
303038.4996,1117582,137,-0.3032,-0.3186,0.4575,-27.5420,85.3740,79.3282
303038.4996,1117592,137,-0.3479,-0.3293,0.4009,-30.9313,81.3282,81.4809
303038.4996,1117602,137,-0.3596,-0.3115,0.3894,-30.8397,73.4656,84.1985
303038.4996,1117612,137,-0.3284,-0.2551,0.4260,-30.9771,63.8779,87.2061
303038.4996,1117622,137,-0.3113,-0.2153,0.4443,-32.2901,58.9008,89.8473
303038.4996,1117632,137,-0.3101,-0.1770,0.4565,-31.7863,57.3588,89.8626
303038.4996,1117642,137,-0.3228,-0.1648,0.4497,-31.8168,56.9008,88.6107
303038.5598,1117652,138,-0.3501,-0.1558,0.4167,-32.4580,56.0916,87.9847
303038.5598,1117662,138,-0.3757,-0.1416,0.3857,-32.8244,53.3893,88.0611
303038.5598,1117672,138,-0.3745,-0.1370,0.3789,-32.9924,47.8931,89.0992
303038.5598,1117682,138,-0.3755,-0.1191,0.3821,-31.8779,42.6565,91.0076
303038.5598,1117692,138,-0.3838,-0.0894,0.3914,-30.6565,38.5649,93.0534
303038.5598,1117702,138,-0.3538,-0.0615,0.3960,-30.7176,33.5420,94.0153
303038.5598,1117712,138,-0.3413,-0.0325,0.4062,-30.9924,30.2595,94.7328
303038.5598,1117722,138,-0.3450,0.0142,0.3894,-30.3359,27.8931,95.6031
303038.5598,1117732,138,-0.3538,0.0728,0.3809,-30.7023,25.4504,95.9695
303038.5598,1117742,138,-0.3613,0.0898,0.3613,-32.8244,22.9618,94.7786
303038.6798,1117752,139,-0.3752,0.1045,0.3374,-33.5267,22.2290,92.5038
303038.6798,1117762,139,-0.3970,0.1206,0.3081,-33.7557,19.6947,89.9389
303038.6798,1117772,139,-0.4075,0.1172,0.2834,-35.0992,13.8321,87.8168
303038.6798,1117782,139,-0.4092,0.1174,0.2659,-36.0611,6.4885,85.9389
303038.6798,1117792,139,-0.3979,0.0974,0.2581,-38.2137,-2.3511,84.6107
303038.6798,1117802,139,-0.3855,0.0642,0.2422,-39.0992,-10.7634,84.8092
303038.6798,1117812,139,-0.3806,0.0488,0.2231,-35.4962,-18.1069,86.2137
303038.6798,1117822,139,-0.3970,0.0369,0.2014,-30.2443,-25.2519,88.3511
303038.6798,1117832,139,-0.3911,0.0298,0.1997,-23.0382,-32.7939,92.4733
303038.6798,1117842,139,-0.4004,0.0552,0.2251,-12.9313,-40.0458,99.3130
303038.7997,1117852,140,-0.4370,0.1462,0.2693,0.3206,-45.1908,108.3511
303038.7997,1117862,140,-0.4866,0.2712,0.3477,14.5038,-49.7710,114.2595
303038.7997,1117872,140,-0.4976,0.3984,0.4341,24.8092,-56.2443,116.3206
303038.7997,1117882,140,-0.5051,0.5049,0.5396,27.7863,-62.2748,116.4733
303038.7997,1117892,140,-0.5332,0.6240,0.6516,27.1298,-66.1679,113.3893
303038.7997,1117902,140,-0.5474,0.7231,0.7546,21.6641,-69.2061,107.2977
303038.7997,1117912,140,-0.5298,0.7512,0.8613,12.2443,-69.4809,97.4046
303038.7997,1117922,140,-0.5474,0.7595,0.9497,4.8397,-64.1221,84.4885
303038.7997,1117932,140,-0.5530,0.7324,1.0100,-2.3359,-59.5267,71.9695
303038.7997,1117942,140,-0.5552,0.7139,1.0588,-8.3664,-56.1985,61.7557
303038.8601,1117952,141,-0.5625,0.7036,1.1001,-12.8855,-50.1527,53.8779
303038.8601,1117962,141,-0.5842,0.6892,1.1123,-16.3053,-43.1298,47.1298
303038.8601,1117972,141,-0.5930,0.6648,1.1104,-18.8397,-37.7252,40.8244
303038.8601,1117982,141,-0.6018,0.6533,1.1030,-18.9160,-32.2595,35.2214
303038.8601,1117992,141,-0.6040,0.6619,1.0857,-18.5496,-26.9008,29.4809
303038.8601,1118002,141,-0.6130,0.6580,1.0601,-20.0458,-21.4656,22.7939
303038.8601,1118012,141,-0.6445,0.6450,1.0249,-24.1679,-16.8092,16.5344
303038.8601,1118022,141,-0.6514,0.6101,0.9873,-30.2443,-15.7557,10.7939
303038.8601,1118032,141,-0.6404,0.5344,0.9729,-34.7634,-15.9389,4.9160
303038.8601,1118042,141,-0.6350,0.4792,0.9658,-34.8397,-14.6412,0.2137
303038.9808,1118052,142,-0.6292,0.4248,0.9490,-33.8473,-12.5496,-2.6565
303038.9808,1118062,142,-0.6238,0.3682,0.9365,-30.6870,-10.2137,-4.3511
303038.9808,1118072,142,-0.6143,0.3230,0.9351,-25.3435,-8.3206,-4.0611
303038.9808,1118082,142,-0.6055,0.3162,0.9258,-19.9542,-7.1908,-1.8779
303038.9808,1118092,142,-0.5925,0.3115,0.9150,-17.3893,-6.6565,0.2901
303038.9808,1118102,142,-0.5959,0.3047,0.9011,-15.0992,-5.6336,0.5802
303038.9808,1118112,142,-0.6069,0.3003,0.8892,-12.4733,-5.5267,-0.1679
303038.9808,1118122,142,-0.6091,0.2905,0.8843,-12.1374,-6.7481,-0.5344
303038.9808,1118132,142,-0.6082,0.2861,0.8789,-13.6183,-8.0458,-0.1985
303038.9808,1118142,142,-0.5962,0.2788,0.8923,-15.0382,-9.8168,0.1679
303039.0985,1118152,143,-0.5615,0.2593,0.9094,-15.4962,-10.6718,0.0458
303039.0985,1118162,143,-0.5388,0.2410,0.9280,-14.0153,-8.1985,-0.1221
303039.0985,1118172,143,-0.5471,0.2373,0.9312,-11.2366,-4.3206,0.4885
303039.0985,1118182,143,-0.5544,0.2297,0.9131,-9.0382,-2.2290,1.6794
303039.0985,1118192,143,-0.5530,0.2351,0.9050,-5.9695,-0.6412,2.8244
303039.0985,1118202,143,-0.5525,0.2585,0.8965,-3.1450,0.7023,3.6947
303039.0985,1118212,143,-0.5557,0.2795,0.8853,-2.8397,1.7252,3.6489
303039.0985,1118222,143,-0.5596,0.2839,0.8650,-5.1145,2.5802,3.2366
303039.0985,1118232,143,-0.5564,0.2876,0.8496,-7.1908,2.8244,2.3969
303039.0985,1118242,143,-0.5549,0.2830,0.8315,-9.5267,2.5649,1.3740
303039.1586,1118252,144,-0.5654,0.2761,0.8123,-11.7252,2.2290,0.6260
303039.1586,1118262,144,-0.5557,0.2554,0.8013,-12.7176,2.3511,0.3969
303039.1586,1118272,144,-0.5405,0.2563,0.8096,-11.0687,3.8931,0.4122
303039.1586,1118282,144,-0.5464,0.2402,0.7974,-9.5420,5.2519,0.6412
303039.1586,1118292,144,-0.5508,0.2351,0.7744,-6.7481,5.8015,0.9771
303039.1586,1118302,144,-0.5581,0.2500,0.7795,-3.3435,5.2824,1.4656
303039.1586,1118312,144,-0.5562,0.2717,0.7661,-1.8168,3.9695,1.7557
303039.1586,1118322,144,-0.5591,0.2832,0.7454,-2.3969,2.7023,1.2366
303039.1586,1118332,144,-0.5596,0.2786,0.7424,-4.4122,0.3969,0.4122
303039.1586,1118342,144,-0.5559,0.2749,0.7332,-6.2137,-2.4275,0.1527
303039.2785,1118352,145,-0.5496,0.2791,0.7346,-6.3206,-4.8244,0.1832
303039.2785,1118362,145,-0.5513,0.3091,0.7512,-5.4198,-6.6565,0.2443
303039.2785,1118372,145,-0.5271,0.3315,0.7773,-5.5878,-7.6489,0.2290
303039.2785,1118382,145,-0.5259,0.3442,0.7854,-5.0076,-5.9847,-1.1908
303039.2785,1118392,145,-0.5291,0.3672,0.7900,-4.2748,-4.7328,-3.2214
303039.2785,1118402,145,-0.5317,0.3875,0.7808,-4.1832,-4.7481,-5.1145
303039.2785,1118412,145,-0.5396,0.4021,0.7769,-3.9389,-5.0687,-7.4504
303039.2785,1118422,145,-0.5237,0.4167,0.7705,-3.9542,-6.3053,-10.1679
303039.2785,1118432,145,-0.5183,0.4307,0.7551,-4.5038,-6.4580,-13.2214
303039.2785,1118442,145,-0.5234,0.4409,0.7363,-5.9237,-6.2290,-16.6107
303039.3997,1118452,146,-0.5229,0.4385,0.7058,-9.3130,-8.1527,-20.3969
303039.3997,1118462,146,-0.5112,0.4373,0.6975,-12.7786,-11.6031,-24.4122
303039.3997,1118472,146,-0.4951,0.4219,0.6882,-16.0000,-15.2366,-28.4275
303039.3997,1118482,146,-0.4714,0.4126,0.6799,-19.1603,-19.0076,-32.5191
303039.3997,1118492,146,-0.4382,0.3948,0.6780,-22.4275,-22.6718,-36.2137
303039.3997,1118502,146,-0.4089,0.3479,0.6592,-26.6565,-26.0153,-39.7557
303039.3997,1118512,146,-0.3833,0.2913,0.6326,-28.5191,-27.0687,-42.3053
303039.3997,1118522,146,-0.3540,0.2373,0.6123,-25.4656,-26.1374,-43.2672
303039.3997,1118532,146,-0.3625,0.2222,0.5833,-19.6031,-22.8397,-42.3206
303039.3997,1118542,146,-0.3787,0.2314,0.5378,-15.0382,-22.9313,-40.5649
303039.4598,1118552,147,-0.3794,0.2534,0.5081,-12.9008,-27.1908,-40.0611
303039.4598,1118562,147,-0.3625,0.2764,0.4919,-14.4580,-33.1298,-41.3282
303039.4598,1118572,147,-0.3301,0.2944,0.4788,-19.8779,-39.2214,-43.8321
303039.4598,1118582,147,-0.2954,0.2937,0.4639,-29.0076,-45.4656,-47.9389
303039.4598,1118592,147,-0.2732,0.2581,0.4233,-41.6031,-52.1679,-53.2824
303039.4598,1118602,147,-0.2908,0.1462,0.3438,-54.9618,-59.3282,-59.0840
303039.4598,1118612,147,-0.2915,-0.0259,0.2810,-62.4733,-69.8168,-63.4962
303039.4598,1118622,147,-0.2424,-0.2249,0.2600,-57.4656,-82.9160,-63.5725
303039.4598,1118632,147,-0.1868,-0.3230,0.2976,-37.8931,-93.6031,-57.5725
303039.4598,1118642,147,-0.1511,-0.3330,0.3584,-18.1069,-102.5802,-45.4809
303039.5787,1118652,148,-0.0959,-0.3135,0.4175,-8.7023,-112.7786,-30.3206
303039.5787,1118662,148,-0.0605,-0.2610,0.4807,-7.7252,-121.8168,-15.7863
303039.5787,1118672,148,-0.0210,-0.2021,0.5476,-13.1450,-129.7252,-3.2366
303039.5787,1118682,148,0.0249,-0.1482,0.6021,-22.4885,-135.0382,5.4198
303039.5787,1118692,148,0.0317,-0.1218,0.6355,-36.0611,-138.4733,9.3893
303039.5787,1118702,148,0.0574,-0.1191,0.6667,-43.1908,-138.6260,7.3740
303039.5787,1118712,148,0.0461,-0.0940,0.7195,-39.5115,-134.0458,-1.9237
303039.5787,1118722,148,0.0544,-0.0859,0.7505,-39.3588,-133.4656,-13.3282
303039.5787,1118732,148,0.1130,-0.1589,0.7539,-46.5191,-134.4427,-22.4427
303039.5787,1118742,148,0.1472,-0.2439,0.7610,-49.6794,-129.7710,-27.4198
303039.7009,1118752,149,0.1333,-0.2473,0.7598,-47.2977,-124.5191,-28.0763
303039.7009,1118762,149,0.1321,-0.2556,0.7507,-49.6336,-125.8626,-27.9847
303039.7009,1118772,149,0.1206,-0.2761,0.7639,-55.1756,-131.8321,-27.7710
303039.7009,1118782,149,0.1372,-0.2876,0.7886,-60.9618,-140.3359,-25.4198
303039.7009,1118792,149,0.1777,-0.2708,0.8188,-65.5878,-147.9695,-22.8397
303039.7009,1118802,149,0.1934,-0.2446,0.8499,-70.3817,-155.2977,-22.4885
303039.7009,1118812,149,0.2258,-0.2307,0.8718,-80.6412,-164.6412,-22.8855
303039.7009,1118822,149,0.3323,-0.2729,0.9119,-94.5191,-172.4275,-24.3511
303039.7009,1118832,149,0.3979,-0.3264,0.9470,-100.9008,-169.8779,-29.2366
303039.7009,1118842,149,0.4031,-0.3396,0.9492,-100.3969,-162.1985,-34.0763
303039.7599,1118852,150,0.3318,-0.3782,0.9021,-106.1069,-157.3740,-39.9542
303039.7599,1118862,150,0.3237,-0.3960,0.8894,-110.4733,-164.1374,-41.7099
303039.7599,1118872,150,0.3323,-0.4121,0.8821,-114.9924,-175.7405,-42.6565
303039.7599,1118882,150,0.3442,-0.4224,0.8945,-120.2595,-189.2519,-44.3206
303039.7599,1118892,150,0.4380,-0.4658,0.9392,-127.0534,-205.1450,-45.0382
303039.7599,1118902,150,0.5388,-0.5190,0.9919,-129.4351,-212.9466,-41.5267
303039.7599,1118912,150,0.5918,-0.5427,1.0520,-123.6336,-209.8473,-35.4809
303039.7599,1118922,150,0.6472,-0.6030,1.0930,-113.5573,-201.9237,-30.1832
303039.7599,1118932,150,0.6511,-0.6016,1.0854,-97.9695,-189.2824,-28.2290
303039.7599,1118942,150,0.6133,-0.5867,1.0691,-82.0305,-178.6107,-28.9924
303039.8803,1118952,151,0.5850,-0.5874,1.0442,-69.3130,-175.0229,-31.1145
303039.8803,1118962,151,0.5750,-0.5500,1.0515,-58.0458,-178.2290,-31.3435
303039.8803,1118972,151,0.6028,-0.5068,1.0825,-53.4351,-188.1374,-29.5267
303039.8803,1118982,151,0.6836,-0.4829,1.1318,-58.8244,-199.9084,-28.5191
303039.8803,1118992,151,0.7898,-0.5232,1.1707,-73.5878,-205.2519,-27.4656
303039.8803,1119002,151,0.8484,-0.5889,1.1748,-87.2214,-201.4504,-25.0687
303039.8803,1119012,151,0.9126,-0.6516,1.1978,-95.5725,-194.1069,-22.8397
303039.8803,1119022,151,0.9695,-0.7161,1.2034,-95.0687,-180.1527,-20.7939
303039.8803,1119032,151,0.9534,-0.6907,1.2180,-78.3359,-157.8626,-23.2214
303039.8803,1119042,151,0.8914,-0.6526,1.2009,-62.2595,-140.8397,-27.1603
303039.9998,1119052,152,0.8459,-0.6230,1.1729,-53.2977,-133.6031,-30.2443
303039.9998,1119062,152,0.8237,-0.5864,1.1436,-47.7099,-133.2672,-30.6107
303039.9998,1119072,152,0.8184,-0.5388,1.1182,-43.8168,-137.4198,-28.8244
303039.9998,1119082,152,0.8142,-0.4905,1.0896,-43.6183,-144.1985,-28.5496
303039.9998,1119092,152,0.8157,-0.4526,1.0339,-48.5954,-152.8244,-29.5115
303039.9998,1119102,152,0.8125,-0.4224,0.9658,-59.5115,-163.1908,-30.4580
303039.9998,1119112,152,0.8147,-0.4390,0.8855,-76.8397,-175.5878,-30.2901
303039.9998,1119122,152,0.8386,-0.4575,0.8391,-93.6183,-188.3359,-30.1679
303039.9998,1119132,152,0.8262,-0.4707,0.8169,-110.4122,-199.6641,-26.7481
303039.9998,1119142,152,0.8447,-0.5034,0.7915,-131.7099,-211.2824,-15.8473
303040.0595,1119152,153,0.9199,-0.5593,0.7549,-153.0382,-216.5802,-5.2672
303040.0595,1119162,153,0.9749,-0.6177,0.7231,-164.9008,-211.1756,0.5649
303040.0595,1119172,153,1.0293,-0.6545,0.6851,-166.4885,-203.8015,3.1603
303040.0595,1119182,153,1.0618,-0.6646,0.6404,-161.7252,-195.7710,7.0992
303040.0595,1119192,153,1.0786,-0.6460,0.6028,-152.9924,-184.4275,9.4198
303040.0595,1119202,153,1.0793,-0.6123,0.5645,-143.7863,-169.2366,8.3817
303040.0595,1119212,153,1.0732,-0.5786,0.5303,-137.8931,-152.1221,5.1756
303040.0595,1119222,153,1.0681,-0.5645,0.4810,-136.7634,-134.1221,0.6870
303040.0595,1119232,153,1.0664,-0.5813,0.4124,-138.3206,-115.2977,-5.3435
303040.0595,1119242,153,1.0552,-0.6169,0.3389,-138.5496,-95.1603,-13.8321
303040.1785,1119252,154,1.0356,-0.6616,0.2651,-134.6107,-74.8550,-22.8397
303040.1785,1119262,154,1.0029,-0.6780,0.1995,-125.9389,-56.0763,-29.6489
303040.1785,1119272,154,0.9707,-0.6550,0.1379,-114.8550,-41.3893,-34.3053
303040.1785,1119282,154,0.9331,-0.6304,0.0830,-104.6870,-30.0305,-39.8321
303040.1785,1119292,154,0.9019,-0.6086,0.0337,-97.4198,-21.9847,-45.4504
303040.1785,1119302,154,0.8740,-0.5845,-0.0100,-92.0611,-17.7252,-48.8550
303040.1785,1119312,154,0.8535,-0.5549,-0.0396,-88.7328,-18.0611,-50.9466
303040.1785,1119322,154,0.8420,-0.5261,-0.0544,-87.4504,-21.8473,-52.2595
303040.1785,1119332,154,0.8474,-0.5042,-0.0771,-88.3817,-27.3435,-52.7023
303040.1785,1119342,154,0.8569,-0.4954,-0.0864,-91.0687,-33.1298,-52.8397
303040.3001,1119352,155,0.8652,-0.4888,-0.1038,-93.5878,-38.7328,-52.8397
303040.3001,1119362,155,0.8777,-0.4861,-0.1025,-94.8397,-43.3435,-53.2061
303040.3001,1119372,155,0.8945,-0.4988,-0.1204,-94.5496,-46.5038,-54.0153
303040.3001,1119382,155,0.9102,-0.5339,-0.1514,-90.9313,-47.1603,-56.6260
303040.3001,1119392,155,0.9167,-0.5740,-0.1777,-80.1679,-44.2901,-62.4427
303040.3001,1119402,155,0.9280,-0.5906,-0.1860,-61.2366,-40.5802,-72.1527
303040.3001,1119412,155,0.9465,-0.5879,-0.1787,-38.4733,-38.8397,-81.6794
303040.3001,1119422,155,0.9712,-0.5657,-0.1653,-16.4580,-38.8244,-88.2901
303040.3001,1119432,155,0.9980,-0.5242,-0.1438,1.8779,-38.8702,-91.3130
303040.3001,1119442,155,1.0239,-0.4841,-0.1250,13.7099,-38.0153,-91.2824
303040.3594,1119452,156,1.0347,-0.4507,-0.1111,19.3282,-35.6947,-88.8244
303040.3594,1119462,156,1.0388,-0.4133,-0.0986,20.1832,-33.0840,-84.7939
303040.3594,1119472,156,1.0391,-0.3835,-0.0852,16.2748,-31.1145,-79.7099
303040.3594,1119482,156,1.0442,-0.3616,-0.0732,7.8931,-30.2290,-73.3435
303040.3594,1119492,156,1.0422,-0.3477,-0.0691,-3.8015,-29.7710,-66.0305
303040.3594,1119502,156,1.0498,-0.3452,-0.0720,-17.4809,-29.1603,-58.0458
303040.3594,1119512,156,1.0530,-0.3545,-0.0776,-31.8779,-27.8168,-49.9542
303040.3594,1119522,156,1.0461,-0.3672,-0.0879,-45.0382,-25.4962,-42.3511
303040.3594,1119532,156,1.0400,-0.3755,-0.0969,-56.1527,-22.9466,-35.1145
303040.3594,1119542,156,1.0242,-0.3958,-0.1130,-66.1069,-21.0840,-27.5420
303040.4794,1119552,157,1.0181,-0.4238,-0.1355,-73.8626,-19.4504,-20.0916
303040.4794,1119562,157,1.0073,-0.4404,-0.1565,-77.2824,-16.8397,-13.7252
303040.4794,1119572,157,0.9993,-0.4490,-0.1721,-76.9313,-15.0382,-8.0611
303040.4794,1119582,157,0.9897,-0.4529,-0.1882,-73.4809,-14.6260,-3.2061
303040.4794,1119592,157,0.9907,-0.4404,-0.1992,-67.7099,-14.6565,0.1374
303040.4794,1119602,157,0.9973,-0.4236,-0.2080,-61.1908,-14.3206,2.0763
303040.4794,1119612,157,1.0022,-0.4075,-0.2100,-54.2137,-13.7710,2.5191
303040.4794,1119622,157,1.0046,-0.3894,-0.2156,-47.4962,-13.0992,1.5267
303040.4794,1119632,157,1.0042,-0.3779,-0.2209,-41.6336,-12.6412,-0.1069
303040.4794,1119642,157,1.0076,-0.3792,-0.2236,-36.7328,-12.8855,-1.5573
303040.5994,1119652,158,1.0168,-0.3796,-0.2207,-32.9466,-13.6794,-2.4885
303040.5994,1119662,158,1.0266,-0.3828,-0.2161,-30.0763,-14.6718,-2.9008
303040.5994,1119672,158,1.0327,-0.3806,-0.2097,-27.8779,-15.0687,-2.3664
303040.5994,1119682,158,1.0327,-0.3828,-0.2041,-26.5191,-15.6031,-0.1069
303040.5994,1119692,158,1.0427,-0.3784,-0.1978,-25.9237,-15.8321,1.7405
303040.5994,1119702,158,1.0415,-0.3784,-0.1880,-25.5878,-14.7328,3.5115
303040.5994,1119712,158,1.0496,-0.3904,-0.1865,-25.8015,-13.6947,5.4351
303040.5994,1119722,158,1.0542,-0.3972,-0.1926,-25.0229,-12.2901,8.2443
303040.5994,1119732,158,1.0515,-0.3987,-0.1936,-22.9313,-10.9008,11.4198
303040.5994,1119742,158,1.0513,-0.3906,-0.1875,-20.4427,-9.6336,14.4580
303040.6597,1119752,159,1.0457,-0.3782,-0.1912,-17.5725,-7.9542,17.2672
303040.6597,1119762,159,1.0457,-0.3652,-0.1924,-14.5038,-5.8168,19.7252
303040.6597,1119772,159,1.0383,-0.3506,-0.2017,-11.5267,-3.2977,21.5115
303040.6597,1119782,159,1.0266,-0.3379,-0.2048,-8.5038,-0.9771,22.7023
303040.6597,1119792,159,1.0156,-0.3208,-0.2085,-5.5573,0.7786,23.3130
303040.6597,1119802,159,1.0071,-0.3015,-0.2114,-3.2061,1.5115,23.6794
303040.6597,1119812,159,1.0022,-0.2893,-0.2134,-1.6947,1.8168,23.8168
303040.6597,1119822,159,0.9966,-0.2852,-0.2168,-0.8702,2.2748,23.9695
303040.6597,1119832,159,0.9927,-0.2910,-0.2104,-0.3969,2.6107,24.2290
303040.6597,1119842,159,0.9949,-0.2998,-0.2019,0.5802,2.2748,24.7023
303040.7788,1119852,160,1.0007,-0.2988,-0.1992,2.5038,1.6794,25.7099
303040.7788,1119862,160,1.0027,-0.2830,-0.1807,4.0305,1.9847,27.4809
303040.7788,1119872,160,1.0049,-0.2668,-0.1816,4.5649,3.5267,29.0687
303040.7788,1119882,160,1.0032,-0.2595,-0.1846,4.1832,6.3511,29.7710
303040.7788,1119892,160,0.9985,-0.2500,-0.1953,3.2366,9.8779,29.8168
303040.7788,1119902,160,0.9827,-0.2319,-0.2043,1.9542,12.9618,30.0305
303040.7788,1119912,160,0.9761,-0.2227,-0.2200,-0.8092,14.6870,29.1908
303040.7788,1119922,160,0.9622,-0.2280,-0.2341,-4.4733,15.7252,28.0153
303040.7788,1119932,160,0.9565,-0.2339,-0.2439,-7.0229,15.7710,26.4733
303040.7788,1119942,160,0.9526,-0.2424,-0.2566,-8.9466,15.5115,25.4656
303040.9003,1119952,161,0.9402,-0.2439,-0.2686,-9.9695,14.6260,25.0687
303040.9003,1119962,161,0.9360,-0.2402,-0.2754,-10.8855,13.0840,24.8855
303040.9003,1119972,161,0.9280,-0.2400,-0.2800,-12.0305,11.4046,24.6565
303040.9003,1119982,161,0.9185,-0.2405,-0.2812,-12.9466,9.4504,24.0916
303040.9003,1119992,161,0.9167,-0.2437,-0.2859,-13.3282,7.3282,23.2366
303040.9003,1120002,161,0.9102,-0.2393,-0.2798,-12.8702,5.1908,21.7405
303040.9003,1120012,161,0.9131,-0.2400,-0.2761,-11.8168,3.0076,19.8168
303040.9003,1120022,161,0.9158,-0.2385,-0.2766,-10.8397,1.1756,18.0611
303040.9003,1120032,161,0.9158,-0.2405,-0.2759,-9.8473,0.0458,16.1527
303040.9003,1120042,161,0.9146,-0.2422,-0.2703,-8.4275,-0.2290,13.9084
303040.9594,1120052,162,0.9060,-0.2454,-0.2693,-6.7176,-0.3511,11.4809
303040.9594,1120062,162,0.9026,-0.2500,-0.2695,-4.4885,-0.5649,8.8244
303040.9594,1120072,162,0.9019,-0.2510,-0.2729,-1.9084,-1.0229,5.9542
303040.9594,1120082,162,0.9041,-0.2593,-0.2705,0.5649,-1.7863,3.0229
303040.9594,1120092,162,0.9072,-0.2705,-0.2659,2.7634,-2.7328,0.0305
303040.9594,1120102,162,0.9126,-0.2766,-0.2629,4.6107,-3.5573,-2.2901
303040.9594,1120112,162,0.9150,-0.2825,-0.2559,5.7710,-4.3817,-3.8779
303040.9594,1120122,162,0.9185,-0.2942,-0.2458,5.6031,-5.4656,-4.9466
303040.9594,1120132,162,0.9258,-0.3176,-0.2419,4.6412,-6.5954,-6.3053
303040.9594,1120142,162,0.9272,-0.3362,-0.2341,4.0611,-7.1298,-7.4504
303041.0802,1120152,163,0.9270,-0.3604,-0.2327,4.0611,-7.8931,-8.5496
303041.0802,1120162,163,0.9412,-0.4099,-0.2280,4.0611,-9.4351,-10.0458
303041.0802,1120172,163,0.9556,-0.4766,-0.2119,5.8015,-10.9924,-11.3435
303041.0802,1120182,163,0.9734,-0.5288,-0.1934,11.1603,-12.0763,-10.9160
303041.0802,1120192,163,0.9846,-0.5593,-0.1665,19.2214,-13.4198,-8.8855
303041.0802,1120202,163,1.0054,-0.5715,-0.1367,27.9695,-14.4275,-7.1603
303041.0802,1120212,163,1.0298,-0.5754,-0.0935,35.5267,-14.0153,-6.1069
303041.0802,1120222,163,1.0564,-0.5771,-0.0566,39.5420,-11.1145,-3.9389
303041.0802,1120232,163,1.0708,-0.5825,-0.0479,40.2443,-5.6947,-0.5191
303041.0802,1120242,163,1.0554,-0.5930,-0.0571,39.8015,1.4046,2.5191
303041.1999,1120252,164,1.0229,-0.5942,-0.0691,38.8702,7.0687,5.8473
303041.1999,1120262,164,0.9951,-0.5916,-0.0801,38.2901,8.4580,9.3130
303041.1999,1120272,164,0.9817,-0.5828,-0.0654,38.8702,6.5344,12.3969
303041.1999,1120282,164,0.9905,-0.5627,-0.0266,40.6565,2.9466,15.2672
303041.1999,1120292,164,1.0193,-0.5398,0.0142,42.3969,0.1679,17.4198
303041.1999,1120302,164,1.0479,-0.5200,0.0544,42.5344,1.5573,19.0687
303041.1999,1120312,164,1.0696,-0.4988,0.0840,42.6260,6.3969,19.6031
303041.1999,1120322,164,1.0833,-0.4990,0.0925,42.6565,13.2977,17.6031
303041.1999,1120332,164,1.0867,-0.5447,0.0928,41.7557,21.9542,14.4427
303041.1999,1120342,164,1.0933,-0.5852,0.0898,43.0534,29.5267,12.1832
303041.2582,1120352,165,1.0930,-0.5913,0.0935,48.3206,36.0458,11.5725
303041.2582,1120362,165,1.0928,-0.5823,0.0906,53.8015,40.9771,11.4198
303041.2582,1120372,165,1.0801,-0.5676,0.0879,55.8473,44.8855,13.3893
303041.2582,1120382,165,1.0715,-0.5493,0.0793,55.0229,46.6412,16.9771
303041.2582,1120392,165,1.0615,-0.5190,0.0894,52.0763,46.8550,21.1450
303041.2582,1120402,165,1.0583,-0.4954,0.0947,47.7405,45.4809,24.7023
303041.2582,1120412,165,1.0708,-0.4722,0.1235,42.7939,44.1374,26.5496
303041.2582,1120422,165,1.1062,-0.4846,0.1404,37.1298,45.1450,26.3206
303041.2582,1120432,165,1.1316,-0.5525,0.1404,32.5802,51.5115,24.4885
303041.2582,1120442,165,1.1501,-0.6309,0.1226,36.4275,61.6183,19.7252
303041.3791,1120452,166,1.1587,-0.7097,0.1045,47.7405,71.7710,12.7786
303041.3791,1120462,166,1.1667,-0.7712,0.1069,62.9466,81.4351,5.7252
303041.3791,1120472,166,1.1838,-0.7864,0.1155,79.6489,89.0076,2.5802
303041.3791,1120482,166,1.2041,-0.7837,0.1350,93.7863,92.2137,2.9008
303041.3791,1120492,166,1.2363,-0.7815,0.1660,101.9695,92.0000,6.0916
303041.3791,1120502,166,1.2661,-0.7732,0.1982,103.2519,92.3511,11.8168
303041.3791,1120512,166,1.2837,-0.7786,0.2024,98.0458,95.6336,19.4046
303041.3791,1120522,166,1.2742,-0.7808,0.2070,90.1832,100.7023,26.0153
303041.3791,1120532,166,1.2822,-0.8220,0.1912,81.1908,105.4656,31.4046
303041.3791,1120542,166,1.2769,-0.8704,0.1946,75.8168,112.0458,34.8550
303041.5009,1120552,167,1.2849,-0.9102,0.2161,74.1374,117.9237,39.8779
303041.5009,1120562,167,1.3135,-0.9460,0.2307,75.3893,123.7863,48.0305
303041.5009,1120572,167,1.3066,-0.9441,0.2256,80.2137,133.6031,56.3053
303041.5009,1120582,167,1.2671,-0.9214,0.2163,85.5573,142.3817,63.6489
303041.5009,1120592,167,1.2522,-0.9058,0.2058,87.5573,145.1756,71.0992
303041.5009,1120602,167,1.2256,-0.8845,0.2053,87.2824,145.5725,78.8702
303041.5009,1120612,167,1.1799,-0.8604,0.2158,85.5115,147.1145,85.6031
303041.5009,1120622,167,1.1389,-0.8457,0.2329,81.9389,146.3817,91.2366
303041.5009,1120632,167,1.1128,-0.8613,0.2419,78.2748,141.6947,96.5496
303041.5009,1120642,167,1.0847,-0.8569,0.2732,78.7176,137.7099,99.2214
303041.5599,1120652,168,1.0754,-0.8357,0.3218,81.8015,132.4580,101.5725
303041.5599,1120662,168,1.0940,-0.8159,0.3623,84.1832,125.0840,104.9008
303041.5599,1120672,168,1.1155,-0.8291,0.3811,86.3053,120.8397,105.9695
303041.5599,1120682,168,1.0981,-0.8066,0.3760,91.2824,124.0763,104.2137
303041.5599,1120692,168,1.0703,-0.7769,0.3657,96.2748,129.5878,102.0153
303041.5599,1120702,168,1.0173,-0.7627,0.3425,97.7405,133.5267,100.5344
303041.5599,1120712,168,0.9646,-0.7478,0.3403,98.3359,136.5038,98.3969
303041.5599,1120722,168,0.9336,-0.7573,0.3511,98.0458,139.2214,97.5420
303041.5599,1120732,168,0.9226,-0.7659,0.3721,100.3969,146.2595,97.3740
303041.5599,1120742,168,0.8975,-0.7676,0.4124,105.8626,156.3206,96.0305
303041.6801,1120752,169,0.9382,-0.7571,0.4780,112.2901,164.2595,95.7405
303041.6801,1120762,169,0.9778,-0.7288,0.5469,118.1221,178.0305,98.8244
303041.6801,1120772,169,0.9951,-0.7195,0.5898,120.9924,198.1832,102.9008
303041.6801,1120782,169,0.9583,-0.6985,0.5850,123.6794,222.9924,108.9924
303041.6801,1120792,169,0.8687,-0.6489,0.5549,128.3969,246.0763,111.3435
303041.6801,1120802,169,0.7598,-0.6023,0.5366,128.1527,254.8702,111.6183
303041.6801,1120812,169,0.6848,-0.5657,0.5271,123.1603,249.1756,111.0076
303041.6801,1120822,169,0.6189,-0.5603,0.5244,116.9771,239.2824,108.9160
303041.6801,1120832,169,0.5544,-0.5315,0.5344,113.6641,228.7481,105.8015
303041.6801,1120842,169,0.5125,-0.4971,0.5464,111.0992,218.3053,104.7176
303041.7997,1120852,170,0.4600,-0.4534,0.5615,109.6336,210.9924,105.1603
303041.7997,1120862,170,0.4585,-0.3975,0.6230,105.7863,206.7481,104.2748
303041.7997,1120872,170,0.4741,-0.3943,0.6382,96.7023,213.2672,105.5878
303041.7997,1120882,170,0.3804,-0.3865,0.6201,94.0305,226.2901,107.0534
303041.7997,1120892,170,0.2751,-0.3328,0.6191,97.0229,227.6489,105.1298
303041.7997,1120902,170,0.2441,-0.3076,0.6487,97.3130,219.1450,102.1679
303041.7997,1120912,170,0.2280,-0.2800,0.6614,100.9771,215.7710,97.6641
303041.7997,1120922,170,0.1462,-0.2183,0.6606,109.9389,215.2977,90.3511
303041.7997,1120932,170,0.0483,-0.1458,0.6667,113.6031,206.7634,81.6489
303041.7997,1120942,170,0.0168,-0.0906,0.6890,104.1374,191.0229,74.7634
303041.8597,1120952,171,0.0022,-0.0918,0.6714,87.8779,180.0763,72.5649
303041.8597,1120962,171,-0.0652,-0.0713,0.6365,78.5954,176.1985,71.9847
303041.8597,1120972,171,-0.1526,-0.0178,0.6272,72.7481,168.0916,69.7863
303041.8597,1120982,171,-0.1353,-0.0435,0.6353,63.7863,155.0687,65.9847
303041.8597,1120992,171,-0.1316,-0.0894,0.6309,64.3817,151.2061,61.2977
303041.8597,1121002,171,-0.1902,-0.0435,0.6475,76.3359,150.6718,57.2977
303041.8597,1121012,171,-0.1997,-0.0054,0.6934,83.2061,144.4885,53.0840
303041.8597,1121022,171,-0.2019,-0.0154,0.7278,86.5802,144.3817,49.0992
303041.8597,1121032,171,-0.2747,0.0139,0.7007,93.7252,152.9466,44.6107
303041.8597,1121042,171,-0.3872,0.0315,0.6194,94.5649,154.5496,39.3588
303041.9799,1121052,172,-0.4221,-0.0176,0.5354,88.0611,144.2595,34.4733
303041.9799,1121062,172,-0.3579,-0.0952,0.5522,85.6947,134.2748,32.9466
303041.9799,1121072,172,-0.3232,-0.1213,0.5913,95.7557,133.9389,35.0382
303041.9799,1121082,172,-0.3838,-0.0427,0.6309,110.0153,134.7481,37.7863
303041.9799,1121092,172,-0.3848,0.0400,0.6782,111.4504,123.8168,39.5573
303041.9799,1121102,172,-0.4226,0.0781,0.7061,104.9771,113.1298,40.1221
303041.9799,1121112,172,-0.4673,0.1521,0.7234,99.3588,104.0153,34.5802
303041.9799,1121122,172,-0.4646,0.1548,0.6938,86.5191,93.7863,25.5725
303041.9799,1121132,172,-0.4741,0.1340,0.6455,73.4351,87.3435,17.5267
303041.9799,1121142,172,-0.4604,0.1096,0.6069,63.0992,78.7023,11.9237
303042.1009,1121152,173,-0.4375,0.0742,0.5840,57.0076,70.4122,8.3817
303042.1009,1121162,173,-0.4443,0.0845,0.5667,57.1756,64.0305,4.5191
303042.1009,1121172,173,-0.4424,0.0750,0.5562,55.8626,55.5267,1.0382
303042.1009,1121182,173,-0.4453,0.0603,0.5469,52.2137,48.9160,-1.2214
303042.1009,1121192,173,-0.4924,0.0630,0.5347,49.4962,43.7557,-2.9008
303042.1009,1121202,173,-0.5310,0.0713,0.5107,42.8397,35.3588,-2.8092
303042.1009,1121212,173,-0.5430,0.0654,0.5002,33.4046,24.3969,-2.2290
303042.1009,1121222,173,-0.5432,0.0664,0.5186,25.5725,13.2824,-2.4580
303042.1009,1121232,173,-0.5466,0.0806,0.5396,19.0992,3.8931,-1.6794
303042.1009,1121242,173,-0.5320,0.0916,0.5886,13.7710,-4.5954,-0.7634
303042.1608,1121252,174,-0.5139,0.0864,0.6206,10.5344,-8.2595,-0.7328
303042.1608,1121262,174,-0.5232,0.0925,0.6467,12.3664,-6.9924,-2.0000
303042.1608,1121272,174,-0.5334,0.1038,0.6665,14.4122,-6.1985,-4.4885
303042.1608,1121282,174,-0.5393,0.1040,0.6809,14.0305,-4.1679,-6.9313
303042.1608,1121292,174,-0.5649,0.1106,0.6772,13.8168,0.1221,-8.9924
303042.1608,1121302,174,-0.5906,0.0981,0.6523,10.5191,3.2061,-10.6565
303042.1608,1121312,174,-0.6184,0.0645,0.6267,4.6260,5.2214,-10.5802
303042.1608,1121322,174,-0.6467,0.0427,0.6096,1.9847,4.5954,-8.0458
303042.1608,1121332,174,-0.6697,0.0586,0.6079,3.3740,1.5573,-4.7328
303042.1608,1121342,174,-0.6794,0.0891,0.6292,4.3511,-2.8855,-3.0534
303042.2794,1121352,175,-0.6646,0.0959,0.6475,1.6183,-6.4580,-3.1756
303042.2794,1121362,175,-0.6714,0.0686,0.6453,-2.2901,-5.1450,-3.5267
303042.2794,1121372,175,-0.6904,0.0522,0.6357,-2.5038,-2.2748,-3.1145
303042.2794,1121382,175,-0.7009,0.0625,0.6414,0.1832,-2.1374,-2.6718
303042.2794,1121392,175,-0.6941,0.0684,0.6614,2.0000,-3.6183,-2.2901
303042.2794,1121402,175,-0.7134,0.0674,0.6797,4.2137,-2.7481,-3.3740
303042.2794,1121412,175,-0.7305,0.0706,0.7014,7.2977,-2.2901,-5.5420
303042.2794,1121422,175,-0.7454,0.0872,0.7202,7.9084,-2.9313,-6.8702
303042.2794,1121432,175,-0.7595,0.0793,0.7241,4.1221,-3.6183,-7.7099
303042.2794,1121442,175,-0.7668,0.0642,0.7285,-0.7786,-4.4427,-8.8855
303042.3984,1121452,176,-0.7537,0.0288,0.7510,-5.6183,-3.6489,-9.5725
303042.3984,1121462,176,-0.7568,-0.0095,0.7598,-8.0763,-1.2061,-9.1908
303042.3984,1121472,176,-0.7520,-0.0452,0.7568,-7.5878,0.9008,-8.2595
303042.3984,1121482,176,-0.7441,-0.0708,0.7739,-4.6260,4.3664,-5.6183
303042.3984,1121492,176,-0.7617,-0.0527,0.7925,1.1603,9.0534,-2.6870
303042.3984,1121502,176,-0.7864,-0.0271,0.7913,4.6107,12.9313,-1.0534
303042.3984,1121512,176,-0.8076,-0.0061,0.7798,4.3206,15.5115,-0.5191
303042.3984,1121522,176,-0.8259,0.0005,0.7632,2.7023,16.3206,-1.5878
303042.3984,1121532,176,-0.8416,-0.0188,0.7532,-0.9771,15.3588,-3.5573
303042.3984,1121542,176,-0.8533,-0.0767,0.7349,-6.5038,14.4275,-5.0534
303042.4591,1121552,177,-0.8506,-0.1428,0.7185,-9.4351,14.4885,-5.4046
303042.4591,1121562,177,-0.8420,-0.1851,0.7075,-10.1679,14.9160,-4.0611
303042.4591,1121572,177,-0.8267,-0.2283,0.6980,-11.5725,16.1832,-1.1908
303042.4591,1121582,177,-0.8049,-0.2603,0.6841,-12.2137,18.7023,1.4351
303042.4591,1121592,177,-0.7913,-0.3071,0.6663,-13.2519,21.9389,3.4198
303042.4591,1121602,177,-0.7554,-0.3562,0.6392,-15.3130,24.2595,4.5344
303042.4591,1121612,177,-0.7256,-0.4285,0.5920,-18.9618,27.2519,5.5725
303042.4591,1121622,177,-0.6995,-0.5081,0.5371,-22.4122,28.4580,6.8855
303042.4591,1121632,177,-0.6611,-0.6047,0.4851,-25.9847,26.1985,9.5267
303042.4591,1121642,177,-0.6414,-0.6670,0.4270,-29.4046,22.7481,16.5802
303042.5798,1121652,178,-0.6145,-0.7090,0.4043,-33.2214,16.0916,28.3206
303042.5798,1121662,178,-0.5505,-0.7229,0.4075,-36.5802,8.1985,44.0916
303042.5798,1121672,178,-0.5107,-0.6743,0.3987,-37.5420,4.2595,62.6107
303042.5798,1121682,178,-0.4841,-0.5994,0.3862,-37.4809,1.5573,78.7176
303042.5798,1121692,178,-0.4392,-0.5295,0.3684,-39.3435,-3.0840,89.7252
303042.5798,1121702,178,-0.4075,-0.4534,0.3428,-43.3130,-7.1756,98.5802
303042.5798,1121712,178,-0.3779,-0.3870,0.3030,-46.5496,-11.3740,104.0458
303042.5798,1121722,178,-0.3352,-0.3206,0.2524,-48.9008,-16.7634,104.7176
303042.5798,1121732,178,-0.2720,-0.2576,0.1960,-53.3130,-22.9008,103.3740
303042.5798,1121742,178,-0.2422,-0.2075,0.1233,-60.6870,-28.1527,102.8855
303042.7001,1121752,179,-0.2373,-0.1790,0.0518,-69.2519,-36.1985,102.8702
303042.7001,1121762,179,-0.2405,-0.1604,0.0078,-76.3511,-49.2977,103.4809
303042.7001,1121772,179,-0.2087,-0.1143,0.0049,-79.2519,-65.0840,106.6260
303042.7001,1121782,179,-0.1382,-0.0581,0.0627,-79.1298,-80.9771,111.6183
303042.7001,1121792,179,-0.0679,0.0046,0.1428,-76.6565,-91.3282,115.9084
303042.7001,1121802,179,-0.0112,0.1333,0.2302,-68.1985,-96.4733,117.1298
303042.7001,1121812,179,0.0110,0.2693,0.2917,-62.7023,-100.7481,111.0382
303042.7001,1121822,179,0.0090,0.3372,0.3062,-65.4046,-101.5878,98.8397
303042.7001,1121832,179,0.0088,0.3425,0.3027,-72.3206,-99.4809,82.2137
303042.7001,1121842,179,0.0076,0.2881,0.2920,-81.3130,-101.7710,66.8550
303042.7593,1121852,180,0.0510,0.2107,0.2891,-88.9618,-111.4504,57.4962
303042.7593,1121862,180,0.0991,0.2061,0.3596,-89.2824,-123.2519,55.1603
303042.7593,1121872,180,0.1824,0.3047,0.4978,-83.1603,-134.2901,56.8702
303042.7593,1121882,180,0.2434,0.4299,0.6379,-79.7863,-136.6412,56.7634
303042.7593,1121892,180,0.2312,0.5828,0.7224,-81.3130,-132.7023,52.4275
303042.7593,1121902,180,0.2031,0.7183,0.7212,-91.0687,-128.5802,40.4122
303042.7593,1121912,180,0.1743,0.7480,0.6826,-108.4122,-125.6641,19.4504
303042.7593,1121922,180,0.1499,0.6577,0.6108,-126.4275,-125.3740,-6.3359
303042.7593,1121932,180,0.1394,0.5359,0.5947,-136.3206,-130.7939,-28.3359
303042.7593,1121942,180,0.1492,0.4814,0.6736,-137.4351,-142.1679,-38.7786
303042.8797,1121952,181,0.2012,0.5020,0.7971,-133.2977,-153.3893,-41.4656
303042.8797,1121962,181,0.2852,0.5266,0.9180,-127.2977,-158.3053,-48.3511
303042.8797,1121972,181,0.3074,0.5369,1.0200,-124.0611,-158.8855,-61.8321
303042.8797,1121982,181,0.3579,0.5022,1.0981,-128.7176,-162.3817,-75.7710
303042.8797,1121992,181,0.4480,0.3928,1.1521,-137.5878,-163.5878,-89.8168
303042.8797,1122002,181,0.4387,0.2583,1.1641,-140.1374,-155.9084,-102.1221
303042.8797,1122012,181,0.4092,0.1782,1.1763,-134.2748,-151.8015,-110.3206
303042.8797,1122022,181,0.4163,0.1138,1.2041,-127.4351,-155.9084,-113.5420
303042.8797,1122032,181,0.4309,0.0745,1.2595,-118.8702,-159.6641,-113.0840
303042.8797,1122042,181,0.4402,0.0437,1.3074,-107.8321,-160.2443,-111.5420
303043.0006,1122052,182,0.4565,0.0586,1.3872,-93.4046,-160.7786,-111.8015
303043.0006,1122062,182,0.4944,0.0789,1.4702,-81.7710,-164.0763,-112.4275
303043.0006,1122072,182,0.5227,0.0942,1.5500,-73.4198,-163.6336,-112.8550
303043.0006,1122082,182,0.5405,0.1316,1.6399,-66.1221,-160.4122,-114.2595
303043.0006,1122092,182,0.5273,0.1685,1.7065,-61.3435,-154.1832,-116.8855
303043.0006,1122102,182,0.5225,0.1670,1.7539,-60.6870,-146.4427,-123.0534
303043.0006,1122112,182,0.5339,0.1509,1.8020,-60.3817,-139.1603,-129.6031
303043.0006,1122122,182,0.5540,0.1367,1.8396,-57.6947,-132.9160,-134.5802
303043.0006,1122132,182,0.5886,0.1279,1.8770,-53.1450,-126.9466,-139.7099
303043.0006,1122142,182,0.6252,0.1348,1.9216,-48.2748,-118.6870,-145.4656
303043.0597,1122152,183,0.6328,0.1423,1.9246,-45.9084,-108.1985,-151.3130
303043.0597,1122162,183,0.6035,0.1072,1.8752,-45.9847,-95.6336,-158.2137
303043.0597,1122172,183,0.5671,0.0444,1.8357,-46.5038,-84.2290,-164.9466
303043.0597,1122182,183,0.5542,-0.0203,1.8367,-44.5802,-78.6870,-168.9160
303043.0597,1122192,183,0.5730,-0.0647,1.8860,-37.8321,-74.4275,-170.2901
303043.0597,1122202,183,0.5894,-0.0562,1.9490,-25.6641,-66.9160,-171.1756
303043.0597,1122212,183,0.6174,-0.0549,2.0134,-15.2824,-59.0992,-173.0076
303043.0597,1122222,183,0.6460,-0.0261,2.0774,-7.2824,-49.7405,-175.8473
303043.0597,1122232,183,0.6797,-0.0144,2.1204,-5.1145,-38.0153,-178.9313
303043.0597,1122242,183,0.6907,-0.0042,2.1179,-7.8168,-24.0153,-182.7176
303043.1799,1122252,184,0.6897,0.0054,2.1072,-13.5725,-10.4122,-188.5344
303043.1799,1122262,184,0.7068,-0.0415,2.0793,-23.1450,1.3893,-196.5344
303043.1799,1122272,184,0.7114,-0.1741,2.0132,-33.3588,14.5954,-205.9237
303043.1799,1122282,184,0.6897,-0.3354,1.9727,-38.8397,27.4198,-213.6489
303043.1799,1122292,184,0.6753,-0.4746,1.9609,-38.9466,35.8473,-214.6718
303043.1799,1122302,184,0.7029,-0.5574,1.9932,-32.8092,42.3359,-209.9695
303043.1799,1122312,184,0.7478,-0.5916,2.0496,-24.5191,51.6794,-203.4656
303043.1799,1122322,184,0.7849,-0.5962,2.1018,-19.3740,64.2137,-197.8931
303043.1799,1122332,184,0.7993,-0.6096,2.0942,-21.9695,80.7634,-193.1145
303043.1799,1122342,184,0.8059,-0.6931,2.0300,-30.5954,98.0611,-189.0229
303043.2987,1122352,185,0.7805,-0.7856,1.9609,-36.5802,114.0153,-185.4504
303043.2987,1122362,185,0.7554,-0.8550,1.8997,-39.6947,125.5725,-178.2595
303043.2987,1122372,185,0.7427,-0.8904,1.8459,-40.2290,133.7863,-167.2672
303043.2987,1122382,185,0.7463,-0.8879,1.8083,-39.5878,141.2366,-155.4198
303043.2987,1122392,185,0.7361,-0.8777,1.7566,-39.4198,148.8397,-144.7328
303043.2987,1122402,185,0.7346,-0.8928,1.6697,-39.5420,157.0840,-136.1985
303043.2987,1122412,185,0.6887,-0.9629,1.5774,-38.9008,165.7863,-130.1221
303043.2987,1122422,185,0.6348,-0.9973,1.4976,-35.7557,173.0687,-120.8702
303043.2987,1122432,185,0.5938,-1.0068,1.4370,-30.4275,176.6260,-107.8473
303043.2987,1122442,185,0.5881,-0.9988,1.4055,-23.6947,179.4046,-95.3588
303043.3645,1122452,186,0.5815,-0.9780,1.3696,-17.6336,182.9008,-84.5954
303043.3645,1122462,186,0.5530,-0.9443,1.3340,-13.7099,186.5038,-74.8244
303043.3645,1122472,186,0.5295,-0.9163,1.2727,-13.1298,188.4885,-65.6947
303043.3645,1122482,186,0.5015,-0.9189,1.2148,-14.7023,189.4046,-58.5954
303043.3645,1122492,186,0.4807,-0.9338,1.1438,-17.6336,189.1145,-51.6641
303043.3645,1122502,186,0.4587,-0.9834,1.0701,-19.2672,188.2137,-44.3206
303043.3645,1122512,186,0.4182,-1.0264,1.0037,-15.9847,187.0076,-37.4351
303043.3645,1122522,186,0.3894,-1.0427,0.9668,-10.3359,183.6794,-27.4809
303043.3645,1122532,186,0.3774,-1.0115,0.9456,-5.1450,178.4733,-13.6794
303043.3645,1122542,186,0.3977,-0.9749,0.9446,-1.8779,175.2977,-2.4580
303043.5384,1122552,187,0.3591,-0.9573,0.9138,-1.6183,178.8092,7.0992
303043.5384,1122562,187,0.2954,-0.9387,0.8550,-1.0992,180.6718,16.5649
303043.5384,1122572,187,0.2502,-0.9087,0.8220,0.0000,176.9618,23.5115
303043.5384,1122582,187,0.2292,-0.8801,0.7996,-1.0076,171.0840,30.1679
303043.5384,1122592,187,0.2017,-0.8604,0.7612,-2.9771,166.2443,37.4656
303043.5384,1122602,187,0.1462,-0.8289,0.7351,-3.5878,162.0916,44.0763
303043.5384,1122612,187,0.0986,-0.7888,0.7021,-3.6641,157.2214,51.2824
303043.5384,1122622,187,0.0574,-0.7261,0.6931,-2.7176,152.0305,57.6794
303043.5384,1122632,187,0.0645,-0.6589,0.6877,-2.2901,146.1069,62.5802
303043.5384,1122642,187,0.0730,-0.6182,0.6921,-4.6718,141.6947,63.3588
303043.5404,1122652,188,0.0637,-0.6306,0.6628,-10.6718,140.4275,63.3282
303043.5404,1122662,188,0.0276,-0.6594,0.6021,-16.4275,140.2290,65.3893
303043.5404,1122672,188,-0.0229,-0.6660,0.5398,-17.2824,138.6870,68.8397
303043.5404,1122682,188,-0.0391,-0.6536,0.5256,-14.0305,134.1985,71.8473
303043.5404,1122692,188,-0.0327,-0.6350,0.5137,-12.3053,128.2901,76.4427
303043.5404,1122702,188,-0.0498,-0.6147,0.4954,-12.3206,124.0763,83.1908
303043.5404,1122712,188,-0.0676,-0.5718,0.4880,-10.4275,119.0229,89.2366
303043.5404,1122722,188,-0.0996,-0.5134,0.4939,-8.6107,114.0153,93.6794
303043.5404,1122732,188,-0.1116,-0.4573,0.4902,-8.7939,109.7710,97.2366
303043.5404,1122742,188,-0.1335,-0.4241,0.4746,-11.4504,105.9542,98.4580
303043.6598,1122752,189,-0.1653,-0.4019,0.4465,-15.9237,102.5954,98.5344
303043.6598,1122762,189,-0.1938,-0.3877,0.4158,-20.5649,98.1527,100.3511
303043.6598,1122772,189,-0.1880,-0.3730,0.3926,-22.3359,93.4809,102.5038
303043.6598,1122782,189,-0.1873,-0.3420,0.4023,-21.5115,88.4275,103.0229
303043.6598,1122792,189,-0.1633,-0.2964,0.4229,-22.9313,82.5496,104.0763
303043.6598,1122802,189,-0.1680,-0.2771,0.4131,-27.0687,78.7481,105.6031
303043.6598,1122812,189,-0.1963,-0.2476,0.3926,-30.7328,75.9084,105.9695
303043.6598,1122822,189,-0.1982,-0.2188,0.3889,-34.6718,71.2672,106.2443
303043.6598,1122832,189,-0.2107,-0.2170,0.3516,-38.9160,67.3588,106.5344
303043.6598,1122842,189,-0.2234,-0.2151,0.3103,-41.5725,65.2672,106.4733
303043.7796,1122852,190,-0.2292,-0.2166,0.2717,-41.9695,61.2977,107.3435
303043.7796,1122862,190,-0.2224,-0.2007,0.2510,-39.9084,54.7481,109.7252
303043.7796,1122872,190,-0.2075,-0.1484,0.2632,-37.0229,47.0687,111.4962
303043.7796,1122882,190,-0.1924,-0.0952,0.2766,-37.2824,40.2290,112.8702
303043.7796,1122892,190,-0.2026,-0.0432,0.2710,-40.2595,36.5344,114.0458
303043.7796,1122902,190,-0.2251,-0.0129,0.2495,-44.8092,33.1908,114.7176
303043.7796,1122912,190,-0.2422,0.0244,0.2375,-47.7557,29.0382,115.6031
303043.7796,1122922,190,-0.2505,0.0830,0.2463,-48.2595,24.0000,114.8855
303043.7796,1122932,190,-0.2446,0.1182,0.2603,-50.1221,18.1374,112.9313
303043.7796,1122942,190,-0.2466,0.1479,0.2664,-52.3664,13.9237,109.9237
303043.9003,1122952,191,-0.2466,0.1836,0.2642,-54.9771,9.0840,105.4351
303043.9003,1122962,191,-0.2710,0.1729,0.2312,-60.7939,4.0916,100.7328
303043.9003,1122972,191,-0.2854,0.1572,0.1846,-66.3511,0.0153,96.5496
303043.9003,1122982,191,-0.2908,0.1616,0.1685,-69.6183,-6.7023,93.3740
303043.9003,1122992,191,-0.3013,0.1545,0.1841,-74.1374,-16.4733,92.0611
303043.9003,1123002,191,-0.3123,0.1709,0.2310,-75.9389,-26.4885,92.6565
303043.9003,1123012,191,-0.2815,0.2175,0.3018,-74.0153,-36.1985,90.5954
303043.9003,1123022,191,-0.2256,0.2468,0.3604,-74.7786,-43.2977,84.6565
303043.9003,1123032,191,-0.1831,0.2395,0.3748,-80.5649,-45.6336,76.9008
303043.9003,1123042,191,-0.1543,0.1865,0.3357,-90.1069,-46.1069,68.7634
303044.0182,1123052,192,-0.1836,0.0964,0.2517,-101.0992,-46.6107,63.6794
303044.0182,1123062,192,-0.2112,0.0100,0.1917,-106.5344,-51.0076,61.4351
303044.0182,1123072,192,-0.2285,-0.0549,0.1724,-104.5496,-61.3740,60.3664
303044.0182,1123082,192,-0.1970,-0.0876,0.2190,-98.8092,-75.3588,62.4427
303044.0182,1123092,192,-0.1284,-0.0588,0.3123,-91.8931,-88.9008,68.0305
303044.0182,1123102,192,-0.0496,-0.0054,0.4048,-86.3817,-97.7863,71.0382
303044.0182,1123112,192,-0.0105,0.0093,0.4453,-85.5573,-100.0458,69.8168
303044.0182,1123122,192,-0.0300,-0.0469,0.4280,-87.5267,-101.2824,67.8779
303044.0182,1123132,192,-0.0718,-0.1226,0.3711,-86.9618,-104.9618,68.8244
303044.0182,1123142,192,-0.1067,-0.1592,0.4126,-79.0534,-112.7939,73.0534
303044.0792,1123152,193,-0.0781,-0.0791,0.5205,-64.7023,-125.7405,83.5725
303044.0792,1123162,193,0.0273,0.0574,0.6523,-49.5267,-135.8626,92.3817
303044.0792,1123172,193,0.1257,0.2112,0.7883,-40.4580,-138.5649,93.0992
303044.0792,1123182,193,0.2075,0.3662,0.8689,-43.4351,-139.6794,88.0305
303044.0792,1123192,193,0.2664,0.4612,0.8848,-59.5725,-137.8321,76.2595
303044.0792,1123202,193,0.2485,0.4163,0.8276,-85.7863,-133.4351,58.0611
303044.0792,1123212,193,0.1272,0.3008,0.7236,-107.6183,-129.4656,42.8397
303044.0792,1123222,193,0.0305,0.2065,0.6252,-113.3435,-132.4275,32.1221
303044.0792,1123232,193,0.0256,0.1274,0.6211,-104.2290,-146.0916,22.1832
303044.0792,1123242,193,0.0825,0.1455,0.7104,-85.8015,-162.9771,16.8397
303044.2008,1123252,194,0.1992,0.2644,0.8240,-67.9389,-177.8473,16.0305
303044.2008,1123262,194,0.2761,0.4307,0.9790,-60.7328,-187.0229,13.5267
303044.2008,1123272,194,0.3906,0.6345,1.1621,-66.9466,-191.3588,8.8397
303044.2008,1123282,194,0.4634,0.7063,1.2385,-93.1450,-187.6794,-0.0153
303044.2008,1123292,194,0.4043,0.6218,1.1736,-127.5115,-172.5038,-17.2672
303044.2008,1123302,194,0.2800,0.4421,1.0410,-155.5573,-158.2137,-38.2443
303044.2008,1123312,194,0.1938,0.2012,0.9299,-169.0840,-158.5802,-53.4046
303044.2008,1123322,194,0.2351,0.0413,0.9329,-160.7939,-170.9008,-60.4733
303044.2008,1123332,194,0.3352,0.0085,1.0688,-137.3740,-185.7710,-60.5496
303044.2008,1123342,194,0.4678,0.1108,1.2292,-110.7939,-196.9008,-56.1985
303044.2593,1123352,195,0.5723,0.2314,1.4026,-92.0763,-200.0153,-52.3664
303044.2593,1123362,195,0.6262,0.3589,1.5303,-81.8168,-191.7863,-52.0305
303044.2593,1123372,195,0.6211,0.4333,1.5403,-83.4962,-175.6489,-57.3130
303044.2593,1123382,195,0.5181,0.3848,1.4490,-93.3740,-159.9237,-68.5802
303044.2593,1123392,195,0.4314,0.3044,1.3779,-99.1908,-151.8931,-81.0382
303044.2593,1123402,195,0.4436,0.2246,1.3945,-96.9008,-157.5573,-90.0305
303044.2593,1123412,195,0.5356,0.1592,1.4785,-87.2977,-165.9847,-95.9389
303044.2593,1123422,195,0.6169,0.1458,1.5864,-72.5344,-166.0000,-100.0916
303044.2593,1123432,195,0.6743,0.2000,1.7153,-58.6718,-160.6870,-101.8168
303044.2593,1123442,195,0.7361,0.2417,1.8157,-52.2901,-152.7023,-102.4885
303044.3786,1123452,196,0.7620,0.2729,1.8655,-51.3740,-137.9695,-104.7023
303044.3786,1123462,196,0.7170,0.2742,1.8525,-51.9237,-121.9237,-109.8473
303044.3786,1123472,196,0.6765,0.2710,1.8054,-53.0229,-109.6794,-116.6718
303044.3786,1123482,196,0.6479,0.2590,1.7783,-54.7176,-101.5420,-123.8015
303044.3786,1123492,196,0.6538,0.1909,1.7363,-55.7710,-97.3130,-131.6947
303044.3786,1123502,196,0.6619,0.1206,1.7334,-52.1069,-92.0153,-140.1221
303044.3786,1123512,196,0.6931,0.0889,1.7537,-45.1603,-87.7710,-144.9160
303044.3786,1123522,196,0.7454,0.0793,1.8018,-38.9924,-84.0611,-147.3130
303044.3786,1123532,196,0.8020,0.0889,1.8596,-35.0992,-75.3893,-150.1221
303044.3786,1123542,196,0.8774,0.0764,1.9001,-35.9084,-64.1832,-154.5038
303044.4987,1123552,197,0.8921,0.0403,1.8855,-41.3282,-47.4809,-159.5573
303044.4987,1123562,197,0.8870,-0.0281,1.8271,-49.5420,-31.9542,-165.2214
303044.4987,1123572,197,0.8787,-0.1428,1.7505,-57.6031,-19.1450,-169.9847
303044.4987,1123582,197,0.8535,-0.2498,1.6912,-59.6183,-7.6031,-172.8855
303044.4987,1123592,197,0.8313,-0.3486,1.6431,-55.6947,0.7023,-172.6718
303044.4987,1123602,197,0.8101,-0.3950,1.6230,-46.3969,7.2824,-170.4580
303044.4987,1123612,197,0.7888,-0.4255,1.6890,-27.0229,19.1145,-164.0305
303044.4987,1123622,197,0.7888,-0.4255,1.6890,-27.0229,19.1145,-164.0305
303044.4987,1123632,197,0.8079,-0.4546,1.7444,-22.9924,27.0840,-161.6947
303044.4987,1123642,197,0.8005,-0.4976,1.7869,-22.8702,38.5496,-158.9924
303044.5590,1123652,198,0.7839,-0.5105,1.8167,-23.4962,48.7176,-155.1756
303044.5590,1123662,198,0.8098,-0.5183,1.8538,-26.2748,55.0992,-151.6794
303044.5590,1123672,198,0.8425,-0.5378,1.8687,-31.6641,62.4122,-149.7405
303044.5590,1123682,198,0.8540,-0.5596,1.8645,-37.9084,72.3206,-149.0534
303044.5590,1123692,198,0.8438,-0.5825,1.8452,-45.6641,83.5573,-146.6107
303044.5590,1123702,198,0.8425,-0.5803,1.8105,-53.7863,94.1832,-140.3969
303044.5590,1123712,198,0.8706,-0.6023,1.7473,-59.6794,103.5573,-136.1069
303044.5590,1123722,198,0.8550,-0.6511,1.6809,-62.7786,115.0382,-134.8550
303044.5590,1123732,198,0.8496,-0.6743,1.6116,-64.4580,125.6641,-129.7405
303044.5590,1123742,198,0.8411,-0.6580,1.5491,-64.5191,135.4351,-121.0382
303044.6806,1123752,199,0.8171,-0.6504,1.4817,-65.4656,147.0076,-114.8855
303044.6806,1123762,199,0.7937,-0.6704,1.4189,-67.9237,155.5878,-110.2290
303044.6806,1123772,199,0.7607,-0.7224,1.3591,-70.3817,160.4122,-104.6565
303044.6806,1123782,199,0.6958,-0.7712,1.3120,-69.2519,165.4198,-96.8092
303044.6806,1123792,199,0.6682,-0.8062,1.2876,-63.7710,166.9313,-87.6336
303044.6806,1123802,199,0.6609,-0.8291,1.2781,-55.5115,167.3130,-80.1374
303044.6806,1123812,199,0.6377,-0.8271,1.3101,-48.4275,168.6412,-72.1221
303044.6806,1123822,199,0.6338,-0.7966,1.3167,-45.1145,169.1145,-59.9847
303044.6806,1123832,199,0.6458,-0.8115,1.2856,-43.0687,171.6947,-51.8321
303044.6806,1123842,199,0.6118,-0.8516,1.2454,-40.2443,176.6565,-47.6031
303044.7994,1123852,200,0.5569,-0.8613,1.2051,-37.9084,178.5038,-38.5649
303044.7994,1123862,200,0.5271,-0.8591,1.1555,-33.5267,178.3969,-28.2901
303044.7994,1123872,200,0.5078,-0.8521,1.1257,-27.2824,177.4046,-21.2824
303044.7994,1123882,200,0.5078,-0.8269,1.0991,-22.8855,175.1145,-14.1985
303044.7994,1123892,200,0.4995,-0.8037,1.0730,-21.2824,173.8473,-6.5038
303044.7994,1123902,200,0.4812,-0.7900,1.0261,-20.5344,174.8855,0.9313
303044.7994,1123912,200,0.4282,-0.7905,0.9734,-19.0687,176.5649,6.5038
303044.7994,1123922,200,0.3794,-0.7703,0.9512,-16.9160,175.1298,12.2748
303044.7994,1123932,200,0.3818,-0.7517,0.9199,-15.1450,171.6336,20.1985
303044.7994,1123942,200,0.3796,-0.7385,0.8931,-12.6260,171.3435,24.5802
303044.8602,1123952,201,0.3369,-0.7258,0.8352,-11.4046,173.3588,27.8779
303044.8602,1123962,201,0.2751,-0.7041,0.7952,-12.0916,172.3206,32.0611
303044.8602,1123972,201,0.2378,-0.6846,0.7544,-14.7023,167.3435,37.9237
303044.8602,1123982,201,0.2092,-0.6714,0.7271,-16.5038,162.0763,42.1679
303044.8602,1123992,201,0.1765,-0.6533,0.7070,-16.4580,157.1603,44.9313
303044.8602,1124002,201,0.1436,-0.6436,0.6746,-16.8244,152.2595,48.1221
303044.8602,1124012,201,0.1094,-0.6357,0.6365,-17.3893,150.2901,50.5191
303044.8602,1124022,201,0.0752,-0.6411,0.5991,-18.2748,149.7252,52.9924
303044.8602,1124032,201,0.0237,-0.6633,0.5474,-17.8931,146.9771,56.5649
303044.8602,1124042,201,-0.0125,-0.6672,0.5171,-13.7557,142.2748,60.3664
303045.0386,1124052,202,-0.0361,-0.6348,0.5085,-8.9924,135.7863,64.7176
303045.0386,1124062,202,-0.0220,-0.6006,0.5186,-7.0687,127.9847,69.9084
303045.0386,1124072,202,-0.0071,-0.5515,0.5352,-6.6412,122.4427,74.1374
303045.0386,1124082,202,-0.0034,-0.4980,0.5439,-8.6412,120.6412,77.3282
303045.0386,1124092,202,-0.0383,-0.4585,0.5078,-13.8779,120.3206,79.3588
303045.0386,1124102,202,-0.0730,-0.4387,0.4619,-19.7863,118.5496,79.2672
303045.0386,1124112,202,-0.1030,-0.4329,0.4260,-26.0153,113.9847,78.0000
303045.0386,1124122,202,-0.1401,-0.4473,0.3682,-31.4504,108.6870,78.3053
303045.0386,1124132,202,-0.1763,-0.4529,0.3101,-33.4962,105.2977,78.9618
303045.0386,1124142,202,-0.1938,-0.4473,0.2617,-33.5115,100.3053,79.5115
303045.0405,1124152,203,-0.1995,-0.4629,0.2251,-34.2595,92.1221,80.2748
303045.0405,1124162,203,-0.1975,-0.4785,0.2234,-35.3282,84.0611,82.8855
303045.0405,1124172,203,-0.2295,-0.4937,0.2268,-35.0840,77.8321,87.9237
303045.0405,1124182,203,-0.2607,-0.4805,0.2173,-31.2824,72.0763,94.1069
303045.0405,1124192,203,-0.2732,-0.4380,0.2573,-25.0534,64.2290,99.0382
303045.0405,1124202,203,-0.3059,-0.4106,0.2695,-21.3435,56.6565,103.1298
303045.0405,1124212,203,-0.3174,-0.3789,0.2683,-17.7710,51.8779,106.6412
303045.0405,1124222,203,-0.3306,-0.3335,0.3030,-13.4198,46.1527,108.5344
303045.0405,1124232,203,-0.3169,-0.2976,0.3413,-12.1832,38.3511,110.0000
303045.0405,1124242,203,-0.3237,-0.2671,0.3530,-12.2443,33.8015,111.1450
303045.1591,1124252,204,-0.3281,-0.2266,0.4023,-12.1832,30.0611,111.5573
303045.1591,1124262,204,-0.2957,-0.1858,0.4482,-15.2519,25.8168,111.7863
303045.1591,1124272,204,-0.2646,-0.1377,0.4866,-20.1374,24.1069,111.1298
303045.1591,1124282,204,-0.2471,-0.1025,0.5010,-27.5115,23.3588,108.5802
303045.1591,1124292,204,-0.2578,-0.1140,0.4812,-38.6412,23.2519,105.9084
303045.1591,1124302,204,-0.2568,-0.1326,0.4302,-48.7481,23.8321,104.7786
303045.1591,1124312,204,-0.2646,-0.1548,0.3875,-53.5725,22.9771,104.0153
303045.1591,1124322,204,-0.2725,-0.1665,0.3533,-54.6870,20.9008,104.3206
303045.1591,1124332,204,-0.2500,-0.1396,0.3311,-53.8321,16.5802,106.1221
303045.1591,1124342,204,-0.2371,-0.0986,0.3406,-54.5649,10.8550,106.9008
303045.2799,1124352,205,-0.2683,-0.1050,0.3210,-59.9237,4.9160,106.9160
303045.2799,1124362,205,-0.2866,-0.1230,0.2886,-63.4809,1.6031,108.6565
303045.2799,1124372,205,-0.2795,-0.1084,0.2861,-61.3740,-4.1221,109.5573
303045.2799,1124382,205,-0.2339,-0.0725,0.3044,-60.1221,-13.4809,109.3130
303045.2799,1124392,205,-0.1763,-0.0491,0.3047,-62.6107,-21.0534,107.6489
303045.2799,1124402,205,-0.1335,-0.0505,0.3069,-67.4656,-25.6183,104.8092
303045.2799,1124412,205,-0.1343,-0.0552,0.2710,-74.4275,-30.6412,104.7176
303045.2799,1124422,205,-0.1157,-0.0508,0.2390,-82.3053,-37.5115,106.7176
303045.2799,1124432,205,-0.0991,-0.0261,0.2224,-88.9618,-46.0763,108.3511
303045.2799,1124442,205,-0.0952,-0.0222,0.1951,-95.2977,-54.8092,109.2214
303045.3995,1124452,206,-0.1133,-0.0330,0.1416,-99.5573,-61.9847,110.2137
303045.3995,1124462,206,-0.1074,-0.0032,0.1204,-99.6794,-71.4504,110.3664
303045.3995,1124472,206,-0.0796,-0.0054,0.1091,-100.1069,-83.9695,111.0534
303045.3995,1124482,206,-0.0266,0.0215,0.1252,-95.4198,-95.8321,112.1985
303045.3995,1124492,206,-0.0188,0.0652,0.1707,-87.9847,-105.3130,112.7786
303045.3995,1124502,206,0.0103,0.1245,0.2195,-81.5420,-115.4504,114.9466
303045.3995,1124512,206,0.0293,0.1985,0.2649,-78.0305,-125.2672,115.1756
303045.3995,1124522,206,0.0159,0.2344,0.2981,-79.4504,-134.2443,112.1679
303045.3995,1124532,206,0.0417,0.2395,0.3264,-81.9237,-141.6489,106.6718
303045.3995,1124542,206,0.0579,0.2239,0.3665,-83.1145,-147.3588,98.2901
303045.4598,1124552,207,0.0789,0.1868,0.4299,-82.9771,-155.2977,88.4885
303045.4598,1124562,207,0.1013,0.1934,0.5325,-79.0076,-163.0992,83.0687
303045.4598,1124572,207,0.1477,0.2480,0.6724,-74.0611,-169.7252,81.0076
303045.4598,1124582,207,0.1753,0.2937,0.7944,-73.0992,-173.4656,78.2748
303045.4598,1124592,207,0.1936,0.3767,0.8770,-72.9771,-173.3740,73.6183
303045.4598,1124602,207,0.2134,0.4326,0.9602,-77.8931,-175.2366,65.5573
303045.4598,1124612,207,0.2571,0.4517,1.0376,-86.5496,-178.9771,54.3817
303045.4598,1124622,207,0.2769,0.4697,1.0952,-94.0611,-177.5573,42.0763
303045.4598,1124632,207,0.2932,0.4873,1.1648,-100.1527,-173.7252,28.1679
303045.4598,1124642,207,0.2986,0.4746,1.1780,-105.5267,-169.1603,13.6947
303045.5787,1124652,208,0.2786,0.4856,1.1743,-109.2672,-164.2748,-0.1679
303045.5787,1124662,208,0.2598,0.4641,1.1721,-114.3969,-162.9924,-14.2290
303045.5787,1124672,208,0.2888,0.3806,1.1562,-120.0305,-161.2519,-28.1985
303045.5787,1124682,208,0.2793,0.3088,1.1357,-122.3817,-159.4656,-38.1527
303045.5787,1124692,208,0.2517,0.2407,1.1470,-123.0840,-163.4198,-42.7786
303045.5787,1124702,208,0.2903,0.2131,1.1924,-120.3664,-170.2595,-43.1908
303045.5787,1124712,208,0.3572,0.2302,1.2686,-112.4122,-176.9313,-43.8168
303045.5787,1124722,208,0.4617,0.2102,1.3755,-98.8244,-179.9389,-55.7557
303045.5787,1124732,208,0.4932,0.1724,1.4170,-93.6794,-178.4885,-60.6260
303045.5787,1124742,208,0.5229,0.1145,1.4443,-86.7634,-174.4733,-65.0076
303045.7002,1124752,209,0.5496,0.1233,1.4956,-75.2214,-169.2824,-68.6107
303045.7002,1124762,209,0.5884,0.1570,1.5457,-65.7710,-165.5267,-70.7481
303045.7002,1124772,209,0.6143,0.1775,1.5803,-60.2748,-160.2137,-73.7863
303045.7002,1124782,209,0.6252,0.2134,1.6091,-57.3282,-154.3664,-77.8473
303045.7002,1124792,209,0.6392,0.2405,1.6296,-59.7710,-149.0687,-81.5573
303045.7002,1124802,209,0.6653,0.2261,1.6248,-65.1298,-142.0916,-87.7863
303045.7002,1124812,209,0.6724,0.2048,1.6243,-68.4427,-133.5115,-97.0382
303045.7002,1124822,209,0.6812,0.1504,1.5884,-71.6641,-127.1908,-105.7405
303045.7002,1124832,209,0.6760,0.0693,1.5542,-71.2214,-119.9084,-112.1985
303045.7002,1124842,209,0.6782,0.0437,1.5789,-62.3817,-114.6107,-116.2595
303045.7597,1124852,210,0.7126,0.0508,1.6355,-51.6641,-113.0534,-117.5267
303045.7597,1124862,210,0.7456,0.0598,1.6946,-42.3817,-108.8092,-118.3359
303045.7597,1124872,210,0.7380,0.1177,1.7322,-34.9160,-101.0076,-118.5802
303045.7597,1124882,210,0.7273,0.1890,1.7561,-31.3588,-94.1832,-120.9771
303045.7597,1124892,210,0.7256,0.2075,1.7473,-33.2977,-86.2290,-128.4427
303045.7597,1124902,210,0.7434,0.2007,1.7419,-36.4427,-77.1298,-138.4427
303045.7597,1124912,210,0.7896,0.1340,1.7188,-38.6260,-69.1908,-148.0305
303045.7597,1124922,210,0.8320,0.0808,1.7170,-35.0076,-59.8779,-158.3053
303045.7597,1124932,210,0.8538,0.0293,1.7124,-30.4275,-50.5954,-166.0916
303045.7597,1124942,210,0.8713,-0.0051,1.7109,-28.3664,-40.3664,-170.1985
303045.8804,1124952,211,0.8882,-0.0339,1.7148,-30.1069,-29.5573,-172.2748
303045.8804,1124962,211,0.8958,-0.0754,1.7129,-35.1756,-19.5115,-172.5954
303045.8804,1124972,211,0.8953,-0.1108,1.7070,-40.7634,-10.8550,-173.2061
303045.8804,1124982,211,0.9219,-0.1494,1.7075,-45.1145,-3.7405,-174.6870
303045.8804,1124992,211,0.9685,-0.2231,1.6970,-46.8855,2.8244,-177.2977
303045.8804,1125002,211,0.9958,-0.2832,1.6948,-43.5420,11.6947,-181.2214
303045.8804,1125012,211,1.0164,-0.3552,1.6814,-40.0153,21.4962,-183.1908
303045.8804,1125022,211,1.0142,-0.3975,1.6443,-37.6031,32.3359,-181.1298
303045.8804,1125032,211,0.9824,-0.3875,1.6245,-32.9160,41.9542,-178.7023
303045.8804,1125042,211,0.9851,-0.3477,1.6101,-29.8473,49.0992,-176.5954
303046.0003,1125052,212,0.9929,-0.2913,1.5945,-28.0916,56.6107,-178.7786
303046.0003,1125062,212,1.0112,-0.2686,1.5715,-32.3817,65.0382,-182.9771
303046.0003,1125072,212,1.0217,-0.2974,1.5186,-44.0916,74.7634,-183.9695
303046.0003,1125082,212,0.9944,-0.3467,1.4507,-56.9618,85.4962,-181.2061
303046.0003,1125092,212,0.9587,-0.3989,1.3723,-66.9924,93.5573,-175.2519
303046.0003,1125102,212,0.9580,-0.4604,1.3342,-73.2061,97.5420,-168.3664
303046.0003,1125112,212,0.9517,-0.5312,1.3162,-76.1832,101.5115,-161.9237
303046.0003,1125122,212,0.9229,-0.5879,1.3159,-75.2672,106.8397,-153.5115
303046.0003,1125132,212,0.9097,-0.5981,1.3296,-70.8550,110.9466,-143.0534
303046.0003,1125142,212,0.8918,-0.5918,1.3481,-66.1374,114.6107,-134.3206
303046.0594,1125152,213,0.9119,-0.5996,1.3682,-64.9160,119.3588,-126.9466
303046.0594,1125162,213,0.9260,-0.6167,1.3484,-65.3130,129.0840,-118.6412
303046.0594,1125172,213,0.8674,-0.6582,1.2908,-66.0000,140.9313,-110.6412
303046.0594,1125182,213,0.8196,-0.6912,1.2310,-65.7252,147.8931,-101.7252
303046.0594,1125192,213,0.7742,-0.7297,1.1726,-64.0458,150.1374,-92.4122
303046.0594,1125202,213,0.7102,-0.7380,1.1570,-60.7328,150.5344,-82.2290
303046.0594,1125212,213,0.6926,-0.7078,1.1582,-58.0916,147.8168,-69.7252
303046.0594,1125222,213,0.6902,-0.6912,1.1523,-57.0076,145.7405,-59.0076
303046.0594,1125232,213,0.6792,-0.6826,1.1423,-56.3969,146.5191,-52.7481
303046.0594,1125242,213,0.6777,-0.6965,1.1306,-57.6641,147.2366,-44.6870
303046.1792,1125252,214,0.6428,-0.6995,1.1094,-57.0382,151.1450,-36.0305
303046.1792,1125262,214,0.5859,-0.6853,1.0662,-53.6031,156.3969,-29.2214
303046.1792,1125272,214,0.5691,-0.6953,1.0098,-50.8397,156.6718,-24.1679
303046.1792,1125282,214,0.5100,-0.7051,0.9382,-47.9542,155.5267,-19.7710
303046.1792,1125292,214,0.4580,-0.7361,0.8711,-44.5496,152.6870,-14.9466
303046.1792,1125302,214,0.4141,-0.7644,0.8335,-39.6183,147.4809,-8.2443
303046.1792,1125312,214,0.4302,-0.7756,0.8340,-32.6412,140.7328,1.7405
303046.1792,1125322,214,0.4490,-0.7217,0.8904,-22.9466,139.2519,11.6489
303046.1792,1125332,214,0.4360,-0.6589,0.9155,-16.7939,142.5649,21.1908
303046.1792,1125342,214,0.3950,-0.6301,0.9004,-14.0763,147.3282,26.3511
303046.2995,1125352,215,0.3486,-0.5947,0.9001,-11.7252,151.5725,27.4656
303046.2995,1125362,215,0.3413,-0.5784,0.8828,-13.2519,153.2977,29.7099
303046.2995,1125372,215,0.2900,-0.5957,0.8574,-16.6870,155.7405,32.0000
303046.2995,1125382,215,0.2480,-0.5996,0.8145,-19.3130,156.7328,35.2977
303046.2995,1125392,215,0.2117,-0.5989,0.7837,-21.4351,153.9084,39.1756
303046.2995,1125402,215,0.1812,-0.6057,0.7610,-23.5267,150.2901,43.1603
303046.2995,1125412,215,0.1636,-0.6213,0.7302,-24.2595,147.0992,47.6794
303046.2995,1125422,215,0.1436,-0.6233,0.7190,-22.0000,145.5725,52.2137
303046.2995,1125432,215,0.1067,-0.5933,0.7019,-19.5878,144.4885,58.7634
303046.2995,1125442,215,0.0889,-0.5417,0.6807,-17.9084,142.3359,66.2290
303046.3595,1125452,216,0.0613,-0.4978,0.6704,-17.3588,139.6489,69.4504
303046.3595,1125462,216,0.0391,-0.4675,0.6541,-19.3130,137.3740,70.8397
303046.3595,1125472,216,0.0083,-0.4736,0.6133,-23.4504,136.4427,72.1374
303046.3595,1125482,216,-0.0356,-0.4819,0.5640,-25.6183,134.7786,73.3130
303046.3595,1125492,216,-0.0808,-0.4727,0.5439,-25.8626,130.4580,74.7023
303046.3595,1125502,216,-0.0747,-0.4712,0.5366,-25.0534,124.9771,78.0611
303046.3595,1125512,216,-0.0867,-0.4543,0.5293,-20.8244,121.1908,80.8702
303046.3595,1125522,216,-0.1233,-0.4280,0.5146,-16.7176,119.5267,81.8931
303046.3595,1125532,216,-0.1580,-0.4255,0.4834,-15.4962,116.3664,82.8397
303046.3595,1125542,216,-0.1863,-0.4062,0.4543,-14.3053,111.2214,85.4809
303046.4788,1125552,217,-0.2104,-0.3750,0.4346,-13.9542,106.4122,88.6107
303046.4788,1125562,217,-0.2378,-0.3638,0.4102,-15.3130,100.1069,92.0458
303046.4788,1125572,217,-0.2410,-0.3418,0.4033,-14.6260,92.7939,94.4885
303046.4788,1125582,217,-0.2605,-0.3325,0.4089,-13.3282,86.8702,97.0687
303046.4788,1125592,217,-0.2654,-0.3044,0.4214,-10.1832,81.2366,99.5420
303046.4788,1125602,217,-0.2537,-0.2710,0.4580,-7.8168,78.0916,100.0458
303046.4788,1125612,217,-0.2505,-0.2571,0.4688,-9.2672,80.1221,101.7252
303046.4788,1125622,217,-0.2844,-0.2236,0.4514,-9.4809,82.7786,104.6412
303046.4788,1125632,217,-0.3247,-0.1870,0.4424,-8.4122,82.2137,105.9389
303046.4788,1125642,217,-0.3818,-0.1560,0.4026,-8.9160,80.0000,107.1145
303046.5994,1125652,218,-0.4292,-0.0989,0.3826,-8.5344,72.6718,108.1985
303046.5994,1125662,218,-0.4915,-0.0728,0.3782,-10.0458,61.5115,108.7634
303046.5994,1125672,218,-0.5293,-0.0396,0.3672,-11.9542,50.7481,108.8397
303046.5994,1125682,218,-0.5427,-0.0242,0.3606,-12.2443,40.1527,107.7252
303046.5994,1125692,218,-0.5476,-0.0125,0.3794,-9.8626,30.7176,104.8702
303046.5994,1125702,218,-0.5369,0.0305,0.4185,-6.7634,20.2443,101.9237
303046.5994,1125712,218,-0.5029,0.0691,0.4966,-4.6718,8.4122,98.9924
303046.5994,1125722,218,-0.4666,0.0977,0.5872,-3.4962,0.1985,94.3359
303046.5994,1125732,218,-0.4043,0.1516,0.6797,-3.0992,-3.1298,89.8473
303046.5994,1125742,218,-0.3779,0.1853,0.7717,-7.7557,0.6260,86.0611
303046.6587,1125752,219,-0.3748,0.1992,0.7903,-17.7405,7.6641,81.5267
303046.6587,1125762,219,-0.3779,0.1860,0.7512,-28.7176,15.6947,77.6336
303046.6587,1125772,219,-0.4136,0.1768,0.6921,-37.0534,19.9542,74.5649
303046.6587,1125782,219,-0.4255,0.1523,0.6396,-43.4504,19.3435,71.7099
303046.6587,1125792,219,-0.4114,0.1023,0.5991,-44.7634,20.3206,69.9542
303046.6587,1125802,219,-0.4521,0.0840,0.5518,-39.4504,23.7405,69.2061
303046.6587,1125812,219,-0.4834,0.0652,0.5144,-34.8244,23.2214,69.9542
303046.6587,1125822,219,-0.5259,0.0635,0.4998,-29.5420,19.7710,73.0382
303046.6587,1125832,219,-0.5342,0.1274,0.5444,-20.7939,14.2595,77.4656
303046.6587,1125842,219,-0.4871,0.1931,0.6401,-12.5496,11.8779,80.9618
303046.7792,1125852,220,-0.4990,0.2800,0.6782,-6.3359,16.8092,80.9924
303046.7792,1125862,220,-0.5400,0.3120,0.6523,-6.8550,19.9237,78.0458
303046.7792,1125872,220,-0.5779,0.3333,0.5999,-10.0611,18.9313,73.8931
303046.7792,1125882,220,-0.6101,0.3291,0.5510,-14.6260,14.9466,71.2824
303046.7792,1125892,220,-0.6379,0.3137,0.5254,-18.0153,8.7786,69.1908
303046.7792,1125902,220,-0.6577,0.2983,0.5220,-18.2443,0.6870,67.0534
303046.7792,1125912,220,-0.6665,0.2927,0.5381,-16.6107,-8.9618,65.8626
303046.7792,1125922,220,-0.6458,0.3052,0.5947,-13.8015,-17.5878,66.0305
303046.7792,1125932,220,-0.5947,0.3301,0.6592,-11.5115,-21.6031,66.0916
303046.7792,1125942,220,-0.5652,0.3557,0.7087,-9.1756,-21.3740,64.5038
303046.9004,1125952,221,-0.5710,0.3770,0.7341,-7.3740,-19.4351,61.6489
303046.9004,1125962,221,-0.6121,0.3984,0.7261,-6.9008,-15.8931,59.3893
303046.9004,1125972,221,-0.6484,0.4226,0.7209,-6.1679,-13.1450,57.5573
303046.9004,1125982,221,-0.6609,0.4502,0.7239,-4.9618,-12.7481,54.3664
303046.9004,1125992,221,-0.6812,0.4807,0.7236,-4.8550,-13.5878,49.9542
303046.9004,1126002,221,-0.6829,0.4934,0.7314,-7.1450,-14.2443,45.2214
303046.9004,1126012,221,-0.7002,0.4836,0.7434,-11.2366,-14.2443,40.2901
303046.9004,1126022,221,-0.6921,0.4609,0.7556,-15.0076,-16.1679,35.3740
303046.9004,1126032,221,-0.6719,0.4397,0.7878,-17.5115,-19.1756,30.7481
303046.9004,1126042,221,-0.6506,0.4182,0.8306,-17.8779,-19.9084,27.0534
303046.9596,1126052,222,-0.6409,0.3943,0.8550,-16.7634,-16.6260,24.0305
303046.9596,1126062,222,-0.6506,0.3621,0.8477,-15.5878,-11.7710,20.7634
303046.9596,1126072,222,-0.6514,0.3372,0.8296,-14.3053,-9.3740,18.1985
303046.9596,1126082,222,-0.6514,0.3264,0.8252,-12.3053,-8.7328,17.3130
303046.9596,1126092,222,-0.6470,0.3350,0.8289,-10.1832,-8.1679,17.5725
303046.9596,1126102,222,-0.6516,0.3699,0.8289,-8.4122,-7.9389,17.1908
303046.9596,1126112,222,-0.6479,0.3992,0.8254,-9.3588,-7.9389,15.3893
303046.9596,1126122,222,-0.6428,0.3953,0.8181,-11.7405,-6.9160,12.6718
303046.9596,1126132,222,-0.6487,0.3928,0.8030,-13.2061,-5.4656,9.8321
303046.9596,1126142,222,-0.6514,0.3848,0.7878,-15.3740,-5.7405,6.9924
303047.0804,1126152,223,-0.6611,0.3687,0.7708,-17.6183,-5.6489,4.5344
303047.0804,1126162,223,-0.6504,0.3130,0.7554,-17.2519,-4.7481,2.5038
303047.0804,1126172,223,-0.6526,0.2825,0.7556,-11.5573,-2.7939,0.3969
303047.0804,1126182,223,-0.6616,0.2722,0.7466,-6.2901,-1.2824,0.0763
303047.0804,1126192,223,-0.6750,0.2927,0.7336,-2.5496,-1.1450,0.5191
303047.0804,1126202,223,-0.6741,0.2993,0.7400,-2.2290,-3.0229,0.2137
303047.0804,1126212,223,-0.6621,0.2925,0.7537,-3.8626,-6.2901,-0.6870
303047.0804,1126222,223,-0.6455,0.2842,0.7673,-5.2366,-8.9771,-1.4962
303047.0804,1126232,223,-0.6296,0.2805,0.7773,-6.1374,-10.5496,-2.4885
303047.0804,1126242,223,-0.6167,0.2739,0.7898,-7.6794,-11.1756,-3.4809
303047.1991,1126252,224,-0.6125,0.2510,0.7864,-9.4046,-8.7481,-3.9084
303047.1991,1126262,224,-0.6331,0.2290,0.7480,-9.1145,-4.4275,-3.7557
303047.1991,1126272,224,-0.6528,0.2134,0.7227,-7.6794,-4.0000,-2.8702
303047.1991,1126282,224,-0.6367,0.2039,0.7202,-4.4733,-5.9084,-2.5344
303047.1991,1126292,224,-0.6265,0.2190,0.7417,1.7252,-5.0840,-2.8855
303047.1991,1126302,224,-0.6335,0.2456,0.7417,5.2824,-3.0229,-3.2824
303047.1991,1126312,224,-0.6399,0.2622,0.7280,3.6641,-3.1908,-3.8015
303047.1991,1126322,224,-0.6418,0.2605,0.7151,-0.9924,-5.4504,-4.5191
303047.1991,1126332,224,-0.6401,0.2302,0.7036,-4.6412,-8.4885,-5.9847
303047.1991,1126342,224,-0.6221,0.2063,0.7109,-6.0000,-11.2977,-6.9618
303047.2597,1126352,225,-0.6052,0.1895,0.7151,-6.1069,-12.9771,-6.8397
303047.2597,1126362,225,-0.5930,0.1799,0.7202,-5.2061,-12.9771,-6.0000
303047.2597,1126372,225,-0.5854,0.1868,0.7126,-2.9313,-12.1221,-5.0229
303047.2597,1126382,225,-0.5811,0.2144,0.7097,-0.8397,-11.2519,-4.6412
303047.2597,1126392,225,-0.5842,0.2246,0.6858,-1.2977,-11.0992,-4.8550
303047.2597,1126402,225,-0.5754,0.2344,0.6777,-2.6107,-11.7863,-5.5725
303047.2597,1126412,225,-0.5537,0.2437,0.6707,-3.5420,-13.0840,-7.0992
303047.2597,1126422,225,-0.5295,0.2507,0.6616,-5.6947,-14.1374,-9.4351
303047.2597,1126432,225,-0.5051,0.2500,0.6440,-9.5878,-14.3817,-11.9084
303047.2597,1126442,225,-0.4790,0.2488,0.6125,-15.4809,-15.5573,-14.5191
303047.3794,1126452,226,-0.4507,0.2070,0.5779,-23.2672,-17.6031,-17.4046
303047.3794,1126462,226,-0.4355,0.1501,0.5242,-30.5496,-18.0305,-19.6947
303047.3794,1126472,226,-0.4292,0.1028,0.4749,-35.4046,-19.3588,-20.1527
303047.3794,1126482,226,-0.4231,0.0500,0.4243,-38.2901,-22.9160,-18.8397
303047.3794,1126492,226,-0.4255,0.0007,0.3813,-37.2366,-26.6107,-16.0763
303047.3794,1126502,226,-0.4226,-0.0103,0.3521,-31.3740,-31.5573,-12.2748
303047.3794,1126512,226,-0.4104,0.0103,0.3438,-25.2366,-38.3206,-7.2824
303047.3794,1126522,226,-0.3877,0.0144,0.3496,-21.1908,-46.2748,-2.5496
303047.3794,1126532,226,-0.3489,0.0520,0.4072,-16.3511,-53.3435,1.7099
303047.3794,1126542,226,-0.3293,0.0752,0.4614,-15.8626,-59.4046,6.8855
303047.4996,1126552,227,-0.3320,0.1008,0.4875,-19.7863,-63.1756,11.0534
303047.4996,1126562,227,-0.3572,0.1165,0.4802,-26.0763,-65.6641,13.6031
303047.4996,1126572,227,-0.3767,0.1243,0.4690,-30.0153,-68.7328,13.1908
303047.4996,1126582,227,-0.3801,0.1167,0.4592,-30.2137,-73.8321,9.9542
303047.4996,1126592,227,-0.3630,0.0901,0.4819,-28.5344,-79.8779,5.6947
303047.4996,1126602,227,-0.3472,0.0779,0.5186,-25.3588,-83.2824,3.1908
303047.4996,1126612,227,-0.3281,0.0906,0.5674,-22.0763,-85.8626,2.0305
303047.4996,1126622,227,-0.3030,0.1111,0.6050,-21.7099,-89.9389,0.7328
303047.4996,1126632,227,-0.2615,0.1353,0.6370,-24.2137,-92.7939,-1.6641
303047.4996,1126642,227,-0.2334,0.1455,0.6599,-29.9847,-94.5344,-5.5573
303047.5598,1126652,228,-0.1914,0.1133,0.6619,-39.0687,-96.9008,-10.7634
303047.5598,1126662,228,-0.1648,0.0784,0.6633,-47.1603,-97.3588,-16.1985
303047.5598,1126672,228,-0.1587,0.0293,0.6533,-55.2977,-101.0840,-20.5344
303047.5598,1126682,228,-0.1528,-0.0239,0.6484,-63.0992,-106.8397,-22.4733
303047.5598,1126692,228,-0.1392,-0.0710,0.6519,-67.5573,-112.9313,-22.7328
303047.5598,1126702,228,-0.1038,-0.0906,0.6746,-67.8473,-120.4885,-23.1603
303047.5598,1126712,228,-0.0566,-0.0742,0.7249,-66.4427,-128.5344,-23.5573
303047.5598,1126722,228,0.0034,-0.0662,0.7822,-67.5573,-134.4275,-24.5802
303047.5598,1126732,228,0.0457,-0.0972,0.8118,-71.6489,-134.3817,-26.1832
303047.5598,1126742,228,0.0530,-0.1191,0.8206,-75.2824,-128.6412,-27.7863
303047.6807,1126752,229,0.0139,-0.1470,0.8179,-80.4427,-122.5344,-27.2977
303047.6807,1126762,229,-0.0103,-0.1687,0.8118,-84.6412,-122.4580,-25.9542
303047.6807,1126772,229,0.0156,-0.1736,0.8416,-85.9542,-128.4122,-26.8702
303047.6807,1126782,229,0.0425,-0.1833,0.9062,-86.0000,-136.0458,-28.8702
303047.6807,1126792,229,0.0940,-0.1978,0.9846,-86.1679,-140.9924,-29.6489
303047.6807,1126802,229,0.1372,-0.1890,1.0398,-86.9466,-140.4122,-29.5115
303047.6807,1126812,229,0.1309,-0.2029,1.0591,-89.7099,-137.8931,-30.7023
303047.6807,1126822,229,0.1758,-0.2544,1.0525,-94.6412,-138.7634,-34.0916
303047.6807,1126832,229,0.2039,-0.3179,1.0347,-98.0153,-137.1908,-36.1985
303047.6807,1126842,229,0.1936,-0.3643,1.0037,-96.1679,-136.1069,-36.8550
303047.7984,1126852,230,0.1724,-0.3677,0.9868,-91.3893,-139.1145,-36.1069
303047.7984,1126862,230,0.1924,-0.3376,1.0029,-87.3893,-146.1221,-33.5115
303047.7984,1126872,230,0.2253,-0.2935,1.0439,-86.9618,-155.4198,-30.9924
303047.7984,1126882,230,0.2561,-0.2283,1.0994,-89.5115,-162.1221,-30.3511
303047.7984,1126892,230,0.3245,-0.1938,1.1746,-98.2748,-166.1679,-31.4351
303047.7984,1126902,230,0.3828,-0.2087,1.2068,-108.5191,-162.5496,-34.9466
303047.7984,1126912,230,0.3770,-0.2593,1.1936,-115.3893,-152.4733,-41.1603
303047.7984,1126922,230,0.3765,-0.3640,1.1545,-118.9924,-146.3511,-48.2901
303047.7984,1126932,230,0.3997,-0.4644,1.1406,-113.2366,-144.5649,-55.0229
303047.7984,1126942,230,0.4463,-0.5312,1.1479,-100.1374,-143.7099,-57.5115
303047.8595,1126952,231,0.4678,-0.5190,1.1531,-83.1298,-139.2214,-55.8473
303047.8595,1126962,231,0.4539,-0.4829,1.1484,-70.2595,-135.3282,-54.4733
303047.8595,1126972,231,0.4873,-0.4548,1.1765,-65.8168,-135.2519,-53.3893
303047.8595,1126982,231,0.5220,-0.4458,1.2087,-68.6107,-134.1985,-49.7557
303047.8595,1126992,231,0.5229,-0.4517,1.2229,-73.9389,-130.3817,-47.6489
303047.8595,1127002,231,0.5327,-0.4587,1.2231,-79.1145,-126.9466,-47.6641
303047.8595,1127012,231,0.5547,-0.4622,1.2231,-85.4962,-125.6031,-46.8702
303047.8595,1127022,231,0.6008,-0.4727,1.2192,-93.6947,-125.2366,-46.3817
303047.8595,1127032,231,0.6384,-0.4927,1.2134,-102.3359,-123.9695,-49.0992
303047.8595,1127042,231,0.6736,-0.5217,1.1895,-110.5649,-122.9618,-54.6260
303047.9794,1127052,232,0.7075,-0.6023,1.1384,-118.7328,-119.8779,-60.0763
303047.9794,1127062,232,0.7136,-0.6775,1.0740,-120.7481,-113.7710,-65.3893
303047.9794,1127072,232,0.6831,-0.7258,1.0085,-116.2443,-108.6412,-69.0382
303047.9794,1127082,232,0.6660,-0.7512,0.9512,-110.0153,-109.4504,-69.6794
303047.9794,1127092,232,0.6973,-0.7739,0.9338,-103.5420,-112.5038,-67.0992
303047.9794,1127102,232,0.7141,-0.7551,0.9302,-93.7863,-110.1069,-61.1756
303047.9794,1127112,232,0.6812,-0.6980,0.9177,-85.6336,-104.9618,-54.5344
303047.9794,1127122,232,0.6621,-0.6550,0.8975,-83.6489,-104.0000,-49.5420
303047.9794,1127132,232,0.6826,-0.6316,0.8997,-84.9771,-104.2595,-47.1908
303047.9794,1127142,232,0.6877,-0.6265,0.9084,-86.7634,-101.6183,-46.5191
303048.0986,1127152,233,0.6858,-0.6316,0.8984,-87.5420,-99.4198,-46.8702
303048.0986,1127162,233,0.6968,-0.6694,0.8945,-86.4733,-97.7710,-48.8092
303048.0986,1127172,233,0.7158,-0.7405,0.8723,-80.8702,-96.7176,-51.3588
303048.0986,1127182,233,0.7305,-0.7788,0.8491,-68.1527,-95.3435,-53.3435
303048.0986,1127192,233,0.7419,-0.7710,0.8428,-51.6947,-96.7634,-53.5267
303048.0986,1127202,233,0.8049,-0.7563,0.8645,-36.8092,-97.9389,-51.5878
303048.0986,1127212,233,0.8567,-0.7302,0.8738,-20.9008,-91.0076,-48.2901
303048.0986,1127222,233,0.8286,-0.6421,0.8540,-5.1450,-76.9313,-45.9237
303048.0986,1127232,233,0.7795,-0.5530,0.8167,-0.3817,-66.8550,-44.9008
303048.0986,1127242,233,0.7600,-0.5039,0.7678,-6.1832,-63.3130,-46.3359
303048.1592,1127252,234,0.7573,-0.4956,0.7178,-17.2672,-62.7634,-49.7099
303048.1592,1127262,234,0.7734,-0.5293,0.6821,-29.3740,-63.9847,-52.3053
303048.1592,1127272,234,0.7876,-0.5676,0.6313,-37.2977,-64.8702,-53.2672
303048.1592,1127282,234,0.7673,-0.5708,0.5996,-40.4122,-65.0076,-53.8779
303048.1592,1127292,234,0.7712,-0.5762,0.5686,-42.9771,-68.6107,-54.6565
303048.1592,1127302,234,0.8091,-0.5918,0.5581,-44.6412,-74.0916,-56.2901
303048.1592,1127312,234,0.8452,-0.5830,0.5635,-45.0992,-76.6565,-57.1908
303048.1592,1127322,234,0.8750,-0.5745,0.5569,-47.1603,-74.2290,-56.6412
303048.1592,1127332,234,0.8713,-0.5601,0.5300,-47.8626,-68.5344,-56.4427
303048.1592,1127342,234,0.8550,-0.5332,0.4971,-46.3664,-64.0763,-58.9313
303048.3379,1127352,235,0.8452,-0.5105,0.4480,-45.0992,-63.2824,-62.5038
303048.3379,1127362,235,0.8352,-0.4858,0.3979,-46.0153,-64.4733,-65.8626
303048.3379,1127372,235,0.8196,-0.5078,0.3345,-50.2443,-67.7099,-67.8168
303048.3379,1127382,235,0.8093,-0.5234,0.2795,-50.7481,-73.2519,-68.0611
303048.3379,1127392,235,0.8125,-0.5173,0.2524,-45.4656,-82.9160,-68.7939
303048.3379,1127402,235,0.8547,-0.5037,0.2427,-39.0992,-94.1069,-69.3588
303048.3379,1127412,235,0.9038,-0.4819,0.2493,-33.5878,-99.9389,-68.9466
303048.3379,1127422,235,0.9292,-0.4592,0.2473,-29.7252,-100.3817,-67.8168
303048.3379,1127432,235,0.9478,-0.4392,0.2354,-28.2290,-99.9084,-66.3206
303048.3379,1127442,235,0.9668,-0.4270,0.2097,-28.5038,-99.4351,-64.6718
303048.3398,1127452,236,0.9827,-0.4390,0.1726,-29.9695,-98.9466,-64.0153
303048.3398,1127462,236,0.9983,-0.4548,0.1487,-29.4809,-98.5038,-64.5344
303048.3398,1127472,236,1.0273,-0.4602,0.1553,-26.1374,-99.1908,-65.3282
303048.3398,1127482,236,1.1084,-0.4807,0.1995,-22.6260,-94.1679,-63.2519
303048.3398,1127492,236,1.1541,-0.4961,0.2263,-15.7710,-77.0076,-57.2519
303048.3398,1127502,236,1.1384,-0.4675,0.2339,-5.8626,-56.9924,-51.6031
303048.3398,1127512,236,1.1094,-0.4302,0.2302,-0.5191,-42.9771,-46.9618
303048.3398,1127522,236,1.0952,-0.4045,0.2148,-1.0534,-35.9542,-42.2443
303048.3398,1127532,236,1.0852,-0.3669,0.1958,-3.4656,-32.2595,-37.8473
303048.3398,1127542,236,1.0681,-0.3218,0.1804,-8.7023,-30.6107,-34.8702
303048.4596,1127552,237,1.0442,-0.2715,0.1785,-18.5038,-31.1908,-32.5496
303048.4596,1127562,237,1.0347,-0.2439,0.1497,-33.4046,-32.8855,-30.1221
303048.4596,1127572,237,1.0176,-0.2305,0.1216,-50.3206,-34.1527,-27.7252
303048.4596,1127582,237,1.0039,-0.2148,0.0964,-66.9771,-36.9008,-25.3893
303048.4596,1127592,237,0.9958,-0.2058,0.0674,-85.6031,-41.9084,-22.5344
303048.4596,1127602,237,1.0020,-0.2349,0.0400,-105.8626,-46.5649,-19.4809
303048.4596,1127612,237,1.0303,-0.3123,0.0186,-121.4656,-48.5038,-16.8092
303048.4596,1127622,237,1.0369,-0.3931,0.0198,-125.3740,-43.9695,-14.6565
303048.4596,1127632,237,1.0308,-0.4102,0.0315,-115.0687,-37.2061,-14.2137
303048.4596,1127642,237,1.0330,-0.4092,0.0271,-102.4885,-34.3206,-14.3817
303048.5802,1127652,238,1.0432,-0.4250,0.0159,-93.3435,-32.4580,-15.6794
303048.5802,1127662,238,1.0461,-0.4338,0.0022,-84.2748,-29.0076,-16.7939
303048.5802,1127672,238,1.0288,-0.4150,0.0071,-74.7328,-25.9389,-16.0000
303048.5802,1127682,238,1.0061,-0.3887,0.0046,-67.2214,-25.9084,-14.3053
303048.5802,1127692,238,1.0090,-0.3469,-0.0068,-63.3282,-29.2214,-11.5420
303048.5802,1127702,238,1.0081,-0.3176,-0.0139,-63.7863,-31.8168,-9.5115
303048.5802,1127712,238,1.0029,-0.2837,-0.0239,-67.3282,-33.6183,-7.5725
303048.5802,1127722,238,1.0071,-0.2661,-0.0452,-74.0305,-35.4198,-5.8473
303048.5802,1127732,238,1.0049,-0.2627,-0.0767,-81.4046,-35.9389,-3.9237
303048.5802,1127742,238,1.0127,-0.2783,-0.0974,-86.4580,-34.8855,-3.6183
303048.7002,1127752,239,1.0198,-0.3174,-0.1111,-85.5878,-31.0992,-4.3817
303048.7002,1127762,239,1.0291,-0.3372,-0.0923,-74.9008,-25.3740,-6.7481
303048.7002,1127772,239,1.0425,-0.3220,-0.0625,-61.5115,-23.2824,-8.8397
303048.7002,1127782,239,1.0632,-0.3271,-0.0496,-53.0840,-24.7634,-9.1908
303048.7002,1127792,239,1.0762,-0.3489,-0.0454,-46.8550,-22.0305,-10.3817
303048.7002,1127802,239,1.0720,-0.3564,-0.0439,-39.5725,-14.3511,-13.3893
303048.7002,1127812,239,1.0435,-0.3452,-0.0474,-33.0076,-8.2290,-15.3893
303048.7002,1127822,239,1.0364,-0.3442,-0.0598,-30.0000,-7.6641,-16.2443
303048.7002,1127832,239,1.0383,-0.3660,-0.0786,-30.6260,-7.9695,-17.4962
303048.7002,1127842,239,1.0249,-0.3723,-0.0881,-31.0382,-5.5115,-16.7481
303048.7598,1127852,240,1.0066,-0.3711,-0.1084,-31.7252,-3.4809,-13.7252
303048.7598,1127862,240,0.9871,-0.3655,-0.1277,-32.3206,-2.9618,-9.5115
303048.7598,1127872,240,0.9712,-0.3547,-0.1514,-32.0611,-3.8168,-5.7405
303048.7598,1127882,240,0.9536,-0.3384,-0.1587,-32.1832,-6.1985,-2.5649
303048.7598,1127892,240,0.9377,-0.3311,-0.1738,-32.4122,-9.7710,-0.5649
303048.7598,1127902,240,0.9316,-0.3345,-0.1746,-31.3435,-13.6336,-0.0611
303048.7598,1127912,240,0.9268,-0.3347,-0.1741,-28.5038,-17.5420,-0.8244
303048.7598,1127922,240,0.9302,-0.3401,-0.1675,-24.0611,-21.2061,-2.2443
303048.7598,1127932,240,0.9399,-0.3508,-0.1538,-17.9084,-23.7405,-3.9695
303048.7598,1127942,240,0.9473,-0.3499,-0.1387,-9.4198,-24.7328,-5.8779
303048.8785,1127952,241,0.9558,-0.3364,-0.1255,-1.2366,-24.6565,-7.5725
303048.8785,1127962,241,0.9612,-0.3247,-0.1165,4.6107,-24.6107,-8.6107
303048.8785,1127972,241,0.9685,-0.3127,-0.1008,8.5649,-24.7176,-9.0992
303048.8785,1127982,241,0.9675,-0.2961,-0.0901,10.4580,-24.6870,-9.2214
303048.8785,1127992,241,0.9690,-0.2756,-0.0872,9.9237,-24.9008,-8.7023
303048.8785,1128002,241,0.9768,-0.2695,-0.0879,6.8397,-25.2366,-7.4046
303048.8785,1128012,241,0.9841,-0.2603,-0.0837,2.2748,-25.2824,-5.8321
303048.8785,1128022,241,0.9924,-0.2554,-0.0908,-2.9313,-24.8550,-4.4122
303048.8785,1128032,241,1.0034,-0.2605,-0.1025,-8.6870,-23.9542,-2.7786
303048.8785,1128042,241,1.0139,-0.2703,-0.1086,-13.8626,-22.7328,-1.2214
303048.9994,1128052,242,1.0212,-0.2822,-0.1150,-17.9237,-20.6718,0.4122
303048.9994,1128062,242,1.0208,-0.2939,-0.1318,-20.5038,-17.7863,1.8931
303048.9994,1128072,242,1.0190,-0.3049,-0.1367,-21.3435,-14.8855,3.2519
303048.9994,1128082,242,1.0344,-0.3008,-0.1404,-21.3435,-11.2824,4.3664
303048.9994,1128092,242,1.0461,-0.3081,-0.1367,-22.1069,-5.0229,5.5573
303048.9994,1128102,242,1.0442,-0.3137,-0.1421,-22.6107,2.4733,6.7328
303048.9994,1128112,242,1.0261,-0.3071,-0.1509,-20.6565,8.4733,8.1069
303048.9994,1128122,242,1.0049,-0.2795,-0.1675,-17.0076,12.1985,10.3817
303048.9994,1128132,242,0.9985,-0.2637,-0.1846,-15.7252,13.5115,12.4427
303048.9994,1128142,242,0.9946,-0.2627,-0.1968,-16.4122,12.8855,14.2443
303049.0598,1128152,243,0.9897,-0.2625,-0.1997,-16.6260,10.8702,15.9084
303049.0598,1128162,243,0.9871,-0.2510,-0.2131,-16.1527,9.2061,17.3435
303049.0598,1128172,243,0.9810,-0.2446,-0.2166,-15.1908,8.0916,18.0305
303049.0598,1128182,243,0.9717,-0.2515,-0.2146,-13.6031,6.5954,17.6336
303049.0598,1128192,243,0.9763,-0.2502,-0.2190,-11.2672,4.8092,17.1756
303049.0598,1128202,243,0.9788,-0.2483,-0.2166,-8.7939,3.3130,16.9924
303049.0598,1128212,243,0.9800,-0.2419,-0.2114,-6.6565,1.6489,16.6565
303049.0598,1128222,243,0.9846,-0.2402,-0.2034,-4.7786,-0.0763,16.1527
303049.0598,1128232,243,0.9893,-0.2383,-0.1958,-2.9313,-1.3588,15.5115
303049.0598,1128242,243,0.9919,-0.2305,-0.1892,-1.4504,-2.0611,15.2519
303049.1788,1128252,244,0.9934,-0.2266,-0.1812,-0.5344,-2.2290,15.0992
303049.1788,1128262,244,0.9915,-0.2224,-0.1790,-0.1527,-2.2137,15.0992
303049.1788,1128272,244,0.9971,-0.2141,-0.1760,-0.5191,-2.1679,15.2061
303049.1788,1128282,244,1.0037,-0.2092,-0.1758,-1.3588,-1.9695,15.2824
303049.1788,1128292,244,1.0027,-0.2065,-0.1785,-2.7176,-1.5420,15.3130
303049.1788,1128302,244,0.9978,-0.2051,-0.1775,-4.2290,-0.9313,15.3130
303049.1788,1128312,244,0.9910,-0.2063,-0.1875,-5.5878,-0.2137,15.0687
303049.1788,1128322,244,0.9819,-0.2046,-0.1907,-6.6870,0.1679,14.6870
303049.1788,1128332,244,0.9739,-0.2097,-0.1917,-7.3588,-0.1221,14.0305
303049.1788,1128342,244,0.9685,-0.2036,-0.1885,-7.5725,-0.8092,13.3130
303049.2994,1128352,245,0.9609,-0.2046,-0.1895,-7.4351,-1.7557,12.4122
303049.2994,1128362,245,0.9607,-0.1985,-0.1770,-7.1756,-2.7786,11.2977
303049.2994,1128372,245,0.9685,-0.1914,-0.1772,-6.6870,-3.7557,10.0916
303049.2994,1128382,245,0.9734,-0.1934,-0.1775,-6.0611,-4.0153,8.6260
303049.2994,1128392,245,0.9739,-0.1960,-0.1768,-5.3130,-3.5115,6.4733
303049.2994,1128402,245,0.9673,-0.2048,-0.1770,-4.6718,-2.9313,4.1679
303049.2994,1128412,245,0.9565,-0.2131,-0.1792,-4.1527,-1.9084,2.0916
303049.2994,1128422,245,0.9465,-0.2212,-0.1807,-3.7252,-1.3740,0.4733
303049.2994,1128432,245,0.9417,-0.2285,-0.1863,-3.0382,-1.8168,-0.7023
303049.2994,1128442,245,0.9531,-0.2285,-0.1797,-2.0000,-3.2061,-1.9389
303049.3598,1128452,246,0.9631,-0.2319,-0.1743,-1.7252,-4.5802,-2.7481
303049.3598,1128462,246,0.9700,-0.2314,-0.1667,-2.4733,-4.9008,-3.2977
303049.3598,1128472,246,0.9680,-0.2302,-0.1670,-3.9542,-4.4427,-3.7710
303049.3598,1128482,246,0.9641,-0.2354,-0.1753,-5.9847,-3.7252,-4.2137
303049.3598,1128492,246,0.9597,-0.2456,-0.1768,-7.1603,-2.9160,-5.0992
303049.3598,1128502,246,0.9448,-0.2529,-0.1877,-7.2366,-2.4122,-6.5649
303049.3598,1128512,246,0.9438,-0.2632,-0.1892,-6.2901,-3.0687,-8.2137
303049.3598,1128522,246,0.9536,-0.2695,-0.1848,-4.6412,-4.1832,-9.7405
303049.3598,1128532,246,0.9624,-0.2708,-0.1816,-3.2672,-4.9924,-10.8550
303049.3598,1128542,246,0.9626,-0.2705,-0.1846,-2.6412,-4.9160,-11.5725
303049.4785,1128552,247,0.9565,-0.2673,-0.1843,-3.0229,-4.5344,-11.7252
303049.4785,1128562,247,0.9600,-0.2725,-0.1824,-4.2443,-4.1069,-11.8931
303049.4785,1128572,247,0.9497,-0.2759,-0.1873,-5.5420,-3.9847,-12.1527
303049.4785,1128582,247,0.9514,-0.2856,-0.1895,-6.2290,-4.5496,-12.4427
303049.4785,1128592,247,0.9612,-0.2881,-0.1904,-6.1069,-5.6183,-12.5496
303049.4785,1128602,247,0.9695,-0.2903,-0.1929,-5.8168,-6.3053,-12.6412
303049.4785,1128612,247,0.9727,-0.2908,-0.1904,-5.5115,-6.0000,-12.9771
303049.4785,1128622,247,0.9714,-0.2893,-0.1970,-5.4962,-5.1450,-13.3130
303049.4785,1128632,247,0.9666,-0.2942,-0.2017,-5.5725,-4.7786,-13.5420
303049.4785,1128642,247,0.9602,-0.2966,-0.2031,-5.5725,-5.0534,-13.7557
303049.5987,1128652,248,0.9624,-0.3044,-0.2053,-5.3282,-5.7863,-13.9237
303049.5987,1128662,248,0.9607,-0.3098,-0.2026,-4.9160,-6.8855,-13.8321
303049.5987,1128672,248,0.9617,-0.3167,-0.1892,-4.3817,-7.8473,-13.4504
303049.5987,1128682,248,0.9587,-0.3220,-0.1860,-3.8321,-8.4427,-12.9618
303049.5987,1128692,248,0.9561,-0.3345,-0.1853,-3.3740,-8.7176,-12.5344
303049.5987,1128702,248,0.9473,-0.3503,-0.1780,-2.4275,-8.8244,-12.2748
303049.5987,1128712,248,0.9385,-0.3643,-0.1646,-0.4122,-9.2061,-11.9695
303049.5987,1128722,248,0.9194,-0.3809,-0.1572,2.5344,-10.1069,-11.4809
303049.5987,1128732,248,0.9199,-0.4004,-0.1470,6.6565,-11.8473,-11.1756
303049.5987,1128742,248,0.9373,-0.4189,-0.1284,12.3969,-14.1985,-11.2519
303049.6599,1128752,249,0.9543,-0.4231,-0.1055,19.3893,-15.7405,-11.0687
303049.6599,1128762,249,0.9700,-0.4263,-0.0818,26.5649,-16.1374,-10.2901
303049.6599,1128772,249,1.0034,-0.4248,-0.0471,33.7099,-16.0916,-9.2824
303049.6599,1128782,249,1.0479,-0.4175,-0.0059,39.5573,-15.3435,-7.3282
303049.6599,1128792,249,1.0769,-0.3997,0.0266,43.2061,-9.9847,-4.1985
303049.6599,1128802,249,1.0984,-0.4160,0.0432,44.6412,-1.5725,-1.2977
303049.6599,1128812,249,1.1262,-0.4688,0.0461,45.4809,4.8244,2.0611
303049.6599,1128822,249,1.1262,-0.4624,0.0586,48.8550,10.7328,8.3817
303049.6599,1128832,249,1.1187,-0.4082,0.0540,51.5878,14.1985,17.0076
303049.6599,1128842,249,1.1223,-0.3618,0.0461,49.3130,17.2061,23.0840
303049.7786,1128852,250,1.1187,-0.3323,0.0413,42.0611,21.0534,25.4198
303049.7786,1128862,250,1.1162,-0.3237,0.0400,31.3588,24.0611,26.6870
303049.7786,1128872,250,1.1169,-0.3406,0.0186,18.8092,26.3359,27.5878
303049.7786,1128882,250,1.1230,-0.3877,-0.0007,6.8092,29.3435,27.4962
303049.7786,1128892,250,1.1228,-0.4497,-0.0117,-2.6107,33.2061,28.4580
303049.7786,1128902,250,1.1702,-0.5796,-0.0010,-9.1756,34.2443,32.0611
303049.7786,1128912,250,1.2463,-0.7681,-0.0007,-10.5954,31.9847,38.7481
303049.7786,1128922,250,1.3000,-0.8911,0.0122,2.2901,36.5496,45.0382
303049.7786,1128932,250,1.3020,-0.8940,0.0356,24.2290,53.7710,54.5191
303049.7786,1128942,250,1.2480,-0.8274,0.0234,45.9542,73.2824,67.8473
303049.9028,1128952,251,1.1912,-0.7170,-0.0029,61.3282,84.1832,77.9695
303049.9028,1128962,251,1.1790,-0.6833,-0.0266,62.6870,84.0305,85.6489
303049.9028,1128972,251,1.1936,-0.7441,-0.0505,51.2977,78.0153,94.8550
303049.9028,1128982,251,1.2017,-0.8208,-0.0627,39.2977,71.6489,107.3893
303049.9028,1128992,251,1.1721,-0.8708,-0.0923,29.9084,68.7023,125.3435
303049.9028,1129002,251,1.1152,-0.8813,-0.1360,25.2366,72.1679,142.6565
303049.9028,1129012,251,1.0347,-0.8501,-0.1541,27.2061,76.4733,153.2977
303049.9028,1129022,251,0.9614,-0.7915,-0.1372,31.5267,73.5878,159.6031
303049.9028,1129032,251,0.9524,-0.7566,-0.0874,34.2748,61.4046,164.4122
303049.9028,1129042,251,0.9727,-0.7505,-0.0388,37.0687,49.3130,166.6412
303049.9583,1129052,252,0.9592,-0.7275,-0.0042,47.6947,47.0382,161.4504
303049.9583,1129062,252,0.9326,-0.7073,0.0168,63.7099,49.5725,149.4198
303049.9583,1129072,252,0.9038,-0.7253,0.0305,79.3588,52.3817,136.0000
303049.9583,1129082,252,0.8738,-0.7354,0.0354,95.2214,53.2824,124.7634
303049.9583,1129092,252,0.8591,-0.7197,0.0542,111.9237,52.5496,115.0229
303049.9583,1129102,252,0.8533,-0.7102,0.0723,125.7099,51.8473,107.9389
303049.9583,1129112,252,0.8398,-0.6821,0.1072,133.6336,51.4198,103.2824
303049.9583,1129122,252,0.8442,-0.6770,0.1421,136.4733,51.9389,102.3664
303049.9583,1129132,252,0.8416,-0.6550,0.1582,135.7405,53.0076,103.9695
303049.9583,1129142,252,0.7927,-0.5625,0.1814,135.9237,57.0687,105.0076
303050.0794,1129152,253,0.7341,-0.4641,0.1931,132.5954,60.9618,104.2901
303050.0794,1129162,253,0.6853,-0.4009,0.2029,122.7023,65.7863,101.1908
303050.0794,1129172,253,0.6487,-0.4075,0.2083,110.3359,69.7557,95.3588
303050.0794,1129182,253,0.6121,-0.4390,0.1970,102.7176,72.3206,87.7863
303050.0794,1129192,253,0.5930,-0.4866,0.1873,103.9847,72.0611,78.9008
303050.0794,1129202,253,0.6140,-0.5498,0.2161,111.4351,68.3053,70.8550
303050.0794,1129212,253,0.6714,-0.5930,0.2456,120.8855,63.9389,66.8092
303050.0794,1129222,253,0.6812,-0.5452,0.2681,130.4885,66.2748,64.9160
303050.0794,1129232,253,0.6709,-0.5144,0.2747,132.3053,68.7023,64.7023
303050.0794,1129242,253,0.6714,-0.5229,0.2712,126.1069,69.6336,64.1832
303050.2590,1129252,254,0.6689,-0.5474,0.2454,117.9542,69.9847,63.4046
303050.2590,1129262,254,0.6262,-0.5366,0.2419,111.9695,70.8397,61.4198
303050.2590,1129272,254,0.6191,-0.5544,0.2490,103.7252,64.9618,61.5878
303050.2590,1129282,254,0.6135,-0.5544,0.2512,96.8092,58.5802,63.2519
303050.2590,1129292,254,0.5859,-0.5371,0.2563,92.8550,57.2824,63.5420
303050.2590,1129302,254,0.5601,-0.5225,0.2737,89.1756,56.8702,62.2748
303050.2590,1129312,254,0.5515,-0.5291,0.2834,87.0534,53.0992,60.4580
303050.2590,1129322,254,0.5513,-0.5483,0.3076,87.3282,45.8168,58.2290
303050.2590,1129332,254,0.5713,-0.5298,0.3506,91.8015,36.5802,53.7099
303050.2590,1129342,254,0.6221,-0.5378,0.4165,92.7634,26.0611,50.6412
303050.2600,1129352,255,0.6733,-0.5527,0.4521,89.9695,18.7176,51.0992
303050.2600,1129362,255,0.6807,-0.5425,0.4897,88.8397,18.3053,52.3206
303050.2600,1129372,255,0.6636,-0.5671,0.5002,86.4885,18.7481,52.3664
303050.2600,1129382,255,0.6345,-0.5315,0.5129,86.5802,19.9847,49.8168
303050.2600,1129392,255,0.6028,-0.5217,0.5317,84.7328,20.1221,47.4809
303050.2600,1129402,255,0.5823,-0.4971,0.5430,82.1527,20.5496,43.7863
303050.2600,1129412,255,0.5989,-0.4915,0.5918,77.1908,20.5649,39.4351
303050.2600,1129422,255,0.6287,-0.5085,0.6011,69.9847,22.1069,36.3511
303050.2600,1129432,255,0.6096,-0.4919,0.6082,64.5649,28.5954,33.7405
303050.2600,1129442,255,0.5801,-0.4919,0.5984,58.0763,33.0992,31.7099
303050.3796,1129452,0,0.5562,-0.4512,0.6035,53.7252,36.5802,29.1298
303050.3796,1129462,0,0.5120,-0.4382,0.5974,45.7099,38.8092,27.4046
303050.3796,1129472,0,0.4644,-0.4465,0.5835,35.8321,39.3130,25.3740
303050.3796,1129482,0,0.4673,-0.5010,0.5928,28.3359,36.8550,22.4275
303050.3796,1129492,0,0.4912,-0.5593,0.6050,26.5496,32.8397,20.0153
303050.3796,1129502,0,0.4810,-0.5747,0.6199,29.5573,31.1145,18.1527
303050.3796,1129512,0,0.4832,-0.5825,0.6453,30.7939,26.1679,16.4733
303050.3796,1129522,0,0.4922,-0.5835,0.6604,30.1679,20.4275,14.5649
303050.3796,1129532,0,0.4983,-0.5852,0.6777,27.8931,18.6565,13.1450
303050.3796,1129542,0,0.5071,-0.5947,0.6953,24.0611,18.4427,13.0840
303050.4994,1129552,1,0.5054,-0.6077,0.7063,19.6031,20.3053,12.7023
303050.4994,1129562,1,0.4907,-0.6099,0.7065,15.6794,23.4809,11.2366
303050.4994,1129572,1,0.4771,-0.6414,0.7019,11.1298,24.5496,10.3817
303050.4994,1129582,1,0.4666,-0.6509,0.6907,9.0687,23.6794,9.7710
303050.4994,1129592,1,0.4546,-0.6541,0.6970,9.9237,20.7634,8.9618
303050.4994,1129602,1,0.4629,-0.6523,0.7148,11.6794,16.5344,7.8321
303050.4994,1129612,1,0.4819,-0.6421,0.7363,13.0687,13.8015,7.3435
303050.4994,1129622,1,0.4875,-0.6389,0.7588,13.8015,13.9695,7.4504
303050.4994,1129632,1,0.4812,-0.6238,0.7754,15.6489,16.7481,6.3206
303050.4994,1129642,1,0.4561,-0.6082,0.7720,16.1374,19.2824,4.5954
303050.5596,1129652,2,0.4216,-0.6160,0.7581,14.4580,18.9924,3.6031
303050.5596,1129662,2,0.4009,-0.6091,0.7478,12.6565,16.1527,3.0840
303050.5596,1129672,2,0.3916,-0.5940,0.7473,10.7939,13.1298,2.6565
303050.5596,1129682,2,0.3872,-0.5916,0.7437,7.8779,10.0916,2.3206
303050.5596,1129692,2,0.3875,-0.5959,0.7446,4.8702,7.6183,1.9237
303050.5596,1129702,2,0.3975,-0.6143,0.7529,1.7863,6.5954,1.1756
303050.5596,1129712,2,0.4150,-0.6296,0.7500,-0.4580,6.9771,1.0992
303050.5596,1129722,2,0.4053,-0.6462,0.7551,-0.1985,9.4046,1.3435
303050.5596,1129732,2,0.3867,-0.6460,0.7471,2.3359,10.1374,1.6641
303050.5596,1129742,2,0.3594,-0.6150,0.7439,6.0916,9.8779,1.4046
303050.6803,1129752,3,0.3311,-0.6055,0.7468,8.0153,8.9618,0.9924
303050.6803,1129762,3,0.3110,-0.5898,0.7344,10.1069,6.4427,-0.0611
303050.6803,1129772,3,0.3013,-0.5732,0.7349,12.4733,2.0611,-1.7557
303050.6803,1129782,3,0.3010,-0.5745,0.7375,13.9695,-3.9542,-2.8092
303050.6803,1129792,3,0.3257,-0.5674,0.7681,15.9237,-10.4580,-3.2366
303050.6803,1129802,3,0.3660,-0.5383,0.8030,17.1603,-15.2519,-3.2824
303050.6803,1129812,3,0.3730,-0.5222,0.8337,14.9313,-14.9008,-2.9160
303050.6803,1129822,3,0.4028,-0.5432,0.8777,10.9924,-12.2901,-3.4504
303050.6803,1129832,3,0.4395,-0.5513,0.9004,9.8321,-6.3664,-5.2366
303050.6803,1129842,3,0.4338,-0.5522,0.9167,9.9389,2.3511,-5.7252
