host_time_s,device_ms,seq,ax_g,ay_g,az_g,gx_dps,gy_dps,gz_dps
243332.4182,84868,50,-0.3186,-0.1033,-0.1353,58.8855,3.9084,-42.7328
243332.4182,84878,50,-0.3213,-0.1501,-0.1489,57.6183,-2.9008,-43.8931
243332.4182,84888,50,-0.3257,-0.1812,-0.1450,56.0458,-10.3664,-43.3130
243332.4182,84898,50,-0.3289,-0.2175,-0.1396,54.9160,-17.6489,-41.6947
243332.4182,84908,50,-0.3352,-0.2375,-0.1282,56.1679,-23.8321,-39.2672
243332.4182,84918,50,-0.3530,-0.2341,-0.1284,58.8092,-28.8855,-35.8321
243332.4182,84928,50,-0.3716,-0.2166,-0.1428,60.5191,-33.6183,-32.9466
243332.4182,84938,50,-0.3965,-0.1838,-0.1494,61.2061,-40.3969,-31.8168
243332.4182,84948,50,-0.4172,-0.1406,-0.1123,59.2977,-50.4580,-33.6794
243332.4182,84958,50,-0.4258,-0.1389,-0.0505,53.4962,-61.7099,-39.0382
243332.5226,84968,51,-0.4460,-0.1992,0.0129,46.6412,-71.8626,-46.7634
243332.5226,84978,51,-0.4646,-0.2739,0.0776,41.8015,-80.4427,-53.2977
243332.5226,84988,51,-0.4705,-0.3462,0.1453,39.4656,-87.2519,-57.2214
243332.5226,84998,51,-0.4900,-0.4412,0.1746,38.5038,-91.2977,-58.8702
243332.5226,85008,51,-0.5066,-0.5198,0.1968,39.2061,-95.0076,-56.9466
243332.5226,85018,51,-0.4937,-0.5845,0.2271,41.3740,-98.2595,-53.2672
243332.5226,85028,51,-0.5278,-0.6245,0.2788,42.5344,-101.6336,-50.3664
243332.5226,85038,51,-0.5378,-0.6572,0.3689,39.1145,-108.0153,-48.4885
243332.5226,85048,51,-0.5522,-0.7107,0.4758,31.2977,-114.1069,-47.4504
243332.5226,85058,51,-0.5688,-0.7449,0.5950,24.7023,-119.4656,-47.4198
243332.6217,85068,52,-0.5735,-0.8020,0.6965,15.8321,-124.7328,-47.5878
243332.6217,85078,52,-0.6042,-0.8950,0.7590,5.2061,-123.9389,-46.2595
243332.6217,85088,52,-0.6638,-0.9966,0.7498,-1.1908,-116.9313,-41.5573
243332.6217,85098,52,-0.6941,-1.0747,0.7075,-3.3588,-110.9924,-33.2214
243332.6217,85108,52,-0.7551,-1.0740,0.6890,-2.8702,-106.4427,-20.8244
243332.6217,85118,52,-0.8052,-1.0042,0.7114,-2.7786,-103.2366,-5.9389
243332.6217,85128,52,-0.8250,-0.8801,0.7708,-3.9542,-99.5878,5.8321
243332.6217,85138,52,-0.8677,-0.7600,0.8110,-6.7634,-93.0534,11.9695
243332.6217,85148,52,-0.9204,-0.6775,0.7986,-13.8779,-87.3435,12.7328
243332.6217,85158,52,-0.9622,-0.6885,0.7559,-24.7328,-87.0840,9.2672
243332.7050,85168,53,-0.9458,-0.7627,0.7402,-34.0153,-90.4122,5.6031
243332.7050,85178,53,-0.9292,-0.8008,0.7781,-39.2519,-92.4275,6.6870
243332.7050,85188,53,-0.9314,-0.8098,0.8486,-42.7176,-90.4885,12.5191
243332.7050,85198,53,-0.9526,-0.7734,0.9138,-45.0076,-86.3053,20.4122
243332.7050,85208,53,-0.9932,-0.7153,0.9290,-47.4962,-79.2672,29.1908
243332.7050,85218,53,-1.0244,-0.6511,0.9194,-47.3740,-71.9237,36.3969
243332.7050,85228,53,-1.0483,-0.5933,0.9043,-47.3893,-66.9160,41.3130
243332.7050,85238,53,-1.0498,-0.5671,0.8784,-48.1221,-64.0458,44.9313
243332.7050,85248,53,-1.0540,-0.5232,0.8762,-49.2977,-62.3969,48.5191
243332.7050,85258,53,-1.0801,-0.4602,0.8972,-51.4656,-60.2901,53.1603
243332.8223,85268,54,-1.1028,-0.3884,0.9265,-52.5038,-56.8092,56.8550
243332.8223,85278,54,-1.1316,-0.3374,0.9563,-54.0763,-52.0000,57.8473
243332.8223,85288,54,-1.1538,-0.3098,0.9951,-55.8473,-47.1298,57.7557
243332.8223,85298,54,-1.1755,-0.2754,1.0745,-57.1756,-42.1221,57.2061
243332.8223,85308,54,-1.1907,-0.2734,1.1353,-61.6336,-36.0000,56.5802
243332.8223,85318,54,-1.1826,-0.2693,1.1692,-64.5649,-29.2214,56.7176
243332.8223,85328,54,-1.1736,-0.2354,1.1951,-63.4656,-21.2214,57.9695
243332.8223,85338,54,-1.1575,-0.1882,1.2178,-61.7405,-12.9466,59.2519
243332.8223,85348,54,-1.1350,-0.1506,1.2244,-59.4656,-4.8702,59.7710
243332.8223,85358,54,-1.1316,-0.0889,1.2302,-56.6565,2.4427,59.7252
243332.9195,85368,55,-1.1150,-0.0381,1.2454,-56.6718,6.5954,58.1527
243332.9195,85378,55,-1.0820,-0.0129,1.2656,-58.5802,10.6412,54.5649
243332.9195,85388,55,-1.0571,-0.0002,1.2734,-60.0611,17.1298,51.0687
243332.9195,85398,55,-1.0391,-0.0022,1.2617,-60.5344,25.0229,48.4275
243332.9195,85408,55,-1.0364,0.0110,1.2283,-57.6183,32.6870,48.0000
243332.9195,85418,55,-1.0325,0.0605,1.2339,-52.0916,39.3130,49.6794
243332.9195,85428,55,-1.0139,0.1172,1.2322,-47.4198,46.1374,51.1298
243332.9195,85438,55,-0.9993,0.1868,1.2065,-43.3435,53.4656,52.0153
243332.9195,85448,55,-0.9861,0.2627,1.1741,-38.8702,59.8168,52.2443
243332.9195,85458,55,-0.9807,0.3320,1.1384,-33.1756,65.6336,50.9313
243333.0041,85468,56,-0.9814,0.3860,1.0864,-28.2290,70.9008,47.8931
243333.0041,85478,56,-0.9739,0.4248,1.0469,-25.3740,74.2748,44.0611
243333.0041,85488,56,-0.9534,0.4360,1.0208,-23.2214,76.1374,39.2824
243333.0041,85498,56,-0.9258,0.4292,0.9946,-19.2672,79.3893,34.0000
243333.0041,85508,56,-0.9016,0.3955,0.9587,-14.1374,83.4809,30.2137
243333.0041,85518,56,-0.8687,0.3787,0.9177,-8.1069,86.9313,28.6260
243333.0041,85528,56,-0.8386,0.3867,0.8901,-1.5115,89.2366,28.3969
243333.0041,85538,56,-0.8003,0.3860,0.8633,4.8092,91.6641,27.3740
243333.0041,85548,56,-0.7756,0.3638,0.8154,11.0992,96.0763,24.9924
243333.0041,85558,56,-0.7632,0.3318,0.7393,17.2366,100.0153,22.5649
243333.1112,85568,57,-0.7451,0.3142,0.6709,22.3053,100.3511,21.1145
243333.1112,85578,57,-0.7197,0.2864,0.6194,26.0611,99.4046,19.6641
243333.1112,85588,57,-0.7126,0.2512,0.5681,29.4656,98.7176,18.5191
243333.1112,85598,57,-0.6846,0.2373,0.5403,33.4809,96.9618,17.7710
243333.1112,85608,57,-0.6763,0.2371,0.5303,37.4809,95.3740,16.7786
243333.1112,85618,57,-0.6545,0.2024,0.5049,41.0076,94.0000,15.0382
243333.1112,85628,57,-0.6335,0.1921,0.4729,45.1603,93.0076,13.6183
243333.1112,85638,57,-0.6060,0.1824,0.4419,47.8321,92.0763,12.7634
243333.1112,85648,57,-0.5969,0.1707,0.3823,50.6107,92.0000,11.6336
243333.1112,85658,57,-0.5842,0.1609,0.3274,54.6107,91.3435,10.0458
243333.2180,85668,58,-0.5776,0.1746,0.2759,57.5878,88.6870,8.9008
243333.2180,85678,58,-0.5681,0.1602,0.2280,57.7863,85.4046,7.0840
243333.2180,85688,58,-0.5576,0.1462,0.1965,59.2519,81.8168,4.8550
243333.2180,85698,58,-0.5496,0.1597,0.1707,61.5115,77.3740,3.0076
243333.2180,85708,58,-0.5239,0.1682,0.1497,61.7557,71.6031,0.9313
243333.2180,85718,58,-0.4961,0.1562,0.1404,62.8855,67.2824,-1.9695
243333.2180,85728,58,-0.4814,0.1426,0.1179,66.6565,65.1756,-4.9466
243333.2180,85738,58,-0.4641,0.1355,0.0828,68.9771,61.9695,-7.1603
243333.2180,85748,58,-0.4514,0.1174,0.0381,69.4656,57.6031,-9.1756
243333.2180,85758,58,-0.4375,0.1194,-0.0073,70.0611,53.6031,-10.9924
243333.3236,85768,59,-0.4409,0.1199,-0.0610,69.8168,49.5267,-12.9160
243333.3236,85778,59,-0.4495,0.1157,-0.1199,69.7710,43.7710,-15.1145
243333.3236,85788,59,-0.4563,0.1379,-0.1462,70.7328,36.3359,-17.9084
243333.3236,85798,59,-0.4783,0.1536,-0.1594,71.0382,29.7557,-21.2824
243333.3236,85808,59,-0.4858,0.1523,-0.1807,70.8397,21.6183,-26.2290
243333.3236,85818,59,-0.4792,0.1394,-0.1650,70.2137,12.6260,-32.0000
243333.3236,85828,59,-0.4753,0.1130,-0.1174,70.5954,4.8244,-37.6489
243333.3236,85838,59,-0.4590,0.0576,-0.0852,70.0000,-2.4122,-43.3282
243333.3236,85848,59,-0.4414,0.0090,-0.0562,67.8931,-9.6794,-47.2519
243333.3236,85858,59,-0.4011,-0.0332,0.0000,65.4504,-15.8168,-49.7405
243333.4101,85868,60,-0.3872,-0.1147,-0.0115,62.2901,-18.3053,-51.8473
243333.4101,85878,60,-0.3950,-0.1956,-0.0708,60.8702,-20.5802,-52.7939
243333.4101,85888,60,-0.3784,-0.2368,-0.1042,61.9084,-26.8702,-51.5420
243333.4101,85898,60,-0.3877,-0.2556,-0.0889,63.9542,-33.8626,-50.1985
243333.4101,85908,60,-0.3887,-0.2571,-0.0291,64.9924,-41.8015,-50.1221
243333.4101,85918,60,-0.3770,-0.2642,0.0430,62.5038,-50.3664,-51.1298
243333.4101,85928,60,-0.3728,-0.2688,0.1145,57.6489,-58.2748,-52.9466
243333.4101,85938,60,-0.3730,-0.2954,0.1646,52.5802,-63.5878,-55.5420
243333.4101,85948,60,-0.3892,-0.3394,0.1741,49.1145,-66.0916,-58.2290
243333.4101,85958,60,-0.4009,-0.3882,0.1658,47.4656,-69.4198,-60.3053
243333.5147,85968,61,-0.4143,-0.4526,0.1492,45.9237,-74.9924,-61.9542
243333.5147,85978,61,-0.4207,-0.5498,0.1575,44.6260,-81.6489,-63.5878
243333.5147,85988,61,-0.4426,-0.6636,0.1443,42.9618,-88.1985,-64.2290
243333.5147,85998,61,-0.4797,-0.8140,0.1301,39.8168,-94.2137,-62.3053
243333.5147,86008,61,-0.4895,-0.8953,0.2078,39.1908,-101.2824,-55.1298
243333.5147,86018,61,-0.5000,-0.9053,0.3301,39.4809,-106.8550,-44.2137
243333.5147,86028,61,-0.5229,-0.8630,0.4607,39.3740,-109.0382,-32.9924
243333.5147,86038,61,-0.5645,-0.7822,0.5686,37.6183,-108.0458,-24.1374
243333.5147,86048,61,-0.5947,-0.7007,0.6594,31.5420,-107.5878,-19.2214
243333.5147,86058,61,-0.6426,-0.6597,0.6946,21.6641,-106.3511,-19.0534
243333.6050,86068,62,-0.6963,-0.6648,0.6992,11.6336,-107.0382,-22.5038
243333.6050,86078,62,-0.7415,-0.7388,0.6785,2.3511,-107.8015,-27.1145
243333.6050,86088,62,-0.7637,-0.8044,0.6760,-2.9008,-108.6870,-28.9466
243333.6050,86098,62,-0.7817,-0.8425,0.7283,-6.9160,-109.0840,-26.8397
243333.6050,86108,62,-0.7832,-0.8655,0.7896,-12.2595,-106.9924,-22.3664
243333.6050,86118,62,-0.8181,-0.8560,0.8301,-16.3511,-101.9695,-16.0000
243333.6050,86128,62,-0.8372,-0.8203,0.8486,-19.0382,-97.3740,-9.2366
243333.6050,86138,62,-0.8823,-0.7607,0.8752,-22.0153,-95.0229,-3.4198
243333.6050,86148,62,-0.9038,-0.7290,0.9021,-27.2519,-93.3282,-0.5649
243333.6050,86158,62,-0.9050,-0.7634,0.8948,-34.0916,-91.0840,-0.3817
243333.8149,86168,63,-0.8845,-0.8357,0.8635,-40.1221,-89.0076,0.7481
243333.8149,86178,63,-0.8701,-0.8936,0.8518,-42.8702,-86.2595,5.6031
243333.8149,86188,63,-0.8730,-0.9329,0.8325,-42.2748,-81.3893,14.7176
243333.8149,86198,63,-0.9011,-0.8948,0.8511,-39.2824,-76.1221,28.0458
243333.8149,86208,63,-0.9104,-0.8142,0.8826,-37.7099,-72.3817,42.8092
243333.8149,86218,63,-0.9375,-0.7139,0.8813,-38.3053,-65.7405,54.5496
243333.8149,86228,63,-0.9756,-0.6250,0.8555,-39.6794,-60.0763,62.0611
243333.8149,86238,63,-1.0354,-0.5593,0.8328,-41.2519,-56.8244,66.0000
243333.8149,86248,63,-1.0574,-0.5166,0.8062,-42.1985,-55.7710,68.3053
243333.8149,86258,63,-1.0464,-0.4680,0.8291,-41.7252,-55.7710,69.1756
243333.8158,86268,64,-1.0596,-0.4341,0.8621,-44.8092,-53.8473,69.2214
243333.8158,86278,64,-1.0598,-0.4329,0.8621,-49.5115,-51.5267,69.0534
243333.8158,86288,64,-1.0781,-0.4514,0.8586,-52.5496,-49.8168,69.1450
243333.8158,86298,64,-1.0903,-0.4229,0.9277,-53.5573,-49.3435,71.7252
243333.8158,86308,64,-1.0796,-0.3596,1.0439,-53.2214,-47.1145,75.3282
243333.8158,86318,64,-1.0742,-0.3230,1.1072,-52.9160,-40.2748,76.4580
243333.8158,86328,64,-1.0457,-0.2732,1.1418,-52.7328,-32.6870,76.2748
243333.8158,86338,64,-1.0134,-0.2034,1.1726,-54.2748,-24.7481,75.8321
243333.8158,86348,64,-0.9788,-0.1780,1.1558,-57.2824,-16.0000,73.1756
243333.8158,86358,64,-0.9583,-0.1804,1.0940,-58.6412,-8.7023,68.2595
243333.9415,86368,65,-0.9500,-0.1848,1.0615,-60.4733,-5.6641,64.3511
243333.9415,86378,65,-0.9292,-0.2007,1.0830,-64.6412,-5.8321,62.4275
243333.9415,86388,65,-0.9136,-0.2307,1.1221,-68.1832,-5.0229,62.5802
243333.9415,86398,65,-0.9202,-0.2214,1.1648,-66.7939,-0.6718,66.2901
243333.9415,86408,65,-0.9390,-0.1628,1.1948,-61.1908,7.5115,73.5878
243333.9415,86418,65,-0.9653,-0.0342,1.2222,-53.6183,17.8168,81.8321
243333.9415,86428,65,-0.9968,0.1182,1.2297,-48.5191,27.7252,87.1145
243333.9415,86438,65,-0.9990,0.2546,1.2170,-44.6260,36.2595,86.1221
243333.9415,86448,65,-1.0156,0.3518,1.1643,-42.6260,43.9542,78.8092
243333.9415,86458,65,-1.0081,0.3884,1.0957,-42.6107,47.6947,67.9847
243334.1139,86468,66,-1.0000,0.3794,1.0649,-44.4733,48.4885,56.3359
243334.1139,86478,66,-0.9675,0.3354,1.0554,-46.9160,47.4809,46.5038
243334.1139,86488,66,-0.9221,0.2720,1.0813,-47.5267,47.7557,39.9542
243334.1139,86498,66,-0.8835,0.2322,1.0979,-44.3817,51.7252,37.5267
243334.1139,86508,66,-0.8674,0.2097,1.0691,-38.9160,59.2061,38.6107
243334.1139,86518,66,-0.8640,0.2373,1.0039,-31.1450,67.3130,41.6031
243334.1139,86528,66,-0.8694,0.2788,0.9604,-23.6641,73.2672,44.1374
243334.1139,86538,66,-0.8508,0.2886,0.8914,-17.7710,76.8092,44.1679
243334.1139,86548,66,-0.8577,0.3020,0.8196,-11.4198,80.3053,42.0763
243334.1139,86558,66,-0.8679,0.3076,0.7734,-5.2977,82.4427,38.8550
243334.1773,86568,67,-0.8655,0.2969,0.7786,0.2443,82.1985,35.0534
243334.1773,86578,67,-0.8569,0.3054,0.7979,3.8168,82.0916,32.6260
243334.1773,86588,67,-0.8359,0.3232,0.7957,6.0458,82.9618,31.2977
243334.1773,86598,67,-0.8210,0.3215,0.7795,8.7786,84.1221,29.3282
243334.1773,86608,67,-0.7827,0.3010,0.7649,13.5878,86.1374,26.6260
243334.1773,86618,67,-0.7612,0.3008,0.7522,19.6183,89.3435,24.6718
243334.1773,86628,67,-0.7346,0.3030,0.7168,22.3969,91.6641,23.8473
243334.1773,86638,67,-0.6980,0.3081,0.6587,24.9771,93.0992,23.0840
243334.1773,86648,67,-0.6748,0.3284,0.5957,29.7405,94.2443,21.4198
243334.1773,86658,67,-0.6562,0.3389,0.5413,33.9389,94.2595,18.5954
243334.2405,86668,68,-0.6331,0.3293,0.4795,36.7176,92.5802,14.8550
243334.2405,86678,68,-0.6052,0.3101,0.4331,38.2443,88.9618,11.2366
243334.2405,86688,68,-0.5859,0.2932,0.4131,40.0916,85.3588,8.5649
243334.2405,86698,68,-0.5645,0.2454,0.3757,43.2824,82.4427,5.7863
243334.2405,86708,68,-0.5508,0.1790,0.3311,47.6031,79.7405,4.3206
243334.2405,86718,68,-0.5208,0.1494,0.3127,54.3969,77.2672,6.1832
243334.2405,86728,68,-0.5332,0.1870,0.3169,63.0687,77.5420,9.7252
243334.2405,86738,68,-0.5369,0.2356,0.2969,68.6412,76.5496,11.1145
243334.2405,86748,68,-0.5508,0.2627,0.2654,71.9389,74.0916,9.8473
243334.2405,86758,68,-0.5596,0.2773,0.2305,73.9695,70.7328,6.1985
243334.4770,86768,69,-0.5671,0.2822,0.2170,74.6260,66.4580,1.5267
243334.4770,86778,69,-0.5627,0.2620,0.1948,72.6260,59.7557,-4.0305
243334.4770,86788,69,-0.5542,0.2271,0.1848,71.3130,54.2137,-9.0687
243334.4770,86798,69,-0.5522,0.1990,0.1624,72.0153,50.7634,-13.2061
243334.4770,86808,69,-0.5361,0.1528,0.1257,72.9008,48.1374,-16.3053
243334.4770,86818,69,-0.5459,0.1140,0.0901,75.3588,46.4580,-18.1985
243334.4770,86828,69,-0.5505,0.1055,0.0654,79.4809,43.8321,-19.2977
243334.4770,86838,69,-0.5527,0.1106,0.0547,82.0611,39.8626,-20.8244
243334.4770,86848,69,-0.5493,0.1074,0.0540,81.6336,34.3969,-23.2672
243334.4770,86858,69,-0.5356,0.1021,0.0615,79.6489,28.7481,-26.1374
243334.5400,86868,70,-0.5374,0.0911,0.0667,77.6031,24.3206,-29.4962
243334.5400,86878,70,-0.5432,0.0730,0.0457,76.4122,20.4427,-33.2214
243334.5400,86888,70,-0.5364,0.0781,0.0454,75.6489,15.6336,-37.4198
243334.5400,86898,70,-0.5266,0.0681,0.0371,74.8397,12.2748,-42.0611
243334.5400,86908,70,-0.5217,0.0522,0.0049,74.2137,9.9695,-47.7099
243334.5400,86918,70,-0.4956,0.0251,-0.0254,72.4580,5.3282,-54.2137
243334.5400,86928,70,-0.4673,-0.0161,-0.0508,69.2672,-0.9313,-61.3588
243334.5400,86938,70,-0.4282,-0.0952,-0.0681,64.9008,-9.5267,-68.7023
243334.5400,86948,70,-0.3813,-0.1819,-0.0620,59.3893,-19.3282,-75.2214
243334.5400,86958,70,-0.3635,-0.2876,-0.0571,52.9160,-28.4733,-80.0611
243334.6547,86968,71,-0.3330,-0.4258,-0.0425,47.2977,-35.6641,-82.8550
243334.6547,86978,71,-0.3342,-0.5486,-0.0198,45.7557,-39.8321,-80.8702
243334.6547,86988,71,-0.3401,-0.6267,0.0020,45.9237,-43.1908,-72.2748
243334.6547,86998,71,-0.3608,-0.6235,0.0129,50.6870,-43.7405,-59.2824
243334.6547,87008,71,-0.3977,-0.5500,0.0110,58.0916,-45.2824,-47.1756
243334.6547,87018,71,-0.4226,-0.4705,0.0142,61.1603,-49.6183,-40.6260
243334.6547,87028,71,-0.4316,-0.4385,-0.0034,57.1908,-57.5115,-39.9847
243334.6547,87038,71,-0.4114,-0.4573,0.0203,47.8931,-67.2824,-44.7023
243334.6547,87048,71,-0.3843,-0.5447,0.0442,36.2595,-77.9847,-51.2214
243334.6547,87058,71,-0.3420,-0.6589,0.0771,28.4275,-88.5038,-55.5267
243334.6571,87068,72,-0.2947,-0.7234,0.1597,26.7023,-94.9618,-55.0992
243334.6571,87078,72,-0.3176,-0.7200,0.2268,26.9008,-96.3053,-50.9924
243334.6571,87088,72,-0.3523,-0.7212,0.2722,23.8931,-96.4580,-46.6565
243334.6571,87098,72,-0.4365,-0.7888,0.2485,18.7481,-97.6947,-44.5649
243334.6571,87108,72,-0.4700,-0.9111,0.2156,14.0458,-102.6260,-42.5038
243334.6571,87118,72,-0.5359,-0.9761,0.2490,11.1450,-105.6489,-34.8550
243334.6571,87128,72,-0.6099,-0.9749,0.3030,7.9237,-108.7023,-21.2672
243334.6571,87138,72,-0.6841,-0.8879,0.3691,6.1374,-112.0763,-5.2977
243334.6571,87148,72,-0.7854,-0.7551,0.4822,7.5725,-114.0763,7.8015
243334.6571,87158,72,-0.8525,-0.6289,0.6133,6.1527,-115.2214,13.7557
243334.7750,87168,73,-0.9333,-0.5745,0.6792,0.2595,-114.0458,11.9389
243334.7750,87178,73,-0.9631,-0.5718,0.7170,-8.3359,-116.1832,5.6641
243334.7750,87188,73,-0.9746,-0.6389,0.7739,-18.3053,-119.0687,-1.1756
243334.7750,87198,73,-0.9895,-0.7314,0.8083,-25.5267,-118.7328,-4.8550
243334.7750,87208,73,-1.0081,-0.7739,0.8586,-31.5115,-119.1450,-4.0305
243334.7750,87218,73,-1.0039,-0.7952,0.9336,-38.0000,-116.3817,0.6412
243334.7750,87228,73,-1.0432,-0.7722,0.9753,-42.3359,-107.2061,6.5191
243334.7750,87238,73,-1.0615,-0.7622,0.9775,-45.3893,-99.8626,11.0076
243334.7750,87248,73,-1.0427,-0.7715,0.9656,-46.8702,-95.7252,14.0000
243334.7750,87258,73,-1.0073,-0.8027,0.9573,-47.8779,-90.1069,16.1832
243334.8924,87268,74,-0.9773,-0.8474,0.9370,-51.1298,-84.8244,19.4656
243334.8924,87278,74,-0.9800,-0.8774,0.9258,-55.9084,-80.5802,26.4122
243334.8924,87288,74,-0.9822,-0.8545,0.9385,-58.0305,-77.9695,36.7939
243334.8924,87298,74,-0.9810,-0.7737,1.0132,-58.8550,-74.9008,48.2901
243334.8924,87308,74,-1.0059,-0.6687,1.0955,-58.9771,-66.9618,58.0153
243334.8924,87318,74,-1.0623,-0.5620,1.1077,-59.2366,-56.2748,64.1832
243334.8924,87328,74,-1.1077,-0.4990,1.0779,-61.7099,-47.5267,67.0687
243334.8924,87338,74,-1.1343,-0.4563,1.0684,-64.4122,-41.3130,67.5725
243334.8924,87348,74,-1.1023,-0.4248,1.0764,-68.6870,-37.2672,67.0382
243334.8924,87358,74,-1.0493,-0.3984,1.0771,-73.1450,-32.3817,67.0076
243334.9019,87368,75,-1.0273,-0.3784,1.0562,-73.8473,-25.6336,66.9313
243334.9019,87378,75,-1.0159,-0.3740,1.0259,-71.3740,-19.4809,66.0916
243334.9019,87388,75,-1.0193,-0.3750,1.0142,-68.0458,-15.0534,65.3435
243334.9019,87398,75,-1.0295,-0.3628,1.0391,-67.0076,-14.3969,65.9237
243334.9019,87408,75,-1.0168,-0.3621,1.0981,-67.6947,-15.3435,68.0763
243334.9019,87418,75,-1.0200,-0.3545,1.1570,-65.7710,-13.0229,72.0153
243334.9019,87428,75,-1.0491,-0.2639,1.2244,-60.6107,-8.0305,78.3969
243334.9019,87438,75,-1.0571,-0.1438,1.2961,-55.2977,-1.5420,84.3664
243334.9019,87448,75,-1.0552,-0.0264,1.3264,-50.2901,7.0840,86.4427
243334.9019,87458,75,-1.0671,0.0796,1.3176,-46.2901,17.3740,83.7557
243335.0159,87468,76,-1.0837,0.1345,1.2727,-46.6870,25.7863,77.6641
243335.0159,87478,76,-1.0649,0.1260,1.2446,-49.8168,29.9847,69.9389
243335.0159,87488,76,-1.0215,0.0625,1.2251,-52.1985,32.3053,62.6718
243335.0159,87498,76,-0.9761,-0.0032,1.2297,-52.1527,35.7252,59.8168
243335.0159,87508,76,-0.9272,-0.0176,1.2544,-48.2595,41.6336,62.2901
243335.0159,87518,76,-0.9033,-0.0132,1.2263,-43.0992,51.5267,66.2137
243335.0159,87528,76,-0.9006,0.0251,1.1638,-38.2748,60.9771,71.0076
243335.0159,87538,76,-0.8940,0.1008,1.0886,-33.9084,67.8626,75.9389
243335.0159,87548,76,-0.8804,0.1936,1.0479,-27.2214,73.3435,77.4962
243335.0159,87558,76,-0.8477,0.2524,0.9900,-22.5649,76.9618,74.2901
243335.1934,87568,77,-0.8218,0.2708,0.9150,-21.4046,81.0534,68.5954
243335.1934,87578,77,-0.8049,0.2441,0.8025,-21.1145,84.3053,62.7328
243335.1934,87588,77,-0.8076,0.2183,0.7224,-19.1756,86.3969,58.5954
243335.1934,87598,77,-0.7756,0.2195,0.7183,-14.9466,85.3282,57.0687
243335.1934,87608,77,-0.7549,0.2549,0.7512,-10.5802,86.8855,56.8702
243335.1934,87618,77,-0.7451,0.2888,0.7400,-6.1374,90.9771,57.0687
243335.1934,87628,77,-0.7402,0.3389,0.7031,0.9924,94.5344,56.3206
243335.1934,87638,77,-0.7361,0.3914,0.6582,7.2519,96.4427,54.8855
243335.1934,87648,77,-0.7295,0.4226,0.6179,11.3282,97.0229,51.7557
243335.1934,87658,77,-0.7356,0.4285,0.5654,14.3206,97.2672,47.5267
243335.2527,87668,78,-0.7249,0.4104,0.5103,16.2290,95.6336,43.7710
243335.2527,87678,78,-0.7292,0.4036,0.4626,20.7023,93.8473,42.0458
243335.2527,87688,78,-0.7041,0.4160,0.4333,28.3664,92.1069,41.5573
243335.2527,87698,78,-0.7075,0.4473,0.4028,36.5191,92.0305,41.2214
243335.2527,87708,78,-0.6968,0.4653,0.3718,42.5802,90.2137,40.2595
243335.2527,87718,78,-0.6853,0.4846,0.3906,48.5954,87.8015,38.0000
243335.2527,87728,78,-0.6641,0.4878,0.4041,54.1374,86.6565,34.2748
243335.2527,87738,78,-0.6558,0.4717,0.3645,59.0382,86.3206,29.1603
243335.2527,87748,78,-0.6416,0.4370,0.3125,63.4809,84.8702,23.9237
243335.2527,87758,78,-0.6443,0.4199,0.2837,67.2214,82.2290,19.6794
243335.3146,87768,79,-0.6316,0.3821,0.2427,68.5649,77.5725,16.0916
243335.3146,87778,79,-0.6226,0.3599,0.2119,70.7176,72.8244,13.4504
243335.3146,87788,79,-0.6050,0.3564,0.2246,73.8473,67.4656,11.0076
243335.3146,87798,79,-0.5872,0.3298,0.2192,74.5802,63.0992,8.5191
243335.3146,87808,79,-0.5720,0.3186,0.2131,77.6947,61.3130,6.5954
243335.3146,87818,79,-0.5713,0.3293,0.2007,83.2824,60.6565,5.3893
243335.3146,87828,79,-0.5720,0.3530,0.1711,87.9389,59.8779,3.2214
243335.3146,87838,79,-0.5840,0.3723,0.1272,91.0840,59.0840,-1.6031
243335.3146,87848,79,-0.5940,0.3506,0.0759,92.3053,56.4427,-8.8244
243335.3146,87858,79,-0.6086,0.2996,0.0364,91.2519,51.2366,-17.0992
243335.4991,87868,80,-0.5989,0.2488,0.0254,87.3588,43.6031,-23.1908
243335.4991,87878,80,-0.5735,0.2100,0.0474,84.3359,35.5573,-27.3435
243335.4991,87888,80,-0.5342,0.1716,0.0845,83.6336,29.4046,-30.5344
243335.4991,87898,80,-0.5151,0.1475,0.1140,86.2901,26.7176,-32.9618
243335.4991,87908,80,-0.5132,0.1396,0.0969,87.9389,26.1527,-34.3817
243335.4991,87918,80,-0.5222,0.1370,0.0540,87.3893,25.6947,-35.9084
243335.4991,87928,80,-0.5198,0.1399,0.0173,86.8397,22.2901,-38.7786
243335.4991,87938,80,-0.4995,0.1458,0.0073,85.4656,17.2366,-43.2366
243335.4991,87948,80,-0.4744,0.1174,0.0024,82.0000,12.0153,-49.3130
243335.4991,87958,80,-0.4434,0.0791,0.0022,79.0229,7.0229,-55.7405
243335.5530,87968,81,-0.3945,0.0234,0.0095,75.6947,2.4275,-60.7328
243335.5530,87978,81,-0.3569,-0.0383,-0.0056,73.1908,-1.3435,-64.4885
243335.5530,87988,81,-0.3074,-0.1033,-0.0117,71.4962,-6.4733,-66.4580
243335.5530,87998,81,-0.2754,-0.1516,-0.0139,70.8397,-11.8473,-65.6947
243335.5530,88008,81,-0.2542,-0.1814,-0.0366,69.9084,-15.6183,-63.4046
243335.5530,88018,81,-0.2429,-0.1982,-0.0801,69.5573,-19.2214,-60.9771
243335.5530,88028,81,-0.2466,-0.1907,-0.1475,69.3740,-23.1603,-60.4885
243335.5530,88038,81,-0.2532,-0.1965,-0.2012,66.7328,-30.5496,-62.5496
243335.5530,88048,81,-0.2590,-0.2480,-0.2522,60.1221,-40.3053,-66.4733
243335.5530,88058,81,-0.2908,-0.3335,-0.3115,54.3511,-50.2901,-71.2366
243335.6148,88068,82,-0.3081,-0.3916,-0.3152,52.4580,-62.5038,-74.5802
243335.6148,88078,82,-0.3308,-0.4480,-0.2832,48.9313,-75.2214,-74.9160
243335.6148,88088,82,-0.3396,-0.4868,-0.2224,46.0458,-88.0763,-73.6794
243335.6148,88098,82,-0.3464,-0.5173,-0.1711,44.9313,-97.0076,-73.3588
243335.6148,88108,82,-0.3784,-0.5786,-0.1741,43.1756,-103.6641,-75.1756
243335.6148,88118,82,-0.4177,-0.6790,-0.1790,38.6870,-111.0840,-78.7176
243335.6148,88128,82,-0.4309,-0.7910,-0.1265,33.2672,-122.1679,-80.7786
243335.6148,88138,82,-0.4683,-0.8743,0.0034,28.6260,-134.2290,-79.4046
243335.6148,88148,82,-0.4814,-0.9314,0.1782,24.1527,-144.1374,-75.7252
243335.6148,88158,82,-0.4915,-0.9622,0.3479,21.6947,-151.8168,-70.8397
243335.7992,88168,83,-0.4983,-0.9707,0.4783,21.3740,-155.9542,-64.8397
243335.7992,88178,83,-0.4929,-0.9709,0.5732,19.4046,-158.1985,-59.4504
243335.7992,88188,83,-0.4507,-1.0356,0.5977,13.2061,-157.1450,-57.0992
243335.7992,88198,83,-0.4797,-1.1272,0.5400,5.4504,-149.5573,-55.5725
243335.7992,88208,83,-0.5969,-1.1882,0.5503,0.3511,-145.3435,-49.7405
243335.7992,88218,83,-0.6135,-1.1895,0.6597,-3.5573,-150.3969,-39.6031
243335.7992,88228,83,-0.6516,-1.1411,0.8245,-10.3969,-152.7481,-27.7252
243335.7992,88238,83,-0.6965,-1.0950,0.9631,-18.9466,-150.3511,-14.3511
243335.7992,88248,83,-0.7551,-1.0410,0.9929,-25.2824,-144.2443,-1.6489
243335.7992,88258,83,-0.8352,-0.9905,0.9685,-27.6183,-135.4351,9.7863
243335.8530,88268,84,-0.8838,-0.9067,1.0027,-25.5878,-130.3969,19.8321
243335.8530,88278,84,-0.9463,-0.8308,1.0535,-24.6107,-126.7481,26.5191
243335.8530,88288,84,-0.9753,-0.7986,1.0933,-27.5115,-122.9313,30.0458
243335.8530,88298,84,-0.9773,-0.8335,1.0869,-34.9618,-119.8473,32.2595
243335.8530,88308,84,-1.0215,-0.8694,1.0933,-42.8550,-114.4580,37.0076
243335.8530,88318,84,-1.0513,-0.8420,1.1445,-46.3511,-107.8626,46.9008
243335.8530,88328,84,-1.0662,-0.7471,1.2178,-46.0153,-99.8473,57.3893
243335.8530,88338,84,-1.0974,-0.6711,1.2393,-45.8473,-89.9084,65.4046
243335.8530,88348,84,-1.1460,-0.5969,1.2283,-46.3969,-79.6794,71.2824
243335.8530,88358,84,-1.1484,-0.5322,1.2285,-46.9924,-72.8855,75.2519
243335.9149,88368,85,-1.1616,-0.4900,1.2241,-48.7634,-66.2137,76.8855
243335.9149,88378,85,-1.1487,-0.4929,1.1724,-52.2748,-60.7786,76.4885
243335.9149,88388,85,-1.1365,-0.4893,1.1418,-54.8092,-55.1298,76.2901
243335.9149,88398,85,-1.1309,-0.4541,1.1370,-57.8015,-49.7863,77.2519
243335.9149,88408,85,-1.1162,-0.3987,1.1384,-63.3435,-44.9008,78.5649
243335.9149,88418,85,-1.0872,-0.3479,1.1516,-68.6412,-39.3588,78.0153
243335.9149,88428,85,-1.0413,-0.3406,1.1504,-73.4962,-31.0534,75.2366
243335.9149,88438,85,-0.9983,-0.3738,1.0977,-76.6412,-21.6641,72.2137
243335.9149,88448,85,-0.9556,-0.4202,1.0161,-77.3130,-14.8550,71.5420
243335.9149,88458,85,-0.9128,-0.4275,0.9751,-75.0687,-11.6183,74.7634
243336.0345,88468,86,-0.8997,-0.3792,0.9873,-68.9618,-9.2824,81.8015
243336.0345,88478,86,-0.8992,-0.2905,1.0061,-59.9237,-7.2214,88.3511
243336.0345,88488,86,-0.9097,-0.2070,1.0437,-51.8931,-4.8550,92.6565
243336.0345,88498,86,-0.9558,-0.1069,1.1165,-46.5954,-1.0382,95.2214
243336.0345,88508,86,-0.9971,0.0042,1.2114,-43.4504,2.6565,97.1145
243336.0345,88518,86,-1.0005,0.1021,1.3208,-42.0305,6.5954,96.4733
243336.0345,88528,86,-1.0164,0.1941,1.3997,-39.9695,14.7939,92.4885
243336.0345,88538,86,-1.0330,0.2722,1.4280,-39.6794,25.1298,86.0000
243336.0345,88548,86,-1.0042,0.3101,1.3853,-41.9389,35.1908,78.1985
243336.0345,88558,86,-0.9973,0.2954,1.2856,-42.2290,45.1908,69.3435
243336.1612,88568,87,-0.9993,0.2715,1.1887,-40.6260,52.3359,62.5802
243336.1612,88578,87,-0.9929,0.2395,1.1133,-37.4656,56.3206,59.0687
243336.1612,88588,87,-0.9871,0.2175,1.0708,-31.5725,59.9389,57.8321
243336.1612,88598,87,-0.9648,0.2378,1.0842,-23.5267,62.4122,59.0840
243336.1612,88608,87,-0.9390,0.2817,1.1360,-15.2061,64.7481,60.8550
243336.1612,88618,87,-0.9216,0.3376,1.1873,-7.4046,69.5267,60.3359
243336.1612,88628,87,-0.8967,0.3767,1.1943,-1.5878,76.6412,58.0000
243336.1612,88638,87,-0.8728,0.3960,1.1545,1.3740,84.1221,54.3817
243336.1612,88648,87,-0.8494,0.4170,1.1064,5.0534,90.9466,50.5038
243336.1612,88658,87,-0.8208,0.3994,1.0381,10.3206,96.4427,45.6489
243336.2152,88668,88,-0.8171,0.3918,0.9790,15.6947,100.6718,40.9771
243336.2152,88678,88,-0.7996,0.3774,0.9221,18.2595,103.3740,37.3740
243336.2152,88688,88,-0.7651,0.3547,0.8738,20.0763,104.4885,34.5344
243336.2152,88698,88,-0.7288,0.3376,0.8447,24.3206,105.6031,32.5038
243336.2152,88708,88,-0.6980,0.3374,0.8086,30.3511,108.2443,31.8321
243336.2152,88718,88,-0.6760,0.3682,0.7708,36.7481,110.5038,32.3511
243336.2152,88728,88,-0.6226,0.4165,0.7480,42.7481,111.7863,32.0153
243336.2152,88738,88,-0.6125,0.4751,0.7144,49.1908,114.7328,29.2519
243336.2152,88748,88,-0.5737,0.4966,0.6577,51.9542,115.1908,23.9237
243336.2152,88758,88,-0.5554,0.4678,0.5723,51.6641,115.1756,16.8702
243336.4595,88768,89,-0.5356,0.4099,0.4810,52.3511,113.7557,10.1985
243336.4595,88778,89,-0.5154,0.3357,0.3950,54.4733,110.6565,5.9542
243336.4595,88788,89,-0.4983,0.2720,0.3274,59.0534,107.8931,3.6031
243336.4595,88798,89,-0.4893,0.2390,0.2896,66.1985,103.4504,4.5496
243336.4595,88808,89,-0.4646,0.2527,0.2961,73.8473,98.2748,6.5649
243336.4595,88818,89,-0.4595,0.2739,0.3037,79.9389,95.2519,6.7939
243336.4595,88828,89,-0.4517,0.3035,0.2832,83.5420,91.8779,4.6565
243336.4595,88838,89,-0.4475,0.3318,0.2783,84.0916,88.0000,1.0076
243336.4595,88848,89,-0.4578,0.3455,0.2649,83.3588,83.1450,-4.4122
243336.4595,88858,89,-0.4512,0.3213,0.2363,80.7939,77.5725,-11.5420
243336.5133,88868,90,-0.4514,0.2859,0.2056,79.1603,73.2214,-18.0153
243336.5133,88878,90,-0.4338,0.2493,0.1763,79.6183,68.9924,-23.7557
243336.5133,88888,90,-0.4387,0.2058,0.1323,79.9389,66.2443,-28.4122
243336.5133,88898,90,-0.4314,0.1677,0.0967,81.2824,62.3511,-31.9389
243336.5133,88908,90,-0.4119,0.1184,0.0808,82.4733,59.2366,-35.0076
243336.5133,88918,90,-0.4248,0.0864,0.0381,83.5420,58.3511,-36.7328
243336.5133,88928,90,-0.4268,0.0791,0.0012,84.5191,54.4733,-38.0458
243336.5133,88938,90,-0.4109,0.0813,-0.0010,84.0305,48.6870,-39.5725
243336.5133,88948,90,-0.4172,0.0798,-0.0217,82.8244,45.5420,-41.8626
243336.5133,88958,90,-0.4175,0.0850,-0.0745,83.1603,40.2290,-45.1145
243336.5152,88968,91,-0.4104,0.0957,-0.1091,82.5649,32.5191,-50.3511
243336.5152,88978,91,-0.3647,0.0693,-0.1079,78.2137,23.7557,-56.6870
243336.5152,88988,91,-0.3645,0.0254,-0.1287,75.3740,18.4275,-63.8015
243336.5152,88998,91,-0.3372,-0.0261,-0.1777,71.9542,10.6718,-70.9313
243336.5152,89008,91,-0.3091,-0.0730,-0.2104,68.9618,-0.3817,-77.2824
243336.5152,89018,91,-0.2666,-0.1394,-0.2190,65.8626,-13.1756,-83.6794
243336.5152,89028,91,-0.2129,-0.2686,-0.1934,62.7939,-35.9847,-97.4351
243336.5152,89038,91,-0.1855,-0.3625,-0.1511,57.3740,-47.4809,-102.8855
243336.5152,89048,91,-0.1748,-0.4426,-0.0767,52.5496,-57.0992,-104.7176
243336.5152,89058,91,-0.1477,-0.5295,-0.0518,47.0382,-61.4046,-103.4351
243336.6950,89068,92,-0.1611,-0.5840,-0.0554,46.1527,-61.1908,-98.8702
243336.6950,89078,92,-0.2148,-0.5679,-0.0842,51.0992,-62.9924,-92.8397
243336.6950,89088,92,-0.2456,-0.5579,-0.1021,52.2443,-70.5496,-90.2443
243336.6950,89098,92,-0.2983,-0.6179,-0.1294,46.2137,-80.3664,-91.8321
243336.6950,89108,92,-0.3594,-0.7463,-0.1687,38.5344,-91.8015,-95.0076
243336.6950,89118,92,-0.3503,-0.8870,-0.1448,31.4656,-106.1527,-96.0000
243336.6950,89128,92,-0.3584,-1.0110,-0.0496,26.9466,-117.1908,-91.0229
243336.6950,89138,92,-0.3975,-1.0872,0.0239,26.2595,-122.9924,-80.5191
243336.6950,89148,92,-0.3923,-1.0955,0.1287,29.0687,-130.6870,-67.7099
243336.6950,89158,92,-0.3586,-1.1021,0.2522,33.0229,-137.7557,-55.6641
243336.7588,89168,93,-0.3562,-1.1077,0.3611,35.8931,-141.6947,-45.9695
243336.7588,89178,93,-0.4158,-1.1182,0.4683,32.7939,-143.7099,-36.5191
243336.7588,89188,93,-0.4507,-1.1340,0.5652,26.0916,-142.7939,-26.5802
243336.7588,89198,93,-0.5090,-1.1282,0.6101,19.7099,-139.2672,-16.8702
243336.7588,89208,93,-0.5969,-1.1208,0.6277,14.8855,-133.4198,-6.8092
243336.7588,89218,93,-0.6648,-1.0791,0.6384,12.9160,-130.9313,2.8702
243336.7588,89228,93,-0.7480,-1.0044,0.6846,8.1832,-129.8473,11.8015
243336.7588,89238,93,-0.8135,-0.9062,0.7625,1.3130,-129.4046,19.2519
243336.7588,89248,93,-0.8906,-0.8186,0.8206,-6.9466,-126.5802,23.0229
243336.7588,89258,93,-0.9421,-0.7620,0.8801,-14.7023,-124.0611,23.1298
243336.8225,89268,94,-0.9993,-0.7434,0.9358,-21.5725,-121.2214,20.6870
243336.8225,89278,94,-0.9819,-0.7339,1.0215,-26.7481,-119.5878,17.4504
243336.8225,89288,94,-0.9944,-0.7749,1.0449,-34.2137,-112.5038,14.7023
243336.8225,89298,94,-0.9807,-0.8562,1.0054,-41.4046,-104.3817,14.2290
243336.8225,89308,94,-0.9404,-0.9385,0.9753,-43.7557,-98.0000,16.8855
243336.8225,89318,94,-0.8975,-1.0308,0.9431,-44.9771,-95.0382,22.5649
243336.8225,89328,94,-0.8489,-1.0959,0.9514,-47.2061,-92.6412,32.3206
243336.8225,89338,94,-0.8508,-1.1082,0.9668,-48.3969,-88.2748,47.8931
243336.8225,89348,94,-0.8662,-1.0312,1.0171,-45.9084,-83.8168,66.5344
243336.8225,89358,94,-0.9133,-0.8862,1.0642,-43.0534,-77.9084,84.2443
243336.9341,89368,95,-0.9365,-0.7351,1.1138,-42.5802,-70.7786,97.7863
243336.9341,89378,95,-0.9880,-0.5874,1.1038,-43.4198,-61.7710,105.2061
243336.9341,89388,95,-1.0171,-0.4819,1.0662,-46.6718,-55.1908,107.6031
243336.9341,89398,95,-1.0022,-0.4236,1.0464,-50.8244,-52.0916,106.4733
243336.9341,89408,95,-1.0222,-0.3811,1.0356,-53.6794,-48.2290,103.9237
243336.9341,89418,95,-1.0273,-0.3523,1.0249,-56.7176,-45.6183,101.5573
243336.9341,89428,95,-1.0334,-0.3223,1.0591,-59.7405,-44.4122,99.8321
243336.9341,89438,95,-1.0574,-0.2747,1.1201,-62.0916,-42.1985,99.5878
243336.9341,89448,95,-1.0627,-0.2139,1.1797,-62.9924,-40.0611,98.0916
243336.9341,89458,95,-1.0244,-0.1707,1.2363,-63.7863,-36.7328,95.9084
243337.1143,89468,96,-1.0266,-0.1260,1.2800,-62.7481,-27.8168,93.8168
243337.1143,89478,96,-1.0447,-0.0881,1.2644,-61.7710,-17.8626,92.1985
243337.1143,89488,96,-1.0586,-0.0391,1.2495,-60.7634,-10.6565,90.6565
243337.1143,89498,96,-1.0754,0.0159,1.2549,-60.5344,-4.1374,88.5954
243337.1143,89508,96,-1.0898,0.0486,1.2446,-59.0382,3.7252,85.1450
243337.1143,89518,96,-1.1123,0.0708,1.2175,-55.9237,11.3740,80.9466
243337.1143,89528,96,-1.1174,0.0718,1.1963,-53.5420,16.9771,77.4198
243337.1143,89538,96,-1.1040,0.0637,1.2070,-51.3130,21.6641,75.1603
243337.1143,89548,96,-1.0911,0.0686,1.2231,-48.0763,27.3740,74.8855
243337.1143,89558,96,-1.0811,0.1064,1.2449,-43.1603,34.1832,76.5191
243337.1731,89568,97,-1.0540,0.1606,1.2666,-37.2519,41.2672,78.2137
243337.1731,89578,97,-1.0242,0.2126,1.2664,-29.4809,49.6947,78.4275
243337.1731,89588,97,-1.0125,0.2617,1.2336,-22.8550,59.6183,76.2748
243337.1731,89598,97,-0.9797,0.2664,1.1741,-21.1756,68.2290,72.3053
243337.1731,89608,97,-0.9622,0.2495,1.0989,-20.1832,75.0534,68.6107
243337.1731,89618,97,-0.9304,0.2432,1.0547,-17.4962,78.7481,66.0611
243337.1731,89628,97,-0.8853,0.2544,1.0374,-13.4504,81.3282,64.9618
243337.1731,89638,97,-0.8533,0.2725,1.0107,-8.0305,85.3282,63.8931
243337.1731,89648,97,-0.8296,0.3015,0.9712,-1.9084,89.5115,62.7786
243337.1731,89658,97,-0.8044,0.3159,0.9290,3.2366,92.5802,61.5573
243337.2948,89668,98,-0.7869,0.3379,0.8755,9.5573,96.0611,60.6107
243337.2948,89678,98,-0.7759,0.3794,0.8169,15.8015,97.7710,60.7481
243337.2948,89688,98,-0.7400,0.4343,0.7808,22.1527,97.9542,60.9466
243337.2948,89698,98,-0.7288,0.5132,0.7720,30.0000,100.1221,59.4656
243337.2948,89708,98,-0.7322,0.5789,0.7415,35.4809,101.8626,55.2519
243337.2948,89718,98,-0.7170,0.5969,0.6743,38.5954,101.8321,47.5725
243337.2948,89728,98,-0.6794,0.5896,0.6216,40.7481,100.9771,37.8015
243337.2948,89738,98,-0.6440,0.5330,0.5837,41.2672,100.0305,28.1527
243337.2948,89748,98,-0.6045,0.4399,0.5308,42.0916,98.9466,20.6870
243337.2948,89758,98,-0.5723,0.3770,0.4900,46.9771,98.1679,17.0534
243337.2964,89768,99,-0.5288,0.3638,0.4578,55.4809,96.9618,16.3053
243337.2964,89778,99,-0.5166,0.3586,0.4133,62.5802,96.2290,15.6183
243337.2964,89788,99,-0.5002,0.3535,0.3533,67.5878,94.7939,13.9084
243337.2964,89798,99,-0.5054,0.3547,0.3120,71.6489,93.2061,11.8321
243337.2964,89808,99,-0.5061,0.3594,0.2839,74.5191,89.4046,9.1298
243337.2964,89818,99,-0.4912,0.3411,0.2710,77.7405,84.9771,4.9313
243337.2964,89828,99,-0.4768,0.3215,0.2529,81.3435,82.2137,0.1069
243337.2964,89838,99,-0.4863,0.3191,0.2285,83.5725,79.7099,-3.4962
243337.2964,89848,99,-0.4790,0.3352,0.2107,84.8397,74.6260,-6.4122
243337.2964,89858,99,-0.4634,0.3442,0.1890,85.5573,68.8702,-11.2824
243337.4733,89868,100,-0.4719,0.3291,0.1555,86.6107,64.7786,-17.5878
243337.4733,89878,100,-0.4819,0.3096,0.1243,86.1069,60.1374,-24.9160
243337.4733,89888,100,-0.4829,0.2588,0.0803,82.2137,54.7328,-31.3282
243337.4733,89898,100,-0.4722,0.1985,0.0432,80.3969,48.3969,-36.6718
243337.4733,89908,100,-0.4573,0.1475,0.0261,81.2061,42.0916,-40.8702
243337.4733,89918,100,-0.4443,0.1194,0.0537,82.9313,36.2901,-43.9084
243337.4733,89928,100,-0.4307,0.0759,0.0759,83.1298,31.6641,-46.5649
243337.4733,89938,100,-0.4341,0.0176,0.0691,81.0840,28.8702,-49.4656
243337.4733,89948,100,-0.4556,-0.0320,0.0403,78.5038,26.0153,-50.8092
243337.4733,89958,100,-0.4644,-0.0603,0.0364,77.6336,20.7634,-50.9313
243337.5349,89968,101,-0.4585,-0.0857,0.0505,77.1145,15.3435,-51.3588
243337.5349,89978,101,-0.4578,-0.0801,0.0732,77.3588,10.6870,-51.4962
243337.5349,89988,101,-0.4561,-0.0737,0.0845,75.2977,6.8702,-52.4427
243337.5349,89998,101,-0.4563,-0.0837,0.0737,71.4656,3.1450,-54.9160
243337.5349,90008,101,-0.4324,-0.1013,0.0703,69.4198,-1.2672,-58.5954
243337.5349,90018,101,-0.4023,-0.1350,0.0681,66.8244,-5.4198,-62.8397
243337.5349,90028,101,-0.3828,-0.1843,0.0332,62.4733,-8.9160,-66.7481
243337.5349,90038,101,-0.3538,-0.2114,0.0063,58.4275,-13.6336,-69.4809
243337.5349,90048,101,-0.3157,-0.2375,0.0073,54.6260,-19.3130,-71.7710
243337.5349,90058,101,-0.2993,-0.2737,-0.0159,50.9008,-24.3359,-74.7939
243337.6550,90068,102,-0.2920,-0.2942,-0.0093,46.5954,-29.6794,-77.3588
243337.6550,90078,102,-0.3013,-0.3220,-0.0022,41.5878,-33.7252,-78.6107
243337.6550,90088,102,-0.3262,-0.3555,-0.0461,37.5115,-36.9466,-79.0687
243337.6550,90098,102,-0.3672,-0.3662,-0.0935,38.2443,-41.1450,-78.7786
243337.6550,90108,102,-0.4072,-0.3569,-0.1343,41.1603,-47.3130,-79.0534
243337.6550,90118,102,-0.4512,-0.3601,-0.1831,40.3053,-54.3664,-81.2366
243337.6550,90128,102,-0.4871,-0.3977,-0.2117,37.1908,-65.6794,-85.1298
243337.6550,90138,102,-0.4778,-0.4622,-0.1782,32.7939,-80.3511,-90.6412
243337.6550,90148,102,-0.4724,-0.5322,-0.0903,28.5649,-91.7557,-95.8321
243337.6550,90158,102,-0.4846,-0.5803,0.0129,26.3817,-99.1145,-99.4046
243337.7728,90168,103,-0.4751,-0.6248,0.1636,23.0992,-107.3588,-101.9389
243337.7728,90178,103,-0.4373,-0.6877,0.2944,18.3359,-113.7099,-103.3282
243337.7728,90188,103,-0.3953,-0.7793,0.4192,14.9924,-115.2672,-105.1450
243337.7728,90198,103,-0.3533,-0.8843,0.4883,11.8015,-114.8092,-106.9008
243337.7728,90208,103,-0.3164,-1.0884,0.4521,3.1603,-115.5878,-107.7252
243337.7728,90218,103,-0.2622,-1.3052,0.4031,-3.6336,-117.4198,-103.4962
243337.7728,90228,103,-0.2700,-1.4465,0.3687,-6.7176,-120.4275,-90.7634
243337.7728,90238,103,-0.2881,-1.5198,0.3611,-9.3588,-125.2519,-69.0687
243337.7728,90248,103,-0.3289,-1.4558,0.4695,-6.3969,-130.1069,-40.8244
243337.7728,90258,103,-0.3860,-1.2412,0.5889,2.9924,-130.0458,-12.6870
243337.8349,90268,104,-0.4509,-1.0317,0.6799,9.0534,-125.4198,4.8244
243337.8349,90278,104,-0.5684,-0.8997,0.7239,7.8015,-118.7023,11.0382
243337.8349,90288,104,-0.6018,-0.8323,0.7888,0.0000,-117.8168,10.2443
243337.8349,90298,104,-0.6958,-0.8806,0.7871,-14.2290,-113.7099,6.8397
243337.8349,90308,104,-0.7097,-0.9868,0.8066,-26.6412,-114.6870,5.0840
243337.8349,90318,104,-0.7178,-1.0808,0.8394,-30.9313,-116.2748,8.0153
243337.8349,90328,104,-0.7715,-1.1108,0.8738,-31.3588,-113.8779,16.7328
243337.8349,90338,104,-0.8176,-1.1248,0.8816,-31.3740,-111.3893,30.7786
243337.8349,90348,104,-0.8875,-1.0623,0.9146,-27.1908,-106.8855,45.5573
243337.8349,90358,104,-1.0029,-0.9653,0.9392,-24.7328,-98.8092,59.9542
243338.0814,90368,105,-1.0728,-0.8547,0.9487,-23.9237,-93.5115,71.9542
243338.0814,90378,105,-1.1479,-0.7512,0.9785,-26.6870,-89.0840,79.6794
243338.0814,90388,105,-1.2327,-0.6650,0.9692,-33.2061,-85.5878,85.4504
243338.0814,90398,105,-1.2742,-0.5991,0.9683,-40.9313,-87.8015,88.6718
243338.0814,90408,105,-1.2712,-0.5649,1.0320,-48.4427,-93.1145,88.5038
243338.0814,90418,105,-1.2471,-0.5540,1.1589,-53.2519,-94.0458,86.3969
243338.0814,90428,105,-1.2034,-0.5513,1.2761,-59.0076,-88.6260,84.4885
243338.0814,90438,105,-1.1907,-0.5632,1.3391,-67.3130,-78.3511,85.2977
243338.0814,90448,105,-1.1418,-0.5715,1.3887,-70.4580,-65.3282,88.5954
243338.0814,90458,105,-1.1382,-0.5166,1.3682,-67.8779,-48.1527,93.0076
243338.1351,90468,106,-1.1477,-0.4434,1.2842,-65.3130,-32.4122,98.1832
243338.1351,90478,106,-1.1274,-0.3684,1.2244,-61.7557,-21.2061,99.6336
243338.1351,90488,106,-1.1174,-0.3145,1.1069,-65.6641,-11.9084,97.4046
243338.1351,90498,106,-1.1062,-0.3152,1.0027,-76.7786,-7.0076,93.8626
243338.1351,90508,106,-1.0774,-0.3347,0.9827,-77.8321,-6.4122,91.6183
243338.1351,90518,106,-1.0503,-0.2876,1.0054,-72.5344,-5.2519,91.6489
243338.1351,90528,106,-0.9966,-0.2439,1.0110,-70.3359,-3.6183,93.1908
243338.1351,90538,106,-0.9707,-0.2300,1.0498,-62.5802,-0.3969,92.7939
243338.1351,90548,106,-0.9734,-0.1985,1.1465,-46.9924,2.3664,92.0153
243338.1351,90558,106,-0.9590,-0.1064,1.2644,-37.8015,4.0000,91.7557
243338.1357,90568,107,-0.9463,-0.0393,1.3572,-40.8397,9.2366,90.5496
243338.1357,90578,107,-0.9353,-0.0251,1.3716,-48.6412,17.7710,87.7252
243338.1357,90588,107,-0.9429,-0.0215,1.3374,-52.7176,28.1985,84.9924
243338.1357,90598,107,-0.9292,0.0090,1.3049,-52.3511,36.0153,83.8931
243338.1357,90608,107,-0.9314,0.0740,1.2861,-51.6641,42.8550,84.3053
243338.1357,90618,107,-0.9236,0.1416,1.2542,-50.9008,51.2824,85.6031
243338.1357,90628,107,-0.9250,0.2073,1.1733,-47.5115,61.0076,85.6031
243338.1357,90638,107,-0.9448,0.2620,1.0872,-40.8244,67.6183,83.6489
243338.1357,90648,107,-0.9495,0.3069,1.0249,-31.8779,71.1908,80.4275
243338.1357,90658,107,-0.9531,0.3428,0.9827,-24.4122,73.7252,77.0840
243338.3168,90668,108,-0.9578,0.3726,0.9475,-17.3130,75.3740,73.7405
243338.3168,90678,108,-0.9438,0.3945,0.9138,-11.6641,76.2137,70.2595
243338.3168,90688,108,-0.9126,0.4497,0.9392,-5.9389,76.7939,66.5038
243338.3168,90698,108,-0.8694,0.4751,0.9734,-4.3664,81.0382,60.9771
243338.3168,90708,108,-0.8479,0.4451,0.9417,-4.8092,89.0229,54.7481
243338.3168,90718,108,-0.8379,0.4290,0.8694,-0.4580,94.9771,49.9542
243338.3168,90728,108,-0.8057,0.3926,0.8137,3.6641,98.4580,46.9771
243338.3168,90738,108,-0.7964,0.3650,0.7598,11.8473,101.7863,45.3282
243338.3168,90748,108,-0.7751,0.3513,0.7114,20.7023,103.5115,44.1985
243338.3168,90758,108,-0.7720,0.3577,0.6931,27.2519,103.9084,43.9542
243338.3803,90768,109,-0.7422,0.3728,0.6987,33.1450,104.5496,43.6641
243338.3803,90778,109,-0.7273,0.4023,0.7000,38.9160,106.8702,41.9237
243338.3803,90788,109,-0.7192,0.4036,0.6594,42.3359,108.7481,38.4122
243338.3803,90798,109,-0.6853,0.3901,0.6174,46.0916,108.3817,34.1985
243338.3803,90808,109,-0.6680,0.3870,0.5791,49.9695,108.3969,30.5649
243338.3803,90818,109,-0.6528,0.3711,0.5322,54.3511,108.0916,26.2443
243338.3803,90828,109,-0.6216,0.3276,0.4756,57.3435,105.1756,21.6183
243338.3803,90838,109,-0.6018,0.2883,0.4189,61.1908,101.1298,18.2901
243338.3803,90848,109,-0.5571,0.2800,0.4043,65.7099,98.5802,16.8244
243338.3803,90858,109,-0.5515,0.2939,0.3904,70.0763,100.1679,16.7023
243338.4344,90868,110,-0.5569,0.3169,0.3350,75.1145,100.3664,15.9695
243338.4344,90878,110,-0.5513,0.3274,0.2563,80.3664,96.9771,12.9771
243338.4344,90888,110,-0.5369,0.3318,0.2151,84.8702,91.9237,8.0458
243338.4344,90898,110,-0.5212,0.3064,0.1797,85.9695,86.7176,2.7023
243338.4344,90908,110,-0.5176,0.2944,0.1450,87.5725,81.8168,-2.1527
243338.4344,90918,110,-0.5078,0.2874,0.1399,89.6489,75.1756,-6.8855
243338.4344,90928,110,-0.4744,0.2661,0.1404,91.4504,69.2824,-12.4275
243338.4344,90938,110,-0.4824,0.2314,0.1279,92.3511,68.0611,-18.6412
243338.4344,90948,110,-0.4849,0.1875,0.0771,91.2672,64.9313,-23.5420
243338.4344,90958,110,-0.4661,0.1804,0.0652,92.0611,58.3969,-27.2824
243338.6775,90968,111,-0.4421,0.1638,0.0562,92.4122,52.0000,-30.9008
243338.6775,90978,111,-0.4153,0.1470,0.0469,94.6412,48.3359,-35.1298
243338.6775,90988,111,-0.4104,0.1262,-0.0027,95.5267,45.2977,-39.6641
243338.6775,90998,111,-0.3896,0.1140,-0.0432,95.2672,38.0916,-43.8321
243338.6775,91008,111,-0.3367,0.0913,-0.0649,94.1985,30.0305,-49.0229
243338.6775,91018,111,-0.3286,0.0774,-0.0876,92.5496,26.3206,-54.9924
243338.6775,91028,111,-0.3118,0.0486,-0.1338,88.9008,20.2137,-61.4046
243338.6775,91038,111,-0.2632,0.0120,-0.1450,85.2061,11.1450,-68.6107
243338.6775,91048,111,-0.2332,-0.0464,-0.1511,81.9695,3.6794,-75.7099
243338.6775,91058,111,-0.2229,-0.1157,-0.1733,77.6031,-3.7099,-82.4275
243338.7351,91068,112,-0.2046,-0.2095,-0.1860,72.9771,-13.5725,-88.0763
243338.7351,91078,112,-0.2026,-0.3381,-0.2236,68.5344,-22.5496,-92.7328
243338.7351,91088,112,-0.2029,-0.4905,-0.2734,65.7252,-30.7176,-94.4122
243338.7351,91098,112,-0.2043,-0.5918,-0.2678,65.6031,-40.5344,-90.6870
243338.7351,91108,112,-0.2070,-0.6509,-0.2407,64.6412,-51.3130,-81.6183
243338.7351,91118,112,-0.2266,-0.6355,-0.2041,67.0992,-59.6641,-69.4962
243338.7351,91128,112,-0.2554,-0.5596,-0.1492,70.9771,-66.1985,-59.5115
243338.7351,91138,112,-0.2786,-0.4851,-0.1172,70.0611,-72.8397,-54.7939
243338.7351,91148,112,-0.3347,-0.4390,-0.1287,64.5802,-79.4504,-55.3588
243338.7351,91158,112,-0.3423,-0.4453,-0.0781,57.2366,-90.7786,-60.6565
243338.7419,91168,113,-0.3320,-0.5449,-0.0100,48.3206,-102.7786,-69.3282
243338.7419,91178,113,-0.3264,-0.6938,0.0076,37.8473,-112.4122,-76.7634
243338.7419,91188,113,-0.3088,-0.8372,0.1082,31.9389,-121.5267,-80.3053
243338.7419,91198,113,-0.2756,-0.9680,0.2300,27.9084,-130.2901,-78.9008
243338.7419,91208,113,-0.2822,-1.0413,0.3379,26.1985,-133.5878,-71.7557
243338.7419,91218,113,-0.3408,-1.0242,0.4062,25.8168,-132.9466,-58.4733
243338.7419,91228,113,-0.4023,-0.9436,0.4473,23.8931,-131.3740,-44.2137
243338.7419,91238,113,-0.5042,-0.8887,0.4229,21.8168,-127.4656,-35.2366
243338.7419,91248,113,-0.5874,-0.8691,0.3801,20.5344,-125.4046,-32.3969
243338.7419,91258,113,-0.6235,-0.8411,0.3958,18.8550,-129.8168,-31.6031
243338.9144,91268,114,-0.6350,-0.8630,0.4619,12.1679,-136.2443,-32.4580
243338.9144,91278,114,-0.6660,-0.8713,0.5710,4.4885,-141.3893,-32.3206
243338.9144,91288,114,-0.6931,-0.8484,0.7212,-2.7328,-144.1374,-28.3206
243338.9144,91298,114,-0.7263,-0.8064,0.8645,-8.5344,-142.8855,-23.5267
243338.9144,91308,114,-0.7703,-0.8044,0.9575,-15.6947,-138.2290,-22.0611
243338.9144,91318,114,-0.7939,-0.8638,1.0017,-25.8473,-132.3053,-22.4275
243338.9144,91328,114,-0.8186,-0.9683,0.9878,-36.5496,-124.2595,-21.3893
243338.9144,91338,114,-0.8445,-1.1033,0.8958,-44.6260,-116.7328,-18.1832
243338.9144,91348,114,-0.8477,-1.2068,0.8350,-46.3359,-114.6412,-11.2672
243338.9144,91358,114,-0.8818,-1.2515,0.8230,-45.2672,-112.2443,1.0840
243338.9783,91368,115,-0.9175,-1.2092,0.8435,-44.0916,-109.2061,17.4504
243338.9783,91378,115,-0.9641,-1.0881,0.9065,-45.7405,-107.8473,33.9542
243338.9783,91388,115,-0.9871,-0.9661,0.9993,-48.8855,-105.6794,46.5038
243338.9783,91398,115,-1.0439,-0.8640,1.0496,-51.6183,-99.7557,54.0611
243338.9783,91408,115,-1.0808,-0.8027,1.0696,-56.0153,-95.4809,58.6870
243338.9783,91418,115,-1.1035,-0.7600,1.1250,-60.5802,-91.0229,62.5344
243338.9783,91428,115,-1.1267,-0.7351,1.1426,-63.0382,-84.3206,66.8244
243338.9783,91438,115,-1.1479,-0.7112,1.1326,-63.6031,-77.1450,71.0076
243338.9783,91448,115,-1.1348,-0.6902,1.1099,-64.6107,-72.2137,75.3130
243338.9783,91458,115,-1.1233,-0.6609,1.1101,-63.9695,-65.4351,79.4198
243339.0404,91468,116,-1.1147,-0.6294,1.0950,-64.2901,-57.3435,83.9389
243339.0404,91478,116,-1.1187,-0.5808,1.0874,-64.4580,-50.4122,89.4046
243339.0404,91488,116,-1.0955,-0.5190,1.1160,-63.5267,-45.2672,94.3206
243339.0404,91498,116,-1.0725,-0.4646,1.1497,-61.9847,-38.0000,97.8473
243339.0404,91508,116,-1.0754,-0.3911,1.1619,-59.4962,-27.7252,99.8473
243339.0404,91518,116,-1.0696,-0.3201,1.1536,-59.2519,-19.9237,100.9618
243339.0404,91528,116,-1.0488,-0.2681,1.1321,-60.6412,-13.5878,101.4046
243339.0404,91538,116,-1.0325,-0.2168,1.1138,-60.3664,-6.7481,100.3817
243339.0404,91548,116,-1.0010,-0.1917,1.0867,-60.1374,-0.3359,98.8855
243339.0404,91558,116,-1.0039,-0.1589,1.0667,-58.5802,6.2748,96.3664
243339.0951,91568,117,-0.9868,-0.1199,1.0662,-56.7939,10.1221,94.3664
243339.0951,91578,117,-0.9604,-0.0859,1.0981,-56.0153,12.3359,92.8702
243339.0951,91588,117,-0.9529,-0.0405,1.1370,-54.2290,16.6870,92.0153
243339.0951,91598,117,-0.9536,0.0139,1.1562,-50.2290,22.3359,91.2366
243339.0951,91608,117,-0.9312,0.0437,1.1868,-46.9924,27.5115,90.2443
243339.0951,91618,117,-0.9331,0.0962,1.2095,-43.2977,34.1527,90.1374
243339.0951,91628,117,-0.9446,0.1614,1.2112,-39.7405,41.8473,90.4733
243339.0951,91638,117,-0.9622,0.2498,1.1951,-36.9771,49.3435,89.8931
243339.0951,91648,117,-0.9607,0.3296,1.1807,-33.8626,55.2977,86.8397
243339.0951,91658,117,-0.9673,0.4065,1.1667,-30.3664,61.8321,81.2824
243339.3387,91668,118,-0.9624,0.4456,1.1187,-26.9771,68.0000,74.1679
243339.3387,91678,118,-0.9695,0.4241,1.0413,-23.5267,74.6107,66.0763
243339.3387,91688,118,-0.9695,0.3960,0.9749,-18.3206,79.8626,59.2977
243339.3387,91698,118,-0.9458,0.3650,0.9436,-13.1908,82.3969,54.9771
243339.3387,91708,118,-0.9275,0.3401,0.9028,-7.5573,84.9008,52.6260
243339.3387,91718,118,-0.9001,0.3208,0.8657,-0.8244,87.5573,51.4504
243339.3387,91728,118,-0.8894,0.3384,0.8413,7.1145,91.4504,51.0534
243339.3387,91738,118,-0.8765,0.3770,0.8125,13.8931,94.9160,49.6947
243339.3387,91748,118,-0.8611,0.3953,0.7771,18.3359,97.8473,46.1221
243339.3387,91758,118,-0.8228,0.4016,0.7727,22.2748,98.3664,40.2595
243339.3930,91768,119,-0.7944,0.3772,0.7793,24.5191,100.2443,33.2061
243339.3930,91778,119,-0.7700,0.3418,0.7502,25.6489,103.2672,27.2519
243339.3930,91788,119,-0.7483,0.3267,0.7158,28.4580,104.8092,22.5954
243339.3930,91798,119,-0.7036,0.3059,0.6816,31.8168,105.1450,18.7176
243339.3930,91808,119,-0.6890,0.2766,0.6401,34.4122,106.7176,16.0916
243339.3930,91818,119,-0.6677,0.2671,0.5869,37.2672,107.1450,14.7939
243339.3930,91828,119,-0.6387,0.2456,0.5391,40.3511,106.6565,14.3664
243339.3930,91838,119,-0.6108,0.2405,0.5010,44.9771,104.9771,14.9466
243339.3930,91848,119,-0.5981,0.2371,0.4480,51.0840,104.4580,15.4809
243339.3930,91858,119,-0.6003,0.2842,0.4001,58.4885,103.5115,16.5649
243339.3958,91868,120,-0.5798,0.3328,0.3677,64.2443,100.1527,16.7939
243339.3958,91878,120,-0.5674,0.3647,0.3362,68.3817,97.4809,14.0458
243339.3958,91888,120,-0.5623,0.3755,0.3010,71.7099,94.6107,9.3740
243339.3958,91898,120,-0.5061,0.3779,0.2932,74.1679,90.1679,3.6489
243339.3958,91908,120,-0.4802,0.3547,0.2686,76.0611,89.8168,-3.0382
243339.3958,91918,120,-0.4729,0.3054,0.1973,77.0534,88.6412,-8.8702
243339.3958,91928,120,-0.4600,0.3022,0.1577,79.7405,83.5115,-13.2824
243339.3958,91938,120,-0.4407,0.2732,0.1309,80.5649,77.0992,-17.6489
243339.3958,91948,120,-0.4197,0.2456,0.1052,82.9618,71.9847,-22.5191
243339.3958,91958,120,-0.4148,0.2253,0.0835,87.1908,67.9237,-27.3588
243339.5745,91968,121,-0.4116,0.1992,0.0515,88.7786,62.8397,-32.2137
243339.5745,91978,121,-0.3865,0.1406,0.0203,88.0611,56.4580,-36.8092
243339.5745,91988,121,-0.3818,0.0938,-0.0142,89.0534,51.0840,-40.5496
243339.5745,91998,121,-0.3877,0.0393,-0.0642,89.8779,46.1985,-43.3435
243339.5745,92008,121,-0.3882,-0.0007,-0.0945,89.5420,40.1832,-45.1145
243339.5745,92018,121,-0.3765,-0.0088,-0.1030,89.5115,33.9847,-45.3588
243339.5745,92028,121,-0.3723,-0.0176,-0.1072,89.8626,28.8244,-46.1985
243339.5745,92038,121,-0.3599,-0.0356,-0.1216,90.6718,22.6718,-48.7481
243339.5745,92048,121,-0.3379,-0.0503,-0.1116,90.2290,16.3511,-51.5420
243339.5745,92058,121,-0.3286,-0.0813,-0.1111,87.3435,10.2748,-54.1985
243339.6933,92068,122,-0.3074,-0.1201,-0.1050,84.3053,3.1603,-57.2214
243339.6933,92078,122,-0.2991,-0.1326,-0.0972,82.7023,-3.6336,-59.8015
243339.6933,92088,122,-0.3057,-0.1562,-0.1365,79.9084,-10.0000,-63.2824
243339.6933,92098,122,-0.2878,-0.2188,-0.1689,75.8931,-18.8092,-69.2366
243339.6933,92108,122,-0.3003,-0.3140,-0.1968,71.7710,-27.2366,-75.3130
243339.6933,92118,122,-0.3110,-0.4109,-0.2095,67.8931,-36.3206,-79.1756
243339.6933,92128,122,-0.3215,-0.5022,-0.1887,65.3130,-46.7176,-80.0763
243339.6933,92138,122,-0.3315,-0.6008,-0.1428,62.9924,-56.4427,-77.3740
243339.6933,92148,122,-0.3379,-0.6326,-0.0669,65.9695,-64.6870,-69.8626
243339.6933,92158,122,-0.3159,-0.6140,0.0447,70.8855,-70.9618,-60.5038
243339.7016,92168,123,-0.3689,-0.5784,0.0583,73.1603,-69.3893,-52.9924
243339.7016,92178,123,-0.4138,-0.5493,0.0007,71.5878,-68.6107,-49.7099
243339.7016,92188,123,-0.4380,-0.5457,-0.0193,66.3664,-74.7481,-51.2672
243339.7016,92198,123,-0.4626,-0.6079,-0.0049,56.3664,-83.9084,-56.0611
243339.7016,92208,123,-0.4861,-0.6921,0.0330,48.3969,-94.5802,-61.0382
243339.7016,92218,123,-0.4519,-0.7224,0.1895,44.6107,-108.3969,-64.7176
243339.7016,92228,123,-0.3997,-0.8037,0.3438,36.9924,-119.7863,-64.3206
243339.7016,92238,123,-0.3997,-0.8784,0.4729,29.9847,-124.0611,-61.8015
243339.7016,92248,123,-0.3855,-0.9246,0.5808,22.8092,-126.0458,-56.8855
243339.7016,92258,123,-0.4075,-1.0359,0.5930,13.3130,-123.0382,-51.1756
243339.9367,92268,124,-0.4700,-1.1731,0.5083,3.4962,-117.3740,-44.3206
243339.9367,92278,124,-0.5317,-1.2402,0.4070,-2.1679,-116.5344,-32.3969
243339.9367,92288,124,-0.5715,-1.2310,0.3245,-4.2748,-122.4275,-18.8550
243339.9367,92298,124,-0.6045,-1.1506,0.3726,-4.5038,-133.3130,-7.0992
243339.9367,92308,124,-0.5957,-1.0361,0.5488,-7.4809,-148.7939,0.5191
243339.9367,92318,124,-0.6130,-0.9746,0.7041,-15.5725,-153.5115,4.5649
243339.9367,92328,124,-0.6682,-0.9705,0.7378,-23.3130,-144.0763,7.0992
243339.9367,92338,124,-0.7693,-0.9375,0.7227,-26.5038,-133.8015,12.0916
243339.9367,92348,124,-0.8206,-0.8660,0.7241,-27.1298,-128.8855,20.4580
243339.9367,92358,124,-0.8818,-0.7896,0.7549,-24.2901,-124.4885,26.6107
243340.0023,92368,125,-0.9182,-0.7507,0.7725,-23.4351,-122.5496,28.0305
243340.0023,92378,125,-0.9700,-0.7495,0.7922,-28.9618,-119.7710,28.6260
243340.0023,92388,125,-1.0283,-0.7773,0.7744,-36.3817,-114.7481,31.1603
243340.0023,92398,125,-1.0991,-0.7695,0.7742,-39.7557,-111.8626,35.9542
243340.0023,92408,125,-1.1467,-0.7065,0.8293,-38.7328,-109.4962,42.7176
243340.0023,92418,125,-1.1951,-0.6506,0.9126,-37.7710,-104.7939,46.9618
243340.0023,92428,125,-1.2332,-0.6460,0.9822,-40.8702,-98.5496,48.3053
243340.0023,92438,125,-1.2380,-0.6812,1.0178,-47.6336,-96.0763,49.3588
243340.0023,92448,125,-1.2437,-0.7085,1.0667,-52.3053,-90.7176,53.2824
243340.0023,92458,125,-1.2288,-0.7205,1.1204,-51.4656,-83.8931,59.4351
243340.0541,92468,126,-1.2109,-0.7363,1.1704,-46.4733,-75.4809,65.6641
243340.0541,92478,126,-1.1628,-0.7305,1.2549,-41.8168,-68.0611,72.9466
243340.0541,92488,126,-1.1172,-0.7190,1.3181,-41.7099,-59.2214,80.6565
243340.0541,92498,126,-1.0803,-0.6978,1.3137,-44.4122,-48.3969,88.0153
243340.0541,92508,126,-1.0505,-0.6545,1.2922,-46.2290,-36.9313,96.0763
243340.0541,92518,126,-1.0249,-0.5784,1.2566,-46.2290,-26.3053,102.3817
243340.0541,92528,126,-1.0256,-0.4597,1.2258,-46.7328,-16.2443,108.2290
243340.0541,92538,126,-1.0339,-0.3118,1.1902,-50.3511,-7.8626,112.5954
243340.0541,92548,126,-1.0283,-0.1873,1.1409,-54.2595,-0.5496,112.4275
243340.0541,92558,126,-1.0425,-0.0854,1.0696,-55.2214,6.8244,108.1679
243340.1142,92568,127,-1.0588,-0.0056,1.0046,-57.1908,11.5573,102.2443
243340.1142,92578,127,-1.0779,0.0713,0.9758,-59.9084,14.0763,97.0992
243340.1142,92588,127,-1.0928,0.1335,0.9788,-61.3435,16.0305,90.5344
243340.1142,92598,127,-1.1077,0.1653,1.0059,-60.0916,18.0611,83.2366
243340.1142,92608,127,-1.0911,0.1787,1.0549,-57.3130,19.5573,75.8473
243340.1142,92618,127,-1.0916,0.1880,1.1257,-54.7634,22.4122,70.4733
243340.1142,92628,127,-1.0767,0.2346,1.2102,-51.9695,25.9847,67.5115
243340.1142,92638,127,-1.0627,0.2632,1.2576,-48.3511,32.4122,65.2214
243340.1142,92648,127,-1.0432,0.3049,1.2747,-41.7099,40.8855,62.9771
243340.1142,92658,127,-1.0303,0.3555,1.2681,-34.1832,50.5344,60.2748
243340.3002,92668,128,-1.0100,0.3726,1.2268,-29.8626,59.0382,56.6260
243340.3002,92678,128,-0.9775,0.3875,1.1772,-27.1756,65.1145,53.0382
243340.3002,92688,128,-0.9460,0.4092,1.1548,-22.8855,69.2366,49.5420
243340.3002,92698,128,-0.9167,0.4197,1.1240,-18.0611,73.5420,45.2672
243340.3002,92708,128,-0.9033,0.4041,1.0667,-14.4275,78.4733,40.3206
243340.3002,92718,128,-0.8665,0.3596,0.9927,-11.2977,81.1603,35.6031
243340.3002,92728,128,-0.8511,0.3379,0.9292,-7.2061,83.0992,32.0916
243340.3002,92738,128,-0.8213,0.3188,0.8889,-4.6107,83.2824,29.6336
243340.3002,92748,128,-0.7761,0.2949,0.8745,-3.3893,84.7634,27.9542
243340.3002,92758,128,-0.7634,0.2756,0.8423,-0.8702,88.3969,27.5420
243340.3533,92768,129,-0.7310,0.2593,0.7922,2.4275,90.8550,28.0153
243340.3533,92778,129,-0.7156,0.2803,0.7839,8.6412,94.6412,29.6947
243340.3533,92788,129,-0.7146,0.3289,0.7776,15.7863,99.9389,31.3130
243340.3533,92798,129,-0.7061,0.3684,0.7393,21.3282,103.3893,31.5115
243340.3533,92808,129,-0.6899,0.3882,0.6729,27.4809,104.9618,29.6794
243340.3533,92818,129,-0.6724,0.4043,0.6196,34.9466,106.5038,26.4733
243340.3533,92828,129,-0.6824,0.3872,0.5437,40.8550,107.7099,22.2748
243340.3533,92838,129,-0.6582,0.3611,0.4939,44.9771,104.7634,17.2214
243340.3533,92848,129,-0.6333,0.3445,0.4773,48.1985,100.4733,13.5878
243340.3533,92858,129,-0.6206,0.3291,0.4551,51.0992,97.0687,10.5802
243340.4150,92868,130,-0.5845,0.3132,0.4426,55.0229,95.4351,7.0076
243340.4150,92878,130,-0.5706,0.2908,0.4180,60.3817,96.1527,2.9771
243340.4150,92888,130,-0.5486,0.2656,0.3838,64.6565,95.5267,-0.9618
243340.4150,92898,130,-0.5239,0.2454,0.3369,66.3664,93.2519,-4.0458
243340.4150,92908,130,-0.4895,0.2505,0.3230,67.9237,90.0916,-6.7328
243340.4150,92918,130,-0.4802,0.2561,0.3064,70.9771,88.8397,-9.3130
243340.4150,92928,130,-0.4688,0.2507,0.2629,74.0458,86.3969,-13.5420
243340.4150,92938,130,-0.4424,0.2217,0.2114,74.4885,82.2290,-19.0382
243340.4150,92948,130,-0.4270,0.1902,0.1663,74.3206,78.0305,-23.8473
243340.4150,92958,130,-0.3982,0.1426,0.1328,72.6870,73.5573,-28.1527
243340.5991,92968,131,-0.3982,0.0940,0.0884,72.2290,69.9237,-31.6031
243340.5991,92978,131,-0.3860,0.0610,0.0442,72.8550,65.0229,-33.8168
243340.5991,92988,131,-0.3979,0.0459,0.0032,72.7023,60.4427,-35.3435
243340.5991,92998,131,-0.3962,0.0347,-0.0435,72.4275,55.2214,-36.5496
243340.5991,93008,131,-0.3906,0.0212,-0.0850,73.1298,49.1908,-38.8244
243340.5991,93018,131,-0.3867,0.0073,-0.1052,74.2137,42.9771,-42.0153
243340.5991,93028,131,-0.3643,-0.0125,-0.1021,74.7939,36.1832,-45.3282
243340.5991,93038,131,-0.3223,-0.0620,-0.0935,74.5802,30.8397,-49.1145
243340.5991,93048,131,-0.3420,-0.1182,-0.1277,73.5725,28.0611,-52.0763
243340.5991,93058,131,-0.3059,-0.1638,-0.1536,71.5420,21.2672,-52.9924
243340.6558,93068,132,-0.3176,-0.2034,-0.1846,70.9924,16.9008,-53.2977
243340.6558,93078,132,-0.3235,-0.2224,-0.2192,72.2595,10.4275,-54.0916
243340.6558,93088,132,-0.3210,-0.2400,-0.2412,70.6565,0.5496,-55.7405
243340.6558,93098,132,-0.3015,-0.2856,-0.2195,66.2290,-9.2519,-57.9237
243340.6558,93108,132,-0.3083,-0.3293,-0.2205,62.9008,-17.3893,-59.7252
243340.6558,93118,132,-0.3130,-0.3555,-0.1968,60.8397,-27.6183,-60.3359
243340.6558,93128,132,-0.3049,-0.3472,-0.1167,59.6336,-38.9008,-60.0153
243340.6558,93138,132,-0.3188,-0.3545,-0.0586,57.3282,-46.6718,-59.6031
243340.6558,93148,132,-0.3406,-0.3674,-0.0542,56.2595,-51.7252,-60.2443
243340.6558,93158,132,-0.3606,-0.3726,-0.0435,56.2595,-57.4198,-61.0687
243340.7145,93168,133,-0.3877,-0.4104,-0.0583,54.7023,-60.7634,-62.9466
243340.7145,93178,133,-0.4211,-0.4795,-0.1106,50.6565,-65.0840,-65.1603
243340.7145,93188,133,-0.4248,-0.5405,-0.1299,47.0229,-72.7481,-65.8321
243340.7145,93198,133,-0.4290,-0.5911,-0.0989,45.4351,-81.3130,-65.1450
243340.7145,93208,133,-0.4241,-0.6287,-0.0581,45.7099,-91.8321,-63.1603
243340.7145,93218,133,-0.4104,-0.6658,-0.0056,46.3817,-103.1603,-60.5496
243340.7145,93228,133,-0.4133,-0.7107,0.0737,48.8702,-110.4275,-59.5725
243340.7145,93238,133,-0.4121,-0.7866,0.1160,47.5725,-115.7557,-59.5725
243340.7145,93248,133,-0.4170,-0.8853,0.1460,40.9924,-123.6336,-58.2137
243340.7145,93258,133,-0.3970,-0.9756,0.2461,33.6183,-133.2977,-54.2290
243340.8346,93268,134,-0.3938,-1.0569,0.3962,27.7710,-140.9160,-48.8092
243340.8346,93278,134,-0.4446,-1.1360,0.5198,23.6794,-144.7481,-41.7099
243340.8346,93288,134,-0.4480,-1.1858,0.6799,17.6641,-149.9389,-32.5802
243340.8346,93298,134,-0.4939,-1.2202,0.8215,10.6870,-150.2443,-21.9237
243340.8346,93308,134,-0.5247,-1.2141,0.9065,5.3282,-144.2443,-9.9542
243340.8346,93318,134,-0.5935,-1.1895,0.9194,-0.5344,-135.6031,3.0229
243340.8346,93328,134,-0.6555,-1.1270,0.9207,-4.3053,-126.8092,16.0611
243340.8346,93338,134,-0.7529,-1.0371,0.8904,-6.2901,-119.2519,26.8244
243340.8346,93348,134,-0.8247,-0.9116,0.8879,-9.8168,-114.4122,34.7176
243340.8346,93358,134,-0.8970,-0.7905,0.9194,-16.6870,-111.5725,39.1298
243340.9621,93368,135,-0.9480,-0.7178,0.9536,-25.5725,-109.7557,38.8397
243340.9621,93378,135,-0.9980,-0.6707,0.9832,-35.2824,-108.7786,36.1221
243340.9621,93388,135,-1.0103,-0.6506,1.0383,-43.6947,-107.3740,33.7099
243340.9621,93398,135,-1.0161,-0.6809,1.0581,-50.5496,-102.5038,30.5038
243340.9621,93408,135,-1.0037,-0.7539,1.0305,-55.2672,-96.7481,28.3817
243340.9621,93418,135,-0.9895,-0.8147,1.0024,-57.2519,-91.1298,30.6565
243340.9621,93428,135,-1.0105,-0.8367,1.0115,-58.0153,-85.7710,38.4885
243340.9621,93438,135,-1.0269,-0.8062,1.0073,-56.9008,-79.8779,49.6031
243340.9621,93448,135,-1.0186,-0.7549,0.9626,-55.0076,-75.1908,59.5115
243340.9621,93458,135,-1.0432,-0.7141,0.9248,-54.2443,-70.7176,67.7252
243341.0150,93468,136,-1.0496,-0.6799,0.8970,-54.7786,-69.0076,74.9618
243341.0150,93478,136,-1.0610,-0.6118,0.9246,-58.3359,-69.1450,81.6794
243341.0150,93488,136,-1.0776,-0.5391,0.9636,-62.1985,-67.5725,88.7023
243341.0150,93498,136,-1.0833,-0.4460,1.0122,-63.0076,-64.5191,93.8931
243341.0150,93508,136,-1.0718,-0.3635,1.0625,-64.7634,-59.2061,95.9084
243341.0150,93518,136,-1.0852,-0.3062,1.0703,-67.2214,-50.3817,95.1450
243341.0150,93528,136,-1.0803,-0.2734,1.0625,-69.6947,-42.6718,92.7176
243341.0150,93538,136,-1.0698,-0.2588,1.0574,-71.7710,-37.5420,89.8779
243341.0150,93548,136,-1.0654,-0.2332,1.0847,-72.7328,-34.1527,87.2824
243341.0150,93558,136,-1.0481,-0.2219,1.1287,-74.6565,-31.0534,84.2137
243341.1957,93568,137,-1.0293,-0.2219,1.1699,-76.6870,-26.9924,81.2977
243341.1957,93578,137,-1.0142,-0.2144,1.1885,-77.7252,-21.2519,79.9847
243341.1957,93588,137,-1.0034,-0.2031,1.1833,-77.8931,-15.0992,80.3969
243341.1957,93598,137,-0.9797,-0.1719,1.2017,-75.5115,-9.8931,82.3969
243341.1957,93608,137,-0.9536,-0.1169,1.2617,-71.3130,-3.6641,84.9008
243341.1957,93618,137,-0.9436,-0.0684,1.2898,-66.0305,5.4046,86.6107
243341.1957,93628,137,-0.9309,-0.0225,1.2922,-58.3359,15.0992,87.1298
243341.1957,93638,137,-0.9314,0.0427,1.2803,-52.9008,24.1679,87.1603
243341.1957,93648,137,-0.9253,0.0938,1.2515,-51.7099,31.4656,87.0229
243341.1957,93658,137,-0.9280,0.1255,1.2202,-50.8702,37.2366,85.7252
243341.3131,93668,138,-0.9194,0.1533,1.2095,-47.9695,42.8092,83.6031
243341.3131,93678,138,-0.9314,0.1907,1.2036,-44.1985,48.7023,82.5954
243341.3131,93688,138,-0.9148,0.2415,1.2051,-40.9160,53.9695,82.3359
243341.3131,93698,138,-0.9172,0.3169,1.2266,-37.4198,60.9771,82.0916
243341.3131,93708,138,-0.9189,0.3994,1.2239,-33.3588,67.9695,80.7328
243341.3131,93718,138,-0.9016,0.4470,1.1858,-29.3588,75.0687,77.0840
243341.3131,93728,138,-0.9072,0.4875,1.1396,-22.7481,82.2595,71.9084
243341.3131,93738,138,-0.8762,0.5002,1.1006,-17.7405,86.0458,65.9084
243341.3131,93748,138,-0.8555,0.4963,1.0464,-15.0229,89.3588,60.1527
243341.3131,93758,138,-0.8279,0.5083,0.9912,-12.4885,92.0458,55.7863
243341.3732,93768,139,-0.8062,0.5154,0.9297,-10.1221,94.5496,51.8321
243341.3732,93778,139,-0.7971,0.5029,0.8398,-6.9008,96.5802,46.9618
243341.3732,93788,139,-0.7793,0.4771,0.7590,-2.6412,97.8015,41.4046
243341.3732,93798,139,-0.7717,0.4561,0.6929,2.5649,99.0229,35.8168
243341.3732,93808,139,-0.7742,0.4062,0.6406,5.6031,97.9542,31.3282
243341.3732,93818,139,-0.7244,0.3635,0.6501,10.7176,95.5725,28.4122
243341.3732,93828,139,-0.6953,0.3279,0.6758,23.1145,98.4885,28.0305
243341.3732,93838,139,-0.6807,0.3386,0.6670,41.6641,104.0916,27.7252
243341.3732,93848,139,-0.6899,0.3657,0.6411,55.4809,108.5496,26.1832
243341.3732,93858,139,-0.6748,0.4021,0.6213,61.1603,109.0992,23.7710
243341.4944,93868,140,-0.6670,0.4160,0.5925,61.0992,107.8321,19.2824
243341.4944,93878,140,-0.6526,0.4141,0.5798,60.0000,105.3282,13.7863
243341.4944,93888,140,-0.6279,0.3926,0.5391,60.4885,102.3969,7.6947
243341.4944,93898,140,-0.6143,0.3875,0.5095,63.0382,102.0000,1.7863
243341.4944,93908,140,-0.5920,0.4072,0.4714,66.3817,103.0992,-2.3206
243341.4944,93918,140,-0.5830,0.4041,0.4106,70.5191,104.1985,-7.2824
243341.4944,93928,140,-0.5554,0.3906,0.3408,75.9695,103.1603,-14.8397
243341.4944,93938,140,-0.5015,0.3337,0.2629,77.3588,99.8015,-22.4275
243341.4944,93948,140,-0.4790,0.2761,0.1968,76.8702,96.0000,-28.9008
243341.4944,93958,140,-0.4312,0.2114,0.1387,76.1527,88.9160,-33.9847
243341.5573,93968,141,-0.4036,0.1758,0.1028,76.5496,82.6412,-37.4962
243341.5573,93978,141,-0.3657,0.1516,0.0996,79.2214,78.0763,-40.1832
243341.5573,93988,141,-0.3667,0.1465,0.0918,83.9237,75.6641,-44.3664
243341.5573,93998,141,-0.3767,0.1252,0.0605,85.1603,70.7481,-49.0687
243341.5573,94008,141,-0.3630,0.0879,0.0369,83.5420,63.5878,-53.1298
243341.5573,94018,141,-0.3296,0.0645,0.0325,84.6718,57.6183,-57.0687
243341.5573,94028,141,-0.3284,0.0337,0.0095,86.3817,56.5649,-61.0382
243341.5573,94038,141,-0.3347,-0.0129,-0.0476,85.7863,53.1145,-63.8015
243341.5573,94048,141,-0.3096,-0.0452,-0.0884,87.4504,46.4885,-65.5573
243341.5573,94058,141,-0.2993,-0.0691,-0.1023,89.7405,40.5649,-67.4046
243341.6234,94068,142,-0.2856,-0.1013,-0.1294,89.8931,34.5649,-68.7328
243341.6234,94078,142,-0.2749,-0.1348,-0.1523,88.3511,26.7176,-70.1679
243341.6234,94088,142,-0.2690,-0.1560,-0.1812,85.3282,17.3740,-71.1450
243341.6234,94098,142,-0.2405,-0.1851,-0.1770,83.6336,7.3893,-72.3969
243341.6234,94108,142,-0.2129,-0.2192,-0.1755,83.0687,-1.0382,-73.9237
243341.6234,94118,142,-0.2117,-0.2485,-0.2002,82.9466,-7.1756,-75.1908
243341.6234,94128,142,-0.1995,-0.2893,-0.2256,83.1908,-15.1756,-76.7634
243341.6234,94138,142,-0.1975,-0.3584,-0.2322,82.7023,-24.6412,-78.9466
243341.6234,94148,142,-0.2153,-0.4651,-0.2571,80.5344,-34.9160,-80.9771
243341.6234,94158,142,-0.2412,-0.5686,-0.2734,77.9237,-47.2977,-80.4733
243341.8601,94168,143,-0.2637,-0.6262,-0.2170,75.6794,-60.8550,-76.0763
243341.8601,94178,143,-0.2805,-0.6511,-0.1172,75.6794,-71.7710,-69.4046
243341.8601,94188,143,-0.2766,-0.6399,-0.0076,78.6565,-78.6260,-63.0840
243341.8601,94198,143,-0.3369,-0.6121,0.0420,80.5344,-79.1908,-58.4427
243341.8601,94208,143,-0.3979,-0.5869,0.0449,77.0992,-82.2748,-55.7710
243341.8601,94218,143,-0.4126,-0.5908,0.0466,70.1527,-91.8779,-55.7099
243341.8601,94228,143,-0.4219,-0.6379,0.0676,64.9618,-101.3893,-58.8855
243341.8601,94238,143,-0.4380,-0.7073,0.0725,61.4809,-111.1756,-63.3282
243341.8601,94248,143,-0.4124,-0.8159,0.0730,56.9924,-120.7328,-67.0382
243341.8601,94258,143,-0.3960,-0.9199,0.1602,52.6565,-130.4885,-67.7252
243341.9208,94268,144,-0.4106,-1.0051,0.2632,46.2137,-138.1527,-63.8473
243341.9208,94278,144,-0.4055,-1.0479,0.3633,41.1756,-144.5191,-55.4656
243341.9208,94288,144,-0.3936,-1.0334,0.4893,39.8473,-147.9084,-45.3740
243341.9208,94298,144,-0.4351,-1.0129,0.5784,37.7099,-145.2214,-36.9160
243341.9208,94308,144,-0.4895,-1.0117,0.6296,32.4733,-142.1374,-30.4580
243341.9208,94318,144,-0.5264,-1.0034,0.6531,27.1450,-141.1756,-25.1756
243341.9208,94328,144,-0.5520,-1.0220,0.6736,18.8397,-142.3206,-20.5954
243341.9208,94338,144,-0.5708,-1.0713,0.7183,10.3817,-145.9084,-16.0458
243341.9208,94348,144,-0.5906,-1.1228,0.7708,3.1603,-148.1221,-9.2977
243341.9208,94358,144,-0.6462,-1.1287,0.8335,-2.7634,-147.7863,0.8244
243341.9750,94368,145,-0.6855,-1.0962,0.9036,-8.8550,-145.5267,14.0458
243341.9750,94378,145,-0.7651,-1.0120,0.9731,-12.7481,-139.1450,26.7634
243341.9750,94388,145,-0.8525,-0.8872,1.0071,-15.9542,-131.9084,37.2672
243341.9750,94398,145,-0.9253,-0.7871,1.0693,-17.4809,-125.7710,42.9160
243341.9750,94408,145,-0.9758,-0.7185,1.1675,-20.5802,-121.6183,43.8015
243341.9750,94418,145,-1.0291,-0.7097,1.2236,-24.2443,-114.4122,42.9160
243341.9750,94428,145,-1.0479,-0.7224,1.2576,-26.5802,-107.1298,42.4122
243341.9750,94438,145,-1.0107,-0.7607,1.2808,-32.4885,-103.6031,43.3435
243341.9750,94448,145,-0.9526,-0.8193,1.2729,-37.9389,-98.5344,45.3435
243341.9750,94458,145,-0.9053,-0.9075,1.2180,-42.9466,-90.6565,49.5267
243342.1560,94468,146,-0.8674,-0.9509,1.1790,-42.3969,-81.7710,59.0534
243342.1560,94478,146,-0.8921,-0.9106,1.1511,-36.0000,-72.2443,72.2901
243342.1560,94488,146,-0.8840,-0.8157,1.1357,-29.9542,-64.8550,86.1374
243342.1560,94498,146,-0.9067,-0.6892,1.1184,-28.2443,-57.5115,97.1450
243342.1560,94508,146,-0.9336,-0.6064,1.0625,-29.1908,-49.7252,103.8015
243342.1560,94518,146,-0.9346,-0.5361,0.9941,-28.1527,-44.4275,107.3893
243342.1560,94528,146,-0.9431,-0.4678,0.9409,-29.1603,-41.5115,109.2672
243342.1560,94538,146,-0.9302,-0.4082,0.9092,-34.6718,-40.3664,110.4733
243342.1560,94548,146,-0.9058,-0.3784,0.8865,-42.2901,-39.6641,110.1679
243342.1560,94558,146,-0.8811,-0.4067,0.8628,-48.5191,-37.5115,109.1603
243342.2196,94568,147,-0.8779,-0.4141,0.8501,-50.0153,-35.0687,109.5725
243342.2196,94578,147,-0.8943,-0.3269,0.8940,-50.6565,-33.4046,113.4656
243342.2196,94588,147,-0.9077,-0.1965,0.9695,-50.5191,-31.0687,116.5954
243342.2196,94598,147,-0.9275,-0.1077,1.0417,-51.4656,-26.4427,114.6718
243342.2196,94608,147,-0.9490,-0.0425,1.0769,-54.8550,-21.2366,108.8550
243342.2196,94618,147,-0.9519,-0.0117,1.1257,-59.8168,-17.3282,99.9084
243342.2196,94628,147,-0.9260,-0.0034,1.1704,-66.1374,-14.0458,91.0992
243342.2196,94638,147,-0.9128,-0.0381,1.1724,-69.8168,-7.9084,83.6183
243342.2196,94648,147,-0.9019,-0.0532,1.1628,-67.1603,-0.7786,79.8015
243342.2196,94658,147,-0.9324,-0.0291,1.1589,-61.6947,6.1832,79.7405
243342.2736,94668,148,-0.9321,0.0154,1.1946,-55.9542,10.4275,81.4504
243342.2736,94678,148,-0.9233,0.0813,1.2585,-49.6947,15.8321,82.1985
243342.2736,94688,148,-0.9277,0.1309,1.3223,-44.9160,22.0611,80.9771
243342.2736,94698,148,-0.8997,0.1646,1.3862,-42.1679,27.4962,79.0076
243342.2736,94708,148,-0.8901,0.1777,1.4321,-41.5573,35.5573,77.4351
243342.2736,94718,148,-0.8928,0.2046,1.4253,-39.7557,44.4275,76.5191
243342.2736,94728,148,-0.8835,0.2668,1.4148,-34.7786,52.6260,75.3282
243342.2736,94738,148,-0.8738,0.3337,1.3943,-29.6031,61.9847,72.7176
243342.2736,94748,148,-0.8667,0.3860,1.3525,-27.1145,71.1603,68.3206
243342.2736,94758,148,-0.8564,0.4292,1.2800,-25.6489,78.7023,63.3435
243342.3341,94768,149,-0.8325,0.4551,1.1970,-25.6336,83.4504,57.7863
243342.3341,94778,149,-0.7974,0.4568,1.1125,-23.7405,86.0153,51.6947
243342.3341,94788,149,-0.7695,0.4546,1.0669,-16.5954,89.5115,45.4046
243342.3341,94798,149,-0.7329,0.4565,1.0503,-7.6336,92.3817,40.0153
243342.3341,94808,149,-0.7000,0.4570,1.0234,-1.1298,94.7023,35.1298
243342.3341,94818,149,-0.6614,0.4670,0.9883,3.2672,96.7786,30.9771
243342.3341,94828,149,-0.6287,0.4663,0.9390,7.0840,100.3664,26.8244
243342.3341,94838,149,-0.6138,0.4585,0.8638,11.4504,105.3435,22.1679
243342.3341,94848,149,-0.6113,0.4353,0.7822,15.6641,107.6641,17.7252
243342.3341,94858,149,-0.5940,0.3889,0.7227,19.8015,107.2061,13.5725
243342.4542,94868,150,-0.6382,0.2812,0.6030,30.4580,107.9542,10.1221
243342.4542,94878,150,-0.6382,0.2812,0.6030,30.4580,107.9542,10.1221
243342.4542,94888,150,-0.6436,0.2302,0.5647,36.0763,105.2672,11.0840
243342.4542,94898,150,-0.6367,0.2068,0.5625,44.9160,102.7939,12.8244
243342.4542,94908,150,-0.6272,0.2690,0.5891,59.5573,100.9008,15.9542
243342.4542,94918,150,-0.6226,0.3037,0.6021,63.6183,101.5878,14.6107
243342.4542,94928,150,-0.6082,0.3513,0.6042,67.9695,101.7557,11.4351
243342.4542,94938,150,-0.5947,0.3735,0.6003,69.5573,100.9008,5.7557
243342.4542,94948,150,-0.5632,0.3723,0.5913,70.5954,99.7557,-1.6794
243342.4542,94958,150,-0.5278,0.3291,0.5508,69.7252,99.6336,-9.8321
243342.5726,94968,151,-0.5015,0.2610,0.4844,67.6031,101.1908,-16.1069
243342.5726,94978,151,-0.4805,0.2393,0.4226,70.1221,102.2901,-20.4122
243342.5726,94988,151,-0.4578,0.2012,0.3621,70.9771,102.1832,-24.5649
243342.5726,94998,151,-0.4590,0.1877,0.2966,72.9008,100.5496,-28.5191
243342.5726,95008,151,-0.4165,0.1555,0.2292,72.2290,95.6489,-32.8092
243342.5726,95018,151,-0.4109,0.1008,0.1958,71.7557,91.9695,-36.3664
243342.5726,95028,151,-0.3962,0.0698,0.1846,72.0000,89.2061,-38.5954
243342.5726,95038,151,-0.3948,0.0510,0.1465,72.9771,88.6260,-40.1221
243342.5726,95048,151,-0.4106,0.0054,0.0830,73.1756,87.5573,-42.2748
243342.5726,95058,151,-0.4270,0.0029,0.0269,73.8779,84.2290,-44.0611
243342.6351,95068,152,-0.4490,0.0002,-0.0237,73.8779,78.1679,-44.8397
243342.6351,95078,152,-0.4360,0.0049,-0.0100,74.0305,69.2519,-46.8702
243342.6351,95088,152,-0.4131,-0.0364,-0.0369,72.3969,61.5115,-50.7023
243342.6351,95098,152,-0.4172,-0.0552,-0.0642,73.3435,56.7176,-54.4733
243342.6351,95108,152,-0.4080,-0.0923,-0.1003,70.6107,49.2519,-58.2443
243342.6351,95118,152,-0.3965,-0.1248,-0.1072,67.8015,41.9695,-62.2443
243342.6351,95128,152,-0.3923,-0.1577,-0.1052,66.1832,37.0687,-65.7252
243342.6351,95138,152,-0.3923,-0.2151,-0.1284,62.3511,30.1069,-69.0076
243342.6351,95148,152,-0.3906,-0.2681,-0.1409,60.6870,22.5954,-70.4733
243342.6351,95158,152,-0.3757,-0.2964,-0.1584,62.9313,14.9160,-70.2290
243342.7545,95168,153,-0.3940,-0.3181,-0.1812,65.0534,6.9008,-70.1832
243342.7545,95178,153,-0.3826,-0.3286,-0.1697,66.5038,-2.7481,-70.6718
243342.7545,95188,153,-0.3840,-0.3477,-0.1458,65.5573,-11.7252,-72.5954
243342.7545,95198,153,-0.3909,-0.3945,-0.1416,60.6718,-19.8168,-74.5191
243342.7545,95208,153,-0.3894,-0.4390,-0.1184,56.2290,-27.5573,-75.4198
243342.7545,95218,153,-0.4138,-0.4998,-0.1028,53.7252,-32.2137,-74.8855
243342.7545,95228,153,-0.4600,-0.5181,-0.1118,54.7634,-37.6031,-72.3969
243342.7545,95238,153,-0.4973,-0.5010,-0.0713,57.0229,-46.1221,-67.8931
243342.7545,95248,153,-0.5137,-0.4497,0.0029,61.4656,-53.6336,-63.1603
243342.7545,95258,153,-0.5452,-0.3865,0.0291,65.8626,-55.8015,-62.3664
243342.8721,95268,154,-0.5793,-0.3752,-0.0039,64.4885,-58.4580,-65.7557
243342.8721,95278,154,-0.5608,-0.3992,-0.0186,60.5954,-63.8626,-71.8321
243342.8721,95288,154,-0.5425,-0.4619,-0.0093,56.9008,-68.5802,-78.1527
243342.8721,95298,154,-0.5110,-0.5347,0.0203,53.1603,-75.6947,-83.3130
243342.8721,95308,154,-0.4456,-0.6194,0.0723,48.0916,-85.6489,-85.9542
243342.8721,95318,154,-0.4153,-0.7249,0.0864,44.7481,-92.5344,-86.1679
243342.8721,95328,154,-0.3899,-0.8054,0.1072,44.2290,-98.4580,-85.0840
243342.8721,95338,154,-0.3372,-0.9241,0.1548,40.4122,-107.4504,-83.1603
243342.8721,95348,154,-0.3345,-1.0876,0.1780,32.4885,-113.8015,-79.1603
243342.8721,95358,154,-0.3289,-1.2415,0.2012,25.8168,-122.4580,-69.4809
243342.9346,95368,155,-0.2979,-1.3127,0.3130,25.4656,-131.7252,-53.8473
243342.9346,95378,155,-0.2935,-1.3191,0.4373,30.2901,-132.8855,-34.6870
243342.9346,95388,155,-0.3787,-1.2241,0.5503,35.6794,-127.5573,-13.4656
243342.9346,95398,155,-0.4585,-1.0852,0.6326,35.5267,-121.5878,7.5267
243342.9346,95408,155,-0.5676,-0.9482,0.6553,32.3359,-115.7557,20.9771
243342.9346,95418,155,-0.6519,-0.8655,0.6909,26.1069,-115.5115,25.5573
243342.9346,95428,155,-0.7207,-0.8542,0.7192,17.4198,-117.5420,24.5344
243342.9346,95438,155,-0.7825,-0.9094,0.7695,5.8321,-121.1145,21.6031
243342.9346,95448,155,-0.8108,-0.9473,0.9226,-6.5649,-125.1450,21.3893
243342.9346,95458,155,-0.8972,-0.9641,1.0569,-17.2366,-123.6794,25.4809
243343.1157,95468,156,-0.9304,-0.9407,1.1687,-22.5344,-116.8244,31.9084
243343.1157,95478,156,-0.9771,-0.8743,1.2578,-24.6718,-105.8168,39.9084
243343.1157,95488,156,-1.0168,-0.7778,1.2368,-27.1603,-90.7176,48.1832
243343.1157,95498,156,-1.0681,-0.6958,1.2317,-28.6718,-74.7481,53.5115
243343.1157,95508,156,-1.0627,-0.6265,1.1821,-33.9084,-67.8015,56.7176
243343.1157,95518,156,-1.0190,-0.6199,1.0344,-45.6336,-62.3969,57.6336
243343.1157,95528,156,-1.0017,-0.6831,0.7908,-53.5573,-54.5038,56.6718
243343.1157,95538,156,-0.9893,-0.7422,0.6240,-54.4275,-50.4885,54.7939
243343.1157,95548,156,-0.9897,-0.7905,0.5715,-54.4427,-54.6718,56.7939
243343.1157,95558,156,-0.9260,-0.8188,0.6135,-57.8626,-62.8244,62.8092
243343.2327,95568,157,-0.9280,-0.7888,0.6870,-62.7176,-64.8550,71.9389
243343.2327,95578,157,-0.9656,-0.7036,0.7231,-61.7099,-60.0458,84.7939
243343.2327,95588,157,-0.9907,-0.5840,0.7146,-53.1145,-55.4046,94.9618
243343.2327,95598,157,-0.9980,-0.4763,0.7073,-45.6794,-51.8321,99.4046
243343.2327,95608,157,-1.0479,-0.4329,0.6702,-45.6794,-47.8626,99.5115
243343.2327,95618,157,-1.0813,-0.4189,0.6602,-52.3359,-51.7405,98.5038
243343.2327,95628,157,-1.0952,-0.3574,0.7639,-58.4122,-61.4656,98.7939
243343.2327,95638,157,-1.0667,-0.3149,0.9409,-61.0382,-68.7176,98.2290
243343.2327,95648,157,-1.0640,-0.2571,1.1179,-61.1603,-65.0076,95.2672
243343.2327,95658,157,-1.0820,-0.2224,1.2065,-63.4962,-53.7252,92.4733
243343.2439,95668,158,-1.1008,-0.2219,1.2432,-65.4351,-41.5115,89.0382
243343.2439,95678,158,-1.0767,-0.2388,1.2625,-64.8855,-32.3206,85.9695
243343.2439,95688,158,-1.0740,-0.2246,1.2605,-64.5649,-22.2137,85.0229
243343.2439,95698,158,-1.0618,-0.1846,1.2634,-64.2748,-12.2748,86.0153
243343.2439,95708,158,-1.0469,-0.1641,1.2471,-63.2214,-2.5802,85.7099
243343.2439,95718,158,-1.0457,-0.1431,1.1982,-60.2901,6.1985,84.7023
243343.2439,95728,158,-1.0376,-0.1187,1.1836,-59.1603,11.8779,83.7863
243343.2439,95738,158,-1.0129,-0.1047,1.1970,-60.3359,15.4809,83.4198
243343.2439,95748,158,-0.9929,-0.1035,1.2156,-58.9924,20.1679,83.2824
243343.2439,95758,158,-0.9739,-0.0713,1.2295,-54.3664,26.0153,84.4733
243343.4136,95768,159,-0.9685,0.0078,1.2290,-49.8473,33.1756,86.2901
243343.4136,95778,159,-0.9563,0.0808,1.2161,-45.9542,41.5725,85.9542
243343.4136,95788,159,-0.9553,0.1064,1.1609,-41.9847,50.5954,82.3511
243343.4136,95798,159,-0.9673,0.1245,1.0710,-39.9542,58.0458,79.0229
243343.4136,95808,159,-0.9700,0.1577,1.0127,-38.3511,61.6489,77.3740
243343.4136,95818,159,-0.9561,0.1677,0.9978,-35.9389,64.7481,75.0534
243343.4136,95828,159,-0.9434,0.1631,0.9780,-32.1374,68.7176,73.2672
243343.4136,95838,159,-0.9368,0.1904,0.9431,-26.4427,72.2443,73.0382
243343.4136,95848,159,-0.8999,0.2322,0.9531,-21.0534,73.6489,72.9771
243343.4136,95858,159,-0.8579,0.2715,0.9827,-18.1832,75.7557,71.0992
243343.4800,95868,160,-0.8235,0.3030,0.9980,-14.7023,80.3969,67.6031
243343.4800,95878,160,-0.7925,0.3318,0.9763,-10.9160,85.3282,63.1298
243343.4800,95888,160,-0.7891,0.3640,0.9272,-6.2901,88.8397,58.3511
243343.4800,95898,160,-0.7556,0.3904,0.8860,-3.6183,89.0840,53.3282
243343.4800,95908,160,-0.7512,0.3997,0.8447,-2.7634,87.8473,47.9389
243343.4800,95918,160,-0.6890,0.3354,0.8186,-3.8168,89.1145,42.0458
243343.4800,95928,160,-0.7039,0.2759,0.7424,0.2595,97.9542,39.3740
243343.4800,95938,160,-0.6926,0.2869,0.6748,9.0992,101.6031,41.5115
243343.4800,95948,160,-0.6711,0.3435,0.6443,17.6947,102.2595,44.4580
243343.4800,95958,160,-0.6240,0.4146,0.6511,25.6947,103.7557,45.4962
243343.5419,95968,161,-0.6262,0.4692,0.6121,33.8321,108.2595,42.7328
243343.5419,95978,161,-0.6104,0.4814,0.5325,39.0229,109.1603,37.0840
243343.5419,95988,161,-0.5852,0.4583,0.4624,41.5115,105.1145,31.1908
243343.5419,95998,161,-0.5598,0.4524,0.4329,47.2366,100.7786,26.0458
243343.5419,96008,161,-0.5444,0.4182,0.4004,52.7634,98.7176,23.3435
243343.5419,96018,161,-0.5447,0.4038,0.3472,59.4656,96.7328,20.6870
243343.5419,96028,161,-0.5344,0.4036,0.2954,65.0229,93.2672,18.2290
243343.5419,96038,161,-0.5305,0.3765,0.2375,69.1756,88.1832,15.1603
243343.5419,96048,161,-0.5134,0.3818,0.2065,75.8473,83.5725,10.7176
243343.5419,96058,161,-0.4932,0.3701,0.2083,81.6641,80.9771,7.1756
243343.7788,96068,162,-0.5002,0.3789,0.2048,86.1679,78.5802,2.9924
243343.7788,96078,162,-0.4712,0.3550,0.1748,87.7863,73.5420,-2.3511
243343.7788,96088,162,-0.4453,0.3220,0.1423,93.3130,69.9847,-8.8244
243343.7788,96098,162,-0.4519,0.3198,0.1316,99.1908,69.1298,-15.4046
243343.7788,96108,162,-0.4600,0.2939,0.0771,98.1679,66.3511,-21.2672
243343.7788,96118,162,-0.4668,0.2427,0.0344,93.8321,60.3511,-27.9847
243343.7788,96128,162,-0.4565,0.2092,0.0261,89.9084,52.7176,-34.4122
243343.7788,96138,162,-0.4207,0.1382,0.0161,86.7634,45.6336,-38.8397
243343.7788,96148,162,-0.4058,0.0774,0.0081,87.8168,40.2443,-42.4733
243343.7788,96158,162,-0.3923,0.0698,0.0076,90.5344,36.5496,-44.0763
243343.8417,96168,163,-0.3958,0.0823,0.0127,91.9695,34.4580,-46.1985
243343.8417,96178,163,-0.3965,0.0527,-0.0151,88.7328,31.4656,-50.3664
243343.8417,96188,163,-0.4172,0.0332,-0.0532,86.0611,28.2595,-54.7481
243343.8417,96198,163,-0.4072,0.0208,-0.0774,83.5115,22.2443,-59.0229
243343.8417,96208,163,-0.3979,0.0168,-0.0806,79.4198,14.0916,-64.0458
243343.8417,96218,163,-0.3623,-0.0337,-0.0820,74.1985,6.9924,-69.7557
243343.8417,96228,163,-0.3513,-0.0771,-0.0872,72.8397,3.3893,-74.7634
243343.8417,96238,163,-0.3232,-0.1309,-0.1074,70.3664,-3.0687,-79.9695
243343.8417,96248,163,-0.3000,-0.2000,-0.1140,66.5038,-11.5115,-84.1221
243343.8417,96258,163,-0.2791,-0.2925,-0.1094,62.5344,-18.6412,-86.5802
243343.8949,96268,164,-0.2991,-0.3552,-0.1379,59.2061,-22.2595,-86.8702
243343.8949,96278,164,-0.2886,-0.3992,-0.1843,56.7786,-28.4122,-85.5725
243343.8949,96288,164,-0.2976,-0.4202,-0.1909,56.6412,-35.3588,-84.6107
243343.8949,96298,164,-0.3071,-0.4463,-0.1858,55.2824,-43.2214,-83.7557
243343.8949,96308,164,-0.3228,-0.4604,-0.1726,54.0611,-51.4351,-82.8397
243343.8949,96318,164,-0.3367,-0.4607,-0.1382,52.4580,-61.3282,-82.2443
243343.8949,96328,164,-0.3245,-0.4729,-0.0862,49.9084,-71.2672,-82.3206
243343.8949,96338,164,-0.3293,-0.5081,-0.0444,48.9160,-78.1374,-82.8092
243343.8949,96348,164,-0.3545,-0.5513,-0.0325,49.7099,-83.2519,-84.1679
243343.8949,96358,164,-0.3452,-0.6384,-0.0261,48.8244,-91.0382,-86.0458
243343.8965,96368,165,-0.3584,-0.7195,-0.0059,45.4962,-97.8015,-87.0382
243343.8965,96378,165,-0.3669,-0.7957,0.0386,37.8779,-105.3435,-85.7863
243343.8965,96388,165,-0.3960,-0.8660,0.0618,27.0687,-111.8626,-80.6565
243343.8965,96398,165,-0.4287,-0.8809,0.0972,22.3206,-116.7176,-72.3969
243343.8965,96408,165,-0.4688,-0.8423,0.1602,23.8931,-120.3817,-63.8473
243343.8965,96418,165,-0.5154,-0.7905,0.2305,26.5344,-123.8168,-57.1756
243343.8965,96428,165,-0.5376,-0.7463,0.3054,27.2366,-127.8015,-53.2061
243343.8965,96438,165,-0.5757,-0.7166,0.3931,24.6718,-132.2901,-49.9084
243343.8965,96448,165,-0.6448,-0.6531,0.4636,22.7939,-134.3206,-46.9008
243343.8965,96458,165,-0.6931,-0.5884,0.5244,21.6031,-136.0916,-46.8244
243344.0760,96468,166,-0.7280,-0.5754,0.5664,20.0305,-135.9084,-51.4656
243344.0760,96478,166,-0.7410,-0.6377,0.5916,16.1374,-135.3740,-59.2824
243344.0760,96488,166,-0.7837,-0.7561,0.6431,10.0000,-137.0992,-66.2290
243344.0760,96498,166,-0.7710,-0.8647,0.7209,2.3511,-142.7023,-67.7710
243344.0760,96508,166,-0.7388,-0.9451,0.8347,-3.9084,-145.8779,-63.1145
243344.0760,96518,166,-0.7190,-1.0203,0.8940,-2.8550,-141.7099,-54.4885
243344.0760,96528,166,-0.7422,-1.0681,0.9275,8.7176,-133.7863,-45.7405
243344.0760,96538,166,-0.7444,-1.0723,0.9595,20.5038,-127.4962,-34.9924
243344.0760,96548,166,-0.7585,-1.0344,1.0552,29.7405,-121.8015,-24.4733
243344.0760,96558,166,-0.7500,-1.0269,1.1575,31.6947,-118.1985,-16.7939
243344.1927,96568,167,-0.7903,-1.0476,1.2388,23.3740,-114.0305,-10.3206
243344.1927,96578,167,-0.8164,-1.0315,1.2998,8.4580,-108.9313,0.3817
243344.1927,96588,167,-0.8416,-1.0417,1.2830,-9.2519,-99.3435,12.9466
243344.1927,96598,167,-0.9016,-0.9993,1.2205,-15.3588,-86.1985,25.5115
243344.1927,96608,167,-0.9290,-0.9153,1.1238,-11.8015,-75.8168,36.0916
243344.1927,96618,167,-0.9280,-0.8843,0.9695,-11.5878,-68.0611,43.9237
243344.1927,96628,167,-0.9253,-0.8650,0.8657,-15.4809,-64.0153,51.5115
243344.1927,96638,167,-0.8855,-0.8870,0.7917,-23.5267,-66.8702,59.9389
243344.1927,96648,167,-0.8264,-0.9116,0.7913,-28.0153,-68.3359,66.7023
243344.1927,96658,167,-0.8240,-0.9177,0.7925,-32.8855,-66.9160,74.2595
243344.3745,96668,168,-0.8135,-0.8601,0.8220,-39.1603,-67.0382,86.2901
243344.3745,96678,168,-0.8411,-0.7539,0.8848,-44.4733,-66.5496,97.8931
243344.3745,96688,168,-0.8374,-0.6145,0.9402,-45.7557,-64.8092,106.7939
243344.3745,96698,168,-0.8601,-0.4961,0.9761,-43.6183,-56.3664,111.5115
243344.3745,96708,168,-0.8789,-0.4250,0.9639,-41.0229,-46.3969,111.1298
243344.3745,96718,168,-0.9089,-0.3835,0.9412,-39.7863,-39.8321,108.2137
243344.3745,96728,168,-0.9543,-0.3467,0.9412,-40.8702,-36.8092,105.1756
243344.3745,96738,168,-0.9766,-0.3296,0.9736,-44.6107,-35.9237,102.5954
243344.3745,96748,168,-0.9990,-0.3252,0.9990,-48.3969,-34.6565,100.6107
243344.3745,96758,168,-1.0305,-0.3293,1.0115,-51.5573,-32.7786,98.9466
243344.3760,96768,169,-1.0596,-0.3220,1.0605,-54.3817,-29.3893,98.3053
243344.3760,96778,169,-1.0884,-0.3142,1.0920,-55.9084,-22.9924,99.9084
243344.3760,96788,169,-1.1028,-0.3083,1.1240,-52.9618,-15.4198,101.9237
243344.3760,96798,169,-1.1008,-0.2595,1.1982,-46.3817,-8.3817,105.6947
243344.3760,96808,169,-1.0940,-0.2144,1.2998,-41.8321,0.3206,109.6336
243344.3760,96818,169,-1.0625,-0.1750,1.3916,-39.2519,8.9160,112.2595
243344.3760,96828,169,-1.0366,-0.1460,1.4434,-39.6947,17.1298,113.3740
243344.3760,96838,169,-1.0051,-0.0984,1.4512,-39.1450,25.4962,113.4198
243344.3760,96848,169,-0.9734,-0.0293,1.4543,-33.1756,33.2061,110.6718
243344.3760,96858,169,-0.9475,0.0198,1.4487,-26.2901,40.9924,105.4046
243344.4924,96868,170,-0.9253,0.0754,1.4224,-24.1069,48.4122,99.9695
243344.4924,96878,170,-0.8994,0.1147,1.3867,-27.1756,54.9924,96.4275
243344.4924,96888,170,-0.8625,0.1523,1.3706,-26.1985,60.9618,92.0916
243344.4924,96898,170,-0.8296,0.1978,1.3816,-20.6565,68.3359,87.1298
243344.4924,96908,170,-0.8101,0.2605,1.3728,-16.1221,77.8168,82.3053
243344.4924,96918,170,-0.7983,0.3066,1.3303,-14.3053,88.6412,76.9618
243344.4924,96928,170,-0.7986,0.3203,1.2566,-13.0840,98.0763,69.5878
243344.4924,96938,170,-0.7937,0.3142,1.1589,-13.0076,104.5191,62.0916
243344.4924,96948,170,-0.7961,0.2954,1.0522,-13.1298,107.9847,55.8015
243344.4924,96958,170,-0.7876,0.2615,0.9729,-12.3664,108.3053,50.9771
243344.5019,96968,171,-0.7756,0.2439,0.9351,-9.2519,107.0076,48.6718
243344.5019,96978,171,-0.7573,0.2354,0.9097,-4.6260,106.2748,47.9542
243344.5019,96988,171,-0.7227,0.2478,0.8882,0.4122,107.2214,48.5649
243344.5019,96998,171,-0.6870,0.2607,0.8879,7.7557,111.7710,48.9466
243344.5019,97008,171,-0.6787,0.2888,0.8433,17.5878,118.7634,47.5878
243344.5019,97018,171,-0.6685,0.2898,0.7751,24.5496,122.5344,45.4809
243344.5019,97028,171,-0.6367,0.3113,0.7214,28.5191,122.6107,43.3740
243344.5019,97038,171,-0.6123,0.3000,0.6685,28.4275,121.1450,40.7328
243344.5019,97048,171,-0.6089,0.2502,0.6074,31.5878,122.3359,36.8092
243344.5019,97058,171,-0.6035,0.2380,0.5635,37.2519,120.5954,34.5649
243344.6742,97068,172,-0.5879,0.2585,0.5552,40.1069,116.5649,34.5496
243344.6742,97078,172,-0.5396,0.2810,0.5415,42.7176,113.3588,34.3359
243344.6742,97088,172,-0.5181,0.2952,0.5183,52.6565,114.2443,31.1908
243344.6742,97098,172,-0.5061,0.2866,0.4631,64.0305,116.2595,24.9924
243344.6742,97108,172,-0.5032,0.2705,0.3860,68.0763,116.2443,20.3053
243344.6742,97118,172,-0.4866,0.2942,0.3408,68.6718,111.5878,18.0305
243344.6742,97128,172,-0.4561,0.2754,0.2888,66.3817,106.7481,14.4427
243344.6742,97138,172,-0.4563,0.2427,0.2180,67.7863,104.0458,9.3893
243344.6742,97148,172,-0.4458,0.2363,0.1638,71.4809,100.4885,4.3969
243344.6742,97158,172,-0.4370,0.2346,0.1208,72.4427,94.3511,1.7405
243344.7929,97168,173,-0.4026,0.2361,0.1021,73.6489,87.1450,-0.3053
243344.7929,97178,173,-0.3838,0.2632,0.0901,77.4504,83.3588,-3.4962
243344.7929,97188,173,-0.3613,0.2632,0.0686,79.1450,80.1985,-8.1374
243344.7929,97198,173,-0.3574,0.2300,0.0339,79.5115,75.1756,-13.7710
243344.7929,97208,173,-0.3428,0.2126,0.0134,79.0382,70.6107,-20.1069
243344.7929,97218,173,-0.3718,0.1970,-0.0405,78.2595,67.9847,-25.4504
243344.7929,97228,173,-0.3652,0.1873,-0.0962,78.0000,61.1756,-31.7557
243344.7929,97238,173,-0.3569,0.1404,-0.1372,75.4656,53.6489,-37.8168
243344.7929,97248,173,-0.3535,0.1213,-0.1582,74.6870,46.8092,-42.2290
243344.7929,97258,173,-0.3354,0.1023,-0.1680,73.5115,38.7786,-46.6412
243344.8523,97268,174,-0.3218,0.0869,-0.1658,71.4351,30.7176,-51.2519
243344.8523,97278,174,-0.2856,0.0623,-0.1636,69.1298,23.1756,-55.8321
243344.8523,97288,174,-0.2893,0.0576,-0.1575,69.6641,18.5038,-59.9389
243344.8523,97298,174,-0.2891,0.0586,-0.1565,70.2290,13.1908,-64.5802
243344.8523,97308,174,-0.2932,0.0422,-0.1729,66.9924,7.3435,-70.4122
243344.8523,97318,174,-0.3020,0.0212,-0.1975,62.8244,1.2672,-76.0000
243344.8523,97328,174,-0.3054,-0.0010,-0.2241,60.0916,-6.9160,-81.8321
243344.8523,97338,174,-0.3076,-0.0518,-0.2290,57.1450,-15.9084,-88.3969
243344.8523,97348,174,-0.3052,-0.1238,-0.2029,54.4580,-25.4656,-94.5802
243344.8523,97358,174,-0.3435,-0.1831,-0.1897,53.7099,-32.0305,-97.8321
243344.9143,97368,175,-0.3596,-0.2354,-0.1687,52.6565,-38.4885,-98.7786
243344.9143,97378,175,-0.3538,-0.2820,-0.1309,51.9542,-45.5725,-99.2824
243344.9143,97388,175,-0.3779,-0.3154,-0.1038,53.2672,-49.2977,-100.3053
243344.9143,97398,175,-0.4077,-0.3770,-0.1223,52.9771,-52.1374,-101.3588
243344.9143,97408,175,-0.4290,-0.4148,-0.1221,53.6489,-57.9847,-102.0916
243344.9143,97418,175,-0.4297,-0.4170,-0.0750,53.9237,-66.4885,-104.1527
243344.9143,97428,175,-0.4146,-0.4531,-0.0305,51.2366,-76.3969,-109.4809
243344.9143,97438,175,-0.3892,-0.5361,-0.0059,44.8702,-85.7863,-118.2443
243344.9143,97448,175,-0.3323,-0.6704,0.0298,34.5191,-95.9542,-127.2977
243344.9143,97458,175,-0.2722,-0.8562,0.0828,23.8931,-103.1450,-133.8473
243345.0996,97468,176,-0.2393,-1.0608,0.1069,13.6947,-107.3435,-135.0687
243345.0996,97478,176,-0.2095,-1.2427,0.1145,6.7328,-109.4809,-127.9542
243345.0996,97488,176,-0.2200,-1.3608,0.1128,7.1298,-110.6718,-112.5954
243345.0996,97498,176,-0.2175,-1.3879,0.1172,13.4962,-112.5038,-91.7710
243345.0996,97508,176,-0.2390,-1.3708,0.1267,19.3435,-113.8168,-70.1221
243345.0996,97518,176,-0.2915,-1.3286,0.1113,22.2443,-114.3359,-51.1145
243345.0996,97528,176,-0.3503,-1.2322,0.1323,21.8168,-120.0458,-34.9008
243345.0996,97538,176,-0.4158,-1.1084,0.2097,17.1145,-129.5267,-21.0687
243345.0996,97548,176,-0.4399,-1.0083,0.3318,11.0992,-139.0840,-11.6947
243345.0996,97558,176,-0.4927,-0.9348,0.4648,7.1298,-143.3893,-6.0000
243345.1527,97568,177,-0.5601,-0.8862,0.5686,5.6183,-144.6260,-1.9542
243345.1527,97578,177,-0.6260,-0.8140,0.6648,6.3817,-146.5191,-0.0153
243345.1527,97588,177,-0.6787,-0.7878,0.7205,2.8702,-146.3817,1.1145
243345.1527,97598,177,-0.7073,-0.8044,0.7480,-1.9237,-144.9160,0.8702
243345.1527,97608,177,-0.7798,-0.8284,0.7676,-7.4809,-142.3511,0.6260
243345.1527,97618,177,-0.8196,-0.8779,0.8069,-13.1145,-140.9160,2.5496
243345.1527,97628,177,-0.8870,-0.9102,0.8533,-15.2672,-139.9389,6.6107
243345.1527,97638,177,-0.9246,-0.9307,0.9001,-16.3664,-140.3969,12.4885
243345.1527,97648,177,-0.9431,-0.9373,0.9868,-14.8702,-140.3817,18.3969
243345.1527,97658,177,-0.9629,-0.9519,1.0627,-11.1756,-135.1603,23.7710
243345.2154,97668,178,-1.0137,-0.9351,1.0837,-10.1221,-127.7405,29.6336
243345.2154,97678,178,-1.0747,-0.9255,1.0811,-6.2901,-122.2137,36.0458
243345.2154,97688,178,-1.0867,-0.9246,1.1184,-1.2061,-119.8473,44.1221
243345.2154,97698,178,-1.0964,-0.8330,1.2051,1.5725,-114.5954,56.1985
243345.2154,97708,178,-1.1047,-0.7002,1.2825,-1.0534,-103.5878,69.0229
243345.2154,97718,178,-1.1270,-0.5862,1.3010,-7.0534,-91.7863,76.5344
243345.2154,97728,178,-1.1348,-0.5310,1.2812,-12.4885,-80.7939,78.2443
243345.2154,97738,178,-1.1204,-0.5347,1.2227,-17.5878,-71.8931,76.2443
243345.2154,97748,178,-1.0815,-0.5876,1.1682,-25.4504,-65.7405,74.3664
243345.2154,97758,178,-1.0415,-0.6570,1.1328,-33.6336,-60.7328,75.2214
243345.3990,97768,179,-1.0010,-0.7202,1.1348,-39.2824,-56.9924,79.5115
243345.3990,97778,179,-0.9500,-0.7166,1.1926,-43.2061,-53.9695,88.1985
243345.3990,97788,179,-0.9314,-0.6609,1.2437,-44.4580,-45.5725,99.2824
243345.3990,97798,179,-0.9192,-0.5618,1.2246,-42.5496,-32.9313,108.7634
243345.3990,97808,179,-0.9248,-0.4824,1.1741,-40.7634,-21.4198,115.0076
243345.3990,97818,179,-0.9236,-0.3865,1.1555,-39.5878,-13.0840,118.9771
243345.3990,97828,179,-0.9399,-0.2886,1.1414,-38.3206,-4.9466,120.6107
243345.3990,97838,179,-0.9402,-0.2139,1.1123,-35.5115,1.8931,118.4122
243345.3990,97848,179,-0.9634,-0.1714,1.0735,-32.9466,8.2595,113.5573
243345.3990,97858,179,-0.9700,-0.1465,1.0552,-32.9924,11.6489,108.3511
243345.4531,97868,180,-0.9578,-0.1799,1.0320,-36.4275,13.0992,103.7099
243345.4531,97878,180,-0.9370,-0.1956,1.0488,-37.8168,14.5038,100.8702
243345.4531,97888,180,-0.8965,-0.1692,1.1101,-34.8092,17.0534,101.8321
243345.4531,97898,180,-0.8704,-0.0967,1.1692,-30.9008,23.6794,103.3282
243345.4531,97908,180,-0.8601,-0.0398,1.2136,-30.3817,31.7405,103.3130
243345.4531,97918,180,-0.8528,0.0413,1.2349,-28.1985,38.7328,102.0153
243345.4531,97928,180,-0.8503,0.1189,1.2278,-25.5725,44.6412,99.6489
243345.4531,97938,180,-0.8511,0.1655,1.1943,-23.4351,50.5191,95.0840
243345.4531,97948,180,-0.8396,0.2217,1.1736,-20.2290,55.8473,89.0534
243345.4531,97958,180,-0.8389,0.2749,1.1648,-17.9695,61.1908,82.3664
243345.5141,97968,181,-0.8403,0.2800,1.1304,-17.8168,66.1985,74.9771
243345.5141,97978,181,-0.8469,0.3105,1.1018,-15.3435,70.5649,68.5649
243345.5141,97988,181,-0.8499,0.3477,1.0671,-12.3664,74.3053,63.1450
243345.5141,97998,181,-0.8418,0.3796,1.0552,-9.1145,78.0153,57.2824
243345.5141,98008,181,-0.8325,0.3882,1.0264,-6.3053,83.7863,50.8855
243345.5141,98018,181,-0.8286,0.3865,0.9548,-4.2748,89.1450,45.4962
243345.5141,98028,181,-0.8137,0.3794,0.9019,-0.4122,91.9847,41.2824
243345.5141,98038,181,-0.7939,0.3459,0.8687,7.4046,93.8473,37.1145
243345.5141,98048,181,-0.7729,0.3196,0.8413,16.5496,95.9084,34.3053
243345.5141,98058,181,-0.7566,0.3127,0.8179,22.4122,97.4504,33.4198
243345.6343,98068,182,-0.7263,0.3054,0.8181,25.5267,97.2214,33.5725
243345.6343,98078,182,-0.6882,0.3459,0.8523,30.6870,97.1756,34.1374
243345.6343,98088,182,-0.6570,0.4019,0.8713,36.9160,98.6870,32.8550
243345.6343,98098,182,-0.6331,0.4231,0.8496,41.8779,101.3588,28.7176
243345.6343,98108,182,-0.5986,0.4368,0.8347,45.7863,104.0305,23.1145
243345.6343,98118,182,-0.5791,0.4236,0.7756,47.1450,108.1679,17.3588
243345.6343,98128,182,-0.5686,0.3958,0.6846,47.9389,110.3359,12.1527
243345.6343,98138,182,-0.5688,0.3196,0.5571,50.2901,110.4122,7.2519
243345.6343,98148,182,-0.5583,0.2590,0.4788,54.3969,108.7328,4.5496
243345.6343,98158,182,-0.5659,0.2478,0.4255,59.5115,106.7939,5.4962
243345.7624,98168,183,-0.5754,0.2598,0.3708,64.2901,105.4504,6.9160
243345.7624,98178,183,-0.5601,0.2932,0.3242,68.8244,101.3893,6.4275
243345.7624,98188,183,-0.5493,0.2930,0.3005,72.5954,98.1069,3.7710
243345.7624,98198,183,-0.5708,0.3076,0.2771,76.8550,95.3740,-1.0229
243345.7624,98208,183,-0.5828,0.2766,0.2327,75.9542,90.7939,-7.0534
243345.7624,98218,183,-0.5569,0.2402,0.1970,74.0458,83.3435,-13.2824
243345.7624,98228,183,-0.5337,0.2097,0.2209,74.3664,78.6260,-17.2366
243345.7624,98238,183,-0.5339,0.2012,0.2141,77.5573,77.7710,-20.1221
243345.7624,98248,183,-0.5359,0.1577,0.1663,77.8626,76.5649,-25.1603
243345.7624,98258,183,-0.5408,0.1418,0.1326,77.7863,71.3588,-30.1221
243345.8176,98268,184,-0.5132,0.1033,0.1248,74.6565,64.3969,-33.9237
243345.8176,98278,184,-0.5056,0.0930,0.1577,72.8244,60.3053,-37.5267
243345.8176,98288,184,-0.4724,0.0737,0.1665,70.0153,56.0611,-41.4198
243345.8176,98298,184,-0.4478,0.0471,0.1606,69.2519,53.9084,-46.2901
243345.8176,98308,184,-0.4495,0.0239,0.1523,71.4656,52.1832,-51.3740
243345.8176,98318,184,-0.4397,0.0090,0.1309,72.9008,51.0534,-56.1679
243345.8176,98328,184,-0.4346,-0.0229,0.0767,71.7099,50.3359,-61.2214
243345.8176,98338,184,-0.4312,-0.0906,0.0049,69.5115,47.4046,-66.4885
243345.8176,98348,184,-0.4333,-0.1255,-0.0715,68.4580,42.5802,-69.8015
243345.8176,98358,184,-0.4209,-0.1965,-0.1343,65.1756,35.3588,-69.0992
243345.9978,98368,185,-0.4072,-0.2334,-0.1545,64.1679,24.7328,-67.3893
243345.9978,98378,185,-0.3660,-0.2590,-0.1516,61.4656,14.2595,-64.0153
243345.9978,98388,185,-0.3884,-0.2634,-0.1287,58.1985,8.7634,-59.0992
243345.9978,98398,185,-0.3760,-0.2292,-0.0942,54.1069,2.5649,-54.9771
243345.9978,98408,185,-0.3655,-0.1848,-0.0869,52.7328,-1.1450,-54.2901
243345.9978,98418,185,-0.3621,-0.1555,-0.1243,58.1679,-1.2519,-59.1145
243345.9978,98428,185,-0.3772,-0.1460,-0.1914,64.1069,-1.7557,-67.3893
243345.9978,98438,185,-0.3650,-0.1665,-0.2319,63.5267,-9.2824,-76.9924
243345.9978,98448,185,-0.3464,-0.2207,-0.2129,55.6794,-22.5802,-86.6870
243345.9978,98458,185,-0.3020,-0.3059,-0.1582,45.4046,-37.1603,-95.6641
243346.1128,98468,186,-0.2803,-0.4087,-0.1028,37.4046,-48.3053,-103.4351
243346.1128,98478,186,-0.2700,-0.5508,-0.0537,31.4351,-55.0534,-109.7710
243346.1128,98488,186,-0.2817,-0.7017,-0.0552,26.2748,-60.7939,-112.0305
243346.1128,98498,186,-0.2964,-0.8118,-0.0767,23.3130,-66.2901,-108.3969
243346.1128,98508,186,-0.3000,-0.8513,-0.0403,24.7939,-72.4427,-101.1908
243346.1128,98518,186,-0.3286,-0.8440,0.0015,26.7176,-77.8779,-93.3435
243346.1128,98528,186,-0.3357,-0.7988,0.0906,25.8168,-84.3053,-86.2290
243346.1128,98538,186,-0.3718,-0.7617,0.1704,21.7710,-89.8626,-82.5649
243346.1128,98548,186,-0.3818,-0.7529,0.2107,15.2366,-95.8931,-82.9466
243346.1128,98558,186,-0.4092,-0.7734,0.2346,11.4809,-99.9542,-85.3893
243346.1145,98568,187,-0.4021,-0.8357,0.2422,7.8473,-106.1985,-86.7939
243346.1145,98578,187,-0.4080,-0.8958,0.2517,4.3664,-108.1985,-84.9771
243346.1145,98588,187,-0.4216,-0.9546,0.2617,1.3435,-109.5878,-81.7099
243346.1145,98598,187,-0.4409,-1.0288,0.2588,-2.7634,-112.6107,-77.2366
243346.1145,98608,187,-0.4370,-1.0923,0.2551,-7.9695,-116.7481,-70.4733
243346.1145,98618,187,-0.4854,-1.1411,0.2727,-13.1298,-120.7939,-61.4962
243346.1145,98628,187,-0.5125,-1.1558,0.3264,-15.5573,-127.2672,-50.5496
243346.1145,98638,187,-0.5281,-1.1628,0.3896,-16.2748,-132.3511,-39.1298
243346.1145,98648,187,-0.5422,-1.1670,0.4685,-15.9847,-131.5725,-27.4046
243346.1145,98658,187,-0.6365,-1.1616,0.4839,-13.7710,-128.3664,-16.2137
243346.2975,98668,188,-0.6687,-1.1328,0.5139,-12.4427,-129.3740,-5.5420
243346.2975,98678,188,-0.7273,-1.0815,0.5786,-12.9466,-130.1069,4.1985
243346.2975,98688,188,-0.7856,-1.0120,0.6787,-14.0763,-131.8321,12.7786
243346.2975,98698,188,-0.8225,-0.9778,0.8181,-18.9924,-133.7405,18.3359
243346.2975,98708,188,-0.8926,-0.9705,0.8835,-26.8092,-131.3740,23.1603
243346.2975,98718,188,-0.9336,-0.9692,0.9248,-32.8702,-129.4046,28.7176
243346.2975,98728,188,-0.9719,-1.0139,0.9312,-36.0458,-126.6718,34.8702
243346.2975,98738,188,-0.9795,-1.0422,0.9067,-36.9160,-123.3588,43.3588
243346.2975,98748,188,-0.9990,-1.0562,0.8560,-37.6183,-118.8855,54.6412
243346.2975,98758,188,-1.0054,-1.0347,0.7961,-34.5802,-114.6260,68.1527
243346.4128,98768,189,-1.0010,-0.9829,0.7742,-30.3817,-112.7176,81.1145
243346.4128,98778,189,-1.0178,-0.8979,0.7732,-30.0000,-111.1908,92.4885
243346.4128,98788,189,-1.0066,-0.7957,0.7964,-30.2748,-108.4275,101.8168
243346.4128,98798,189,-1.0137,-0.7056,0.8477,-29.8168,-103.6183,107.1756
243346.4128,98808,189,-1.0393,-0.6160,0.9150,-29.2824,-98.7481,109.9389
243346.4128,98818,189,-1.0142,-0.5544,1.0271,-27.4809,-96.7328,110.0000
243346.4128,98828,189,-0.9814,-0.5649,1.1160,-28.5496,-91.8321,107.1603
243346.4128,98838,189,-0.9358,-0.5967,1.1582,-32.6718,-84.0305,105.0687
243346.4128,98848,189,-0.9114,-0.6489,1.1277,-37.0534,-73.8321,106.6870
243346.4128,98858,189,-0.9075,-0.6394,1.1118,-35.4504,-65.0840,111.9237
243346.4225,98868,190,-0.8914,-0.5234,1.1475,-28.4580,-58.0305,119.3282
243346.4225,98878,190,-0.8921,-0.4053,1.1589,-24.5954,-48.2595,123.3588
243346.4225,98888,190,-0.8965,-0.3313,1.1189,-27.3282,-38.9160,123.0534
243346.4225,98898,190,-0.9128,-0.2710,1.0903,-32.0916,-32.9771,121.0534
243346.4225,98908,190,-0.9194,-0.1899,1.1150,-35.3893,-29.4962,119.1450
243346.4225,98918,190,-0.9321,-0.0862,1.1846,-37.1756,-25.5878,115.7863
243346.4225,98928,190,-0.9529,-0.0190,1.2524,-37.2366,-18.6870,110.7481
243346.4225,98938,190,-0.9780,0.0061,1.2917,-34.1221,-10.3511,103.8473
243346.4225,98948,190,-0.9897,0.0337,1.3191,-30.8244,-3.6031,97.1756
243346.4225,98958,190,-0.9812,0.0647,1.4048,-32.2748,3.8321,91.4962
243346.5949,98968,191,-1.0034,0.0505,1.4167,-37.0992,16.1985,86.9924
243346.5949,98978,191,-1.0161,0.0869,1.4077,-36.6107,28.1679,83.6183
243346.5949,98988,191,-1.0354,0.1367,1.3853,-32.4427,37.4198,82.4122
243346.5949,98998,191,-1.0496,0.1938,1.3662,-26.9466,45.8321,78.9160
243346.5949,99008,191,-1.0369,0.2441,1.3538,-23.0992,53.0992,72.8702
243346.5949,99018,191,-0.9939,0.2566,1.3672,-22.0000,58.2748,66.2901
243346.5949,99028,191,-0.9548,0.2476,1.3723,-20.3206,64.4275,59.6031
243346.5949,99038,191,-0.9241,0.2214,1.3521,-18.3359,73.1145,53.6183
243346.5949,99048,191,-0.8867,0.2078,1.3032,-16.7481,82.0305,49.8473
243346.5949,99058,191,-0.8420,0.2083,1.2349,-13.9695,88.4275,48.0763
243346.7141,99068,192,-0.8064,0.2034,1.1665,-10.0305,93.7405,47.4809
243346.7141,99078,192,-0.7725,0.2185,1.1116,-4.0611,98.4885,47.3130
243346.7141,99088,192,-0.7605,0.2241,1.0469,0.5344,102.8855,46.7786
243346.7141,99098,192,-0.7271,0.2166,0.9863,4.7481,104.4733,47.2824
243346.7141,99108,192,-0.6853,0.2554,0.9675,12.6260,105.4656,49.4656
243346.7141,99118,192,-0.6626,0.3271,0.9353,21.2977,108.3206,51.4046
243346.7141,99128,192,-0.6248,0.3945,0.9087,30.1527,111.0992,50.9924
243346.7141,99138,192,-0.5935,0.4480,0.8650,37.7557,113.7863,47.7710
243346.7141,99148,192,-0.5671,0.4685,0.8015,41.7405,116.0611,42.1374
243346.7141,99158,192,-0.5217,0.4421,0.7417,44.4275,117.0534,35.5267
243346.7735,99168,193,-0.5093,0.4006,0.6802,49.5573,118.5344,29.6947
243346.7735,99178,193,-0.4724,0.3484,0.6033,53.8015,118.2595,25.3893
243346.7735,99188,193,-0.4553,0.3167,0.5276,57.9237,117.3740,23.8168
243346.7735,99198,193,-0.4351,0.3005,0.4478,62.1069,114.9466,23.9084
243346.7735,99208,193,-0.4329,0.2920,0.3801,67.6641,113.1450,23.7099
243346.7735,99218,193,-0.4355,0.3040,0.3220,76.2443,110.1832,22.1832
243346.7735,99228,193,-0.4385,0.3320,0.2803,85.0992,105.9695,18.8550
243346.7735,99238,193,-0.4368,0.3447,0.2419,90.1832,100.5191,13.8626
243346.7735,99248,193,-0.4282,0.3750,0.2222,93.2214,94.6565,6.7328
243346.7735,99258,193,-0.4524,0.3755,0.1953,93.2519,89.1298,-1.4046
243346.8348,99268,194,-0.4434,0.3767,0.1790,92.9313,80.5496,-11.8626
243346.8348,99278,194,-0.4263,0.3440,0.1975,90.1679,73.7099,-23.5267
243346.8348,99288,194,-0.4214,0.2742,0.2063,86.2290,69.4351,-33.9847
243346.8348,99298,194,-0.4055,0.2002,0.1975,83.4046,65.5878,-42.2901
243346.8348,99308,194,-0.3992,0.1519,0.1777,81.2214,61.9389,-48.2290
243346.8348,99318,194,-0.3901,0.1074,0.1362,82.8550,59.6641,-52.5496
243346.8348,99328,194,-0.3997,0.0703,0.0884,85.7863,58.2748,-57.9695
243346.8348,99338,194,-0.3887,0.0427,0.0342,84.8397,52.8092,-63.9542
243346.8348,99348,194,-0.3711,-0.0027,0.0129,80.6260,46.0763,-70.6107
243346.8348,99358,194,-0.3477,-0.0537,-0.0359,73.6031,38.9618,-76.0763
243347.0192,99368,195,-0.3186,-0.0930,-0.0540,66.8855,30.6565,-81.3282
243347.0192,99378,195,-0.3003,-0.1580,-0.0664,59.0992,21.9542,-86.4122
243347.0192,99388,195,-0.2925,-0.2161,-0.0481,54.0458,16.0153,-89.5878
243347.0192,99398,195,-0.2998,-0.2847,-0.0486,50.2137,10.8092,-90.9618
243347.0192,99408,195,-0.3186,-0.3320,-0.0535,47.6031,5.0534,-90.3817
243347.0192,99418,195,-0.3206,-0.3340,-0.0474,49.6489,1.0534,-88.1679
243347.0192,99428,195,-0.3450,-0.3369,-0.0415,51.8626,-1.3893,-86.8244
243347.0192,99438,195,-0.3711,-0.3135,-0.0500,53.7557,-3.4351,-85.9084
243347.0192,99448,195,-0.4001,-0.2786,-0.0823,54.2137,-7.2214,-86.2595
243347.0192,99458,195,-0.4175,-0.2644,-0.1079,50.9771,-13.8321,-89.1145
243347.0774,99468,196,-0.4214,-0.2632,-0.1108,47.6641,-23.0382,-93.0992
243347.0774,99478,196,-0.4082,-0.2878,-0.0930,43.3130,-32.8702,-98.6107
243347.0774,99488,196,-0.3853,-0.3418,-0.0825,38.8855,-41.2214,-104.8550
243347.0774,99498,196,-0.3811,-0.4131,-0.0828,36.5954,-48.4885,-110.1985
243347.0774,99508,196,-0.3799,-0.4690,-0.0857,36.2595,-56.4122,-114.7023
243347.0774,99518,196,-0.3684,-0.5505,-0.0732,36.1374,-64.5496,-119.0687
243347.0774,99528,196,-0.3606,-0.6555,-0.0828,35.5115,-71.4962,-121.9237
243347.0774,99538,196,-0.3384,-0.7493,-0.0679,34.6565,-77.8931,-122.3817
243347.0774,99548,196,-0.3044,-0.8462,-0.0635,33.2672,-83.2672,-119.7710
243347.0774,99558,196,-0.2683,-0.9172,-0.0535,33.7710,-87.8321,-115.9542
243347.1378,99568,197,-0.2129,-1.0220,-0.0710,31.6489,-91.8779,-113.1908
243347.1378,99578,197,-0.2048,-1.1702,-0.0901,29.2977,-95.8779,-111.8626
243347.1378,99588,197,-0.2415,-1.3989,-0.0979,24.9466,-104.9466,-109.4198
243347.1378,99598,197,-0.2500,-1.5649,-0.0312,20.9160,-124.3969,-98.6565
243347.1378,99608,197,-0.3240,-1.6174,0.0984,18.4733,-143.3130,-76.3511
243347.1378,99618,197,-0.3445,-1.5300,0.2908,17.4198,-159.7252,-46.9924
243347.1378,99628,197,-0.3513,-1.4158,0.5129,14.7023,-165.2061,-21.4198
243347.1378,99638,197,-0.4248,-1.3101,0.6523,15.8015,-156.9008,-3.7405
243347.1378,99648,197,-0.4700,-1.1863,0.7449,20.0611,-147.3740,8.5954
243347.1378,99658,197,-0.5066,-1.0845,0.8142,17.9237,-141.6031,16.9160
243347.2546,99668,198,-0.6802,-1.0283,0.8315,8.2748,-136.2748,22.7328
243347.2546,99678,198,-1.0520,-0.9700,0.7046,-0.1069,-129.3435,24.3206
243347.2546,99688,198,-0.6521,-0.9880,0.8496,-10.8855,-132.5649,17.4504
243347.2546,99698,198,-0.7197,-1.0010,1.0610,-22.5954,-135.4656,17.0687
243347.2546,99708,198,-0.7144,-0.9941,1.1321,-35.5573,-136.0305,24.9313
243347.2546,99718,198,-0.7869,-0.9490,1.1211,-39.5878,-126.0153,31.4656
243347.2546,99728,198,-0.8350,-0.8516,1.0461,-30.2748,-109.5420,37.4504
243347.2546,99738,198,-0.9417,-0.6499,0.9700,-22.3969,-97.7557,41.9237
243347.2546,99748,198,-0.9963,-0.4780,0.9370,-22.1832,-94.3969,40.4580
243347.2546,99758,198,-0.9900,-0.4238,0.9058,-30.9160,-93.8015,31.3282
243347.3721,99768,199,-0.9575,-0.4761,0.8572,-41.5420,-91.6641,17.0229
243347.3721,99778,199,-0.9385,-0.6389,0.7639,-53.2824,-90.3359,3.3282
243347.3721,99788,199,-0.8738,-0.8472,0.6841,-65.2672,-96.7786,-2.5496
243347.3721,99798,199,-0.7922,-1.0605,0.6973,-69.2061,-103.1603,1.4809
243347.3721,99808,199,-0.7341,-1.2295,0.7327,-64.7328,-102.1985,15.9389
243347.3721,99818,199,-0.7400,-1.2886,0.7556,-54.3053,-94.9618,40.4580
243347.3721,99828,199,-0.7515,-1.2092,0.7844,-39.6031,-87.1145,71.2977
243347.3721,99838,199,-0.7793,-1.0457,0.8704,-25.6794,-82.2137,97.9695
243347.3721,99848,199,-0.8018,-0.8704,0.9927,-18.2748,-80.4733,116.0458
243347.3721,99858,199,-0.8430,-0.7185,1.0806,-18.2443,-76.4733,128.0305
243347.4345,99868,200,-0.8591,-0.6062,1.1509,-22.0305,-72.7939,133.8168
243347.4345,99878,200,-0.8950,-0.5049,1.2078,-26.3817,-66.4580,136.1374
243347.4345,99888,200,-0.9138,-0.3894,1.2554,-29.0076,-58.1221,136.7786
243347.4345,99898,200,-0.9233,-0.2930,1.2993,-31.6947,-47.0840,134.3359
243347.4345,99908,200,-0.9534,-0.2244,1.2974,-33.0382,-32.7939,129.2061
243347.4345,99918,200,-0.9949,-0.1714,1.2764,-33.6641,-21.3588,123.2824
243347.4345,99928,200,-0.9773,-0.1575,1.2737,-34.5191,-15.3740,116.6565
243347.4345,99938,200,-0.9712,-0.1357,1.3154,-31.8473,-7.8321,109.8626
243347.4345,99948,200,-0.9568,-0.1350,1.3232,-29.8626,1.7099,103.6641
243347.4345,99958,200,-0.9365,-0.1638,1.2966,-29.8473,10.5649,99.5573
243347.5545,99968,201,-0.9097,-0.1829,1.2908,-28.7634,17.3893,97.1145
243347.5545,99978,201,-0.8738,-0.1765,1.3032,-27.6031,22.9313,96.4427
243347.5545,99988,201,-0.8445,-0.1519,1.3110,-27.5725,28.0000,97.8168
243347.5545,99998,201,-0.8037,-0.1152,1.3232,-27.7710,34.3053,99.8015
243347.5545,100008,201,-0.8123,-0.0532,1.3279,-22.3206,44.3664,101.0840
243347.5545,100018,201,-0.8079,0.0315,1.3066,-14.2290,53.6183,101.8321
243347.5545,100028,201,-0.8186,0.0869,1.2737,-9.0076,62.0763,100.0611
243347.5545,100038,201,-0.8130,0.1460,1.2258,-3.3130,67.9084,99.3740
243347.5545,100048,201,-0.8271,0.1875,1.1926,3.2977,72.9771,95.5878
243347.5545,100058,201,-0.8188,0.2302,1.1931,9.0840,75.4504,89.4962
243347.6808,100068,202,-0.7898,0.2554,1.2153,10.6107,79.3740,82.4733
243347.6808,100078,202,-0.7991,0.2520,1.1865,9.8168,88.1221,74.7328
243347.6808,100088,202,-0.7937,0.2290,1.1189,9.3282,94.3969,68.0153
243347.6808,100098,202,-0.7720,0.2192,1.0833,12.1832,97.9389,63.1756
243347.6808,100108,202,-0.7349,0.1707,1.0271,15.3282,101.4504,59.2519
243347.6808,100118,202,-0.7207,0.1785,0.9841,22.6412,107.3435,57.3130
243347.6808,100128,202,-0.7192,0.2000,0.9370,28.1679,110.8855,56.5038
243347.6808,100138,202,-0.6951,0.2151,0.8826,30.7634,110.9313,55.7557
243347.6808,100148,202,-0.6841,0.2458,0.8562,35.3282,111.5115,55.3130
243347.6808,100158,202,-0.6912,0.2810,0.8240,42.1679,112.9466,53.2824
243347.7342,100168,203,-0.6733,0.3093,0.7827,46.8092,113.7099,49.2977
243347.7342,100178,203,-0.6641,0.3191,0.7395,49.5420,115.7710,44.4122
243347.7342,100188,203,-0.6555,0.3230,0.6682,52.8550,117.2672,39.8626
243347.7342,100198,203,-0.6467,0.2891,0.5745,55.0687,116.6718,35.4962
243347.7342,100208,203,-0.6108,0.2749,0.5078,60.4580,114.5496,30.5038
243347.7342,100218,203,-0.5938,0.2600,0.4419,66.7481,112.6260,25.7557
243347.7342,100228,203,-0.5554,0.2505,0.4172,70.0153,108.7328,22.8244
243347.7342,100238,203,-0.5359,0.2444,0.3816,72.4275,104.9466,20.6870
243347.7342,100248,203,-0.4993,0.2651,0.3601,75.0534,101.6489,17.8473
243347.7342,100258,203,-0.4993,0.2615,0.3240,78.4885,101.4504,13.7405
243347.9166,100268,204,-0.4934,0.2834,0.2947,82.0000,99.8779,6.8092
243347.9166,100278,204,-0.4939,0.2910,0.2568,79.5420,96.3817,1.6031
243347.9166,100288,204,-0.4873,0.3137,0.2212,78.3206,91.6947,-5.0534
243347.9166,100298,204,-0.4700,0.3086,0.1772,78.0458,86.1221,-13.4809
243347.9166,100308,204,-0.4719,0.3010,0.1511,78.4885,81.2824,-23.3588
243347.9166,100318,204,-0.4685,0.3040,0.1335,76.9771,75.7099,-34.2748
243347.9166,100328,204,-0.4744,0.2852,0.1328,71.0687,70.7328,-43.7710
243347.9166,100338,204,-0.4744,0.2686,0.1284,65.6794,65.9389,-52.4733
243347.9166,100348,204,-0.4482,0.2664,0.1282,60.7481,61.6031,-61.3740
243347.9166,100358,204,-0.4436,0.2527,0.1143,56.3511,58.9160,-69.8931
243347.9815,100368,205,-0.4065,0.2517,0.0852,55.4198,55.0687,-78.3053
243347.9815,100378,205,-0.3625,0.1904,0.0159,53.7557,50.7481,-87.6641
243347.9815,100388,205,-0.3362,0.1670,-0.0032,55.4962,47.9695,-95.8779
243347.9815,100398,205,-0.2930,0.0894,-0.0337,55.0687,42.7481,-102.3664
243347.9815,100408,205,-0.2754,0.0222,-0.0674,53.0382,38.0611,-106.8092
243347.9815,100418,205,-0.2419,-0.0227,-0.1213,52.8550,32.2595,-109.2519
243347.9815,100428,205,-0.2224,-0.0815,-0.1543,54.1679,26.7634,-112.1069
243347.9815,100438,205,-0.1831,-0.1057,-0.1521,57.2214,21.3740,-115.2672
243347.9815,100448,205,-0.1672,-0.1650,-0.1809,54.9466,17.6947,-118.8550
243347.9815,100458,205,-0.1763,-0.2188,-0.2366,51.2366,12.8092,-122.2137
243348.0342,100468,206,-0.1531,-0.2463,-0.2566,49.5573,2.7481,-126.1374
243348.0342,100478,206,-0.1484,-0.3020,-0.2510,47.5267,-7.6794,-131.0076
243348.0342,100488,206,-0.1289,-0.3826,-0.2361,46.4580,-18.9160,-137.1908
243348.0342,100498,206,-0.1130,-0.4614,-0.2136,44.8092,-30.1221,-142.6718
243348.0342,100508,206,-0.1047,-0.5356,-0.1768,41.7557,-40.5649,-146.4580
243348.0342,100518,206,-0.0869,-0.6533,-0.1482,36.6565,-49.3130,-149.5878
243348.0342,100528,206,-0.0754,-0.7886,-0.0784,30.8702,-55.8931,-150.7939
243348.0342,100538,206,-0.0715,-0.9048,0.0127,26.7023,-61.3588,-147.7099
243348.0342,100548,206,-0.0840,-1.0376,0.0159,19.5725,-63.8779,-139.7863
243348.0342,100558,206,-0.1357,-1.1267,-0.0186,16.0000,-63.7252,-126.0000
243348.2163,100568,207,-0.1919,-1.1484,-0.0352,19.6947,-66.7939,-109.2824
243348.2163,100578,207,-0.2275,-1.0930,-0.0029,26.3206,-73.3588,-94.4580
243348.2163,100588,207,-0.2495,-1.0352,0.0657,30.3664,-80.9466,-83.8931
243348.2163,100598,207,-0.2988,-0.9785,0.1555,30.3206,-85.6031,-77.6641
243348.2163,100608,207,-0.3535,-0.9272,0.1978,23.9084,-88.7328,-74.1985
243348.2163,100618,207,-0.4065,-0.9355,0.2161,14.8244,-92.1527,-73.1908
243348.2163,100628,207,-0.4233,-0.9836,0.2593,10.0763,-98.3969,-74.1679
243348.2163,100638,207,-0.4385,-1.0430,0.3398,7.1298,-104.5038,-74.9618
243348.2163,100648,207,-0.4326,-1.1770,0.3840,1.5725,-108.1069,-74.3969
243348.2163,100658,207,-0.4690,-1.3015,0.3860,-3.8015,-110.2901,-68.1527
243348.3321,100668,208,-0.4526,-1.3879,0.3630,-6.8855,-116.2595,-55.2977
243348.3321,100678,208,-0.4800,-1.4363,0.3535,-3.5725,-116.3817,-36.6412
243348.3321,100688,208,-0.5039,-1.3704,0.3591,7.6489,-116.1832,-15.6489
243348.3321,100698,208,-0.5635,-1.2539,0.3997,18.3817,-116.1527,3.4046
243348.3321,100708,208,-0.6233,-1.1250,0.4880,24.4427,-118.6565,16.5344
243348.3321,100718,208,-0.6958,-1.0405,0.4971,21.5725,-119.8473,24.3817
243348.3321,100728,208,-0.7998,-0.9951,0.5166,14.1679,-120.6565,28.1985
243348.3321,100738,208,-0.8547,-1.0386,0.5022,4.1374,-125.3282,30.1527
243348.3321,100748,208,-0.8770,-1.1035,0.5217,-1.4656,-130.1069,33.4504
243348.3321,100758,208,-0.8804,-1.1516,0.5857,0.5496,-134.4275,38.7328
243348.3413,100768,209,-0.8896,-1.1279,0.8145,7.1908,-131.5267,57.4504
243348.3413,100778,209,-0.9265,-1.0449,0.8506,4.8092,-124.7328,70.0000
243348.3413,100788,209,-0.9878,-0.9622,0.9099,2.5496,-118.7939,78.3053
243348.3413,100798,209,-1.0459,-0.9111,0.9436,2.5038,-112.8092,82.3511
243348.3413,100808,209,-1.0674,-0.8816,0.9888,2.7023,-108.8702,83.6489
243348.3413,100818,209,-1.0720,-0.9114,1.0344,1.2061,-104.6260,83.6947
243348.3413,100828,209,-1.0554,-0.9460,1.0769,-4.4275,-101.4504,86.3511
243348.3413,100838,209,-1.0317,-0.9292,1.1477,-12.1527,-99.3282,94.0305
243348.3413,100848,209,-0.9746,-0.8821,1.2383,-18.0000,-94.7939,103.4809
243348.3413,100858,209,-0.9873,-0.7712,1.2922,-20.4733,-81.9542,112.5802
243348.5781,100868,210,-0.9954,-0.6201,1.2581,-20.2290,-65.5573,120.3053
243348.5781,100878,210,-1.0242,-0.4773,1.1943,-17.3130,-49.8168,122.9160
243348.5781,100888,210,-1.0159,-0.3875,1.1162,-17.7710,-38.5954,119.5878
243348.5781,100898,210,-1.0320,-0.3616,1.0017,-23.1298,-29.4198,114.3053
243348.5781,100908,210,-1.0249,-0.3521,0.8975,-28.8855,-25.1450,109.8015
243348.5781,100918,210,-1.0154,-0.3738,0.8269,-33.5267,-23.1298,107.3588
243348.5781,100928,210,-1.0061,-0.3894,0.8291,-32.3817,-23.0229,107.0076
243348.5781,100938,210,-0.9875,-0.3816,0.8896,-27.5573,-22.1679,108.4733
243348.5781,100948,210,-0.9912,-0.3271,0.9722,-22.8855,-18.1221,110.7634
243348.5781,100958,210,-0.9866,-0.2690,1.0479,-21.0687,-11.4962,113.6947
243348.6417,100968,211,-1.0088,-0.1997,1.1160,-16.1069,-2.9924,114.5344
243348.6417,100978,211,-0.9834,-0.1277,1.1543,-13.1603,3.8321,112.6412
243348.6417,100988,211,-0.9890,-0.1018,1.1206,-15.9542,11.9389,110.1527
243348.6417,100998,211,-0.9912,-0.0725,1.0999,-15.6794,17.0076,107.3740
243348.6417,101008,211,-0.9722,-0.0178,1.1335,-10.6718,18.7481,102.4580
243348.6417,101018,211,-0.9548,0.0205,1.1870,-8.7023,21.9084,97.1298
243348.6417,101028,211,-0.9231,0.0637,1.2288,-10.9008,26.8550,91.9389
243348.6417,101038,211,-0.9023,0.0586,1.2427,-11.2672,34.9160,86.4885
243348.6417,101048,211,-0.8735,0.0344,1.2327,-6.7023,44.0763,80.6412
243348.6417,101058,211,-0.8596,0.0564,1.2234,-0.7023,52.4885,76.7786
243348.6939,101068,212,-0.8340,0.0691,1.1965,2.0000,60.5649,74.1527
243348.6939,101078,212,-0.8179,0.0674,1.1506,3.1450,68.9771,70.9771
243348.6939,101088,212,-0.8176,0.0747,1.0947,3.6336,75.8931,69.1298
243348.6939,101098,212,-0.8081,0.0945,1.0327,3.9695,80.3817,68.5038
243348.6939,101108,212,-0.7920,0.1311,0.9983,6.1221,83.6031,67.9542
243348.6939,101118,212,-0.7734,0.1792,0.9788,9.0992,85.2824,67.4962
243348.6939,101128,212,-0.7617,0.2717,0.9653,12.6870,86.2137,66.6107
243348.6939,101138,212,-0.7209,0.3689,0.9944,14.8702,86.9924,64.2595
243348.6939,101148,212,-0.7000,0.3901,1.0112,16.3359,90.3053,57.5420
243348.6939,101158,212,-0.6750,0.3730,0.9927,20.7634,96.0611,49.4809
243348.6964,101168,213,-0.6479,0.4062,0.9756,28.1985,100.6718,43.4809
243348.6964,101178,213,-0.5964,0.4204,0.9536,30.3817,104.5191,39.9695
243348.6964,101188,213,-0.5781,0.4043,0.8923,32.5802,110.3969,36.9313
243348.6964,101198,213,-0.5295,0.3708,0.7913,39.4504,115.4962,31.6489
243348.6964,101208,213,-0.5439,0.3521,0.6824,46.1221,120.5344,28.8244
243348.6964,101218,213,-0.5332,0.4202,0.6250,53.5573,119.4046,29.0992
243348.6964,101228,213,-0.4922,0.4429,0.5571,57.0382,117.0992,25.7252
243348.6964,101238,213,-0.4775,0.4404,0.4993,62.4885,116.9618,19.9237
243348.6964,101248,213,-0.4771,0.4524,0.4231,67.3435,115.5267,13.8473
243348.6964,101258,213,-0.4727,0.4426,0.3276,68.7939,110.5954,7.5115
243348.8147,101268,214,-0.4578,0.4326,0.2712,71.0534,103.3282,0.2137
243348.8147,101278,214,-0.4399,0.4065,0.2200,73.2519,95.9847,-7.5420
243348.8147,101288,214,-0.4285,0.3950,0.1880,74.6107,90.2137,-14.8550
243348.8147,101298,214,-0.4226,0.3657,0.1562,75.3588,84.3664,-21.2672
243348.8147,101308,214,-0.3767,0.3433,0.1482,77.4046,77.6031,-27.2519
243348.8147,101318,214,-0.3689,0.3455,0.1445,80.4427,73.8321,-32.0458
243348.8147,101328,214,-0.3438,0.3613,0.1167,84.7328,69.7099,-36.7786
243348.8147,101338,214,-0.3496,0.3582,0.0815,88.5954,65.5420,-43.1756
243348.8147,101348,214,-0.3376,0.3379,0.0388,89.2061,59.1908,-50.7786
243348.8147,101358,214,-0.3525,0.2957,0.0054,87.8168,53.2061,-58.4122
243348.9923,101368,215,-0.3623,0.2917,-0.0320,84.9771,46.5496,-65.9237
243348.9923,101378,215,-0.3354,0.2449,-0.0361,82.3664,38.9313,-72.2748
243348.9923,101388,215,-0.3333,0.1938,-0.0330,83.7252,33.5420,-79.7863
243348.9923,101398,215,-0.3186,0.1311,-0.0391,82.6870,27.5725,-86.4580
243348.9923,101408,215,-0.3171,0.0662,-0.0437,80.1221,21.1908,-91.8626
243348.9923,101418,215,-0.3052,0.0256,-0.0320,78.0000,13.9542,-96.5649
243348.9923,101428,215,-0.2932,0.0010,-0.0220,76.9924,7.5420,-100.0916
243348.9923,101438,215,-0.2891,-0.0208,-0.0354,77.8626,0.9160,-105.6336
243348.9923,101448,215,-0.2935,-0.0854,-0.0649,78.1832,-6.9618,-113.0687
243348.9923,101458,215,-0.2773,-0.1541,-0.0562,77.1145,-15.6489,-122.3817
243348.9945,101468,216,-0.2356,-0.2852,-0.0498,71.1756,-22.2595,-132.9618
243348.9945,101478,216,-0.2490,-0.4290,-0.1023,64.0763,-25.1756,-143.1298
243348.9945,101488,216,-0.2307,-0.6221,-0.1362,53.8779,-33.6031,-150.5344
243348.9945,101498,216,-0.2109,-0.7632,-0.0789,47.5115,-43.8626,-151.2214
243348.9945,101508,216,-0.1802,-0.8315,0.0229,46.3817,-50.7939,-146.0763
243348.9945,101518,216,-0.1589,-0.8892,0.1174,46.2748,-54.3053,-138.5191
243348.9945,101528,216,-0.1917,-0.9038,0.1648,47.9542,-54.1679,-129.7863
243348.9945,101538,216,-0.2048,-0.8896,0.1755,51.4198,-54.0153,-121.9695
243348.9945,101548,216,-0.2278,-0.8472,0.1335,54.7023,-55.9084,-116.9313
243348.9945,101558,216,-0.2808,-0.8149,0.0806,62.7634,-58.7023,-118.5954
243349.1740,101568,217,-0.3328,-0.8379,0.0938,73.4962,-65.6794,-125.5115
243349.1740,101578,217,-0.3042,-0.8525,0.2080,84.4275,-78.0916,-134.4580
243349.1740,101588,217,-0.3296,-0.9377,0.2776,81.7099,-81.6031,-135.9389
243349.1740,101598,217,-0.4160,-1.0237,0.3491,72.7481,-83.3282,-129.4504
243349.1740,101608,217,-0.3027,-1.0393,0.4695,65.8626,-97.5420,-116.8092
243349.1740,101618,217,-0.3962,-1.1167,0.4651,52.4427,-94.0916,-101.7863
243349.1740,101628,217,-0.4041,-1.1936,0.4309,44.3511,-96.2443,-88.3817
243349.1740,101638,217,-0.3777,-1.2700,0.3894,37.4198,-102.3511,-75.0687
243349.1740,101648,217,-0.3774,-1.3669,0.3315,29.6183,-105.0382,-60.4427
243349.1740,101658,217,-0.3955,-1.4495,0.3264,25.9389,-108.9160,-44.6107
243349.2926,101668,218,-0.3596,-1.5112,0.3728,26.8397,-116.1985,-26.8092
243349.2926,101678,218,-0.3748,-1.5042,0.4751,28.9618,-118.9618,-8.3511
243349.2926,101688,218,-0.4187,-1.4575,0.5706,26.2137,-119.9237,11.6947
243349.2926,101698,218,-0.4875,-1.3521,0.6599,19.3740,-122.3817,32.0153
243349.2926,101708,218,-0.5381,-1.2104,0.7781,12.1832,-123.5115,49.8779
243349.2926,101718,218,-0.6191,-1.0920,0.8472,7.9237,-119.9084,60.8702
243349.2926,101728,218,-0.6995,-1.0730,0.8281,3.0687,-115.6031,65.4046
243349.2926,101738,218,-0.7168,-1.1001,0.8005,-3.2214,-117.4962,68.7328
243349.2926,101748,218,-0.7197,-1.1619,0.7917,-11.1603,-121.4198,73.9084
243349.2926,101758,218,-0.6921,-1.1990,0.8311,-13.4351,-124.3664,81.3893
243349.3538,101768,219,-0.7361,-1.0994,0.9624,-13.5725,-122.6718,93.3740
243349.3538,101778,219,-0.7891,-0.9329,1.0752,-17.6489,-115.2519,107.0229
243349.3538,101788,219,-0.8506,-0.7571,1.1365,-22.0916,-103.6031,116.9924
243349.3538,101798,219,-0.9351,-0.6096,1.1716,-22.1221,-90.8397,122.0611
243349.3538,101808,219,-0.9695,-0.5085,1.1716,-21.4809,-82.4122,122.4885
243349.3538,101818,219,-0.9624,-0.4646,1.1479,-25.6641,-76.1679,119.6183
243349.3538,101828,219,-0.9688,-0.4622,1.1052,-29.8168,-69.1908,116.1832
243349.3538,101838,219,-0.9736,-0.4756,1.0862,-31.9237,-64.7634,113.3740
243349.3538,101848,219,-1.0007,-0.4463,1.1011,-35.5420,-61.8626,112.4580
243349.3538,101858,219,-1.0059,-0.4043,1.1313,-38.5344,-58.3359,111.9695
243349.4151,101868,220,-1.0176,-0.3655,1.1470,-39.2519,-51.7557,109.9084
243349.4151,101878,220,-1.0435,-0.2913,1.1379,-39.5267,-42.2443,108.7176
243349.4151,101888,220,-1.0569,-0.2205,1.1138,-40.9924,-34.1679,106.1069
243349.4151,101898,220,-1.0457,-0.2041,1.0776,-43.9542,-27.2214,100.7176
243349.4151,101908,220,-1.0503,-0.2239,1.0251,-44.0153,-18.5649,94.9924
243349.4151,101918,220,-1.0420,-0.2441,0.9580,-43.0229,-12.5038,90.2748
243349.4151,101928,220,-1.0247,-0.2649,0.9351,-41.9847,-8.1527,87.1450
243349.4151,101938,220,-1.0195,-0.2693,0.9841,-38.7786,-5.0229,85.2824
243349.4151,101948,220,-0.9719,-0.2712,1.0806,-36.4580,-4.6260,83.0534
243349.4151,101958,220,-0.9514,-0.2761,1.1748,-37.9542,0.1221,80.6565
243349.5929,101968,221,-0.9319,-0.2622,1.2769,-39.4351,8.9160,79.5573
243349.5929,101978,221,-0.9133,-0.2871,1.2959,-40.7176,18.6718,80.1679
243349.5929,101988,221,-0.8931,-0.2842,1.3000,-38.3817,27.9237,83.2519
243349.5929,101998,221,-0.9053,-0.2122,1.2930,-31.0076,38.2290,89.1298
243349.5929,102008,221,-0.9053,-0.1287,1.2390,-26.0000,47.2214,94.1832
243349.5929,102018,221,-0.9075,-0.0354,1.1951,-21.8168,55.0840,97.0992
243349.5929,102028,221,-0.9170,0.0808,1.1724,-18.8092,61.1603,98.5649
243349.5929,102038,221,-0.9329,0.1665,1.1519,-18.0153,66.6260,96.3817
243349.5929,102048,221,-0.9248,0.2676,1.1697,-18.0458,69.6183,91.2519
243349.5929,102058,221,-0.9150,0.3486,1.2131,-19.3130,72.9771,83.0992
243349.6532,102068,222,-0.9172,0.3511,1.2117,-23.1298,77.2366,72.1832
243349.6532,102078,222,-0.8752,0.3291,1.2014,-24.8550,82.3664,60.7023
243349.6532,102088,222,-0.8689,0.2642,1.1531,-25.8321,88.5954,53.7710
243349.6532,102098,222,-0.8269,0.2124,1.0955,-24.3053,93.5267,50.0305
243349.6532,102108,222,-0.8140,0.1548,1.0186,-21.1145,99.1908,48.7481
243349.6532,102118,222,-0.7856,0.1404,0.9761,-17.1756,102.6565,49.3893
243349.6532,102128,222,-0.7749,0.1758,0.9370,-12.9313,104.6718,52.0611
243349.6532,102138,222,-0.7593,0.2351,0.9365,-6.7176,106.1527,53.2061
243349.6532,102148,222,-0.7412,0.3154,0.9429,-1.3282,109.6489,52.6260
243349.6532,102158,222,-0.7275,0.3940,0.9124,0.2595,114.7023,50.7481
243349.7742,102168,223,-0.7126,0.4512,0.8560,2.0916,119.3435,46.8244
243349.7742,102178,223,-0.6965,0.4814,0.7998,5.9084,123.9695,40.8397
243349.7742,102188,223,-0.6711,0.4985,0.7429,9.0076,128.4122,34.0458
243349.7742,102198,223,-0.6504,0.4773,0.6711,8.2595,133.1145,27.6794
243349.7742,102208,223,-0.6284,0.4553,0.5879,9.9847,135.0840,22.7634
243349.7742,102218,223,-0.5994,0.4360,0.5176,14.7328,133.2366,20.2290
243349.7742,102228,223,-0.5527,0.4099,0.4421,20.4885,131.1298,18.1221
243349.7742,102238,223,-0.5435,0.4211,0.3799,28.1221,130.2137,17.2366
243349.7742,102248,223,-0.4980,0.4346,0.3164,34.7328,125.7099,17.0687
243349.7742,102258,223,-0.4541,0.4302,0.2529,42.4580,121.9084,14.9924
243349.8993,102268,224,-0.4402,0.4360,0.1848,51.4198,118.6718,11.0382
243349.8993,102278,224,-0.4326,0.4304,0.1150,55.3740,113.1145,7.1756
243349.8993,102288,224,-0.4382,0.4507,0.0647,58.0611,106.0916,2.7634
243349.8993,102298,224,-0.4253,0.4443,0.0229,62.5802,98.2595,-3.7405
243349.8993,102308,224,-0.4109,0.4106,0.0081,69.0687,91.4046,-11.8779
243349.8993,102318,224,-0.4172,0.3672,-0.0203,74.0305,86.6565,-19.6794
243349.8993,102328,224,-0.4114,0.3057,-0.0679,75.4504,80.2901,-25.6031
243349.8993,102338,224,-0.4067,0.2607,-0.0579,77.9847,72.8244,-29.5878
243349.8993,102348,224,-0.4170,0.2371,-0.0637,80.5191,67.4046,-32.6412
243349.8993,102358,224,-0.4343,0.2239,-0.0986,82.2901,62.4122,-35.6947
243349.9536,102368,225,-0.4438,0.2302,-0.1292,84.3817,54.9008,-38.8397
243349.9536,102378,225,-0.4436,0.2166,-0.1479,87.7405,45.6031,-43.5878
243349.9536,102388,225,-0.4348,0.2305,-0.1013,92.5038,36.6107,-51.7557
243349.9536,102398,225,-0.4380,0.1895,-0.0811,91.0076,29.0076,-61.6947
243349.9536,102408,225,-0.4116,0.1179,-0.0657,85.9542,19.7557,-72.2595
243349.9536,102418,225,-0.3816,0.0344,-0.0356,81.6641,11.9237,-82.2443
243349.9536,102428,225,-0.3501,-0.0442,-0.0171,79.2672,5.0840,-90.8397
243349.9536,102438,225,-0.3181,-0.1038,-0.0083,76.7634,-3.0687,-97.8015
243349.9536,102448,225,-0.2603,-0.1404,0.0364,75.1450,-11.9695,-103.7405
243349.9536,102458,225,-0.2161,-0.1970,0.0774,72.8855,-18.7481,-110.2137
243350.0147,102468,226,-0.1863,-0.2856,0.0532,69.7252,-23.4656,-116.7481
243350.0147,102478,226,-0.1470,-0.3914,-0.0120,65.8168,-28.2443,-122.4885
243350.0147,102488,226,-0.1270,-0.5139,-0.0728,61.8168,-34.4122,-126.5649
243350.0147,102498,226,-0.1301,-0.6228,-0.1235,59.2061,-41.9389,-128.3053
243350.0147,102508,226,-0.1296,-0.7502,-0.1504,58.4733,-51.9542,-128.4122
243350.0147,102518,226,-0.1519,-0.8828,-0.1267,56.1985,-61.3588,-126.4733
243350.0147,102528,226,-0.1709,-0.9646,-0.0715,53.3588,-68.6107,-118.3969
243350.0147,102538,226,-0.1887,-0.9993,-0.0078,51.7863,-74.2901,-105.7252
243350.0147,102548,226,-0.2219,-0.9846,0.0510,54.9466,-77.0076,-91.1756
243350.0147,102558,226,-0.2700,-0.9211,0.1270,62.1069,-78.3511,-78.6260
243350.1996,102568,227,-0.3342,-0.8914,0.1873,64.4275,-80.6412,-71.4198
243350.1996,102578,227,-0.3774,-0.9277,0.2244,56.9771,-85.6794,-68.0763
243350.1996,102588,227,-0.4138,-0.9924,0.2219,46.1527,-90.6718,-65.4198
243350.1996,102598,227,-0.4375,-1.0615,0.2136,37.3130,-95.4198,-61.1298
243350.1996,102608,227,-0.4233,-1.0908,0.2512,32.2748,-99.3130,-53.7710
243350.1996,102618,227,-0.4404,-1.0955,0.2598,30.8855,-100.7786,-44.2443
243350.1996,102628,227,-0.4553,-1.0703,0.2734,32.2748,-102.5191,-34.4122
243350.1996,102638,227,-0.5161,-1.0295,0.2844,33.9695,-103.2214,-24.9771
243350.1996,102648,227,-0.5605,-0.9954,0.2947,33.4809,-106.8702,-18.1069
243350.1996,102658,227,-0.5840,-0.9871,0.3203,28.3969,-114.7481,-14.2137
243350.2529,102668,228,-0.6287,-1.0107,0.3931,21.3740,-123.6336,-12.1679
243350.2529,102678,228,-0.6453,-1.0833,0.4971,15.1756,-132.3359,-10.5649
243350.2529,102688,228,-0.6765,-1.1526,0.5979,9.9542,-137.1908,-8.2901
243350.2529,102698,228,-0.6965,-1.2429,0.6858,3.0076,-138.1527,-2.2901
243350.2529,102708,228,-0.6987,-1.3154,0.7568,-3.7405,-137.1450,7.5267
243350.2529,102718,228,-0.7405,-1.3389,0.8340,-10.8092,-134.2137,22.2901
243350.2529,102728,228,-0.7739,-1.2646,0.8928,-12.2290,-128.7481,41.0992
243350.2529,102738,228,-0.8193,-1.1238,0.9270,-12.2901,-119.8779,58.2137
243350.2529,102748,228,-0.8892,-0.9758,0.8992,-15.5878,-108.8702,71.2061
243350.2529,102758,228,-0.9561,-0.8660,0.8765,-19.4962,-100.4580,78.0153
243350.3154,102768,229,-1.0120,-0.7861,0.8472,-25.4504,-95.9237,80.3359
243350.3154,102778,229,-1.0273,-0.7661,0.8159,-32.0611,-94.0305,80.0305
243350.3154,102788,229,-1.0398,-0.7510,0.8247,-38.3664,-93.5267,80.0000
243350.3154,102798,229,-1.0417,-0.7173,0.8640,-42.3664,-92.6412,82.3664
243350.3154,102808,229,-1.0347,-0.6609,0.9285,-44.6870,-90.5344,85.0687
243350.3154,102818,229,-1.0444,-0.5869,0.9929,-46.2595,-85.2519,88.0305
243350.3154,102828,229,-1.0503,-0.5024,1.0674,-46.6412,-78.3511,89.5725
243350.3154,102838,229,-1.0615,-0.4294,1.0999,-46.2901,-69.0076,89.0687
243350.3154,102848,229,-1.0605,-0.3804,1.0825,-46.3969,-59.3588,86.3664
243350.3154,102858,229,-1.0486,-0.3721,1.0054,-49.7099,-51.2519,81.9695
243350.4341,102868,230,-1.0442,-0.4026,0.8843,-56.1527,-44.7939,76.2748
243350.4341,102878,230,-1.0361,-0.4963,0.7383,-64.5954,-40.5954,70.3817
243350.4341,102888,230,-1.0293,-0.5740,0.6360,-68.9618,-40.0153,68.5496
243350.4341,102898,230,-1.0454,-0.5781,0.6587,-67.4809,-43.7863,70.8702
243350.4341,102908,230,-1.0381,-0.5737,0.7927,-64.6870,-51.3435,73.2977
243350.4341,102918,230,-1.0212,-0.5835,0.9814,-63.0382,-55.8931,75.0840
243350.4341,102928,230,-0.9919,-0.5708,1.1558,-63.9542,-53.0076,78.7023
243350.4341,102938,230,-1.0151,-0.5344,1.2808,-64.2595,-42.1374,85.1603
243350.4341,102948,230,-1.0068,-0.4397,1.3918,-59.6489,-32.5191,93.4046
243350.4341,102958,230,-0.9888,-0.3213,1.5159,-53.4962,-21.6794,99.8626
243350.5633,102968,231,-0.9661,-0.2222,1.5676,-49.2977,-6.9771,103.2824
243350.5633,102978,231,-0.9631,-0.1355,1.5342,-47.4504,9.8473,105.4504
243350.5633,102988,231,-0.9531,-0.0525,1.4766,-47.5420,24.2290,106.2748
243350.5633,102998,231,-0.9700,0.0366,1.4133,-48.2443,34.8092,106.3053
243350.5633,103008,231,-0.9534,0.1296,1.3662,-49.1908,41.6641,105.0687
243350.5633,103018,231,-0.9539,0.2249,1.3669,-47.9237,49.8626,101.7557
243350.5633,103028,231,-0.9717,0.3013,1.3347,-45.9847,57.8779,95.4809
243350.5633,103038,231,-0.9443,0.3162,1.2854,-46.3969,63.6947,86.9313
243350.5633,103048,231,-0.9351,0.3015,1.2498,-42.3206,70.7023,79.1450
243350.5633,103058,231,-0.9146,0.3076,1.2153,-36.9924,76.9160,73.3282
243350.6142,103068,232,-0.8948,0.3127,1.1670,-33.8931,81.8321,70.0000
243350.6142,103078,232,-0.8564,0.3369,1.1067,-30.4580,86.0305,68.0763
243350.6142,103088,232,-0.8159,0.3745,1.0432,-25.4198,91.9542,66.2901
243350.6142,103098,232,-0.8113,0.3933,0.9504,-18.9160,101.0534,63.0382
243350.6142,103108,232,-0.8213,0.4094,0.8357,-12.8855,106.2595,59.3130
243350.6142,103118,232,-0.7932,0.4128,0.7610,-8.4733,106.1832,56.1985
243350.6142,103128,232,-0.7629,0.4058,0.7390,-3.4198,106.7176,52.7939
243350.6142,103138,232,-0.7466,0.3835,0.7112,3.4046,110.9313,49.5573
243350.6142,103148,232,-0.7356,0.3889,0.6814,11.0840,114.3664,48.5344
243350.6142,103158,232,-0.7253,0.4128,0.6543,18.3359,113.4198,48.4122
243350.7977,103168,233,-0.6738,0.4612,0.6516,26.4427,113.1908,46.7634
243350.7977,103178,233,-0.6650,0.4932,0.6218,34.7481,119.1756,42.5191
243350.7977,103188,233,-0.6782,0.4766,0.5278,40.0458,122.3053,37.3130
243350.7977,103198,233,-0.6699,0.4756,0.4451,45.8015,119.5725,31.6336
243350.7977,103208,233,-0.6426,0.4685,0.3884,49.2366,115.0534,26.2137
243350.7977,103218,233,-0.6306,0.4641,0.3623,52.5038,112.1069,21.2519
243350.7977,103228,233,-0.6194,0.4780,0.3347,57.1145,109.5573,17.1603
243350.7977,103238,233,-0.6062,0.5281,0.3276,63.1756,105.7252,12.6718
243350.7977,103248,233,-0.5925,0.5669,0.3303,67.9695,102.2595,7.2214
243350.7977,103258,233,-0.5730,0.6213,0.3469,72.9771,102.2290,-1.7405
243350.9126,103268,234,-0.5522,0.6079,0.3103,75.8779,103.6336,-13.5420
243350.9126,103278,234,-0.5073,0.5464,0.2307,76.6412,102.1374,-26.6412
243350.9126,103288,234,-0.4907,0.3953,0.1536,74.5344,99.1145,-38.9313
243350.9126,103298,234,-0.4507,0.2832,0.0972,76.1069,92.4122,-48.7176
243350.9126,103308,234,-0.3943,0.1580,0.0579,76.2595,84.9160,-53.6031
243350.9126,103318,234,-0.3804,0.0300,0.0078,78.2290,80.8702,-56.3817
243350.9126,103328,234,-0.3650,-0.0601,-0.0454,83.0992,75.8931,-55.6641
243350.9126,103338,234,-0.3525,-0.0933,-0.0500,89.3130,70.2748,-52.9771
243350.9126,103348,234,-0.3762,-0.0913,-0.0439,91.8473,67.2061,-49.7557
243350.9126,103358,234,-0.3770,-0.1040,-0.0652,91.8931,62.8092,-47.6489
243350.9145,103368,235,-0.3801,-0.1030,-0.0906,92.7176,56.6260,-46.8244
243350.9145,103378,235,-0.3774,-0.0737,-0.1016,93.2977,50.0763,-46.8855
243350.9145,103388,235,-0.3594,-0.0615,-0.1082,94.5038,42.1527,-49.4809
243350.9145,103398,235,-0.3608,-0.0298,-0.0864,96.0916,33.7405,-54.8855
243350.9145,103408,235,-0.3315,0.0007,-0.0356,92.0305,23.2824,-62.6870
243350.9145,103418,235,-0.2874,-0.0483,-0.0132,82.2748,13.8321,-73.0687
243350.9145,103428,235,-0.2334,-0.1348,-0.0115,73.9847,6.1069,-83.5115
243350.9145,103438,235,-0.1843,-0.2583,-0.0391,68.1069,-0.7023,-91.3588
243350.9145,103448,235,-0.1450,-0.3711,-0.0825,64.6718,-7.7405,-96.0305
243350.9145,103458,235,-0.1348,-0.4431,-0.0923,62.8702,-15.3893,-98.3359
243351.0937,103468,236,-0.1245,-0.5039,-0.0798,59.5115,-24.4122,-99.3282
243351.0937,103478,236,-0.1326,-0.5591,-0.0518,55.5878,-33.4962,-99.5573
243351.0937,103488,236,-0.1348,-0.5913,-0.0259,51.9695,-42.1832,-98.5649
243351.0937,103498,236,-0.1423,-0.6135,0.0283,50.1679,-49.1756,-96.6412
243351.0937,103508,236,-0.1792,-0.6492,0.0444,48.5649,-51.5878,-93.6641
243351.0937,103518,236,-0.2231,-0.6772,-0.0061,48.2137,-51.5878,-88.0153
243351.0937,103528,236,-0.2734,-0.6558,-0.0518,50.7023,-53.7405,-80.5954
243351.0937,103538,236,-0.2947,-0.5994,-0.0830,54.3511,-57.9542,-74.5344
243351.0937,103548,236,-0.3469,-0.5562,-0.1033,56.3817,-61.7099,-73.6183
243351.0937,103558,236,-0.3789,-0.5645,-0.1326,51.6336,-69.7710,-77.9847
243351.1600,103568,237,-0.3999,-0.6492,-0.1487,41.1298,-82.1374,-84.2137
243351.1600,103578,237,-0.4004,-0.7976,-0.1306,33.4656,-94.0611,-89.6794
243351.1600,103588,237,-0.4026,-0.9609,-0.1208,30.9466,-102.0611,-90.9466
243351.1600,103598,237,-0.4072,-1.0928,-0.1006,32.8244,-109.4351,-85.4809
243351.1600,103608,237,-0.3962,-1.1492,-0.0100,37.9084,-118.6412,-73.5573
243351.1600,103618,237,-0.4102,-1.1611,0.1150,41.1145,-124.2748,-59.8931
243351.1600,103628,237,-0.4392,-1.1860,0.1624,39.6336,-129.5573,-47.9695
243351.1600,103638,237,-0.4619,-1.2041,0.2253,36.9618,-137.9389,-38.8092
243351.1600,103648,237,-0.4575,-1.2310,0.3635,33.2061,-145.8168,-32.2901
243351.1600,103658,237,-0.5293,-1.2852,0.4910,28.1221,-148.6870,-27.1908
243351.2236,103668,238,-0.5615,-1.3384,0.6279,21.8626,-156.2137,-21.0992
243351.2236,103678,238,-0.5540,-1.3613,0.8411,14.9160,-163.4198,-12.6870
243351.2236,103688,238,-0.6057,-1.4207,0.9675,6.8550,-157.8931,-1.4504
243351.2236,103698,238,-0.6365,-1.4622,0.9802,1.8168,-148.3053,11.0076
243351.2236,103708,238,-0.6726,-1.4880,0.9609,-1.5267,-139.5878,25.5420
243351.2236,103718,238,-0.7227,-1.4521,0.9458,-4.8702,-131.4656,41.8168
243351.2236,103728,238,-0.8230,-1.3303,0.9341,-11.8321,-123.9695,58.6565
243351.2236,103738,238,-0.9111,-1.1721,0.9314,-19.4504,-117.8168,72.9618
243351.2236,103748,238,-0.9856,-1.0295,0.9536,-24.8550,-113.3893,81.4198
243351.2236,103758,238,-1.0481,-0.9343,0.9373,-32.1374,-107.7557,86.2901
243351.4586,103768,239,-1.0791,-0.8669,0.9143,-38.0916,-102.6412,89.4504
243351.4586,103778,239,-1.0850,-0.8264,0.9089,-41.7863,-98.6412,91.4198
243351.4586,103788,239,-1.0942,-0.7646,0.9619,-45.6336,-93.9237,93.6336
243351.4586,103798,239,-1.1333,-0.6467,1.0085,-49.8168,-85.2672,97.5573
243351.4586,103808,239,-1.1548,-0.5574,1.0212,-52.3817,-75.7252,99.0382
243351.4586,103818,239,-1.1863,-0.4849,1.0210,-53.8779,-67.4656,96.1374
243351.4586,103828,239,-1.2041,-0.4287,1.0344,-56.0305,-61.1145,91.0992
243351.4586,103838,239,-1.1985,-0.4387,1.0291,-61.6947,-56.3817,84.1985
243351.4586,103848,239,-1.1689,-0.5125,1.0105,-67.5267,-52.5344,77.8473
243351.4586,103858,239,-1.1367,-0.5520,1.0085,-70.0458,-49.1756,75.2061
243351.5727,103868,240,-1.1104,-0.5801,1.0361,-71.2977,-45.2672,75.7710
243351.5727,103878,240,-1.0764,-0.6284,1.0571,-70.4733,-39.6183,77.3740
243351.5727,103888,240,-1.0581,-0.6453,1.0645,-67.1908,-32.3969,80.9313
243351.5727,103898,240,-1.0581,-0.6096,1.0876,-65.6183,-26.1069,87.1450
243351.5727,103908,240,-1.0249,-0.5603,1.1558,-63.9389,-20.0611,93.1756
243351.5727,103918,240,-1.0024,-0.5090,1.2024,-60.8244,-10.9618,97.5725
243351.5727,103928,240,-0.9944,-0.4370,1.2095,-58.9924,-0.3817,101.6031
243351.5727,103938,240,-0.9958,-0.3398,1.2122,-59.6794,8.8855,106.0000
243351.5727,103948,240,-0.9919,-0.2405,1.2244,-59.4504,17.4351,107.5725
243351.5727,103958,240,-1.0076,-0.1726,1.2107,-58.1221,26.2748,105.5878
243351.5747,103968,241,-1.0242,-0.1052,1.1929,-56.8550,32.9618,102.6107
243351.5747,103978,241,-1.0088,-0.0500,1.1873,-57.4809,36.7481,100.2443
243351.5747,103988,241,-1.0054,-0.0139,1.2332,-56.0763,42.2595,95.9084
243351.5747,103998,241,-1.0000,0.0107,1.2402,-52.1679,49.1908,90.8397
243351.5747,104008,241,-0.9863,0.0015,1.2078,-51.9389,56.7786,86.3206
243351.5747,104018,241,-0.9734,0.0205,1.1792,-51.5573,62.5344,85.7099
243351.5747,104028,241,-0.9446,0.1003,1.2021,-49.4656,66.5496,87.9084
243351.5747,104038,241,-0.8882,0.2031,1.2124,-47.0687,71.8015,90.1527
243351.5747,104048,241,-0.8862,0.3074,1.1741,-41.3282,81.7863,89.4962
243351.5747,104058,241,-0.8752,0.4084,1.1055,-37.1908,88.4885,86.1527
243351.7570,104068,242,-0.8540,0.4719,1.0266,-34.5496,91.1756,80.0916
243351.7570,104078,242,-0.8320,0.5002,0.9651,-31.5420,93.1908,70.8244
243351.7570,104088,242,-0.8093,0.4976,0.9216,-30.8855,95.5115,60.9924
243351.7570,104098,242,-0.8091,0.4968,0.8711,-30.7328,97.7252,53.0534
243351.7570,104108,242,-0.7832,0.4934,0.8403,-28.9008,98.2595,47.4046
243351.7570,104118,242,-0.7637,0.5247,0.8171,-21.7710,100.0305,43.0534
243351.7570,104128,242,-0.7463,0.5444,0.7563,-12.9160,103.6031,37.5267
243351.7570,104138,242,-0.7422,0.4780,0.6423,-7.9542,107.1908,30.6565
243351.7570,104148,242,-0.6838,0.4116,0.5674,-1.1756,106.5496,24.0916
243351.7570,104158,242,-0.6470,0.3157,0.5142,6.6718,105.1908,21.0992
243351.8206,104168,243,-0.6121,0.2834,0.4927,15.5573,104.8244,22.4427
243351.8206,104178,243,-0.5823,0.3037,0.4829,24.0000,104.4427,26.8397
243351.8206,104188,243,-0.5300,0.3374,0.4854,31.6794,102.9771,29.5420
243351.8206,104198,243,-0.5022,0.3677,0.4563,38.6260,104.4427,28.9771
243351.8206,104208,243,-0.4871,0.3972,0.3884,44.4885,107.1450,26.0611
243351.8206,104218,243,-0.5034,0.4204,0.3250,49.4504,105.6947,21.0534
243351.8206,104228,243,-0.4993,0.4680,0.2815,56.8702,101.6947,14.3969
243351.8206,104238,243,-0.5088,0.4524,0.2141,62.7939,98.6870,7.4351
243351.8206,104248,243,-0.5066,0.4465,0.1733,70.5954,94.8397,-4.2748
243351.8206,104258,243,-0.4910,0.3977,0.1313,73.4046,88.6565,-17.2366
243351.8742,104268,244,-0.4758,0.3003,0.1260,69.2519,82.7786,-26.7786
243351.8742,104278,244,-0.4753,0.2178,0.1265,67.1145,78.4275,-32.1527
243351.8742,104288,244,-0.4766,0.1699,0.1184,71.0840,75.2519,-35.1756
243351.8742,104298,244,-0.4597,0.1611,0.1111,78.2443,71.6489,-37.3130
243351.8742,104308,244,-0.4507,0.1438,0.1179,84.3053,68.8397,-40.4580
243351.8742,104318,244,-0.4482,0.1162,0.0884,87.0534,66.2748,-44.6565
243351.8742,104328,244,-0.4514,0.0652,0.0637,86.6260,61.2214,-49.4504
243351.8742,104338,244,-0.4250,0.0164,0.0806,86.3206,52.7023,-54.2901
243351.8742,104348,244,-0.4126,-0.0330,0.1101,85.1603,45.5725,-58.9618
243351.8742,104358,244,-0.3921,-0.1274,0.1096,82.2137,40.8397,-62.8550
243351.9348,104368,245,-0.3875,-0.1626,0.1252,81.9542,38.8092,-64.9771
243351.9348,104378,245,-0.3577,-0.1938,0.1382,79.5878,37.0076,-66.4580
243351.9348,104388,245,-0.3521,-0.2405,0.1074,75.6336,37.8168,-68.2901
243351.9348,104398,245,-0.3481,-0.2737,0.0383,72.5496,36.3969,-69.3130
243351.9348,104408,245,-0.3247,-0.3247,-0.0227,70.5802,32.8550,-69.9389
243351.9348,104418,245,-0.3081,-0.3533,-0.0554,73.5115,30.1985,-71.1603
243351.9348,104428,245,-0.3362,-0.3582,-0.1064,76.3053,27.9237,-72.9313
243351.9348,104438,245,-0.3342,-0.3745,-0.1367,74.3053,21.7405,-76.4275
243351.9348,104448,245,-0.3289,-0.4358,-0.1519,67.5725,13.7557,-81.4962
243351.9348,104458,245,-0.3318,-0.5186,-0.1553,62.3664,7.5115,-84.8397
243352.0541,104468,246,-0.3521,-0.6011,-0.1824,60.8550,2.4885,-85.5573
243352.0541,104478,246,-0.3413,-0.6633,-0.1987,63.1298,-3.9389,-81.5878
243352.0541,104488,246,-0.3557,-0.6555,-0.1968,69.9847,-8.2595,-74.1985
243352.0541,104498,246,-0.3899,-0.6011,-0.2458,74.7939,-9.3740,-66.1221
243352.0541,104508,246,-0.4150,-0.5195,-0.3218,76.1985,-13.3130,-61.9084
243352.0541,104518,246,-0.4451,-0.4792,-0.3560,74.2443,-22.0305,-62.6260
243352.0541,104528,246,-0.4485,-0.4644,-0.3823,70.7786,-34.4580,-67.2824
243352.0541,104538,246,-0.4746,-0.4956,-0.3757,65.3282,-49.4504,-73.4962
243352.0541,104548,246,-0.4487,-0.5359,-0.3083,60.9313,-67.1603,-80.0458
243352.0541,104558,246,-0.4341,-0.6213,-0.2329,58.5344,-79.3282,-87.0840
243352.1723,104568,247,-0.4089,-0.7310,-0.1790,59.8473,-89.5725,-93.1145
243352.1723,104578,247,-0.3923,-0.8240,-0.1257,61.6947,-98.6260,-94.6260
243352.1723,104588,247,-0.3708,-0.8621,-0.0308,61.7863,-104.8092,-91.4962
243352.1723,104598,247,-0.3748,-0.9150,0.0012,56.0916,-106.0763,-86.3206
243352.1723,104608,247,-0.3721,-0.9651,-0.0266,48.9466,-107.5420,-80.5038
243352.1723,104618,247,-0.3755,-1.0261,-0.0627,46.0305,-112.1221,-75.6336
243352.1723,104628,247,-0.3850,-1.1082,-0.0859,45.8626,-120.4885,-72.1832
243352.1723,104638,247,-0.3699,-1.2153,-0.0605,42.4275,-131.6794,-69.4351
243352.1723,104648,247,-0.3669,-1.3149,0.0457,35.5878,-141.2824,-63.4656
243352.1723,104658,247,-0.3850,-1.4062,0.1643,31.1145,-147.5420,-51.3740
243352.2346,104668,248,-0.4021,-1.4285,0.2981,31.8779,-152.9466,-34.5191
243352.2346,104678,248,-0.4478,-1.3638,0.4878,34.2137,-156.1069,-16.1069
243352.2346,104688,248,-0.5015,-1.3176,0.6465,31.5878,-158.3969,1.4809
243352.2346,104698,248,-0.5461,-1.2825,0.7737,26.5649,-158.2595,13.1145
243352.2346,104708,248,-0.5974,-1.2832,0.8813,20.7023,-154.5954,20.2901
243352.2346,104718,248,-0.6899,-1.2773,0.9558,13.2214,-149.8626,28.2137
243352.2346,104728,248,-0.7483,-1.2241,1.0408,4.0458,-144.3817,38.3359
243352.2346,104738,248,-0.8142,-1.1653,1.0808,-4.3359,-136.7328,48.3969
243352.2346,104748,248,-0.8667,-1.0869,1.1055,-10.2443,-127.0076,56.9008
243352.2346,104758,248,-0.9148,-1.0256,1.0911,-14.1832,-115.9237,61.8015
243352.3546,104768,249,-0.9482,-0.9868,1.0369,-20.1221,-105.6489,64.9008
243352.3546,104778,249,-0.9585,-0.9797,0.9658,-27.0534,-98.0000,68.0763
243352.3546,104788,249,-0.9556,-0.9802,0.9341,-31.4351,-93.7557,71.2977
243352.3546,104798,249,-0.9768,-0.9651,0.9028,-35.2977,-88.2901,76.8550
243352.3546,104808,249,-0.9749,-0.9268,0.8840,-39.0382,-84.2901,83.7405
243352.3546,104818,249,-0.9729,-0.8899,0.8818,-43.0534,-79.9847,88.8244
243352.3546,104828,249,-1.0007,-0.8801,0.8770,-47.8168,-73.8779,92.6412
243352.3546,104838,249,-1.0054,-0.8899,0.8408,-52.5038,-68.4885,97.2977
243352.3546,104848,249,-0.9995,-0.9048,0.8157,-55.1756,-64.5344,102.5496
243352.3546,104858,249,-0.9924,-0.9131,0.8110,-57.7863,-60.0763,110.8855
243352.4725,104868,250,-0.9929,-0.8657,0.8149,-58.0000,-53.9847,122.5496
243352.4725,104878,250,-0.9968,-0.7129,0.8889,-53.1908,-49.4962,135.1756
243352.4725,104888,250,-0.9919,-0.5190,0.9897,-45.8931,-45.8015,144.9313
243352.4725,104898,250,-1.0051,-0.3357,1.1082,-39.9542,-40.7328,148.2901
243352.4725,104908,250,-1.0220,-0.1843,1.2275,-37.9389,-35.2672,144.0763
243352.4725,104918,250,-1.0403,-0.0972,1.3193,-42.5496,-30.0916,133.5420
243352.4725,104928,250,-1.0552,-0.0955,1.3948,-51.5267,-24.9466,120.1679
243352.4725,104938,250,-1.0696,-0.1301,1.4507,-58.8092,-18.6565,108.1069
243352.4725,104948,250,-1.0603,-0.1519,1.5068,-61.9389,-10.8550,100.5802
243352.4725,104958,250,-1.0588,-0.1387,1.5134,-61.1756,1.1756,99.3893
243352.5348,104968,251,-1.0674,-0.1025,1.4854,-55.4809,14.5344,99.0076
243352.5348,104978,251,-1.0505,-0.0420,1.4727,-46.9771,26.3817,99.7405
243352.5348,104988,251,-1.0425,0.0298,1.4758,-41.1908,38.6260,99.6947
243352.5348,104998,251,-0.9932,0.0889,1.4558,-38.5038,50.1679,98.2748
243352.5348,105008,251,-0.9832,0.1455,1.3970,-36.1985,63.0992,95.8931
243352.5348,105018,251,-0.9675,0.1921,1.3230,-31.3282,73.3588,92.4580
243352.5348,105028,251,-0.9233,0.1899,1.2493,-27.1756,80.8397,86.8092
243352.5348,105038,251,-0.8958,0.1992,1.1843,-22.7481,87.3130,81.6489
243352.5348,105048,251,-0.8691,0.1768,1.1213,-22.1832,92.1527,78.4733
243352.5348,105058,251,-0.8457,0.1538,1.0896,-19.5878,96.0763,76.6870
243352.7178,105068,252,-0.8223,0.1345,1.0508,-13.7405,100.5496,76.6107
243352.7178,105078,252,-0.7971,0.1318,1.0261,-7.2824,106.1679,78.4122
243352.7178,105088,252,-0.7847,0.1650,0.9929,-0.0305,112.9618,81.6641
243352.7178,105098,252,-0.7649,0.2068,0.9534,6.1374,119.4198,84.0305
243352.7178,105108,252,-0.7607,0.2642,0.8948,11.6489,124.9466,85.0382
243352.7178,105118,252,-0.7300,0.3228,0.8420,15.5725,127.0534,84.2137
243352.7178,105128,252,-0.7002,0.3569,0.7920,19.5573,129.3435,81.0687
243352.7178,105138,252,-0.6702,0.3694,0.7166,25.6489,132.6718,75.9084
243352.7178,105148,252,-0.6438,0.3582,0.6389,29.2824,135.1603,71.0229
243352.7178,105158,252,-0.6177,0.3755,0.5696,33.0534,135.3740,68.8092
243352.8324,105168,253,-0.5781,0.3950,0.4958,37.7710,133.9084,66.6565
243352.8324,105178,253,-0.5320,0.4038,0.4414,43.4656,132.3359,64.1985
243352.8324,105188,253,-0.4917,0.4470,0.3926,52.2901,131.3740,61.9237
243352.8324,105198,253,-0.4746,0.5002,0.3286,60.2443,129.5725,58.4427
243352.8324,105208,253,-0.4497,0.5295,0.2581,65.6336,125.2061,52.9771
243352.8324,105218,253,-0.4233,0.5537,0.1802,69.8015,120.9160,45.9084
243352.8324,105228,253,-0.4236,0.5649,0.1101,73.7099,118.7939,36.7481
243352.8324,105238,253,-0.4148,0.5566,0.0393,76.5191,115.4046,26.3664
243352.8324,105248,253,-0.4114,0.5479,-0.0200,77.7252,111.2366,15.4962
243352.8324,105258,253,-0.4111,0.5173,-0.0747,77.7710,105.6183,4.5496
243352.8346,105268,254,-0.4033,0.5012,-0.0911,75.5725,98.0763,-5.1450
243352.8346,105278,254,-0.3953,0.4626,-0.1194,73.9389,91.1450,-13.6947
243352.8346,105288,254,-0.3789,0.4297,-0.1372,78.3664,84.9466,-21.5878
243352.8346,105298,254,-0.4048,0.4104,-0.1580,83.0840,80.2901,-28.2290
243352.8346,105308,254,-0.4319,0.4089,-0.1785,86.1985,74.0305,-33.9695
243352.8346,105318,254,-0.4482,0.4033,-0.1838,87.4656,65.2214,-41.2061
243352.8346,105328,254,-0.4407,0.3604,-0.1926,86.0763,55.3893,-50.2290
243352.8346,105338,254,-0.4558,0.3022,-0.1943,84.2290,46.9466,-59.0840
243352.8346,105348,254,-0.4370,0.2244,-0.1899,84.4885,36.3053,-66.3664
243352.8346,105358,254,-0.3975,0.1584,-0.1572,87.6947,26.5496,-71.7557
243353.0156,105368,255,-0.3940,0.1123,-0.1426,92.9618,22.3664,-75.4351
243353.0156,105378,255,-0.4019,0.0498,-0.1638,96.4733,19.8473,-78.6870
243353.0156,105388,255,-0.3882,-0.0215,-0.1946,98.6107,14.0611,-81.3740
243353.0156,105398,255,-0.3828,-0.0427,-0.1829,101.7099,8.6260,-82.5496
243353.0156,105408,255,-0.3982,-0.0901,-0.1948,103.4809,5.2214,-84.3817
243353.0156,105418,255,-0.3984,-0.1714,-0.2163,102.6260,0.7786,-88.0000
243353.0156,105428,255,-0.4180,-0.2415,-0.2424,100.5191,-6.0763,-90.2595
243353.0156,105438,255,-0.3826,-0.3025,-0.2188,97.6947,-16.6412,-91.2061
243353.0156,105448,255,-0.3245,-0.3445,-0.1516,96.6870,-24.1527,-92.4275
243353.0156,105458,255,-0.3276,-0.4111,-0.1479,95.6794,-28.3817,-90.6412
243353.1327,105468,0,-0.2717,-0.4504,-0.0789,96.1374,-34.0611,-89.0992
243353.1327,105478,0,-0.2710,-0.5027,-0.0701,95.8931,-34.1069,-87.6794
243353.1327,105488,0,-0.2656,-0.5410,-0.0793,94.2137,-36.2290,-87.4656
243353.1327,105498,0,-0.2739,-0.6021,-0.0938,87.9695,-45.8779,-88.9313
243353.1327,105508,0,-0.2688,-0.6541,-0.0720,80.5038,-59.7710,-91.0840
243353.1327,105518,0,-0.2607,-0.7129,-0.0254,71.7863,-73.4046,-92.6107
243353.1327,105528,0,-0.2273,-0.7734,0.0732,62.9771,-85.6794,-93.3130
243353.1327,105538,0,-0.2207,-0.8093,0.1941,58.8244,-92.7939,-91.8931
243353.1327,105548,0,-0.2122,-0.8254,0.2881,60.1221,-95.9084,-88.4122
243353.1327,105558,0,-0.2136,-0.8616,0.3430,60.5649,-93.4046,-84.3664
243353.1421,105568,1,-0.2810,-0.9341,0.2974,57.4504,-87.3435,-81.3893
243353.1421,105578,1,-0.3384,-1.0442,0.1868,49.4046,-86.4122,-77.5725
243353.1421,105588,1,-0.3379,-1.2131,0.0930,39.3740,-93.6336,-71.4046
243353.1421,105598,1,-0.3516,-1.3420,0.0725,33.0382,-101.8168,-61.1450
243353.1421,105608,1,-0.3909,-1.4172,0.0959,26.4885,-109.6794,-45.1298
243353.1421,105618,1,-0.3982,-1.3887,0.1875,22.4427,-116.1374,-26.1527
243353.1421,105628,1,-0.4636,-1.3281,0.2659,20.9313,-115.3130,-8.8244
243353.1421,105638,1,-0.5669,-1.2175,0.3005,18.4427,-113.7710,5.7863
243353.1421,105648,1,-0.6392,-1.0742,0.3801,15.7557,-116.9466,17.6183
243353.1421,105658,1,-0.7502,-0.9705,0.4932,10.7328,-120.6412,22.1832
243353.3144,105668,2,-0.8086,-0.9431,0.5894,-0.1985,-126.9618,19.7557
243353.3144,105678,2,-0.8098,-1.0571,0.6440,-14.2595,-131.8015,15.8321
243353.3144,105688,2,-0.8345,-1.2139,0.6606,-23.6183,-130.8702,15.1756
243353.3144,105698,2,-0.8462,-1.2498,0.7195,-27.0992,-129.7557,24.4427
243353.3144,105708,2,-0.8889,-1.1487,0.7942,-24.8702,-124.7176,39.8473
243353.3144,105718,2,-0.9270,-1.0181,0.8188,-22.9771,-116.7939,52.9313
243353.3144,105728,2,-0.9929,-0.8252,0.7786,-21.5573,-106.8092,63.0076
243353.3144,105738,2,-1.1125,-0.5808,0.7678,-15.3588,-97.7710,67.9084
243353.3144,105748,2,-1.1912,-0.4280,0.7310,-17.4046,-93.4962,65.3740
243353.3144,105758,2,-1.2271,-0.3997,0.6816,-29.0382,-90.2901,57.4198
243353.3775,105768,3,-1.2593,-0.4485,0.5874,-41.0229,-86.8244,48.4885
243353.3775,105778,3,-1.2485,-0.5503,0.5134,-51.0229,-87.8931,42.9313
243353.3775,105788,3,-1.2227,-0.6472,0.5293,-56.1374,-91.2824,43.0992
243353.3775,105798,3,-1.1990,-0.6980,0.5869,-56.6718,-93.0992,47.9084
243353.3775,105808,3,-1.1812,-0.7383,0.6392,-57.5725,-93.8931,55.3588
243353.3775,105818,3,-1.1387,-0.7332,0.7593,-54.6718,-95.0840,66.4733
243353.3775,105828,3,-1.1533,-0.6379,0.9109,-49.9237,-89.9237,75.5420
243353.3775,105838,3,-1.1431,-0.5784,1.0127,-54.2137,-83.0687,80.6107
243353.3775,105848,3,-1.1404,-0.5544,1.0771,-62.2748,-75.4198,82.9924
243353.3775,105858,3,-1.1372,-0.5745,1.1050,-66.1679,-66.4733,83.2366
243353.4412,105868,4,-1.1304,-0.6030,1.1033,-67.1603,-57.9389,84.5038
243353.4412,105878,4,-1.1157,-0.6030,1.0867,-67.7710,-51.1450,88.7634
243353.4412,105888,4,-1.0706,-0.5806,1.0991,-68.2595,-43.5420,94.2290
243353.4412,105898,4,-1.0681,-0.5493,1.0913,-68.3206,-32.9771,99.2977
243353.4412,105908,4,-1.0735,-0.4785,1.0801,-67.5725,-23.5267,105.6336
243353.4412,105918,4,-1.0762,-0.3716,1.1074,-65.9389,-16.2290,111.2977
243353.4412,105928,4,-1.0764,-0.2634,1.1587,-65.8015,-10.8397,113.4351
243353.4412,105938,4,-1.0908,-0.1660,1.1968,-65.8321,-3.1298,111.7710
243353.4412,105948,4,-1.1028,-0.1218,1.1790,-65.4198,5.2214,107.1450
243353.4412,105958,4,-1.0986,-0.1052,1.1509,-64.6412,10.9924,101.4656
243353.4961,105968,5,-1.0869,-0.1174,1.1492,-64.5344,16.4427,97.9084
243353.4961,105978,5,-1.0735,-0.0840,1.1716,-63.7863,22.7176,96.5802
243353.4961,105988,5,-1.0493,-0.0459,1.1992,-64.5496,29.0992,98.2595
243353.4961,105998,5,-1.0378,-0.0100,1.1687,-61.7557,38.2137,100.5344
243353.4961,106008,5,-1.0195,0.0835,1.1580,-54.9313,47.4962,104.3053
243353.4961,106018,5,-0.9993,0.2422,1.1826,-48.3817,56.5038,108.6412
243353.4961,106028,5,-0.9824,0.3875,1.1917,-41.7405,65.6031,108.9466
243353.4961,106038,5,-0.9788,0.5251,1.1702,-32.4885,74.9771,103.3130
243353.4961,106048,5,-0.9951,0.6250,1.1177,-25.5573,81.4351,94.1832
243353.4961,106058,5,-0.9846,0.6477,1.0667,-24.7023,82.6412,81.1756
243353.6762,106068,6,-0.9497,0.6101,1.0740,-27.3435,82.4733,66.3206
243353.6762,106078,6,-0.9084,0.5347,1.0991,-29.3435,84.1374,54.4885
243353.6762,106088,6,-0.8586,0.4890,1.0991,-28.4885,87.8931,48.8702
243353.6762,106098,6,-0.8013,0.4932,1.0703,-22.2290,95.5878,47.8779
243353.6762,106108,6,-0.7690,0.5168,0.9980,-12.1374,107.4351,48.0000
243353.6762,106118,6,-0.7656,0.5420,0.8774,-3.5267,116.4275,48.7939
243353.6762,106128,6,-0.7078,0.5505,0.7512,4.3817,119.8473,48.6870
243353.6762,106138,6,-0.6912,0.5532,0.6211,14.3969,125.9542,46.8397
243353.6762,106148,6,-0.6917,0.5554,0.4797,23.5878,127.9847,45.2824
243353.6762,106158,6,-0.6543,0.5601,0.3772,31.9542,124.8855,43.0229
243353.7935,106168,7,-0.6580,0.5950,0.3132,42.1679,122.6412,38.0763
243353.7935,106178,7,-0.6526,0.6084,0.2751,47.0382,116.9924,32.5802
243353.7935,106188,7,-0.6113,0.5825,0.2529,49.7252,111.0534,26.0305
243353.7935,106198,7,-0.5974,0.5613,0.2368,54.8855,108.2748,19.6336
243353.7935,106208,7,-0.5898,0.5369,0.2131,60.5802,105.0076,14.6412
243353.7935,106218,7,-0.5457,0.4927,0.2073,65.6336,100.0763,9.8321
243353.7935,106228,7,-0.5278,0.4839,0.2163,71.2366,97.6641,5.4198
243353.7935,106238,7,-0.5022,0.4739,0.2207,75.2824,94.8092,1.8626
243353.7935,106248,7,-0.4663,0.4487,0.2117,77.6641,92.1985,-3.1298
243353.7935,106258,7,-0.4680,0.4172,0.1748,79.0992,89.7252,-7.8779
243353.7947,106268,8,-0.4658,0.3909,0.1074,80.1069,85.6183,-13.3893
243353.7947,106278,8,-0.4495,0.3604,0.0479,80.6107,80.2748,-17.9389
243353.7947,106288,8,-0.4421,0.3296,-0.0051,83.7405,74.9008,-23.1908
243353.7947,106298,8,-0.4404,0.2927,-0.0562,88.9924,71.2977,-29.8931
243353.7947,106308,8,-0.4622,0.2727,-0.0930,93.0534,67.2519,-35.0992
243353.7947,106318,8,-0.4526,0.2412,-0.1157,93.1603,59.4046,-40.8092
243353.7947,106328,8,-0.4460,0.2019,-0.1201,92.0305,51.0382,-47.6183
243353.7947,106338,8,-0.4409,0.1687,-0.1143,91.1908,42.5496,-54.1221
243353.7947,106348,8,-0.4236,0.1204,-0.1130,90.1221,33.5420,-59.4962
243353.7947,106358,8,-0.4026,0.0869,-0.0850,90.4580,25.9084,-64.1221
243353.9739,106368,9,-0.4060,0.0613,-0.0762,90.9160,21.8931,-67.9695
243353.9739,106378,9,-0.3860,0.0259,-0.0837,90.2748,17.2672,-71.9695
243353.9739,106388,9,-0.3831,-0.0073,-0.0942,90.2748,13.0992,-76.3511
243353.9739,106398,9,-0.3801,-0.0544,-0.1113,88.3359,10.2595,-81.7252
243353.9739,106408,9,-0.3882,-0.1235,-0.1506,83.2519,6.9313,-87.0076
243353.9739,106418,9,-0.3840,-0.1809,-0.1951,80.5496,0.4733,-90.0305
243353.9739,106428,9,-0.3645,-0.2295,-0.1880,81.4809,-7.5725,-92.3969
243353.9739,106438,9,-0.3711,-0.2520,-0.1724,83.6336,-13.4962,-94.3817
243353.9739,106448,9,-0.3584,-0.2871,-0.1646,82.4580,-20.5496,-97.1450
243353.9739,106458,9,-0.3228,-0.3391,-0.1250,79.5878,-28.7481,-100.6718
243354.0923,106468,10,-0.2969,-0.3843,-0.0840,77.2824,-36.1221,-103.1145
243354.0923,106478,10,-0.2776,-0.4290,-0.0610,75.1298,-42.9771,-105.2214
243354.0923,106488,10,-0.2805,-0.5066,-0.0718,71.9847,-50.7939,-107.7863
243354.0923,106498,10,-0.2649,-0.6235,-0.0791,67.2824,-60.1985,-111.2672
243354.0923,106508,10,-0.2305,-0.7854,-0.0981,62.4275,-69.7405,-112.8550
243354.0923,106518,10,-0.2256,-0.9150,-0.1365,62.6260,-76.8397,-109.3893
243354.0923,106528,10,-0.2024,-0.9941,-0.2075,65.2214,-86.7634,-100.2901
243354.0923,106538,10,-0.1843,-1.0027,-0.2251,72.8702,-98.8855,-88.8092
243354.0923,106548,10,-0.1777,-0.9434,-0.1445,83.6336,-113.1908,-78.4733
243354.0923,106558,10,-0.1951,-0.8259,-0.0383,85.7863,-125.6031,-70.3817
243354.1019,106568,11,-0.1855,-0.7783,0.0828,72.1374,-136.1832,-65.6336
243354.1019,106578,11,-0.2534,-0.7815,0.1270,56.1985,-136.6565,-62.4275
243354.1019,106588,11,-0.3130,-0.7358,0.2019,52.5802,-135.8931,-58.5038
243354.1019,106598,11,-0.3572,-0.6687,0.3127,53.1450,-135.2977,-55.2824
243354.1019,106608,11,-0.4265,-0.6611,0.3826,49.6183,-132.7939,-55.0229
243354.1019,106618,11,-0.4614,-0.6711,0.4746,43.7252,-136.3511,-56.9466
243354.1019,106628,11,-0.5027,-0.8237,0.6421,22.7634,-142.0916,-63.3893
243354.1019,106638,11,-0.5400,-0.9624,0.6453,12.4427,-141.3893,-63.5420
243354.1019,106648,11,-0.5500,-1.0920,0.6602,9.6183,-139.9237,-59.8015
243354.1019,106658,11,-0.5891,-1.1731,0.7026,10.7023,-136.8702,-52.9771
243354.3360,106668,12,-0.6094,-1.2014,0.7861,10.2901,-138.0458,-43.6183
243354.3360,106678,12,-0.6404,-1.1995,0.8909,7.2519,-137.5420,-33.4198
243354.3360,106688,12,-0.6843,-1.2063,0.9124,3.3893,-133.2061,-24.7634
243354.3360,106698,12,-0.7454,-1.2251,0.9053,0.7328,-127.4351,-17.2061
243354.3360,106708,12,-0.7832,-1.2703,0.9014,-2.4885,-122.5191,-9.8626
243354.3360,106718,12,-0.8069,-1.3201,0.9111,-6.8092,-117.8321,-1.7252
243354.3360,106728,12,-0.8269,-1.3979,0.8918,-14.0458,-113.2672,8.8092
243354.3360,106738,12,-0.8359,-1.4258,0.9104,-19.2061,-110.9466,23.0840
243354.3360,106748,12,-0.8499,-1.3630,0.9934,-21.9237,-108.6107,40.7023
243354.3360,106758,12,-0.8655,-1.2732,1.0320,-24.8702,-101.6641,57.7405
243354.4005,106768,13,-0.9080,-1.1836,1.0085,-27.3588,-91.7710,71.0992
243354.4005,106778,13,-0.9246,-1.1123,0.9558,-27.6336,-84.5954,81.4504
243354.4005,106788,13,-0.9358,-1.0544,0.9551,-28.5802,-80.9618,89.8015
243354.4005,106798,13,-0.9248,-1.0239,0.9524,-32.8855,-77.5267,97.6336
243354.4005,106808,13,-0.9104,-1.0168,0.9211,-37.8931,-74.0763,104.4733
243354.4005,106818,13,-0.8945,-1.0051,0.9045,-41.2824,-72.5649,113.8931
243354.4005,106828,13,-0.8677,-0.9832,0.9207,-41.4046,-70.6107,124.2595
243354.4005,106838,13,-0.8821,-0.8689,0.9758,-38.1679,-65.5725,135.5267
243354.4005,106848,13,-0.8989,-0.7061,1.0588,-38.2137,-60.1832,145.7710
243354.4005,106858,13,-0.9031,-0.5564,1.1311,-41.2061,-53.7252,151.3282
243354.4520,106868,14,-0.9443,-0.4246,1.1733,-45.8321,-43.7710,152.8702
243354.4520,106878,14,-0.9678,-0.2737,1.1892,-48.8550,-34.0000,151.8168
243354.4520,106888,14,-0.9712,-0.1799,1.1531,-52.4885,-24.5191,147.1908
243354.4520,106898,14,-0.9893,-0.1316,1.0779,-54.9008,-14.0763,140.7328
243354.4520,106908,14,-0.9963,-0.1060,0.9993,-56.3206,-7.5725,134.9313
243354.4520,106918,14,-0.9958,-0.0830,0.9761,-55.9542,-3.1603,130.4275
243354.4520,106928,14,-1.0168,-0.0359,1.0137,-53.1298,-1.0687,126.9160
243354.4520,106938,14,-1.0027,-0.0049,1.0557,-51.7405,-1.5267,124.0153
243354.4520,106948,14,-1.0232,0.0208,1.1045,-50.3664,0.8244,122.2137
243354.4520,106958,14,-0.9871,0.0840,1.1873,-48.1221,1.4809,121.2824
243354.5735,106968,15,-0.9849,0.1284,1.2666,-47.6794,7.6031,119.9084
243354.5735,106978,15,-0.9849,0.1997,1.2944,-45.5267,16.4885,118.0916
243354.5735,106988,15,-0.9631,0.2373,1.2922,-44.4122,24.2901,114.6870
243354.5735,106998,15,-0.9573,0.2698,1.2605,-40.3206,33.1298,109.4962
243354.5735,107008,15,-0.9399,0.2808,1.2156,-34.9771,40.9618,102.7176
243354.5735,107018,15,-0.9331,0.2712,1.1758,-28.6718,48.7176,96.8702
243354.5735,107028,15,-0.9331,0.2683,1.1357,-21.3740,55.3588,92.1374
243354.5735,107038,15,-0.9236,0.2954,1.1172,-15.3893,59.3893,89.8015
243354.5735,107048,15,-0.9397,0.3630,1.1296,-10.8244,62.8092,89.3130
243354.5735,107058,15,-0.9482,0.4976,1.1672,-5.7252,64.9924,88.9466
243354.6997,107068,16,-0.9321,0.6484,1.1985,0.2595,67.6489,85.5420
243354.6997,107078,16,-0.9087,0.7610,1.2183,8.8702,73.6031,76.2748
243354.6997,107088,16,-0.8853,0.8301,1.2134,16.9771,83.1450,61.1908
243354.6997,107098,16,-0.8489,0.8108,1.1509,15.4809,93.7863,43.6489
243354.6997,107108,16,-0.8213,0.6750,1.0110,7.6489,104.7328,28.6260
243354.6997,107118,16,-0.7749,0.5491,0.8745,6.0611,109.6794,21.2672
243354.6997,107128,16,-0.7114,0.4583,0.7837,14.1221,112.1985,20.1985
243354.6997,107138,16,-0.6782,0.4133,0.7026,27.4198,116.6260,22.6412
243354.6997,107148,16,-0.6501,0.4272,0.6440,42.1985,120.0305,25.7710
243354.6997,107158,16,-0.6453,0.4377,0.5747,53.8015,121.7405,27.0229
243354.7531,107168,17,-0.6270,0.4363,0.5168,62.2748,121.7252,25.3740
243354.7531,107178,17,-0.6182,0.4548,0.4805,67.0076,118.4122,23.5725
243354.7531,107188,17,-0.5862,0.4944,0.4866,69.5115,112.9618,20.7023
243354.7531,107198,17,-0.5764,0.5205,0.4995,72.2901,110.5344,13.9389
243354.7531,107208,17,-0.5684,0.5088,0.4712,76.7634,109.0992,4.3664
243354.7531,107218,17,-0.5488,0.4702,0.4426,80.0000,105.3130,-5.8931
243354.7531,107228,17,-0.4983,0.4216,0.4346,80.7481,101.4656,-15.2061
243354.7531,107238,17,-0.4783,0.3523,0.4146,80.0000,100.9618,-22.9313
243354.7531,107248,17,-0.4543,0.2920,0.3662,80.1527,99.6794,-28.8397
243354.7531,107258,17,-0.4128,0.2261,0.3064,82.0763,96.1679,-33.6031
243354.8151,107268,18,-0.3997,0.1907,0.2556,85.4198,93.3130,-37.4046
243354.8151,107278,18,-0.3977,0.1865,0.2249,87.2824,91.5267,-41.0687
243354.8151,107288,18,-0.4150,0.1426,0.1592,84.7634,88.7023,-47.0076
243354.8151,107298,18,-0.4275,0.1001,0.0825,80.9466,82.3664,-54.4580
243354.8151,107308,18,-0.3911,0.0483,0.0410,75.4809,72.6870,-59.6183
243354.8151,107318,18,-0.3645,0.0051,0.0400,69.8626,64.5191,-64.5038
243354.8151,107328,18,-0.3569,-0.0122,0.0796,64.3206,60.0916,-68.3664
243354.8151,107338,18,-0.3542,-0.0396,0.0769,57.7557,57.1450,-71.5878
243354.8151,107348,18,-0.3513,-0.0569,0.0701,53.7863,53.4198,-74.5191
243354.8151,107358,18,-0.3254,-0.0815,0.0471,49.5878,48.4427,-76.9618
243354.9993,107368,19,-0.3308,-0.0876,0.0105,46.8855,45.3740,-79.3893
243354.9993,107378,19,-0.3201,-0.0955,-0.0461,45.6794,42.7023,-83.2977
243354.9993,107388,19,-0.3069,-0.1228,-0.1321,43.6641,37.0076,-89.7099
243354.9993,107398,19,-0.2771,-0.1685,-0.1714,43.8626,28.0153,-98.1221
243354.9993,107408,19,-0.2756,-0.1912,-0.1658,44.2748,20.5802,-107.8015
243354.9993,107418,19,-0.2454,-0.2559,-0.1504,38.8855,10.3511,-114.9160
243354.9993,107428,19,-0.2007,-0.3467,-0.1409,33.1603,-0.9924,-119.8015
243354.9993,107438,19,-0.1609,-0.4299,-0.1340,30.5344,-8.9466,-121.9237
243354.9993,107448,19,-0.1975,-0.4609,-0.1145,31.1908,-10.3511,-120.9771
243354.9993,107458,19,-0.2024,-0.4832,-0.1548,32.0153,-11.6947,-118.2290
243355.0530,107468,20,-0.2195,-0.4854,-0.2119,34.4275,-14.2443,-116.0153
243355.0530,107478,20,-0.2136,-0.5029,-0.2722,35.4351,-20.9160,-115.7557
243355.0530,107488,20,-0.2190,-0.5459,-0.2874,34.3206,-28.5802,-117.4198
243355.0530,107498,20,-0.2561,-0.5786,-0.2925,28.7481,-36.5649,-118.8092
243355.0530,107508,20,-0.2852,-0.6006,-0.2610,23.6794,-46.9466,-119.4504
243355.0530,107518,20,-0.2886,-0.6592,-0.2388,21.5115,-57.1603,-120.7176
243355.0530,107528,20,-0.3091,-0.6982,-0.1729,23.0840,-64.9771,-121.2366
243355.0530,107538,20,-0.3123,-0.7490,-0.1118,25.0992,-71.8473,-121.3130
243355.0530,107548,20,-0.3169,-0.8162,-0.0437,25.4656,-76.8702,-119.6794
243355.0530,107558,20,-0.3274,-0.9050,-0.0017,23.5267,-81.2366,-115.9084
243355.1138,107568,21,-0.3472,-0.9836,0.0173,21.5115,-84.3969,-110.0000
243355.1138,107578,21,-0.3601,-1.0820,0.0217,22.0305,-87.1145,-101.6947
243355.1138,107588,21,-0.3962,-1.1699,-0.0122,25.9389,-88.5344,-91.3740
243355.1138,107598,21,-0.4199,-1.2207,-0.0435,31.0382,-93.4504,-78.6718
243355.1138,107608,21,-0.4243,-1.2249,-0.0242,34.5954,-99.5420,-65.2672
243355.1138,107618,21,-0.4583,-1.2068,0.0068,33.2519,-105.7252,-52.1221
243355.1138,107628,21,-0.4834,-1.1689,0.0442,31.1450,-113.1908,-41.3282
243355.1138,107638,21,-0.4766,-1.1382,0.1543,29.0076,-122.3206,-33.5573
243355.1138,107648,21,-0.5002,-1.1482,0.2583,25.4046,-128.6107,-27.6489
243355.1138,107658,21,-0.4976,-1.1448,0.3792,24.4427,-133.8168,-21.9695
243355.2964,107668,22,-0.5239,-1.1384,0.5156,24.9008,-136.4275,-15.2519
243355.2964,107678,22,-0.5303,-1.1584,0.6194,23.1450,-135.8015,-7.5115
243355.2964,107688,22,-0.5737,-1.1794,0.6748,23.7099,-131.6031,0.3664
243355.2964,107698,22,-0.6230,-1.2112,0.7068,23.8015,-126.4275,8.3969
243355.2964,107708,22,-0.6553,-1.2571,0.7068,19.1603,-122.5649,17.4198
243355.2964,107718,22,-0.7014,-1.2878,0.6970,13.7710,-117.2214,28.9618
243355.2964,107728,22,-0.7979,-1.2578,0.6748,11.7710,-111.3130,43.0229
243355.2964,107738,22,-0.8525,-1.1938,0.7000,10.8397,-109.4809,57.5573
243355.2964,107748,22,-0.9250,-1.0654,0.7532,11.7405,-110.0153,70.0305
243355.2964,107758,22,-0.9814,-0.9380,0.7932,9.5878,-109.4198,77.2519
243355.3598,107768,23,-1.0190,-0.8965,0.8511,1.6641,-109.7863,78.2748
243355.3598,107778,23,-1.0066,-0.9121,0.9436,-9.1298,-112.6565,76.3817
243355.3598,107788,23,-1.0173,-0.9553,1.0178,-21.1756,-110.5496,76.3359
243355.3598,107798,23,-1.0244,-0.9700,1.0959,-31.6031,-106.9160,79.9237
243355.3598,107808,23,-1.0247,-0.9272,1.1765,-37.1603,-101.0687,86.2901
243355.3598,107818,23,-1.0049,-0.8418,1.2664,-37.4962,-91.2061,92.1374
243355.3598,107828,23,-1.0012,-0.7937,1.2815,-39.2214,-75.0534,96.2290
243355.3598,107838,23,-0.9895,-0.7754,1.1931,-42.9008,-59.5267,100.2290
243355.3598,107848,23,-0.9976,-0.7224,1.1057,-43.6641,-46.9466,104.9313
243355.3598,107858,23,-1.0027,-0.6453,1.0715,-43.7405,-38.3206,110.1679
243355.4154,107868,24,-1.0105,-0.5852,1.0237,-42.5496,-30.0000,113.4504
243355.4154,107878,24,-1.0391,-0.5076,0.9854,-42.3359,-24.0305,115.2214
243355.4154,107888,24,-1.0784,-0.4175,0.9849,-45.8931,-22.0000,115.7710
243355.4154,107898,24,-1.0645,-0.3716,1.0095,-52.6260,-21.2061,113.2214
243355.4154,107908,24,-1.0981,-0.3618,1.0571,-55.1298,-16.7176,108.8397
243355.4154,107918,24,-1.0964,-0.3591,1.1096,-54.7328,-12.3206,105.4809
243355.4154,107928,24,-1.0957,-0.3809,1.1489,-52.4733,-5.5115,103.3740
243355.4154,107938,24,-1.0830,-0.3708,1.1794,-48.5954,1.0992,103.4962
243355.4154,107948,24,-1.0496,-0.3625,1.1917,-46.7481,7.5267,105.0534
243355.4154,107958,24,-1.0032,-0.3540,1.2095,-43.1298,15.4962,107.0076
243355.5986,107968,25,-0.9634,-0.3083,1.2297,-38.1679,24.5649,110.2748
243355.5986,107978,25,-0.9370,-0.2251,1.2451,-35.9084,34.3664,114.7786
243355.5986,107988,25,-0.9338,-0.1189,1.2327,-34.5802,43.0534,118.5038
243355.5986,107998,25,-0.9270,-0.0200,1.2014,-32.1527,50.2901,119.2366
243355.5986,108008,25,-0.9460,0.0679,1.1726,-29.0229,58.1221,116.7786
243355.5986,108018,25,-0.9302,0.1484,1.1667,-26.9160,61.7710,112.8397
243355.5986,108028,25,-0.8906,0.1763,1.1790,-26.8702,63.9389,108.0458
243355.5986,108038,25,-0.8794,0.2173,1.2131,-21.9847,68.9618,103.8321
243355.5986,108048,25,-0.8674,0.2937,1.2375,-14.6718,75.4198,100.3206
243355.5986,108058,25,-0.8818,0.3518,1.1958,-10.4427,82.7328,98.2137
243355.7136,108068,26,-0.8184,0.3989,1.1565,-6.6260,87.7863,94.2137
243355.7136,108078,26,-0.8101,0.4373,1.1001,-0.1374,97.4046,88.6107
243355.7136,108088,26,-0.7754,0.4546,0.9893,4.0153,104.8702,83.0992
243355.7136,108098,26,-0.7344,0.4583,0.8748,7.2672,109.9389,79.1450
243355.7136,108108,26,-0.7268,0.4468,0.7356,12.4427,112.5038,77.1450
243355.7136,108118,26,-0.6931,0.4729,0.6353,20.4580,113.1450,73.5725
243355.7136,108128,26,-0.6907,0.4734,0.5413,26.0763,112.7939,69.1450
243355.7136,108138,26,-0.6516,0.4863,0.5054,30.1832,109.7710,64.5344
243355.7136,108148,26,-0.6548,0.4548,0.4487,32.6412,110.8397,59.0992
243355.7136,108158,26,-0.6609,0.4292,0.3865,40.9313,111.3740,53.8473
243355.7147,108168,27,-0.6643,0.4023,0.3354,50.8244,109.1908,49.5878
243355.7147,108178,27,-0.6570,0.3721,0.3049,58.3359,105.8931,45.9695
243355.7147,108188,27,-0.6460,0.3689,0.2920,66.1985,101.8931,44.0000
243355.7147,108198,27,-0.6409,0.3516,0.2737,71.0687,98.4580,42.0000
243355.7147,108208,27,-0.6270,0.3618,0.2683,78.2901,93.5267,40.2748
243355.7147,108218,27,-0.5864,0.3652,0.2705,84.2137,88.2901,37.7557
243355.7147,108228,27,-0.5654,0.3784,0.2837,90.1985,86.1069,35.2977
243355.7147,108238,27,-0.5464,0.4043,0.2673,95.9237,85.9847,31.2214
243355.7147,108248,27,-0.5383,0.4089,0.2244,99.9542,84.6870,25.1450
243355.7147,108258,27,-0.5046,0.3921,0.1719,101.7863,79.4198,17.7557
243355.8936,108268,28,-0.4971,0.3818,0.1257,102.3969,73.9542,9.8779
243355.8936,108278,28,-0.4583,0.3940,0.1006,104.7939,68.0763,1.8321
243355.8936,108288,28,-0.4634,0.3774,0.0669,102.9771,64.5344,-6.9771
243355.8936,108298,28,-0.4482,0.3328,0.0237,100.2595,58.6412,-16.7481
243355.8936,108308,28,-0.4390,0.2551,-0.0012,97.5115,52.2443,-25.8626
243355.8936,108318,28,-0.4343,0.2222,0.0002,96.3664,45.7099,-32.6260
243355.8936,108328,28,-0.4207,0.1826,0.0020,92.7786,40.7176,-37.2519
243355.8936,108338,28,-0.4238,0.1704,-0.0181,90.9618,37.9237,-41.9847
243355.8936,108348,28,-0.4072,0.1299,-0.0330,90.0458,35.1145,-47.4962
243355.8936,108358,28,-0.4124,0.0730,-0.0806,89.6641,33.2214,-52.4275
243355.9584,108368,29,-0.4080,0.0554,-0.1013,90.4885,28.6107,-55.8931
243355.9584,108378,29,-0.3950,0.0405,-0.1096,90.3511,23.2672,-59.4962
243355.9584,108388,29,-0.3784,0.0071,-0.1250,88.1527,18.0153,-64.5496
243355.9584,108398,29,-0.3699,-0.0286,-0.1409,83.0229,11.6489,-69.1450
243355.9584,108408,29,-0.3608,-0.0730,-0.1892,76.3511,4.3206,-72.4427
243355.9584,108418,29,-0.3379,-0.1082,-0.2109,75.3893,-4.1221,-74.7328
243355.9584,108428,29,-0.3208,-0.1470,-0.2158,79.8321,-11.3893,-77.3893
243355.9584,108438,29,-0.3276,-0.1416,-0.2266,84.1374,-18.0916,-80.7634
243355.9584,108448,29,-0.3303,-0.1648,-0.2407,78.2901,-28.1679,-85.2214
243355.9584,108458,29,-0.3049,-0.2212,-0.2573,68.6412,-39.9695,-91.4504
243356.0731,108468,30,-0.3059,-0.3069,-0.2666,61.7557,-48.9771,-98.6870
243356.0731,108478,30,-0.3137,-0.4099,-0.2605,57.2824,-58.0305,-104.0611
243356.0731,108488,30,-0.2971,-0.5117,-0.2007,54.7328,-69.5573,-105.9084
243356.0731,108498,30,-0.2803,-0.5894,-0.0977,54.6718,-77.9847,-103.0687
243356.0731,108508,30,-0.2881,-0.6240,-0.0127,56.1069,-80.3969,-96.2595
243356.0731,108518,30,-0.3083,-0.6453,0.0210,55.8321,-82.2595,-87.8626
243356.0731,108528,30,-0.3079,-0.6523,0.0564,56.5496,-86.0305,-79.7710
243356.0731,108538,30,-0.3135,-0.6577,0.1226,60.5649,-86.7328,-74.1832
243356.0731,108548,30,-0.3167,-0.6555,0.2510,65.5878,-85.4046,-71.9847
243356.0731,108558,30,-0.3281,-0.6960,0.3650,63.3282,-82.4275,-72.3053
243356.2586,108568,31,-0.3579,-0.7700,0.4045,55.7710,-76.5038,-73.5573
243356.2586,108578,31,-0.3840,-0.8782,0.3726,43.8015,-73.0229,-73.8473
243356.2586,108588,31,-0.4399,-1.0063,0.2866,30.5496,-73.8168,-70.9008
243356.2586,108598,31,-0.4758,-1.1123,0.2185,22.1374,-82.3817,-64.2137
243356.2586,108608,31,-0.4895,-1.1628,0.2515,17.4962,-97.0076,-54.8397
243356.2586,108618,31,-0.4998,-1.1643,0.3271,12.7176,-110.9313,-43.2366
243356.2586,108628,31,-0.5388,-1.1538,0.3750,8.2137,-116.9313,-32.4427
243356.2586,108638,31,-0.5959,-1.1194,0.4082,4.7176,-120.9160,-23.0840
243356.2586,108648,31,-0.6245,-1.0583,0.5105,0.3206,-126.0000,-14.3969
243356.2586,108658,31,-0.6733,-0.9934,0.6096,-6.3053,-126.3053,-7.4046
243356.3226,108668,32,-0.7429,-0.9578,0.6143,-15.8779,-123.8321,-2.1221
243356.3226,108678,32,-0.7827,-0.9160,0.6384,-22.1679,-124.5344,2.7634
243356.3226,108688,32,-0.8164,-0.8650,0.7114,-27.1756,-125.5878,7.1603
243356.3226,108698,32,-0.8687,-0.8633,0.7153,-33.2366,-123.4962,10.4427
243356.3226,108708,32,-0.9060,-0.8535,0.7068,-37.8626,-122.7481,12.5191
243356.3226,108718,32,-0.9658,-0.8621,0.7090,-43.0840,-122.7634,16.9313
243356.3226,108728,32,-0.9907,-0.8633,0.7441,-45.9542,-124.5649,22.5649
243356.3226,108738,32,-1.0515,-0.8564,0.7517,-47.9695,-120.2137,28.5038
243356.3226,108748,32,-1.0874,-0.8196,0.7581,-51.5725,-118.3817,34.6107
243356.3226,108758,32,-1.1028,-0.8037,0.7971,-55.7557,-119.4656,40.8397
243356.4327,108768,33,-1.1084,-0.7891,0.8269,-55.4809,-116.6260,46.9008
243356.4327,108778,33,-1.1589,-0.7786,0.8550,-55.6183,-111.9237,52.4122
243356.4327,108788,33,-1.2046,-0.7363,0.9309,-57.6031,-111.2824,59.2977
243356.4327,108798,33,-1.2058,-0.6714,1.0684,-58.3359,-113.2519,64.8855
243356.4327,108808,33,-1.1877,-0.6648,1.1768,-62.0153,-109.5878,67.4198
243356.4327,108818,33,-1.2029,-0.6655,1.2598,-64.9924,-100.3969,69.3282
243356.4327,108828,33,-1.1838,-0.6812,1.3232,-69.4046,-91.1145,71.7099
243356.4327,108838,33,-1.1799,-0.6868,1.3584,-75.2214,-79.5573,75.9542
243356.4327,108848,33,-1.1807,-0.6482,1.3850,-79.4198,-67.8015,82.9466
243356.4327,108858,33,-1.1177,-0.5999,1.3877,-82.7786,-57.7710,89.5573
243356.5556,108868,34,-1.1240,-0.5403,1.3699,-83.9084,-44.8092,94.7176
243356.5556,108878,34,-1.0740,-0.5132,1.3213,-86.3969,-35.8168,98.9771
243356.5556,108888,34,-1.0386,-0.5103,1.2666,-87.2061,-26.6870,100.6718
243356.5556,108898,34,-1.0005,-0.4543,1.2532,-85.0229,-18.8550,104.5802
243356.5556,108908,34,-0.9841,-0.4163,1.2087,-87.5115,-11.1908,107.9847
243356.5556,108918,34,-0.9753,-0.3740,1.1714,-91.8931,-5.8015,111.2824
243356.5556,108928,34,-0.9788,-0.2937,1.1799,-94.5496,-1.6031,115.9695
243356.5556,108938,34,-0.9705,-0.2178,1.2051,-92.2595,4.2443,119.8321
243356.5556,108948,34,-0.9751,-0.1892,1.2061,-85.2061,14.3969,121.2824
243356.5556,108958,34,-0.9900,-0.1604,1.1750,-73.6947,24.8702,122.9313
243356.6196,108968,35,-0.9905,-0.0911,1.1746,-64.0153,32.1221,126.0305
243356.6196,108978,35,-0.9636,-0.0188,1.1895,-57.7557,38.2137,129.3282
243356.6196,108988,35,-0.9695,0.0479,1.1860,-51.7099,46.6718,130.3053
243356.6196,108998,35,-0.9673,0.1414,1.1699,-45.1603,52.5496,131.1450
243356.6196,109008,35,-0.9475,0.2371,1.1589,-40.8702,55.7863,131.7252
243356.6196,109018,35,-0.9307,0.3479,1.1660,-36.6718,62.3969,130.4122
243356.6196,109028,35,-0.9409,0.4707,1.1418,-31.6947,70.1527,126.8550
243356.6196,109038,35,-0.9187,0.5474,1.1003,-27.7863,74.9924,120.2595
243356.6196,109048,35,-0.8921,0.5874,1.0540,-20.5344,80.8397,111.3130
243356.6196,109058,35,-0.8870,0.6201,1.0029,-11.1603,88.8397,101.7405
243356.6740,109068,36,-0.8979,0.6213,0.8972,-3.9695,96.1679,93.1145
243356.6740,109078,36,-0.8950,0.6116,0.7820,2.4733,99.0382,84.6565
243356.6740,109088,36,-0.8560,0.6201,0.7207,8.6107,98.9466,76.6412
243356.6740,109098,36,-0.8396,0.6104,0.6663,12.9618,100.0611,67.9084
243356.6740,109108,36,-0.8086,0.6086,0.6150,15.9389,99.8321,58.4733
243356.6740,109118,36,-0.7458,0.5972,0.5786,17.3588,97.1298,49.5267
243356.6740,109128,36,-0.6772,0.5693,0.5557,18.9008,95.7252,39.7252
243356.6740,109138,36,-0.6499,0.5178,0.5073,20.8550,95.8168,30.6870
243356.6740,109148,36,-0.6082,0.4565,0.4709,22.5649,92.5038,23.2672
243356.6740,109158,36,-0.5945,0.3779,0.4495,23.9542,89.4809,19.1603
243356.8531,109168,37,-0.5894,0.3198,0.4417,29.6947,87.7405,19.3588
243356.8531,109178,37,-0.5813,0.3193,0.4321,41.1756,86.8092,22.5954
243356.8531,109188,37,-0.5825,0.3713,0.4475,54.2748,87.2824,26.3359
243356.8531,109198,37,-0.5923,0.4563,0.4666,65.1298,88.6412,29.0992
243356.8531,109208,37,-0.6333,0.5471,0.4419,70.8855,90.0305,28.7786
243356.8531,109218,37,-0.6184,0.5674,0.3445,72.8092,87.2977,22.2748
243356.8531,109228,37,-0.6013,0.5662,0.2942,78.3664,83.0076,12.3664
243356.8531,109238,37,-0.5913,0.5352,0.2739,82.1679,80.1069,1.2061
243356.8531,109248,37,-0.5657,0.4983,0.2576,81.8931,75.3282,-8.8397
243356.8531,109258,37,-0.5071,0.4062,0.2542,80.1069,68.8855,-17.0992
243356.9194,109268,38,-0.4470,0.3586,0.2986,82.3053,65.9695,-22.2901
243356.9194,109278,38,-0.4290,0.3147,0.2842,84.6260,68.0305,-25.3740
243356.9194,109288,38,-0.4207,0.2644,0.2139,86.9466,69.2824,-27.5725
243356.9194,109298,38,-0.3962,0.2446,0.1611,90.9466,66.0153,-28.5038
243356.9194,109308,38,-0.3958,0.2422,0.1113,94.0305,61.8321,-28.8092
243356.9194,109318,38,-0.3848,0.2319,0.0583,95.7252,56.2290,-30.3817
243356.9194,109328,38,-0.3782,0.1907,0.0420,97.7099,51.5267,-33.6031
243356.9194,109338,38,-0.3774,0.1326,-0.0002,98.9771,48.6107,-36.1985
243356.9194,109348,38,-0.3779,0.0879,-0.0505,99.5115,44.7481,-37.5115
243356.9194,109358,38,-0.3694,0.0396,-0.0801,102.6870,39.5878,-38.0153
243356.9744,109368,39,-0.3604,0.0273,-0.0637,108.6260,33.5420,-37.9542
243356.9744,109378,39,-0.3582,0.0312,-0.0244,112.3664,29.0534,-37.3130
243356.9744,109388,39,-0.3926,0.0432,-0.0364,112.1069,26.8244,-38.5496
243356.9744,109398,39,-0.4111,0.0269,-0.0791,107.9389,20.8550,-41.9237
243356.9744,109408,39,-0.4324,0.0110,-0.1045,105.0687,13.5420,-46.3053
243356.9744,109418,39,-0.4519,-0.0015,-0.1338,103.2672,4.0000,-50.9160
243356.9744,109428,39,-0.4504,-0.0037,-0.1304,102.9618,-6.9466,-57.2672
243356.9744,109438,39,-0.4353,-0.0325,-0.0957,100.3969,-18.5496,-65.8626
243356.9744,109448,39,-0.4028,-0.1072,-0.0564,94.2443,-29.1145,-74.6565
243356.9744,109458,39,-0.3677,-0.2175,-0.0315,87.9389,-37.4656,-81.5115
243357.0353,109468,40,-0.3342,-0.2935,0.0117,85.1908,-43.1298,-83.9389
243357.0353,109478,40,-0.3296,-0.3416,0.0312,83.9695,-44.3969,-82.6565
243357.0353,109488,40,-0.3494,-0.3625,0.0288,82.7786,-44.5802,-80.0000
243357.0353,109498,40,-0.3772,-0.3584,-0.0132,79.6489,-46.6412,-79.0992
243357.0353,109508,40,-0.4180,-0.3826,-0.0732,72.8855,-50.6107,-82.0458
243357.0353,109518,40,-0.4587,-0.4248,-0.1279,65.3130,-58.6260,-87.8779
243357.0353,109528,40,-0.4817,-0.4983,-0.1301,56.9313,-70.1374,-95.7863
243357.0353,109538,40,-0.4548,-0.5730,-0.0625,49.2519,-83.5573,-103.4046
243357.0353,109548,40,-0.4368,-0.6655,0.0244,43.4504,-90.5344,-108.0000
243357.0353,109558,40,-0.4270,-0.7273,0.1006,40.2137,-94.9313,-107.9389
243357.1555,109568,41,-0.4402,-0.7759,0.1516,35.3435,-97.1603,-105.3130
243357.1555,109578,41,-0.4636,-0.8191,0.1797,30.4275,-101.6947,-102.6260
243357.1555,109588,41,-0.4895,-0.8772,0.2014,24.5649,-107.9847,-100.4427
243357.1555,109598,41,-0.5251,-0.9678,0.2017,17.6794,-111.2519,-100.5649
243357.1555,109608,41,-0.5579,-1.0605,0.2312,12.3817,-115.4809,-99.8473
243357.1555,109618,41,-0.5479,-1.1389,0.2959,5.6794,-122.0916,-95.1298
243357.1555,109628,41,-0.5664,-1.1658,0.3755,0.5496,-123.7710,-85.4198
243357.1555,109638,41,-0.5811,-1.1470,0.4363,-0.9771,-123.2519,-71.9847
243357.1555,109648,41,-0.5767,-1.0889,0.4863,-1.3893,-122.3511,-57.5573
243357.1555,109658,41,-0.5796,-1.0273,0.5046,-2.1374,-118.1679,-44.9618
243357.2734,109668,42,-0.6084,-1.0078,0.4563,-4.3359,-112.9313,-36.2290
243357.2734,109678,42,-0.6194,-1.0547,0.3975,-9.4962,-111.5267,-31.0382
243357.2734,109688,42,-0.6304,-1.1709,0.3364,-17.0840,-114.3969,-26.0763
243357.2734,109698,42,-0.6462,-1.2947,0.3223,-23.9542,-120.7023,-17.7405
243357.2734,109708,42,-0.6765,-1.3206,0.4324,-28.1374,-129.2214,-2.3511
243357.2734,109718,42,-0.7261,-1.2434,0.5876,-32.2901,-132.1527,19.3130
243357.2734,109728,42,-0.7593,-1.1062,0.7212,-30.4580,-129.2672,38.1679
243357.2734,109738,42,-0.8611,-1.0129,0.8010,-29.0076,-119.6336,50.2748
243357.2734,109748,42,-0.9216,-0.9404,0.7859,-32.9618,-112.3206,60.7176
243357.2734,109758,42,-0.9990,-0.8721,0.7581,-37.8321,-107.0840,68.4733
243357.3344,109768,43,-1.0493,-0.8108,0.8013,-38.5344,-107.2824,73.0076
243357.3344,109778,43,-1.0647,-0.7361,0.9290,-39.2977,-108.3664,74.7481
243357.3344,109788,43,-1.1025,-0.7346,1.0117,-48.6107,-104.8855,74.1679
243357.3344,109798,43,-1.1055,-0.7632,1.0623,-59.7099,-100.4427,73.1756
243357.3344,109808,43,-1.0972,-0.8237,1.0972,-69.8473,-96.3664,74.3053
243357.3344,109818,43,-1.1160,-0.8435,1.1318,-75.2824,-90.8855,79.3130
243357.3344,109828,43,-1.1265,-0.7922,1.1731,-78.1221,-87.0992,88.2748
243357.3344,109838,43,-1.1497,-0.6890,1.2400,-76.8550,-80.7634,97.7557
243357.3344,109848,43,-1.1492,-0.5679,1.2439,-74.6565,-71.6641,103.0687
243357.3344,109858,43,-1.1538,-0.4915,1.2017,-77.8015,-59.6336,104.4275
243357.4539,109868,44,-1.1809,-0.4753,1.0935,-80.1221,-45.2824,103.9695
243357.4539,109878,44,-1.1870,-0.4492,1.0479,-77.2824,-36.2290,103.1450
243357.4539,109888,44,-1.1682,-0.4062,1.0818,-73.9847,-33.5267,102.2901
243357.4539,109898,44,-1.1274,-0.3604,1.1462,-73.3893,-32.2901,101.0382
243357.4539,109908,44,-1.0833,-0.3218,1.2285,-75.3130,-28.5802,99.5878
243357.4539,109918,44,-1.0559,-0.2881,1.3044,-75.2977,-20.6260,99.6336
243357.4539,109928,44,-1.0317,-0.2683,1.3259,-71.9542,-10.6565,99.8321
243357.4539,109938,44,-1.0176,-0.2463,1.3198,-66.1221,-0.8397,100.3969
243357.4539,109948,44,-1.0010,-0.1858,1.3240,-59.8473,7.0992,104.2748
243357.4539,109958,44,-0.9858,-0.1001,1.3438,-53.9389,14.1069,108.8855
243357.5799,109968,45,-0.9778,0.0002,1.3689,-47.8168,21.9695,111.5878
243357.5799,109978,45,-0.9739,0.0991,1.3728,-42.9008,31.1145,111.4809
243357.5799,109988,45,-0.9600,0.1819,1.3542,-41.2366,41.1145,109.0992
243357.5799,109998,45,-0.9583,0.2388,1.3032,-41.0076,51.0076,105.9237
243357.5799,110008,45,-0.9580,0.2937,1.2476,-38.4275,58.9771,102.7176
243357.5799,110018,45,-0.9604,0.3311,1.1770,-33.6489,65.8321,99.6947
243357.5799,110028,45,-0.9690,0.3416,1.0881,-27.6183,71.3893,96.6107
243357.5799,110038,45,-0.9646,0.3381,1.0076,-20.3664,76.3664,93.9847
243357.5799,110048,45,-0.9531,0.3574,0.9680,-11.9847,80.2595,93.2061
243357.5799,110058,45,-0.9380,0.3862,0.9351,-5.2519,82.3511,93.9847
243357.6928,110068,46,-0.8909,0.4541,0.9558,3.4198,84.6718,95.2672
243357.6928,110078,46,-0.8660,0.5254,0.9775,12.1221,93.0076,92.0916
243357.6928,110088,46,-0.8679,0.5305,0.8992,15.8015,102.2748,85.0076
243357.6928,110098,46,-0.8652,0.4973,0.8042,19.3588,106.1069,76.9618
243357.6928,110108,46,-0.8398,0.4490,0.7410,23.0687,105.3130,69.7405
243357.6928,110118,46,-0.8066,0.4084,0.7329,28.1832,102.9771,64.6565
243357.6928,110128,46,-0.7522,0.4038,0.7502,35.5573,100.4427,61.6947
243357.6928,110138,46,-0.7058,0.4392,0.7725,42.0611,99.4198,59.7557
243357.6928,110148,46,-0.6316,0.4949,0.7891,49.0382,100.8702,55.9695
243357.6928,110158,46,-0.5745,0.5264,0.7795,57.1756,105.4198,47.7405
243357.6950,110168,47,-0.5320,0.4861,0.7087,61.7252,109.9084,36.7023
243357.6950,110178,47,-0.4731,0.4109,0.5803,61.9847,111.5420,27.5573
243357.6950,110188,47,-0.4551,0.3582,0.4771,61.3435,110.5191,23.5267
243357.6950,110198,47,-0.3894,0.3191,0.4043,63.2672,106.5954,21.2977
243357.6950,110208,47,-0.3792,0.3174,0.3464,69.5573,106.6718,19.7557
243357.6950,110218,47,-0.3740,0.3462,0.2800,74.6565,104.0458,18.5649
243357.6950,110228,47,-0.3491,0.3459,0.2178,75.0229,100.0763,16.0153
243357.6950,110238,47,-0.3577,0.3604,0.1587,78.6870,97.2824,13.1908
243357.6950,110248,47,-0.3579,0.3965,0.1191,82.7939,93.3588,10.0458
243357.6950,110258,47,-0.3674,0.3926,0.0740,85.3282,88.8550,5.2672
243357.8783,110268,48,-0.3628,0.3840,0.0159,90.2901,82.1527,-0.8550
243357.8783,110278,48,-0.3464,0.3867,-0.0127,94.8092,75.6031,-7.1603
243357.8783,110288,48,-0.3582,0.3787,-0.0454,95.2214,71.9084,-14.2748
243357.8783,110298,48,-0.3745,0.3357,-0.1067,91.5725,66.3053,-21.8626
243357.8783,110308,48,-0.3794,0.2644,-0.1643,90.8244,59.1298,-29.1756
243357.8783,110318,48,-0.4006,0.2339,-0.1907,91.7710,51.2366,-33.7405
243357.8783,110328,48,-0.4097,0.2681,-0.1868,93.6183,42.7939,-36.6412
243357.8783,110338,48,-0.3958,0.2388,-0.1909,92.2290,34.3053,-41.5725
243357.8783,110348,48,-0.3877,0.2339,-0.1592,92.3511,26.5191,-46.9618
243357.8783,110358,48,-0.3826,0.2397,-0.1421,92.1832,20.7481,-52.9008
243357.9432,110368,49,-0.3835,0.2288,-0.1426,89.0534,15.6183,-59.7863
243357.9432,110378,49,-0.3967,0.2422,-0.1382,86.0611,9.0076,-66.4427
243357.9432,110388,49,-0.3904,0.2656,-0.1218,83.7252,0.3359,-73.4198
243357.9432,110398,49,-0.3750,0.2742,-0.0847,82.9160,-8.3053,-83.3282
243357.9432,110408,49,-0.3525,0.2522,-0.0769,81.7252,-14.7634,-96.0611
243357.9432,110418,49,-0.3335,0.1733,-0.0940,77.7099,-20.7939,-111.4198
243357.9432,110428,49,-0.2944,0.0322,-0.1147,72.1832,-28.7328,-126.9008
243357.9432,110438,49,-0.2546,-0.1365,-0.1011,67.1298,-37.7405,-139.4962
243357.9432,110448,49,-0.2109,-0.3447,-0.0857,61.1603,-45.4656,-148.1527
243357.9432,110458,49,-0.1787,-0.5122,-0.0618,58.4275,-50.2290,-150.1221
243358.1144,110468,50,-0.1470,-0.6357,-0.0205,60.0000,-53.9389,-145.4656
243358.1144,110478,50,-0.1582,-0.7024,0.0022,62.5649,-54.4275,-136.3969
243358.1144,110488,50,-0.1987,-0.7151,-0.0378,63.6641,-55.9389,-124.9008
243358.1144,110498,50,-0.2239,-0.7002,-0.0911,64.3053,-61.3588,-115.7710
243358.1144,110508,50,-0.2791,-0.7307,-0.1614,62.4427,-66.9924,-112.7481
243358.1144,110518,50,-0.3271,-0.7908,-0.1970,57.9695,-76.2901,-114.5802
243358.1144,110528,50,-0.3760,-0.8633,-0.1326,50.3969,-89.6031,-117.2366
243358.1144,110538,50,-0.3879,-1.0015,-0.0481,39.6947,-104.2290,-116.5344
243358.1144,110548,50,-0.3850,-1.0969,0.0757,36.6565,-113.6489,-111.5267
243358.1144,110558,50,-0.4294,-1.1475,0.1682,35.0840,-116.2595,-101.8015
243358.1164,110568,51,-0.4426,-1.1824,0.2583,31.0076,-118.2443,-89.0992
243358.1164,110578,51,-0.4858,-1.2410,0.2922,25.8626,-116.2443,-75.8779
243358.1164,110588,51,-0.5608,-1.3018,0.2617,23.4962,-113.0076,-63.1145
243358.1164,110598,51,-0.6104,-1.3364,0.2466,20.1985,-115.5420,-50.7023
243358.1164,110608,51,-0.6567,-1.3582,0.2683,12.0305,-121.1450,-38.0153
243358.1164,110618,51,-0.7131,-1.3472,0.3425,3.1603,-124.9313,-24.9771
243358.1164,110628,51,-0.7251,-1.2810,0.4546,-4.1985,-128.0611,-12.4122
243358.1164,110638,51,-0.7900,-1.1775,0.5740,-10.3511,-125.2672,-0.6565
243358.1164,110648,51,-0.8281,-1.0701,0.6770,-15.3282,-121.9847,8.0763
243358.1164,110658,51,-0.8655,-1.0015,0.7698,-20.9771,-120.6412,13.8321
243358.2414,110668,52,-0.8870,-0.9448,0.8191,-28.5954,-120.5344,18.5191
243358.2414,110678,52,-0.8784,-0.9131,0.8442,-35.0687,-120.8702,20.7176
243358.2414,110688,52,-0.8794,-0.9216,0.8616,-38.6718,-119.5420,20.7481
243358.2414,110698,52,-0.8652,-0.9414,0.8672,-40.1374,-117.2519,21.0076
243358.2414,110708,52,-0.8677,-1.0042,0.8384,-45.6031,-114.4885,22.9466
243358.2414,110718,52,-0.8516,-1.0901,0.8052,-51.6183,-112.3206,28.3817
243358.2414,110728,52,-0.8621,-1.1096,0.7776,-49.4962,-106.0153,38.2137
243358.2414,110738,52,-0.9099,-1.0820,0.7710,-47.8473,-98.9618,51.3588
243358.2414,110748,52,-0.9497,-0.9812,0.7708,-49.2214,-94.7481,67.1298
243358.2414,110758,52,-0.9832,-0.8523,0.8110,-49.5115,-92.1069,79.2214
243358.2952,110768,53,-1.0359,-0.7385,0.8472,-50.3969,-88.2901,86.3664
243358.2952,110778,53,-1.0693,-0.6592,0.8567,-55.3282,-86.0611,90.3817
243358.2952,110788,53,-1.0847,-0.5984,0.8821,-60.7328,-83.3282,92.6718
243358.2952,110798,53,-1.1013,-0.5415,0.9128,-63.6794,-78.0305,94.0763
243358.2952,110808,53,-1.1323,-0.4670,0.9412,-63.4962,-72.0153,95.3130
243358.2952,110818,53,-1.1367,-0.3945,0.9937,-62.0000,-65.9084,94.6260
243358.2952,110828,53,-1.1577,-0.3435,1.0415,-60.9771,-57.7710,90.4580
243358.2952,110838,53,-1.1731,-0.3508,1.0310,-62.5038,-50.8702,84.3969
243358.2952,110848,53,-1.1516,-0.3970,1.0005,-63.8321,-45.8168,78.7176
243358.2952,110858,53,-1.1387,-0.4380,1.0027,-62.5344,-42.6107,75.1908
243358.4765,110868,54,-1.1099,-0.4470,1.0635,-61.1756,-40.7786,74.5954
243358.4765,110878,54,-1.0713,-0.4319,1.1279,-61.2061,-36.2901,76.5344
243358.4765,110888,54,-1.0486,-0.4043,1.1799,-61.0382,-28.8244,79.3282
243358.4765,110898,54,-1.0266,-0.3728,1.2246,-58.6107,-20.3817,81.8015
243358.4765,110908,54,-1.0159,-0.3269,1.2605,-55.7405,-11.1603,84.6107
243358.4765,110918,54,-1.0151,-0.2927,1.2715,-53.6183,-1.4656,86.9771
243358.4765,110928,54,-1.0117,-0.2781,1.2646,-51.8321,7.3435,89.2519
243358.4765,110938,54,-1.0010,-0.2341,1.2480,-48.2137,14.4580,92.4427
243358.4765,110948,54,-0.9783,-0.1772,1.2432,-44.4580,20.1985,96.1374
243358.4765,110958,54,-0.9441,-0.1111,1.2629,-41.4351,24.9466,99.4962
243358.5938,110968,55,-0.9297,-0.0449,1.2515,-38.9160,30.4275,102.1679
243358.5938,110978,55,-0.9146,0.0437,1.2517,-35.5420,36.9924,104.6870
243358.5938,110988,55,-0.8862,0.1111,1.2280,-33.4809,43.4504,105.2519
243358.5938,110998,55,-0.8701,0.1919,1.2048,-30.5954,50.7786,103.4962
243358.5938,111008,55,-0.8699,0.2456,1.1594,-28.9771,57.0534,100.1832
243358.5938,111018,55,-0.8574,0.2520,1.0796,-26.2443,63.9847,95.0382
243358.5938,111028,55,-0.8672,0.2522,1.0198,-21.2977,71.2977,88.8550
243358.5938,111038,55,-0.8684,0.2441,0.9780,-17.4504,75.6794,85.0992
243358.5938,111048,55,-0.8323,0.2454,0.9944,-12.7786,76.3206,84.9466
243358.5938,111058,55,-0.8008,0.3137,1.0654,-4.4122,77.8015,87.2977
243358.5945,111068,56,-0.7588,0.3975,1.1184,3.6794,82.1527,89.4809
243358.5945,111078,56,-0.7236,0.4980,1.1179,10.4427,89.4046,89.4809
243358.5945,111088,56,-0.6921,0.5840,1.1008,16.8702,96.9160,85.9084
243358.5945,111098,56,-0.6462,0.6560,1.0366,22.2748,104.1985,78.3053
243358.5945,111108,56,-0.6562,0.6550,0.9136,22.1679,109.7863,69.0382
243358.5945,111118,56,-0.6184,0.6360,0.7715,21.8931,110.5802,58.8855
243358.5945,111128,56,-0.5896,0.5984,0.6431,22.7328,110.3511,50.8702
243358.5945,111138,56,-0.5701,0.5857,0.5432,26.4275,108.9924,45.4809
243358.5945,111148,56,-0.5264,0.5579,0.4834,32.7481,106.7481,40.6260
243358.5945,111158,56,-0.5129,0.5166,0.4338,43.2977,108.0305,34.8397
243358.7738,111168,57,-0.5027,0.4661,0.3643,53.7252,109.7710,29.8168
243358.7738,111178,57,-0.5125,0.4453,0.2913,61.4351,107.1908,28.0916
243358.7738,111188,57,-0.4910,0.4351,0.2300,69.3588,100.8244,27.6336
243358.7738,111198,57,-0.4937,0.4521,0.2185,81.1145,97.9237,26.4580
243358.7738,111208,57,-0.5376,0.4468,0.1924,92.7481,96.3511,22.2748
243358.7738,111218,57,-0.5518,0.3782,0.1309,100.0763,92.4733,15.1908
243358.7738,111228,57,-0.5645,0.2913,0.0933,105.5267,88.0458,9.5725
243358.7738,111238,57,-0.5530,0.2119,0.0564,111.3130,82.4885,5.5420
243358.7738,111248,57,-0.5671,0.2307,0.0669,119.7557,77.9695,1.4351
243358.7738,111258,57,-0.5244,0.1965,0.0879,118.3511,70.6565,-2.0916
243358.8924,111268,58,-0.5103,0.1904,0.1040,114.3817,65.3282,-6.8702
243358.8924,111278,58,-0.4841,0.1826,0.1084,108.5038,59.9847,-11.7099
243358.8924,111288,58,-0.4722,0.1650,0.0898,104.5038,55.9695,-16.2137
243358.8924,111298,58,-0.4719,0.1555,0.0686,104.3511,52.5191,-20.8244
243358.8924,111308,58,-0.4780,0.1682,0.0508,106.4275,49.3435,-25.7710
243358.8924,111318,58,-0.4668,0.1707,0.0115,105.1603,45.1908,-32.0611
243358.8924,111328,58,-0.4595,0.1377,-0.0405,100.5191,40.4580,-39.8626
243358.8924,111338,58,-0.4507,0.0979,-0.0808,97.3588,34.5954,-47.5267
243358.8924,111348,58,-0.4341,0.0361,-0.1223,94.8550,28.3664,-54.5038
243358.8924,111358,58,-0.4336,-0.0090,-0.1477,91.5267,21.4656,-59.0229
243358.9015,111368,59,-0.4082,-0.0488,-0.1299,88.5802,12.5802,-61.1145
243358.9015,111378,59,-0.4019,-0.0732,-0.1050,86.6870,6.9618,-61.9847
243358.9015,111388,59,-0.4280,-0.0615,-0.1194,87.3435,6.2901,-61.5725
243358.9015,111398,59,-0.4468,-0.0266,-0.1807,87.5878,3.1908,-62.3817
243358.9015,111408,59,-0.4541,0.0000,-0.2256,85.4962,-5.0534,-66.0305
243358.9015,111418,59,-0.4407,0.0168,-0.2178,83.4504,-16.2137,-72.7023
243358.9015,111428,59,-0.4211,0.0320,-0.1521,78.5802,-27.7863,-82.1221
243358.9015,111438,59,-0.3750,0.0107,-0.1379,66.0458,-40.2748,-92.9313
243358.9015,111448,59,-0.3237,-0.0881,-0.1304,53.9237,-49.2824,-104.5038
243358.9015,111458,59,-0.2820,-0.1638,-0.1216,52.9771,-58.0000,-113.2061
243359.0724,111468,60,-0.2385,-0.2239,-0.1138,56.1374,-66.3053,-118.1069
243359.0724,111478,60,-0.2188,-0.3003,-0.1511,58.9924,-72.1527,-121.5878
243359.0724,111488,60,-0.2275,-0.3723,-0.1750,62.0763,-76.1679,-126.3511
243359.0724,111498,60,-0.2444,-0.4624,-0.1860,63.7405,-82.9618,-132.3817
243359.0724,111508,60,-0.2542,-0.5889,-0.1768,61.8321,-96.3969,-138.9466
243359.0724,111518,60,-0.2454,-0.7698,-0.1316,54.8244,-113.2214,-144.3053
243359.0724,111528,60,-0.2241,-0.9470,-0.0237,44.9924,-131.3588,-143.7557
243359.0724,111538,60,-0.1978,-1.1033,0.1248,35.8473,-146.6870,-134.9771
243359.0724,111548,60,-0.1489,-1.2244,0.2549,32.0305,-153.8779,-120.5802
243359.0724,111558,60,-0.1675,-1.2908,0.3486,32.2137,-151.4504,-101.6794
243359.1938,111568,61,-0.2122,-1.3083,0.3965,31.1908,-144.1069,-80.6260
243359.1938,111578,61,-0.3213,-1.2996,0.3804,27.7405,-136.1679,-59.4809
243359.1938,111588,61,-0.4250,-1.2900,0.3433,24.7176,-133.0840,-42.1221
243359.1938,111598,61,-0.5264,-1.2651,0.3540,22.0153,-134.6107,-28.3053
243359.1938,111608,61,-0.6255,-1.2244,0.4167,17.1756,-139.3740,-16.5344
243359.1938,111618,61,-0.6746,-1.1516,0.5442,11.4809,-143.6641,-7.7863
243359.1938,111628,61,-0.7212,-1.1167,0.6372,2.0000,-144.7023,0.3817
243359.1938,111638,61,-0.7764,-1.0684,0.6865,-7.1756,-141.7099,8.4427
243359.1938,111648,61,-0.8247,-0.9951,0.7126,-13.0687,-138.1527,15.9695
243359.1938,111658,61,-0.8884,-0.9177,0.7397,-16.8855,-134.1832,21.3130
243359.2005,111668,62,-0.9294,-0.8738,0.7534,-20.9924,-129.4504,23.3893
243359.2005,111678,62,-0.9763,-0.8635,0.7551,-27.1450,-126.0458,23.5573
243359.2005,111688,62,-0.9937,-0.8792,0.7546,-33.5420,-124.1069,24.4580
243359.2005,111698,62,-0.9910,-0.9089,0.7786,-38.6107,-123.2366,26.5954
243359.2005,111708,62,-1.0271,-0.9231,0.8374,-41.6794,-121.3588,31.2061
243359.2005,111718,62,-1.0334,-0.9011,0.9241,-42.3206,-120.1679,37.6641
243359.2005,111728,62,-1.0396,-0.8706,1.0466,-43.8015,-116.3664,43.7252
243359.2005,111738,62,-1.0562,-0.8774,1.1306,-47.9389,-107.7710,49.8473
243359.2005,111748,62,-1.0564,-0.8831,1.1421,-50.5649,-97.4504,56.7634
243359.2005,111758,62,-1.0779,-0.8716,1.1077,-50.2443,-88.1832,64.3664
243359.3173,111768,63,-1.0811,-0.8071,1.1177,-48.4885,-81.2824,72.5038
243359.3173,111778,63,-1.0825,-0.7429,1.1462,-51.8626,-75.0382,78.8397
243359.3173,111788,63,-1.0623,-0.6985,1.1443,-56.3511,-67.7405,83.0992
243359.3173,111798,63,-1.0581,-0.6453,1.1235,-56.8244,-58.6412,86.2595
243359.3173,111808,63,-1.0518,-0.5767,1.1177,-57.0840,-52.1679,89.4809
243359.3173,111818,63,-1.0312,-0.5066,1.1487,-58.6260,-47.4046,92.3817
243359.3173,111828,63,-1.0054,-0.4280,1.1958,-59.9695,-40.2443,94.2901
243359.3173,111838,63,-0.9934,-0.3643,1.2166,-59.0229,-31.2366,95.0382
243359.3173,111848,63,-0.9692,-0.3198,1.2495,-55.8473,-23.8626,94.7023
243359.3173,111858,63,-0.9565,-0.2825,1.2847,-52.1679,-16.5038,94.2901
243359.5001,111868,64,-0.9580,-0.2339,1.3103,-51.9847,-9.4198,94.9924
243359.5001,111878,64,-0.9382,-0.2009,1.3440,-54.6718,-3.0534,95.5573
243359.5001,111888,64,-0.9480,-0.1565,1.3523,-54.6718,6.0611,96.2595
243359.5001,111898,64,-0.9470,-0.0847,1.3445,-51.2214,15.8779,98.1832
243359.5001,111908,64,-0.9624,-0.0066,1.3093,-46.8244,25.8321,99.8015
243359.5001,111918,64,-0.9766,0.0649,1.2551,-42.0000,34.1374,99.7863
243359.5001,111928,64,-0.9963,0.1318,1.1914,-37.6031,40.7023,99.5573
243359.5001,111938,64,-1.0000,0.1960,1.1406,-35.4351,45.2824,97.6336
243359.5001,111948,64,-0.9985,0.2400,1.1189,-31.7710,48.8702,92.9313
243359.5001,111958,64,-0.9756,0.2444,1.1050,-26.6412,51.8626,87.0229
243359.5524,111968,65,-0.9465,0.2666,1.1133,-17.8931,54.9466,81.8779
243359.5524,111978,65,-0.9019,0.2925,1.1484,-10.9313,57.4351,77.3435
243359.5524,111988,65,-0.8594,0.2878,1.1604,-8.0763,61.5115,73.0076
243359.5524,111998,65,-0.8223,0.2764,1.1526,-6.5191,66.9618,69.3740
243359.5524,112008,65,-0.7925,0.2622,1.1077,-4.1221,72.7786,66.1985
243359.5524,112018,65,-0.7705,0.2593,1.0659,-1.7863,77.4351,64.0305
243359.5524,112028,65,-0.7480,0.2393,1.0242,-0.2443,82.9160,62.7634
243359.5524,112038,65,-0.7312,0.2693,0.9783,6.1069,89.3588,62.4885
243359.5524,112048,65,-0.7395,0.2815,0.8965,8.8550,92.4580,62.4122
243359.5524,112058,65,-0.7319,0.2583,0.8196,10.6260,93.5725,61.9847
243359.6143,112068,66,-0.6978,0.2700,0.7866,19.6336,95.0687,62.0763
243359.6143,112078,66,-0.7156,0.3069,0.7620,30.3359,99.6794,62.0000
243359.6143,112088,66,-0.7229,0.3318,0.7073,37.4656,101.0076,61.6489
243359.6143,112098,66,-0.7205,0.3765,0.6614,42.5038,99.6641,61.5725
243359.6143,112108,66,-0.7087,0.4167,0.6433,47.5267,97.1756,60.1221
243359.6143,112118,66,-0.6831,0.4539,0.6460,52.7328,96.6870,55.6641
243359.6143,112128,66,-0.6853,0.4666,0.6206,57.9695,99.2824,49.3130
243359.6143,112138,66,-0.6868,0.4624,0.5754,59.2672,98.0458,42.5802
243359.6143,112148,66,-0.6592,0.4268,0.5288,60.1069,93.1756,36.1374
243359.6143,112158,66,-0.6287,0.3789,0.4983,63.0229,89.3282,30.5496
243359.7989,112168,67,-0.5886,0.3416,0.4775,66.5954,87.9847,26.7023
243359.7989,112178,67,-0.5906,0.3416,0.4507,72.0153,91.8626,24.0000
243359.7989,112188,67,-0.5933,0.3774,0.4214,75.5420,93.3130,21.5115
243359.7989,112198,67,-0.5923,0.3447,0.3464,74.9008,89.1145,18.2290
243359.7989,112208,67,-0.5547,0.3486,0.3367,78.7328,84.0611,12.3359
243359.7989,112218,67,-0.5425,0.3186,0.3027,83.4504,82.6565,5.5573
243359.7989,112228,67,-0.5498,0.2732,0.2673,84.7176,82.2290,-1.2061
243359.7989,112238,67,-0.5544,0.2561,0.2444,83.4809,77.8626,-5.0076
243359.7989,112248,67,-0.5132,0.2239,0.2361,83.0534,70.9771,-8.8092
243359.7989,112258,67,-0.5100,0.2395,0.2412,85.9542,68.2748,-13.5420
243359.8527,112268,68,-0.5181,0.2561,0.2256,86.5802,67.6336,-17.7710
243359.8527,112278,68,-0.5090,0.2673,0.2051,87.3130,66.0153,-23.5573
243359.8527,112288,68,-0.5081,0.2578,0.1782,87.3588,64.8550,-31.1908
243359.8527,112298,68,-0.5024,0.2134,0.1226,85.8931,64.2137,-39.1145
243359.8527,112308,68,-0.4910,0.1975,0.0513,86.0611,61.2672,-46.9160
243359.8527,112318,68,-0.4612,0.1409,0.0066,82.3817,55.1756,-52.3053
243359.8527,112328,68,-0.4529,0.0823,-0.0283,80.6870,50.1832,-55.7863
243359.8527,112338,68,-0.4346,0.0793,-0.0544,85.0534,47.4198,-60.1985
243359.8527,112348,68,-0.4172,0.0530,-0.0918,85.8321,44.1221,-65.4046
243359.8527,112358,68,-0.4141,0.0010,-0.1348,85.2824,40.0916,-70.1221
243359.9159,112368,69,-0.4192,0.0103,-0.1992,83.6947,34.0000,-75.3282
243359.9159,112378,69,-0.4053,-0.0217,-0.2339,76.7481,24.9466,-80.1221
243359.9159,112388,69,-0.3950,-0.0962,-0.2588,70.7634,15.9084,-85.5267
243359.9159,112398,69,-0.3550,-0.1389,-0.2476,67.0840,5.4504,-89.8779
243359.9159,112408,69,-0.3140,-0.2058,-0.2388,64.7786,-4.5649,-93.2366
243359.9159,112418,69,-0.2632,-0.2664,-0.1921,63.4656,-13.2214,-94.6107
243359.9159,112428,69,-0.2568,-0.3113,-0.1895,62.6260,-18.6107,-95.1450
243359.9159,112438,69,-0.2375,-0.3647,-0.1746,60.9466,-25.5115,-95.7405
243359.9159,112448,69,-0.2542,-0.4355,-0.1729,58.0763,-31.2824,-96.0611
243359.9159,112458,69,-0.2717,-0.5132,-0.2119,54.0458,-36.9313,-95.2061
243360.0345,112468,70,-0.3452,-0.5933,-0.2839,52.7023,-53.6947,-87.7863
243360.0345,112478,70,-0.3618,-0.5850,-0.2869,53.7710,-65.4351,-83.3435
243360.0345,112488,70,-0.3735,-0.5796,-0.2554,52.2595,-78.6718,-80.4580
243360.0345,112498,70,-0.3616,-0.5732,-0.1716,48.0458,-91.7252,-79.6489
243360.0345,112508,70,-0.3782,-0.6155,-0.1396,41.2366,-99.1450,-81.3130
243360.0345,112518,70,-0.3958,-0.6963,-0.1284,35.8931,-107.1756,-84.8855
243360.0345,112528,70,-0.3989,-0.7944,-0.0874,30.0153,-117.6031,-87.8015
243360.0345,112538,70,-0.4004,-0.9067,-0.0061,23.0840,-127.6336,-88.4885
243360.0345,112548,70,-0.4065,-1.0491,0.0952,16.3206,-133.9084,-85.8015
243360.0345,112558,70,-0.4263,-1.1499,0.1624,12.4580,-136.3053,-77.2977
243360.1605,112568,71,-0.4502,-1.1929,0.2231,11.4504,-137.9542,-63.8168
243360.1605,112578,71,-0.4966,-1.1919,0.2859,10.9618,-139.3130,-48.1221
243360.1605,112588,71,-0.5376,-1.1499,0.3591,10.5649,-140.6870,-33.5725
243360.1605,112598,71,-0.5942,-1.0923,0.4209,7.5573,-141.3282,-23.0229
243360.1605,112608,71,-0.6755,-1.0627,0.4602,-0.3206,-141.2977,-16.0611
243360.1605,112618,71,-0.7222,-1.0574,0.5115,-9.2672,-143.8015,-11.4809
243360.1605,112628,71,-0.7676,-1.0542,0.5894,-18.4885,-147.2366,-7.5115
243360.1605,112638,71,-0.8047,-1.0671,0.6750,-27.8473,-148.2595,-2.4122
243360.1605,112648,71,-0.8203,-1.0605,0.7751,-32.4122,-146.7328,3.3893
243360.1605,112658,71,-0.8711,-1.0791,0.8401,-36.4275,-140.8855,9.8015
243360.2147,112668,72,-0.9136,-1.0525,0.8992,-39.6031,-135.0229,17.9847
243360.2147,112678,72,-0.9617,-0.9907,0.9731,-43.2214,-129.5115,26.2748
243360.2147,112688,72,-0.9956,-0.9470,1.0164,-47.4351,-122.7481,32.6718
243360.2147,112698,72,-1.0261,-0.9294,1.0391,-52.6718,-115.4046,37.1908
243360.2147,112708,72,-1.0605,-0.9253,1.0342,-58.1221,-108.4427,42.3664
243360.2147,112718,72,-1.0769,-0.9060,1.0513,-62.3206,-103.0840,47.8473
243360.2147,112728,72,-1.1008,-0.8677,1.0967,-65.9847,-98.6260,53.5420
243360.2147,112738,72,-1.1086,-0.8225,1.1260,-68.8397,-92.8244,59.6794
243360.2147,112748,72,-1.1184,-0.7605,1.1433,-70.4427,-84.6107,64.6107
243360.2147,112758,72,-1.1125,-0.7236,1.1243,-73.9389,-79.0840,68.5802
243360.3982,112768,73,-1.0742,-0.7019,1.1104,-74.1069,-74.0763,72.0000
243360.3982,112778,73,-1.0610,-0.6743,1.0981,-71.5267,-66.3511,75.4656
243360.3982,112788,73,-1.0591,-0.6238,1.1108,-69.4198,-59.4656,80.3969
243360.3982,112798,73,-1.0242,-0.5735,1.1565,-68.4885,-54.3511,85.4046
243360.3982,112808,73,-1.0161,-0.5298,1.1936,-68.7176,-46.6412,88.9466
243360.3982,112818,73,-1.0078,-0.4673,1.2202,-67.8473,-37.4504,92.8855
243360.3982,112828,73,-1.0176,-0.4192,1.2246,-66.6260,-27.8779,95.9389
243360.3982,112838,73,-1.0205,-0.3499,1.2332,-63.3282,-20.5649,98.0916
243360.3982,112848,73,-1.0369,-0.2578,1.2637,-60.7939,-13.5267,99.7863
243360.3982,112858,73,-1.0327,-0.1829,1.2891,-61.9084,-7.3282,99.4809
243360.5126,112868,74,-1.0208,-0.1555,1.2896,-62.1527,0.1374,96.2595
243360.5126,112878,74,-1.0247,-0.1526,1.2446,-59.7252,9.0992,93.2366
243360.5126,112888,74,-1.0337,-0.1270,1.1902,-56.3664,16.0000,92.6718
243360.5126,112898,74,-1.0168,-0.0852,1.1982,-54.7786,20.2443,93.1603
243360.5126,112908,74,-0.9785,-0.0310,1.2505,-52.5649,25.2977,94.2443
243360.5126,112918,74,-0.9709,0.0229,1.2798,-48.3359,34.9313,95.5573
243360.5126,112928,74,-0.9619,0.0842,1.2710,-41.4198,46.7481,96.6260
243360.5126,112938,74,-0.9922,0.1648,1.2446,-32.5038,58.7481,95.5878
243360.5126,112948,74,-1.0039,0.1887,1.1755,-28.5954,67.6947,92.3206
243360.5126,112958,74,-1.0271,0.1899,1.0938,-26.1221,75.2672,88.6870
243360.5146,112968,75,-1.0281,0.1504,1.0156,-23.6336,79.3435,85.3893
243360.5146,112978,75,-1.0032,0.1199,0.9824,-19.3893,82.0458,84.1069
243360.5146,112988,75,-0.9712,0.1208,0.9678,-13.8626,85.4809,85.4656
243360.5146,112998,75,-0.9421,0.1384,0.9543,-7.3282,89.4809,88.1527
243360.5146,113008,75,-0.9153,0.1831,0.9265,1.7863,94.4885,91.4656
243360.5146,113018,75,-0.9023,0.2175,0.8767,9.0840,100.6718,93.1756
243360.5146,113028,75,-0.8838,0.2817,0.8269,15.3893,104.6565,95.2672
243360.5146,113038,75,-0.8667,0.3467,0.7957,22.2748,107.2366,94.9160
243360.5146,113048,75,-0.8477,0.3979,0.7778,27.7099,108.8397,92.5954
243360.5146,113058,75,-0.8235,0.4397,0.7539,33.7863,109.9695,88.6870
243360.6931,113068,76,-0.7935,0.4492,0.7256,39.7557,111.0840,82.4733
243360.6931,113078,76,-0.7783,0.4312,0.6797,45.5115,111.3435,75.3130
243360.6931,113088,76,-0.7278,0.4109,0.6531,50.5954,110.2137,69.4809
243360.6931,113098,76,-0.6711,0.4192,0.6548,55.4198,108.0305,66.0153
243360.6931,113108,76,-0.6250,0.4143,0.6365,61.1450,107.5267,62.6412
243360.6931,113118,76,-0.5747,0.4319,0.6152,67.7252,108.5649,59.4656
243360.6931,113128,76,-0.5371,0.4712,0.5762,72.4580,109.2366,56.7634
243360.6931,113138,76,-0.5000,0.4863,0.5012,76.1985,109.6947,52.4427
243360.6931,113148,76,-0.4656,0.4863,0.4319,80.3511,108.6107,46.7176
243360.6931,113158,76,-0.4365,0.5039,0.3765,83.2061,105.3130,40.7786
243360.7588,113168,77,-0.4048,0.5020,0.3330,84.5191,101.5115,33.4504
243360.7588,113178,77,-0.3674,0.4609,0.2793,83.5725,97.8168,25.2214
243360.7588,113188,77,-0.3411,0.4180,0.2146,83.3435,94.6107,18.4427
243360.7588,113198,77,-0.3184,0.4116,0.1545,85.5115,90.4275,13.3435
243360.7588,113208,77,-0.3098,0.3557,0.0950,87.5267,85.5267,7.8168
243360.7588,113218,77,-0.2986,0.2830,0.0276,90.6565,81.2977,2.8550
243360.7588,113228,77,-0.3083,0.2751,-0.0232,93.4656,76.6718,1.6336
243360.7588,113238,77,-0.3123,0.3035,-0.0710,96.1221,71.4351,0.8092
243360.7588,113248,77,-0.3398,0.3066,-0.1333,97.7099,66.4733,-2.1527
243360.7588,113258,77,-0.3760,0.3218,-0.1885,101.1450,60.4427,-6.0611
243360.8219,113268,78,-0.4089,0.3701,-0.2207,104.4275,52.7939,-10.1374
243360.8219,113278,78,-0.4363,0.4180,-0.2395,104.2748,44.6870,-16.7176
243360.8219,113288,78,-0.4648,0.3955,-0.2598,99.9084,36.1527,-25.6183
243360.8219,113298,78,-0.4553,0.3840,-0.2502,98.3664,26.0458,-34.8092
243360.8219,113308,78,-0.4453,0.3503,-0.2241,97.1298,16.8702,-44.4427
243360.8219,113318,78,-0.4346,0.3093,-0.2092,96.4885,9.1450,-53.8779
243360.8219,113328,78,-0.4126,0.2498,-0.1931,94.2137,2.2137,-62.7786
243360.8219,113338,78,-0.3826,0.1782,-0.1689,91.5725,-4.0611,-71.4504
243360.8219,113348,78,-0.3611,0.0881,-0.1899,90.9160,-7.0534,-79.9695
243360.8219,113358,78,-0.3547,0.0088,-0.2200,90.9160,-11.5267,-87.4809
243360.9341,113368,79,-0.3008,-0.0818,-0.2300,87.4656,-21.7405,-93.7099
243360.9341,113378,79,-0.2405,-0.1548,-0.1909,82.4580,-32.1527,-98.8092
243360.9341,113388,79,-0.1736,-0.2336,-0.1584,76.0458,-41.4962,-103.1756
243360.9341,113398,79,-0.1548,-0.3206,-0.1455,69.0840,-48.8092,-106.5038
243360.9341,113408,79,-0.1423,-0.3987,-0.1438,63.1145,-56.7786,-108.3206
243360.9341,113418,79,-0.1311,-0.4719,-0.1418,56.6107,-64.8702,-108.2901
243360.9341,113428,79,-0.1543,-0.5657,-0.1362,51.0382,-71.2366,-107.4656
243360.9341,113438,79,-0.1848,-0.6580,-0.1799,48.5954,-76.0153,-106.0000
243360.9341,113448,79,-0.2266,-0.7405,-0.2070,47.6641,-84.1221,-102.1221
243360.9341,113458,79,-0.2502,-0.7861,-0.1641,48.1374,-96.5191,-95.6641
243361.1139,113468,80,-0.2932,-0.7957,-0.0845,48.5496,-108.2290,-88.4733
243361.1139,113478,80,-0.3240,-0.8071,0.0137,45.6031,-118.9466,-81.9237
243361.1139,113488,80,-0.3462,-0.8389,0.1262,40.3664,-123.5573,-76.5802
243361.1139,113498,80,-0.4189,-0.8818,0.1658,34.0458,-122.2137,-71.1298
243361.1139,113508,80,-0.4829,-0.9573,0.1174,28.3664,-122.2748,-64.2290
243361.1139,113518,80,-0.5298,-0.9951,0.1191,25.8931,-126.1527,-56.7634
243361.1139,113528,80,-0.6094,-0.9832,0.1631,22.1069,-129.8015,-48.7023
243361.1139,113538,80,-0.7014,-0.9426,0.2356,14.2443,-132.8092,-41.8015
243361.1139,113548,80,-0.7996,-0.9316,0.3142,2.1527,-136.2901,-38.6107
243361.1139,113558,80,-0.8428,-0.9260,0.4087,-6.6260,-140.4885,-36.4122
243361.1210,113568,81,-0.8821,-0.9033,0.5120,-9.0534,-141.4656,-33.7863
243361.1210,113578,81,-0.9189,-0.8931,0.5774,-10.5038,-142.9008,-30.1069
243361.1210,113588,81,-0.9214,-0.8860,0.6514,-13.3282,-146.3206,-25.6183
243361.1210,113598,81,-0.9011,-0.8762,0.7849,-16.7328,-147.7557,-21.5420
243361.1210,113608,81,-0.8994,-0.8936,0.8521,-23.6031,-142.3664,-18.3206
243361.1210,113618,81,-0.9148,-0.8794,0.8604,-30.7023,-134.3664,-13.6489
243361.1210,113628,81,-0.9231,-0.8472,0.8396,-37.1908,-129.0534,-7.8168
243361.1210,113638,81,-0.9419,-0.7932,0.8511,-38.6565,-125.0076,-2.3664
243361.1210,113648,81,-0.9568,-0.7515,0.8762,-38.7328,-121.3435,1.2061
243361.1210,113658,81,-0.9722,-0.7251,0.8997,-38.9466,-116.3817,3.0687
243361.2346,113668,82,-0.9836,-0.7729,0.8516,-43.3435,-109.6641,3.9389
243361.2346,113678,82,-0.9897,-0.8354,0.7776,-47.3740,-105.2977,6.9466
243361.2346,113688,82,-0.9856,-0.8352,0.7705,-48.1832,-105.2061,13.1145
243361.2346,113698,82,-0.9795,-0.8347,0.7947,-48.6718,-105.2824,19.8473
243361.2346,113708,82,-0.9875,-0.8247,0.8367,-48.9771,-104.0763,26.1069
243361.2346,113718,82,-0.9971,-0.8118,0.9082,-49.7099,-102.5191,33.5115
243361.2346,113728,82,-1.0024,-0.8130,0.9690,-48.9618,-98.1221,41.0229
243361.2346,113738,82,-1.0237,-0.8147,0.9988,-46.3511,-92.0611,48.9160
243361.2346,113748,82,-1.0190,-0.7869,1.0461,-44.3511,-85.5725,58.9008
243361.2346,113758,82,-1.0149,-0.7349,1.1067,-42.3817,-77.0382,68.5802
243361.4204,113768,83,-0.9939,-0.7307,1.1062,-43.8931,-68.3053,77.1756
243361.4204,113778,83,-1.0039,-0.6597,1.1125,-44.4733,-59.7863,84.1374
243361.4204,113788,83,-1.0125,-0.5549,1.1504,-44.8092,-51.8931,90.7023
243361.4204,113798,83,-1.0017,-0.4583,1.1948,-46.9160,-44.4427,94.6107
243361.4204,113808,83,-1.0061,-0.3767,1.2231,-50.1527,-35.8626,95.6183
243361.4204,113818,83,-1.0193,-0.3271,1.2410,-54.4427,-27.9389,94.4427
243361.4204,113828,83,-1.0366,-0.2983,1.2407,-56.9618,-20.7328,91.6641
243361.4204,113838,83,-1.0540,-0.2864,1.2400,-58.5038,-14.3359,88.4122
243361.4204,113848,83,-1.0894,-0.3103,1.2273,-61.1450,-8.8397,85.4809
243361.4204,113858,83,-1.1133,-0.3389,1.2266,-64.2290,-3.3588,84.0763
243361.4731,113868,84,-1.1133,-0.3606,1.2295,-66.8092,3.0840,85.0840
243361.4731,113878,84,-1.1089,-0.3176,1.2695,-66.0458,10.0305,89.2977
243361.4731,113888,84,-1.0999,-0.2192,1.3271,-63.1908,19.2672,94.7634
243361.4731,113898,84,-1.0779,-0.1309,1.3496,-58.9924,30.6718,98.2595
243361.4731,113908,84,-1.0574,-0.0254,1.3428,-53.8626,41.8015,99.7863
243361.4731,113918,84,-1.0215,0.0571,1.3259,-52.1679,49.6489,99.2977
243361.4731,113928,84,-0.9929,0.1118,1.2952,-53.4504,57.7405,97.2061
243361.4731,113938,84,-0.9644,0.1807,1.2415,-52.0000,65.1603,95.9389
243361.4731,113948,84,-0.9407,0.2092,1.1792,-48.5802,71.2366,94.8855
243361.4731,113958,84,-0.9053,0.2808,1.1533,-40.2595,76.5191,94.2290
243361.6547,113968,85,-0.8899,0.3645,1.1248,-33.6489,82.6718,93.4198
243361.6547,113978,85,-0.8865,0.4170,1.0586,-30.8855,88.2137,90.4885
243361.6547,113988,85,-0.8704,0.4412,0.9890,-28.8702,91.7863,85.9237
243361.6547,113998,85,-0.8362,0.4651,0.9590,-24.3511,93.4046,81.3435
243361.6547,114008,85,-0.8184,0.4958,0.9380,-17.8626,96.7176,76.9771
243361.6547,114018,85,-0.7747,0.5295,0.9109,-11.1145,100.8397,72.8550
243361.6547,114028,85,-0.7590,0.5605,0.8635,-4.7786,104.9924,69.4656
243361.6547,114038,85,-0.7297,0.5801,0.8091,2.3359,106.3511,65.6947
243361.6547,114048,85,-0.7158,0.5776,0.7361,8.1832,107.2824,61.2366
243361.6547,114058,85,-0.7000,0.5813,0.6670,16.3206,107.8168,56.6260
243361.7187,114068,86,-0.7031,0.5840,0.6138,25.2672,108.0458,51.4962
243361.7187,114078,86,-0.6897,0.5784,0.5654,31.9695,105.6641,46.5038
243361.7187,114088,86,-0.6909,0.5527,0.5247,37.8015,102.9008,42.2595
243361.7187,114098,86,-0.6760,0.5295,0.4893,45.7099,99.8168,38.4122
243361.7187,114108,86,-0.6619,0.5012,0.4639,53.8931,97.3893,34.9008
243361.7187,114118,86,-0.6484,0.4878,0.4434,59.8626,95.2061,32.3359
243361.7187,114128,86,-0.6294,0.4924,0.4431,65.8931,93.0076,30.4122
243361.7187,114138,86,-0.6025,0.4905,0.4446,72.7328,92.5802,26.8702
243361.7187,114148,86,-0.5901,0.4570,0.4124,78.6260,93.1298,22.9618
243361.7187,114158,86,-0.5581,0.4460,0.3730,83.9237,90.1832,19.2977
243361.7818,114168,87,-0.5325,0.4377,0.3748,87.9695,87.0534,15.3588
243361.7818,114178,87,-0.5144,0.4448,0.3567,92.1374,85.1908,10.1374
243361.7818,114188,87,-0.5117,0.4182,0.3311,92.0153,81.4504,3.5573
243361.7818,114198,87,-0.4761,0.3586,0.2583,91.4046,74.8855,-3.7557
243361.7818,114208,87,-0.4514,0.3250,0.2278,92.2595,69.4504,-9.7710
243361.7818,114218,87,-0.4148,0.2725,0.1855,93.2214,67.3740,-15.1908
243361.7818,114228,87,-0.4324,0.2075,0.1050,95.6031,67.3130,-20.6565
243361.7818,114238,87,-0.4497,0.1602,0.0535,97.1298,61.5725,-24.3969
243361.7818,114248,87,-0.3994,0.1001,0.0183,94.9924,52.8397,-26.5496
243361.7818,114258,87,-0.4163,0.0564,-0.0159,93.5878,49.8168,-27.2366
243361.8342,114268,88,-0.4287,0.0425,-0.0654,95.5878,45.0229,-27.9847
243361.8342,114278,88,-0.4209,0.0339,-0.0938,96.0305,36.2137,-29.0687
243361.8342,114288,88,-0.3909,0.0134,-0.0793,95.3588,27.2519,-31.2519
243361.8342,114298,88,-0.4021,-0.0032,-0.0674,94.3817,23.8779,-34.2290
243361.8342,114308,88,-0.3906,-0.0583,-0.0881,89.1145,18.8702,-36.8397
243361.8342,114318,88,-0.3906,-0.0955,-0.1057,86.7939,12.9313,-38.3206
243361.8342,114328,88,-0.3840,-0.1177,-0.1401,84.1985,4.6412,-38.8550
243361.8342,114338,88,-0.3713,-0.1262,-0.1597,83.1450,-1.6641,-39.6489
243361.8342,114348,88,-0.3694,-0.1541,-0.2056,82.4122,-5.3130,-42.0305
243361.8342,114358,88,-0.3982,-0.1448,-0.2578,81.4504,-11.1298,-46.0458
243361.8944,114368,89,-0.3777,-0.1365,-0.2422,79.3130,-22.1679,-49.0382
243361.8944,114378,89,-0.3669,-0.1719,-0.2021,74.5954,-32.0000,-54.9924
243361.8944,114388,89,-0.3728,-0.2312,-0.1914,67.6489,-40.7786,-60.6260
243361.8944,114398,89,-0.3655,-0.3147,-0.1819,61.5725,-51.0840,-63.6031
243361.8944,114408,89,-0.3550,-0.3813,-0.1523,60.1374,-59.9389,-64.1527
243361.8944,114418,89,-0.3564,-0.4038,-0.1274,61.9237,-65.5725,-63.3893
243361.8944,114428,89,-0.3862,-0.4233,-0.1375,60.9771,-71.6031,-62.5496
243361.8944,114438,89,-0.3940,-0.4324,-0.1033,56.9924,-80.4733,-62.6718
243361.8944,114448,89,-0.4067,-0.4534,-0.0540,51.8168,-89.6031,-64.4733
243361.8944,114458,89,-0.4126,-0.4919,0.0127,45.9847,-97.5267,-67.7405
243362.0727,114468,90,-0.3972,-0.5452,0.1133,40.8855,-105.5878,-71.0382
243362.0727,114478,90,-0.3999,-0.6213,0.1506,36.5954,-109.0992,-72.5038
243362.0727,114488,90,-0.4441,-0.6548,0.1677,33.8931,-112.1679,-71.6336
243362.0727,114498,90,-0.4307,-0.7161,0.2073,27.8779,-120.1221,-69.7405
243362.0727,114508,90,-0.4260,-0.7661,0.2617,24.7481,-125.7252,-67.1603
243362.0727,114518,90,-0.4365,-0.8042,0.2969,22.1679,-129.4198,-64.7023
243362.0727,114528,90,-0.4575,-0.8738,0.3350,16.3817,-134.5496,-62.0305
243362.0727,114538,90,-0.5027,-0.9629,0.3914,11.5420,-138.1069,-58.5344
243362.0727,114548,90,-0.5784,-1.0554,0.4177,5.2519,-141.4198,-52.6107
243362.0727,114558,90,-0.6223,-1.1260,0.4995,-0.5954,-145.8168,-42.5802
243362.1346,114568,91,-0.6816,-1.1262,0.6165,-2.5954,-146.0458,-27.2672
243362.1346,114578,91,-0.7874,-1.0798,0.6934,-3.3282,-141.2061,-10.1679
243362.1346,114588,91,-0.8567,-0.9917,0.7827,-4.9008,-138.1374,5.1756
243362.1346,114598,91,-0.9260,-0.8943,0.8672,-9.0992,-132.3053,16.8397
243362.1346,114608,91,-1.0269,-0.8035,0.8970,-14.8550,-121.7557,23.7710
243362.1346,114618,91,-1.0737,-0.7446,0.8691,-23.8931,-114.8550,26.5344
243362.1346,114628,91,-1.0942,-0.7168,0.8596,-32.0763,-111.1756,26.5191
243362.1346,114638,91,-1.1365,-0.6997,0.8784,-37.9542,-107.1450,25.7405
243362.1346,114648,91,-1.1389,-0.7073,0.8806,-44.2137,-102.4275,25.1603
243362.1346,114658,91,-1.1543,-0.7173,0.8638,-48.8702,-97.9389,25.1603
243362.2543,114668,92,-1.1697,-0.7351,0.8411,-54.0763,-95.0534,27.0382
243362.2543,114678,92,-1.1453,-0.7686,0.8403,-58.8550,-93.0076,30.8550
243362.2543,114688,92,-1.1169,-0.7817,0.8816,-59.9389,-90.2748,36.7328
243362.2543,114698,92,-1.1150,-0.7708,0.9346,-59.0534,-85.7557,44.2595
243362.2543,114708,92,-1.0903,-0.7527,0.9817,-59.9695,-81.3893,51.6947
243362.2543,114718,92,-1.0774,-0.7419,1.0366,-62.7634,-76.7328,58.1069
243362.2543,114728,92,-1.0852,-0.7195,1.0669,-66.6718,-69.5878,64.1679
243362.2543,114738,92,-1.0945,-0.7007,1.0693,-70.0153,-60.7634,69.6947
243362.2543,114748,92,-1.0876,-0.6570,1.0608,-71.2366,-52.1985,74.8397
243362.2543,114758,92,-1.1079,-0.5735,1.0479,-73.6031,-42.9313,79.9695
243362.4322,114768,93,-1.1011,-0.4707,1.0579,-77.6336,-36.8702,83.0076
243362.4322,114778,93,-1.0579,-0.4250,1.0691,-81.6794,-32.7939,82.6260
243362.4322,114788,93,-0.9893,-0.3525,1.0762,-79.7863,-28.5191,80.8702
243362.4322,114798,93,-0.9849,-0.3247,1.0684,-82.2748,-22.4885,80.1374
243362.4322,114808,93,-0.9319,-0.2961,1.0825,-86.3206,-20.4733,81.7557
243362.4322,114818,93,-0.9050,-0.2566,1.1191,-85.6641,-15.3588,84.9160
243362.4322,114828,93,-0.8960,-0.1665,1.1868,-81.6641,-8.3817,89.4198
243362.4322,114838,93,-0.9023,-0.0479,1.2539,-78.7786,-2.2901,93.1298
243362.4322,114848,93,-0.9109,0.0593,1.3025,-77.0229,4.2595,93.2824
243362.4322,114858,93,-0.8999,0.1123,1.2871,-78.4122,11.2672,90.7786
243362.4342,114868,94,-0.9062,0.1714,1.2539,-78.3511,18.0305,88.0611
243362.4342,114878,94,-0.8853,0.1860,1.1902,-76.6260,23.6336,84.5802
243362.4342,114888,94,-0.9167,0.1975,1.1350,-71.2214,31.3130,82.1832
243362.4342,114898,94,-0.9509,0.2349,1.0898,-62.9771,35.0229,82.5191
243362.4342,114908,94,-0.9561,0.2720,1.0640,-53.9084,35.8473,84.0000
243362.4342,114918,94,-0.9695,0.3362,1.0598,-43.6947,39.6336,85.0992
243362.4342,114928,94,-0.9739,0.4207,1.0811,-34.0611,42.9924,86.0763
243362.4342,114938,94,-0.9546,0.5129,1.1377,-22.9466,46.4580,85.2519
243362.4342,114948,94,-0.9473,0.6160,1.2021,-12.3511,51.8779,80.9771
243362.4342,114958,94,-0.9441,0.6780,1.2400,-8.1832,59.2824,72.7176
243362.6786,114968,95,-0.9524,0.6499,1.1897,-9.0992,68.4580,60.8092
243362.6786,114978,95,-0.9517,0.6094,1.1409,-8.3511,73.9847,48.7939
243362.6786,114988,95,-0.9326,0.5391,1.1111,-8.6107,76.1221,38.9618
243362.6786,114998,95,-0.9021,0.4250,1.0769,-9.1603,77.9389,32.0916
243362.6786,115008,95,-0.8694,0.3096,1.0042,-7.2366,82.1679,30.2443
243362.6786,115018,95,-0.8545,0.3000,0.9590,1.8779,86.7176,33.2672
243362.6786,115028,95,-0.8289,0.3115,0.9370,11.8626,89.7863,37.5725
243362.6786,115038,95,-0.8127,0.3804,0.9302,25.2977,94.9008,40.4885
243362.6786,115048,95,-0.8213,0.4197,0.8865,33.0229,99.3588,40.6718
243362.6786,115058,95,-0.8062,0.4653,0.8528,38.7634,98.7786,38.6260
243362.7328,115068,96,-0.7522,0.4690,0.8342,42.5954,96.9771,34.6412
243362.7328,115078,96,-0.7258,0.4790,0.8240,46.5649,99.2519,29.5725
243362.7328,115088,96,-0.6790,0.4624,0.7769,48.9160,99.8473,24.3511
243362.7328,115098,96,-0.6401,0.4456,0.7441,52.5191,100.7634,18.9160
243362.7328,115108,96,-0.5959,0.3940,0.6841,54.2901,101.5573,13.4962
243362.7328,115118,96,-0.5542,0.3433,0.5930,54.3664,103.3740,10.2290
243362.7328,115128,96,-0.5256,0.3318,0.5190,57.4351,103.9847,8.2443
243362.7328,115138,96,-0.4895,0.3311,0.4739,62.8855,103.0229,6.2137
243362.7328,115148,96,-0.4448,0.3306,0.4326,67.4046,101.2519,3.4198
243362.7328,115158,96,-0.4216,0.3374,0.3696,70.8855,99.9084,0.3511
243362.7424,115168,97,-0.3757,0.3220,0.2966,73.0840,97.3588,-3.6489
243362.7424,115178,97,-0.3579,0.2947,0.2324,73.7863,94.7786,-8.3053
243362.7424,115188,97,-0.3433,0.2468,0.1399,73.9389,92.4122,-12.7023
243362.7424,115198,97,-0.3401,0.2092,0.0325,76.1527,89.2672,-16.7634
243362.7424,115208,97,-0.3936,0.1414,-0.0857,75.8473,84.4733,-18.0763
243362.7424,115218,97,-0.3667,0.1218,-0.1226,76.4733,74.9466,-18.3359
243362.7424,115228,97,-0.3833,0.1040,-0.1423,81.7557,68.0458,-17.0992
243362.7424,115238,97,-0.4016,0.1382,-0.1240,87.9237,61.1756,-15.6336
243362.7424,115248,97,-0.4182,0.1567,-0.1492,89.4504,55.5573,-15.5725
243362.7424,115258,97,-0.4546,0.1511,-0.1807,90.2901,50.0611,-17.2214
243362.9131,115268,98,-0.4661,0.1794,-0.1504,93.6641,42.5496,-19.2672
243362.9131,115278,98,-0.4763,0.1929,-0.1299,94.4885,35.4656,-22.6260
243362.9131,115288,98,-0.4863,0.1836,-0.1479,92.5954,28.4427,-27.2214
243362.9131,115298,98,-0.4580,0.2092,-0.1055,90.9924,21.0229,-34.1374
243362.9131,115308,98,-0.4648,0.1599,-0.1235,85.7710,15.1450,-42.1985
243362.9131,115318,98,-0.4382,0.1030,-0.1494,82.2748,7.3282,-50.1679
243362.9131,115328,98,-0.4187,0.0244,-0.1809,80.3817,0.1374,-56.7328
243362.9131,115338,98,-0.3994,-0.0713,-0.2183,81.3130,-7.2977,-61.2519
243362.9131,115348,98,-0.3794,-0.1125,-0.2517,85.0840,-15.4809,-63.7863
243362.9131,115358,98,-0.3596,-0.1384,-0.2546,85.3893,-25.6031,-65.2214
243362.9827,115368,99,-0.3442,-0.1191,-0.2119,84.0305,-37.3588,-68.4122
243362.9827,115378,99,-0.3230,-0.1462,-0.1667,77.3130,-49.2824,-73.6489
243362.9827,115388,99,-0.3025,-0.1912,-0.0815,70.8550,-60.0916,-80.0000
243362.9827,115398,99,-0.2917,-0.2659,-0.0081,64.7481,-68.2595,-86.6565
243362.9827,115408,99,-0.3059,-0.3479,0.0361,58.7634,-72.4580,-91.7557
243362.9827,115418,99,-0.3420,-0.4673,0.0132,53.9542,-74.0916,-95.3740
243362.9827,115428,99,-0.3645,-0.5881,-0.0356,52.8550,-78.3359,-95.9542
243362.9827,115438,99,-0.3455,-0.6782,-0.0186,55.9542,-85.1145,-92.5954
243362.9827,115448,99,-0.3613,-0.7209,0.0122,60.9008,-88.7176,-87.4809
243362.9827,115458,99,-0.3623,-0.7671,0.0029,58.6412,-94.3969,-82.0153
243363.0411,115468,100,-0.3772,-0.8125,0.0181,52.4427,-101.6489,-76.0763
243363.0411,115478,100,-0.3701,-0.8376,0.0808,46.0611,-111.4198,-70.5191
243363.0411,115488,100,-0.3906,-0.8723,0.1489,38.5649,-116.6718,-67.0687
243363.0411,115498,100,-0.4441,-0.9800,0.1611,30.1679,-118.5496,-64.9618
243363.0411,115508,100,-0.4802,-1.0825,0.1797,26.1679,-123.8931,-60.3359
243363.0411,115518,100,-0.5022,-1.1113,0.2678,24.5649,-132.1374,-50.8244
243363.0411,115528,100,-0.5427,-1.0752,0.4099,22.1985,-136.5191,-37.9389
243363.0411,115538,100,-0.5898,-1.0144,0.5374,16.3511,-137.2366,-25.4198
243363.0411,115548,100,-0.6365,-0.9438,0.6228,7.2061,-137.1450,-15.0840
243363.0411,115558,100,-0.6780,-0.8989,0.6794,-2.1679,-135.8168,-8.5344
243363.2768,115568,101,-0.7368,-0.8931,0.6770,-10.3053,-131.4962,-5.6336
243363.2768,115578,101,-0.7910,-0.9397,0.6577,-16.0916,-128.3511,-4.2443
243363.2768,115588,101,-0.8308,-0.9712,0.6934,-18.8397,-128.6107,-2.1374
243363.2768,115598,101,-0.8643,-1.0146,0.7825,-22.5649,-128.2290,1.7557
243363.2768,115608,101,-0.9229,-1.0168,0.8660,-28.0305,-124.4427,8.5038
243363.2768,115618,101,-0.9932,-0.9644,0.9507,-34.1221,-120.1832,17.8779
243363.2768,115628,101,-0.9875,-0.9104,1.0674,-39.3893,-117.3130,28.1985
243363.2768,115638,101,-1.0317,-0.8591,1.1389,-42.5802,-108.1374,35.6031
243363.2768,115648,101,-1.0896,-0.7979,1.1580,-43.8473,-97.0382,40.3817
243363.2768,115658,101,-1.1047,-0.7637,1.1382,-48.1374,-89.6489,43.5420
243363.3407,115668,102,-1.1343,-0.7561,1.1243,-56.0458,-83.6641,46.1832
243363.3407,115678,102,-1.1489,-0.7371,1.1208,-60.1374,-77.9542,49.0534
243363.3407,115688,102,-1.1396,-0.7388,1.1116,-62.0763,-71.5878,52.7023
243363.3407,115698,102,-1.1599,-0.6892,1.1182,-62.0763,-63.9389,57.5420
243363.3407,115708,102,-1.1699,-0.6304,1.1208,-64.1985,-57.8931,63.3893
243363.3407,115718,102,-1.1401,-0.5740,1.1121,-68.2443,-52.6260,68.5191
243363.3407,115728,102,-1.1326,-0.5125,1.0996,-71.6183,-44.7023,71.2977
243363.3407,115738,102,-1.1064,-0.4524,1.1001,-77.1756,-39.0229,73.8931
243363.3407,115748,102,-1.0720,-0.3779,1.1221,-80.5038,-31.8015,75.8321
243363.3407,115758,102,-1.0774,-0.3242,1.1145,-82.3206,-23.1603,75.5115
243363.3939,115768,103,-1.0452,-0.3010,1.0750,-83.8626,-17.8015,74.3359
243363.3939,115778,103,-1.0408,-0.2637,1.0496,-82.5649,-13.0076,74.0305
243363.3939,115788,103,-1.0059,-0.2258,1.0359,-81.6336,-9.2519,73.5573
243363.3939,115798,103,-0.9946,-0.2109,0.9949,-82.5954,-3.6031,72.8550
243363.3939,115808,103,-1.0066,-0.1870,0.9453,-82.6107,0.8550,73.0076
243363.3939,115818,103,-0.9666,-0.1428,0.9521,-80.7786,2.2137,73.8779
243363.3939,115828,103,-0.9658,-0.0974,0.9678,-76.7328,7.6031,73.8931
243363.3939,115838,103,-0.9729,-0.0552,0.9714,-71.7557,13.9389,72.1527
243363.3939,115848,103,-0.9817,-0.0383,0.9751,-69.2061,17.2366,69.4962
243363.3939,115858,103,-0.9822,-0.0669,0.9802,-68.1221,18.2901,67.3130
243363.4043,115868,104,-0.9658,-0.0818,1.0000,-63.8779,18.4427,67.0840
243363.4043,115878,104,-0.9614,-0.0789,1.0398,-58.7023,19.4962,68.7634
243363.4043,115888,104,-0.9514,-0.0554,1.1008,-53.5878,22.1527,72.5191
243363.4043,115898,104,-0.9424,-0.0054,1.1653,-47.3435,27.5115,76.9313
243363.4043,115908,104,-0.9465,0.0596,1.1880,-40.2137,34.5802,81.1603
243363.4043,115918,104,-0.9524,0.1211,1.1890,-32.4427,41.4962,84.2901
243363.4043,115928,104,-0.9512,0.2043,1.2107,-24.1985,47.4809,86.8397
243363.4043,115938,104,-0.9468,0.3010,1.2319,-16.9618,53.0687,87.6947
243363.4043,115948,104,-0.9543,0.3904,1.2437,-11.8931,59.6336,85.7099
243363.4043,115958,104,-0.9397,0.4619,1.2312,-8.8550,65.1756,80.8092
243363.5739,115968,105,-0.9304,0.5137,1.2048,-8.0763,71.1908,74.3053
243363.5739,115978,105,-0.9077,0.5623,1.1675,-5.5878,76.2290,66.4733
243363.5739,115988,105,-0.8760,0.5835,1.1091,-3.9084,80.9771,56.8397
243363.5739,115998,105,-0.8530,0.5173,1.0063,-3.3740,86.9160,46.4885
243363.5739,116008,105,-0.8350,0.4268,0.8806,-1.9847,91.9237,39.1908
243363.5739,116018,105,-0.8086,0.3521,0.8093,3.2824,92.0153,37.3130
243363.5739,116028,105,-0.7266,0.2979,0.7837,13.5267,90.4885,39.6489
243363.5739,116038,105,-0.7170,0.3040,0.7751,27.6336,95.2824,43.5267
243363.5739,116048,105,-0.7043,0.3135,0.7275,38.6870,100.2901,46.3664
243363.5739,116058,105,-0.6926,0.3594,0.6965,48.1069,102.4885,48.2137
243363.6921,116068,106,-0.6729,0.3999,0.6902,53.1450,100.9313,47.8626
243363.6921,116078,106,-0.6458,0.4043,0.6777,54.2595,99.6489,45.2672
243363.6921,116088,106,-0.6155,0.4517,0.6821,57.3435,99.1145,41.8473
243363.6921,116098,106,-0.5989,0.4778,0.6548,59.3740,99.3740,35.5420
243363.6921,116108,106,-0.5991,0.4316,0.5913,58.8092,99.6947,26.5649
243363.6921,116118,106,-0.5620,0.3577,0.5166,58.6107,98.5802,17.9542
243363.6921,116128,106,-0.5647,0.3235,0.4509,59.8015,96.9771,12.8702
243363.6921,116138,106,-0.5037,0.2529,0.3879,59.5725,90.9924,9.2824
243363.6921,116148,106,-0.4768,0.1897,0.3755,63.2519,88.7481,7.7099
243363.6921,116158,106,-0.4578,0.2024,0.3638,72.5496,88.4275,8.0916
243363.7020,116168,107,-0.4563,0.1877,0.3230,75.2672,87.4351,8.4733
243363.7020,116178,107,-0.4492,0.1948,0.2756,77.3740,85.4198,8.9924
243363.7020,116188,107,-0.4468,0.2207,0.2537,80.0916,82.8550,8.2595
243363.7020,116198,107,-0.4631,0.2441,0.2158,81.4504,80.9466,5.0992
243363.7020,116208,107,-0.4780,0.2419,0.1660,80.9313,77.8168,0.6107
243363.7020,116218,107,-0.5015,0.2502,0.1079,79.3893,73.5878,-3.7252
243363.7020,116228,107,-0.5049,0.2590,0.0427,77.9084,66.0763,-7.9695
243363.7020,116238,107,-0.4680,0.2610,0.0159,80.5191,58.7786,-12.7939
243363.7020,116248,107,-0.4910,0.2561,-0.0222,86.2595,56.6870,-18.7328
243363.7020,116258,107,-0.4854,0.2317,-0.0798,87.2977,52.4733,-24.9160
243363.8736,116268,108,-0.4883,0.1936,-0.1467,84.6870,47.1603,-30.7481
243363.8736,116278,108,-0.4690,0.1660,-0.1541,85.0992,39.2366,-36.3817
243363.8736,116288,108,-0.4431,0.1045,-0.1619,85.5878,32.0458,-41.8015
243363.8736,116298,108,-0.4292,0.0735,-0.1924,87.3588,26.1374,-46.2443
243363.8736,116308,108,-0.4275,0.0447,-0.2102,87.4351,19.1145,-49.6336
243363.8736,116318,108,-0.4155,0.0056,-0.2368,84.6412,10.5344,-52.9924
243363.8736,116328,108,-0.3936,-0.0352,-0.2510,83.0229,1.1450,-57.0229
243363.8736,116338,108,-0.3694,-0.0630,-0.2317,83.3588,-7.9542,-60.7939
243363.8736,116348,108,-0.3506,-0.0825,-0.2065,83.6031,-16.0611,-63.6031
243363.8736,116358,108,-0.3350,-0.0969,-0.1848,83.1298,-23.8931,-65.8168
243363.9918,116368,109,-0.3291,-0.1077,-0.1677,82.3511,-30.9618,-68.4733
243363.9918,116378,109,-0.3418,-0.1282,-0.1846,79.5878,-36.9008,-72.6107
243363.9918,116388,109,-0.3518,-0.1697,-0.1948,75.6183,-43.4046,-77.9389
243363.9918,116398,109,-0.3611,-0.2322,-0.2024,70.3511,-51.3588,-83.1908
243363.9918,116408,109,-0.3838,-0.2988,-0.1992,65.2824,-60.0305,-86.8244
243363.9918,116418,109,-0.4004,-0.3591,-0.1462,63.3435,-69.0534,-88.7023
243363.9918,116428,109,-0.4014,-0.4138,-0.0735,63.0229,-77.6947,-89.2214
243363.9918,116438,109,-0.4265,-0.4683,-0.0046,62.2137,-80.8702,-88.9618
243363.9918,116448,109,-0.4731,-0.5063,0.0212,62.5496,-80.7634,-88.0916
243363.9918,116458,109,-0.4988,-0.5657,0.0193,59.8015,-84.0458,-85.7405
243364.0002,116468,110,-0.4978,-0.5940,0.0339,60.0153,-88.3511,-81.3282
243364.0002,116478,110,-0.5327,-0.6052,0.0193,61.5420,-91.7099,-76.9618
243364.0002,116488,110,-0.5432,-0.6245,0.0459,60.3359,-98.6718,-75.2672
243364.0002,116498,110,-0.5581,-0.6602,0.1216,55.5573,-108.7176,-77.0076
243364.0002,116508,110,-0.5701,-0.7288,0.2241,45.4809,-120.0305,-80.6107
243364.0002,116518,110,-0.5447,-0.8428,0.3748,34.1221,-130.5802,-83.0382
243364.0002,116528,110,-0.5122,-0.9355,0.5037,24.1832,-135.2519,-81.3588
243364.0002,116538,110,-0.5088,-1.0139,0.6069,18.0000,-134.4885,-75.0992
243364.0002,116548,110,-0.4775,-1.0664,0.6946,16.6565,-130.8702,-65.6794
243364.0002,116558,110,-0.5122,-1.0950,0.7075,16.0000,-121.6031,-54.5496
243364.2352,116568,111,-0.5625,-1.1106,0.6401,13.1145,-115.5267,-42.9771
243364.2352,116578,111,-0.5745,-1.1663,0.5383,6.7023,-115.8626,-32.9008
243364.2352,116588,111,-0.6182,-1.2217,0.4363,0.6565,-117.8473,-23.3282
243364.2352,116598,111,-0.6733,-1.2588,0.4038,-5.5267,-121.6947,-12.3053
243364.2352,116608,111,-0.7449,-1.2200,0.4695,-10.6718,-125.7405,0.2290
243364.2352,116618,111,-0.8018,-1.1187,0.6418,-13.5267,-131.7099,13.1603
243364.2352,116628,111,-0.8643,-1.0305,0.8076,-17.7557,-133.3435,24.9008
243364.2352,116638,111,-0.9050,-0.9846,0.8899,-25.0534,-129.6489,36.2595
243364.2352,116648,111,-0.9783,-0.8965,0.9570,-24.5954,-121.5573,43.3130
243364.2352,116658,111,-1.0295,-0.8560,1.0176,-25.9695,-113.8168,49.8626
243364.2993,116668,112,-1.0569,-0.8027,1.0618,-27.4046,-106.1679,55.9389
243364.2993,116678,112,-1.0645,-0.7803,1.0874,-30.8702,-98.7786,60.1679
243364.2993,116688,112,-1.0608,-0.7827,1.1152,-35.5267,-94.7634,63.5115
243364.2993,116698,112,-1.0520,-0.7942,1.1318,-40.3817,-87.2977,67.6489
243364.2993,116708,112,-1.0586,-0.7754,1.1404,-44.4427,-78.9771,73.1450
243364.2993,116718,112,-1.0825,-0.7214,1.1472,-46.8550,-70.1221,80.1832
243364.2993,116728,112,-1.0969,-0.6443,1.1423,-46.7939,-61.3740,85.8473
243364.2993,116738,112,-1.1113,-0.5591,1.1160,-48.0153,-52.7939,88.8702
243364.2993,116748,112,-1.1094,-0.5254,1.0867,-52.0000,-46.5649,89.6183
243364.2993,116758,112,-1.0925,-0.5127,1.0576,-57.5420,-41.6641,89.0687
243364.3537,116768,113,-1.0823,-0.4773,1.0564,-63.4809,-38.4885,89.2672
243364.3537,116778,113,-1.0610,-0.4282,1.0930,-68.4733,-35.0229,90.2595
243364.3537,116788,113,-1.0344,-0.3694,1.1155,-72.2290,-28.5191,90.3969
243364.3537,116798,113,-1.0256,-0.2939,1.1157,-75.5267,-19.6641,90.3359
243364.3537,116808,113,-1.0203,-0.2229,1.0884,-78.4733,-10.6260,89.9695
243364.3537,116818,113,-1.0293,-0.1477,1.0542,-79.5267,-2.9008,88.6260
243364.3537,116828,113,-1.0459,-0.0742,1.0110,-80.7176,3.3130,86.0763
243364.3537,116838,113,-1.0762,0.0022,0.9648,-82.3511,8.4733,82.3206
243364.3537,116848,113,-1.0884,0.0693,0.9263,-84.9466,12.0763,78.0458
243364.3537,116858,113,-1.0842,0.1353,0.9143,-87.1298,15.2061,73.6641
243364.4152,116868,114,-1.0623,0.1572,0.9211,-88.0611,18.8702,68.2137
243364.4152,116878,114,-1.0415,0.1458,0.9209,-85.1450,22.8855,61.8015
243364.4152,116888,114,-1.0095,0.1191,0.9119,-79.8015,25.5115,55.8626
243364.4152,116898,114,-0.9639,0.1064,0.9250,-73.5115,24.9771,52.3664
243364.4152,116908,114,-0.9131,0.0889,0.9824,-65.5420,23.2366,50.8244
243364.4152,116918,114,-0.8469,0.1167,1.1077,-54.0611,23.2061,50.0000
243364.4152,116928,114,-0.8145,0.1411,1.1926,-45.5725,27.1450,49.5573
243364.4152,116938,114,-0.7976,0.1301,1.1987,-42.2290,34.0305,49.6489
243364.4152,116948,114,-0.7847,0.1311,1.1829,-39.4198,40.8092,51.2519
243364.4152,116958,114,-0.7908,0.1526,1.1621,-36.2290,48.0305,53.6794
243364.6010,116968,115,-0.8108,0.1902,1.1177,-34.0763,52.9618,56.2595
243364.6010,116978,115,-0.8259,0.1843,1.0598,-33.8626,58.0153,58.0916
243364.6010,116988,115,-0.8662,0.2085,0.9863,-28.2443,63.4656,59.7557
243364.6010,116998,115,-0.8782,0.2239,0.9302,-20.4733,63.8321,60.4275
243364.6010,117008,115,-0.8904,0.2356,0.8926,-13.3893,66.8702,59.9389
243364.6010,117018,115,-0.9685,0.2329,0.8662,-6.2901,71.3740,59.7405
243364.6010,117028,115,-0.9792,0.2485,0.8850,3.0687,72.2290,60.3969
243364.6010,117038,115,-0.9783,0.2964,0.9148,12.1985,72.9160,62.1527
243364.6010,117048,115,-0.9680,0.3435,0.9478,18.2443,75.7557,63.1145
243364.6010,117058,115,-0.9387,0.4241,0.9827,24.4733,80.3664,62.5649
243364.6561,117068,116,-0.9326,0.4688,0.9680,28.3511,86.3511,58.5496
243364.6561,117078,116,-0.8713,0.4810,0.9119,30.8702,89.4809,50.3511
243364.6561,117088,116,-0.8420,0.4556,0.8711,32.5649,93.4351,40.3511
243364.6561,117098,116,-0.7935,0.4150,0.8320,33.6489,94.0763,31.2519
243364.6561,117108,116,-0.7354,0.3459,0.7847,32.6412,95.3435,24.1527
243364.6561,117118,116,-0.7004,0.2834,0.7354,35.8931,98.1985,19.8931
243364.6561,117128,116,-0.6575,0.2307,0.6553,40.2137,100.0305,18.9771
243364.6561,117138,116,-0.6174,0.2483,0.6074,48.1221,101.2366,20.1985
243364.6561,117148,116,-0.6033,0.2825,0.5752,55.2824,101.0382,20.3359
243364.6561,117158,116,-0.5281,0.2600,0.5239,56.5802,97.7099,18.2443
243364.7155,117168,117,-0.5164,0.2224,0.4675,58.7786,98.2137,15.9695
243364.7155,117178,117,-0.4934,0.1919,0.3982,62.7786,97.3740,14.6412
243364.7155,117188,117,-0.4788,0.1931,0.3550,66.0000,94.1832,14.5344
243364.7155,117198,117,-0.4419,0.2075,0.3201,69.5267,89.4198,15.1145
243364.7155,117208,117,-0.4207,0.2253,0.2776,72.9618,86.8855,14.9466
243364.7155,117218,117,-0.4211,0.2319,0.2249,75.6794,86.2901,13.3893
243364.7155,117228,117,-0.4248,0.2166,0.1670,78.0611,84.2290,11.3282
243364.7155,117238,117,-0.4187,0.2097,0.1118,82.1221,80.3206,9.4351
243364.7155,117248,117,-0.4490,0.2617,0.0879,86.6107,76.8397,8.7023
243364.7155,117258,117,-0.4519,0.2905,0.0337,88.3053,71.1145,6.0000
243364.8340,117268,118,-0.4814,0.2871,-0.0032,90.3206,65.7557,0.5649
243364.8340,117278,118,-0.4924,0.2729,-0.0190,91.6183,59.1145,-5.6336
243364.8340,117288,118,-0.4858,0.2415,-0.0229,90.1679,51.9237,-11.4046
243364.8340,117298,118,-0.4795,0.2166,-0.0374,90.0458,45.9237,-17.1298
243364.8340,117308,118,-0.4832,0.1885,-0.0530,89.2366,40.1527,-21.5725
243364.8340,117318,118,-0.4773,0.1543,-0.0750,89.4809,34.3359,-25.2366
243364.8340,117328,118,-0.4607,0.1555,-0.0525,92.0000,28.4122,-28.9466
243364.8340,117338,118,-0.4473,0.1472,-0.0403,91.8931,24.3817,-33.0687
243364.8340,117348,118,-0.4412,0.1133,-0.0813,89.0382,20.7328,-37.5725
243364.8340,117358,118,-0.4204,0.0781,-0.1108,87.0687,14.1069,-42.2290
243364.9614,117368,119,-0.4062,0.0398,-0.1221,85.9389,7.0382,-47.2672
243364.9614,117378,119,-0.3938,0.0120,-0.1506,84.1069,0.6565,-52.2595
243364.9614,117388,119,-0.3845,-0.0156,-0.1741,81.8473,-7.3588,-57.4809
243364.9614,117398,119,-0.3508,-0.0542,-0.1611,78.8550,-17.4198,-63.0229
243364.9614,117408,119,-0.3215,-0.0823,-0.1021,76.1832,-25.6641,-66.8855
243364.9614,117418,119,-0.3062,-0.1072,-0.0757,74.5496,-30.1985,-70.1985
243364.9614,117428,119,-0.3115,-0.1692,-0.1006,71.5267,-33.8931,-73.0382
243364.9614,117438,119,-0.3479,-0.1985,-0.1262,70.7634,-37.8473,-74.9771
243364.9614,117448,119,-0.3591,-0.2485,-0.1516,70.0916,-43.4962,-76.9924
243364.9614,117458,119,-0.4050,-0.2783,-0.1553,71.3893,-50.1832,-78.8550
243365.0158,117468,120,-0.4084,-0.3535,-0.1289,69.6641,-59.6947,-80.3206
243365.0158,117478,120,-0.3989,-0.3916,-0.0198,71.5115,-67.4046,-80.4885
243365.0158,117488,120,-0.3889,-0.4150,0.0850,72.6718,-70.6565,-79.8626
243365.0158,117498,120,-0.4304,-0.4399,0.1165,67.1450,-70.5954,-78.5802
243365.0158,117508,120,-0.4607,-0.4619,0.1470,57.0840,-77.7099,-77.6336
243365.0158,117518,120,-0.4355,-0.4944,0.1997,47.7863,-87.4351,-78.1527
243365.0158,117528,120,-0.4778,-0.5586,0.2144,40.3206,-88.9160,-82.6870
243365.0158,117538,120,-0.4873,-0.6794,0.1516,29.9389,-91.2214,-90.1221
243365.0158,117548,120,-0.5110,-0.8525,0.1011,20.3359,-96.0763,-98.9313
243365.0158,117558,120,-0.5183,-1.0688,0.1096,10.1374,-106.4427,-103.8779
243365.1962,117568,121,-0.5000,-1.2512,0.1848,1.1908,-119.0840,-100.9466
243365.1962,117578,121,-0.5112,-1.3921,0.2832,-1.7710,-127.7252,-89.7405
243365.1962,117588,121,-0.4966,-1.4055,0.4075,4.1832,-130.3053,-72.3206
243365.1962,117598,121,-0.5349,-1.3713,0.5071,10.9618,-126.8397,-53.0840
243365.1962,117608,121,-0.5710,-1.2957,0.6052,15.7099,-120.1985,-35.2519
243365.1962,117618,121,-0.6555,-1.1921,0.6123,15.6489,-109.4809,-19.2672
243365.1962,117628,121,-0.7900,-1.1201,0.5413,9.0992,-102.1832,-6.9160
243365.1962,117638,121,-0.8547,-1.0320,0.5173,3.7405,-103.3282,1.7863
243365.1962,117648,121,-0.9558,-0.9167,0.5427,-1.8015,-105.4046,8.2901
243365.1962,117658,121,-0.9597,-0.8398,0.5632,-8.5344,-110.1527,11.4351
243365.3124,117668,122,-0.9695,-0.8213,0.6265,-14.3053,-112.8702,11.0382
243365.3124,117678,122,-0.9929,-0.8093,0.6931,-17.8931,-110.0305,11.4809
243365.3124,117688,122,-1.0498,-0.8132,0.7036,-23.9084,-107.2824,14.1221
243365.3124,117698,122,-1.0493,-0.7917,0.7026,-29.4656,-108.2901,19.9542
243365.3124,117708,122,-1.0549,-0.7231,0.7339,-32.5191,-106.9313,26.8702
243365.3124,117718,122,-1.0642,-0.7188,0.7266,-36.7023,-104.0916,31.9389
243365.3124,117728,122,-1.0684,-0.7249,0.6909,-39.2519,-101.5878,35.1756
243365.3124,117738,122,-1.0515,-0.7502,0.6909,-43.7252,-102.0916,37.7405
243365.3124,117748,122,-1.0537,-0.7930,0.7505,-50.0916,-103.1145,41.2672
243365.3124,117758,122,-1.0239,-0.8350,0.8293,-52.4275,-101.5878,46.7023
243365.3139,117768,123,-1.0359,-0.8235,0.9302,-49.0992,-97.5420,54.1374
243365.3139,117778,123,-1.0103,-0.7693,1.0701,-46.7481,-92.9618,62.6107
243365.3139,117788,123,-1.0015,-0.7278,1.1555,-48.3511,-84.1069,72.3511
243365.3139,117798,123,-0.9966,-0.6892,1.1812,-51.6641,-75.5573,81.2824
243365.3139,117808,123,-0.9919,-0.6221,1.1599,-51.7557,-65.7557,88.1832
243365.3139,117818,123,-0.9922,-0.5469,1.1309,-53.4351,-56.8550,92.9771
243365.3139,117828,123,-0.9990,-0.4709,1.1458,-57.6336,-50.3817,96.7786
243365.3139,117838,123,-1.0015,-0.4087,1.1365,-61.3893,-43.3740,99.2366
243365.3139,117848,123,-1.0110,-0.3445,1.1067,-61.8473,-35.2519,99.9847
243365.3139,117858,123,-1.0310,-0.2439,1.1023,-62.4275,-28.8702,101.6489
243365.4949,117868,124,-1.0327,-0.1509,1.1140,-65.0992,-23.9542,101.2366
243365.4949,117878,124,-1.0269,-0.0811,1.1038,-68.7328,-19.2977,98.8092
243365.4949,117888,124,-1.0198,-0.0420,1.0974,-70.4580,-14.9618,94.6260
243365.4949,117898,124,-1.0098,-0.0356,1.1045,-69.0076,-10.1374,90.2137
243365.4949,117908,124,-1.0042,-0.0281,1.1162,-66.0611,-4.5496,86.5344
243365.4949,117918,124,-1.0007,-0.0415,1.1040,-66.1069,0.6260,83.6794
243365.4949,117928,124,-0.9988,-0.0449,1.0964,-67.8626,3.9847,82.5191
243365.4949,117938,124,-0.9917,-0.0833,1.0867,-72.1221,7.4198,82.1069
243365.4949,117948,124,-0.9753,-0.0796,1.1116,-72.4275,11.9542,83.7557
243365.4949,117958,124,-0.9556,-0.0317,1.1650,-69.2672,16.9466,87.7863
243365.5624,117968,125,-0.9355,0.0320,1.2087,-63.3435,23.1298,91.2824
243365.5624,117978,125,-0.9373,0.0698,1.1875,-57.3740,30.5344,92.6412
243365.5624,117988,125,-0.9526,0.1013,1.1675,-46.8244,38.2901,91.6489
243365.5624,117998,125,-0.9741,0.1040,1.1206,-38.7939,44.6565,89.9847
243365.5624,118008,125,-0.9761,0.0903,1.0879,-34.3664,49.5115,91.2214
243365.5624,118018,125,-0.9761,0.1460,1.1047,-28.5954,53.2061,98.2748
243365.5624,118028,125,-0.9336,0.3171,1.1470,-21.5420,55.4046,108.9771
243365.5624,118038,125,-0.9023,0.5322,1.2107,-11.5725,61.6489,116.9618
243365.5624,118048,125,-0.8989,0.7385,1.2534,0.4733,70.3053,116.0153
243365.5624,118058,125,-0.8508,0.8408,1.2241,5.7099,77.0992,104.7634
243365.7940,118068,126,-0.8452,0.8574,1.1453,6.2290,84.3969,86.5496
243365.7940,118078,126,-0.8230,0.8049,1.0647,4.4885,87.8015,66.7328
243365.7940,118088,126,-0.8003,0.6929,1.0056,0.4885,87.1756,49.0076
243365.7940,118098,126,-0.7485,0.5540,0.9380,-2.7786,84.7023,37.1756
243365.7940,118108,126,-0.6975,0.4561,0.9043,-2.3969,85.5267,32.6412
243365.7940,118118,126,-0.6716,0.4163,0.8572,2.4275,89.1298,33.0992
243365.7940,118128,126,-0.6453,0.3835,0.8093,11.8321,92.7481,35.6031
243365.7940,118138,126,-0.6265,0.4004,0.7715,25.6183,96.1069,38.6107
243365.7940,118148,126,-0.6055,0.4438,0.7402,36.9618,99.5878,41.6794
243365.7940,118158,126,-0.5962,0.5129,0.7209,44.4427,102.5802,43.3435
243365.8567,118168,127,-0.5786,0.5532,0.6582,48.4885,103.4656,42.1527
243365.8567,118178,127,-0.5671,0.6375,0.6047,55.5573,103.8015,34.4580
243365.8567,118188,127,-0.5315,0.6174,0.5146,57.4504,102.6260,24.3969
243365.8567,118198,127,-0.4995,0.5496,0.4294,58.0611,101.2824,12.2290
243365.8567,118208,127,-0.4932,0.4788,0.3557,58.9771,99.4351,2.3817
243365.8567,118218,127,-0.4578,0.4055,0.3064,60.3511,93.6183,-2.4275
243365.8567,118228,127,-0.4338,0.3518,0.2878,65.2214,87.2977,-4.7786
243365.8567,118238,127,-0.4138,0.3237,0.2725,73.6336,82.6260,-5.6641
243365.8567,118248,127,-0.4006,0.3286,0.2520,81.8626,79.5267,-6.9466
243365.8567,118258,127,-0.4026,0.3696,0.2671,86.2901,78.3359,-9.2672
243365.9205,118268,128,-0.4138,0.3401,0.2312,85.5878,74.1679,-12.8855
243365.9205,118278,128,-0.4041,0.3750,0.2180,88.1221,69.8626,-20.7939
243365.9205,118288,128,-0.3638,0.3037,0.1875,82.1679,65.0992,-25.6794
243365.9205,118298,128,-0.3967,0.2859,0.1794,85.3740,62.5344,-31.0076
243365.9205,118308,128,-0.3953,0.2402,0.1528,86.1832,57.5267,-36.3664
243365.9205,118318,128,-0.3496,0.2170,0.1030,85.2977,49.9389,-41.8626
243365.9205,118328,128,-0.3794,0.0938,0.0251,86.3817,40.7481,-48.8550
243365.9205,118338,128,-0.3542,0.0732,-0.0054,89.0382,33.2672,-50.9160
243365.9205,118348,128,-0.3584,0.0830,-0.0186,90.4275,27.9237,-52.0000
243365.9205,118358,128,-0.3547,0.1133,-0.0122,92.0153,23.9847,-54.6565
243365.9726,118368,129,-0.3660,0.1401,-0.0361,92.0763,19.7405,-60.9160
243365.9726,118378,129,-0.3542,0.1438,-0.0496,88.3817,12.2137,-70.4733
243365.9726,118388,129,-0.3330,0.1262,-0.0205,80.2595,2.7328,-82.1985
243365.9726,118398,129,-0.3208,0.0872,-0.0061,68.8244,-6.9313,-94.2137
243365.9726,118408,129,-0.3069,0.0181,-0.0095,60.1069,-14.2595,-106.4427
243365.9726,118418,129,-0.3101,-0.0642,0.0024,55.1908,-21.1908,-118.0305
243365.9726,118428,129,-0.3008,-0.1426,0.0371,51.0076,-29.0992,-125.8931
243365.9726,118438,129,-0.2673,-0.2231,0.0947,49.0534,-35.2061,-131.5725
243365.9726,118448,129,-0.2571,-0.3311,0.1021,47.0229,-37.5267,-135.3435
243365.9726,118458,129,-0.2532,-0.4402,0.0625,46.6412,-38.1679,-137.2977
243366.1555,118468,130,-0.2820,-0.5415,0.0012,48.7481,-37.8931,-137.4351
243366.1555,118478,130,-0.3008,-0.6216,-0.0676,50.2137,-41.0992,-136.0153
243366.1555,118488,130,-0.3167,-0.6899,-0.1160,49.6947,-46.9771,-133.9237
243366.1555,118498,130,-0.3176,-0.7688,-0.1382,45.6947,-53.7557,-132.6718
243366.1555,118508,130,-0.3323,-0.8557,-0.1689,40.1221,-60.2595,-131.4046
243366.1555,118518,130,-0.3315,-0.9497,-0.1643,36.4580,-69.3588,-128.3206
243366.1555,118528,130,-0.3276,-1.0532,-0.1421,35.1298,-79.3740,-124.0763
243366.1555,118538,130,-0.3223,-1.2061,-0.1292,35.2824,-87.6336,-118.2595
243366.1555,118548,130,-0.3450,-1.3689,-0.1077,37.1298,-94.0000,-109.0076
243366.1555,118558,130,-0.3379,-1.5012,-0.0637,34.9618,-102.6718,-93.5267
243366.2209,118568,131,-0.3440,-1.5886,-0.0066,29.5878,-111.6489,-72.7634
243366.2209,118578,131,-0.3718,-1.5930,0.0632,25.7710,-118.0305,-49.0687
243366.2209,118588,131,-0.4287,-1.5386,0.1357,24.7328,-123.4504,-23.9542
243366.2209,118598,131,-0.4827,-1.4114,0.2271,27.1298,-126.9618,-1.5725
243366.2209,118608,131,-0.6001,-1.2729,0.2961,29.2214,-126.3511,14.6107
243366.2209,118618,131,-0.6941,-1.1580,0.3486,24.8855,-127.5267,24.3817
243366.2209,118628,131,-0.7510,-1.1111,0.3625,12.0611,-131.6183,30.3817
243366.2209,118638,131,-0.7634,-1.0864,0.3906,0.3969,-136.2290,33.7252
243366.2209,118648,131,-0.8232,-1.0889,0.4180,-4.6107,-139.2672,38.4122
243366.2209,118658,131,-0.8687,-0.9900,0.5493,-5.4198,-141.5420,46.0611
243366.3921,118668,132,-0.8982,-0.9316,0.6838,-14.1679,-140.3664,56.6718
243366.3921,118678,132,-1.0032,-0.8660,0.7515,-20.3359,-132.0458,65.2519
243366.3921,118688,132,-1.0466,-0.7722,0.8113,-21.0840,-126.7634,72.2290
243366.3921,118698,132,-1.1106,-0.7324,0.8652,-20.9771,-123.6031,75.8168
243366.3921,118708,132,-1.1045,-0.7292,0.9292,-23.5573,-126.3817,77.7863
243366.3921,118718,132,-1.0874,-0.7507,1.0315,-31.0687,-126.7786,79.5420
243366.3921,118728,132,-1.0637,-0.7771,1.1318,-39.9084,-122.4580,83.2366
243366.3921,118738,132,-1.1089,-0.7046,1.1987,-44.6412,-111.8626,89.6031
243366.3921,118748,132,-1.0911,-0.5952,1.2405,-45.1908,-98.6565,95.9847
243366.3921,118758,132,-1.1477,-0.4614,1.2295,-40.1985,-82.8550,99.1298
243366.4543,118768,133,-1.1501,-0.3662,1.2205,-39.9542,-70.5649,98.4733
243366.4543,118778,133,-1.1340,-0.2722,1.1941,-44.3969,-60.4580,93.7405
243366.4543,118788,133,-1.1265,-0.2861,1.1125,-57.8321,-51.7405,86.9160
243366.4543,118798,133,-1.0964,-0.3137,1.0452,-66.2290,-46.6107,81.5878
243366.4543,118808,133,-1.0728,-0.3228,1.0415,-68.3053,-42.4885,78.7786
243366.4543,118818,133,-1.0496,-0.3425,1.0735,-68.2748,-37.9542,77.8168
243366.4543,118828,133,-1.0327,-0.3530,1.1006,-66.8702,-32.6412,79.2366
243366.4543,118838,133,-1.0300,-0.3357,1.1484,-63.7099,-26.5496,82.0916
243366.4543,118848,133,-1.0337,-0.3115,1.1975,-61.5878,-20.3359,84.8702
243366.4543,118858,133,-1.0464,-0.3000,1.2407,-63.1298,-14.2137,87.6489
243366.5201,118868,134,-1.0466,-0.2732,1.2896,-64.8092,-7.5420,91.1756
243366.5201,118878,134,-1.0659,-0.1946,1.3245,-64.5344,0.5802,96.1069
243366.5201,118888,134,-1.0579,-0.1704,1.2900,-66.7176,7.4351,99.4046
243366.5201,118898,134,-1.0967,-0.1511,1.2371,-64.0611,16.0763,104.7481
243366.5201,118908,134,-1.0527,-0.0649,1.2200,-55.5267,20.6412,111.9237
243366.5201,118918,134,-1.0208,-0.0261,1.1736,-48.5344,27.1450,118.8244
243366.5201,118928,134,-0.9624,0.1113,1.2305,-34.4580,35.9542,125.3282
243366.5201,118938,134,-0.9458,0.2839,1.3289,-19.8473,46.1374,130.4122
243366.5201,118948,134,-0.9321,0.4258,1.3997,-10.1679,53.4351,129.0229
243366.5201,118958,134,-0.8931,0.5039,1.4058,-6.1069,59.3740,121.0992
243366.5737,118968,135,-0.8911,0.5398,1.3831,-6.6565,68.7786,109.3130
243366.5737,118978,135,-0.8811,0.5322,1.3074,-10.9771,75.5115,97.3893
243366.5737,118988,135,-0.8794,0.5010,1.2393,-14.9618,78.2290,85.9237
243366.5737,118998,135,-0.8223,0.4739,1.2100,-18.1374,77.6794,77.0840
243366.5737,119008,135,-0.7690,0.4602,1.1736,-18.4885,79.6794,71.5420
243366.5737,119018,135,-0.7373,0.4712,1.1292,-15.3740,83.8473,68.0916
243366.5737,119028,135,-0.6882,0.5146,1.1304,-11.1298,85.4504,65.7710
243366.5737,119038,135,-0.6160,0.5632,1.1218,-7.5267,88.6565,63.0229
243366.5737,119048,135,-0.5818,0.6165,1.0676,1.6031,97.0534,57.5115
243366.5737,119058,135,-0.5601,0.6472,0.9729,13.6336,104.3664,49.4198
243366.7524,119068,136,-0.5232,0.6599,0.8875,21.8931,107.7252,42.3053
243366.7524,119078,136,-0.5083,0.7031,0.7563,26.2901,111.8931,33.9084
243366.7524,119088,136,-0.4983,0.6494,0.6252,26.2443,114.1069,26.2901
243366.7524,119098,136,-0.4961,0.6038,0.5298,30.3359,111.7710,19.8473
243366.7524,119108,136,-0.4856,0.5425,0.4670,29.6336,106.7023,17.2977
243366.7524,119118,136,-0.4785,0.4878,0.4248,32.9924,103.4504,16.1069
243366.7524,119128,136,-0.4688,0.4780,0.3977,42.8092,99.7557,16.5496
243366.7524,119138,136,-0.4429,0.5371,0.4060,54.7023,96.2137,18.3817
243366.7524,119148,136,-0.4321,0.5828,0.3984,65.3893,95.9389,17.5725
243366.7524,119158,136,-0.4502,0.6121,0.3496,75.5725,96.6412,12.9771
243366.8182,119168,137,-0.4836,0.6125,0.2917,82.1221,94.8397,5.6183
243366.8182,119178,137,-0.4670,0.5737,0.2485,81.7710,86.4427,-3.0076
243366.8182,119188,137,-0.4785,0.5901,0.2139,81.8931,79.0076,-12.2748
243366.8182,119198,137,-0.4529,0.5249,0.2070,80.1069,71.5267,-20.7939
243366.8182,119208,137,-0.4512,0.4561,0.2170,79.6947,63.9389,-29.5267
243366.8182,119218,137,-0.4148,0.3921,0.1921,79.6336,55.5115,-36.1679
243366.8182,119228,137,-0.4050,0.3337,0.1599,84.4122,51.4809,-42.3053
243366.8182,119238,137,-0.4124,0.3015,0.1279,89.7710,48.6412,-47.3740
243366.8182,119248,137,-0.4062,0.2573,0.1179,92.0916,44.3511,-51.3435
243366.8182,119258,137,-0.4268,0.2068,0.0916,93.7405,42.1985,-55.1298
243366.8812,119268,138,-0.4368,0.1965,0.0562,95.1603,39.0687,-57.2214
243366.8812,119278,138,-0.4473,0.1836,-0.0093,95.9389,35.2061,-59.3740
243366.8812,119288,138,-0.4492,0.1699,-0.0632,96.8550,29.4351,-62.9466
243366.8812,119298,138,-0.4470,0.1606,-0.0969,97.2214,21.4504,-67.9389
243366.8812,119308,138,-0.4238,0.1082,-0.1184,95.6031,12.2901,-74.4427
243366.8812,119318,138,-0.3918,0.0317,-0.1223,93.8779,2.4122,-80.8244
243366.8812,119328,138,-0.3474,-0.0359,-0.0901,93.9847,-7.0382,-85.5878
243366.8812,119338,138,-0.3062,-0.0898,-0.0588,94.7939,-14.1679,-88.9924
243366.8812,119348,138,-0.2542,-0.1501,-0.0559,94.8855,-19.2672,-92.1832
243366.8812,119358,138,-0.2246,-0.2073,-0.0693,96.8397,-23.7099,-95.9237
243366.9939,119368,139,-0.1938,-0.2334,-0.0681,96.3206,-31.7863,-100.9313
243366.9939,119378,139,-0.1460,-0.3262,-0.0540,86.0611,-43.8779,-107.4656
243366.9939,119388,139,-0.0991,-0.4578,-0.0542,74.3664,-53.1145,-114.3664
243366.9939,119398,139,-0.1145,-0.5703,-0.0610,64.4885,-59.3588,-118.6107
243366.9939,119408,139,-0.0977,-0.7048,-0.0901,54.7634,-69.8321,-119.4198
243366.9939,119418,139,-0.1099,-0.7998,-0.0659,49.9237,-79.3282,-115.9237
243366.9939,119428,139,-0.1208,-0.8535,-0.0295,51.4809,-88.4580,-108.4885
243366.9939,119438,139,-0.1572,-0.8772,0.0142,55.0076,-94.5802,-101.1145
243366.9939,119448,139,-0.2087,-0.8962,0.0469,52.1832,-99.7405,-94.5496
243366.9939,119458,139,-0.2944,-0.9473,0.0632,43.9084,-106.1985,-88.9924
243366.9962,119468,140,-0.3425,-0.9973,0.1235,36.4427,-114.3359,-84.9771
243366.9962,119478,140,-0.4187,-1.0413,0.2251,30.9618,-119.2214,-79.2519
243366.9962,119488,140,-0.5134,-1.0564,0.3267,26.5802,-120.4122,-71.5420
243366.9962,119498,140,-0.5762,-1.0452,0.4304,19.6336,-121.7710,-62.2748
243366.9962,119508,140,-0.6587,-1.0364,0.5068,11.1603,-121.4504,-52.7939
243366.9962,119518,140,-0.7129,-1.0139,0.5571,4.8855,-123.2214,-44.7939
243366.9962,119528,140,-0.7451,-0.9963,0.5803,-0.1069,-125.2672,-39.4046
243366.9962,119538,140,-0.7827,-1.0300,0.5811,-4.9618,-125.7863,-36.9160
243366.9962,119548,140,-0.8018,-1.0891,0.5762,-11.3588,-127.0992,-34.4885
243366.9962,119558,140,-0.8237,-1.1514,0.5681,-20.2443,-130.5038,-29.5573
243367.1796,119568,141,-0.8386,-1.2041,0.5811,-25.9847,-133.8931,-22.4275
243367.1796,119578,141,-0.8591,-1.2249,0.6394,-28.1679,-135.8015,-12.8092
243367.1796,119588,141,-0.8872,-1.2170,0.7256,-30.2137,-134.6260,-0.4580
243367.1796,119598,141,-0.9277,-1.1775,0.8018,-33.5878,-129.5725,13.8779
243367.1796,119608,141,-0.9644,-1.1248,0.8196,-37.2061,-120.8244,28.5649
243367.1796,119618,141,-0.9917,-1.0396,0.7979,-36.9008,-111.1145,42.6565
243367.1796,119628,141,-1.0427,-0.9392,0.7646,-35.9084,-103.6641,53.7405
243367.1796,119638,141,-1.0681,-0.8545,0.7542,-36.4885,-100.7634,61.7099
243367.1796,119648,141,-1.0950,-0.7881,0.7747,-39.4198,-101.2061,67.0687
243367.1796,119658,141,-1.0959,-0.7419,0.8203,-43.0534,-102.9618,70.6260
243367.2335,119668,142,-1.1021,-0.7327,0.8906,-47.7099,-103.1908,72.9466
243367.2335,119678,142,-1.0903,-0.7261,0.9919,-50.9771,-102.2901,75.6489
243367.2335,119688,142,-1.0962,-0.6904,1.1233,-52.4275,-98.2290,79.5573
243367.2335,119698,142,-1.0662,-0.6509,1.2485,-54.9618,-92.3053,83.4809
243367.2335,119708,142,-1.0664,-0.6057,1.3103,-57.6183,-78.9008,87.2366
243367.2335,119718,142,-1.0562,-0.5493,1.3440,-56.4427,-64.6107,90.4427
243367.2335,119728,142,-1.0239,-0.4927,1.3384,-54.6412,-51.4962,91.8168
243367.2335,119738,142,-1.0190,-0.4641,1.2822,-56.1221,-38.6412,91.1298
243367.2335,119748,142,-1.0178,-0.4429,1.2380,-60.5344,-31.3740,89.5878
243367.2335,119758,142,-0.9788,-0.4658,1.1646,-70.0305,-30.5496,88.3969
243367.2943,119768,143,-0.9536,-0.5090,1.1123,-75.0382,-28.1221,89.7252
243367.2943,119778,143,-0.9531,-0.4785,1.1199,-70.1221,-22.7328,93.7863
243367.2943,119788,143,-0.9497,-0.4319,1.1694,-67.5115,-17.4962,99.6183
243367.2943,119798,143,-0.9431,-0.3245,1.2649,-60.7481,-13.1908,107.3130
243367.2943,119808,143,-0.9280,-0.2114,1.3394,-53.8321,-4.9618,112.9313
243367.2943,119818,143,-0.9148,-0.1006,1.3921,-49.5267,6.9160,115.8321
243367.2943,119828,143,-0.8943,0.0095,1.4185,-45.0992,17.2672,116.1069
243367.2943,119838,143,-0.8672,0.0889,1.4167,-42.2748,25.7557,113.7252
243367.2943,119848,143,-0.8359,0.1550,1.4160,-39.3435,32.5649,108.8855
243367.2943,119858,143,-0.8054,0.2188,1.3911,-40.0916,37.0687,103.0840
243367.4139,119868,144,-0.7937,0.2546,1.3511,-42.3053,39.9847,97.8779
243367.4139,119878,144,-0.7688,0.2666,1.2925,-44.2443,39.0534,92.3359
243367.4139,119888,144,-0.7158,0.2876,1.2688,-45.3893,37.5420,87.7405
243367.4139,119898,144,-0.6943,0.3069,1.2458,-43.2214,43.5420,83.3740
243367.4139,119908,144,-0.6895,0.3105,1.2061,-41.9542,54.3053,78.4580
243367.4139,119918,144,-0.6953,0.2393,1.0913,-44.0000,65.8626,74.7176
243367.4139,119928,144,-0.6721,0.1843,0.9971,-39.6489,72.0916,75.4351
243367.4139,119938,144,-0.6633,0.2241,0.9653,-27.6641,76.3664,79.0992
243367.4139,119948,144,-0.6328,0.2966,0.9531,-17.4656,78.7634,84.1069
243367.4139,119958,144,-0.6575,0.3196,0.8848,-10.8244,79.7863,86.7786
243367.5416,119968,145,-0.6594,0.3818,0.8906,-2.8855,79.9695,84.9313
243367.5416,119978,145,-0.6943,0.4028,0.8643,0.2748,80.8855,81.4046
243367.5416,119988,145,-0.7058,0.4375,0.8569,2.7176,79.0992,76.2137
243367.5416,119998,145,-0.7114,0.4500,0.8535,5.6794,78.5802,71.3435
243367.5416,120008,145,-0.7034,0.4705,0.8665,11.1756,79.6947,66.8397
243367.5416,120018,145,-0.6992,0.4839,0.8491,17.8473,82.7786,63.2366
243367.5416,120028,145,-0.6970,0.4990,0.8306,25.7405,86.0000,59.9695
243367.5416,120038,145,-0.6926,0.5251,0.8372,33.5573,88.5802,57.0534
243367.5416,120048,145,-0.6914,0.5977,0.8372,38.8244,91.3435,54.7176
243367.5416,120058,145,-0.6321,0.6265,0.8086,40.0458,92.7939,50.7481
243367.7155,120068,146,-0.6135,0.7014,0.7932,50.9008,98.9160,43.9542
243367.7155,120078,146,-0.5864,0.7673,0.7522,57.3588,102.7481,32.9008
243367.7155,120088,146,-0.5332,0.7493,0.6670,53.8779,102.4427,17.5420
243367.7155,120098,146,-0.5056,0.6599,0.5759,49.2061,102.4275,1.2977
243367.7155,120108,146,-0.4438,0.6172,0.5164,50.7634,101.9542,-13.2061
243367.7155,120118,146,-0.4441,0.4485,0.4180,48.5344,102.3206,-22.6412
243367.7155,120128,146,-0.4185,0.3862,0.3669,53.2214,98.2443,-27.8015
243367.7155,120138,146,-0.3977,0.3760,0.3147,56.8092,92.7939,-29.6183
243367.7155,120148,146,-0.3657,0.3071,0.2637,58.8855,89.4504,-31.3588
243367.7155,120158,146,-0.3867,0.3225,0.1917,70.8550,91.4962,-34.4885
243367.8323,120168,147,-0.4138,0.3254,0.1450,77.7710,89.1298,-35.4504
243367.8323,120178,147,-0.4417,0.3489,0.0999,80.4427,83.1450,-38.1374
243367.8323,120188,147,-0.4429,0.3540,0.0977,78.9771,74.4733,-42.9008
243367.8323,120198,147,-0.4521,0.3494,0.1072,77.0840,66.5496,-48.4885
243367.8323,120208,147,-0.4492,0.3271,0.1138,75.5267,59.2977,-55.4504
243367.8323,120218,147,-0.4482,0.2920,0.1243,73.9542,52.7176,-62.1527
243367.8323,120228,147,-0.4165,0.2085,0.0928,71.7252,47.2061,-67.8168
243367.8323,120238,147,-0.4141,0.1934,0.0703,79.4046,45.8015,-72.5649
243367.8323,120248,147,-0.4031,0.1121,0.0427,81.2672,42.7481,-76.2137
243367.8323,120258,147,-0.3833,0.0659,0.0085,83.0992,37.3740,-78.6260
243367.8406,120268,148,-0.3711,0.0298,-0.0234,84.9771,32.3053,-79.3588
243367.8406,120278,148,-0.3428,0.0044,-0.0525,84.3206,24.8244,-79.3435
243367.8406,120288,148,-0.3184,0.0112,-0.0715,83.8321,17.2061,-80.1069
243367.8406,120298,148,-0.3215,0.0322,-0.0771,81.9237,9.5725,-82.0458
243367.8406,120308,148,-0.3108,0.0178,-0.1123,77.1145,0.7786,-84.8855
243367.8406,120318,148,-0.3450,0.0542,-0.1135,74.7634,-6.1527,-90.0916
243367.8406,120328,148,-0.3237,-0.0125,-0.1663,70.6718,-16.6870,-97.4198
243367.8406,120338,148,-0.3279,-0.0388,-0.1978,74.8092,-24.6260,-104.4427
243367.8406,120348,148,-0.3088,-0.1072,-0.2019,79.4656,-35.1450,-112.3969
243367.8406,120358,148,-0.2776,-0.2180,-0.1487,81.9237,-47.5878,-119.0687
243367.9536,120368,149,-0.2129,-0.3298,-0.0828,87.1145,-57.9847,-123.5267
243367.9536,120378,149,-0.2034,-0.4153,-0.0168,89.7557,-63.4656,-124.5954
243367.9536,120388,149,-0.1970,-0.5088,-0.0017,84.5191,-68.4427,-122.8855
243367.9536,120398,149,-0.2041,-0.6174,0.0193,80.5344,-72.9160,-121.9542
243367.9536,120408,149,-0.2095,-0.6948,0.0361,81.1908,-79.4351,-122.2137
243367.9536,120418,149,-0.2097,-0.7917,0.1089,80.3206,-88.2443,-123.0534
243367.9536,120428,149,-0.1814,-0.8989,0.2212,75.7557,-95.6947,-122.7328
243367.9536,120438,149,-0.2000,-1.0010,0.2822,67.0687,-96.6718,-118.8092
243367.9536,120448,149,-0.2622,-1.0864,0.2585,58.8244,-95.0076,-110.6870
243367.9536,120458,149,-0.2676,-1.1733,0.2388,55.7405,-96.8550,-100.4122
243368.0762,120468,150,-0.3318,-1.1746,0.2979,62.2137,-96.0916,-87.7099
243368.0762,120478,150,-0.3823,-1.1792,0.3120,62.8092,-97.0840,-76.1679
243368.0762,120488,150,-0.4417,-1.2197,0.3423,55.8931,-99.6794,-66.2901
243368.0762,120498,150,-0.4851,-1.2561,0.3936,49.6489,-104.9466,-55.9237
243368.0762,120508,150,-0.5593,-1.3057,0.4290,40.5954,-108.5344,-44.7634
243368.0762,120518,150,-0.5935,-1.3022,0.5139,33.0229,-113.5725,-33.2366
243368.0762,120528,150,-0.6443,-1.2659,0.6108,27.1908,-114.4427,-21.9695
243368.0762,120538,150,-0.7095,-1.2390,0.6548,23.9237,-112.0458,-13.6336
243368.0762,120548,150,-0.7600,-1.2161,0.6714,20.1985,-110.0611,-7.0687
243368.0762,120558,150,-0.8008,-1.1877,0.6765,13.5878,-109.9237,-0.0763
243368.1918,120568,151,-0.8577,-1.2258,0.6621,4.9313,-110.0916,5.7710
243368.1918,120578,151,-0.8713,-1.2791,0.6646,-1.8626,-113.1756,12.3664
243368.1918,120588,151,-0.8655,-1.2822,0.7693,-6.9008,-116.5344,22.4885
243368.1918,120598,151,-0.8816,-1.2783,0.8286,-14.9008,-113.8321,35.7710
243368.1918,120608,151,-0.9133,-1.2275,0.8889,-19.6947,-108.8855,50.4275
243368.1918,120618,151,-0.9492,-1.0935,0.9700,-17.6183,-102.7481,64.3969
243368.1918,120628,151,-0.9905,-0.9968,1.0276,-20.0611,-97.6947,74.9924
243368.1918,120638,151,-1.0256,-0.8855,1.0308,-21.6641,-91.1603,82.7176
243368.1918,120648,151,-1.0342,-0.8215,1.0215,-25.2366,-88.2290,86.8092
243368.1918,120658,151,-1.0120,-0.8096,1.0549,-32.0611,-88.4122,88.9771
243368.1942,120668,152,-0.9849,-0.8071,1.0867,-39.0840,-86.7634,92.5344
243368.1942,120678,152,-0.9480,-0.7959,1.1296,-45.2824,-83.3435,97.9847
243368.1942,120688,152,-0.9065,-0.7502,1.1816,-50.5649,-78.7786,105.0687
243368.1942,120698,152,-0.9141,-0.6284,1.2573,-46.0000,-66.0305,114.0000
243368.1942,120708,152,-0.9126,-0.4897,1.2737,-39.6489,-50.7634,119.6641
243368.1942,120718,152,-0.9282,-0.3633,1.1926,-42.6565,-36.2595,122.5038
243368.1942,120728,152,-0.9482,-0.2781,1.1157,-46.9618,-26.2901,121.2519
243368.1942,120738,152,-0.9277,-0.2529,1.0293,-55.5420,-22.6107,117.5878
243368.1942,120748,152,-0.9346,-0.2566,0.9412,-61.1908,-18.7481,114.1374
243368.1942,120758,152,-0.9480,-0.2249,0.8879,-61.6794,-17.6031,112.2595
243368.3753,120768,153,-0.9617,-0.1843,0.9033,-63.6641,-20.1985,112.5038
243368.3753,120778,153,-0.9294,-0.1230,0.9790,-61.4504,-23.4198,113.2061
243368.3753,120788,153,-0.9241,-0.0198,1.1067,-54.1374,-21.0382,113.0382
243368.3753,120798,153,-0.9185,0.0496,1.1909,-50.6870,-13.8931,109.9237
243368.3753,120808,153,-0.9253,0.0737,1.2146,-48.3359,-4.8855,104.9618
243368.3753,120818,153,-0.9417,0.0979,1.2195,-46.6107,2.5344,100.2748
243368.3753,120828,153,-0.9482,0.1050,1.2322,-46.4122,8.8702,97.7252
243368.3753,120838,153,-0.9358,0.1133,1.2363,-45.8321,15.5573,94.1221
243368.3753,120848,153,-0.9192,0.1311,1.2288,-44.4885,22.2595,91.9847
243368.3753,120858,153,-0.9241,0.1599,1.2146,-41.7252,29.4962,90.9924
243368.4947,120868,154,-0.9336,0.2395,1.2512,-36.8244,34.4885,90.5496
243368.4947,120878,154,-0.9451,0.2825,1.2939,-34.2443,39.8168,87.1298
243368.4947,120888,154,-0.9390,0.2712,1.2854,-30.1527,46.5496,82.4580
243368.4947,120898,154,-0.9397,0.3330,1.3271,-22.7023,52.3359,79.9084
243368.4947,120908,154,-0.8999,0.3865,1.3896,-19.7557,55.6031,77.9695
243368.4947,120918,154,-0.8604,0.4229,1.4165,-14.9771,62.4580,73.8931
243368.4947,120928,154,-0.8328,0.4873,1.4243,-9.2824,70.9618,68.6107
243368.4947,120938,154,-0.8035,0.5054,1.3967,-9.2519,79.7863,60.8702
243368.4947,120948,154,-0.7683,0.4512,1.3250,-11.4351,88.0000,51.7710
243368.4947,120958,154,-0.7390,0.3757,1.2175,-11.5267,94.8244,44.3817
243368.5019,120968,155,-0.6875,0.3110,1.1179,-11.1298,98.2901,41.1450
243368.5019,120978,155,-0.6492,0.2996,1.0393,-8.9313,100.5344,42.9771
243368.5019,120988,155,-0.6074,0.3162,0.9819,-5.6336,101.9542,46.5191
243368.5019,120998,155,-0.5547,0.3525,0.9316,-1.7099,104.7176,49.4198
243368.5019,121008,155,-0.5339,0.4158,0.8564,5.2061,109.3130,51.3588
243368.5019,121018,155,-0.5334,0.4844,0.7837,15.1908,112.8702,49.6794
243368.5019,121028,155,-0.5217,0.5046,0.6831,23.3130,114.3511,43.8779
243368.5019,121038,155,-0.5352,0.5093,0.5962,30.8397,114.3664,36.1221
243368.5019,121048,155,-0.5173,0.4924,0.5298,35.4046,110.3359,28.0916
243368.5019,121058,155,-0.5261,0.4561,0.4824,36.0458,106.8397,21.8779
243368.7364,121068,156,-0.5105,0.4211,0.4417,36.7939,101.4809,17.2519
243368.7364,121078,156,-0.5100,0.4065,0.4082,40.1069,96.8702,14.3053
243368.7364,121088,156,-0.4834,0.4050,0.3911,46.4885,94.5954,11.0229
243368.7364,121098,156,-0.5046,0.4265,0.3926,55.8779,96.3053,6.9771
243368.7364,121108,156,-0.5090,0.4255,0.3660,61.8931,94.9466,1.2061
243368.7364,121118,156,-0.4819,0.4146,0.3599,64.0153,90.9466,-5.2672
243368.7364,121128,156,-0.4822,0.3989,0.3508,64.9466,90.4733,-11.6336
243368.7364,121138,156,-0.4995,0.3848,0.3062,65.1756,90.5802,-17.9542
243368.7364,121148,156,-0.5088,0.3884,0.2700,66.8855,87.5725,-24.2748
243368.7364,121158,156,-0.5098,0.3848,0.2549,67.7405,82.6718,-30.9466
243368.7941,121168,157,-0.5000,0.3896,0.2314,68.1221,77.6031,-38.7786
243368.7941,121178,157,-0.4573,0.3323,0.1885,64.8550,72.0458,-46.6107
243368.7941,121188,157,-0.4573,0.2954,0.1455,68.0000,71.8168,-53.4962
243368.7941,121198,157,-0.4365,0.2542,0.0952,70.4275,70.7786,-60.3206
243368.7941,121208,157,-0.4226,0.1958,0.0276,70.0916,68.1679,-66.3511
243368.7941,121218,157,-0.4224,0.1638,-0.0125,73.0992,63.8779,-71.3893
243368.7941,121228,157,-0.3896,0.1384,-0.0652,73.7405,56.9924,-76.6412
243368.7941,121238,157,-0.3938,0.0740,-0.1255,72.9466,53.6489,-82.0153
243368.7941,121248,157,-0.4167,0.0195,-0.1821,72.8550,49.5115,-87.0229
243368.7941,121258,157,-0.3923,-0.0530,-0.2378,71.7863,39.5878,-91.2061
243368.8531,121268,158,-0.3904,-0.1118,-0.2568,72.2137,29.9237,-93.2977
243368.8531,121278,158,-0.3713,-0.1738,-0.2510,74.7176,19.5420,-93.8015
243368.8531,121288,158,-0.3645,-0.2029,-0.2300,79.3130,10.0916,-93.4962
243368.8531,121298,158,-0.3508,-0.2302,-0.1992,82.3969,1.0534,-92.7481
243368.8531,121308,158,-0.3389,-0.2686,-0.1731,84.1832,-5.5878,-93.5420
243368.8531,121318,158,-0.3433,-0.3247,-0.1919,83.0534,-9.3282,-96.3817
243368.8531,121328,158,-0.3364,-0.3931,-0.2197,79.4962,-17.2519,-100.1221
243368.8531,121338,158,-0.2954,-0.4709,-0.1963,73.5573,-28.3817,-103.7252
243368.8531,121348,158,-0.2869,-0.5498,-0.1443,66.4427,-38.1221,-106.1374
243368.8531,121358,158,-0.2573,-0.6460,-0.1025,57.9847,-49.4504,-106.6107
243368.9141,121368,159,-0.2246,-0.7351,-0.0532,52.0000,-58.3817,-104.6870
243368.9141,121378,159,-0.2419,-0.8137,-0.0164,50.4427,-63.1908,-99.8321
243368.9141,121388,159,-0.2544,-0.8562,0.0403,49.8779,-67.2977,-92.5191
243368.9141,121398,159,-0.2825,-0.9045,0.0117,43.9237,-67.7863,-84.4427
243368.9141,121408,159,-0.3584,-0.9246,-0.0200,39.0992,-68.0611,-76.5344
243368.9141,121418,159,-0.4004,-0.9771,-0.0337,35.4198,-74.8244,-70.4580
243368.9141,121428,159,-0.4304,-1.0281,0.0173,32.3817,-84.2901,-65.0076
243368.9141,121438,159,-0.4441,-1.0688,0.1079,27.1145,-94.6260,-57.4351
243368.9141,121448,159,-0.4902,-1.0642,0.2031,24.5038,-101.4198,-48.2901
243368.9141,121458,159,-0.4983,-1.0549,0.2783,21.2214,-107.2061,-40.0458
243369.1008,121468,160,-0.5469,-1.0469,0.3992,21.3130,-107.8626,-32.9466
243369.1008,121478,160,-0.6089,-1.0452,0.4688,19.0687,-107.7863,-25.9695
243369.1008,121488,160,-0.6028,-1.0320,0.5356,12.1679,-107.3588,-18.9924
243369.1008,121498,160,-0.6743,-1.0503,0.5291,4.7328,-100.0763,-13.3588
243369.1008,121508,160,-0.7336,-1.0781,0.4512,-4.7176,-97.4046,-9.0687
243369.1008,121518,160,-0.7556,-1.1445,0.3906,-13.4962,-98.5344,-5.1603
243369.1008,121528,160,-0.7988,-1.1562,0.3682,-17.7863,-102.0611,2.3359
243369.1008,121538,160,-0.8108,-1.1318,0.3826,-21.1298,-106.5802,12.8397
243369.1008,121548,160,-0.8547,-1.0598,0.4219,-21.9542,-108.7634,24.7786
243369.1008,121558,160,-0.8855,-0.9839,0.4482,-24.5802,-112.5344,33.7405
243369.1529,121568,161,-0.9060,-0.9524,0.5105,-30.4427,-116.4122,40.2901
243369.1529,121578,161,-0.9155,-0.9082,0.5745,-34.6260,-117.0992,45.8931
243369.1529,121588,161,-0.9380,-0.9043,0.5911,-40.5649,-116.5954,51.3435
243369.1529,121598,161,-0.9558,-0.8833,0.6084,-43.6947,-116.4885,57.3740
243369.1529,121608,161,-0.9646,-0.8777,0.6462,-46.4427,-116.8855,63.2214
243369.1529,121618,161,-1.0059,-0.8210,0.7024,-48.5802,-116.2748,70.7939
243369.1529,121628,161,-1.0583,-0.7024,0.7964,-48.6412,-114.9924,78.7176
243369.1529,121638,161,-1.0791,-0.6226,0.8967,-50.3511,-114.0611,82.0763
243369.1529,121648,161,-1.0938,-0.5989,1.0066,-54.0763,-110.3359,82.1374
243369.1529,121658,161,-1.1111,-0.5874,1.0837,-55.9847,-102.1985,81.4656
243369.2137,121668,162,-1.1140,-0.6167,1.0906,-59.8321,-93.2061,81.4351
243369.2137,121678,162,-1.0806,-0.6436,1.0986,-61.8626,-84.5496,83.1603
243369.2137,121688,162,-1.0547,-0.6702,1.1096,-62.0458,-75.2672,87.1450
243369.2137,121698,162,-1.0266,-0.6853,1.1074,-61.4351,-67.0229,93.0840
243369.2137,121708,162,-1.0149,-0.6482,1.1355,-59.7710,-59.9542,100.2901
243369.2137,121718,162,-1.0081,-0.5894,1.2112,-58.0916,-53.2366,109.4504
243369.2137,121728,162,-0.9878,-0.5046,1.3008,-54.0458,-46.5191,116.1221
243369.2137,121738,162,-0.9958,-0.4019,1.4104,-52.0611,-38.2443,120.7939
243369.2137,121748,162,-0.9895,-0.3127,1.4697,-54.0305,-27.9389,124.4122
243369.2137,121758,162,-0.9951,-0.1912,1.5012,-56.0305,-16.4122,127.8931
243369.3986,121768,163,-1.0056,-0.0330,1.4968,-56.9313,-4.5802,130.0000
243369.3986,121778,163,-1.0164,0.0789,1.4385,-56.4122,7.2366,127.9084
243369.3986,121788,163,-1.0308,0.1702,1.3418,-53.3282,17.9847,123.5725
243369.3986,121798,163,-1.0408,0.3074,1.2786,-50.5496,23.1450,119.3740
243369.3986,121808,163,-1.0083,0.3618,1.2188,-52.9466,24.2595,114.4427
243369.3986,121818,163,-0.9824,0.4031,1.1912,-44.5496,30.7023,106.6260
243369.3986,121828,163,-0.9619,0.4436,1.1746,-29.5267,39.7099,96.9313
243369.3986,121838,163,-0.9434,0.4358,1.1638,-21.0076,48.3664,86.2901
243369.3986,121848,163,-0.9375,0.3372,1.1104,-19.7252,56.5802,76.8244
243369.3986,121858,163,-0.8940,0.2668,1.1011,-17.9084,60.5802,73.6183
243369.4527,121868,164,-0.8445,0.2886,1.1675,-12.1069,63.9847,75.6641
243369.4527,121878,164,-0.7903,0.3667,1.2397,-2.5802,69.6947,77.4351
243369.4527,121888,164,-0.7659,0.4434,1.2424,6.8397,80.3206,75.3282
243369.4527,121898,164,-0.7656,0.5020,1.2009,10.1679,88.3359,69.9542
243369.4527,121908,164,-0.7190,0.4839,1.1025,4.6412,91.5420,62.8092
243369.4527,121918,164,-0.7192,0.4902,1.0146,4.6107,95.5725,55.7099
243369.4527,121928,164,-0.6865,0.4617,0.9524,6.6565,96.4580,48.2137
243369.4527,121938,164,-0.6755,0.4043,0.8652,8.6107,99.0687,43.1298
243369.4527,121948,164,-0.6667,0.3721,0.7766,13.8321,103.3282,41.1298
243369.4527,121958,164,-0.6611,0.3809,0.7017,19.6489,105.5573,41.8168
243369.5142,121968,165,-0.6631,0.4441,0.6707,27.2977,105.0076,43.2824
243369.5142,121978,165,-0.6426,0.5071,0.6533,34.4427,104.0611,42.5802
243369.5142,121988,165,-0.6484,0.5591,0.6265,40.3817,104.3511,38.3053
243369.5142,121998,165,-0.6519,0.5205,0.5645,43.8015,103.0229,29.8626
243369.5142,122008,165,-0.6348,0.4644,0.5166,44.2901,100.2290,22.6718
243369.5142,122018,165,-0.5955,0.4626,0.5210,45.6336,95.6794,19.6031
243369.5142,122028,165,-0.5518,0.4456,0.5234,48.6870,92.7786,16.8244
243369.5142,122038,165,-0.5054,0.4490,0.4973,55.9084,92.7023,14.1221
243369.5142,122048,165,-0.4951,0.4946,0.4487,63.6489,93.3740,11.2366
243369.5142,122058,165,-0.4944,0.5034,0.3901,66.9160,92.0458,6.8550
243369.6355,122068,166,-0.4871,0.4980,0.3337,68.2748,88.5496,0.7023
243369.6355,122078,166,-0.4802,0.4771,0.2798,68.0458,84.2443,-6.1832
243369.6355,122088,166,-0.4937,0.4368,0.2332,68.9160,79.5573,-13.9389
243369.6355,122098,166,-0.4751,0.3899,0.2000,69.8168,73.0840,-20.7481
243369.6355,122108,166,-0.4763,0.3704,0.1973,71.7710,67.6183,-24.8702
243369.6355,122118,166,-0.4744,0.3745,0.1995,75.1145,63.4962,-28.2290
243369.6355,122128,166,-0.4561,0.3965,0.2146,79.2061,60.6260,-32.3817
243369.6355,122138,166,-0.4561,0.4065,0.2095,82.3206,60.8550,-38.6870
243369.6355,122148,166,-0.4734,0.3845,0.1746,82.6718,60.1221,-45.8626
243369.6355,122158,166,-0.4807,0.3711,0.1448,82.5496,56.7786,-53.1450
243369.7532,122168,167,-0.4832,0.3452,0.1255,80.7176,53.3740,-60.7634
243369.7532,122178,167,-0.4753,0.3098,0.1069,79.9389,49.4504,-68.6107
243369.7532,122188,167,-0.4556,0.2578,0.0820,79.5115,45.1603,-76.7481
243369.7532,122198,167,-0.4436,0.1904,0.0537,78.2595,41.0076,-83.5267
243369.7532,122208,167,-0.4180,0.1011,0.0269,78.1221,35.8473,-89.3740
243369.7532,122218,167,-0.3721,0.0344,0.0188,80.5344,30.3359,-93.6489
243369.7532,122228,167,-0.3293,-0.0249,0.0188,84.0916,26.2901,-96.0458
243369.7532,122238,167,-0.2866,-0.0474,0.0271,90.6107,22.6718,-98.2290
243369.7532,122248,167,-0.2507,-0.0576,0.0247,94.7939,18.9618,-100.0000
243369.7532,122258,167,-0.2322,-0.0674,0.0061,94.5038,14.6412,-103.1298
243369.8151,122268,168,-0.2190,-0.0925,-0.0381,91.2061,10.3206,-109.4046
243369.8151,122278,168,-0.2083,-0.1584,-0.1279,84.9313,4.7939,-118.1679
243369.8151,122288,168,-0.1948,-0.2795,-0.2048,77.6947,-3.8779,-128.3664
243369.8151,122298,168,-0.1843,-0.4412,-0.2739,70.1985,-14.2748,-136.8855
243369.8151,122308,168,-0.1702,-0.6360,-0.3298,63.5420,-25.5878,-142.0305
243369.8151,122318,168,-0.1599,-0.7993,-0.3384,59.5878,-37.6489,-141.4046
243369.8151,122328,168,-0.1826,-0.9421,-0.3357,58.6870,-46.9618,-134.3817
243369.8151,122338,168,-0.1968,-0.9810,-0.2688,60.8397,-57.4351,-122.1221
243369.8151,122348,168,-0.2087,-1.0098,-0.1826,59.3588,-68.7023,-108.4275
243369.8151,122358,168,-0.2627,-1.0105,-0.1223,59.6794,-74.9466,-96.2137
243369.9362,122368,169,-0.3149,-0.9912,-0.0776,59.4656,-79.8779,-87.3282
243369.9362,122378,169,-0.3687,-0.9849,-0.0090,55.1450,-85.9695,-82.1221
243369.9362,122388,169,-0.4670,-0.9744,0.0540,49.2824,-90.4733,-79.4656
243369.9362,122398,169,-0.5020,-1.0098,0.1338,38.6718,-98.6870,-77.6489
243369.9362,122408,169,-0.5164,-1.0295,0.2356,32.7634,-105.1908,-74.4885
243369.9362,122418,169,-0.5701,-1.0334,0.3315,29.8626,-105.1145,-70.7786
243369.9362,122428,169,-0.5898,-1.0352,0.4021,26.2443,-107.0534,-65.6183
243369.9362,122438,169,-0.6125,-1.0349,0.4614,24.3053,-107.2824,-59.4809
243369.9362,122448,169,-0.6331,-1.0479,0.4670,21.6336,-105.4809,-53.9847
243369.9362,122458,169,-0.6604,-1.0884,0.4209,17.0076,-104.0763,-48.7634
243370.0588,122468,170,-0.6865,-1.1938,0.3486,9.9542,-104.7481,-42.9466
243370.0588,122478,170,-0.6960,-1.2556,0.3286,5.8321,-108.1985,-35.2519
243370.0588,122488,170,-0.7358,-1.3042,0.3445,-0.9160,-113.1450,-24.5344
243370.0588,122498,170,-0.7607,-1.3191,0.4080,-6.7176,-118.5802,-9.5573
243370.0588,122508,170,-0.7825,-1.2393,0.5034,-7.2214,-122.0763,6.8855
243370.0588,122518,170,-0.8179,-1.1794,0.5576,-10.7481,-122.3053,21.5725
243370.0588,122528,170,-0.8638,-1.1084,0.5603,-9.6489,-118.7634,33.6641
243370.0588,122538,170,-0.9067,-1.0676,0.5452,-9.7252,-115.7863,42.6107
243370.0588,122548,170,-0.9319,-1.0386,0.5383,-11.8931,-115.6947,50.1985
243370.0588,122558,170,-0.9333,-1.0557,0.5493,-18.5191,-116.9618,57.2672
243370.1158,122568,171,-0.9448,-1.0562,0.5933,-24.9008,-119.0534,65.9847
243370.1158,122578,171,-0.9612,-0.9817,0.6812,-27.2214,-119.5878,77.7252
243370.1158,122588,171,-0.9517,-0.9131,0.8022,-26.3664,-118.4427,87.5725
243370.1158,122598,171,-1.0261,-0.8406,0.9302,-24.8092,-110.9618,96.2595
243370.1158,122608,171,-1.0381,-0.7366,1.0508,-27.1298,-106.6565,103.4656
243370.1158,122618,171,-1.0527,-0.6565,1.1431,-32.9618,-99.7252,107.7252
243370.1158,122628,171,-1.0583,-0.5903,1.1921,-36.6565,-89.5115,108.8397
243370.1158,122638,171,-1.0598,-0.5581,1.1558,-42.2137,-77.9237,108.5802
243370.1158,122648,171,-1.0596,-0.5149,1.1199,-46.3511,-67.5573,108.9313
243370.1158,122658,171,-1.0530,-0.4487,1.0864,-49.3588,-58.9924,109.9542
243370.2946,122668,172,-1.0508,-0.3770,1.0413,-52.3817,-51.6031,110.9160
243370.2946,122678,172,-1.0520,-0.3083,1.0000,-53.9847,-46.0611,110.5954
243370.2946,122688,172,-1.0518,-0.2415,0.9697,-55.3435,-41.4504,108.8855
243370.2946,122698,172,-1.0723,-0.1794,0.9617,-55.7557,-36.3206,106.3206
243370.2946,122708,172,-1.0806,-0.1370,0.9719,-54.7023,-33.0229,101.9084
243370.2946,122718,172,-1.0718,-0.1274,1.0347,-53.8473,-32.0916,95.3282
243370.2946,122728,172,-1.0457,-0.1531,1.1328,-52.8702,-30.6870,89.2366
243370.2946,122738,172,-0.9961,-0.1924,1.2485,-52.5038,-25.3893,85.5420
243370.2946,122748,172,-0.9590,-0.2417,1.2847,-51.9695,-13.9542,84.9924
243370.2946,122758,172,-0.9409,-0.2493,1.2527,-48.4122,-1.0382,88.1985
243370.3581,122768,173,-0.9338,-0.1938,1.2446,-43.6336,9.1756,94.4275
243370.3581,122778,173,-0.9438,-0.1372,1.1995,-41.6336,17.9389,99.2061
243370.3581,122788,173,-0.9934,-0.0708,1.1406,-40.1527,24.8550,103.0840
243370.3581,122798,173,-1.0078,-0.0708,1.0630,-38.7786,25.8015,105.1908
243370.3581,122808,173,-1.1035,-0.1130,0.9858,-31.9847,30.7634,105.5420
243370.3581,122818,173,-1.0947,-0.1694,0.9888,-24.6412,31.5115,107.0992
243370.3581,122828,173,-1.0667,-0.1748,1.0876,-15.3588,32.4580,113.8168
243370.3581,122838,173,-1.0154,-0.0388,1.2905,-3.0687,34.7786,124.7939
243370.3581,122848,173,-0.9548,0.1729,1.4807,8.0000,43.0229,134.1985
243370.3581,122858,173,-0.8892,0.3896,1.5852,15.9237,56.7176,138.0153
243370.4217,122868,174,-0.8455,0.5833,1.6050,19.6489,72.1527,134.0611
243370.4217,122878,174,-0.7971,0.7375,1.5652,19.0992,85.2977,120.0305
243370.4217,122888,174,-0.7144,0.8230,1.4617,14.1374,94.6718,98.4885
243370.4217,122898,174,-0.6270,0.8267,1.3555,5.6641,101.1603,73.3282
243370.4217,122908,174,-0.5396,0.7385,1.2354,-2.0611,106.0000,47.8931
243370.4217,122918,174,-0.4690,0.5713,1.0576,-10.8244,109.9695,27.9237
243370.4217,122928,174,-0.4175,0.4080,0.8191,-17.6794,112.8550,17.0229
243370.4217,122938,174,-0.3782,0.3132,0.6777,-13.9695,112.3206,14.0153
243370.4217,122948,174,-0.3420,0.2563,0.5811,-6.5954,109.1450,16.4427
243370.4217,122958,174,-0.3132,0.2410,0.4634,2.1679,107.1908,22.0611
243370.6575,122968,175,-0.3176,0.2446,0.3486,14.2443,108.1527,29.7099
243370.6575,122978,175,-0.3452,0.3389,0.2874,30.2443,108.6260,37.4656
243370.6575,122988,175,-0.3572,0.4502,0.2439,44.0611,106.9008,42.3664
243370.6575,122998,175,-0.4102,0.5547,0.2222,56.1985,105.6336,42.0000
243370.6575,123008,175,-0.4590,0.6106,0.1626,62.2595,99.8321,38.2290
243370.6575,123018,175,-0.4783,0.6311,0.1162,65.2061,91.2977,32.8702
243370.6575,123028,175,-0.5239,0.6904,0.1433,72.2748,83.7252,25.2824
243370.6575,123038,175,-0.5215,0.6672,0.1560,75.5878,73.1908,15.3893
243370.6575,123048,175,-0.5229,0.6135,0.1770,77.5573,65.9695,5.0687
243370.6575,123058,175,-0.5359,0.5720,0.1870,79.9084,60.7786,-2.0305
243370.7128,123068,176,-0.5415,0.5261,0.1709,82.5802,56.5496,-7.8168
243370.7128,123078,176,-0.5488,0.4790,0.1650,85.6794,52.7786,-13.6336
243370.7128,123088,176,-0.5767,0.4775,0.1675,89.2824,48.8092,-17.7557
243370.7128,123098,176,-0.5859,0.4629,0.1648,90.6412,43.3435,-23.5878
243370.7128,123108,176,-0.5972,0.4275,0.1746,90.6412,38.0611,-31.3130
243370.7128,123118,176,-0.6165,0.3958,0.1853,89.7252,33.6947,-37.8321
243370.7128,123128,176,-0.6313,0.2542,0.1667,89.9542,27.1298,-50.9313
243370.7128,123138,176,-0.6313,0.2542,0.1667,89.9542,27.1298,-50.9313
243370.7128,123148,176,-0.6450,0.2061,0.1570,91.3282,23.9084,-55.2214
243370.7128,123158,176,-0.6401,0.1628,0.1777,91.7099,19.4504,-58.4275
243370.7734,123168,177,-0.6162,0.0845,0.1938,92.5191,15.7405,-62.3817
243370.7734,123178,177,-0.6072,0.0208,0.1929,94.5649,14.9771,-64.8397
243370.7734,123188,177,-0.6179,-0.0168,0.1704,93.5115,15.2519,-64.7634
243370.7734,123198,177,-0.6116,-0.0579,0.1431,90.3359,13.7710,-64.3206
243370.7734,123208,177,-0.5969,-0.0981,0.1123,88.1374,11.6336,-64.6412
243370.7734,123218,177,-0.5925,-0.1323,0.0806,87.6489,9.9847,-66.1069
243370.7734,123228,177,-0.5750,-0.1873,0.0503,86.1832,6.3053,-68.9618
243370.7734,123238,177,-0.5452,-0.2573,0.0344,83.4046,0.5802,-71.5725
243370.7734,123248,177,-0.5149,-0.3467,0.0186,80.8397,-4.9771,-72.4122
243370.7734,123258,177,-0.4832,-0.4136,0.0247,78.4122,-10.2748,-70.6565
243370.8340,123268,178,-0.4561,-0.4595,0.0393,76.4580,-14.6565,-66.3511
243370.8340,123278,178,-0.4536,-0.4539,0.0505,73.7710,-16.5649,-60.7328
243370.8340,123288,178,-0.4700,-0.4133,0.0391,68.8855,-17.4962,-56.1832
243370.8340,123298,178,-0.4863,-0.3594,-0.0037,63.6489,-20.0611,-55.6947
243370.8340,123308,178,-0.5039,-0.3481,-0.0425,57.4351,-25.9084,-59.1908
243370.8340,123318,178,-0.5217,-0.3672,-0.0674,52.0611,-33.5115,-65.6641
243370.8340,123328,178,-0.5500,-0.3877,-0.0591,44.3359,-41.0687,-72.3969
243370.8340,123338,178,-0.5459,-0.4219,-0.0286,35.5573,-48.9924,-78.5496
243370.8340,123348,178,-0.5181,-0.4753,0.0002,27.5420,-56.0000,-84.1679
243370.8340,123358,178,-0.5063,-0.4866,0.0481,23.2519,-60.5649,-88.0458
243370.9560,123368,179,-0.4934,-0.5337,0.0886,15.7710,-65.4962,-91.6947
243370.9560,123378,179,-0.4263,-0.5654,0.1697,11.5573,-71.3740,-93.8626
243370.9560,123388,179,-0.4309,-0.6023,0.2097,7.6336,-70.4427,-95.0076
243370.9560,123398,179,-0.4490,-0.7217,0.1321,0.5344,-68.0305,-97.8321
243370.9560,123408,179,-0.4312,-0.9043,0.0366,-5.9847,-68.8702,-99.2214
243370.9560,123418,179,-0.4441,-1.0483,-0.0063,-5.6031,-71.4198,-93.7863
243370.9560,123428,179,-0.4468,-1.1633,-0.0474,-7.6336,-79.1908,-81.5573
243370.9560,123438,179,-0.4351,-1.2129,-0.0334,-10.0763,-90.8702,-63.3740
243370.9560,123448,179,-0.4666,-1.1548,0.0513,-11.5573,-100.2901,-41.8473
243370.9560,123458,179,-0.4956,-1.0247,0.1460,-10.7023,-107.3282,-22.4885
243371.0733,123468,180,-0.5557,-0.8975,0.2461,-8.7939,-110.1985,-10.5038
243371.0733,123478,180,-0.6350,-0.8132,0.3262,-8.7176,-109.9542,-4.7023
243371.0733,123488,180,-0.7090,-0.7322,0.3953,-12.8550,-112.3511,-2.3664
243371.0733,123498,180,-0.7283,-0.7180,0.4722,-22.5649,-119.4656,-1.8321
243371.0733,123508,180,-0.7515,-0.7336,0.5308,-29.9542,-121.8015,-1.5725
243371.0733,123518,180,-0.7935,-0.7776,0.5623,-35.5878,-119.7710,-0.3359
243371.0733,123528,180,-0.8425,-0.7949,0.5718,-38.3511,-116.0305,2.8550
243371.0733,123538,180,-0.8816,-0.7664,0.6189,-38.4275,-113.2061,7.8626
243371.0733,123548,180,-0.9561,-0.7449,0.6223,-40.1679,-107.1603,14.4122
243371.0733,123558,180,-0.9907,-0.6921,0.6042,-39.8931,-106.3053,20.3206
243371.1339,123568,181,-1.0273,-0.6851,0.5876,-43.0840,-106.5344,25.6031
243371.1339,123578,181,-1.0642,-0.6580,0.5977,-42.3511,-107.1756,30.9924
243371.1339,123588,181,-1.0896,-0.6562,0.6296,-42.3969,-110.5496,34.8092
243371.1339,123598,181,-1.1123,-0.6643,0.6995,-43.9084,-115.4656,38.8550
243371.1339,123608,181,-1.1069,-0.6851,0.8359,-46.9924,-120.6412,44.0611
243371.1339,123618,181,-1.0959,-0.6904,0.9919,-49.2672,-121.1145,50.4275
243371.1339,123628,181,-1.0896,-0.6689,1.0996,-50.6107,-114.6260,58.6260
243371.1339,123638,181,-1.1064,-0.6287,1.1541,-50.6870,-103.5725,67.6489
243371.1339,123648,181,-1.0908,-0.5862,1.1975,-47.2214,-90.7786,76.2443
243371.1339,123658,181,-1.1328,-0.5046,1.1846,-46.2290,-76.6718,85.0076
243371.3187,123668,182,-1.1318,-0.4348,1.1362,-47.3740,-68.8855,92.1679
243371.3187,123678,182,-1.1621,-0.3545,1.1145,-45.6947,-62.3969,95.2366
243371.3187,123688,182,-1.1868,-0.3140,1.0974,-47.8321,-58.1527,95.9847
243371.3187,123698,182,-1.1841,-0.3164,1.0925,-52.1221,-55.1145,95.7863
243371.3187,123708,182,-1.1995,-0.3342,1.1208,-51.7252,-51.4962,96.1374
243371.3187,123718,182,-1.1619,-0.3525,1.2192,-46.8702,-50.5954,98.4275
243371.3187,123728,182,-1.0750,-0.3491,1.3567,-39.0076,-45.9695,102.4580
243371.3187,123738,182,-1.0469,-0.2800,1.5129,-30.9008,-33.9695,109.1450
243371.3187,123748,182,-0.9792,-0.1917,1.6165,-29.5115,-21.7099,117.0076
243371.3187,123758,182,-0.9536,-0.0632,1.6411,-28.2748,-3.7710,122.3969
243371.3744,123768,183,-0.9441,0.0369,1.5920,-23.6641,14.3359,121.9542
243371.3744,123778,183,-0.9602,0.1443,1.5149,-19.2519,27.2672,117.9389
243371.3744,123788,183,-0.9241,0.2231,1.4009,-22.3053,33.1298,111.9695
243371.3744,123798,183,-0.9233,0.2676,1.3274,-25.7863,40.1985,104.0458
243371.3744,123808,183,-0.9136,0.2827,1.2705,-28.8244,44.9160,97.4656
243371.3744,123818,183,-0.8721,0.2878,1.2244,-30.3511,46.4275,94.0458
243371.3744,123828,183,-0.8281,0.3503,1.2400,-21.4809,50.3053,92.3664
243371.3744,123838,183,-0.7974,0.4390,1.2913,-9.9542,59.3282,88.9466
243371.3744,123848,183,-0.7822,0.4795,1.2666,-5.2214,70.8092,83.7557
243371.3744,123858,183,-0.7688,0.5002,1.2031,-2.8244,80.9924,77.0687
243371.4926,123868,184,-0.7397,0.5032,1.1467,0.4885,88.0611,69.8473
243371.4926,123878,184,-0.7175,0.5037,1.0938,6.3511,93.0992,63.9084
243371.4926,123888,184,-0.6802,0.5122,1.0330,13.6031,96.2748,59.1145
243371.4926,123898,184,-0.6501,0.5276,0.9761,20.5496,98.0763,54.7481
243371.4926,123908,184,-0.6426,0.5637,0.9360,26.2290,99.5725,50.7176
243371.4926,123918,184,-0.5952,0.5759,0.8650,28.4122,97.9542,44.7786
243371.4926,123928,184,-0.5613,0.5330,0.7966,31.3588,99.3130,37.3435
243371.4926,123938,184,-0.5520,0.5222,0.7368,38.1985,101.4198,29.0840
243371.4926,123948,184,-0.5266,0.4788,0.6785,39.3130,100.1527,21.6489
243371.4926,123958,184,-0.4895,0.3843,0.6091,38.8244,97.6794,15.2214
243371.5519,123968,185,-0.4868,0.3633,0.5667,45.0687,97.2366,11.6794
243371.5519,123978,185,-0.4841,0.3435,0.5527,47.9847,94.4580,9.8015
243371.5519,123988,185,-0.4846,0.3330,0.5422,51.2366,89.8168,7.5725
243371.5519,123998,185,-0.4749,0.2756,0.5203,53.1756,86.9160,4.2443
243371.5519,124008,185,-0.4915,0.2791,0.4954,59.6031,85.5573,2.3817
243371.5519,124018,185,-0.4839,0.2617,0.4822,63.2366,81.0687,0.3817
243371.5519,124028,185,-0.4773,0.2578,0.4502,64.8244,80.1221,-1.0840
243371.5519,124038,185,-0.4897,0.2708,0.4258,69.7099,82.7634,-2.5496
243371.5519,124048,185,-0.5132,0.2788,0.3704,73.1298,84.1679,-5.8626
243371.5519,124058,185,-0.5198,0.2600,0.3088,74.9313,82.1221,-10.2443
243371.6720,124068,186,-0.5413,0.2642,0.2803,77.1450,78.1527,-14.8092
243371.6720,124078,186,-0.5176,0.2324,0.2507,74.8092,71.3740,-19.8321
243371.6720,124088,186,-0.5154,0.1956,0.2234,72.1679,66.9771,-25.0840
243371.6720,124098,186,-0.5134,0.1746,0.1975,71.5725,63.9237,-29.2214
243371.6720,124108,186,-0.5371,0.1245,0.1577,70.4427,61.8931,-32.8092
243371.6720,124118,186,-0.5168,0.1106,0.1406,72.1832,56.9008,-36.5038
243371.6720,124128,186,-0.5100,0.0979,0.1414,73.3740,53.9695,-40.6565
243371.6720,124138,186,-0.5061,0.0605,0.1079,70.3664,52.0763,-43.8473
243371.6720,124148,186,-0.5293,-0.0061,0.0225,69.1908,49.6183,-46.0458
243371.6720,124158,186,-0.4915,0.0247,0.0247,74.1985,44.8092,-48.5954
243371.7347,124168,187,-0.4731,0.0237,-0.0688,77.1908,36.5344,-54.2901
243371.7347,124178,187,-0.4504,0.0259,-0.0930,78.5954,30.4580,-59.4962
243371.7347,124188,187,-0.4199,0.0166,-0.1091,74.5191,23.5420,-65.6641
243371.7347,124198,187,-0.3989,-0.0447,-0.1511,67.8473,16.9160,-73.0840
243371.7347,124208,187,-0.3938,-0.1272,-0.2117,61.3893,10.1527,-79.8015
243371.7347,124218,187,-0.3877,-0.1941,-0.2563,56.2901,0.7481,-83.0076
243371.7347,124228,187,-0.3877,-0.2466,-0.2607,55.5725,-9.9542,-83.2519
243371.7347,124238,187,-0.4006,-0.2744,-0.2397,57.0840,-19.6336,-81.5878
243371.7347,124248,187,-0.4214,-0.2551,-0.1951,58.8397,-28.8397,-78.0916
243371.7347,124258,187,-0.4536,-0.1797,-0.1528,60.6565,-35.4351,-75.4656
243371.8539,124268,188,-0.4771,-0.1274,-0.1309,59.3740,-41.5420,-77.1908
243371.8539,124278,188,-0.4968,-0.1309,-0.1189,56.3206,-48.1069,-83.0076
243371.8539,124288,188,-0.5100,-0.1929,-0.1316,51.7099,-54.1679,-90.4427
243371.8539,124298,188,-0.4836,-0.2732,-0.1353,46.1374,-61.3588,-97.2672
243371.8539,124308,188,-0.4795,-0.3787,-0.1255,42.4885,-64.9771,-103.7252
243371.8539,124318,188,-0.4807,-0.4905,-0.1714,41.7863,-70.5954,-109.4809
243371.8539,124328,188,-0.4470,-0.6587,-0.1702,35.6336,-80.7328,-110.7328
243371.8539,124338,188,-0.4448,-0.7825,-0.1555,31.2519,-89.1145,-104.8092
243371.8539,124348,188,-0.4553,-0.8247,-0.0972,29.7405,-97.6947,-92.0153
243371.8539,124358,188,-0.4661,-0.8184,-0.0203,30.5496,-105.2519,-77.7252
243371.9792,124368,189,-0.5012,-0.7822,0.0488,32.0000,-110.5496,-66.4275
243371.9792,124378,189,-0.5432,-0.7368,0.1118,31.5725,-115.1756,-58.8550
243371.9792,124388,189,-0.6150,-0.7349,0.1953,29.6794,-120.6718,-54.4580
243371.9792,124398,189,-0.6143,-0.7161,0.3315,27.6947,-129.3588,-51.9695
243371.9792,124408,189,-0.6350,-0.7385,0.4570,20.9008,-131.9389,-50.2443
243371.9792,124418,189,-0.6719,-0.7939,0.5159,12.9771,-130.4885,-48.2290
243371.9792,124428,189,-0.7175,-0.8374,0.5813,8.8550,-130.7634,-45.0382
243371.9792,124438,189,-0.7036,-0.9001,0.6833,4.8702,-134.7786,-41.1450
243371.9792,124448,189,-0.7017,-0.9607,0.8215,-1.6947,-133.8015,-35.0534
243371.9792,124458,189,-0.7241,-1.0320,0.8862,-11.4198,-127.4809,-25.5725
243372.0342,124468,190,-0.7363,-1.0725,0.8953,-22.0763,-121.5267,-13.2214
243372.0342,124478,190,-0.7378,-1.0803,0.9248,-31.0687,-116.7481,1.1450
243372.0342,124488,190,-0.7566,-1.0720,0.9380,-37.2061,-110.1221,14.7939
243372.0342,124498,190,-0.8030,-1.0325,0.9446,-41.8473,-106.5191,27.3435
243372.0342,124508,190,-0.7961,-1.0188,0.9165,-50.9771,-106.3664,40.9008
243372.0342,124518,190,-0.8516,-0.9607,0.8994,-51.8321,-101.1756,53.6794
243372.0342,124528,190,-0.9204,-0.8403,0.9075,-49.2519,-97.5420,63.5420
243372.0342,124538,190,-0.9429,-0.7532,0.9265,-52.0305,-97.0229,70.6870
243372.0342,124548,190,-0.9683,-0.6638,0.9727,-54.0000,-93.9695,75.4351
243372.0342,124558,190,-1.0139,-0.5684,0.9905,-55.4351,-87.2366,78.9924
243372.0944,124568,191,-1.0308,-0.4844,1.0042,-57.7099,-83.2214,80.6718
243372.0944,124578,191,-1.0254,-0.4434,1.0205,-59.4504,-77.7710,79.4046
243372.0944,124588,191,-1.0195,-0.4365,0.9780,-59.9847,-69.4962,77.5878
243372.0944,124598,191,-1.0251,-0.4263,0.9561,-58.2443,-59.9542,76.1069
243372.0944,124608,191,-1.0457,-0.3806,0.9753,-55.0840,-52.1527,76.6107
243372.0944,124618,191,-1.0476,-0.3213,0.9961,-54.4733,-48.5649,77.7710
243372.0944,124628,191,-1.0254,-0.2754,1.0352,-54.8855,-45.4656,78.1985
243372.0944,124638,191,-1.0222,-0.2019,1.0637,-52.0611,-38.3206,77.8779
243372.0944,124648,191,-1.0317,-0.1479,1.0530,-51.3588,-30.3359,74.8092
243372.0944,124658,191,-1.0288,-0.1296,1.0232,-53.9389,-25.2824,69.4962
243372.2137,124668,192,-1.0166,-0.1301,1.0100,-57.7405,-23.7405,63.8626
243372.2137,124678,192,-0.9783,-0.1553,1.0303,-61.8168,-24.1832,58.7023
243372.2137,124688,192,-0.9402,-0.1919,1.0615,-64.4580,-24.1221,55.1603
243372.2137,124698,192,-0.8960,-0.2173,1.0845,-64.5344,-21.6794,53.7405
243372.2137,124708,192,-0.8699,-0.2217,1.1001,-62.2290,-16.2290,53.9084
243372.2137,124718,192,-0.8545,-0.2031,1.1069,-58.0305,-8.4733,54.6718
243372.2137,124728,192,-0.8604,-0.1948,1.0815,-54.5802,-1.1603,54.5191
243372.2137,124738,192,-0.8567,-0.2109,1.0571,-54.0000,3.3130,53.7557
243372.2137,124748,192,-0.8472,-0.2568,1.0310,-54.7634,6.3511,54.2137
243372.2137,124758,192,-0.8323,-0.2891,1.0291,-52.3053,8.8244,56.9771
243372.3435,124768,193,-0.8279,-0.2837,1.0249,-46.7176,11.9695,62.5344
243372.3435,124778,193,-0.8274,-0.2202,1.0469,-39.3588,15.6947,69.3435
243372.3435,124788,193,-0.8545,-0.1360,1.0603,-33.1298,21.0840,74.6565
243372.3435,124798,193,-0.8828,-0.0562,1.0500,-29.5420,26.4427,77.2519
243372.3435,124808,193,-0.9023,-0.0010,1.0439,-28.6412,30.5496,77.6031
243372.3435,124818,193,-0.9172,0.0217,1.0447,-26.8244,34.1069,76.3053
243372.3435,124828,193,-0.9414,0.0276,1.0476,-23.9237,38.4733,73.8168
243372.3435,124838,193,-0.9475,0.0237,1.0522,-19.8779,41.7863,72.5038
243372.3435,124848,193,-0.9373,0.0332,1.0793,-15.1908,43.8626,72.9618
243372.3435,124858,193,-0.9148,0.0535,1.1233,-11.0382,46.6870,74.2137
243372.3956,124868,194,-0.8938,0.0813,1.1489,-7.7863,50.9160,76.2901
243372.3956,124878,194,-0.8606,0.1340,1.1816,-2.7786,54.9008,78.0763
243372.3956,124888,194,-0.8252,0.1711,1.2107,1.2061,59.4351,78.6107
243372.3956,124898,194,-0.7764,0.1772,1.2048,3.4198,67.1756,78.2290
243372.3956,124908,194,-0.7756,0.1868,1.1262,7.2672,77.2366,78.1985
243372.3956,124918,194,-0.7678,0.1733,1.0071,11.4198,85.3130,77.9389
243372.3956,124928,194,-0.7339,0.1755,0.9304,17.1603,88.3664,78.9924
243372.3956,124938,194,-0.6887,0.2112,0.8860,24.7023,88.9618,81.1756
243372.3956,124948,194,-0.6555,0.2800,0.8433,35.1145,90.8855,82.6107
243372.3956,124958,194,-0.6230,0.3455,0.8018,42.0916,92.6718,82.6260
243372.5136,124968,195,-0.6030,0.3948,0.7568,46.1527,95.2366,80.7939
243372.5136,124978,195,-0.5837,0.4639,0.7173,51.4809,97.1450,74.6718
243372.5136,124988,195,-0.5854,0.4380,0.6108,50.1374,96.1527,67.1298
243372.5136,124998,195,-0.5181,0.4617,0.5933,52.3206,94.8702,59.5573
243372.5136,125008,195,-0.5312,0.4504,0.5403,57.9084,94.7023,52.4122
243372.5136,125018,195,-0.5056,0.4346,0.4849,58.8244,92.0458,46.3664
243372.5136,125028,195,-0.4714,0.4514,0.4519,63.1756,91.8168,40.2748
243372.5136,125038,195,-0.4832,0.4299,0.3755,66.4122,90.6870,33.3130
243372.5136,125048,195,-0.4526,0.4189,0.3245,68.7634,85.8626,27.0840
243372.5136,125058,195,-0.4387,0.4099,0.2927,71.3130,81.0382,21.0229
243372.6402,125068,196,-0.4021,0.4097,0.2439,73.2824,75.7710,14.0763
243372.6402,125078,196,-0.4021,0.3684,0.2168,72.5802,72.1832,7.3588
243372.6402,125088,196,-0.3481,0.3652,0.2405,75.4351,66.5649,1.4809
243372.6402,125098,196,-0.3782,0.3103,0.1895,76.1985,63.3740,-2.5191
243372.6402,125108,196,-0.3728,0.3440,0.1697,81.7863,58.7328,-7.7405
243372.6402,125118,196,-0.3845,0.3337,0.1428,85.3893,54.3359,-13.1145
243372.6402,125128,196,-0.4033,0.3423,0.1299,85.7405,49.4504,-18.9008
243372.6402,125138,196,-0.3928,0.3269,0.1206,84.1527,43.7099,-25.1603
243372.6402,125148,196,-0.3889,0.2844,0.0952,83.3893,40.0763,-32.7634
243372.6402,125158,196,-0.3818,0.2297,0.0542,81.9389,37.3893,-39.3435
243372.8137,125168,197,-0.3889,0.1892,0.0061,82.2901,35.0840,-44.7786
243372.8137,125178,197,-0.4019,0.1594,-0.0652,82.7634,31.4962,-50.3664
243372.8137,125188,197,-0.4177,0.1177,-0.1206,81.0992,25.0229,-55.4656
243372.8137,125198,197,-0.4287,0.0840,-0.1370,79.8321,16.4427,-60.1679
243372.8137,125208,197,-0.4028,0.0398,-0.1355,78.4122,6.3206,-65.0534
243372.8137,125218,197,-0.4082,-0.0095,-0.1182,75.0076,-1.9237,-69.4809
243372.8137,125228,197,-0.4341,-0.0295,-0.1038,72.8244,-8.7786,-74.5954
243372.8137,125238,197,-0.4543,-0.0740,-0.0962,66.9771,-17.2519,-80.3053
243372.8137,125248,197,-0.4451,-0.1523,-0.0562,59.0382,-27.6489,-86.6107
243372.8137,125258,197,-0.4946,-0.1589,-0.0203,53.0229,-34.7786,-92.6412
243372.8764,125268,198,-0.4885,-0.2224,0.0200,46.3664,-42.9160,-96.2137
243372.8764,125278,198,-0.5154,-0.2363,0.0608,42.1374,-48.7481,-100.5802
243372.8764,125288,198,-0.5085,-0.2693,0.1050,35.5878,-55.4809,-103.4962
243372.8764,125298,198,-0.5232,-0.2996,0.1287,31.7710,-58.1679,-106.2901
243372.8764,125308,198,-0.5454,-0.3333,0.1248,28.1374,-58.3969,-109.3130
243372.8764,125318,198,-0.5952,-0.3665,0.0881,24.1069,-57.8015,-112.5649
243372.8764,125328,198,-0.6467,-0.4187,0.0391,18.2595,-59.3588,-115.5573
243372.8764,125338,198,-0.6748,-0.4827,0.0183,11.8779,-65.0229,-118.1374
243372.8764,125348,198,-0.6628,-0.5398,0.0698,7.0840,-73.8168,-119.3893
243372.8764,125358,198,-0.6379,-0.5854,0.1677,3.2824,-79.8473,-119.1603
243372.9922,125368,199,-0.6262,-0.6448,0.2468,-1.0687,-80.6107,-117.0382
243372.9922,125378,199,-0.6338,-0.6992,0.2822,-4.9771,-79.1298,-112.4122
243372.9922,125388,199,-0.6553,-0.7148,0.3091,-5.8015,-78.0611,-105.4809
243372.9922,125398,199,-0.6750,-0.7041,0.3188,-5.5420,-77.3740,-99.0076
243372.9922,125408,199,-0.7056,-0.7344,0.3127,-8.5649,-77.0382,-94.1832
243372.9922,125418,199,-0.7527,-0.7610,0.2905,-11.3588,-78.8244,-92.2443
243372.9922,125428,199,-0.7520,-0.8477,0.2568,-17.7557,-85.5115,-91.6336
243372.9922,125438,199,-0.7686,-0.9600,0.2422,-26.8244,-92.1832,-88.5649
243372.9922,125448,199,-0.7681,-1.0220,0.2705,-30.5954,-98.3817,-80.9313
243372.9922,125458,199,-0.7700,-1.0588,0.3530,-32.1679,-105.0076,-70.2595
243372.9940,125468,200,-0.7532,-1.1052,0.4609,-33.1908,-108.9924,-57.2977
243372.9940,125478,200,-0.7805,-1.0789,0.5598,-31.6183,-106.9008,-41.9695
243372.9940,125488,200,-0.8022,-1.0288,0.6104,-34.8702,-103.0992,-25.7710
243372.9940,125498,200,-0.8342,-1.0061,0.6248,-37.9237,-97.2824,-11.8931
243372.9940,125508,200,-0.8811,-0.9077,0.6462,-34.0305,-92.6565,-2.1221
243372.9940,125518,200,-0.9116,-0.8645,0.6699,-35.8321,-91.4809,5.7557
243372.9940,125528,200,-0.9333,-0.8147,0.6865,-38.3511,-90.6260,12.5649
243372.9940,125538,200,-0.9680,-0.7542,0.7439,-39.9542,-89.9695,18.9466
243372.9940,125548,200,-0.9917,-0.7004,0.8259,-42.3969,-90.1374,24.9924
243372.9940,125558,200,-0.9949,-0.6401,0.8723,-42.7634,-89.5115,29.1603
