host_time_s,device_ms,seq,ax_g,ay_g,az_g,gx_dps,gy_dps,gz_dps
243416.1184,168568,119,-1.0166,-0.7617,0.9438,-16.2748,-108.2901,38.5344
243416.1184,168578,119,-1.0474,-0.6687,0.9653,-20.7634,-102.5496,41.0840
243416.1184,168588,119,-1.0923,-0.6013,0.9673,-25.8473,-96.7023,40.7328
243416.1184,168598,119,-1.1096,-0.5513,0.9775,-32.6565,-93.5115,38.8244
243416.1184,168608,119,-1.1313,-0.5007,1.0166,-39.6794,-90.0000,37.1908
243416.1184,168618,119,-1.1411,-0.4343,1.0640,-43.1145,-85.4198,35.9237
243416.1184,168628,119,-1.1245,-0.3726,1.1033,-46.9618,-82.1985,32.9466
243416.1184,168638,119,-1.0906,-0.3870,1.0935,-52.9160,-78.1374,28.0305
243416.1184,168648,119,-1.0488,-0.4485,1.0117,-57.2977,-72.9618,23.3130
243416.1184,168658,119,-0.9778,-0.5173,0.9553,-61.0076,-68.7176,21.1908
243416.1932,168668,120,-0.9434,-0.6035,0.8972,-65.0992,-63.2519,22.7939
243416.1932,168678,120,-0.9231,-0.6460,0.8464,-67.0382,-59.2366,29.8931
243416.1932,168688,120,-0.9177,-0.6140,0.8259,-67.2519,-56.5802,41.0992
243416.1932,168698,120,-0.9099,-0.5325,0.8308,-65.5573,-54.1679,52.7023
243416.1932,168708,120,-0.9143,-0.4204,0.8591,-63.0076,-51.8626,60.5649
243416.1932,168718,120,-0.9109,-0.3701,0.8665,-63.9237,-49.0076,64.9008
243416.1932,168728,120,-0.9468,-0.3330,0.8835,-61.9695,-44.9466,67.9237
243416.1932,168738,120,-0.9856,-0.2786,0.9316,-57.5878,-42.6260,70.8550
243416.1932,168748,120,-0.9766,-0.2141,1.0366,-56.4427,-41.0687,73.9389
243416.1932,168758,120,-0.9900,-0.1353,1.1619,-55.7557,-34.4885,75.4809
243416.2985,168768,121,-1.0083,-0.0437,1.2288,-55.4046,-24.8702,74.8702
243416.2985,168778,121,-0.9998,0.0352,1.2483,-56.9160,-15.3740,71.3435
243416.2985,168788,121,-0.9846,0.0669,1.2297,-61.6947,-5.9084,64.8092
243416.2985,168798,121,-0.9531,0.0679,1.1748,-66.3969,2.3664,56.9771
243416.2985,168808,121,-0.9460,0.0349,1.0894,-70.9771,9.0992,50.2290
243416.2985,168818,121,-0.9380,0.0125,1.0439,-72.9008,11.2672,46.3511
243416.2985,168828,121,-0.8962,0.0059,1.0645,-71.8015,9.8321,45.3588
243416.2985,168838,121,-0.8767,0.0129,1.1130,-68.4733,11.0229,46.0916
243416.2985,168848,121,-0.8892,0.0405,1.1536,-63.6947,14.6107,47.9847
243416.2985,168858,121,-0.8923,0.0986,1.1985,-59.4046,17.8626,50.5038
243416.4181,168868,122,-0.9080,0.1648,1.2363,-56.3969,21.6947,52.5649
243416.4181,168878,122,-0.8940,0.2329,1.2695,-52.2290,25.4198,52.4580
243416.4181,168888,122,-0.8857,0.2861,1.2983,-46.0916,32.0916,50.6565
243416.4181,168898,122,-0.8875,0.3450,1.2847,-39.2824,41.0992,47.5725
243416.4181,168908,122,-0.8806,0.3606,1.2126,-36.3359,47.7557,43.3282
243416.4181,168918,122,-0.8738,0.3547,1.1396,-33.5267,52.6870,39.3435
243416.4181,168928,122,-0.8557,0.3411,1.0908,-29.4351,56.5649,35.8626
243416.4181,168938,122,-0.8423,0.3352,1.0784,-25.0687,59.3740,33.0687
243416.4181,168948,122,-0.8291,0.3037,1.0806,-21.3588,61.1603,30.8702
243416.4181,168958,122,-0.8174,0.2678,1.0769,-16.9008,63.1756,29.2824
243416.4937,168968,123,-0.7913,0.2429,1.0793,-12.7176,65.6489,29.1756
243416.4937,168978,123,-0.7644,0.2217,1.0669,-8.0153,69.4809,30.7786
243416.4937,168988,123,-0.7485,0.2144,1.0371,-1.6641,74.8855,33.5725
243416.4937,168998,123,-0.7305,0.2285,0.9927,4.2595,80.1374,37.0076
243416.4937,169008,123,-0.7180,0.2566,0.9236,12.9771,85.4656,40.1832
243416.4937,169018,123,-0.7175,0.3032,0.8560,24.4885,90.7481,40.8702
243416.4937,169028,123,-0.7151,0.3389,0.7881,32.2595,94.3817,39.8931
243416.4937,169038,123,-0.7136,0.3804,0.7256,36.4427,95.9847,37.8168
243416.4937,169048,123,-0.7051,0.4072,0.6738,38.7176,95.0840,33.5420
243416.4937,169058,123,-0.6704,0.3918,0.6375,40.3817,92.3969,27.0382
243416.5998,169068,124,-0.6379,0.3752,0.6194,43.9695,90.9924,20.2595
243416.5998,169078,124,-0.6079,0.3618,0.5981,48.4885,90.7328,14.2595
243416.5998,169088,124,-0.5823,0.3198,0.5464,51.6947,89.8779,8.2901
243416.5998,169098,124,-0.5474,0.2803,0.4993,54.2748,87.6947,3.6336
243416.5998,169108,124,-0.5100,0.2517,0.4746,56.7176,85.6336,0.5802
243416.5998,169118,124,-0.4846,0.2188,0.4282,57.4198,86.0153,-1.9389
243416.5998,169128,124,-0.4829,0.1943,0.3691,58.6870,86.2290,-3.5267
243416.5998,169138,124,-0.4683,0.1909,0.3108,61.4046,82.9466,-4.3053
243416.5998,169148,124,-0.4578,0.2017,0.2717,63.3588,77.8779,-5.8779
243416.5998,169158,124,-0.4451,0.2031,0.2468,64.3664,72.9313,-8.2901
243416.7052,169168,125,-0.4460,0.1995,0.2136,64.8550,67.7252,-11.6947
243416.7052,169178,125,-0.4519,0.1995,0.2017,64.3817,61.8626,-15.2214
243416.7052,169188,125,-0.4360,0.1870,0.1924,64.7023,56.4427,-19.0840
243416.7052,169198,125,-0.4443,0.1492,0.1582,66.2748,54.4733,-23.5267
243416.7052,169208,125,-0.4470,0.1104,0.1265,67.6183,51.4809,-26.8702
243416.7052,169218,125,-0.4453,0.0796,0.1138,68.7023,47.8779,-28.3969
243416.7052,169228,125,-0.4517,0.0649,0.0991,69.5573,45.1908,-28.4122
243416.7052,169238,125,-0.4553,0.0649,0.0813,69.5267,41.2366,-27.9389
243416.7052,169248,125,-0.4700,0.0667,0.0549,69.6794,35.8321,-28.1069
243416.7052,169258,125,-0.4700,0.0720,0.0435,70.6565,29.5878,-30.2901
243416.8007,169268,126,-0.4717,0.0845,0.0649,71.3282,24.5496,-33.5878
243416.8007,169278,126,-0.4854,0.0679,0.0601,68.5496,21.6947,-38.1679
243416.8007,169288,126,-0.4863,0.0117,0.0344,63.4351,17.3588,-43.4351
243416.8007,169298,126,-0.4746,-0.0496,0.0056,60.8397,10.9466,-47.4809
243416.8007,169308,126,-0.4668,-0.1150,-0.0022,61.2672,4.8855,-50.1527
243416.8007,169318,126,-0.4565,-0.1719,-0.0203,63.2519,-0.4122,-51.3282
243416.8007,169328,126,-0.4448,-0.2141,-0.0220,64.1527,-6.9924,-50.7023
243416.8007,169338,126,-0.4292,-0.2366,-0.0046,64.2901,-15.6641,-49.5725
243416.8007,169348,126,-0.4106,-0.2559,0.0283,62.7634,-24.2290,-49.4504
243416.8007,169358,126,-0.3987,-0.2795,0.0369,59.5115,-32.0763,-50.7786
243416.8996,169368,127,-0.3936,-0.3132,0.0481,56.1679,-40.1069,-53.4656
243416.8996,169378,127,-0.3862,-0.3718,0.0571,52.4122,-48.9618,-56.6565
243416.8996,169388,127,-0.4065,-0.4285,0.0620,49.6183,-56.9618,-59.3282
243416.8996,169398,127,-0.3845,-0.5020,0.1021,46.1679,-64.9466,-60.7939
243416.8996,169408,127,-0.3743,-0.5708,0.1492,43.6641,-70.0458,-60.3817
243416.8996,169418,127,-0.3782,-0.6321,0.1584,41.0992,-72.2137,-58.1985
243416.8996,169428,127,-0.3914,-0.6931,0.1711,38.5496,-74.9313,-53.4046
243416.8996,169438,127,-0.4155,-0.7292,0.1934,37.8931,-78.3969,-47.0382
243416.8996,169448,127,-0.4351,-0.7583,0.2095,36.7786,-82.1374,-40.3969
243416.8996,169458,127,-0.4915,-0.7803,0.2053,34.4275,-86.8550,-34.1374
243417.0035,169468,128,-0.5342,-0.7883,0.2510,31.2519,-93.8779,-28.0000
243417.0035,169478,128,-0.5771,-0.8035,0.3108,26.9008,-101.0229,-22.9771
243417.0035,169488,128,-0.6401,-0.8293,0.3701,20.4427,-106.2748,-18.4885
243417.0035,169498,128,-0.7190,-0.8501,0.4519,15.1603,-112.4580,-13.2824
243417.0035,169508,128,-0.7805,-0.8435,0.5750,11.0076,-118.9924,-6.9160
243417.0035,169518,128,-0.8110,-0.8101,0.7151,7.8321,-123.0534,-0.0305
243417.0035,169528,128,-0.8408,-0.7417,0.8657,3.8473,-122.3817,5.0534
243417.0035,169538,128,-0.8828,-0.6990,0.9490,-4.7786,-116.9313,7.3893
243417.0035,169548,128,-0.8950,-0.6606,0.9856,-12.5191,-108.8702,7.0687
243417.0035,169558,128,-0.8958,-0.6304,0.9839,-19.3130,-100.7786,4.6718
243417.1067,169568,129,-0.8921,-0.6311,0.9417,-25.0840,-95.5420,0.1679
243417.1067,169578,129,-0.8442,-0.6812,0.8860,-32.6260,-93.6183,-5.4504
243417.1067,169588,129,-0.8159,-0.8171,0.8062,-41.5420,-92.9771,-9.9084
243417.1067,169598,129,-0.8286,-0.9780,0.7249,-49.1298,-91.6794,-8.4885
243417.1067,169608,129,-0.8018,-1.0452,0.7312,-51.5725,-93.8321,3.9695
243417.1067,169618,129,-0.8198,-0.9785,0.8330,-49.8779,-92.5802,24.1985
243417.1067,169628,129,-0.8774,-0.8271,0.9226,-46.5344,-84.1679,45.9084
243417.1067,169638,129,-0.9268,-0.6638,0.9146,-43.2519,-74.0153,62.4275
243417.1067,169648,129,-0.9902,-0.5144,0.8591,-41.0992,-66.1221,70.2290
243417.1067,169658,129,-1.0249,-0.4409,0.8118,-43.9847,-63.5725,70.8092
243417.2059,169668,130,-1.0300,-0.4380,0.7847,-50.6565,-64.8092,68.3053
243417.2059,169678,130,-1.0525,-0.4524,0.7771,-58.0611,-66.4733,67.5573
243417.2059,169688,130,-1.0583,-0.4426,0.8433,-61.5420,-68.8092,70.0916
243417.2059,169698,130,-1.0791,-0.4019,0.9570,-62.2137,-67.4351,74.4122
243417.2059,169708,130,-1.1086,-0.3269,1.1096,-61.3893,-61.5267,79.1756
243417.2059,169718,130,-1.1389,-0.2417,1.2363,-59.2672,-53.2824,80.9771
243417.2059,169728,130,-1.1592,-0.1729,1.3325,-59.5115,-44.2443,78.7481
243417.2059,169738,130,-1.1411,-0.1418,1.3684,-64.5038,-35.2672,73.3435
243417.2059,169748,130,-1.1030,-0.1416,1.3450,-72.3053,-23.9542,66.5496
243417.2059,169758,130,-1.0518,-0.1577,1.2688,-79.8015,-12.4275,59.8168
243417.3041,169768,131,-0.9868,-0.2053,1.1641,-85.3740,-3.8168,54.5038
243417.3041,169778,131,-0.9690,-0.2627,1.0417,-86.6870,1.2061,52.7023
243417.3041,169788,131,-0.9524,-0.3042,0.9851,-83.0687,1.4198,55.2672
243417.3041,169798,131,-0.9680,-0.2935,1.0317,-73.9389,1.4656,61.5878
243417.3041,169808,131,-0.9683,-0.2146,1.1445,-64.9466,1.3435,69.8321
243417.3041,169818,131,-0.9575,-0.0947,1.2705,-58.2290,4.0000,78.0763
243417.3041,169828,131,-0.9468,0.0513,1.3740,-53.6183,10.8550,83.4809
243417.3041,169838,131,-0.9382,0.1951,1.4458,-51.0229,21.1145,84.5038
243417.3041,169848,131,-0.9309,0.3030,1.4497,-51.3282,32.9160,79.2366
243417.3041,169858,131,-0.9106,0.3386,1.3838,-54.3817,43.1298,69.3282
243417.4070,169868,132,-0.9026,0.3145,1.2820,-57.7863,50.1679,58.8244
243417.4070,169878,132,-0.8923,0.2651,1.1975,-59.8931,54.1527,51.8015
243417.4070,169888,132,-0.8933,0.2512,1.1477,-57.5267,56.9771,49.9542
243417.4070,169898,132,-0.8755,0.2551,1.1248,-52.0305,58.8550,51.9542
243417.4070,169908,132,-0.8599,0.2864,1.0938,-43.7710,62.1527,55.6489
243417.4070,169918,132,-0.8696,0.3550,1.0806,-32.6412,66.6107,59.7863
243417.4070,169928,132,-0.8684,0.4424,1.0762,-22.4122,68.5802,61.4809
243417.4070,169938,132,-0.8599,0.4956,1.0813,-16.0458,69.7557,59.3282
243417.4070,169948,132,-0.8384,0.5146,1.0874,-12.2290,72.0611,54.3053
243417.4070,169958,132,-0.8394,0.5242,1.0903,-9.4504,75.9695,48.5191
243417.5137,169968,133,-0.8279,0.5029,1.0671,-7.8473,79.1450,42.7634
243417.5137,169978,133,-0.8113,0.4634,1.0396,-3.8168,82.3053,38.0000
243417.5137,169988,133,-0.7939,0.4348,1.0061,3.0840,86.1069,35.2672
243417.5137,169998,133,-0.7769,0.4102,0.9641,10.9466,90.5496,34.3664
243417.5137,170008,133,-0.7617,0.4329,0.9282,20.2290,94.2137,35.2824
243417.5137,170018,133,-0.7373,0.4709,0.8835,28.6565,96.4580,35.1603
243417.5137,170028,133,-0.7124,0.4941,0.8357,35.6794,98.4275,32.0458
243417.5137,170038,133,-0.6792,0.5029,0.7732,40.7328,99.4656,27.0382
243417.5137,170048,133,-0.6477,0.5061,0.7278,43.4809,99.7405,21.2672
243417.5137,170058,133,-0.6089,0.4807,0.6770,44.6870,99.1450,14.8397
243417.7516,170068,134,-0.5688,0.4282,0.6277,46.1832,98.6565,8.8244
243417.7516,170078,134,-0.5374,0.3792,0.5769,49.4809,97.7863,4.8092
243417.7516,170088,134,-0.4902,0.3462,0.5330,52.7176,96.4580,2.8397
243417.7516,170098,134,-0.4590,0.3208,0.4766,56.7176,97.1603,2.3969
243417.7516,170108,134,-0.4397,0.3196,0.4111,62.0458,97.1145,2.4885
243417.7516,170118,134,-0.4207,0.3271,0.3403,67.6794,94.8702,1.5420
243417.7516,170128,134,-0.3987,0.3257,0.2812,72.3817,91.6031,-1.2672
243417.7516,170138,134,-0.4055,0.3252,0.2168,75.2824,88.1527,-4.8702
243417.7516,170148,134,-0.4072,0.3083,0.1589,76.0153,81.4504,-9.1756
243417.7516,170158,134,-0.4060,0.2930,0.1379,76.3664,73.4504,-14.2443
243417.8140,170168,135,-0.4060,0.2698,0.1548,77.1908,66.7023,-19.1298
243417.8140,170178,135,-0.3989,0.2346,0.1719,77.6489,61.8015,-24.1527
243417.8140,170188,135,-0.4106,0.2063,0.1631,78.0458,58.4275,-28.0458
243417.8140,170198,135,-0.4170,0.1963,0.1672,78.8550,54.1374,-30.0000
243417.8140,170208,135,-0.4133,0.2019,0.1963,79.7557,49.3740,-31.8015
243417.8140,170218,135,-0.4111,0.1926,0.1919,80.6107,46.6718,-35.5267
243417.8140,170228,135,-0.4106,0.1736,0.1687,80.3206,44.8397,-40.8244
243417.8140,170238,135,-0.4058,0.1257,0.1091,77.4198,41.6794,-45.9084
243417.8140,170248,135,-0.4080,0.0723,0.0322,75.6794,37.2366,-49.9237
243417.8140,170258,135,-0.3850,0.0356,-0.0190,76.4122,29.8473,-52.6870
243417.8151,170268,136,-0.3608,0.0032,-0.0547,77.4046,22.5649,-54.9771
243417.8151,170278,136,-0.3447,-0.0396,-0.0894,77.8626,16.5496,-57.0840
243417.8151,170288,136,-0.3250,-0.0771,-0.1143,77.9542,10.1832,-58.6718
243417.8151,170298,136,-0.3083,-0.1150,-0.1265,76.3664,3.1756,-59.2824
243417.8151,170308,136,-0.2927,-0.1516,-0.1174,75.0992,-3.9084,-59.2366
243417.8151,170318,136,-0.2966,-0.1628,-0.1045,75.7710,-10.2901,-59.1908
243417.8151,170328,136,-0.3093,-0.1763,-0.1321,74.2443,-16.5649,-60.1985
243417.8151,170338,136,-0.3118,-0.2253,-0.1699,70.8092,-23.6031,-62.5038
243417.8151,170348,136,-0.3369,-0.2739,-0.1777,70.7786,-32.1069,-65.2977
243417.8151,170358,136,-0.3523,-0.3191,-0.1633,71.1908,-43.3740,-67.6489
243417.9350,170368,137,-0.3625,-0.3740,-0.1108,69.6641,-56.6565,-69.0687
243417.9350,170378,137,-0.3589,-0.4136,-0.0273,67.5878,-69.8626,-69.3893
243417.9350,170388,137,-0.3491,-0.4556,0.0669,64.0000,-79.7405,-68.8550
243417.9350,170398,137,-0.3521,-0.5034,0.1282,60.3206,-85.6183,-67.9084
243417.9350,170408,137,-0.3906,-0.5554,0.1582,58.2748,-88.9160,-66.7023
243417.9350,170418,137,-0.4221,-0.6111,0.1836,56.5038,-93.4962,-64.8702
243417.9350,170428,137,-0.4592,-0.6895,0.1750,52.8397,-97.9847,-61.9847
243417.9350,170438,137,-0.5088,-0.7781,0.1750,50.1069,-103.8473,-57.5420
243417.9350,170448,137,-0.5525,-0.8303,0.2100,50.3511,-111.2672,-50.2748
243417.9350,170458,137,-0.6030,-0.8147,0.3105,51.8931,-118.5496,-41.1908
243418.0608,170468,138,-0.6472,-0.7993,0.4365,50.5649,-124.5191,-34.0153
243418.0608,170478,138,-0.6926,-0.8049,0.5583,47.1145,-125.9237,-30.2595
243418.0608,170488,138,-0.7686,-0.8130,0.6367,41.1450,-124.3817,-27.4198
243418.0608,170498,138,-0.8208,-0.8403,0.6965,33.3740,-123.4198,-24.5954
243418.0608,170508,138,-0.8438,-0.8508,0.8076,27.5725,-123.6031,-22.1985
243418.0608,170518,138,-0.8721,-0.8936,0.8970,20.1679,-120.7634,-20.1832
243418.0608,170528,138,-0.8875,-0.9260,0.9617,12.8702,-116.9008,-17.7252
243418.0608,170538,138,-0.8733,-0.9314,1.0254,5.0076,-114.1679,-13.7710
243418.0608,170548,138,-0.8232,-0.9314,1.0671,-4.5344,-110.8092,-8.4885
243418.0608,170558,138,-0.7781,-0.9504,1.0593,-12.8702,-103.4198,-3.4198
243418.1151,170568,139,-0.7625,-0.9641,1.0020,-17.4046,-94.6718,1.6641
243418.1151,170578,139,-0.7734,-0.9824,0.8948,-23.4962,-86.5344,8.4427
243418.1151,170588,139,-0.7661,-0.9666,0.8049,-27.7405,-82.9160,17.5725
243418.1151,170598,139,-0.7937,-0.9187,0.7507,-31.3588,-82.7481,26.3969
243418.1151,170608,139,-0.8201,-0.8530,0.7515,-36.6107,-83.8321,34.8244
243418.1151,170618,139,-0.8635,-0.7759,0.7844,-40.8092,-83.1756,42.5802
243418.1151,170628,139,-0.9121,-0.7202,0.7961,-43.0382,-80.1985,48.0458
243418.1151,170638,139,-0.9531,-0.6523,0.8350,-44.0153,-77.6183,52.5344
243418.1151,170648,139,-0.9817,-0.6018,0.8716,-46.9618,-74.6565,57.5420
243418.1151,170658,139,-1.0056,-0.5220,0.9221,-47.9695,-70.0000,62.5802
243418.2948,170668,140,-1.0564,-0.4399,0.9709,-47.6183,-62.8397,66.2290
243418.2948,170678,140,-1.0720,-0.3708,1.0005,-46.4885,-57.0229,67.0534
243418.2948,170688,140,-1.0837,-0.3311,1.0232,-47.3435,-52.1374,65.0992
243418.2948,170698,140,-1.0869,-0.3076,1.0286,-50.5038,-46.6565,62.4275
243418.2948,170708,140,-1.0791,-0.2983,1.0227,-55.8931,-42.1527,59.6183
243418.2948,170718,140,-1.0681,-0.3005,1.0256,-61.5725,-38.3511,57.3130
243418.2948,170728,140,-1.0579,-0.2893,1.0386,-65.2519,-34.7634,55.5420
243418.2948,170738,140,-1.0403,-0.2913,1.0403,-68.4733,-31.6031,53.6031
243418.2948,170748,140,-1.0291,-0.3052,1.0474,-70.5954,-28.3053,52.0305
243418.2948,170758,140,-0.9983,-0.3140,1.0669,-71.8015,-24.9160,51.5267
243418.3584,170768,141,-0.9587,-0.3203,1.0859,-72.9466,-20.6870,52.2595
243418.3584,170778,141,-0.9365,-0.3162,1.1082,-73.0687,-14.7634,54.4122
243418.3584,170788,141,-0.9421,-0.2844,1.1260,-71.4046,-8.2748,58.0611
243418.3584,170798,141,-0.8965,-0.2432,1.1436,-69.8321,-3.9389,61.0229
243418.3584,170808,141,-0.9136,-0.1677,1.1538,-69.0076,4.3359,64.4122
243418.3584,170818,141,-0.9160,-0.1006,1.1484,-67.4198,10.5344,65.6641
243418.3584,170828,141,-0.9043,-0.0813,1.1140,-67.2824,15.2672,64.5496
243418.3584,170838,141,-0.8933,-0.0840,1.0374,-66.4122,19.2977,64.0305
243418.3584,170848,141,-0.8855,-0.0588,1.0188,-61.3740,22.7634,64.0611
243418.3584,170858,141,-0.8145,0.0444,1.1211,-57.8015,21.0992,62.8244
243418.4139,170868,142,-0.7805,0.0740,1.1504,-57.9695,22.9924,60.2443
243418.4139,170878,142,-0.7869,0.1074,1.1426,-56.6260,26.8397,58.1221
243418.4139,170888,142,-0.8052,0.1318,1.1331,-54.0916,30.0153,56.2290
243418.4139,170898,142,-0.7974,0.1343,1.1392,-50.1374,33.7099,54.8092
243418.4139,170908,142,-0.8174,0.1494,1.1301,-43.8626,40.1069,54.6260
243418.4139,170918,142,-0.8291,0.1785,1.1152,-38.0916,45.8779,55.3282
243418.4139,170928,142,-0.8472,0.2122,1.1035,-34.0305,50.3664,56.7786
243418.4139,170938,142,-0.8530,0.2642,1.1130,-29.4504,53.2366,57.9847
243418.4139,170948,142,-0.8369,0.3257,1.1423,-24.8855,56.2290,57.3435
243418.4139,170958,142,-0.8428,0.3811,1.1450,-20.3206,62.9618,54.7176
243418.5331,170968,143,-0.8584,0.4075,1.0886,-17.5725,70.2748,50.2595
243418.5331,170978,143,-0.8589,0.4045,1.0100,-15.4198,74.7328,45.6641
243418.5331,170988,143,-0.8503,0.4124,0.9578,-11.4962,76.4580,41.9847
243418.5331,170998,143,-0.8267,0.4214,0.9268,-6.4427,77.3435,38.6107
243418.5331,171008,143,-0.8091,0.4126,0.8884,-2.0153,78.8397,35.2061
243418.5331,171018,143,-0.7817,0.4031,0.8525,2.5649,80.8702,32.0763
243418.5331,171028,143,-0.7681,0.3855,0.8088,7.3282,83.1908,29.3435
243418.5331,171038,143,-0.7498,0.3687,0.7639,11.6336,84.1527,27.3435
243418.5331,171048,143,-0.7161,0.3572,0.7356,16.9160,84.7176,26.2595
243418.5331,171058,143,-0.6956,0.3618,0.7161,24.3053,86.8702,25.5115
243418.6567,171068,144,-0.6819,0.3604,0.6741,31.7710,90.1832,24.1527
243418.6567,171078,144,-0.6824,0.3435,0.6030,37.6794,92.2290,21.8626
243418.6567,171088,144,-0.6763,0.3250,0.5466,42.3969,91.3435,20.1374
243418.6567,171098,144,-0.6609,0.3276,0.5242,47.0992,88.5954,18.9466
243418.6567,171108,144,-0.6350,0.3308,0.5054,50.8702,85.6947,17.0229
243418.6567,171118,144,-0.6143,0.3208,0.4902,54.2595,83.1450,14.2290
243418.6567,171128,144,-0.5874,0.3062,0.4707,58.2137,80.5954,11.2977
243418.6567,171138,144,-0.5623,0.2888,0.4426,61.8015,79.4809,8.1832
243418.6567,171148,144,-0.5452,0.2739,0.4177,65.1145,78.7939,5.7099
243418.6567,171158,144,-0.5310,0.2717,0.3777,68.5191,77.6183,3.2672
243418.7203,171168,145,-0.5125,0.2590,0.3206,70.4885,75.8321,0.6107
243418.7203,171178,145,-0.4985,0.2561,0.2639,72.9771,72.3817,-2.7023
243418.7203,171188,145,-0.4758,0.2393,0.2327,74.7176,67.9389,-6.9771
243418.7203,171198,145,-0.4680,0.2222,0.2083,75.2519,63.9847,-11.2977
243418.7203,171208,145,-0.4534,0.1829,0.1704,75.1450,58.9618,-15.4504
243418.7203,171218,145,-0.4346,0.1348,0.1353,75.2824,53.2214,-18.8855
243418.7203,171228,145,-0.4229,0.0920,0.1155,76.1069,48.4275,-20.4580
243418.7203,171238,145,-0.4258,0.1011,0.1030,78.9160,45.3435,-20.1832
243418.7203,171248,145,-0.4392,0.1018,0.0718,79.1756,42.8092,-20.3817
243418.7203,171258,145,-0.4451,0.1040,0.0330,78.5954,39.6336,-21.4656
243418.9570,171268,146,-0.4534,0.1272,0.0208,80.5496,35.4198,-23.3740
243418.9570,171278,146,-0.4556,0.1646,0.0254,81.9542,29.6489,-26.8092
243418.9570,171288,146,-0.4414,0.1753,0.0337,79.5878,22.9771,-32.5802
243418.9570,171298,146,-0.4226,0.1519,0.0264,77.1298,16.0763,-41.1450
243418.9570,171308,146,-0.4028,0.0959,0.0154,73.4198,8.5954,-50.2290
243418.9570,171318,146,-0.3694,0.0315,0.0237,68.2748,0.8397,-57.6641
243418.9570,171328,146,-0.3416,-0.0332,0.0344,64.0916,-5.1145,-63.3130
243418.9570,171338,146,-0.3301,-0.1123,0.0110,59.6641,-9.8779,-67.6031
243418.9570,171348,146,-0.3137,-0.1672,-0.0049,57.4504,-16.1069,-69.8168
243418.9570,171358,146,-0.3269,-0.2190,-0.0137,55.8626,-21.8168,-70.8244
243419.0196,171368,147,-0.3684,-0.2615,-0.0100,55.1603,-26.6870,-70.7939
243419.0196,171378,147,-0.4036,-0.2888,0.0103,57.4504,-32.5649,-69.9084
243419.0196,171388,147,-0.4368,-0.3142,0.0312,61.0687,-38.7176,-68.9618
243419.0196,171398,147,-0.4717,-0.3376,0.0334,62.5038,-43.6031,-68.1679
243419.0196,171408,147,-0.4932,-0.3599,0.0303,61.2977,-49.2824,-67.0229
243419.0196,171418,147,-0.5049,-0.3860,0.0354,58.5649,-55.8779,-66.1679
243419.0196,171428,147,-0.5186,-0.4204,0.0356,55.1298,-62.2443,-66.6412
243419.0196,171438,147,-0.5283,-0.4521,0.0596,50.9313,-71.0992,-68.0763
243419.0196,171448,147,-0.5200,-0.5029,0.1001,43.8473,-81.8473,-70.3511
243419.0196,171458,147,-0.5085,-0.5781,0.1531,36.5496,-91.8321,-72.8702
243419.0729,171468,148,-0.5151,-0.6511,0.2368,30.5344,-97.2977,-74.8397
243419.0729,171478,148,-0.5098,-0.7520,0.2903,23.1145,-100.6412,-74.8550
243419.0729,171488,148,-0.5005,-0.8677,0.2964,20.0916,-103.1908,-72.4885
243419.0729,171498,148,-0.4802,-0.9856,0.3025,22.5038,-103.8015,-68.4733
243419.0729,171508,148,-0.4636,-1.1040,0.3066,25.6031,-104.3053,-60.8855
243419.0729,171518,148,-0.4929,-1.1543,0.3245,27.9847,-104.7939,-47.9237
243419.0729,171528,148,-0.5452,-1.1064,0.3997,27.4809,-107.8779,-30.1069
243419.0729,171538,148,-0.6050,-0.9932,0.5154,24.0000,-112.0153,-12.0763
243419.0729,171548,148,-0.6880,-0.8745,0.5793,18.5344,-113.8931,0.1679
243419.0729,171558,148,-0.7529,-0.7896,0.6316,12.9924,-113.1450,4.6718
243419.1351,171568,149,-0.8105,-0.7549,0.6602,8.6565,-110.8855,4.5954
243419.1351,171578,149,-0.8677,-0.7559,0.6846,4.0153,-108.9160,2.8702
243419.1351,171588,149,-0.9172,-0.7434,0.7493,-2.3053,-108.8397,2.8855
243419.1351,171598,149,-0.9658,-0.7007,0.8442,-8.7786,-108.5496,5.5420
243419.1351,171608,149,-0.9839,-0.6487,0.9558,-14.4427,-106.9771,7.1756
243419.1351,171618,149,-1.0076,-0.6379,1.0256,-20.6718,-102.0153,5.3435
243419.1351,171628,149,-1.0117,-0.6797,1.0405,-27.2061,-95.7099,2.6565
243419.1351,171638,149,-1.0061,-0.7336,1.0176,-31.7863,-89.2366,2.1374
243419.1351,171648,149,-1.0134,-0.7693,0.9993,-35.9695,-83.8626,4.8092
243419.1351,171658,149,-0.9778,-0.8071,0.9897,-39.7252,-80.9618,10.2137
243419.2533,171668,150,-0.9470,-0.8176,0.9751,-40.5954,-76.8244,17.1756
243419.2533,171678,150,-0.9302,-0.8254,0.9436,-42.0153,-73.0076,25.0687
243419.2533,171688,150,-0.9541,-0.7935,0.9470,-43.8931,-69.1145,34.8092
243419.2533,171698,150,-0.9495,-0.7141,0.9763,-44.6107,-66.6260,45.6641
243419.2533,171708,150,-0.9402,-0.6260,1.0020,-43.4351,-62.6565,53.1450
243419.2533,171718,150,-0.9321,-0.5769,1.0068,-44.9924,-56.9313,56.9771
243419.2533,171728,150,-0.9353,-0.5674,0.9771,-47.8626,-51.1298,59.7252
243419.2533,171738,150,-0.9194,-0.5532,0.9653,-48.1069,-46.6565,62.8397
243419.2533,171748,150,-0.9187,-0.5264,0.9817,-48.5496,-42.9771,67.0840
243419.2533,171758,150,-0.9019,-0.4958,0.9988,-48.8550,-39.3435,72.2595
243419.3717,171768,151,-0.9041,-0.4326,1.0249,-47.7405,-34.8550,77.0229
243419.3717,171778,151,-0.9023,-0.3484,1.0547,-48.7023,-29.3588,81.1908
243419.3717,171788,151,-0.9077,-0.2913,1.0483,-51.3588,-22.7176,82.6565
243419.3717,171798,151,-0.9041,-0.2429,1.0049,-54.5191,-16.6870,81.2977
243419.3717,171808,151,-0.9004,-0.2119,0.9636,-58.7328,-12.7939,78.5496
243419.3717,171818,151,-0.8933,-0.2021,0.9497,-62.5954,-11.3588,75.2519
243419.3717,171828,151,-0.8853,-0.2017,0.9548,-64.5191,-10.4122,72.8244
243419.3717,171838,151,-0.8792,-0.1929,0.9773,-62.6260,-8.6412,71.7863
243419.3717,171848,151,-0.8938,-0.1738,1.0151,-58.9008,-5.4809,72.4427
243419.3717,171858,151,-0.9097,-0.1094,1.0874,-55.5115,-2.5038,74.4885
243419.4335,171868,152,-0.9202,-0.0315,1.1494,-54.5496,1.0534,75.8779
243419.4335,171878,152,-0.9165,0.0483,1.2148,-53.6031,6.1374,75.1450
243419.4335,171888,152,-0.9175,0.1206,1.2432,-52.9618,13.3588,71.1145
243419.4335,171898,152,-0.8918,0.1543,1.2456,-54.8397,21.0992,64.3359
243419.4335,171908,152,-0.8704,0.1562,1.2173,-57.6794,28.3817,56.5954
243419.4335,171918,152,-0.8540,0.1445,1.1748,-60.7939,34.1679,49.8626
243419.4335,171928,152,-0.8254,0.0933,1.1172,-63.1298,38.0611,44.9466
243419.4335,171938,152,-0.8167,0.0623,1.0737,-61.5420,41.5420,42.5496
243419.4335,171948,152,-0.8020,0.0320,1.0295,-58.0000,44.8550,43.5267
243419.4335,171958,152,-0.8103,0.0359,0.9902,-50.8550,49.2977,46.8702
243419.5535,171968,153,-0.8103,0.0742,0.9661,-42.7481,52.3511,50.5191
243419.5535,171978,153,-0.8074,0.1311,0.9714,-37.2061,54.7939,53.0992
243419.5535,171988,153,-0.8098,0.1790,0.9575,-35.0840,58.2137,53.4504
243419.5535,171998,153,-0.7991,0.2046,0.9116,-34.7176,60.8550,51.1450
243419.5535,172008,153,-0.7957,0.1907,0.8665,-34.1832,62.3511,46.8244
243419.5535,172018,153,-0.7827,0.1458,0.8264,-31.9542,62.7634,42.9924
243419.5535,172028,153,-0.7969,0.1084,0.7986,-27.3282,62.5802,42.0153
243419.5535,172038,153,-0.8203,0.0947,0.7964,-20.6870,61.7099,44.0916
243419.5535,172048,153,-0.8328,0.1133,0.8303,-12.3053,60.6107,48.3969
243419.5535,172058,153,-0.8342,0.1526,0.8701,-3.0382,61.7405,53.2366
243419.7321,172068,154,-0.8362,0.2183,0.9009,6.6260,65.6031,57.8473
243419.7321,172078,154,-0.8420,0.3213,0.9099,15.3282,69.9389,60.7328
243419.7321,172088,154,-0.8345,0.4158,0.9060,19.8779,73.7863,59.9542
243419.7321,172098,154,-0.8413,0.4810,0.8772,22.5496,78.1221,53.9389
243419.7321,172108,154,-0.8218,0.4883,0.8257,24.2137,80.7176,43.0992
243419.7321,172118,154,-0.8179,0.4485,0.7703,25.0229,82.0458,31.2061
243419.7321,172128,154,-0.7947,0.3608,0.7212,25.5878,81.4046,20.5802
243419.7321,172138,154,-0.7678,0.2820,0.7173,28.6718,80.4122,15.1756
243419.7321,172148,154,-0.7319,0.2363,0.7161,33.5115,79.9542,14.1374
243419.7321,172158,154,-0.7085,0.2024,0.6902,38.8397,82.1985,15.6031
243419.7336,172168,155,-0.6802,0.2434,0.6819,46.2443,84.8702,18.8855
243419.7336,172178,155,-0.6667,0.2969,0.6545,52.5649,87.7710,20.3359
243419.7336,172188,155,-0.6487,0.3086,0.6101,57.1145,90.7023,17.7405
243419.7336,172198,155,-0.6426,0.3064,0.5469,58.6565,91.6947,14.1527
243419.7336,172208,155,-0.6116,0.3188,0.4973,58.7481,89.5420,11.1298
243419.7336,172218,155,-0.5671,0.2908,0.4529,58.0000,86.9160,8.6107
243419.7336,172228,155,-0.5461,0.3010,0.4233,62.8244,86.4733,5.8626
243419.7336,172238,155,-0.5068,0.3081,0.3809,66.3817,84.7786,3.2519
243419.7336,172248,155,-0.4880,0.2986,0.3320,67.2061,83.5725,0.7634
243419.7336,172258,155,-0.4658,0.2646,0.2612,67.3740,81.8473,-1.3740
243419.9154,172268,156,-0.4705,0.2622,0.1860,70.5954,80.4122,-2.8244
243419.9154,172278,156,-0.4841,0.2764,0.1274,73.8779,77.3588,-3.1298
243419.9154,172288,156,-0.4893,0.2971,0.0505,77.4046,71.8168,-4.7481
243419.9154,172298,156,-0.4893,0.3149,0.0100,81.4962,65.9847,-8.5191
243419.9154,172308,156,-0.4907,0.3284,-0.0024,84.3359,60.1679,-13.7557
243419.9154,172318,156,-0.4756,0.3245,-0.0142,84.1832,53.4046,-19.8015
243419.9154,172328,156,-0.4551,0.2925,-0.0073,82.1221,46.9466,-26.1679
243419.9154,172338,156,-0.4500,0.2585,-0.0151,81.5267,41.9389,-31.6794
243419.9154,172348,156,-0.4360,0.2290,-0.0288,82.8092,36.3206,-35.6947
243419.9154,172358,156,-0.4265,0.2205,-0.0300,85.6794,30.9466,-39.3740
243419.9798,172368,157,-0.4053,0.1975,-0.0171,85.8168,25.8626,-43.9084
243419.9798,172378,157,-0.3860,0.1570,-0.0398,84.2595,22.0305,-49.0534
243419.9798,172388,157,-0.3638,0.1067,-0.0635,82.9771,17.6031,-53.9084
243419.9798,172398,157,-0.3352,0.0559,-0.0632,82.9466,11.9542,-57.6947
243419.9798,172408,157,-0.3286,-0.0039,-0.0757,81.8473,6.3359,-61.0687
243419.9798,172418,157,-0.3159,-0.0613,-0.0967,81.3130,-0.7939,-63.4504
243419.9798,172428,157,-0.3105,-0.1021,-0.0974,81.8473,-9.3740,-65.0992
243419.9798,172438,157,-0.2874,-0.1545,-0.0649,81.4046,-18.7481,-66.2290
243419.9798,172448,157,-0.2781,-0.2163,-0.0715,81.5267,-25.3588,-66.5496
243419.9798,172458,157,-0.3076,-0.2612,-0.0669,82.6260,-30.4275,-65.0534
243420.0342,172468,158,-0.3325,-0.2717,-0.0513,83.2214,-39.4504,-61.3282
243420.0342,172478,158,-0.3450,-0.2664,-0.0330,82.1832,-50.0763,-57.5267
243420.0342,172488,158,-0.3579,-0.2468,0.0020,83.2824,-58.3511,-55.8473
243420.0342,172498,158,-0.3594,-0.2515,0.0408,83.7710,-63.6947,-56.7328
243420.0342,172508,158,-0.4031,-0.2769,0.0647,84.8397,-66.3206,-59.4046
243420.0342,172518,158,-0.4170,-0.3091,0.1035,83.9695,-73.2519,-62.9924
243420.0342,172528,158,-0.4236,-0.3760,0.1357,78.1221,-83.1756,-66.4733
243420.0342,172538,158,-0.4436,-0.4536,0.1531,71.1298,-94.2748,-69.5115
243420.0342,172548,158,-0.4121,-0.5496,0.2285,65.1908,-106.1985,-72.2595
243420.0342,172558,158,-0.4038,-0.6650,0.2893,60.8550,-114.7939,-74.0763
243420.1564,172568,159,-0.4321,-0.8037,0.3203,55.7099,-120.3206,-72.7176
243420.1564,172578,159,-0.4277,-0.9116,0.4243,50.8702,-126.8397,-66.2595
243420.1564,172588,159,-0.4663,-0.9790,0.5181,49.8015,-128.2595,-54.0458
243420.1564,172598,159,-0.5205,-0.9558,0.6145,51.8321,-128.3206,-39.4962
243420.1564,172608,159,-0.5688,-0.8560,0.7280,51.7710,-130.7176,-25.9084
243420.1564,172618,159,-0.6008,-0.7622,0.8040,47.4351,-132.3664,-18.3206
243420.1564,172628,159,-0.6367,-0.7317,0.8350,37.1603,-130.3206,-19.4656
243420.1564,172638,159,-0.6667,-0.8296,0.7722,23.5573,-125.8931,-24.6565
243420.1564,172648,159,-0.7002,-0.9946,0.6479,12.9771,-123.3282,-28.1069
243420.1564,172658,159,-0.7031,-1.1511,0.5671,8.3969,-126.3359,-24.2595
243420.2773,172668,160,-0.7417,-1.2231,0.6321,9.6336,-130.8397,-12.7481
243420.2773,172678,160,-0.7810,-1.1975,0.7988,11.2824,-134.3664,5.0076
243420.2773,172688,160,-0.9370,-1.0300,1.0461,8.6107,-131.8931,25.0534
243420.2773,172698,160,-1.0649,-0.8042,1.2903,1.4504,-124.9618,42.5954
243420.2773,172708,160,-1.1885,-0.5840,1.4453,-8.9771,-114.9313,48.3359
243420.2773,172718,160,-1.2793,-0.5056,1.4939,-19.6336,-102.9771,41.4504
243420.2773,172728,160,-1.3030,-0.5334,1.4551,-26.2137,-93.5573,28.6718
243420.2773,172738,160,-1.2407,-0.6094,1.3853,-34.8244,-86.5649,18.9618
243420.2773,172748,160,-1.1431,-0.7373,1.2827,-45.2519,-79.7099,15.6947
243420.2773,172758,160,-1.0500,-0.8401,1.1746,-50.0763,-73.8015,18.5344
243420.3336,172768,161,-0.9199,-0.9292,1.0818,-51.6947,-74.8244,26.3664
243420.3336,172778,161,-0.8110,-0.9929,1.0200,-52.9618,-76.0000,38.5802
243420.3336,172788,161,-0.7827,-0.9648,1.0117,-53.9389,-73.2061,55.8626
243420.3336,172798,161,-0.7693,-0.8469,1.0081,-51.8931,-66.2137,75.8168
243420.3336,172808,161,-0.8083,-0.6980,0.9827,-49.7863,-55.9695,92.2595
243420.3336,172818,161,-0.8447,-0.5637,0.9106,-48.2595,-46.6718,103.6641
243420.3336,172828,161,-0.8672,-0.4231,0.8931,-47.0076,-41.0534,110.4580
243420.3336,172838,161,-0.9011,-0.3115,0.8630,-47.1603,-34.3817,112.2137
243420.3336,172848,161,-0.9060,-0.2322,0.8228,-50.5344,-31.1908,110.0763
243420.3336,172858,161,-0.9219,-0.1941,0.7825,-55.2824,-28.5344,105.9084
243420.3964,172868,162,-0.9529,-0.1433,0.7551,-58.2595,-26.1679,101.8473
243420.3964,172878,162,-0.9717,-0.0928,0.7717,-62.2901,-25.5878,99.4504
243420.3964,172888,162,-1.0100,-0.0635,0.8315,-63.8473,-24.2290,96.2443
243420.3964,172898,162,-1.0315,-0.0400,0.9358,-62.0611,-22.7328,91.9237
243420.3964,172908,162,-1.0562,-0.0195,1.0598,-60.1679,-18.1679,88.3206
243420.3964,172918,162,-1.0723,0.0166,1.1890,-60.6565,-11.8168,85.1145
243420.3964,172928,162,-1.0642,0.0300,1.2971,-62.9466,-5.6794,81.6031
243420.3964,172938,162,-1.0449,0.0520,1.3818,-64.4275,2.3969,77.1603
243420.3964,172948,162,-1.0034,0.0923,1.4221,-65.8168,12.8702,72.5344
243420.3964,172958,162,-0.9507,0.0952,1.3909,-68.1374,23.6641,65.8168
243420.5137,172968,163,-0.9202,0.0793,1.3240,-70.7786,32.5954,58.2595
243420.5137,172978,163,-0.8530,0.0562,1.2485,-76.7328,36.6260,52.3511
243420.5137,172988,163,-0.8247,0.0256,1.1978,-81.0992,41.4656,48.7634
243420.5137,172998,163,-0.8098,0.0132,1.1428,-80.6565,44.9160,48.3206
243420.5137,173008,163,-0.7954,0.0195,1.1057,-75.8168,47.6641,51.2366
243420.5137,173018,163,-0.8286,0.0872,1.1257,-65.8473,51.5267,55.8473
243420.5137,173028,163,-0.8274,0.1821,1.1672,-57.8168,53.4962,59.8473
243420.5137,173038,163,-0.8301,0.2603,1.1812,-53.8015,56.7939,61.3435
243420.5137,173048,163,-0.8181,0.3262,1.1765,-49.9695,61.5420,60.0153
243420.5137,173058,163,-0.8076,0.3660,1.1562,-44.4275,66.8092,56.4733
243420.6403,173068,164,-0.7925,0.3894,1.1194,-38.0916,71.1298,52.5344
243420.6403,173078,164,-0.7854,0.4060,1.0640,-33.2366,74.1221,49.4962
243420.6403,173088,164,-0.7859,0.4216,1.0327,-29.5573,75.8168,47.4962
243420.6403,173098,164,-0.7910,0.4438,1.0195,-26.0305,78.1069,46.2748
243420.6403,173108,164,-0.7915,0.4666,0.9978,-22.0763,81.0534,45.4351
243420.6403,173118,164,-0.7800,0.4839,0.9800,-16.5038,84.3511,44.6260
243420.6403,173128,164,-0.7642,0.5010,0.9485,-8.7939,88.6412,44.0916
243420.6403,173138,164,-0.7463,0.5171,0.8977,-1.5115,92.2748,43.1298
243420.6403,173148,164,-0.7332,0.5271,0.8403,5.1756,95.8626,41.4962
243420.6403,173158,164,-0.7163,0.5334,0.7954,14.1832,98.0153,38.3817
243420.6946,173168,165,-0.7043,0.5439,0.7615,24.0000,98.6870,33.9542
243420.6946,173178,165,-0.6790,0.5469,0.7153,30.6870,98.3664,29.3893
243420.6946,173188,165,-0.6606,0.5347,0.6582,35.6947,98.4733,24.2901
243420.6946,173198,165,-0.6567,0.5278,0.6179,41.1450,97.4351,18.2443
243420.6946,173208,165,-0.6248,0.5212,0.6118,44.0153,93.5420,12.0458
243420.6946,173218,165,-0.5889,0.4858,0.5989,44.8550,92.0000,5.9389
243420.6946,173228,165,-0.5803,0.4131,0.5427,46.2595,92.6565,-0.1832
243420.6946,173238,165,-0.5525,0.3428,0.4775,48.5802,90.4427,-4.5344
243420.6946,173248,165,-0.5251,0.3022,0.4351,52.0458,88.0611,-6.0153
243420.6946,173258,165,-0.5132,0.2759,0.4097,57.2061,87.3588,-6.0916
243420.8140,173268,166,-0.4995,0.2690,0.3713,63.0076,86.2290,-6.2290
243420.8140,173278,166,-0.4949,0.2549,0.3228,67.2214,83.6183,-7.5878
243420.8140,173288,166,-0.4795,0.2227,0.2617,69.1908,79.6489,-10.2290
243420.8140,173298,166,-0.4756,0.1975,0.2139,70.5649,75.1756,-12.3359
243420.8140,173308,166,-0.4597,0.1919,0.2021,71.9847,69.4351,-13.2366
243420.8140,173318,166,-0.4478,0.2161,0.2148,74.0916,64.4275,-14.1832
243420.8140,173328,166,-0.4392,0.2351,0.2126,75.4046,60.1985,-16.9466
243420.8140,173338,166,-0.4292,0.2275,0.1804,75.5878,56.9771,-21.8473
243420.8140,173348,166,-0.4341,0.2188,0.1531,75.4809,53.7710,-27.5267
243420.8140,173358,166,-0.4348,0.1890,0.1150,72.0611,50.4580,-33.4046
243420.9920,173368,167,-0.4495,0.1394,0.0571,67.1298,46.7939,-38.2443
243420.9920,173378,167,-0.4419,0.1025,0.0166,66.3511,40.5649,-41.2519
243420.9920,173388,167,-0.4309,0.0806,0.0125,68.1221,33.9237,-43.3435
243420.9920,173398,167,-0.4231,0.0649,0.0161,69.8168,27.8626,-44.7481
243420.9920,173408,167,-0.4172,0.0605,0.0195,71.0840,22.7176,-46.0611
243420.9920,173418,167,-0.4158,0.0439,0.0051,70.4580,18.0000,-48.2443
243420.9920,173428,167,-0.4116,0.0220,-0.0005,68.2443,13.2977,-50.2290
243420.9920,173438,167,-0.4167,0.0029,-0.0247,66.0000,10.4885,-51.5267
243420.9920,173448,167,-0.4185,-0.0339,-0.0657,65.0534,6.9771,-53.1298
243420.9920,173458,167,-0.3972,-0.0586,-0.0713,65.9084,1.0992,-54.9618
243420.9943,173468,168,-0.4067,-0.0684,-0.0532,66.6412,-3.5267,-56.3817
243420.9943,173478,168,-0.4097,-0.0981,-0.0381,65.0382,-9.2519,-58.4885
243420.9943,173488,168,-0.4067,-0.1445,-0.0271,63.8779,-15.8321,-61.7557
243420.9943,173498,168,-0.4019,-0.1951,-0.0024,63.8931,-22.5802,-64.7481
243420.9943,173508,168,-0.4060,-0.2471,0.0254,64.0000,-28.4427,-66.6260
243420.9943,173518,168,-0.4236,-0.3101,0.0300,63.2519,-33.6794,-67.2824
243420.9943,173528,168,-0.4119,-0.3708,0.0310,62.1527,-39.7252,-66.6260
243420.9943,173538,168,-0.4121,-0.4082,0.0410,60.8550,-45.6641,-63.7405
243420.9943,173548,168,-0.4236,-0.4407,0.0249,60.0000,-51.7099,-60.2290
243420.9943,173558,168,-0.4390,-0.4629,0.0088,59.6031,-59.3893,-58.7939
243421.1777,173568,169,-0.4355,-0.5142,0.0046,57.4809,-69.8321,-60.2443
243421.1777,173578,169,-0.4536,-0.6267,-0.0178,52.6718,-81.5725,-62.1832
243421.1777,173588,169,-0.4646,-0.7671,-0.0254,47.8473,-94.9924,-61.7099
243421.1777,173598,169,-0.4590,-0.8784,0.0295,45.2824,-110.0000,-55.6794
243421.1777,173608,169,-0.4485,-0.9270,0.1743,47.0382,-123.0687,-44.5954
243421.1777,173618,169,-0.4426,-0.9146,0.3469,49.2061,-130.3053,-30.9008
243421.1777,173628,169,-0.4478,-0.8572,0.5217,49.1603,-131.0992,-17.8321
243421.1777,173638,169,-0.4834,-0.7949,0.6355,45.8168,-124.8702,-7.5725
243421.1777,173648,169,-0.5537,-0.7393,0.6526,38.6107,-119.2824,-1.4504
243421.1777,173658,169,-0.5908,-0.6951,0.6575,29.8931,-119.9847,0.1069
243421.2920,173668,170,-0.6333,-0.7039,0.6665,19.3893,-122.2137,-2.6565
243421.2920,173678,170,-0.6665,-0.7334,0.6580,9.1908,-122.6870,-5.9695
243421.2920,173688,170,-0.7371,-0.7620,0.6741,0.3053,-124.4580,-7.4198
243421.2920,173698,170,-0.7546,-0.7634,0.7197,-6.5038,-129.4962,-5.5725
243421.2920,173708,170,-0.7864,-0.7114,0.8015,-9.7863,-132.8550,-1.8168
243421.2920,173718,170,-0.8049,-0.6621,0.9053,-12.5649,-132.5954,0.9924
243421.2920,173728,170,-0.8337,-0.6289,0.9880,-15.2824,-128.3969,1.7863
243421.2920,173738,170,-0.8706,-0.6350,1.0576,-18.7328,-120.4427,0.4885
243421.2920,173748,170,-0.9050,-0.6750,1.0891,-24.6412,-112.0916,-1.1756
243421.2920,173758,170,-0.9248,-0.7048,1.1250,-31.4198,-108.5954,-0.7634
243421.3013,173768,171,-0.9170,-0.7280,1.1655,-38.2748,-105.6183,3.2519
243421.3013,173778,171,-0.9412,-0.7109,1.1587,-41.7252,-100.2137,10.0153
243421.3013,173788,171,-0.9758,-0.6721,1.1477,-40.7328,-96.4275,16.9618
243421.3013,173798,171,-0.9810,-0.6226,1.1594,-38.6565,-95.8931,22.0153
243421.3013,173808,171,-1.0059,-0.5862,1.1946,-39.3435,-91.7863,25.4198
243421.3013,173818,171,-0.9873,-0.5837,1.1997,-42.1374,-84.7481,28.4275
243421.3013,173828,171,-0.9841,-0.6028,1.1926,-44.2748,-73.6641,31.7863
243421.3013,173838,171,-1.0232,-0.6089,1.1372,-43.7252,-60.9618,36.9771
243421.3013,173848,171,-1.0083,-0.6013,1.0920,-42.5954,-53.4046,44.3969
243421.3013,173858,171,-1.0071,-0.5945,1.0735,-39.4962,-45.9695,51.6947
243421.5375,173868,172,-1.0125,-0.5703,1.0791,-36.0153,-39.0992,58.8244
243421.5375,173878,172,-0.9919,-0.5256,1.1006,-38.1985,-35.7252,66.5649
243421.5375,173888,172,-0.9978,-0.4497,1.1501,-42.1832,-30.3817,75.1145
243421.5375,173898,172,-0.9785,-0.3691,1.1709,-43.2977,-23.6794,82.0305
243421.5375,173908,172,-0.9734,-0.3220,1.1287,-41.8015,-14.1374,84.9008
243421.5375,173918,172,-0.9746,-0.2788,1.0627,-38.9313,-6.9466,85.6794
243421.5375,173928,172,-0.9758,-0.2288,1.0251,-38.2595,-3.5573,86.4122
243421.5375,173938,172,-0.9736,-0.1755,1.0056,-39.3130,-2.4122,86.3511
243421.5375,173948,172,-0.9553,-0.1506,0.9988,-41.3588,-2.1527,84.4885
243421.5375,173958,172,-0.9407,-0.1406,0.9949,-43.4198,0.5038,81.9542
243421.5927,173968,173,-0.9487,-0.1106,0.9961,-45.0534,4.8244,80.2901
243421.5927,173978,173,-0.9346,-0.0662,1.0066,-47.4809,6.6260,78.8855
243421.5927,173988,173,-0.9106,-0.0383,1.0422,-51.0534,7.7710,76.3206
243421.5927,173998,173,-0.8779,-0.0144,1.0623,-55.4351,10.9160,72.8550
243421.5927,174008,173,-0.8623,-0.0166,1.0454,-60.0611,16.1374,69.2061
243421.5927,174018,173,-0.8149,-0.0127,1.0300,-60.9771,19.7710,65.8779
243421.5927,174028,173,-0.8022,-0.0156,1.0254,-59.4809,24.2137,62.7939
243421.5927,174038,173,-0.7891,-0.0027,1.0076,-57.8168,27.4809,61.2672
243421.5927,174048,173,-0.7878,0.0193,1.0156,-56.8702,29.8015,61.3893
243421.5927,174058,173,-0.7964,0.0530,1.0225,-55.7099,32.4885,62.2595
243421.6516,174068,174,-0.8093,0.0969,1.0278,-52.7481,34.7786,63.1603
243421.6516,174078,174,-0.8188,0.1667,1.0496,-48.9771,37.7252,64.3206
243421.6516,174088,174,-0.8354,0.2510,1.0732,-45.3588,41.7099,64.7023
243421.6516,174098,174,-0.8523,0.3403,1.1074,-41.5420,46.5344,63.9542
243421.6516,174108,174,-0.8535,0.4246,1.1179,-37.0840,50.8397,61.0382
243421.6516,174118,174,-0.8425,0.4763,1.1155,-33.3588,56.1221,55.8015
243421.6516,174128,174,-0.8350,0.5210,1.0964,-29.2977,61.6641,48.5191
243421.6516,174138,174,-0.8276,0.5378,1.0728,-28.5038,64.7176,40.1527
243421.6516,174148,174,-0.8049,0.5144,1.0293,-30.1069,66.2595,32.0916
243421.6516,174158,174,-0.7676,0.4600,0.9919,-27.8473,67.6336,24.9008
243421.8349,174168,175,-0.7485,0.4045,0.9568,-20.6870,70.8397,19.6794
243421.8349,174178,175,-0.7307,0.3711,0.9392,-12.5344,73.4656,17.6641
243421.8349,174188,175,-0.7061,0.3728,0.9329,-4.8550,74.5954,18.3817
243421.8349,174198,175,-0.6890,0.3828,0.9216,2.1069,76.6870,19.4656
243421.8349,174208,175,-0.6951,0.3909,0.8770,7.6794,79.5420,19.9695
243421.8349,174218,175,-0.6689,0.4050,0.8269,12.9313,81.6947,19.1908
243421.8349,174228,175,-0.6643,0.4111,0.7878,18.9618,84.2443,16.6412
243421.8349,174238,175,-0.6636,0.3967,0.7490,25.7710,85.4198,12.4427
243421.8349,174248,175,-0.6499,0.3662,0.7100,30.2748,85.0840,7.9237
243421.8349,174258,175,-0.6228,0.3225,0.6709,32.5802,83.4198,4.6260
243421.9038,174268,176,-0.6042,0.2961,0.6526,36.4122,83.0687,3.1145
243421.9038,174278,176,-0.5872,0.2874,0.6406,42.5802,83.4046,2.3969
243421.9038,174288,176,-0.5750,0.2747,0.6104,47.7863,84.7328,1.2061
243421.9038,174298,176,-0.5789,0.2654,0.5623,50.6107,86.4122,0.4580
243421.9038,174308,176,-0.5576,0.2664,0.5117,52.6260,84.7939,0.2290
243421.9038,174318,176,-0.5396,0.2607,0.4639,55.2519,83.1298,-1.2366
243421.9038,174328,176,-0.5237,0.2383,0.4121,57.8321,82.3359,-3.4198
243421.9038,174338,176,-0.5327,0.2307,0.3577,60.5954,81.3588,-5.2977
243421.9038,174348,176,-0.5374,0.2288,0.3093,62.0763,78.4122,-6.5649
243421.9038,174358,176,-0.5330,0.2305,0.2676,63.0534,73.3282,-8.6107
243421.9539,174368,177,-0.5190,0.2266,0.2434,64.8092,68.2290,-11.5420
243421.9539,174378,177,-0.5085,0.2412,0.2563,66.8550,64.2901,-14.9466
243421.9539,174388,177,-0.4944,0.2314,0.2451,67.6183,60.8855,-19.4046
243421.9539,174398,177,-0.4878,0.1936,0.2190,68.3053,58.6107,-24.8855
243421.9539,174408,177,-0.4873,0.1597,0.1880,68.3664,55.0382,-29.3740
243421.9539,174418,177,-0.4749,0.1292,0.1812,67.8931,50.8855,-32.7328
243421.9539,174428,177,-0.4854,0.1082,0.1753,67.2519,47.8015,-35.3130
243421.9539,174438,177,-0.4695,0.0833,0.1677,65.9084,43.8779,-37.6183
243421.9539,174448,177,-0.4595,0.0471,0.1584,63.6031,41.5725,-39.6641
243421.9539,174458,177,-0.4531,0.0049,0.1240,62.8550,40.5954,-41.0382
243422.0143,174468,178,-0.4595,-0.0149,0.0813,65.3893,38.7176,-41.7863
243422.0143,174478,178,-0.4624,-0.0239,0.0496,66.5954,33.5267,-42.2748
243422.0143,174488,178,-0.4426,-0.0342,0.0415,65.1756,25.8626,-43.1450
243422.0143,174498,178,-0.4177,-0.0378,0.0378,62.9313,19.3588,-44.5649
243422.0143,174508,178,-0.4084,-0.0566,0.0212,60.3969,15.6489,-46.6718
243422.0143,174518,178,-0.3979,-0.0774,0.0151,58.2748,11.7710,-49.8321
243422.0143,174528,178,-0.3589,-0.1311,0.0063,56.3511,6.1374,-53.1908
243422.0143,174538,178,-0.3550,-0.1821,-0.0386,56.0305,1.6794,-56.4275
243422.0143,174548,178,-0.3423,-0.2598,-0.1099,54.6412,-5.6794,-58.6870
243422.0143,174558,178,-0.3481,-0.3101,-0.1208,57.0076,-15.0382,-58.7939
243422.1985,174568,179,-0.3406,-0.3379,-0.0977,59.0076,-26.0763,-57.7710
243422.1985,174578,179,-0.3262,-0.3665,-0.0542,56.6260,-37.6794,-56.6412
243422.1985,174588,179,-0.3335,-0.3879,-0.0188,51.7710,-46.7786,-55.4962
243422.1985,174598,179,-0.3191,-0.4180,0.0264,46.2290,-54.1985,-54.2290
243422.1985,174608,179,-0.3467,-0.4670,0.0559,45.1756,-57.1908,-53.0687
243422.1985,174618,179,-0.4011,-0.4851,0.0298,46.0611,-58.8855,-52.0153
243422.1985,174628,179,-0.4385,-0.4956,-0.0046,45.1298,-65.2824,-49.9389
243422.1985,174638,179,-0.4973,-0.5203,-0.0012,44.2901,-75.0534,-48.8397
243422.1985,174648,179,-0.5286,-0.5508,0.0432,42.6870,-89.6641,-49.3893
243422.1985,174658,179,-0.5449,-0.6218,0.1235,38.0763,-103.4351,-50.9618
243422.2520,174668,180,-0.5410,-0.6899,0.1931,33.4504,-114.0305,-51.2977
243422.2520,174678,180,-0.5613,-0.7583,0.2896,30.4733,-121.3282,-50.2748
243422.2520,174688,180,-0.5625,-0.8210,0.4204,29.2366,-126.9313,-47.2061
243422.2520,174698,180,-0.6060,-0.8352,0.5522,28.4733,-127.5420,-41.7099
243422.2520,174708,180,-0.6355,-0.8071,0.7080,24.6412,-126.8397,-36.2595
243422.2520,174718,180,-0.6638,-0.8274,0.8003,14.5649,-124.7176,-31.9847
243422.2520,174728,180,-0.6763,-0.8706,0.8145,6.0305,-118.6718,-29.7557
243422.2520,174738,180,-0.7063,-0.9294,0.8022,0.9008,-112.2443,-27.0382
243422.2520,174748,180,-0.6960,-0.9817,0.7786,-2.5954,-110.2290,-22.8244
243422.2520,174758,180,-0.6792,-1.0022,0.7976,-5.8168,-109.2672,-16.2290
243422.3135,174768,181,-0.6619,-1.0142,0.8015,-10.4733,-106.0305,-7.5115
243422.3135,174778,181,-0.7104,-1.0042,0.7905,-13.2977,-99.2977,1.6336
243422.3135,174788,181,-0.7561,-0.9468,0.8235,-15.1756,-100.0763,11.2214
243422.3135,174798,181,-0.7727,-0.8870,0.8462,-19.5420,-103.0382,20.3206
243422.3135,174808,181,-0.8242,-0.8105,0.9043,-22.9618,-100.9924,27.5267
243422.3135,174818,181,-0.8550,-0.7371,0.9817,-24.3511,-99.4351,32.2290
243422.3135,174828,181,-0.8962,-0.6946,1.0256,-27.0840,-96.0305,35.0687
243422.3135,174838,181,-0.9077,-0.6826,1.0571,-29.0687,-91.7863,37.6947
243422.3135,174848,181,-0.9309,-0.6655,1.0991,-31.0687,-87.5725,40.0763
243422.3135,174858,181,-0.9768,-0.6519,1.1384,-37.6031,-82.4122,43.7863
243422.4332,174868,182,-0.9905,-0.6421,1.1611,-44.1527,-77.5878,48.8550
243422.4332,174878,182,-1.0034,-0.6060,1.1812,-45.9695,-71.4198,54.4122
243422.4332,174888,182,-1.0200,-0.5615,1.1597,-44.6870,-62.4733,60.5191
243422.4332,174898,182,-1.0361,-0.5125,1.0979,-42.4733,-53.4809,66.3969
243422.4332,174908,182,-1.0308,-0.4438,1.0474,-42.3206,-47.8168,71.4809
243422.4332,174918,182,-1.0222,-0.3865,1.0168,-44.2443,-43.7405,74.7328
243422.4332,174928,182,-1.0122,-0.3367,1.0022,-47.3588,-40.9313,75.6794
243422.4332,174938,182,-1.0115,-0.3149,0.9932,-52.0916,-37.7710,76.0611
243422.4332,174948,182,-1.0127,-0.2769,1.0012,-54.6718,-34.1832,76.7634
243422.4332,174958,182,-1.0210,-0.2319,1.0012,-56.8092,-29.7863,77.4198
243422.5525,174968,183,-1.0376,-0.1741,1.0337,-58.4275,-24.9008,77.5115
243422.5525,174978,183,-1.0295,-0.1377,1.0750,-59.9695,-19.7099,76.1985
243422.5525,174988,183,-1.0144,-0.1282,1.1055,-60.1832,-13.3130,73.9084
243422.5525,174998,183,-0.9897,-0.1138,1.1003,-58.9313,-6.5802,71.6947
243422.5525,175008,183,-0.9758,-0.1008,1.0947,-58.0458,-1.4504,69.6031
243422.5525,175018,183,-0.9607,-0.0713,1.1135,-58.3817,1.1450,67.4351
243422.5525,175028,183,-0.9448,-0.0464,1.1577,-60.4885,4.1374,64.9008
243422.5525,175038,183,-0.9421,-0.0498,1.1702,-61.8015,9.9084,62.1832
243422.5525,175048,183,-0.9375,-0.0288,1.1750,-60.7939,15.8473,60.7481
243422.5525,175058,183,-0.9167,-0.0037,1.1829,-59.9542,20.9466,60.9771
243422.6140,175068,184,-0.9067,0.0266,1.1758,-58.9924,26.9008,61.2672
243422.6140,175078,184,-0.8816,0.0618,1.1616,-57.1603,32.5344,60.8702
243422.6140,175088,184,-0.8535,0.0823,1.1323,-56.2443,38.7023,59.4656
243422.6140,175098,184,-0.8467,0.0896,1.0798,-54.2137,44.8397,57.7710
243422.6140,175108,184,-0.8464,0.1201,1.0598,-50.2595,47.8779,56.7634
243422.6140,175118,184,-0.8403,0.1570,1.0681,-46.7023,48.8855,56.1679
243422.6140,175128,184,-0.8286,0.1841,1.0710,-44.0305,49.8321,55.8626
243422.6140,175138,184,-0.8186,0.2144,1.0562,-40.0916,51.6641,55.7710
243422.6140,175148,184,-0.8228,0.2622,1.0679,-34.6412,54.1374,55.5267
243422.6140,175158,184,-0.8145,0.2874,1.0906,-28.6565,57.4504,55.0840
243422.7335,175168,185,-0.8157,0.3240,1.1025,-21.0534,62.5191,53.6794
243422.7335,175178,185,-0.8179,0.3662,1.1003,-15.5420,66.7481,51.6947
243422.7335,175188,185,-0.7983,0.3918,1.0591,-12.7634,69.5115,48.5649
243422.7335,175198,185,-0.7910,0.3914,1.0164,-10.1374,73.0534,43.4809
243422.7335,175208,185,-0.7842,0.3677,0.9678,-8.5191,75.5878,37.8779
243422.7335,175218,185,-0.7708,0.3318,0.9348,-7.9695,75.5878,33.5420
243422.7335,175228,185,-0.7317,0.2830,0.9275,-5.4046,76.3817,31.2672
243422.7335,175238,185,-0.7415,0.2686,0.9072,3.0992,82.2748,32.2443
243422.7335,175248,185,-0.7461,0.3079,0.8687,12.6718,86.1985,35.3130
243422.7335,175258,185,-0.7419,0.3391,0.8279,18.6107,87.7405,37.9237
243422.8588,175268,186,-0.7322,0.3843,0.8071,25.0382,88.9618,38.7481
243422.8588,175278,186,-0.7112,0.4182,0.7668,31.2214,89.9389,37.8168
243422.8588,175288,186,-0.6990,0.4426,0.7085,36.8702,91.7710,35.3282
243422.8588,175298,186,-0.6873,0.4531,0.6504,42.0153,92.3511,31.2672
243422.8588,175308,186,-0.6570,0.4497,0.5964,46.0305,90.9160,26.1985
243422.8588,175318,186,-0.6401,0.4163,0.5527,50.3053,90.4275,20.9771
243422.8588,175328,186,-0.6379,0.3853,0.5132,55.1145,89.2672,16.8244
243422.8588,175338,186,-0.5955,0.3657,0.5005,58.8702,86.2137,13.9237
243422.8588,175348,186,-0.5867,0.3398,0.4893,61.6489,86.8092,12.1221
243422.8588,175358,186,-0.5828,0.3357,0.4580,66.1069,87.0840,10.8702
243422.9138,175368,187,-0.5635,0.3218,0.4121,69.2824,84.3053,9.0382
243422.9138,175378,187,-0.5605,0.3320,0.3911,72.5038,80.2290,7.2214
243422.9138,175388,187,-0.5361,0.3457,0.3879,75.3435,75.3130,4.4122
243422.9138,175398,187,-0.5151,0.3525,0.3799,77.3893,73.2824,0.1221
243422.9138,175408,187,-0.5208,0.3491,0.3367,79.5573,74.2290,-5.5267
243422.9138,175418,187,-0.5249,0.3289,0.2722,81.0076,72.7939,-11.8779
243422.9138,175428,187,-0.5190,0.3196,0.2246,81.7710,68.0763,-18.2290
243422.9138,175438,187,-0.4912,0.2927,0.2131,80.5802,61.9084,-24.9924
243422.9138,175448,187,-0.4702,0.2383,0.1970,79.6641,58.5191,-32.3359
243422.9138,175458,187,-0.4714,0.1780,0.1479,79.3435,55.8626,-38.3817
243423.0339,175468,188,-0.4490,0.1340,0.1077,77.0992,49.2672,-41.7710
243423.0339,175478,188,-0.4370,0.0957,0.0771,74.1832,42.5038,-43.5420
243423.0339,175488,188,-0.4050,0.0669,0.0754,73.9847,37.0840,-44.6412
243423.0339,175498,188,-0.4004,0.0662,0.0776,75.4198,34.1069,-45.3740
243423.0339,175508,188,-0.3994,0.0740,0.0833,76.0611,31.4962,-45.9695
243423.0339,175518,188,-0.4119,0.0889,0.0532,77.2214,28.2748,-48.5038
243423.0339,175528,188,-0.3923,0.0762,-0.0007,74.9618,22.2901,-53.9237
243423.0339,175538,188,-0.3870,0.0469,-0.0415,71.4809,16.9618,-60.5954
243423.0339,175548,188,-0.3823,-0.0134,-0.0857,68.6870,10.3206,-67.0534
243423.0339,175558,188,-0.3638,-0.0835,-0.1111,67.3435,-0.0458,-72.7634
243423.1585,175568,189,-0.3401,-0.1594,-0.1123,64.7176,-11.5267,-76.0916
243423.1585,175578,189,-0.3005,-0.2419,-0.0652,63.4504,-20.3969,-76.0305
243423.1585,175588,189,-0.3127,-0.3020,-0.0740,65.8015,-23.6794,-73.3435
243423.1585,175598,189,-0.3315,-0.3521,-0.1284,68.6870,-28.1221,-69.7710
243423.1585,175608,189,-0.3269,-0.3896,-0.1487,70.4733,-37.3893,-66.5954
243423.1585,175618,189,-0.3438,-0.4343,-0.1550,69.3435,-47.2214,-63.6183
243423.1585,175628,189,-0.3711,-0.4666,-0.1611,68.1527,-57.9237,-60.2901
243423.1585,175638,189,-0.4021,-0.4663,-0.1255,66.7328,-70.5496,-57.4351
243423.1585,175648,189,-0.4102,-0.4478,-0.0159,62.7481,-83.2672,-55.3588
243423.1585,175658,189,-0.4072,-0.4585,0.0813,58.2748,-91.5573,-54.8550
243423.2142,175668,190,-0.4451,-0.4861,0.1277,56.8550,-93.1450,-55.6947
243423.2142,175678,190,-0.4529,-0.5144,0.1482,54.6565,-96.3053,-55.8931
243423.2142,175688,190,-0.4521,-0.5576,0.1633,50.5649,-101.3893,-55.8779
243423.2142,175698,190,-0.4568,-0.6318,0.1416,46.9160,-104.6412,-56.8702
243423.2142,175708,190,-0.4683,-0.7434,0.1082,43.8779,-110.1832,-58.7481
243423.2142,175718,190,-0.4700,-0.8789,0.1404,40.1985,-119.6794,-59.0840
243423.2142,175728,190,-0.4709,-0.9746,0.2588,36.9924,-131.5115,-55.3740
243423.2142,175738,190,-0.4900,-0.9968,0.4370,33.1145,-139.6947,-46.4275
243423.2142,175748,190,-0.4875,-0.9802,0.5952,27.3588,-144.6107,-34.4122
243423.2142,175758,190,-0.5247,-0.9080,0.7952,22.9466,-145.7252,-24.6565
243423.4565,175768,191,-0.5515,-0.8369,0.9451,17.9847,-144.1221,-19.1145
243423.4565,175778,191,-0.6179,-0.8232,1.0110,12.3969,-136.5649,-18.6870
243423.4565,175788,191,-0.6709,-0.8557,1.0266,4.7176,-129.8321,-20.1374
243423.4565,175798,191,-0.7080,-0.9087,0.9934,-4.9924,-124.2901,-18.4885
243423.4565,175808,191,-0.7578,-0.9692,0.9365,-13.1756,-120.5344,-12.8550
243423.4565,175818,191,-0.7942,-1.0122,0.9060,-16.5954,-118.9160,-4.0153
243423.4565,175828,191,-0.8140,-0.9822,0.9265,-16.1527,-118.0305,7.9084
243423.4565,175838,191,-0.8728,-0.8784,1.0205,-16.5496,-113.7557,21.2824
243423.4565,175848,191,-0.9324,-0.7446,1.1069,-19.4962,-107.6489,31.8779
243423.4565,175858,191,-0.9753,-0.6399,1.1499,-24.6870,-101.7252,36.2901
243423.5194,175868,192,-0.9963,-0.5720,1.1633,-30.1985,-95.8473,35.6794
243423.5194,175878,192,-0.9910,-0.5254,1.1587,-38.1221,-89.6183,33.4504
243423.5194,175888,192,-0.9907,-0.5100,1.1191,-46.5038,-82.6412,30.9771
243423.5194,175898,192,-0.9690,-0.5159,1.0767,-52.1221,-78.2443,28.2595
243423.5194,175908,192,-0.9407,-0.5181,1.0662,-56.2290,-74.6412,27.3588
243423.5194,175918,192,-0.9219,-0.5144,1.0601,-59.6489,-70.0763,28.3206
243423.5194,175928,192,-0.9072,-0.5417,1.0107,-62.1221,-64.4122,29.7405
243423.5194,175938,192,-0.9238,-0.5515,0.9761,-61.8931,-59.0229,32.9160
243423.5194,175948,192,-0.9412,-0.5405,0.9590,-60.3511,-54.5038,38.7023
243423.5194,175958,192,-0.9541,-0.4878,0.9592,-58.2443,-50.5344,45.5573
243423.5722,175968,193,-0.9656,-0.4255,0.9731,-56.8397,-46.0763,51.5420
243423.5722,175978,193,-0.9734,-0.3545,0.9873,-55.1908,-40.9618,54.6870
243423.5722,175988,193,-0.9563,-0.3184,0.9890,-54.6870,-37.2824,54.5038
243423.5722,175998,193,-0.9387,-0.3093,1.0005,-54.9771,-34.8092,52.8092
243423.5722,176008,193,-0.9287,-0.3135,1.0098,-55.6336,-31.7252,51.0992
243423.5722,176018,193,-0.9204,-0.3179,1.0183,-57.3588,-29.1908,49.9237
243423.5722,176028,193,-0.9036,-0.3340,1.0571,-59.6183,-27.7405,50.1374
243423.5722,176038,193,-0.8943,-0.3462,1.1057,-60.2595,-25.2977,51.3740
243423.5722,176048,193,-0.8792,-0.3430,1.1741,-59.8931,-20.8855,53.9084
243423.5722,176058,193,-0.8867,-0.3279,1.2126,-57.8779,-12.9008,57.4656
243423.7562,176068,194,-0.8760,-0.2961,1.2046,-55.6947,-6.0458,61.4504
243423.7562,176078,194,-0.8643,-0.2390,1.1843,-54.7786,0.1374,65.5115
243423.7562,176088,194,-0.8584,-0.1550,1.1841,-54.6718,6.1374,68.4733
243423.7562,176098,194,-0.8354,-0.0911,1.1621,-55.9084,11.4504,68.2901
243423.7562,176108,194,-0.8398,-0.0715,1.0952,-58.7786,16.6565,65.3588
243423.7562,176118,194,-0.8540,-0.0752,1.0342,-60.3817,19.4198,61.8779
243423.7562,176128,194,-0.8420,-0.1038,1.0037,-60.2595,19.5420,59.9847
243423.7562,176138,194,-0.8416,-0.1121,1.0005,-55.4656,21.5267,60.8397
243423.7562,176148,194,-0.8455,-0.0701,1.0442,-46.5344,24.4427,64.5496
243423.7562,176158,194,-0.8198,0.0125,1.1157,-38.7939,27.6031,68.8702
243423.8191,176168,195,-0.8271,0.0942,1.1724,-33.6641,34.4275,71.1603
243423.8191,176178,195,-0.8303,0.1665,1.1812,-29.0992,41.1145,69.3740
243423.8191,176188,195,-0.8269,0.2080,1.1743,-26.3206,46.6565,63.8931
243423.8191,176198,195,-0.8120,0.2129,1.1665,-25.3435,51.0840,56.1069
243423.8191,176208,195,-0.8083,0.1738,1.1270,-26.5954,54.3969,48.4275
243423.8191,176218,195,-0.7773,0.1135,1.0950,-27.4046,55.6183,42.9924
243423.8191,176228,195,-0.7690,0.0769,1.0933,-25.2672,58.3053,41.9237
243423.8191,176238,195,-0.7559,0.0757,1.1052,-20.4885,61.0687,44.4580
243423.8191,176248,195,-0.7400,0.1033,1.1157,-13.7252,64.2443,47.7710
243423.8191,176258,195,-0.7192,0.1606,1.1340,-7.8015,68.4122,50.6412
243423.8735,176268,196,-0.7339,0.2136,1.1235,-6.2901,74.5344,52.0458
243423.8735,176278,196,-0.7327,0.2644,1.0732,-4.2595,79.6336,50.3664
243423.8735,176288,196,-0.7188,0.2817,0.9966,-3.0382,83.0382,46.3817
243423.8735,176298,196,-0.7061,0.2910,0.9358,-0.8092,86.7786,42.2137
243423.8735,176308,196,-0.7188,0.3101,0.8679,2.9771,89.4809,38.5802
243423.8735,176318,196,-0.6968,0.3264,0.8530,5.3588,88.7786,35.1450
243423.8735,176328,196,-0.6731,0.3259,0.8628,9.8779,88.6565,31.3893
243423.8735,176338,196,-0.6646,0.3125,0.8499,16.0305,90.2748,27.6031
243423.8735,176348,196,-0.6465,0.2805,0.8101,21.4351,92.4885,24.8244
243423.8735,176358,196,-0.6252,0.2588,0.7986,25.8168,94.3969,24.6107
243423.9336,176368,197,-0.6106,0.2578,0.7966,32.0763,98.1527,26.1069
243423.9336,176378,197,-0.5986,0.2935,0.7620,39.6336,102.9160,27.6947
243423.9336,176388,197,-0.5891,0.3311,0.7034,44.3817,104.5344,28.1221
243423.9336,176398,197,-0.5676,0.3218,0.6414,45.2824,103.9084,26.4885
243423.9336,176408,197,-0.5591,0.3232,0.5857,47.2366,105.2214,23.0534
243423.9336,176418,197,-0.5327,0.2676,0.5044,48.6870,105.1603,19.5725
243423.9336,176428,197,-0.5337,0.2546,0.4341,55.2977,105.3282,17.1145
243423.9336,176438,197,-0.5127,0.2629,0.4060,62.2290,102.9160,16.1527
243423.9336,176448,197,-0.4929,0.2769,0.4033,66.4733,100.3359,14.3206
243423.9336,176458,197,-0.4880,0.2791,0.3728,68.2290,99.3130,11.1298
243424.0545,176468,198,-0.4834,0.2644,0.3225,68.4122,96.4427,7.4504
243424.0545,176478,198,-0.4788,0.2444,0.2852,69.6031,93.1603,3.2366
243424.0545,176488,198,-0.4724,0.2114,0.2405,72.6260,90.1374,-1.2977
243424.0545,176498,198,-0.4656,0.1816,0.1963,76.6412,87.2061,-5.2519
243424.0545,176508,198,-0.4521,0.1375,0.1606,79.5878,84.2595,-7.9695
243424.0545,176518,198,-0.4463,0.0891,0.1106,83.7557,80.8550,-9.4962
243424.0545,176528,198,-0.4177,0.0667,0.1128,89.4962,76.5344,-9.9237
243424.0545,176538,198,-0.3865,0.0369,0.1096,94.1069,74.1679,-9.8015
243424.0545,176548,198,-0.3623,0.0090,0.0708,98.6870,74.1527,-9.3588
243424.0545,176558,198,-0.3779,0.0166,0.0344,104.3969,75.3588,-7.9084
243424.1713,176568,199,-0.3892,0.0369,-0.0403,103.9847,73.5267,-6.9618
243424.1713,176578,199,-0.4055,0.0386,-0.1299,99.9389,68.6412,-7.7252
243424.1713,176588,199,-0.4365,0.0479,-0.2241,99.0534,59.3740,-11.5267
243424.1713,176598,199,-0.4446,0.0332,-0.2781,97.0229,43.1145,-17.6641
243424.1713,176608,199,-0.4343,0.0137,-0.2358,93.6183,23.2824,-24.2748
243424.1713,176618,199,-0.4167,-0.0244,-0.1699,88.4427,4.5802,-30.4275
243424.1713,176628,199,-0.4026,-0.0808,-0.1379,82.5038,-9.9389,-35.2061
243424.1713,176638,199,-0.3733,-0.1421,-0.0989,78.4885,-19.9542,-37.4962
243424.1713,176648,199,-0.3936,-0.1694,-0.0754,80.5802,-22.5038,-38.0458
243424.1713,176658,199,-0.4172,-0.1824,-0.0896,80.7786,-24.6565,-38.0611
243424.2359,176668,200,-0.4438,-0.2566,-0.1052,76.9618,-38.2748,-37.4198
243424.2359,176678,200,-0.4438,-0.2566,-0.1052,76.9618,-38.2748,-37.4198
243424.2359,176688,200,-0.4895,-0.2861,-0.0530,76.0000,-53.2977,-39.3893
243424.2359,176698,200,-0.5042,-0.3293,-0.0554,72.1374,-60.2137,-41.4962
243424.2359,176708,200,-0.5430,-0.3750,-0.0623,67.5878,-65.5878,-42.6412
243424.2359,176718,200,-0.5627,-0.4075,-0.0178,64.6565,-72.7634,-42.6870
243424.2359,176728,200,-0.5767,-0.4402,0.0427,63.4656,-80.0305,-42.8397
243424.2359,176738,200,-0.5908,-0.4866,0.0569,63.0076,-87.1450,-43.0992
243424.2359,176748,200,-0.6082,-0.5286,0.0679,61.6641,-96.4733,-44.0458
243424.2359,176758,200,-0.6072,-0.5776,0.1072,57.2366,-106.1527,-43.5878
243424.3526,176768,201,-0.6104,-0.6255,0.1533,50.5344,-115.1145,-41.4809
243424.3526,176778,201,-0.5969,-0.6619,0.1970,45.1450,-124.6412,-39.3893
243424.3526,176788,201,-0.5525,-0.6899,0.3076,40.4122,-132.3969,-37.8321
243424.3526,176798,201,-0.5703,-0.7402,0.4080,35.4504,-133.0534,-36.5802
243424.3526,176808,201,-0.6052,-0.7671,0.4534,29.6336,-132.2137,-33.5420
243424.3526,176818,201,-0.6189,-0.7651,0.5361,22.3511,-134.2748,-28.6565
243424.3526,176828,201,-0.6499,-0.7817,0.6038,15.2214,-132.7939,-24.9160
243424.3526,176838,201,-0.6963,-0.8118,0.6252,9.0840,-130.8397,-21.5267
243424.3526,176848,201,-0.7249,-0.8533,0.6592,3.6031,-131.2214,-17.0992
243424.3526,176858,201,-0.7510,-0.9109,0.7031,-1.2977,-131.1145,-10.7786
243424.4715,176868,202,-0.7854,-0.9541,0.7546,-4.2595,-131.4809,-2.2137
243424.4715,176878,202,-0.8359,-0.9507,0.8425,-6.9771,-131.4198,9.4962
243424.4715,176888,202,-0.9102,-0.8740,0.9856,-9.8473,-129.8931,23.2061
243424.4715,176898,202,-0.9949,-0.7339,1.1506,-12.8855,-125.6336,34.5038
243424.4715,176908,202,-1.0696,-0.6021,1.2979,-18.8244,-117.7252,40.4427
243424.4715,176918,202,-1.1204,-0.5376,1.3201,-27.7710,-106.5954,41.0840
243424.4715,176928,202,-1.1575,-0.5081,1.2563,-36.4427,-97.2366,39.4351
243424.4715,176938,202,-1.1794,-0.4768,1.2085,-44.0153,-91.7863,38.5038
243424.4715,176948,202,-1.1465,-0.4688,1.1821,-49.4198,-88.9618,37.1908
243424.4715,176958,202,-1.1211,-0.5068,1.1267,-55.1603,-83.9389,35.4351
243424.5337,176968,203,-1.1157,-0.5378,1.0479,-59.9695,-77.5115,36.7328
243424.5337,176978,203,-1.0779,-0.5435,1.0125,-62.8702,-74.4122,41.3588
243424.5337,176988,203,-1.0496,-0.5293,1.0493,-63.8168,-70.6260,46.8397
243424.5337,176998,203,-1.0715,-0.5085,1.0476,-63.3130,-61.9847,53.4962
243424.5337,177008,203,-1.0767,-0.4507,1.0127,-62.0305,-54.1679,62.3969
243424.5337,177018,203,-1.0581,-0.3545,0.9917,-58.2748,-48.5496,70.9466
243424.5337,177028,203,-1.0537,-0.2690,0.9861,-55.1298,-42.3053,75.8931
243424.5337,177038,203,-1.0559,-0.1807,0.9917,-55.3588,-35.5420,76.9924
243424.5337,177048,203,-1.0659,-0.1353,0.9668,-59.9084,-29.2977,74.2137
243424.5337,177058,203,-1.0544,-0.1177,0.9460,-66.3359,-26.3511,69.6641
243424.6547,177068,204,-1.0115,-0.1206,0.9336,-72.8702,-25.8168,65.9237
243424.6547,177078,204,-0.9763,-0.1106,0.9819,-75.8321,-22.6107,63.2519
243424.6547,177088,204,-0.9521,-0.1082,0.9868,-75.4504,-15.8015,61.3435
243424.6547,177098,204,-0.9395,-0.1201,0.9636,-72.7939,-10.1985,60.0611
243424.6547,177108,204,-0.9341,-0.1050,0.9893,-68.4122,-7.7710,59.9237
243424.6547,177118,204,-0.9346,-0.0815,1.0708,-65.5573,-5.0840,59.6031
243424.6547,177128,204,-0.9480,-0.0557,1.1370,-64.6565,-0.2748,59.0229
243424.6547,177138,204,-0.9458,-0.0203,1.1770,-65.4962,4.0305,59.5573
243424.6547,177148,204,-0.9255,0.0513,1.2292,-65.3893,10.0763,61.6794
243424.6547,177158,204,-0.9197,0.1252,1.2676,-62.9466,19.6183,63.4351
243424.7787,177168,205,-0.8992,0.1721,1.2373,-57.0534,28.9466,64.2748
243424.7787,177178,205,-0.8938,0.2444,1.2197,-48.7634,37.6947,64.3664
243424.7787,177188,205,-0.9021,0.3059,1.1987,-41.9695,45.4351,63.1298
243424.7787,177198,205,-0.8997,0.3591,1.1641,-38.5191,50.1527,59.1908
243424.7787,177208,205,-0.8789,0.3928,1.1509,-38.0458,50.8855,53.0229
243424.7787,177218,205,-0.8630,0.3792,1.1570,-39.3130,50.8092,45.6489
243424.7787,177228,205,-0.8406,0.3340,1.1685,-39.5878,52.4885,39.3130
243424.7787,177238,205,-0.8147,0.3062,1.1733,-37.3282,55.8779,36.4580
243424.7787,177248,205,-0.8020,0.3142,1.1646,-32.9618,60.6718,37.3588
243424.7787,177258,205,-0.7839,0.3367,1.1309,-26.9008,65.7710,39.5267
243424.8333,177268,206,-0.7866,0.3589,1.0825,-19.7710,72.9160,41.0687
243424.8333,177278,206,-0.7964,0.3943,1.0237,-13.2214,80.4885,40.9771
243424.8333,177288,206,-0.7827,0.3970,0.9263,-9.6183,85.0229,40.3664
243424.8333,177298,206,-0.7820,0.4187,0.8218,-5.3740,87.6794,38.8855
243424.8333,177308,206,-0.7786,0.4497,0.7932,1.0076,87.2672,36.5038
243424.8333,177318,206,-0.7686,0.4729,0.8076,6.2595,85.6489,32.3969
243424.8333,177328,206,-0.7664,0.4573,0.8066,7.0534,85.7863,27.5267
243424.8333,177338,206,-0.7615,0.4551,0.8108,7.8168,86.3664,24.2901
243424.8333,177348,206,-0.7578,0.4617,0.8191,11.3740,87.2672,23.1603
243424.8333,177358,206,-0.7493,0.4673,0.8098,18.6870,89.7557,22.6718
243425.0143,177368,207,-0.7532,0.4768,0.7620,28.0458,92.5496,21.9542
243425.0143,177378,207,-0.7593,0.4622,0.6914,32.9924,94.5038,20.2290
243425.0143,177388,207,-0.7498,0.4568,0.6394,36.3206,93.9084,17.8626
243425.0143,177398,207,-0.7341,0.4453,0.6082,39.4351,92.3817,15.4504
243425.0143,177408,207,-0.7361,0.4336,0.5679,43.8931,91.1298,12.9313
243425.0143,177418,207,-0.7100,0.4265,0.5508,49.2214,87.6031,9.3435
243425.0143,177428,207,-0.6833,0.4148,0.5574,53.4198,85.1603,4.6565
243425.0143,177438,207,-0.6714,0.3970,0.5498,55.3740,85.2214,-0.1985
243425.0143,177448,207,-0.6592,0.3701,0.5286,55.6183,83.8779,-4.4427
243425.0143,177458,207,-0.6174,0.3374,0.5083,56.4733,81.1756,-8.1069
243425.0798,177468,208,-0.5723,0.3198,0.5076,59.0382,80.0458,-11.2366
243425.0798,177478,208,-0.5525,0.3049,0.4941,61.0382,81.8473,-13.9847
243425.0798,177488,208,-0.5513,0.2593,0.4399,61.0687,83.6031,-16.8550
243425.0798,177498,208,-0.5261,0.1975,0.3503,60.5496,82.4275,-18.7481
243425.0798,177508,208,-0.5017,0.1687,0.2830,62.3359,80.0763,-18.2748
243425.0798,177518,208,-0.4949,0.1826,0.2720,66.5649,78.0458,-17.3130
243425.0798,177528,208,-0.4829,0.1973,0.2434,70.5191,75.5420,-18.0305
243425.0798,177538,208,-0.4707,0.1863,0.2009,70.4580,72.0000,-20.7176
243425.0798,177548,208,-0.4624,0.1704,0.1714,69.0687,68.3664,-24.0763
243425.0798,177558,208,-0.4492,0.1628,0.1475,68.5038,63.4809,-27.2824
243425.1335,177568,209,-0.4338,0.1487,0.1538,67.3130,57.7252,-30.4122
243425.1335,177578,209,-0.4287,0.1155,0.1445,66.5802,54.8702,-33.2977
243425.1335,177588,209,-0.4490,0.1021,0.1157,67.1298,53.3130,-34.3359
243425.1335,177598,209,-0.4558,0.1086,0.0750,67.7557,48.4733,-33.6794
243425.1335,177608,209,-0.4463,0.1289,0.0571,69.5725,43.7863,-34.4580
243425.1335,177618,209,-0.4500,0.1387,0.0449,70.4580,40.9008,-37.4504
243425.1335,177628,209,-0.4419,0.1211,0.0027,68.3359,36.6107,-42.0305
243425.1335,177638,209,-0.4231,0.0793,-0.0288,65.5115,30.3053,-47.0076
243425.1335,177648,209,-0.3918,0.0361,-0.0259,63.9084,23.2214,-50.9771
243425.1335,177658,209,-0.3655,-0.0142,-0.0007,64.5191,18.1527,-52.6870
243425.1951,177668,210,-0.3320,-0.0508,-0.0051,66.3359,13.9389,-52.7328
243425.1951,177678,210,-0.3462,-0.0754,-0.0498,67.2824,10.0153,-50.8550
243425.1951,177688,210,-0.3396,-0.0823,-0.1104,67.9695,6.5496,-49.0382
243425.1951,177698,210,-0.3171,-0.0793,-0.1802,69.5115,2.5496,-49.2061
243425.1951,177708,210,-0.2920,-0.1079,-0.2446,70.1069,-4.8855,-51.3130
243425.1951,177718,210,-0.2627,-0.1648,-0.2800,68.9466,-14.5344,-54.7481
243425.1951,177728,210,-0.2451,-0.2068,-0.2822,68.8702,-26.6565,-59.4351
243425.1951,177738,210,-0.2212,-0.2683,-0.2554,65.3893,-40.7481,-63.5573
243425.1951,177748,210,-0.2073,-0.3359,-0.2061,60.1527,-53.9237,-66.9008
243425.1951,177758,210,-0.2234,-0.4131,-0.1580,55.9695,-65.4809,-69.8321
243425.3134,177768,211,-0.2251,-0.5176,-0.1094,52.5496,-76.0611,-72.8855
243425.3134,177778,211,-0.2249,-0.6584,-0.0803,50.7023,-86.6260,-74.9466
243425.3134,177788,211,-0.2415,-0.8284,-0.0588,50.7023,-96.6107,-73.6336
243425.3134,177798,211,-0.2595,-0.9668,-0.0186,51.2061,-108.0916,-67.0229
243425.3134,177808,211,-0.2803,-1.0876,0.0217,50.5496,-118.0000,-55.5725
243425.3134,177818,211,-0.3787,-1.1658,0.0601,49.5115,-126.5344,-39.6641
243425.3134,177828,211,-0.4478,-1.1655,0.1560,47.5725,-138.5496,-20.3206
243425.3134,177838,211,-0.5115,-1.0659,0.3499,44.9618,-149.0840,-0.4275
243425.3134,177848,211,-0.5840,-0.9219,0.5583,41.5573,-150.3206,15.0076
243425.3134,177858,211,-0.6960,-0.8081,0.6663,36.6565,-143.6947,24.0611
243425.4401,177868,212,-0.7842,-0.7202,0.6748,30.2901,-138.7939,27.1298
243425.4401,177878,212,-0.8386,-0.6714,0.6890,22.0305,-136.3053,25.7710
243425.4401,177888,212,-0.9023,-0.6421,0.7266,11.2366,-134.8092,23.0534
243425.4401,177898,212,-0.9426,-0.6333,0.7729,-1.0076,-132.9771,20.3511
243425.4401,177908,212,-0.9707,-0.6135,0.8247,-9.5115,-130.2137,18.4122
243425.4401,177918,212,-0.9717,-0.6343,0.8582,-16.4122,-127.5725,16.1069
243425.4401,177928,212,-0.9802,-0.6472,0.9124,-21.3130,-123.3740,15.2366
243425.4401,177938,212,-1.0188,-0.6570,0.9373,-26.6412,-118.0916,18.3206
243425.4401,177948,212,-1.0330,-0.6235,0.9639,-29.1603,-114.8397,23.5267
243425.4401,177958,212,-1.0430,-0.5564,0.9832,-31.2672,-110.5802,28.4427
243425.4940,177968,213,-1.0671,-0.4749,1.0073,-34.4733,-106.5191,31.4962
243425.4940,177978,213,-1.0818,-0.4192,1.0400,-39.4198,-103.1298,31.6031
243425.4940,177988,213,-1.1130,-0.3833,1.0686,-42.4580,-98.0763,29.3282
243425.4940,177998,213,-1.1223,-0.3623,1.0725,-46.3664,-94.9160,25.3435
243425.4940,178008,213,-1.1208,-0.3945,1.0698,-51.1908,-89.4046,20.2290
243425.4940,178018,213,-1.1033,-0.4612,1.0835,-54.4122,-84.2901,15.7557
243425.4940,178028,213,-1.0625,-0.5618,1.0681,-57.0687,-79.1298,14.2290
243425.4940,178038,213,-1.0410,-0.6638,1.0435,-57.6947,-74.0611,17.8626
243425.4940,178048,213,-0.9932,-0.7283,1.0664,-55.7252,-70.8092,27.3893
243425.4940,178058,213,-0.9592,-0.7434,1.0791,-52.7023,-65.7557,41.4962
243425.6138,178068,214,-0.9514,-0.7087,1.0576,-48.0916,-59.1298,58.4580
243425.6138,178078,214,-0.9475,-0.5945,1.0513,-40.2595,-52.9618,75.5267
243425.6138,178088,214,-0.9478,-0.4409,1.0847,-34.1069,-47.1145,88.4885
243425.6138,178098,214,-0.9504,-0.2991,1.1074,-31.5267,-40.3206,94.9008
243425.6138,178108,214,-0.9412,-0.2124,1.0962,-33.6031,-34.3511,94.9618
243425.6138,178118,214,-0.9211,-0.1533,1.0942,-38.8244,-29.8779,91.6336
243425.6138,178128,214,-0.9048,-0.1350,1.0732,-45.1908,-25.3130,86.6565
243425.6138,178138,214,-0.8853,-0.1521,1.0217,-51.1145,-21.5420,81.5878
243425.6138,178148,214,-0.8752,-0.1562,0.9912,-54.6412,-18.6870,78.7328
243425.6138,178158,214,-0.8687,-0.1260,0.9897,-56.0305,-15.7863,78.2290
243425.7912,178168,215,-0.8386,-0.0732,0.9993,-56.5954,-11.5725,77.8473
243425.7912,178178,215,-0.8545,-0.0342,0.9858,-56.8855,-3.2672,76.2901
243425.7912,178188,215,-0.8591,-0.0027,0.9412,-57.9237,2.3511,73.9847
243425.7912,178198,215,-0.8701,0.0366,0.9128,-59.5420,4.9924,72.1374
243425.7912,178208,215,-0.8926,0.0979,0.9219,-59.8626,7.1756,69.6031
243425.7912,178218,215,-0.9158,0.1294,0.9521,-60.7786,8.9466,66.2290
243425.7912,178228,215,-0.9458,0.1614,0.9968,-58.7786,13.0534,63.0229
243425.7912,178238,215,-0.9775,0.2097,1.0378,-54.3511,18.5802,60.8855
243425.7912,178248,215,-0.9973,0.2800,1.0859,-50.2137,23.3588,58.9618
243425.7912,178258,215,-1.0149,0.3384,1.1316,-46.6260,28.6260,56.2595
243425.7932,178268,216,-1.0337,0.3811,1.1790,-42.9924,33.9389,52.3664
243425.7932,178278,216,-1.0264,0.4138,1.2268,-40.0916,38.8702,48.2595
243425.7932,178288,216,-1.0049,0.4282,1.2515,-37.0076,44.7634,44.5038
243425.7932,178298,216,-0.9778,0.4509,1.2615,-32.8397,50.7786,41.1908
243425.7932,178308,216,-0.9216,0.4436,1.2517,-28.7481,55.3588,37.4046
243425.7932,178318,216,-0.8738,0.4248,1.2302,-24.5191,61.0534,33.4046
243425.7932,178328,216,-0.8411,0.4070,1.2080,-19.8779,67.3740,29.1145
243425.7932,178338,216,-0.8137,0.3777,1.1589,-18.6870,71.2977,24.7328
243425.7932,178348,216,-0.7781,0.3335,1.0862,-20.5649,72.6718,21.1298
243425.7932,178358,216,-0.7590,0.2822,1.0249,-20.9160,74.3511,19.1756
243425.9757,178368,217,-0.7534,0.2522,0.9827,-18.0305,76.3817,19.0534
243425.9757,178378,217,-0.7366,0.2341,0.9617,-13.2519,76.7023,20.5954
243425.9757,178388,217,-0.7239,0.2346,0.9614,-6.4427,78.2290,23.2366
243425.9757,178398,217,-0.7288,0.2554,0.9551,1.6641,82.0611,26.4122
243425.9757,178408,217,-0.7246,0.2810,0.9175,8.3969,85.7099,29.2977
243425.9757,178418,217,-0.7256,0.2927,0.8787,12.9924,89.4198,31.0534
243425.9757,178428,217,-0.7322,0.3003,0.8250,17.2214,92.0763,31.8015
243425.9757,178438,217,-0.7395,0.3237,0.7695,21.7863,93.1603,32.1527
243425.9757,178448,217,-0.7256,0.3496,0.7400,26.3359,92.2901,31.3588
243425.9757,178458,217,-0.7078,0.3706,0.7192,30.5038,91.8779,29.7710
243426.0918,178468,218,-0.6868,0.3701,0.6904,34.9466,91.1603,27.3740
243426.0918,178478,218,-0.6589,0.3713,0.6523,40.5038,90.2595,24.6260
243426.0918,178488,218,-0.6338,0.3767,0.6240,45.5725,89.7863,22.3206
243426.0918,178498,218,-0.6016,0.3713,0.6030,49.3435,90.1374,20.1221
243426.0918,178508,218,-0.5891,0.3699,0.5793,53.2519,92.3664,17.6794
243426.0918,178518,218,-0.5715,0.3833,0.5474,57.3740,93.2672,15.2214
243426.0918,178528,218,-0.5464,0.3792,0.5093,59.7863,91.6031,12.5954
243426.0918,178538,218,-0.5198,0.3496,0.4636,63.2519,90.0305,9.6947
243426.0918,178548,218,-0.4849,0.3315,0.4124,69.9695,89.3435,6.9924
243426.0918,178558,218,-0.4597,0.3174,0.3596,77.1603,89.8626,4.7023
243426.1014,178568,219,-0.4583,0.3081,0.3049,83.1603,89.8626,2.1527
243426.1014,178578,219,-0.4458,0.3149,0.2400,86.0305,87.1908,-1.3588
243426.1014,178588,219,-0.4353,0.3169,0.1812,84.3206,83.3893,-4.8855
243426.1014,178598,219,-0.4353,0.3079,0.1270,81.4046,78.8550,-8.9618
243426.1014,178608,219,-0.4309,0.3096,0.0872,79.2977,72.4427,-13.4656
243426.1014,178618,219,-0.4016,0.3022,0.0757,76.4122,65.5725,-18.4580
243426.1014,178628,219,-0.4016,0.2964,0.0662,73.9695,61.2824,-24.3969
243426.1014,178638,219,-0.3936,0.2566,0.0249,70.0305,56.1069,-30.5496
243426.1014,178648,219,-0.3855,0.2129,-0.0129,68.1832,50.3664,-35.8321
243426.1014,178658,219,-0.3755,0.1780,-0.0505,69.3893,43.8473,-40.2137
243426.2752,178668,220,-0.3762,0.1536,-0.0630,71.3435,36.9313,-43.8321
243426.2752,178678,220,-0.3643,0.1265,-0.0671,71.4046,29.1603,-47.0382
243426.2752,178688,220,-0.3699,0.1064,-0.0635,69.6489,23.1145,-49.3893
243426.2752,178698,220,-0.3647,0.0903,-0.0886,68.6412,17.9695,-50.8550
243426.2752,178708,220,-0.3660,0.0747,-0.1184,69.3282,11.9695,-52.5344
243426.2752,178718,220,-0.3523,0.0664,-0.1145,70.3359,3.6336,-55.4046
243426.2752,178728,220,-0.3228,0.0417,-0.1108,68.8702,-5.1145,-59.5878
243426.2752,178738,220,-0.2954,-0.0151,-0.1155,65.2214,-14.2137,-65.1603
243426.2752,178748,220,-0.2639,-0.0984,-0.1174,61.5267,-24.0153,-70.8244
243426.2752,178758,220,-0.2356,-0.1924,-0.0984,58.7786,-32.6107,-75.3740
243426.3913,178768,221,-0.2358,-0.2881,-0.0876,56.7939,-39.8779,-77.7557
243426.3913,178778,221,-0.2561,-0.3950,-0.0654,52.6565,-48.0458,-76.9771
243426.3913,178788,221,-0.2710,-0.4719,-0.0146,49.2824,-57.7863,-72.2137
243426.3913,178798,221,-0.2979,-0.5200,0.0461,46.9924,-67.1450,-63.9847
243426.3913,178808,221,-0.3250,-0.5334,0.0903,46.0458,-75.4809,-54.3817
243426.3913,178818,221,-0.3313,-0.5388,0.1472,47.7863,-81.5267,-46.2290
243426.3913,178828,221,-0.3787,-0.5364,0.1802,50.7176,-82.8855,-41.0229
243426.3913,178838,221,-0.4324,-0.5508,0.1538,48.3359,-85.3435,-38.5802
243426.3913,178848,221,-0.4761,-0.5598,0.1558,41.1603,-91.9084,-37.4656
243426.3913,178858,221,-0.5093,-0.6130,0.1890,31.5725,-97.3130,-37.2061
243426.4000,178868,222,-0.5432,-0.7004,0.1716,25.3740,-100.3053,-37.7557
243426.4000,178878,222,-0.6045,-0.7759,0.1753,23.0229,-104.7481,-36.9771
243426.4000,178888,222,-0.6462,-0.8286,0.2300,20.7786,-112.5649,-32.5802
243426.4000,178898,222,-0.6777,-0.8838,0.3069,17.7099,-119.8015,-26.1985
243426.4000,178908,222,-0.6938,-0.9365,0.3904,14.8702,-124.0153,-18.1069
243426.4000,178918,222,-0.7671,-0.9231,0.4902,12.5954,-125.3893,-7.5725
243426.4000,178928,222,-0.8174,-0.8479,0.6067,9.4504,-125.2061,4.8092
243426.4000,178938,222,-0.8701,-0.7432,0.7021,6.7328,-121.9084,15.5115
243426.4000,178948,222,-0.9211,-0.6108,0.7849,3.8626,-116.9466,21.6336
243426.4000,178958,222,-0.9536,-0.5044,0.8398,-1.9542,-111.2824,22.3817
243426.5147,178968,223,-0.9973,-0.4463,0.8308,-10.8244,-106.2901,17.7863
243426.5147,178978,223,-1.0127,-0.4485,0.7896,-22.1985,-104.9466,10.2137
243426.5147,178988,223,-1.0115,-0.4780,0.7805,-32.7481,-106.1832,3.6183
243426.5147,178998,223,-1.0144,-0.5244,0.8086,-38.2595,-105.6947,-0.3511
243426.5147,179008,223,-1.0312,-0.5635,0.8506,-39.6489,-103.7099,-0.6718
243426.5147,179018,223,-1.0554,-0.5815,0.9016,-39.8931,-99.1756,2.1221
243426.5147,179028,223,-1.0618,-0.5813,0.9365,-40.4275,-95.7252,8.5802
243426.5147,179038,223,-1.0879,-0.5381,0.9741,-39.8626,-90.3206,16.3359
243426.5147,179048,223,-1.1343,-0.4863,1.0059,-38.6565,-83.8473,22.9618
243426.5147,179058,223,-1.1475,-0.4277,1.0364,-38.1527,-79.6489,27.6947
243426.6989,179068,224,-1.1616,-0.3787,1.0754,-39.2824,-75.3588,30.5649
243426.6989,179078,224,-1.1643,-0.3552,1.0815,-40.3359,-69.4809,32.0458
243426.6989,179088,224,-1.1497,-0.3420,1.0557,-40.6412,-63.9237,33.1756
243426.6989,179098,224,-1.0903,-0.3464,1.0376,-41.8626,-61.3130,34.1832
243426.6989,179108,224,-1.0481,-0.3733,1.0225,-44.0763,-57.9847,34.5802
243426.6989,179118,224,-1.0225,-0.3877,1.0120,-46.7023,-53.9237,36.7786
243426.6989,179128,224,-0.9871,-0.3713,1.0376,-48.6260,-49.9847,40.5191
243426.6989,179138,224,-0.9700,-0.3748,1.0398,-50.6870,-43.9695,43.8015
243426.6989,179148,224,-0.9575,-0.3989,0.9968,-51.0687,-36.9160,48.0916
243426.6989,179158,224,-0.9612,-0.4109,0.9634,-46.9924,-31.4351,54.2443
243426.7514,179168,225,-0.9668,-0.3809,0.9954,-39.8473,-28.1679,62.1985
243426.7514,179178,225,-0.9587,-0.3093,1.0435,-35.4046,-25.4198,70.0153
243426.7514,179188,225,-0.9424,-0.2234,1.1060,-35.0076,-20.2748,75.6336
243426.7514,179198,225,-0.9761,-0.1326,1.1321,-35.9542,-12.0763,79.2977
243426.7514,179208,225,-0.9790,-0.0410,1.1428,-37.0992,-6.1832,79.9389
243426.7514,179218,225,-0.9849,0.0303,1.1389,-39.1298,-0.1221,77.6183
243426.7514,179228,225,-0.9822,0.0913,1.1172,-44.3053,4.8244,73.3893
243426.7514,179238,225,-0.9563,0.1265,1.1138,-49.7710,8.6565,67.0992
243426.7514,179248,225,-0.9409,0.1194,1.1057,-53.7557,13.3740,59.8015
243426.7514,179258,225,-0.9165,0.0959,1.0813,-56.0611,18.2443,53.3588
243426.9338,179268,226,-0.9109,0.0935,1.0767,-56.8702,22.8397,49.7863
243426.9338,179278,226,-0.8960,0.0925,1.0791,-59.0382,25.6489,48.4275
243426.9338,179288,226,-0.8789,0.1018,1.1113,-59.1908,28.5496,48.2443
243426.9338,179298,226,-0.8772,0.1375,1.1458,-56.5038,33.2672,47.8779
243426.9338,179308,226,-0.8701,0.1682,1.1697,-54.8550,39.1145,46.6565
243426.9338,179318,226,-0.8665,0.1809,1.1611,-53.6031,45.8473,45.2366
243426.9338,179328,226,-0.8618,0.2000,1.1455,-49.8779,52.0611,44.4122
243426.9338,179338,226,-0.8521,0.2144,1.1306,-45.8626,57.4504,43.7863
243426.9338,179348,226,-0.8315,0.2378,1.1118,-41.7710,62.0305,44.1221
243426.9338,179358,226,-0.8228,0.3000,1.1052,-37.2366,66.3511,45.4351
243427.0523,179368,227,-0.8381,0.4006,1.1143,-33.1603,70.8397,46.2137
243427.0523,179378,227,-0.8845,0.4980,1.1040,-30.3053,74.8702,44.4122
243427.0523,179388,227,-0.9133,0.5825,1.1111,-26.8092,77.6336,38.4275
243427.0523,179398,227,-0.9167,0.6123,1.1099,-23.8168,80.6718,29.1298
243427.0523,179408,227,-0.9011,0.5813,1.0874,-21.7099,84.4275,19.0534
243427.0523,179418,227,-0.8594,0.5220,1.0320,-19.2519,86.5802,11.2214
243427.0523,179428,227,-0.8164,0.4451,0.9749,-15.6794,89.1298,7.0687
243427.0523,179438,227,-0.7856,0.3687,0.9060,-10.2595,92.7023,6.5344
243427.0523,179448,227,-0.7700,0.3181,0.8184,-3.0229,96.4275,9.1756
243427.0523,179458,227,-0.7393,0.3096,0.7766,5.6947,98.5038,13.9237
243427.0630,179468,228,-0.7415,0.3281,0.7415,14.9160,100.1221,18.2290
243427.0630,179478,228,-0.7341,0.3577,0.7239,22.7176,99.8626,20.9160
243427.0630,179488,228,-0.7112,0.3860,0.7017,29.3282,98.9313,21.5420
243427.0630,179498,228,-0.6956,0.4075,0.6692,34.9618,99.7557,19.5420
243427.0630,179508,228,-0.6738,0.4250,0.6353,39.9389,100.3053,15.6031
243427.0630,179518,228,-0.6467,0.4202,0.5979,42.3511,99.2366,9.6489
243427.0630,179528,228,-0.6106,0.3889,0.5645,41.5420,96.5344,2.8092
243427.0630,179538,228,-0.5540,0.3401,0.5310,38.9924,94.1069,-3.2519
243427.0630,179548,228,-0.5205,0.2766,0.4795,38.1221,94.2443,-7.0229
243427.0630,179558,228,-0.4812,0.2341,0.4133,42.3511,93.6183,-8.5496
243427.2320,179568,229,-0.4475,0.2185,0.3555,47.1756,91.2977,-8.7939
243427.2320,179578,229,-0.4272,0.2004,0.2947,50.0763,89.3740,-8.8397
243427.2320,179588,229,-0.4314,0.1960,0.2344,52.8855,88.2748,-9.1908
243427.2320,179598,229,-0.4280,0.1965,0.1685,55.7252,84.6565,-8.9313
243427.2320,179608,229,-0.4153,0.2034,0.1086,59.3435,78.9466,-9.3435
243427.2320,179618,229,-0.4167,0.2224,0.0906,62.3969,73.5420,-11.3435
243427.2320,179628,229,-0.4163,0.2239,0.0693,63.4504,68.4122,-13.9542
243427.2320,179638,229,-0.4075,0.2332,0.0618,65.8321,63.3282,-17.3435
243427.2320,179648,229,-0.4121,0.2322,0.0518,67.8321,58.3969,-21.7252
243427.2320,179658,229,-0.4065,0.2188,0.0376,67.8321,52.0153,-26.3053
243427.2960,179668,230,-0.3882,0.1990,0.0349,67.0229,47.1603,-30.3053
243427.2960,179678,230,-0.4070,0.1765,0.0125,66.9771,45.5573,-34.5649
243427.2960,179688,230,-0.4131,0.1331,-0.0281,66.7481,41.5115,-38.8397
243427.2960,179698,230,-0.4253,0.0942,-0.0730,67.2366,35.8931,-41.6794
243427.2960,179708,230,-0.4097,0.0667,-0.1021,67.7405,27.8015,-43.8168
243427.2960,179718,230,-0.4050,0.0366,-0.1021,70.0458,20.5802,-45.9695
243427.2960,179728,230,-0.3962,0.0049,-0.1208,72.8550,13.8931,-48.3969
243427.2960,179738,230,-0.3967,-0.0503,-0.1506,72.2137,6.3359,-50.5191
243427.2960,179748,230,-0.3831,-0.1038,-0.1445,71.4046,-2.3053,-51.5878
243427.2960,179758,230,-0.3755,-0.1560,-0.1631,70.2137,-10.2137,-51.6031
243427.4136,179768,231,-0.3643,-0.1838,-0.1641,70.7176,-18.9771,-50.6412
243427.4136,179778,231,-0.3394,-0.1809,-0.1023,71.4351,-28.3511,-49.7710
243427.4136,179788,231,-0.3518,-0.2102,-0.0779,68.5191,-35.3893,-50.5649
243427.4136,179798,231,-0.3601,-0.2627,-0.0735,65.3130,-42.7176,-53.5878
243427.4136,179808,231,-0.3538,-0.3103,-0.0115,62.1679,-51.3282,-56.6565
243427.4136,179818,231,-0.3601,-0.3699,0.0383,59.8626,-57.7710,-58.4275
243427.4136,179828,231,-0.3750,-0.4299,0.1008,59.3435,-62.9771,-58.7023
243427.4136,179838,231,-0.3655,-0.4663,0.1707,58.5191,-68.7786,-56.9924
243427.4136,179848,231,-0.3789,-0.5000,0.2095,54.8397,-72.4733,-54.6107
243427.4136,179858,231,-0.3706,-0.5471,0.2175,51.7405,-75.5878,-52.8397
243427.4148,179868,232,-0.4011,-0.5879,0.1895,50.4122,-77.3588,-52.7786
243427.4148,179878,232,-0.4229,-0.6479,0.1487,45.6031,-81.8626,-53.6947
243427.4148,179888,232,-0.4653,-0.7378,0.1226,36.6870,-89.2977,-54.5954
243427.4148,179898,232,-0.5256,-0.8416,0.1506,27.8015,-95.9695,-54.2137
243427.4148,179908,232,-0.5662,-0.9258,0.1912,20.6107,-103.4046,-49.6641
243427.4148,179918,232,-0.6162,-0.9727,0.2385,16.3053,-108.8244,-40.2290
243427.4148,179928,232,-0.6514,-0.9473,0.3069,15.7405,-112.2443,-27.6336
243427.4148,179938,232,-0.6892,-0.8752,0.3967,16.1374,-113.4656,-14.9618
243427.4148,179948,232,-0.7217,-0.7969,0.4790,15.1756,-111.9695,-5.9542
243427.4148,179958,232,-0.7698,-0.7241,0.5227,12.5191,-110.4427,-1.8321
243427.5963,179968,233,-0.8220,-0.6899,0.5349,5.2214,-111.0076,-1.7252
243427.5963,179978,233,-0.8479,-0.7205,0.5449,-3.5573,-113.2977,-4.0916
243427.5963,179988,233,-0.8640,-0.7800,0.5498,-10.5038,-115.3435,-6.2901
243427.5963,179998,233,-0.9126,-0.8381,0.6094,-14.1985,-116.0916,-6.1985
243427.5963,180008,233,-0.9470,-0.8599,0.6958,-17.8779,-115.7710,-1.6183
243427.5963,180018,233,-0.9780,-0.8633,0.7749,-22.8855,-114.3969,6.0153
243427.5963,180028,233,-1.0254,-0.8071,0.8811,-25.1908,-112.2595,15.1603
243427.5963,180038,233,-1.0457,-0.7395,0.9883,-27.7863,-108.5649,23.5878
243427.5963,180048,233,-1.0681,-0.6743,1.0532,-29.3282,-100.8702,29.1756
243427.5963,180058,233,-1.0754,-0.6257,1.0732,-30.2595,-93.8931,31.6641
243427.6602,180068,234,-1.0674,-0.6147,1.0564,-33.9542,-86.8702,32.4885
243427.6602,180078,234,-1.0461,-0.6262,0.9995,-38.9618,-81.0534,33.3740
243427.6602,180088,234,-1.0427,-0.6436,0.9426,-44.4733,-76.2290,35.6031
243427.6602,180098,234,-0.9990,-0.6304,0.9116,-48.3664,-74.0305,40.1527
243427.6602,180108,234,-0.9741,-0.5908,0.9060,-51.0687,-71.8626,45.2061
243427.6602,180118,234,-0.9395,-0.5461,0.8933,-53.2672,-69.9695,50.1985
243427.6602,180128,234,-0.9219,-0.4902,0.8867,-54.3511,-67.9542,54.3206
243427.6602,180138,234,-0.8921,-0.4429,0.9009,-56.3664,-66.3206,57.4656
243427.6602,180148,234,-0.8660,-0.4097,0.9226,-58.5954,-63.3740,59.4962
243427.6602,180158,234,-0.8586,-0.3936,0.9290,-58.5038,-58.5038,60.8244
243427.7139,180168,235,-0.8608,-0.3655,0.9324,-56.8397,-53.4962,62.1374
243427.7139,180178,235,-0.8767,-0.3538,0.9287,-57.5420,-49.3130,64.0611
243427.7139,180188,235,-0.8894,-0.3193,0.9387,-57.4504,-46.2748,66.3969
243427.7139,180198,235,-0.9023,-0.2678,0.9995,-57.1908,-43.2977,68.2137
243427.7139,180208,235,-0.9246,-0.2388,1.0417,-57.8168,-38.7786,68.6565
243427.7139,180218,235,-0.9351,-0.2207,1.0623,-58.0763,-33.5420,68.7176
243427.7139,180228,235,-0.9475,-0.1733,1.0952,-56.2748,-28.8092,69.8626
243427.7139,180238,235,-0.9551,-0.1152,1.1448,-54.6107,-23.1756,69.8321
243427.7139,180248,235,-0.9668,-0.0938,1.1484,-54.6565,-16.6870,67.9389
243427.7139,180258,235,-0.9766,-0.0789,1.1462,-55.8015,-10.5649,65.5573
243427.8334,180268,236,-0.9856,-0.0735,1.1394,-56.1374,-4.7939,63.5115
243427.8334,180278,236,-0.9761,-0.0789,1.1416,-54.8550,1.4809,61.6794
243427.8334,180288,236,-0.9641,-0.0669,1.1619,-53.8473,8.1374,61.5725
243427.8334,180298,236,-0.9675,-0.0322,1.1694,-53.1450,14.8702,62.8702
243427.8334,180308,236,-0.9565,0.0042,1.1946,-50.7939,21.3893,63.4656
243427.8334,180318,236,-0.9653,0.0449,1.2092,-48.2290,28.4580,63.5115
243427.8334,180328,236,-0.9536,0.0923,1.2219,-47.3893,33.5420,63.3588
243427.8334,180338,236,-0.9563,0.1433,1.2310,-45.8473,37.4046,63.0229
243427.8334,180348,236,-0.9597,0.1726,1.2126,-44.4580,40.9618,61.9695
243427.8334,180358,236,-0.9822,0.1802,1.1870,-43.0229,43.9695,60.9771
243427.9571,180368,237,-0.9700,0.1997,1.1943,-38.8702,45.2366,60.8550
243427.9571,180378,237,-0.9578,0.2661,1.2480,-31.5725,48.8244,61.5115
243427.9571,180388,237,-0.9365,0.3523,1.2991,-25.0992,55.0687,61.5420
243427.9571,180398,237,-0.9363,0.4075,1.2874,-21.7252,63.5725,59.2214
243427.9571,180408,237,-0.9285,0.4326,1.2446,-20.0000,71.2977,54.7786
243427.9571,180418,237,-0.9209,0.4546,1.1890,-18.4427,77.8779,50.5802
243427.9571,180428,237,-0.9038,0.4551,1.1440,-15.2519,83.6641,46.4733
243427.9571,180438,237,-0.9004,0.4426,1.0713,-9.6183,89.9847,42.0611
243427.9571,180448,237,-0.8931,0.4258,1.0178,-4.3511,93.9389,38.2595
243427.9571,180458,237,-0.8789,0.4150,0.9824,0.3511,94.9466,35.8779
243428.0139,180468,238,-0.8662,0.4006,0.9590,4.3511,96.3053,34.8244
243428.0139,180478,238,-0.8394,0.4072,0.9412,9.6794,97.9542,35.1298
243428.0139,180488,238,-0.8215,0.4128,0.9285,17.5878,99.6641,34.8244
243428.0139,180498,238,-0.7871,0.4219,0.9150,27.4046,102.1832,33.2366
243428.0139,180508,238,-0.7615,0.4526,0.9031,36.1374,105.0992,30.5802
243428.0139,180518,238,-0.7285,0.4646,0.8691,40.8244,107.5267,26.6107
243428.0139,180528,238,-0.6877,0.4641,0.8269,41.9389,108.9160,21.3282
243428.0139,180538,238,-0.6245,0.4429,0.7937,41.4504,108.9618,15.4046
243428.0139,180548,238,-0.5679,0.4275,0.7454,42.3511,109.9847,9.5115
243428.0139,180558,238,-0.5132,0.3845,0.6804,43.9084,112.2137,3.2672
243428.1931,180568,239,-0.4832,0.3223,0.5715,45.3435,113.7863,-1.9542
243428.1931,180578,239,-0.4324,0.3062,0.5037,46.1374,111.6947,-5.5725
243428.1931,180588,239,-0.3711,0.2917,0.4580,45.7710,110.2443,-7.3130
243428.1931,180598,239,-0.3701,0.2729,0.3779,47.4962,110.7786,-9.1298
243428.1931,180608,239,-0.3823,0.2354,0.2742,50.6870,108.6870,-12.0611
243428.1931,180618,239,-0.3538,0.2424,0.2056,54.8244,102.6412,-13.9695
243428.1931,180628,239,-0.3428,0.2573,0.1719,56.6565,96.9618,-15.0687
243428.1931,180638,239,-0.3271,0.2642,0.1465,59.0076,91.6489,-17.6794
243428.1931,180648,239,-0.3291,0.2871,0.1282,64.9160,87.2672,-22.7176
243428.1931,180658,239,-0.3281,0.2698,0.1067,66.1527,80.9466,-27.6947
243428.1947,180668,240,-0.3162,0.2317,0.0723,64.6107,74.0611,-32.9313
243428.1947,180678,240,-0.3142,0.1819,0.0327,62.8550,68.1679,-37.7252
243428.1947,180688,240,-0.3125,0.1238,-0.0127,62.2595,64.1069,-40.6565
243428.1947,180698,240,-0.3250,0.1140,-0.0229,67.0382,59.8168,-41.8626
243428.1947,180708,240,-0.2983,0.1165,-0.0107,71.1908,51.9695,-43.7252
243428.1947,180718,240,-0.2817,0.0867,-0.0103,71.3435,45.9542,-46.9771
243428.1947,180728,240,-0.2715,0.0620,-0.0188,70.3969,40.6107,-50.8092
243428.1947,180738,240,-0.2654,0.0278,-0.0393,66.9771,34.0916,-54.9466
243428.1947,180748,240,-0.2522,-0.0237,-0.0823,64.6565,25.8931,-58.6412
243428.1947,180758,240,-0.2429,-0.0720,-0.1091,66.3511,17.3588,-61.6489
243428.3235,180768,241,-0.2236,-0.1074,-0.1501,67.6336,8.2290,-63.8015
243428.3235,180778,241,-0.2175,-0.1658,-0.2100,68.7786,1.4351,-64.7634
243428.3235,180788,241,-0.2439,-0.2249,-0.3057,71.8321,-4.0916,-65.2824
243428.3235,180798,241,-0.2646,-0.3171,-0.3784,72.0153,-14.0916,-65.2519
243428.3235,180808,241,-0.3025,-0.3733,-0.3972,72.5496,-25.0840,-62.2748
243428.3235,180818,241,-0.3115,-0.3977,-0.3899,73.1756,-37.1756,-55.2214
243428.3235,180828,241,-0.3394,-0.3804,-0.3591,75.1450,-48.8092,-48.6565
243428.3235,180838,241,-0.3711,-0.3418,-0.3025,77.6489,-58.9771,-44.7634
243428.3235,180848,241,-0.3906,-0.3022,-0.2429,78.5802,-67.8626,-44.2748
243428.3235,180858,241,-0.4385,-0.3081,-0.2104,75.8779,-74.6260,-47.3893
243428.5571,180868,242,-0.4780,-0.3250,-0.1748,71.9237,-83.3282,-52.1679
243428.5571,180878,242,-0.5122,-0.3755,-0.1230,66.6412,-94.8092,-57.6336
243428.5571,180888,242,-0.5210,-0.4351,-0.0310,62.7634,-106.6718,-63.3282
243428.5571,180898,242,-0.5308,-0.5186,0.0400,59.4351,-115.0840,-68.7328
243428.5571,180908,242,-0.5483,-0.6323,0.0991,57.1756,-120.8855,-73.2824
243428.5571,180918,242,-0.5586,-0.7598,0.1606,55.1603,-124.9618,-74.2748
243428.5571,180928,242,-0.5554,-0.8472,0.2419,53.7252,-130.1221,-70.9160
243428.5571,180938,242,-0.5579,-0.9004,0.3618,50.0153,-135.2672,-64.3359
243428.5571,180948,242,-0.5432,-0.9045,0.5215,44.7328,-137.9237,-56.3053
243428.5571,180958,242,-0.5837,-0.9333,0.6052,37.4046,-136.4122,-48.4885
243428.6192,180968,243,-0.6201,-0.9583,0.6536,31.7252,-134.1985,-43.5878
243428.6192,180978,243,-0.6531,-1.0264,0.6619,25.4962,-131.9237,-38.7481
243428.6192,180988,243,-0.6995,-1.1150,0.6262,20.1221,-128.7023,-32.9771
243428.6192,180998,243,-0.7322,-1.1509,0.6736,16.7328,-127.9237,-24.0153
243428.6192,181008,243,-0.7974,-1.1638,0.7437,12.7786,-125.1450,-9.8015
243428.6192,181018,243,-0.8340,-1.1304,0.8276,11.1756,-121.4656,6.6870
243428.6192,181028,243,-0.8679,-1.0183,0.9194,12.0458,-116.8702,21.3130
243428.6192,181038,243,-0.9038,-0.9204,0.9976,10.4885,-109.0382,32.9008
243428.6192,181048,243,-0.9417,-0.8333,1.0046,6.7939,-100.9771,38.8092
243428.6192,181058,243,-0.9692,-0.7947,0.9863,-1.7099,-96.9924,39.8931
243428.6743,181068,244,-0.9580,-0.8005,0.9839,-13.1145,-95.8015,39.3588
243428.6743,181078,244,-0.9575,-0.8440,0.9695,-23.6794,-91.5878,38.7786
243428.6743,181088,244,-0.9751,-0.8650,0.9700,-28.1832,-86.2290,40.9618
243428.6743,181098,244,-0.9673,-0.8354,1.0085,-31.1603,-83.0534,47.7710
243428.6743,181108,244,-0.9731,-0.7754,1.0288,-32.9466,-75.8931,57.5573
243428.6743,181118,244,-0.9656,-0.6970,0.9988,-33.4962,-67.4962,66.3511
243428.6743,181128,244,-0.9980,-0.6016,0.9714,-34.7023,-60.1985,73.4504
243428.6743,181138,244,-1.0007,-0.5049,0.9822,-36.6870,-56.0763,79.1908
243428.6743,181148,244,-1.0015,-0.4170,1.0095,-38.3969,-51.9389,81.8626
243428.6743,181158,244,-0.9888,-0.3647,0.9658,-47.6641,-44.5954,79.5267
243428.7355,181168,245,-0.9888,-0.3647,0.9658,-47.6641,-44.5954,79.5267
243428.7355,181178,245,-0.9697,-0.3652,0.9553,-49.9389,-42.5649,78.4427
243428.7355,181188,245,-0.9680,-0.3425,0.9756,-50.1221,-39.6794,79.7557
243428.7355,181198,245,-0.9688,-0.2854,0.9988,-52.2748,-34.8397,83.0687
243428.7355,181208,245,-0.9634,-0.2212,0.9895,-55.6183,-28.4733,85.7710
243428.7355,181218,245,-0.9836,-0.1440,0.9719,-56.1985,-20.6412,87.2824
243428.7355,181228,245,-0.9890,-0.0645,0.9558,-54.8244,-14.2137,88.2443
243428.7355,181238,245,-1.0200,-0.0068,0.9456,-50.7481,-8.1069,87.8626
243428.7355,181248,245,-1.0393,0.0488,0.9644,-43.0840,-4.0305,85.4504
243428.7355,181258,245,-1.0427,0.1003,1.0149,-37.2366,-1.7405,81.2977
243428.8540,181268,246,-1.0239,0.1309,1.0684,-36.4733,1.4046,76.8244
243428.8540,181278,246,-1.0063,0.1528,1.1042,-37.0992,6.5191,72.0611
243428.8540,181288,246,-0.9844,0.1543,1.1396,-37.9084,12.8855,66.8092
243428.8540,181298,246,-0.9473,0.1089,1.1765,-37.5573,19.2366,61.6947
243428.8540,181308,246,-0.9399,0.0720,1.2009,-35.1603,26.6870,58.2748
243428.8540,181318,246,-0.9233,0.0466,1.2061,-35.7405,32.1985,57.3130
243428.8540,181328,246,-0.9138,0.0117,1.2202,-38.1069,36.7939,58.5038
243428.8540,181338,246,-0.9021,-0.0071,1.2327,-37.7557,41.7557,61.6031
243428.8540,181348,246,-0.8845,0.0608,1.3154,-34.5191,46.5191,66.7481
243428.8540,181358,246,-0.8855,0.1616,1.3936,-32.0153,52.9008,71.5725
243428.9718,181368,247,-0.9036,0.2783,1.3938,-30.6260,61.1145,72.8855
243428.9718,181378,247,-0.9221,0.3401,1.3057,-32.0000,67.1908,69.1145
243428.9718,181388,247,-0.9402,0.3857,1.2041,-33.4962,70.7786,61.3130
243428.9718,181398,247,-0.9424,0.4048,1.1560,-36.2748,70.6565,51.6183
243428.9718,181408,247,-0.9373,0.3728,1.1309,-38.6718,70.4122,41.8626
243428.9718,181418,247,-0.9248,0.2893,1.0862,-38.7328,72.2595,34.6718
243428.9718,181428,247,-0.8948,0.2329,1.0537,-35.5115,73.6947,33.7710
243428.9718,181438,247,-0.8496,0.2456,1.0747,-27.8931,77.1298,38.4733
243428.9718,181448,247,-0.8140,0.3330,1.1133,-17.2977,84.5954,44.8244
243428.9718,181458,247,-0.7822,0.4575,1.1079,-8.5802,93.3893,49.1908
243429.0332,181468,248,-0.7256,0.5789,1.0625,-3.1450,100.4122,49.2977
243429.0332,181478,248,-0.6917,0.6562,0.9705,-2.7786,106.2137,44.7939
243429.0332,181488,248,-0.6436,0.7175,0.8594,-4.4580,108.2290,36.0763
243429.0332,181498,248,-0.6221,0.6772,0.7141,-8.0305,108.3359,23.9695
243429.0332,181508,248,-0.6038,0.5779,0.5696,-9.0840,107.2061,10.7328
243429.0332,181518,248,-0.5808,0.4480,0.4563,-6.5191,103.5573,2.9008
243429.0332,181528,248,-0.5564,0.3611,0.4089,1.9084,98.5496,2.6412
243429.0332,181538,248,-0.5430,0.3306,0.4043,15.6489,94.8397,6.9160
243429.0332,181548,248,-0.5452,0.3428,0.3889,30.9771,92.6565,11.9542
243429.0332,181558,248,-0.5452,0.3752,0.3777,42.0611,89.7710,15.3588
243429.1525,181568,249,-0.5591,0.4160,0.3987,47.4351,86.4733,16.1832
243429.1525,181578,249,-0.5505,0.4197,0.4094,48.2290,84.8550,13.3130
243429.1525,181588,249,-0.5659,0.4009,0.3987,49.4046,85.0382,9.2214
243429.1525,181598,249,-0.5779,0.3933,0.3816,53.0992,83.8168,5.4656
243429.1525,181608,249,-0.5813,0.3918,0.3828,55.9847,81.6183,1.3282
243429.1525,181618,249,-0.5693,0.3652,0.3677,56.8550,79.0382,-4.1527
243429.1525,181628,249,-0.5750,0.3059,0.3394,57.8015,77.6947,-9.7863
243429.1525,181638,249,-0.5808,0.2676,0.3088,60.8550,75.9695,-14.2595
243429.1525,181648,249,-0.5586,0.2024,0.2581,62.3053,72.7328,-16.9771
243429.1525,181658,249,-0.5549,0.1702,0.2197,66.3053,70.5496,-17.6641
243429.2715,181668,250,-0.5498,0.1514,0.1680,69.4809,68.0000,-16.7328
243429.2715,181678,250,-0.5474,0.1572,0.1226,73.0992,64.8550,-15.9695
243429.2715,181688,250,-0.5486,0.1868,0.0940,76.2595,61.1145,-16.2595
243429.2715,181698,250,-0.5452,0.1882,0.0662,77.8779,57.2061,-18.4885
243429.2715,181708,250,-0.5649,0.1619,-0.0015,78.3817,52.3664,-22.3969
243429.2715,181718,250,-0.5623,0.1831,-0.0005,78.0611,44.5649,-27.1603
243429.2715,181728,250,-0.5276,0.1611,0.0288,75.1603,36.3969,-31.7710
243429.2715,181738,250,-0.5105,0.1306,0.0603,74.3359,32.1527,-37.9237
243429.2715,181748,250,-0.4973,0.0833,0.0515,73.2824,29.5267,-43.2977
243429.2715,181758,250,-0.4807,0.0325,0.0483,71.9695,25.5725,-46.7176
243429.3335,181768,251,-0.4646,-0.0142,0.0466,72.6870,21.6641,-48.3969
243429.3335,181778,251,-0.4500,-0.0471,0.0066,73.7099,20.1527,-49.1450
243429.3335,181788,251,-0.4434,-0.0576,-0.0479,74.1221,17.4351,-49.5725
243429.3335,181798,251,-0.4353,-0.0579,-0.1125,73.2214,12.1679,-50.5649
243429.3335,181808,251,-0.4309,-0.0737,-0.1531,71.0229,4.0458,-53.4504
243429.3335,181818,251,-0.4197,-0.1147,-0.1646,67.5878,-5.9847,-57.8015
243429.3335,181828,251,-0.4146,-0.1907,-0.1646,62.5802,-16.1374,-61.6183
243429.3335,181838,251,-0.4023,-0.2546,-0.1575,59.1298,-24.9008,-63.2672
243429.3335,181848,251,-0.3872,-0.3088,-0.1304,59.0076,-32.0763,-62.8244
243429.3335,181858,251,-0.3875,-0.3513,-0.1067,59.7405,-36.6412,-60.6718
243429.5154,181868,252,-0.4119,-0.3582,-0.0981,60.7023,-39.9237,-57.4198
243429.5154,181878,252,-0.4446,-0.3540,-0.1094,60.7023,-45.3435,-54.7939
243429.5154,181888,252,-0.4688,-0.3635,-0.0996,58.2901,-53.7557,-54.4885
243429.5154,181898,252,-0.4829,-0.3987,-0.1003,55.2977,-62.5496,-56.6107
243429.5154,181908,252,-0.4971,-0.4780,-0.1135,50.1527,-69.6489,-60.2290
243429.5154,181918,252,-0.4900,-0.5752,-0.1150,45.0076,-77.9695,-62.4427
243429.5154,181928,252,-0.4578,-0.6729,-0.0911,41.4656,-87.7863,-61.9695
243429.5154,181938,252,-0.4275,-0.7563,-0.0193,38.9313,-96.6107,-58.3053
243429.5154,181948,252,-0.4028,-0.8179,0.0552,37.2977,-102.4122,-51.3893
243429.5154,181958,252,-0.4053,-0.8511,0.1135,37.2824,-106.5649,-42.7634
243429.5804,181968,253,-0.4285,-0.8879,0.1663,35.0840,-109.8931,-34.3359
243429.5804,181978,253,-0.4912,-0.9124,0.2043,31.2824,-112.9924,-25.1908
243429.5804,181988,253,-0.5593,-0.8738,0.2637,26.2748,-119.4198,-14.6565
243429.5804,181998,253,-0.5874,-0.8000,0.3689,21.4504,-126.8702,-4.5954
243429.5804,182008,253,-0.6458,-0.7280,0.4541,18.6565,-129.8321,1.6641
243429.5804,182018,253,-0.7090,-0.6606,0.5242,16.0763,-130.0305,4.6565
243429.5804,182028,253,-0.7556,-0.6106,0.5823,12.3206,-130.0916,5.6183
243429.5804,182038,253,-0.7842,-0.5940,0.6526,6.4580,-129.3282,4.8244
243429.5804,182048,253,-0.8411,-0.5994,0.7312,-0.6870,-126.5191,4.5802
243429.5804,182058,253,-0.8875,-0.5662,0.8044,-6.0305,-122.2443,6.7023
243429.6334,182068,254,-0.9224,-0.5259,0.8306,-9.0076,-117.9084,9.2672
243429.6334,182078,254,-0.9529,-0.4910,0.8225,-10.4122,-112.8702,9.0382
243429.6334,182088,254,-0.9678,-0.4756,0.7881,-13.1298,-108.9313,6.9924
243429.6334,182098,254,-0.9868,-0.4829,0.7625,-18.6718,-107.5878,3.9389
243429.6334,182108,254,-0.9944,-0.5142,0.7773,-24.8550,-109.8931,0.3817
243429.6334,182118,254,-0.9707,-0.5461,0.8560,-30.3206,-114.8397,-1.9389
243429.6334,182128,254,-0.9548,-0.5857,0.9846,-34.9771,-115.1298,-1.1298
243429.6334,182138,254,-0.9836,-0.6223,1.0496,-37.2672,-106.8092,2.7634
243429.6334,182148,254,-1.0217,-0.6367,1.0627,-37.6183,-97.0076,9.5878
243429.6334,182158,254,-1.0574,-0.6155,1.0947,-36.7481,-88.7328,19.3130
243429.6947,182168,255,-1.0752,-0.5471,1.1343,-33.5115,-81.2366,28.8702
243429.6947,182178,255,-1.0828,-0.4924,1.1577,-33.8626,-72.2443,34.9008
243429.6947,182188,255,-1.0791,-0.4775,1.1282,-39.2061,-63.4504,37.9237
243429.6947,182198,255,-1.0420,-0.4858,1.0815,-46.8244,-57.6489,39.4198
243429.6947,182208,255,-1.0295,-0.5283,1.0188,-52.2901,-51.0534,40.9160
243429.6947,182218,255,-1.0098,-0.5681,0.9587,-54.3817,-45.8321,44.5649
243429.6947,182228,255,-0.9897,-0.5691,0.9377,-54.9313,-42.1527,50.8702
243429.6947,182238,255,-0.9858,-0.5430,0.9373,-54.5496,-38.9313,57.7099
243429.6947,182248,255,-0.9768,-0.5127,0.9397,-55.2519,-35.8779,63.7863
243429.6947,182258,255,-0.9783,-0.4844,0.9661,-55.3893,-32.0153,69.2366
243429.8792,182268,0,-0.9795,-0.4404,0.9927,-55.3740,-27.9695,74.3206
243429.8792,182278,0,-0.9846,-0.3594,1.0337,-55.9542,-23.7710,79.4504
243429.8792,182288,0,-0.9810,-0.2593,1.0806,-57.8015,-18.5344,82.4275
243429.8792,182298,0,-0.9773,-0.1755,1.1060,-59.4046,-12.3053,81.1298
243429.8792,182308,0,-0.9519,-0.1243,1.1084,-61.4198,-6.2290,77.1603
243429.8792,182318,0,-0.9617,-0.0881,1.0823,-63.6183,0.0763,71.9847
243429.8792,182328,0,-0.9546,-0.0911,1.0735,-67.3282,2.5496,67.3130
243429.8792,182338,0,-0.9351,-0.1023,1.0913,-69.4656,5.1145,64.5038
243429.8792,182348,0,-0.9448,-0.0889,1.1008,-67.4046,10.9618,64.5954
243429.8792,182358,0,-0.9683,-0.0371,1.1057,-64.9313,16.1069,67.2824
243429.9330,182368,1,-0.9600,0.0273,1.1372,-62.2443,19.5725,70.5344
243429.9330,182378,1,-0.9680,0.1245,1.2007,-57.2519,26.1221,73.1145
243429.9330,182388,1,-0.9585,0.2288,1.2266,-54.6565,33.5878,73.8473
243429.9330,182398,1,-0.9443,0.3030,1.2229,-54.0153,41.6641,71.8779
243429.9330,182408,1,-0.9338,0.3499,1.1895,-52.2443,49.0229,67.0687
243429.9330,182418,1,-0.9275,0.3916,1.1646,-49.1756,54.0916,60.7328
243429.9330,182428,1,-0.9158,0.4009,1.1545,-47.8321,57.1450,53.3435
243429.9330,182438,1,-0.8977,0.3755,1.1387,-47.6183,60.0305,45.9389
243429.9330,182448,1,-0.8840,0.3372,1.1216,-45.2824,63.3893,40.1374
243429.9330,182458,1,-0.8650,0.2876,1.0850,-41.2519,67.3740,36.7481
243430.0527,182468,2,-0.8564,0.2515,1.0559,-35.9847,70.9618,36.7328
243430.0527,182478,2,-0.8391,0.2588,1.0530,-29.4198,73.4656,39.1756
243430.0527,182488,2,-0.8347,0.2949,1.0496,-23.2214,76.7328,42.2290
243430.0527,182498,2,-0.8115,0.3313,1.0457,-18.0153,81.3588,44.8855
243430.0527,182508,2,-0.8340,0.3843,0.9165,-5.8321,92.9618,46.0153
243430.0527,182518,2,-0.8447,0.3992,0.8506,0.6107,94.9008,45.0076
243430.0527,182528,2,-0.8296,0.4033,0.8025,7.4504,96.1069,42.9313
243430.0527,182538,2,-0.8479,0.4155,0.7859,13.7710,98.0611,40.6870
243430.0527,182548,2,-0.8328,0.4172,0.7773,18.6260,97.0076,37.7710
243430.0527,182558,2,-0.8079,0.3904,0.7639,22.3511,96.9771,34.7786
243430.1147,182568,3,-0.7856,0.3914,0.7598,27.1145,98.5496,33.0076
243430.1147,182578,3,-0.7651,0.4070,0.7588,31.7405,101.0687,32.3359
243430.1147,182588,3,-0.7412,0.4287,0.7310,36.0458,103.9695,31.0992
243430.1147,182598,3,-0.7236,0.4595,0.6694,41.2824,106.3817,28.2901
243430.1147,182608,3,-0.6816,0.4675,0.6045,44.9008,106.5649,23.7863
243430.1147,182618,3,-0.6770,0.4460,0.5269,47.4351,107.0534,18.2748
243430.1147,182628,3,-0.6628,0.4333,0.4590,51.6489,106.3053,10.9008
243430.1147,182638,3,-0.6140,0.3958,0.4089,55.0687,102.6107,4.2137
243430.1147,182648,3,-0.5889,0.3347,0.3704,57.1145,98.5344,-0.8244
243430.1147,182658,3,-0.5513,0.2812,0.3530,61.3130,94.6107,-4.4427
243430.2400,182668,4,-0.5176,0.2734,0.3425,67.6489,91.0382,-5.9237
243430.2400,182678,4,-0.5010,0.2732,0.3240,70.9771,87.8168,-6.7328
243430.2400,182688,4,-0.4753,0.2661,0.2861,72.6107,85.3588,-8.9008
243430.2400,182698,4,-0.4636,0.2803,0.2534,74.6107,84.5191,-11.8321
243430.2400,182708,4,-0.4570,0.2729,0.1980,75.0840,82.7634,-15.3282
243430.2400,182718,4,-0.4355,0.2461,0.1458,75.7863,78.4733,-19.6947
243430.2400,182728,4,-0.4321,0.2209,0.0869,76.2748,74.7939,-23.9847
243430.2400,182738,4,-0.4060,0.2029,0.0542,76.1679,70.2137,-27.3130
243430.2400,182748,4,-0.4009,0.1946,0.0359,76.6718,65.8321,-31.2061
243430.2400,182758,4,-0.4014,0.1619,0.0061,76.1374,61.8015,-34.9313
243430.2944,182768,5,-0.3938,0.1335,-0.0293,76.4427,56.5038,-37.6031
243430.2944,182778,5,-0.3694,0.1133,-0.0562,77.7863,49.9389,-39.2824
243430.2944,182788,5,-0.3647,0.0801,-0.0669,79.9237,45.2519,-41.2214
243430.2944,182798,5,-0.3457,0.0754,-0.0818,82.5802,40.1832,-42.4580
243430.2944,182808,5,-0.3494,0.0623,-0.0991,83.2366,35.6183,-43.1145
243430.2944,182818,5,-0.3477,0.0564,-0.1272,85.9695,29.5267,-44.0305
243430.2944,182828,5,-0.3586,0.0762,-0.1353,87.4351,22.1221,-45.4809
243430.2944,182838,5,-0.3621,0.0730,-0.1477,86.2137,14.4580,-48.1374
243430.2944,182848,5,-0.3630,0.0752,-0.1655,83.9695,6.7176,-52.8397
243430.2944,182858,5,-0.3613,0.0417,-0.1589,79.2977,-2.3206,-58.1679
243430.4747,182868,6,-0.3311,-0.0295,-0.1624,75.2824,-11.5420,-63.6183
243430.4747,182878,6,-0.3147,-0.0999,-0.1697,75.8015,-18.4733,-68.3511
243430.4747,182888,6,-0.3110,-0.1907,-0.2056,75.6336,-25.7557,-70.9160
243430.4747,182898,6,-0.3000,-0.2490,-0.2292,75.7405,-34.5802,-69.9084
243430.4747,182908,6,-0.2964,-0.2539,-0.2246,76.1221,-43.5878,-66.1527
243430.4747,182918,6,-0.2896,-0.2847,-0.2063,77.0229,-51.3588,-62.7939
243430.4747,182928,6,-0.3020,-0.2825,-0.2107,80.7176,-58.6565,-61.4198
243430.4747,182938,6,-0.2959,-0.3210,-0.2166,79.2824,-69.3893,-63.1450
243430.4747,182948,6,-0.3254,-0.4436,-0.2305,74.8092,-81.1603,-67.5878
243430.4747,182958,6,-0.3574,-0.6077,-0.2180,71.1145,-94.3206,-71.3588
243430.5911,182968,7,-0.3438,-0.7693,-0.1094,68.5038,-111.6336,-70.5344
243430.5911,182978,7,-0.3374,-0.8967,0.0354,67.7252,-126.2443,-64.3359
243430.5911,182988,7,-0.3079,-0.9497,0.2410,70.5038,-136.6107,-54.9466
243430.5911,182998,7,-0.3313,-0.9773,0.4490,71.2366,-139.8626,-44.5954
243430.5911,183008,7,-0.3689,-0.9934,0.6052,68.6260,-139.6489,-35.4656
243430.5911,183018,7,-0.4043,-1.0278,0.7046,60.3053,-138.8550,-28.7939
243430.5911,183028,7,-0.4724,-1.1272,0.6738,46.3359,-134.4733,-22.0153
243430.5911,183038,7,-0.5271,-1.1853,0.5991,36.0611,-132.3664,-13.5573
243430.5911,183048,7,-0.5732,-1.2302,0.5330,29.5725,-132.7481,-3.5115
243430.5911,183058,7,-0.6208,-1.1897,0.5801,27.5878,-135.4046,6.9160
243430.6537,183068,8,-0.6660,-1.1118,0.6921,21.9237,-141.2366,17.2519
243430.6537,183078,8,-0.6973,-1.0513,0.8372,10.3664,-145.3435,25.4046
243430.6537,183088,8,-0.7544,-1.0186,0.9041,-3.2824,-143.0992,32.0305
243430.6537,183098,8,-0.7788,-0.9670,0.9602,-11.7863,-137.5420,39.1298
243430.6537,183108,8,-0.8796,-0.9067,0.9260,-14.4427,-124.9008,46.8702
243430.6537,183118,8,-0.9460,-0.8342,0.8667,-15.2214,-115.3588,54.7634
243430.6537,183128,8,-1.0132,-0.7036,0.8391,-17.7252,-111.9084,61.4351
243430.6537,183138,8,-1.0500,-0.5854,0.8574,-24.7328,-110.5649,64.8702
243430.6537,183148,8,-1.0586,-0.5271,0.8374,-33.4962,-111.1756,62.4275
243430.6537,183158,8,-1.0691,-0.5134,0.7974,-42.5496,-111.9695,56.1069
243430.7761,183168,9,-1.0754,-0.5852,0.7451,-52.7939,-114.5344,50.4885
243430.7761,183178,9,-1.0437,-0.6758,0.7332,-59.3893,-120.0305,47.0840
243430.7761,183188,9,-1.0210,-0.7771,0.7856,-64.4733,-125.4656,49.2214
243430.7761,183198,9,-1.0298,-0.8096,0.9006,-63.1145,-126.0458,58.9924
243430.7761,183208,9,-1.0449,-0.7332,1.0139,-57.5115,-120.0611,74.7634
243430.7761,183218,9,-1.0957,-0.6089,1.0762,-48.5344,-106.4580,91.7099
243430.7761,183228,9,-1.1377,-0.4255,1.1404,-37.9389,-94.4275,104.2595
243430.7761,183238,9,-1.1599,-0.2383,1.1804,-32.3817,-82.3359,110.6565
243430.7761,183248,9,-1.1865,-0.1057,1.2153,-33.1298,-71.6031,107.7405
243430.7761,183258,9,-1.1841,-0.0789,1.2451,-39.9695,-65.1756,98.4122
243430.8937,183268,10,-1.1531,-0.1147,1.2729,-48.2748,-60.3053,87.7099
243430.8937,183278,10,-1.1152,-0.1611,1.2971,-54.5344,-54.1679,79.8473
243430.8937,183288,10,-1.0596,-0.1973,1.3679,-57.1145,-46.5191,75.6947
243430.8937,183298,10,-1.0500,-0.1870,1.4111,-58.5191,-35.1298,75.9237
243430.8937,183308,10,-1.0264,-0.1267,1.4194,-60.0611,-22.6718,78.4580
243430.8937,183318,10,-1.0066,-0.0483,1.4336,-60.9313,-9.6031,78.4733
243430.8937,183328,10,-0.9763,0.0095,1.4233,-62.4580,4.3206,75.4351
243430.8937,183338,10,-0.9597,0.0491,1.3484,-64.9008,18.7023,69.9389
243430.8937,183348,10,-0.9275,0.0798,1.2830,-68.1069,28.4580,63.4198
243430.8937,183358,10,-0.9084,0.0901,1.2307,-71.8779,33.7557,57.0382
243430.9014,183368,11,-0.8926,0.0825,1.1926,-76.2443,35.3740,51.8931
243430.9014,183378,11,-0.8757,0.1128,1.2190,-77.4046,37.5573,48.5954
243430.9014,183388,11,-0.8745,0.1331,1.2561,-78.6260,41.0992,45.8321
243430.9014,183398,11,-0.8574,0.1516,1.2812,-78.1679,45.5573,43.5573
243430.9014,183408,11,-0.8293,0.1819,1.3096,-76.7328,51.4351,42.5038
243430.9014,183418,11,-0.8315,0.2139,1.3093,-74.3511,59.2214,42.1069
243430.9014,183428,11,-0.8052,0.2478,1.2966,-69.3435,65.8779,41.6336
243430.9014,183438,11,-0.7983,0.2988,1.3018,-62.6412,74.1832,40.5954
243430.9014,183448,11,-0.7966,0.3159,1.2583,-59.7252,81.1145,38.7939
243430.9014,183458,11,-0.7852,0.3228,1.2148,-58.6718,85.6031,37.0992
243431.0764,183468,12,-0.7920,0.3406,1.1814,-55.8015,89.1145,37.4351
243431.0764,183478,12,-0.8076,0.3667,1.1345,-50.5191,91.4962,39.8168
243431.0764,183488,12,-0.7959,0.4172,1.1331,-41.7557,93.0229,41.7405
243431.0764,183498,12,-0.8154,0.4629,1.1370,-33.1603,97.4809,40.9618
243431.0764,183508,12,-0.8259,0.4622,1.0979,-28.2595,101.4962,38.7939
243431.0764,183518,12,-0.8276,0.4512,1.0400,-23.7863,103.6641,36.7176
243431.0764,183528,12,-0.8298,0.4338,0.9985,-18.4885,104.6870,35.6183
243431.0764,183538,12,-0.8259,0.4390,0.9607,-10.9924,104.5954,35.2977
243431.0764,183548,12,-0.8081,0.4460,0.9229,-2.5496,105.0534,35.7252
243431.0764,183558,12,-0.7903,0.4714,0.8838,6.7634,106.0000,36.2137
243431.1930,183568,13,-0.7542,0.4932,0.8660,15.2061,107.7099,35.9389
243431.1930,183578,13,-0.7473,0.5132,0.8240,24.0305,114.2595,33.9847
243431.1930,183588,13,-0.7566,0.5195,0.7256,31.0687,120.1985,30.0458
243431.1930,183598,13,-0.7073,0.5022,0.6760,35.6336,119.7099,24.2595
243431.1930,183608,13,-0.6753,0.4578,0.6584,41.8626,121.5267,17.7252
243431.1930,183618,13,-0.6487,0.4167,0.5776,47.0229,123.8473,11.2519
243431.1930,183628,13,-0.6172,0.3740,0.5203,49.6794,121.1450,5.6794
243431.1930,183638,13,-0.5542,0.3176,0.5242,51.8473,115.4198,1.1145
243431.1930,183648,13,-0.4971,0.2651,0.5037,53.3740,112.8397,-1.6489
243431.1930,183658,13,-0.4648,0.2183,0.4338,55.6947,111.8168,-2.3969
243431.1996,183668,14,-0.4404,0.2095,0.3889,60.6260,109.3740,-1.7099
243431.1996,183678,14,-0.4170,0.2195,0.3638,65.2366,106.0458,-0.3053
243431.1996,183688,14,-0.3787,0.2310,0.3223,67.8168,103.5725,0.3053
243431.1996,183698,14,-0.3567,0.2275,0.2522,70.1679,102.2595,-0.2137
243431.1996,183708,14,-0.3472,0.2468,0.1821,74.1221,100.6412,-1.8015
243431.1996,183718,14,-0.3477,0.2310,0.0776,73.7252,98.2137,-3.0229
243431.1996,183728,14,-0.3406,0.2690,0.0083,77.6489,94.6870,-6.2443
243431.1996,183738,14,-0.3501,0.2822,-0.0269,80.3359,89.3130,-11.2672
243431.1996,183748,14,-0.3474,0.2766,-0.0403,80.2901,81.4656,-17.8168
243431.1996,183758,14,-0.3323,0.2341,-0.0652,78.9466,74.2137,-24.8397
243431.3729,183768,15,-0.3298,0.1733,-0.1086,77.4962,68.0153,-30.9771
243431.3729,183778,15,-0.3337,0.1096,-0.1692,76.2595,60.0916,-34.5496
243431.3729,183788,15,-0.3284,0.0669,-0.2046,78.2901,50.9924,-35.9542
243431.3729,183798,15,-0.3142,0.0354,-0.2251,82.1374,42.0458,-36.5344
243431.3729,183808,15,-0.3188,0.0110,-0.2715,84.9160,33.5878,-37.0076
243431.3729,183818,15,-0.3103,0.0059,-0.2749,87.6947,23.2824,-37.4046
243431.3729,183828,15,-0.3015,0.0068,-0.2603,89.3588,12.5802,-39.2519
243431.3729,183838,15,-0.3103,-0.0171,-0.2612,88.7023,2.1069,-42.5038
243431.3729,183848,15,-0.3125,-0.0488,-0.2363,86.4885,-9.9542,-46.3359
243431.3729,183858,15,-0.2913,-0.1091,-0.1858,80.7634,-22.9618,-49.8931
243431.4996,183868,16,-0.2732,-0.1809,-0.1353,74.9771,-32.5496,-52.3359
243431.4996,183878,16,-0.2874,-0.2610,-0.1492,73.1298,-37.7557,-53.4656
243431.4996,183888,16,-0.3079,-0.3169,-0.1602,74.6565,-43.8015,-52.3206
243431.4996,183898,16,-0.3376,-0.3464,-0.1526,74.2748,-51.7863,-48.7939
243431.4996,183908,16,-0.3633,-0.3574,-0.1309,72.7328,-60.2748,-44.4122
243431.4996,183918,16,-0.4021,-0.2949,-0.0442,74.7786,-67.5420,-41.7252
243431.4996,183928,16,-0.4521,-0.2651,0.0134,72.7786,-72.3206,-42.6870
243431.4996,183938,16,-0.4995,-0.2427,0.0327,67.8779,-77.2366,-47.3282
243431.4996,183948,16,-0.5154,-0.2632,0.0671,60.4733,-82.9771,-54.3511
243431.4996,183958,16,-0.5369,-0.3394,0.0510,53.4809,-87.5115,-62.5038
243431.5520,183968,17,-0.5464,-0.4666,0.0173,48.0763,-92.4885,-70.5496
243431.5520,183978,17,-0.5427,-0.6001,0.0405,45.3588,-98.7786,-75.8321
243431.5520,183988,17,-0.5562,-0.7412,0.1011,43.3740,-105.6641,-77.0534
243431.5520,183998,17,-0.5532,-0.8513,0.1970,41.0076,-111.0534,-73.4198
243431.5520,184008,17,-0.5425,-0.9121,0.3198,39.5573,-113.6031,-65.0992
243431.5520,184018,17,-0.5872,-0.9592,0.3569,37.3435,-113.1450,-53.5725
243431.5520,184028,17,-0.6201,-0.9673,0.3870,37.0687,-115.0382,-41.8931
243431.5520,184038,17,-0.6511,-0.9202,0.4604,38.2137,-117.9695,-32.4122
243431.5520,184048,17,-0.6672,-0.9136,0.5347,33.4351,-120.1221,-26.1679
243431.5520,184058,17,-0.7146,-0.9502,0.5830,24.8855,-120.4580,-23.5267
243431.6134,184068,18,-0.7388,-1.0269,0.6067,13.9389,-121.8015,-20.4580
243431.6134,184078,18,-0.7585,-1.0688,0.7073,4.7939,-122.3664,-13.8015
243431.6134,184088,18,-0.8372,-1.0337,0.8169,0.6260,-116.5496,-2.5802
243431.6134,184098,18,-0.8867,-0.9182,0.9150,-1.0534,-108.2901,10.4122
243431.6134,184108,18,-0.9438,-0.7615,1.0120,-2.0153,-97.8168,20.7634
243431.6134,184118,18,-0.9985,-0.6182,1.0276,-5.8626,-85.5573,25.1298
243431.6134,184128,18,-1.0234,-0.5320,0.9626,-15.2672,-76.9618,22.6260
243431.6134,184138,18,-1.0010,-0.5095,0.8928,-26.6565,-74.0611,15.5115
243431.6134,184148,18,-0.9736,-0.5559,0.8037,-35.9847,-72.9313,6.3359
243431.6134,184158,18,-0.9524,-0.6350,0.6958,-40.9008,-72.2443,-0.7023
243431.7995,184168,19,-0.9668,-0.6973,0.6606,-43.2824,-74.3817,-2.5496
243431.7995,184178,19,-0.9746,-0.7546,0.6567,-45.2519,-76.7176,1.3588
243431.7995,184188,19,-0.9910,-0.7515,0.6921,-44.4427,-76.8855,9.9084
243431.7995,184198,19,-1.0300,-0.7014,0.7322,-43.0534,-73.3740,21.2214
243431.7995,184208,19,-1.0640,-0.6392,0.7451,-41.2214,-67.8931,31.8779
243431.7995,184218,19,-1.0913,-0.5630,0.7593,-38.7023,-63.1298,39.9237
243431.7995,184228,19,-1.1270,-0.4917,0.7864,-38.8855,-59.3435,45.4656
243431.7995,184238,19,-1.1328,-0.4358,0.8108,-41.8626,-57.1298,48.4580
243431.7995,184248,19,-1.1345,-0.3933,0.8247,-46.3511,-55.5573,49.2214
243431.7995,184258,19,-1.1301,-0.3713,0.8721,-51.6183,-55.0076,48.7176
243431.8521,184268,20,-1.1077,-0.3838,0.9270,-56.0916,-54.4733,46.9618
243431.8521,184278,20,-1.0762,-0.4104,0.9880,-59.2824,-52.0611,45.1756
243431.8521,184288,20,-1.0474,-0.4490,1.0271,-61.1756,-46.8855,44.8855
243431.8521,184298,20,-1.0317,-0.4480,1.0466,-60.6870,-39.5420,46.8855
243431.8521,184308,20,-1.0098,-0.4368,1.0496,-61.6947,-32.9466,49.8321
243431.8521,184318,20,-0.9832,-0.4446,1.0261,-64.3053,-26.8092,52.0611
243431.8521,184328,20,-0.9675,-0.4294,0.9963,-65.5267,-20.3817,54.3969
243431.8521,184338,20,-0.9629,-0.4111,0.9744,-68.4122,-16.3664,56.9008
243431.8521,184348,20,-0.9412,-0.3831,0.9822,-69.7405,-14.7939,59.0534
243431.8521,184358,20,-0.9604,-0.3557,1.0149,-68.7023,-11.7405,60.7481
243431.9139,184368,21,-0.9856,-0.2996,1.0781,-67.2366,-8.5038,62.6412
243431.9139,184378,21,-1.0188,-0.2366,1.1316,-67.4809,-3.9389,64.6412
243431.9139,184388,21,-1.0417,-0.1726,1.1570,-68.3053,0.7786,65.8626
243431.9139,184398,21,-1.0461,-0.1157,1.1829,-68.3969,5.5420,66.2290
243431.9139,184408,21,-1.0745,-0.0425,1.2063,-66.7481,13.8779,65.6183
243431.9139,184418,21,-1.0684,0.0120,1.1953,-67.3130,20.9771,64.0763
243431.9139,184428,21,-1.0522,0.0420,1.1726,-67.1908,27.8931,61.8779
243431.9139,184438,21,-1.0715,0.1006,1.1689,-64.7786,35.3588,59.8168
243431.9139,184448,21,-1.0503,0.1628,1.1819,-64.1832,38.2595,57.7099
243431.9139,184458,21,-1.0122,0.1965,1.1904,-63.0382,42.6870,53.7557
243432.0333,184468,22,-1.0149,0.2361,1.1882,-59.6183,51.1756,49.6183
243432.0333,184478,22,-0.9917,0.2576,1.1692,-59.5725,56.2137,46.0611
243432.0333,184488,22,-0.9534,0.2478,1.1384,-59.8473,61.1908,43.2672
243432.0333,184498,22,-0.9294,0.2559,1.1018,-55.3588,66.7634,41.3893
243432.0333,184508,22,-0.8926,0.2336,1.0459,-51.0687,71.4809,40.3206
243432.0333,184518,22,-0.8696,0.2229,0.9780,-44.2137,76.1527,40.5954
243432.0333,184528,22,-0.8384,0.2334,0.9255,-37.2519,79.9695,42.5191
243432.0333,184538,22,-0.8406,0.2285,0.8691,-30.6565,83.9237,45.4198
243432.0333,184548,22,-0.8418,0.2527,0.8301,-21.8473,86.0000,48.0763
243432.0333,184558,22,-0.8208,0.3103,0.8257,-14.0611,88.4885,51.2824
243432.1511,184568,23,-0.8501,0.3735,0.7854,-6.9313,92.7786,53.7710
243432.1511,184578,23,-0.8281,0.4319,0.7571,-0.5802,93.8321,52.7176
243432.1511,184588,23,-0.8245,0.4536,0.7192,4.6107,94.9924,49.1908
243432.1511,184598,23,-0.8042,0.4668,0.7009,9.7710,95.7863,43.5420
243432.1511,184608,23,-0.7964,0.4543,0.6624,13.6183,96.5191,37.7863
243432.1511,184618,23,-0.7830,0.4351,0.6365,17.8931,95.9542,32.7939
243432.1511,184628,23,-0.7576,0.4053,0.6011,21.9389,95.4198,29.4198
243432.1511,184638,23,-0.7344,0.3792,0.5562,26.8397,95.9389,27.9695
243432.1511,184648,23,-0.7085,0.3794,0.5320,34.8550,96.1374,27.9847
243432.1511,184658,23,-0.6731,0.3872,0.5024,43.3435,96.1679,27.4198
243432.2725,184668,24,-0.6404,0.3979,0.4568,51.0229,96.9618,25.5573
243432.2725,184678,24,-0.6062,0.3735,0.4053,56.2137,97.9695,22.7481
243432.2725,184688,24,-0.5896,0.3723,0.3677,62.5649,98.4733,19.9695
243432.2725,184698,24,-0.5684,0.3789,0.3308,67.8168,96.6718,16.4427
243432.2725,184708,24,-0.5273,0.3740,0.2920,69.9695,93.0076,11.3130
243432.2725,184718,24,-0.5032,0.3447,0.2395,70.0153,91.1145,6.7939
243432.2725,184728,24,-0.4934,0.3411,0.1936,73.7557,88.9313,1.8626
243432.2725,184738,24,-0.4719,0.3105,0.1423,76.6565,83.4656,-4.0458
243432.2725,184748,24,-0.4465,0.2705,0.1006,78.8550,77.3435,-10.1069
243432.2725,184758,24,-0.4316,0.2046,0.0591,78.3969,71.7863,-14.9618
243432.3951,184768,25,-0.4277,0.1409,0.0144,78.5802,66.9160,-18.1374
243432.3951,184778,25,-0.4233,0.1140,-0.0349,80.6565,60.7634,-19.5115
243432.3951,184788,25,-0.4319,0.1121,-0.0627,82.2748,53.4198,-20.1221
243432.3951,184798,25,-0.4187,0.1423,-0.0364,83.5420,44.8397,-21.3435
243432.3951,184808,25,-0.4077,0.1113,-0.0366,82.2290,39.4351,-24.9313
243432.3951,184818,25,-0.4229,0.0940,-0.0510,85.1603,36.9008,-29.5573
243432.3951,184828,25,-0.4333,0.0405,-0.1086,84.8855,32.0763,-33.3435
243432.3951,184838,25,-0.4331,0.0110,-0.1282,83.2366,23.7557,-35.3130
243432.3951,184848,25,-0.4185,-0.0085,-0.1145,84.2137,13.8321,-37.0076
243432.3951,184858,25,-0.4004,-0.0193,-0.0667,85.1603,5.4504,-39.8015
243432.4604,184868,26,-0.3931,-0.0542,-0.0195,84.9008,0.3053,-43.3588
243432.4604,184878,26,-0.3948,-0.1055,-0.0244,84.6260,-2.4885,-46.5802
243432.4604,184888,26,-0.3799,-0.1638,-0.0508,82.9771,-6.7176,-48.6718
243432.4604,184898,26,-0.3511,-0.1985,-0.0474,82.1832,-12.6260,-49.2061
243432.4604,184908,26,-0.3389,-0.2271,-0.0525,82.0916,-18.5649,-49.4198
243432.4604,184918,26,-0.3376,-0.2554,-0.0618,80.7786,-25.0840,-49.9389
243432.4604,184928,26,-0.3579,-0.2817,-0.0767,77.8779,-32.0763,-50.6260
243432.4604,184938,26,-0.3770,-0.3225,-0.1140,74.1221,-39.6489,-50.9771
243432.4604,184948,26,-0.3955,-0.3594,-0.1338,71.2061,-47.8626,-51.8015
243432.4604,184958,26,-0.4097,-0.4065,-0.1213,68.1985,-56.1985,-52.6565
243432.5129,184968,27,-0.4304,-0.4680,-0.1116,65.3588,-63.9847,-53.1603
243432.5129,184978,27,-0.4539,-0.5330,-0.0894,63.2214,-71.8321,-52.9466
243432.5129,184988,27,-0.4636,-0.5767,-0.0208,62.1832,-80.1679,-51.4046
243432.5129,184998,27,-0.4851,-0.6184,0.0652,59.7099,-86.6107,-48.9160
243432.5129,185008,27,-0.4971,-0.6306,0.1653,57.3435,-90.8550,-45.3740
243432.5129,185018,27,-0.5198,-0.6353,0.2295,54.1679,-93.5725,-42.1679
243432.5129,185028,27,-0.5327,-0.6714,0.2461,50.0458,-94.3359,-40.9008
243432.5129,185038,27,-0.5610,-0.7449,0.2170,46.6412,-94.4275,-41.1145
243432.5129,185048,27,-0.5669,-0.8550,0.1914,41.6641,-96.8855,-40.9466
243432.5129,185058,27,-0.6118,-0.9268,0.2273,35.9542,-99.3435,-36.4733
243432.6949,185068,28,-0.6528,-0.9534,0.2930,30.9618,-104.5344,-27.5115
243432.6949,185078,28,-0.6960,-0.9199,0.3823,29.1450,-107.5725,-16.7634
243432.6949,185088,28,-0.7742,-0.8464,0.4590,27.9084,-108.2595,-6.9008
243432.6949,185098,28,-0.8271,-0.7634,0.5349,25.4504,-109.7863,-0.4122
243432.6949,185108,28,-0.8547,-0.6973,0.6089,21.0992,-110.1679,1.4046
243432.6949,185118,28,-0.8882,-0.6743,0.6780,13.4504,-107.7710,0.1679
243432.6949,185128,28,-0.9268,-0.6711,0.6995,4.8702,-103.8321,-1.8473
243432.6949,185138,28,-0.9260,-0.6694,0.7119,-3.4351,-101.2214,-3.2519
243432.6949,185148,28,-0.9307,-0.6643,0.7349,-9.5420,-97.7405,-4.7328
243432.6949,185158,28,-0.9236,-0.6711,0.7395,-15.2977,-96.4427,-6.0763
243432.7581,185168,29,-0.9561,-0.6880,0.7214,-20.5496,-93.2977,-7.4046
243432.7581,185178,29,-0.9565,-0.7214,0.7083,-26.1374,-91.6947,-7.9084
243432.7581,185188,29,-0.9568,-0.7588,0.7021,-31.3435,-91.1450,-6.3206
243432.7581,185198,29,-0.9648,-0.7759,0.7380,-34.2901,-90.1069,-2.2901
243432.7581,185208,29,-0.9766,-0.7659,0.7642,-34.6565,-87.0992,4.2443
243432.7581,185218,29,-0.9697,-0.7136,0.8054,-34.4122,-84.0763,11.6336
243432.7581,185228,29,-0.9600,-0.6494,0.8577,-36.5954,-79.8931,17.2824
243432.7581,185238,29,-0.9558,-0.5925,0.8813,-40.0916,-73.8626,20.1374
243432.7581,185248,29,-0.9231,-0.5808,0.8657,-46.4733,-70.2443,20.3969
243432.7581,185258,29,-0.8713,-0.5996,0.8440,-51.9237,-67.8931,19.3588
243432.8137,185268,30,-0.8450,-0.6404,0.7998,-57.5878,-65.0687,20.0458
243432.8137,185278,30,-0.8252,-0.6450,0.7717,-60.2748,-63.4656,23.7252
243432.8137,185288,30,-0.8164,-0.6594,0.7708,-61.4198,-61.5420,28.2595
243432.8137,185298,30,-0.8359,-0.6887,0.7141,-62.0763,-57.3893,34.1069
243432.8137,185308,30,-0.8684,-0.6619,0.6855,-60.1527,-54.8550,42.9466
243432.8137,185318,30,-0.9077,-0.5891,0.7153,-57.3130,-54.1527,53.0687
243432.8137,185328,30,-0.9568,-0.4775,0.7703,-54.8550,-52.4427,60.9313
243432.8137,185338,30,-1.0120,-0.3821,0.7971,-54.0000,-49.4656,64.2748
243432.8137,185348,30,-1.0764,-0.3191,0.8188,-55.8473,-47.4656,64.0611
243432.8137,185358,30,-1.1174,-0.2761,0.8865,-57.6641,-48.0458,61.3893
243432.9936,185368,31,-1.1147,-0.2966,0.9890,-59.0992,-48.4580,57.6641
243432.9936,185378,31,-1.1033,-0.3159,1.0793,-57.7710,-44.9618,54.9466
243432.9936,185388,31,-1.0933,-0.3210,1.1428,-57.0076,-38.7328,54.4580
243432.9936,185398,31,-1.0615,-0.3044,1.1995,-57.3130,-31.6031,55.2061
243432.9936,185408,31,-1.0386,-0.2925,1.1963,-58.4122,-22.7176,55.1756
243432.9936,185418,31,-1.0144,-0.2856,1.1714,-61.2061,-14.9008,54.8397
243432.9936,185428,31,-0.9822,-0.2839,1.1509,-64.2595,-8.6107,54.7634
243432.9936,185438,31,-0.9500,-0.3022,1.1125,-67.0229,-3.2214,55.1603
243432.9936,185448,31,-0.9353,-0.3020,1.0886,-67.5420,1.3130,57.4198
243432.9936,185458,31,-0.9216,-0.2661,1.1016,-65.9695,4.9313,61.4351
243433.0575,185468,32,-0.9270,-0.1980,1.1394,-64.6565,9.6183,65.6947
243433.0575,185478,32,-0.9634,-0.1143,1.1638,-62.6412,15.9542,69.4198
243433.0575,185488,32,-0.9832,-0.0208,1.1667,-59.0687,22.0000,71.1756
243433.0575,185498,32,-0.9954,0.0686,1.1680,-55.6794,27.8321,70.7176
243433.0575,185508,32,-1.0166,0.1306,1.1621,-52.9466,35.3130,68.1069
243433.0575,185518,32,-1.0300,0.1445,1.1047,-52.1221,42.1374,63.5725
243433.0575,185528,32,-1.0579,0.1328,1.0393,-51.2214,47.1756,59.7710
243433.0575,185538,32,-1.0637,0.1250,1.0166,-49.0076,48.9160,58.2748
243433.0575,185548,32,-1.0623,0.1299,1.0498,-45.9847,50.1374,60.0611
243433.0575,185558,32,-1.0334,0.2070,1.1375,-37.9389,53.6336,65.0687
243433.1216,185568,33,-1.0317,0.3245,1.2234,-26.0153,60.6718,68.9466
243433.1216,185578,33,-1.0159,0.4407,1.2717,-18.3664,67.8626,69.6336
243433.1216,185588,33,-0.9868,0.5217,1.2527,-15.8626,74.7939,65.0382
243433.1216,185598,33,-0.9668,0.5469,1.2087,-15.7099,82.7786,55.2977
243433.1216,185608,33,-0.9304,0.4980,1.1433,-15.6489,91.0382,43.9237
243433.1216,185618,33,-0.9041,0.4497,1.0627,-13.8473,98.0611,35.6336
243433.1216,185628,33,-0.8660,0.4128,0.9910,-11.2061,101.3893,30.9771
243433.1216,185638,33,-0.8081,0.3870,0.9395,-7.3893,103.1145,28.6412
243433.1216,185648,33,-0.7800,0.3359,0.8770,-2.0458,107.6031,27.3588
243433.1216,185658,33,-0.7283,0.3250,0.8303,5.9389,110.1527,27.4962
243433.2951,185668,34,-0.6782,0.3474,0.7969,11.9237,111.1756,28.3969
243433.2951,185678,34,-0.6460,0.3374,0.7527,16.5038,112.7023,28.3969
243433.2951,185688,34,-0.5957,0.3506,0.6904,23.7710,113.0687,27.0687
243433.2951,185698,34,-0.5730,0.3535,0.6243,28.2748,113.1298,24.9313
243433.2951,185708,34,-0.5422,0.3687,0.5679,31.1603,111.5115,22.1374
243433.2951,185718,34,-0.4968,0.3643,0.5103,32.6870,109.4656,18.5496
243433.2951,185728,34,-0.4602,0.3362,0.4392,34.5496,109.0840,14.5954
243433.2951,185738,34,-0.4390,0.3044,0.3589,38.0153,108.7176,11.0992
243433.2951,185748,34,-0.4124,0.2710,0.2827,41.9084,105.9695,8.7786
243433.2951,185758,34,-0.4019,0.2556,0.2122,46.9466,103.0229,7.1603
243433.4186,185768,35,-0.3958,0.2507,0.1433,51.9237,98.6718,6.3053
243433.4186,185778,35,-0.3726,0.2571,0.0918,56.9313,93.7252,5.2977
243433.4186,185788,35,-0.4014,0.2573,0.0269,61.6489,90.3511,4.0763
243433.4186,185798,35,-0.3977,0.3064,0.0073,67.5725,85.7863,0.8855
243433.4186,185808,35,-0.4060,0.3301,-0.0073,72.3817,79.9237,-4.5802
243433.4186,185818,35,-0.4341,0.3044,-0.0669,72.6718,73.8321,-12.1832
243433.4186,185828,35,-0.4341,0.2415,-0.1138,70.9771,66.2748,-21.3893
243433.4186,185838,35,-0.4304,0.1746,-0.1343,71.5573,56.1069,-28.9466
243433.4186,185848,35,-0.4124,0.1328,-0.0876,73.0382,45.9847,-33.1145
243433.4186,185858,35,-0.4045,0.0886,-0.0605,75.4351,41.3130,-34.8244
243433.4724,185868,36,-0.4146,0.0317,-0.0776,79.8473,38.7176,-34.6107
243433.4724,185878,36,-0.4353,0.0442,-0.0986,86.6565,34.0458,-33.5115
243433.4724,185888,36,-0.4290,0.0674,-0.0820,89.7863,28.5191,-33.5878
243433.4724,185898,36,-0.4402,0.0779,-0.1040,90.5802,24.0611,-37.2214
243433.4724,185908,36,-0.4355,0.0559,-0.1333,89.0076,17.3893,-43.8321
243433.4724,185918,36,-0.4241,0.0027,-0.1277,86.6412,9.4046,-50.7634
243433.4724,185928,36,-0.3945,-0.0691,-0.1121,84.9466,1.0840,-57.0840
243433.4724,185938,36,-0.3877,-0.1545,-0.1016,83.8015,-6.2443,-62.0763
243433.4724,185948,36,-0.3843,-0.2500,-0.0964,83.0687,-13.5115,-65.2366
243433.4724,185958,36,-0.3916,-0.3323,-0.0752,83.0229,-20.1069,-65.6489
243433.5333,185968,37,-0.3950,-0.4114,-0.0386,81.6641,-25.2519,-64.0305
243433.5333,185978,37,-0.4312,-0.4841,-0.0537,78.4885,-27.0534,-61.1450
243433.5333,185988,37,-0.4575,-0.5325,-0.0620,75.3893,-32.2595,-56.2595
243433.5333,185998,37,-0.4802,-0.5659,-0.0447,71.9847,-40.7328,-49.5267
243433.5333,186008,37,-0.4917,-0.5564,0.0051,71.3435,-49.0840,-42.9924
243433.5333,186018,37,-0.5154,-0.5371,0.0437,70.7481,-55.9237,-38.9924
243433.5333,186028,37,-0.5259,-0.5234,0.0869,67.6031,-61.8168,-37.4656
243433.5333,186038,37,-0.5413,-0.5071,0.1440,64.3511,-67.0992,-37.5267
243433.5333,186048,37,-0.5591,-0.5081,0.1968,60.0458,-70.7786,-39.6794
243433.5333,186058,37,-0.5686,-0.5369,0.2285,53.9389,-73.2214,-42.6412
243433.6551,186068,38,-0.5684,-0.5920,0.2246,47.3740,-74.9313,-45.6336
243433.6551,186078,38,-0.5840,-0.6726,0.1792,41.2519,-75.2061,-48.7176
243433.6551,186088,38,-0.5740,-0.7815,0.1404,34.9160,-78.6260,-49.8168
243433.6551,186098,38,-0.5798,-0.8711,0.1187,29.9695,-83.4351,-47.1450
243433.6551,186108,38,-0.5938,-0.9229,0.1389,29.1603,-89.8015,-41.9237
243433.6551,186118,38,-0.5598,-0.9651,0.2058,26.4580,-97.0229,-33.9695
243433.6551,186128,38,-0.5803,-0.9587,0.2893,26.0611,-97.5267,-24.1069
243433.6551,186138,38,-0.6133,-0.9436,0.3025,24.6412,-97.0534,-14.8397
243433.6551,186148,38,-0.6384,-0.9229,0.2949,20.9618,-97.6794,-6.5344
243433.6551,186158,38,-0.6604,-0.8936,0.3191,18.4122,-101.7405,0.0916
243433.7731,186168,39,-0.6921,-0.8718,0.3533,15.2977,-105.1145,4.5802
243433.7731,186178,39,-0.7329,-0.8630,0.4175,10.6870,-107.6183,7.9695
243433.7731,186188,39,-0.7896,-0.8411,0.4893,4.9771,-110.3359,10.8550
243433.7731,186198,39,-0.8367,-0.8008,0.5793,-0.6870,-112.6412,13.9542
243433.7731,186208,39,-0.8672,-0.7793,0.6675,-6.7023,-114.1985,15.3282
243433.7731,186218,39,-0.8845,-0.7932,0.7527,-13.0534,-115.0076,14.2290
243433.7731,186228,39,-0.8916,-0.8398,0.8220,-19.7099,-113.2519,13.3435
243433.7731,186238,39,-0.9368,-0.8872,0.8311,-27.1450,-109.3435,16.6870
243433.7731,186248,39,-0.9253,-0.8936,0.8545,-32.4275,-106.6260,23.9847
243433.7731,186258,39,-0.9473,-0.8694,0.8765,-34.0458,-100.2748,32.7481
243433.8353,186268,40,-0.9939,-0.8247,0.8486,-33.9237,-90.9008,41.6031
243433.8353,186278,40,-1.0076,-0.7505,0.7920,-35.0382,-84.5191,49.2366
243433.8353,186288,40,-1.0425,-0.6589,0.7883,-40.0763,-81.4962,54.4122
243433.8353,186298,40,-1.0588,-0.5813,0.8176,-45.3893,-79.2977,56.6870
243433.8353,186308,40,-1.1008,-0.5256,0.8264,-50.5649,-75.2977,56.2901
243433.8353,186318,40,-1.1113,-0.4343,0.8530,-54.3053,-72.9313,55.3893
243433.8353,186328,40,-1.1162,-0.3877,0.8928,-58.5954,-69.4198,52.7481
243433.8353,186338,40,-1.1162,-0.3489,0.9106,-62.4885,-63.9695,48.2748
243433.8353,186348,40,-1.1089,-0.3916,0.8806,-68.2137,-58.5038,43.7252
243433.8353,186358,40,-1.1179,-0.4270,0.8533,-70.3206,-53.7099,41.9542
243433.9539,186368,41,-1.1238,-0.4207,0.8728,-69.7252,-51.1756,44.1527
243433.9539,186378,41,-1.1287,-0.3789,0.9407,-67.2824,-48.5802,47.3588
243433.9539,186388,41,-1.1553,-0.3127,1.0120,-65.9542,-43.6641,49.1298
243433.9539,186398,41,-1.1375,-0.2627,1.0710,-67.7405,-38.7786,48.8550
243433.9539,186408,41,-1.1235,-0.2456,1.0999,-71.2977,-32.7939,46.6260
243433.9539,186418,41,-1.1050,-0.2241,1.1204,-74.5344,-27.2519,44.1527
243433.9539,186428,41,-1.0645,-0.2312,1.1492,-77.4198,-22.7939,41.3130
243433.9539,186438,41,-1.0232,-0.2686,1.1453,-79.9695,-17.0840,38.5191
243433.9539,186448,41,-0.9875,-0.2913,1.1511,-81.1603,-11.2824,37.8015
243433.9539,186458,41,-0.9595,-0.3320,1.1560,-82.3511,-5.0229,40.1069
243434.0731,186468,42,-0.9395,-0.3403,1.1592,-80.5191,1.1908,45.5878
243434.0731,186478,42,-0.9238,-0.2930,1.1843,-76.5802,6.7176,53.8473
243434.0731,186488,42,-0.9082,-0.2073,1.2344,-70.4122,12.8550,62.2901
243434.0731,186498,42,-0.9067,-0.1077,1.2537,-63.6336,20.6260,68.0153
243434.0731,186508,42,-0.9331,-0.0039,1.2527,-58.4275,27.6031,71.1145
243434.0731,186518,42,-0.9146,0.0881,1.2290,-57.1908,31.5573,71.7252
243434.0731,186528,42,-0.9314,0.1538,1.2288,-55.4198,37.8931,69.2519
243434.0731,186538,42,-0.9258,0.2014,1.2173,-52.0611,43.4962,64.7176
243434.0731,186548,42,-0.9204,0.2175,1.1853,-51.4809,48.2137,60.0916
243434.0731,186558,42,-0.8923,0.2168,1.1304,-50.3359,52.0153,56.4885
243434.1333,186568,43,-0.8879,0.2092,1.0745,-47.2672,58.1985,55.0382
243434.1333,186578,43,-0.8921,0.2224,0.9951,-41.6794,64.6412,55.3740
243434.1333,186588,43,-0.8835,0.2559,0.9353,-35.4198,68.1679,56.7481
243434.1333,186598,43,-0.8804,0.2961,0.9116,-29.0229,71.0229,58.0611
243434.1333,186608,43,-0.8750,0.3186,0.8906,-22.1374,75.1908,58.1527
243434.1333,186618,43,-0.8860,0.3552,0.8547,-14.5496,79.6489,56.8092
243434.1333,186628,43,-0.8906,0.3738,0.8242,-8.3206,82.1832,54.4122
243434.1333,186638,43,-0.8931,0.3801,0.7881,-3.6031,84.1374,51.4046
243434.1333,186648,43,-0.8872,0.3931,0.7585,0.5191,85.7557,47.7405
243434.1333,186658,43,-0.8784,0.3669,0.7329,4.3511,86.8550,43.2366
243434.3164,186668,44,-0.8596,0.3440,0.7222,9.4962,87.3893,38.8244
243434.3164,186678,44,-0.8357,0.3062,0.6973,14.5649,88.0153,35.7405
243434.3164,186688,44,-0.8191,0.2881,0.6824,20.1832,89.7710,33.8321
243434.3164,186698,44,-0.7988,0.2903,0.6741,26.3359,90.3206,33.2214
243434.3164,186708,44,-0.7637,0.2954,0.6614,31.8779,89.9389,32.1679
243434.3164,186718,44,-0.7307,0.3145,0.6257,37.1298,91.0076,29.7557
243434.3164,186728,44,-0.7236,0.3040,0.5845,39.9847,92.8702,25.8779
243434.3164,186738,44,-0.7034,0.2839,0.5247,40.3053,93.7710,22.0153
243434.3164,186748,44,-0.6677,0.2646,0.4880,41.7710,93.2366,18.2443
243434.3164,186758,44,-0.6694,0.2485,0.4600,46.1221,93.2366,13.7710
243434.3807,186768,45,-0.6392,0.2305,0.4241,49.8779,91.1756,8.8244
243434.3807,186778,45,-0.6096,0.1965,0.3984,51.0534,89.7405,4.1985
243434.3807,186788,45,-0.5869,0.1775,0.3867,51.8321,88.7176,0.4275
243434.3807,186798,45,-0.5688,0.1499,0.3530,50.8702,86.5496,-1.8931
243434.3807,186808,45,-0.5405,0.1572,0.3367,51.8015,84.4733,-4.7176
243434.3807,186818,45,-0.5330,0.1191,0.2905,53.0229,83.5115,-8.0611
243434.3807,186828,45,-0.4927,0.1050,0.2402,54.9618,80.8550,-10.0763
243434.3807,186838,45,-0.4641,0.0881,0.2222,55.8473,79.0687,-10.5191
243434.3807,186848,45,-0.4861,0.0728,0.1672,56.1527,78.6565,-10.0305
243434.3807,186858,45,-0.4900,0.0920,0.1179,59.2824,76.1221,-10.8092
243434.4337,186868,46,-0.4561,0.1006,0.0610,61.1603,72.7634,-12.7634
243434.4337,186878,46,-0.4814,0.0984,-0.0066,61.2672,71.7863,-14.7023
243434.4337,186888,46,-0.4978,0.0906,-0.0854,62.5649,68.0611,-17.0076
243434.4337,186898,46,-0.4973,0.0742,-0.1362,65.5420,60.7786,-19.9084
243434.4337,186908,46,-0.5061,0.0911,-0.1587,68.3511,53.3740,-22.9313
243434.4337,186918,46,-0.5046,0.0715,-0.1611,68.4427,47.7252,-24.4427
243434.4337,186928,46,-0.5176,0.0830,-0.1672,72.3206,43.2977,-26.2901
243434.4337,186938,46,-0.5144,0.0879,-0.1702,74.3359,37.2366,-28.2443
243434.4337,186948,46,-0.5271,0.1016,-0.1675,75.5878,31.2672,-31.0382
243434.4337,186958,46,-0.5095,0.1052,-0.1509,75.8473,23.0382,-34.5649
243434.4940,186968,47,-0.4927,0.0676,-0.1255,76.4275,16.9618,-39.3435
243434.4940,186978,47,-0.4778,0.0522,-0.1199,78.7939,11.5725,-44.4885
243434.4940,186988,47,-0.4521,-0.0139,-0.1260,76.9466,5.9542,-49.1603
243434.4940,186998,47,-0.4185,-0.0974,-0.1211,76.1374,0.7786,-52.5344
243434.4940,187008,47,-0.3818,-0.1902,-0.1389,77.3740,-3.9389,-54.0000
243434.4940,187018,47,-0.3484,-0.2524,-0.1504,80.3511,-8.7176,-53.1145
243434.4940,187028,47,-0.3289,-0.3115,-0.1699,82.9771,-13.3588,-50.8550
243434.4940,187038,47,-0.3254,-0.3430,-0.1938,83.4809,-18.7786,-48.2290
243434.4940,187048,47,-0.3416,-0.3608,-0.2192,80.2290,-26.3817,-45.8168
243434.4940,187058,47,-0.3484,-0.3752,-0.1902,76.2748,-36.4733,-43.9389
243434.6766,187068,48,-0.3594,-0.3940,-0.1555,73.6489,-46.5496,-43.1908
243434.6766,187078,48,-0.3845,-0.4080,-0.1294,72.2290,-55.9237,-43.3435
243434.6766,187088,48,-0.4082,-0.4309,-0.0886,70.6412,-65.4809,-44.1985
243434.6766,187098,48,-0.4204,-0.4766,-0.0530,69.6031,-74.8702,-45.6489
243434.6766,187108,48,-0.4302,-0.5427,-0.0298,67.5725,-82.4275,-47.0382
243434.6766,187118,48,-0.4478,-0.6135,-0.0117,64.6412,-89.1298,-47.4046
243434.6766,187128,48,-0.4609,-0.6846,0.0305,62.5038,-94.9160,-46.7786
243434.6766,187138,48,-0.4790,-0.7432,0.0618,60.7328,-99.7405,-45.2214
243434.6766,187148,48,-0.5081,-0.8142,0.0852,54.9008,-105.2214,-42.1069
243434.6766,187158,48,-0.5359,-0.8450,0.1604,49.7863,-110.6718,-36.2901
243434.7337,187168,49,-0.5901,-0.8152,0.2520,45.4046,-114.6412,-28.8550
243434.7337,187178,49,-0.6260,-0.7751,0.3081,39.8168,-118.6565,-23.4656
243434.7337,187188,49,-0.6433,-0.7495,0.3838,32.3053,-122.3053,-21.4351
243434.7337,187198,49,-0.6887,-0.7695,0.4187,23.3893,-122.1221,-21.4962
243434.7337,187208,49,-0.7268,-0.8003,0.4172,16.3206,-120.3206,-21.8931
243434.7337,187218,49,-0.7485,-0.8318,0.4092,10.0458,-121.6947,-21.8168
243434.7337,187228,49,-0.7837,-0.8772,0.4128,4.7176,-122.3817,-20.8092
243434.7337,187238,49,-0.8083,-0.9238,0.4099,1.4504,-123.4351,-18.0916
243434.7337,187248,49,-0.8066,-0.9480,0.4485,0.1679,-127.2366,-15.0534
243434.7337,187258,49,-0.8591,-0.9653,0.5129,-3.3740,-128.8855,-9.6031
243434.7941,187268,50,-0.8813,-0.9280,0.6057,-5.5573,-130.3206,-3.0534
243434.7941,187278,50,-0.9451,-0.8982,0.7227,-9.1450,-130.6260,3.6031
243434.7941,187288,50,-0.9463,-0.8325,0.8398,-13.9695,-131.6183,9.0687
243434.7941,187298,50,-0.9189,-0.8374,0.9253,-22.1374,-129.4351,13.4198
243434.7941,187308,50,-0.9258,-0.8464,0.9526,-24.8702,-122.6260,15.4046
243434.7941,187318,50,-0.9231,-0.8704,0.9189,-28.2443,-116.1679,19.0229
243434.7941,187328,50,-0.9011,-0.8975,0.8804,-32.9466,-114.8244,24.8244
243434.7941,187338,50,-0.8921,-0.9033,0.8755,-38.0763,-115.7099,32.5496
243434.7941,187348,50,-0.9072,-0.8752,0.8799,-41.2519,-116.0153,42.0153
243434.7941,187358,50,-0.8987,-0.8069,0.9121,-42.8244,-117.9084,51.4046
243434.9137,187368,51,-0.8889,-0.7261,0.9712,-45.0687,-117.7252,59.6641
243434.9137,187378,51,-0.9009,-0.6492,1.0442,-47.6183,-112.3969,66.1069
243434.9137,187388,51,-0.9121,-0.5774,1.0715,-47.1298,-103.7099,70.7939
243434.9137,187398,51,-0.9133,-0.5271,1.1106,-46.2137,-94.4427,73.9389
243434.9137,187408,51,-0.9473,-0.4902,1.1157,-43.6641,-82.1679,77.1298
243434.9137,187418,51,-0.9548,-0.4126,1.1375,-39.2824,-71.5573,80.5954
243434.9137,187428,51,-0.9724,-0.3679,1.1274,-41.4504,-62.5802,82.2137
243434.9137,187438,51,-0.9785,-0.3350,1.1128,-46.6565,-56.7939,82.4580
243434.9137,187448,51,-0.9683,-0.2827,1.1465,-49.9237,-52.2137,82.2595
243434.9137,187458,51,-0.9517,-0.2468,1.1833,-51.4198,-45.1908,81.1145
243435.0407,187468,52,-0.9612,-0.2192,1.1597,-51.8779,-34.9466,78.2595
243435.0407,187478,52,-0.9595,-0.1846,1.1113,-54.5649,-27.2366,75.3282
243435.0407,187488,52,-0.9509,-0.1484,1.1072,-59.7405,-23.1145,72.1221
243435.0407,187498,52,-0.9253,-0.1428,1.1033,-66.0000,-20.4427,67.3282
243435.0407,187508,52,-0.8877,-0.1628,1.1096,-71.0382,-17.8321,61.9084
243435.0407,187518,52,-0.8547,-0.1824,1.1382,-72.7328,-15.2519,58.0916
243435.0407,187528,52,-0.8267,-0.1953,1.1924,-72.5802,-11.5115,56.1832
243435.0407,187538,52,-0.8108,-0.2036,1.2405,-71.5267,-5.7710,56.4885
243435.0407,187548,52,-0.8042,-0.1833,1.2627,-69.1756,2.2748,59.1145
243435.0407,187558,52,-0.8181,-0.1365,1.2522,-67.5267,10.8702,62.1832
243435.0960,187568,53,-0.8418,-0.0940,1.2334,-67.7710,17.1756,64.5344
243435.0960,187578,53,-0.8494,-0.0488,1.2268,-66.9618,22.7023,66.0305
243435.0960,187588,53,-0.8691,-0.0037,1.2063,-64.5496,28.8855,66.5649
243435.0960,187598,53,-0.8672,0.0447,1.2017,-62.3053,34.0305,67.1603
243435.0960,187608,53,-0.9070,0.0842,1.2063,-58.0916,42.4427,68.5038
243435.0960,187618,53,-0.9514,0.1499,1.2195,-50.1527,49.8473,69.6489
243435.0960,187628,53,-0.9509,0.2454,1.2642,-44.1069,53.2061,70.1679
243435.0960,187638,53,-0.9465,0.3079,1.3311,-41.6489,57.0534,69.0534
243435.0960,187648,53,-0.9338,0.3730,1.3755,-38.1985,63.2977,65.5420
243435.0960,187658,53,-0.9175,0.3992,1.3701,-37.0382,71.0229,60.7939
243435.2760,187668,54,-0.9128,0.4060,1.3215,-34.3359,78.6870,56.1679
243435.2760,187678,54,-0.8977,0.4170,1.2781,-30.5649,84.0916,52.4427
243435.2760,187688,54,-0.8630,0.4353,1.2354,-28.3511,88.8855,49.8626
243435.2760,187698,54,-0.8394,0.4553,1.1597,-24.9771,95.0687,47.1298
243435.2760,187708,54,-0.8127,0.4746,1.0789,-20.9618,100.1679,44.4275
243435.2760,187718,54,-0.8218,0.4631,0.9810,-15.6031,105.0534,41.4809
243435.2760,187728,54,-0.8240,0.4612,0.8884,-8.1374,108.1069,36.3511
243435.2760,187738,54,-0.7659,0.4292,0.8325,-3.5725,108.6412,31.9847
243435.2760,187748,54,-0.7612,0.3735,0.7795,2.1832,111.5725,29.6031
243435.2760,187758,54,-0.7405,0.3545,0.7710,12.8855,114.0153,27.6947
243435.3914,187768,55,-0.7090,0.3706,0.7668,22.6718,114.6260,26.5954
243435.3914,187778,55,-0.6990,0.3660,0.7607,26.6718,115.4351,24.6107
243435.3914,187788,55,-0.6501,0.3457,0.7390,28.1527,114.7939,22.2137
243435.3914,187798,55,-0.6228,0.3145,0.6909,31.0534,115.9847,19.5267
243435.3914,187808,55,-0.5881,0.2910,0.6316,34.7328,116.7634,17.1603
243435.3914,187818,55,-0.5945,0.2366,0.5129,37.7557,118.3817,16.5344
243435.3914,187828,55,-0.5652,0.2461,0.4468,44.5038,116.8702,15.5725
243435.3914,187838,55,-0.5386,0.2634,0.4233,49.7557,112.1679,14.2595
243435.3914,187848,55,-0.4983,0.2605,0.4058,52.7481,106.3206,12.0611
243435.3914,187858,55,-0.4563,0.2661,0.3804,56.3206,103.0534,8.8855
243435.3937,187868,56,-0.4363,0.2673,0.3511,59.5573,102.3664,5.3740
243435.3937,187878,56,-0.4082,0.2681,0.3174,62.5802,100.8092,1.2214
243435.3937,187888,56,-0.4121,0.2268,0.2488,64.7023,99.3130,-3.5878
243435.3937,187898,56,-0.4009,0.2239,0.1853,67.4504,96.7023,-9.0382
243435.3937,187908,56,-0.3923,0.1760,0.0874,66.3664,93.4046,-11.3588
243435.3937,187918,56,-0.4106,0.1785,0.0229,70.1069,89.2824,-15.0382
243435.3937,187928,56,-0.4043,0.1499,-0.0010,73.2366,81.3130,-18.3969
243435.3937,187938,56,-0.3804,0.1016,-0.0242,73.6794,74.3206,-21.2366
243435.3937,187948,56,-0.3989,0.0759,-0.0586,76.3511,70.4427,-22.5649
243435.3937,187958,56,-0.3953,0.0623,-0.0898,78.3053,63.8168,-22.9313
243435.5135,187968,57,-0.4011,0.0784,-0.0916,80.5649,57.7252,-23.1603
243435.5135,187978,57,-0.4053,0.0667,-0.0945,82.0611,52.9618,-24.2137
243435.5135,187988,57,-0.4351,0.0491,-0.1577,82.9466,49.1603,-26.2901
243435.5135,187998,57,-0.4417,0.0361,-0.1980,84.1374,40.5649,-28.1985
243435.5135,188008,57,-0.4280,0.0032,-0.1838,84.2443,29.2366,-30.7023
243435.5135,188018,57,-0.4075,-0.0513,-0.1536,84.8092,18.7634,-33.7863
243435.5135,188028,57,-0.3960,-0.1060,-0.1443,85.6336,11.2061,-36.5802
243435.5135,188038,57,-0.3833,-0.1995,-0.1792,83.5878,3.1298,-37.7557
243435.5135,188048,57,-0.3870,-0.2700,-0.1934,82.9924,-6.8092,-36.6870
243435.5135,188058,57,-0.3896,-0.3540,-0.1755,81.7252,-17.6947,-33.1603
243435.6913,188068,58,-0.3879,-0.4150,-0.1409,82.3817,-27.7557,-26.7176
243435.6913,188078,58,-0.4102,-0.4338,-0.1226,86.4275,-35.3435,-17.6641
243435.6913,188088,58,-0.4141,-0.3977,-0.1062,92.5344,-42.5802,-7.6031
243435.6913,188098,58,-0.4385,-0.3093,-0.0793,98.0763,-48.8550,0.0305
243435.6913,188108,58,-0.4587,-0.2307,-0.0461,99.0229,-55.9847,2.3053
243435.6913,188118,58,-0.4807,-0.1658,-0.0049,96.0153,-63.0992,-1.2214
243435.6913,188128,58,-0.5056,-0.1633,0.0225,88.2290,-69.5115,-9.6183
243435.6913,188138,58,-0.5208,-0.1897,0.0564,77.8473,-76.6107,-20.3817
243435.6913,188148,58,-0.5352,-0.2927,0.0862,66.5191,-82.5191,-31.1603
243435.6913,188158,58,-0.5408,-0.3833,0.0938,60.9008,-86.3206,-40.3053
243435.7014,188168,59,-0.5625,-0.4883,0.1187,55.6489,-88.7176,-47.2977
243435.7014,188178,59,-0.5752,-0.5867,0.1543,49.0229,-93.9695,-51.0382
243435.7014,188188,59,-0.5754,-0.6958,0.2151,44.1679,-99.0229,-50.9160
243435.7014,188198,59,-0.5906,-0.7493,0.2632,43.0534,-102.0916,-46.9466
243435.7014,188208,59,-0.6265,-0.7627,0.2881,41.4962,-104.0916,-40.4427
243435.7014,188218,59,-0.6548,-0.7456,0.3191,38.9771,-108.4427,-32.9313
243435.7014,188228,59,-0.6887,-0.7432,0.3171,35.2214,-111.2061,-27.4656
243435.7014,188238,59,-0.7278,-0.7629,0.2827,30.2137,-111.1908,-23.9389
243435.7014,188248,59,-0.7957,-0.7874,0.2527,25.4351,-112.3359,-21.3588
243435.7014,188258,59,-0.8264,-0.8162,0.2949,22.7023,-119.3740,-19.5725
243435.8736,188268,60,-0.8145,-0.8425,0.4124,20.1832,-129.7557,-17.9084
243435.8736,188278,60,-0.8416,-0.8962,0.4949,13.9389,-136.2901,-14.5496
243435.8736,188288,60,-0.8169,-0.9351,0.5559,9.0840,-143.9847,-9.4504
243435.8736,188298,60,-0.8083,-0.9597,0.6091,6.8550,-152.1374,-2.1832
243435.8736,188308,60,-0.7859,-0.9163,0.7087,4.8702,-157.9695,8.6718
243435.8736,188318,60,-0.7661,-0.8894,0.8545,0.4122,-156.0763,20.3206
243435.8736,188328,60,-0.7815,-0.8889,0.9011,-2.3664,-144.6870,29.9695
243435.8736,188338,60,-0.8364,-0.8323,0.9424,-4.2443,-131.9237,41.2824
243435.8736,188348,60,-0.9302,-0.5959,0.9561,-13.0382,-113.1603,63.5420
243435.8736,188358,60,-0.9841,-0.4548,1.0002,-17.4046,-106.2901,68.2748
243435.9918,188368,61,-1.0354,-0.3640,0.9919,-26.5954,-100.7023,67.1450
243435.9918,188378,61,-1.0803,-0.3069,0.9958,-35.0687,-96.9008,61.2519
243435.9918,188388,61,-1.0923,-0.3018,0.9949,-44.1985,-93.4962,53.8779
243435.9918,188398,61,-1.0884,-0.3428,1.0220,-54.8855,-90.8092,47.7099
243435.9918,188408,61,-1.0508,-0.3931,1.0688,-59.0534,-85.8626,45.3893
243435.9918,188418,61,-1.0605,-0.3608,1.1597,-56.2595,-75.6183,47.8779
243435.9918,188428,61,-1.0386,-0.3352,1.2124,-57.6336,-63.2824,53.1908
243435.9918,188438,61,-1.0784,-0.2578,1.2180,-57.2824,-47.0534,56.7023
243435.9918,188448,61,-1.0632,-0.1824,1.1887,-57.7099,-35.9084,56.3511
243435.9918,188458,61,-1.0652,-0.1663,1.1372,-60.9313,-26.2748,52.1069
243436.0016,188468,62,-1.0554,-0.1926,1.0801,-67.4351,-19.9542,46.6870
243436.0016,188478,62,-1.0496,-0.2329,1.0264,-74.5496,-15.6641,43.2061
243436.0016,188488,62,-1.0278,-0.2510,1.0107,-77.7252,-13.8779,41.1908
243436.0016,188498,62,-1.0066,-0.2625,1.0371,-78.7634,-12.0000,40.3053
243436.0016,188508,62,-0.9683,-0.2654,1.0808,-78.6412,-8.0763,40.7023
243436.0016,188518,62,-0.9648,-0.2556,1.0898,-78.6718,-0.5496,41.7557
243436.0016,188528,62,-0.9500,-0.2437,1.0876,-79.2977,7.2214,44.0000
243436.0016,188538,62,-0.9661,-0.1987,1.0925,-77.8168,13.4198,47.1603
243436.0016,188548,62,-0.9729,-0.1616,1.0991,-75.3130,16.7176,49.1298
243436.0016,188558,62,-1.0039,-0.1189,1.1309,-72.1374,20.1069,50.5954
243436.2360,188568,63,-1.0347,-0.0786,1.1968,-69.7405,22.7634,51.4656
243436.2360,188578,63,-1.0264,-0.0613,1.2803,-69.0992,25.0992,51.1145
243436.2360,188588,63,-1.0344,-0.0566,1.3433,-67.2366,31.7099,51.4656
243436.2360,188598,63,-1.0217,-0.0134,1.3704,-64.7328,39.4504,53.8779
243436.2360,188608,63,-1.0144,0.0073,1.3987,-64.1527,47.3893,57.4656
243436.2360,188618,63,-1.0112,0.0845,1.4282,-58.0458,55.8626,61.0076
243436.2360,188628,63,-1.0022,0.1379,1.3962,-55.6641,62.6107,62.8397
243436.2360,188638,63,-0.9712,0.1982,1.3513,-54.1527,66.2901,63.6641
243436.2360,188648,63,-0.9392,0.2424,1.3345,-50.1374,70.7328,62.9160
243436.2360,188658,63,-0.9290,0.2881,1.3118,-45.5115,77.7099,61.2672
243436.2999,188668,64,-0.9138,0.3308,1.2527,-42.6412,82.8702,59.7099
243436.2999,188678,64,-0.8640,0.3628,1.1953,-40.9008,86.2595,58.5954
243436.2999,188688,64,-0.8411,0.3979,1.1426,-36.2137,92.3664,58.1069
243436.2999,188698,64,-0.8232,0.4292,1.0640,-29.7863,98.3969,56.7328
243436.2999,188708,64,-0.8035,0.4426,0.9841,-24.5802,103.1603,54.1832
243436.2999,188718,64,-0.7866,0.4614,0.9170,-20.7481,105.3130,51.9237
243436.2999,188728,64,-0.7493,0.4656,0.8694,-16.6107,106.3359,49.1450
243436.2999,188738,64,-0.7231,0.4741,0.8391,-9.0229,108.1069,45.5725
243436.2999,188748,64,-0.6995,0.4734,0.8191,-0.5649,108.7176,40.6718
243436.2999,188758,64,-0.6763,0.4458,0.7827,5.1603,109.0229,34.9618
243436.3531,188768,65,-0.6582,0.4302,0.7485,10.6260,108.8397,30.6107
243436.3531,188778,65,-0.6423,0.3928,0.6997,15.5267,108.9160,27.6336
243436.3531,188788,65,-0.6458,0.3679,0.6377,22.2901,110.4122,26.5496
243436.3531,188798,65,-0.6340,0.3606,0.5774,28.7328,110.8092,26.9313
243436.3531,188808,65,-0.6440,0.3662,0.5051,35.1145,110.1985,28.5649
243436.3531,188818,65,-0.6101,0.3955,0.4565,43.2061,109.0382,28.0763
243436.3531,188828,65,-0.6125,0.4128,0.4116,50.2901,108.7634,24.7939
243436.3531,188838,65,-0.5876,0.4246,0.3987,55.6489,104.3664,19.1756
243436.3531,188848,65,-0.5503,0.4265,0.4131,56.9771,98.9466,12.3664
243436.3531,188858,65,-0.5256,0.3721,0.3899,54.2595,96.9924,4.7176
243436.4147,188868,66,-0.4988,0.2957,0.3313,52.5038,95.8321,-0.9008
243436.4147,188878,66,-0.4771,0.2383,0.2905,54.6260,93.6489,-2.1832
243436.4147,188888,66,-0.4600,0.2373,0.2659,60.3206,91.3740,-0.5191
243436.4147,188898,66,-0.4319,0.2673,0.2568,67.3893,89.5115,1.6489
243436.4147,188908,66,-0.4197,0.2935,0.2202,72.7176,89.0076,1.0534
243436.4147,188918,66,-0.4216,0.2671,0.1602,74.6107,89.3740,-1.6641
243436.4147,188928,66,-0.4285,0.2468,0.0681,74.8092,88.0916,-3.2977
243436.4147,188938,66,-0.4360,0.2534,-0.0332,75.9084,83.5878,-3.6641
243436.4147,188948,66,-0.4905,0.2559,-0.1113,79.4962,77.6489,-4.1527
243436.4147,188958,66,-0.4683,0.2771,-0.1282,84.6718,68.8550,-6.6260
243436.5983,188968,67,-0.5017,0.2642,-0.1511,86.5649,61.2366,-10.8550
243436.5983,188978,67,-0.4905,0.2646,-0.1382,86.4885,51.9389,-14.1985
243436.5983,188988,67,-0.4890,0.2729,-0.1301,87.0076,45.5267,-18.0458
243436.5983,188998,67,-0.4829,0.2605,-0.1279,86.7939,39.5573,-23.0076
243436.5983,189008,67,-0.4780,0.2234,-0.1357,85.9389,33.3130,-28.5038
243436.5983,189018,67,-0.4600,0.1965,-0.1345,86.5038,26.3206,-33.3588
243436.5983,189028,67,-0.4485,0.1572,-0.1191,86.0305,19.6794,-37.5573
243436.5983,189038,67,-0.4312,0.1104,-0.1299,85.3588,12.9924,-41.6489
243436.5983,189048,67,-0.4158,0.0708,-0.1379,85.7099,7.0229,-45.5573
243436.5983,189058,67,-0.3838,0.0369,-0.1262,86.2137,0.6412,-48.7176
243436.6523,189068,68,-0.3694,0.0093,-0.1118,85.5420,-4.9008,-51.4809
243436.6523,189078,68,-0.3523,-0.0139,-0.1150,83.9084,-11.2061,-53.9695
243436.6523,189088,68,-0.3296,-0.0476,-0.1191,82.8244,-18.3359,-57.3435
243436.6523,189098,68,-0.3291,-0.1062,-0.1345,80.2901,-23.3435,-61.1450
243436.6523,189108,68,-0.3335,-0.1602,-0.1580,77.0076,-29.3740,-63.7252
243436.6523,189118,68,-0.3264,-0.2297,-0.1741,74.6565,-37.1603,-64.7634
243436.6523,189128,68,-0.3225,-0.2795,-0.1680,74.7481,-43.6031,-64.2595
243436.6523,189138,68,-0.3296,-0.3171,-0.1531,74.9466,-49.3588,-62.8092
243436.6523,189148,68,-0.3379,-0.3577,-0.1335,75.3588,-55.3130,-61.0534
243436.6523,189158,68,-0.3579,-0.3481,-0.1086,78.4275,-60.7481,-59.5115
243436.7140,189168,69,-0.3682,-0.3831,-0.0767,75.7863,-69.1298,-58.9008
243436.7140,189178,69,-0.3889,-0.4221,-0.0356,73.2672,-79.4046,-60.0153
243436.7140,189188,69,-0.4026,-0.4673,0.0400,69.8321,-88.6718,-62.7939
243436.7140,189198,69,-0.4226,-0.5686,0.0552,61.2824,-95.8779,-66.2901
243436.7140,189208,69,-0.4458,-0.7012,0.0940,54.7481,-101.2824,-68.7176
243436.7140,189218,69,-0.4204,-0.8201,0.2122,52.6260,-109.1908,-68.3511
243436.7140,189228,69,-0.4351,-0.9209,0.3159,49.1603,-111.6794,-63.4504
243436.7140,189238,69,-0.4504,-0.9822,0.3643,44.9466,-114.3511,-54.1374
243436.7140,189248,69,-0.4641,-1.0054,0.4268,43.5420,-118.8550,-42.7176
243436.7140,189258,69,-0.4966,-1.0022,0.4888,43.4656,-121.6641,-31.7405
243436.8344,189268,70,-0.5479,-1.0081,0.4949,39.9237,-124.3359,-23.5267
243436.8344,189278,70,-0.5659,-1.0085,0.5349,32.1832,-127.6336,-18.4122
243436.8344,189288,70,-0.6375,-1.0518,0.5942,19.2824,-129.6031,-12.7176
243436.8344,189298,70,-0.7056,-1.1018,0.6733,6.6107,-130.2443,-5.8473
243436.8344,189308,70,-0.7668,-1.0854,0.7627,-1.5115,-130.3969,2.8550
243436.8344,189318,70,-0.8347,-1.0269,0.8406,-7.2214,-128.8550,12.5954
243436.8344,189328,70,-0.8994,-0.9509,0.9124,-11.4198,-123.1908,20.4885
243436.8344,189338,70,-0.9617,-0.8875,0.9246,-16.6718,-118.1985,25.0992
243436.8344,189348,70,-0.9973,-0.8718,0.9146,-23.8321,-113.5420,26.7176
243436.8344,189358,70,-1.0300,-0.8684,0.8953,-29.6489,-109.3740,27.4656
243436.9511,189368,71,-1.0383,-0.8953,0.8596,-35.0076,-107.4504,28.7023
243436.9511,189378,71,-1.0361,-0.9187,0.8352,-38.6870,-106.1985,31.4962
243436.9511,189388,71,-1.0659,-0.9004,0.8845,-41.9847,-105.4656,36.6718
243436.9511,189398,71,-1.0630,-0.8369,0.9636,-47.0076,-104.3664,43.6794
243436.9511,189408,71,-1.0935,-0.7544,1.0354,-55.4198,-100.7176,52.2748
243436.9511,189418,71,-1.1023,-0.6287,1.0991,-59.3893,-95.2824,59.2214
243436.9511,189428,71,-1.0884,-0.5371,1.1284,-61.8931,-86.7023,63.0382
243436.9511,189438,71,-1.1003,-0.5032,1.1104,-64.8855,-73.4046,62.3969
243436.9511,189448,71,-1.0747,-0.5327,1.0081,-71.9389,-63.0840,60.7176
243436.9511,189458,71,-1.0896,-0.5640,0.9248,-80.1985,-57.0076,62.3206
243437.0133,189468,72,-1.0601,-0.5605,0.8884,-84.1679,-54.5802,67.2366
243437.0133,189478,72,-1.0586,-0.5220,0.9021,-83.6183,-49.9237,73.0076
243437.0133,189488,72,-1.0989,-0.4136,0.9236,-81.7710,-43.4046,80.2137
243437.0133,189498,72,-1.1438,-0.2954,0.9282,-81.8931,-37.7557,86.0458
243437.0133,189508,72,-1.1548,-0.2207,0.9131,-82.6412,-33.3893,88.3053
243437.0133,189518,72,-1.1658,-0.1479,0.9211,-80.4580,-28.5649,86.3969
243437.0133,189528,72,-1.1763,-0.1125,0.9297,-82.7023,-24.1069,81.7252
243437.0133,189538,72,-1.1855,-0.1025,0.9385,-85.8779,-20.9008,77.1298
243437.0133,189548,72,-1.1614,-0.0874,0.9739,-86.5344,-17.9695,72.6412
243437.0133,189558,72,-1.1680,-0.0862,0.9932,-86.6107,-12.4427,68.3359
243437.1970,189568,73,-1.1475,-0.0708,1.0562,-85.0840,-8.5802,63.6489
243437.1970,189578,73,-1.1255,-0.0681,1.1321,-83.8931,-4.0916,58.4122
243437.1970,189588,73,-1.1165,-0.0691,1.1616,-83.4351,2.8244,53.9084
243437.1970,189598,73,-1.1052,-0.0842,1.1455,-84.6565,7.3588,49.8168
243437.1970,189608,73,-1.0544,-0.0996,1.1226,-86.8550,11.8168,46.9313
243437.1970,189618,73,-1.0674,-0.1248,1.0847,-86.5802,21.8931,46.0611
243437.1970,189628,73,-1.0588,-0.1184,1.0466,-83.2824,27.5267,47.5420
243437.1970,189638,73,-1.0098,-0.1062,1.0234,-80.0458,28.9924,50.1832
243437.1970,189648,73,-0.9868,-0.0730,1.0210,-75.5878,30.8092,53.9389
243437.1970,189658,73,-0.9741,-0.0229,1.0332,-69.2061,33.8015,57.3130
243437.2599,189668,74,-0.9622,0.0605,1.0579,-62.8244,35.8168,59.3588
243437.2599,189678,74,-0.9355,0.1245,1.0930,-60.9313,35.8015,59.9695
243437.2599,189688,74,-0.9055,0.1902,1.1538,-56.7176,39.3893,58.7634
243437.2599,189698,74,-0.9229,0.2236,1.1399,-51.8473,48.5344,55.4046
243437.2599,189708,74,-0.9490,0.2300,1.1074,-49.0382,54.8855,52.8092
243437.2599,189718,74,-0.9307,0.2588,1.1294,-44.2443,57.6336,52.4885
243437.2599,189728,74,-0.9224,0.3008,1.1812,-39.0382,61.3435,53.3588
243437.2599,189738,74,-0.8987,0.3359,1.1914,-33.2366,67.6641,54.2290
243437.2599,189748,74,-0.9072,0.3904,1.1604,-25.0076,77.1756,54.2901
243437.2599,189758,74,-0.9099,0.4409,1.1113,-20.0763,83.1450,54.5649
243437.3135,189768,75,-0.8777,0.4983,1.0662,-16.2290,85.3130,54.2443
243437.3135,189778,75,-0.8516,0.5789,1.0242,-9.8473,88.7328,51.2672
243437.3135,189788,75,-0.8323,0.5996,0.9460,-5.8931,93.5267,44.6412
243437.3135,189798,75,-0.8162,0.5942,0.8496,0.0000,97.9542,35.8931
243437.3135,189808,75,-0.7671,0.5632,0.7888,3.8015,98.6412,27.9542
243437.3135,189818,75,-0.7458,0.4844,0.7178,6.4275,99.2366,21.8321
243437.3135,189828,75,-0.7180,0.3916,0.6611,13.0840,100.1832,17.5420
243437.3135,189838,75,-0.6838,0.3640,0.6360,22.9160,99.3435,18.1832
243437.3135,189848,75,-0.6501,0.3767,0.6467,32.1374,98.2748,20.5344
243437.3135,189858,75,-0.6062,0.4041,0.6475,40.3053,98.8092,21.6031
243437.4956,189868,76,-0.5898,0.4404,0.6267,47.6947,101.5725,20.7481
243437.4956,189878,76,-0.5879,0.4495,0.5664,51.4351,102.7481,17.8168
243437.4956,189888,76,-0.5303,0.4790,0.5356,54.8702,101.1908,13.9695
243437.4956,189898,76,-0.5217,0.5012,0.5071,58.8397,103.2214,8.3053
243437.4956,189908,76,-0.4922,0.4370,0.3982,58.5802,103.5420,0.8092
243437.4956,189918,76,-0.4934,0.3584,0.2742,60.4580,101.6489,-4.6260
243437.4956,189928,76,-0.4578,0.3159,0.1978,65.8321,96.7328,-8.5191
243437.4956,189938,76,-0.4287,0.2642,0.1404,69.8473,90.6412,-9.2672
243437.4956,189948,76,-0.4294,0.2610,0.1335,76.5802,85.3435,-8.3511
243437.4956,189958,76,-0.4243,0.2781,0.1360,83.0382,79.7405,-8.2137
243437.6118,189968,77,-0.4182,0.2964,0.1509,87.0534,75.2672,-10.7481
243437.6118,189978,77,-0.4146,0.2878,0.1287,89.4198,72.1679,-14.8092
243437.6118,189988,77,-0.4392,0.2581,0.0811,89.8473,68.9924,-19.7099
243437.6118,189998,77,-0.4348,0.2432,0.0703,90.9924,62.2748,-24.6412
243437.6118,190008,77,-0.4248,0.1904,0.0752,91.2519,55.4351,-29.6947
243437.6118,190018,77,-0.4050,0.1223,0.0627,92.1221,49.9237,-33.1603
243437.6118,190028,77,-0.3826,0.0754,0.0273,95.9847,45.8321,-34.7634
243437.6118,190038,77,-0.3577,0.0142,-0.0068,99.0229,41.3588,-34.9924
243437.6118,190048,77,-0.3359,-0.0405,-0.0303,102.9160,35.2366,-33.8473
243437.6118,190058,77,-0.3174,-0.1040,-0.0625,105.5878,28.3511,-31.8015
243437.6216,190068,78,-0.3215,-0.1128,-0.0625,109.5725,21.4198,-28.7634
243437.6216,190078,78,-0.3210,-0.1074,-0.0671,109.2824,14.2290,-25.8626
243437.6216,190088,78,-0.3335,-0.1016,-0.0872,106.8702,6.8244,-24.7481
243437.6216,190098,78,-0.3445,-0.0945,-0.1267,105.4046,-0.8702,-27.3435
243437.6216,190108,78,-0.3384,-0.1240,-0.1775,97.6641,-10.5649,-31.4351
243437.6216,190118,78,-0.3479,-0.1675,-0.1697,92.1985,-21.2672,-35.7252
243437.6216,190128,78,-0.3660,-0.2144,-0.1611,90.7939,-31.3893,-39.3893
243437.6216,190138,78,-0.3689,-0.2349,-0.1172,88.8397,-40.8702,-42.6565
243437.6216,190148,78,-0.3708,-0.2429,-0.0361,87.1603,-49.1145,-45.1908
243437.6216,190158,78,-0.3733,-0.2544,0.0400,84.0000,-54.9618,-48.4885
243437.7339,190168,79,-0.3760,-0.2791,0.0654,80.1374,-58.7634,-52.5496
243437.7339,190178,79,-0.3989,-0.3008,0.0632,76.2595,-62.1221,-57.5420
243437.7339,190188,79,-0.4011,-0.3372,0.0664,71.8931,-67.7252,-63.7557
243437.7339,190198,79,-0.3982,-0.4092,0.0344,66.5496,-74.3511,-72.5344
243437.7339,190208,79,-0.3840,-0.5747,-0.0300,57.8321,-81.8321,-82.1221
243437.7339,190218,79,-0.3818,-0.7632,-0.0798,49.5573,-92.7328,-88.5038
243437.7339,190228,79,-0.3760,-0.9497,-0.0513,43.4962,-104.3664,-88.6718
243437.7339,190238,79,-0.3784,-1.1003,-0.0015,39.7863,-113.6031,-79.0687
243437.7339,190248,79,-0.4263,-1.1250,0.0762,41.6794,-119.1450,-61.7710
243437.7339,190258,79,-0.4600,-1.0574,0.1965,44.0153,-123.5267,-42.3206
243437.7943,190268,80,-0.4966,-0.9661,0.2971,43.5573,-125.7557,-27.5420
243437.7943,190278,80,-0.5447,-0.8877,0.3638,39.8321,-126.2901,-19.9695
243437.7943,190288,80,-0.5708,-0.8584,0.4136,32.6107,-129.0992,-18.6870
243437.7943,190298,80,-0.6086,-0.8984,0.4412,21.6336,-132.9313,-22.6107
243437.7943,190308,80,-0.6389,-0.9878,0.5022,8.1679,-136.5191,-24.5954
243437.7943,190318,80,-0.6697,-0.9666,0.6118,2.0153,-138.5191,-21.2366
243437.7943,190328,80,-0.7251,-0.9531,0.7292,-5.1603,-137.1450,-16.5802
243437.7943,190338,80,-0.7717,-0.9065,0.8457,-9.3282,-133.5420,-11.0840
243437.7943,190348,80,-0.8103,-0.8933,0.8645,-13.9695,-127.6947,-8.1679
243437.7943,190358,80,-0.8538,-0.9451,0.7908,-22.3511,-121.7099,-8.0916
243437.9203,190368,81,-0.8530,-1.0688,0.6650,-31.8321,-119.2977,-5.6794
243437.9203,190378,81,-0.8552,-1.1704,0.6042,-36.0000,-120.1221,1.0382
243437.9203,190388,81,-0.8665,-1.2080,0.6711,-36.2748,-123.0992,13.3740
243437.9203,190398,81,-0.9465,-1.1272,0.8218,-35.9237,-124.2595,31.4809
243437.9203,190408,81,-0.9885,-0.9177,0.9888,-35.2672,-122.3969,51.2214
243437.9203,190418,81,-1.0093,-0.7085,1.1091,-34.8855,-114.8702,63.3435
243437.9203,190428,81,-1.0803,-0.5691,1.1650,-33.9389,-100.7939,67.4504
243437.9203,190438,81,-1.0876,-0.4382,1.1399,-34.6107,-89.3740,66.0763
243437.9203,190448,81,-1.0618,-0.4082,1.0498,-44.0763,-79.4046,60.1527
243437.9203,190458,81,-1.0354,-0.5029,0.8950,-55.1298,-70.6107,52.7939
243438.0328,190468,82,-1.0310,-0.6130,0.7354,-61.5878,-66.0305,49.3130
243438.0328,190478,82,-1.0432,-0.6870,0.6731,-64.5344,-67.3130,53.6641
243438.0328,190488,82,-1.0244,-0.6914,0.7405,-61.9084,-71.7252,63.7710
243438.0328,190498,82,-1.0393,-0.6267,0.8486,-55.9695,-70.4885,74.9466
243438.0328,190508,82,-1.0715,-0.5305,0.9333,-51.9695,-64.3206,85.4351
243438.0328,190518,82,-1.0925,-0.4368,0.9722,-50.6107,-56.9924,92.6260
243438.0328,190528,82,-1.1316,-0.3518,1.0171,-51.0534,-50.4733,96.3053
243438.0328,190538,82,-1.1494,-0.2627,1.0886,-52.2748,-47.2214,97.4198
243438.0328,190548,82,-1.1255,-0.1848,1.1946,-55.2672,-43.7252,94.7634
243438.0328,190558,82,-1.1187,-0.1355,1.2710,-59.2977,-34.9924,89.0687
243438.0933,190568,83,-1.1118,-0.1360,1.2668,-64.1832,-24.0000,81.7252
243438.0933,190578,83,-1.1055,-0.1438,1.2505,-69.9542,-15.1145,75.3435
243438.0933,190588,83,-1.0703,-0.1523,1.2483,-76.0916,-9.6794,71.3588
243438.0933,190598,83,-1.0459,-0.1479,1.2515,-79.2824,-2.9618,69.0992
243438.0933,190608,83,-1.0225,-0.1587,1.2273,-80.9008,5.0229,67.9847
243438.0933,190618,83,-1.0122,-0.1436,1.2212,-79.5267,13.4351,69.7099
243438.0933,190628,83,-1.0142,-0.1094,1.2266,-76.1221,22.5038,73.5725
243438.0933,190638,83,-1.0256,-0.0400,1.2283,-72.1985,30.7023,77.3740
243438.0933,190648,83,-1.0078,0.0400,1.2405,-68.0611,36.4580,80.2137
243438.0933,190658,83,-1.0393,0.1416,1.2874,-61.1145,44.3359,79.8473
243438.2726,190668,84,-1.0532,0.2395,1.3088,-57.1756,49.7863,76.3359
243438.2726,190678,84,-1.0332,0.2915,1.2944,-58.9466,52.7786,70.4122
243438.2726,190688,84,-1.0137,0.3162,1.2729,-60.7939,56.7939,62.2595
243438.2726,190698,84,-1.0015,0.2754,1.2224,-62.5344,62.4275,54.3359
243438.2726,190708,84,-1.0132,0.2278,1.1921,-58.3664,69.3588,48.7176
243438.2726,190718,84,-0.9851,0.2195,1.2051,-51.0229,74.1527,46.8092
243438.2726,190728,84,-0.9443,0.2168,1.2163,-46.2290,78.8702,48.1985
243438.2726,190738,84,-0.8757,0.1980,1.2026,-41.1603,85.6641,51.1450
243438.2726,190748,84,-0.8533,0.2385,1.1550,-31.2366,96.3206,56.1832
243438.2726,190758,84,-0.8755,0.3000,1.0813,-23.1603,105.4809,61.2977
243438.3335,190768,85,-0.8560,0.3689,1.0071,-18.2901,107.4656,64.1832
243438.3335,190778,85,-0.8367,0.4492,0.9717,-13.9237,107.4809,64.8702
243438.3335,190788,85,-0.8394,0.4890,0.9097,-10.3359,108.9924,62.5496
243438.3335,190798,85,-0.8335,0.5586,0.8767,-3.5573,111.8473,57.1603
243438.3335,190808,85,-0.8220,0.5896,0.8347,2.5649,114.6260,49.7099
243438.3335,190818,85,-0.7969,0.5662,0.7771,7.7405,115.2977,39.9084
243438.3335,190828,85,-0.7837,0.5337,0.7256,12.9160,115.2672,31.6641
243438.3335,190838,85,-0.7668,0.4834,0.6787,18.0000,113.7252,25.7557
243438.3335,190848,85,-0.7305,0.4275,0.6638,22.9466,111.3588,22.0000
243438.3335,190858,85,-0.6912,0.3831,0.6599,32.0916,109.1298,19.8015
243438.5186,190868,86,-0.6470,0.3604,0.6438,41.3282,108.8550,19.1603
243438.5186,190878,86,-0.6340,0.3411,0.6082,48.7328,112.0458,19.9237
243438.5186,190888,86,-0.6113,0.3760,0.5994,56.7481,111.1298,21.1603
243438.5186,190898,86,-0.5417,0.3872,0.5999,62.3206,109.0229,20.5038
243438.5186,190908,86,-0.5276,0.3987,0.5754,69.7252,111.3282,19.0382
243438.5186,190918,86,-0.5110,0.4551,0.5344,77.7252,111.6794,15.8779
243438.5186,190928,86,-0.4805,0.4861,0.4988,79.8168,109.3130,10.1221
243438.5186,190938,86,-0.4331,0.4900,0.4685,79.7557,105.9695,2.0305
243438.5186,190948,86,-0.3997,0.4419,0.3960,77.3130,103.8473,-8.1374
243438.5186,190958,86,-0.3645,0.4116,0.3137,77.8931,101.5420,-17.7710
243438.5736,190968,87,-0.3308,0.3501,0.2151,76.2748,97.5267,-26.3817
243438.5736,190978,87,-0.2566,0.2954,0.1497,75.4351,92.1832,-32.7023
243438.5736,190988,87,-0.2512,0.2065,0.0591,79.9237,91.8321,-36.6107
243438.5736,190998,87,-0.2747,0.1726,-0.0559,90.0611,88.8397,-40.6565
243438.5736,191008,87,-0.2217,0.1565,-0.1138,95.9389,80.5496,-42.9466
243438.5736,191018,87,-0.2742,0.1260,-0.1948,95.8931,73.6641,-43.5878
243438.5736,191028,87,-0.2712,0.1240,-0.2202,95.1908,63.4351,-44.9313
243438.5736,191038,87,-0.2520,0.1223,-0.2129,96.3359,52.8397,-49.3282
243438.5736,191048,87,-0.2476,0.0896,-0.1985,97.1298,43.3893,-54.9466
243438.5736,191058,87,-0.2422,0.0708,-0.1780,97.0840,35.2214,-60.3817
243438.6327,191068,88,-0.2407,0.0437,-0.1482,93.6947,27.3282,-64.4885
243438.6327,191078,88,-0.2346,0.0054,-0.1428,92.6260,21.0687,-69.1450
243438.6327,191088,88,-0.2183,-0.0608,-0.1492,92.7023,15.4962,-74.8702
243438.6327,191098,88,-0.2173,-0.1462,-0.1860,92.1221,10.3969,-80.3206
243438.6327,191108,88,-0.2166,-0.2383,-0.2288,91.0992,3.6336,-85.0840
243438.6327,191118,88,-0.2119,-0.3450,-0.2812,88.9618,-5.8626,-89.2824
243438.6327,191128,88,-0.2302,-0.4519,-0.3203,85.9695,-17.8168,-92.1221
243438.6327,191138,88,-0.2483,-0.5298,-0.2952,83.8931,-33.1298,-92.8855
243438.6327,191148,88,-0.2439,-0.6035,-0.2029,80.7328,-50.5038,-92.1985
243438.6327,191158,88,-0.2432,-0.6365,-0.0969,79.4351,-63.6947,-89.5420
243438.7535,191168,89,-0.2493,-0.6306,-0.0093,78.9771,-71.2824,-86.3359
243438.7535,191178,89,-0.2612,-0.6262,0.0527,76.3053,-75.1450,-83.9389
243438.7535,191188,89,-0.3008,-0.6267,0.0784,73.2672,-75.2061,-82.5191
243438.7535,191198,89,-0.3652,-0.6494,0.0198,69.5267,-74.4885,-82.9771
243438.7535,191208,89,-0.4329,-0.6975,-0.0557,64.1221,-76.9313,-84.9924
243438.7535,191218,89,-0.4795,-0.7351,-0.0830,58.4122,-85.8626,-86.3511
243438.7535,191228,89,-0.4697,-0.8071,-0.0435,53.3130,-96.7023,-87.3435
243438.7535,191238,89,-0.4431,-0.8594,0.0576,52.1221,-104.3817,-86.8702
243438.7535,191248,89,-0.4409,-0.9263,0.1636,49.1603,-107.6031,-84.7939
243438.7535,191258,89,-0.4053,-1.0178,0.2502,45.7099,-110.5649,-80.1985
243438.8710,191268,90,-0.3801,-1.0920,0.2893,42.9924,-113.0840,-73.4809
243438.8710,191278,90,-0.3391,-1.2329,0.2637,37.0687,-116.7176,-66.0305
243438.8710,191288,90,-0.3306,-1.3638,0.2583,33.6183,-121.2824,-55.7710
243438.8710,191298,90,-0.3687,-1.4609,0.2717,30.9313,-125.6336,-40.1527
243438.8710,191308,90,-0.4199,-1.4749,0.3254,28.7786,-130.8702,-20.1374
243438.8710,191318,90,-0.4832,-1.4241,0.4570,25.7405,-137.8168,2.7786
243438.8710,191328,90,-0.5874,-1.3291,0.5889,23.5573,-141.1756,22.7176
243438.8710,191338,90,-0.6633,-1.1887,0.7231,22.0611,-140.0305,36.4275
243438.8710,191348,90,-0.7524,-1.0708,0.8171,17.2061,-133.9542,46.4275
243438.8710,191358,90,-0.8601,-0.9954,0.8423,7.9847,-127.5420,52.4733
243438.9345,191368,91,-0.9229,-0.9514,0.8547,-1.8473,-123.8015,53.6794
243438.9345,191378,91,-0.9719,-0.9426,0.8872,-12.1069,-120.8244,52.8244
243438.9345,191388,91,-0.9978,-0.9402,0.9185,-21.4046,-115.7099,53.3130
243438.9345,191398,91,-1.0254,-0.9097,0.9583,-28.8397,-109.2519,55.6947
243438.9345,191408,91,-1.0427,-0.8645,0.9729,-36.9160,-102.4427,59.8168
243438.9345,191418,91,-1.0166,-0.8313,0.9507,-43.2366,-96.3969,63.0382
243438.9345,191428,91,-1.0256,-0.8044,0.9050,-48.1985,-88.4122,65.6489
243438.9345,191438,91,-1.0247,-0.7776,0.8435,-52.9618,-83.6489,69.0840
243438.9345,191448,91,-1.0747,-0.6943,0.8284,-56.9008,-80.3969,73.9542
243438.9345,191458,91,-1.0730,-0.5657,0.8408,-59.8321,-80.0611,78.7939
243439.1159,191468,92,-1.0698,-0.4824,0.8452,-62.9618,-78.0153,78.8244
243439.1159,191478,92,-1.0776,-0.4595,0.8347,-67.3893,-72.5802,75.0534
243439.1159,191488,92,-1.0791,-0.4863,0.7854,-73.4809,-65.8168,71.5573
243439.1159,191498,92,-1.0571,-0.5359,0.7205,-78.9008,-62.6565,70.3511
243439.1159,191508,92,-1.0273,-0.5803,0.6982,-79.8779,-63.9389,72.9313
243439.1159,191518,92,-0.9905,-0.5513,0.7312,-77.4351,-63.7405,80.7176
243439.1159,191528,92,-1.0251,-0.4800,0.7771,-73.5878,-58.7939,90.7634
243439.1159,191538,92,-1.0613,-0.3418,0.8403,-67.5573,-55.2824,98.3206
243439.1159,191548,92,-1.0764,-0.2334,0.9031,-65.3130,-53.5115,100.4122
243439.1159,191558,92,-1.1050,-0.1792,0.9575,-66.2595,-48.4580,97.5115
243439.1819,191568,93,-1.1553,-0.1943,0.9702,-70.0916,-41.9389,89.4656
243439.1819,191578,93,-1.1960,-0.2695,0.9768,-76.1985,-37.4962,81.9695
243439.1819,191588,93,-1.2056,-0.3403,1.0435,-78.6565,-35.2519,79.5115
243439.1819,191598,93,-1.1736,-0.3691,1.1245,-77.3435,-32.0916,81.7863
243439.1819,191608,93,-1.1877,-0.3638,1.2114,-73.5878,-23.6489,88.0305
243439.1819,191618,93,-1.1790,-0.2581,1.3506,-64.0000,-16.9466,95.8321
243439.1819,191628,93,-1.1597,-0.1523,1.4814,-57.3282,-8.8702,99.6336
243439.1819,191638,93,-1.1445,-0.0562,1.5500,-54.8855,2.7634,99.6641
243439.1819,191648,93,-1.1182,0.0491,1.5796,-54.7939,14.3664,98.7328
243439.1819,191658,93,-1.0664,0.0740,1.5574,-57.9389,25.2214,94.1221
243439.2340,191668,94,-1.0295,0.1362,1.5322,-53.5573,35.2061,88.9466
243439.2340,191678,94,-0.9546,0.2253,1.5154,-50.4275,44.6260,84.1527
243439.2340,191688,94,-0.9236,0.2578,1.4585,-54.0000,59.2824,78.4275
243439.2340,191698,94,-0.8896,0.2654,1.3564,-57.0534,70.5649,72.7023
243439.2340,191708,94,-0.8516,0.2898,1.2542,-55.9389,76.7634,69.9847
243439.2340,191718,94,-0.8376,0.3579,1.2083,-50.1679,80.7939,69.2977
243439.2340,191728,94,-0.7896,0.4136,1.1692,-43.3740,83.1908,68.3053
243439.2340,191738,94,-0.7666,0.4558,1.1272,-34.7634,87.4962,65.4046
243439.2340,191748,94,-0.7603,0.4973,1.0850,-25.7405,91.4504,62.0153
243439.2340,191758,94,-0.7314,0.4941,1.0286,-18.1069,92.5496,58.5191
243439.4145,191768,95,-0.7139,0.4822,0.9653,-9.4198,94.6870,54.5954
243439.4145,191778,95,-0.6987,0.4719,0.9351,-0.2137,96.7481,52.1679
243439.4145,191788,95,-0.6777,0.4998,0.9290,7.5420,97.3588,51.5725
243439.4145,191798,95,-0.6357,0.5408,0.9287,14.8702,100.5344,50.7176
243439.4145,191808,95,-0.6582,0.5437,0.8667,20.9924,109.4809,47.4809
243439.4145,191818,95,-0.6614,0.5400,0.7708,27.4198,113.3740,43.2824
243439.4145,191828,95,-0.6558,0.5349,0.7058,31.4046,111.0229,40.2290
243439.4145,191838,95,-0.6594,0.5347,0.6479,36.6870,108.1832,36.3969
243439.4145,191848,95,-0.6208,0.4973,0.6128,43.2672,106.6412,29.6794
243439.4145,191858,95,-0.6199,0.4243,0.5637,50.0763,107.2824,24.1679
243439.4791,191868,96,-0.6218,0.3906,0.5344,58.3053,104.8397,21.7557
243439.4791,191878,96,-0.5886,0.3682,0.5020,64.4885,100.3817,20.3053
243439.4791,191888,96,-0.5857,0.3423,0.4854,70.4275,99.2214,19.8473
243439.4791,191898,96,-0.5828,0.3401,0.4404,78.2595,98.5191,19.2672
243439.4791,191908,96,-0.5818,0.3132,0.3831,85.2061,98.1069,18.3511
243439.4791,191918,96,-0.5493,0.3623,0.3535,95.2214,96.4580,18.2595
243439.4791,191928,96,-0.5713,0.3618,0.2988,100.1069,95.3282,18.6565
243439.4791,191938,96,-0.5193,0.4114,0.2717,106.8092,92.0916,14.5649
243439.4791,191948,96,-0.5134,0.4309,0.2034,111.3282,90.1374,7.7099
243439.4791,191958,96,-0.4641,0.4375,0.1611,113.2519,85.0076,-0.3359
243439.7122,191968,97,-0.4353,0.4253,0.1204,113.2824,78.9160,-10.4733
243439.7122,191978,97,-0.3743,0.4048,0.1030,111.5725,70.4580,-21.8321
243439.7122,191988,97,-0.3218,0.3550,0.0728,108.5191,64.4427,-33.6947
243439.7122,191998,97,-0.2761,0.3047,0.0378,106.7481,59.2519,-45.5267
243439.7122,192008,97,-0.2395,0.2581,-0.0020,104.0000,53.7099,-57.0229
243439.7122,192018,97,-0.1829,0.1819,-0.0310,99.8779,46.8092,-67.3130
243439.7122,192028,97,-0.1638,0.0891,-0.0581,97.3893,41.8626,-75.0992
243439.7122,192038,97,-0.1523,0.0298,-0.1072,97.2977,36.4733,-79.5878
243439.7122,192048,97,-0.1548,-0.0051,-0.1350,97.5267,29.5878,-82.0916
243439.7122,192058,97,-0.1316,-0.0432,-0.1382,96.7786,20.9313,-84.0153
243439.7767,192068,98,-0.1550,-0.0549,-0.1433,95.9389,14.5344,-86.5649
243439.7767,192078,98,-0.1675,-0.0789,-0.1528,92.1985,7.3130,-89.8015
243439.7767,192088,98,-0.1567,-0.1311,-0.1377,88.3053,-1.4351,-93.1603
243439.7767,192098,98,-0.1482,-0.1975,-0.1213,89.0382,-8.7328,-95.0229
243439.7767,192108,98,-0.1555,-0.2109,-0.1072,94.6870,-14.3053,-95.2519
243439.7767,192118,98,-0.1614,-0.2129,-0.0852,99.1603,-21.3130,-95.4809
243439.7767,192128,98,-0.1453,-0.2512,-0.0681,97.9389,-30.2901,-97.0534
243439.7767,192138,98,-0.1282,-0.3093,-0.0874,94.3969,-38.3817,-100.6412
243439.7767,192148,98,-0.1338,-0.3833,-0.0803,91.1603,-46.4885,-105.9542
243439.7767,192158,98,-0.1223,-0.5137,-0.0774,85.0076,-57.3282,-111.9695
243439.8326,192168,99,-0.1357,-0.6621,-0.0603,78.6565,-66.6565,-114.9618
243439.8326,192178,99,-0.1616,-0.7722,-0.0435,76.6718,-76.2290,-113.7099
243439.8326,192188,99,-0.1924,-0.8713,-0.0054,79.0840,-85.9847,-109.2824
243439.8326,192198,99,-0.2366,-0.9141,0.0698,85.8626,-93.2672,-102.7481
243439.8326,192208,99,-0.3005,-0.9309,0.1257,87.9847,-97.7710,-95.2672
243439.8326,192218,99,-0.3486,-0.9414,0.1648,81.1145,-103.4656,-89.2366
243439.8326,192228,99,-0.3843,-1.0105,0.1543,69.9847,-110.1221,-85.8473
243439.8326,192238,99,-0.4163,-1.1208,0.1233,61.7557,-118.9924,-84.5496
243439.8326,192248,99,-0.4570,-1.2375,0.1484,55.0534,-130.8397,-82.8702
243439.8326,192258,99,-0.5132,-1.2898,0.2942,48.6412,-144.6260,-76.9008
243439.8912,192268,100,-0.5347,-1.2410,0.5100,42.7176,-154.7176,-66.9313
243439.8912,192278,100,-0.5608,-1.1914,0.6750,35.6794,-154.0458,-56.2595
243439.8912,192288,100,-0.6206,-1.1182,0.7673,35.4504,-146.5191,-50.7786
243439.8912,192298,100,-0.6467,-1.0845,0.7788,38.8550,-140.6565,-52.6412
243439.8912,192308,100,-0.6370,-1.1460,0.7419,35.0534,-135.2519,-57.9389
243439.8912,192318,100,-0.6533,-1.3135,0.6511,24.0458,-133.6641,-63.8168
243439.8912,192328,100,-0.6333,-1.5391,0.5896,9.8015,-138.4733,-65.0534
243439.8912,192338,100,-0.6831,-1.6787,0.6140,-1.4351,-144.8550,-53.0534
243439.8912,192348,100,-0.7229,-1.5310,0.8223,-5.8626,-150.4580,-27.3588
243439.8912,192358,100,-0.7026,-1.2925,1.0981,-13.3130,-149.9695,2.7176
243439.8934,192368,101,-0.7866,-1.0718,1.2156,-16.2901,-134.0153,21.5420
243439.8934,192378,101,-0.8350,-0.8860,1.2043,-13.3130,-114.8092,28.8702
243439.8934,192388,101,-0.8523,-0.7505,1.1472,-13.4198,-100.4733,28.3969
243439.8934,192398,101,-0.8657,-0.7412,1.0269,-24.2137,-91.9237,21.4962
243439.8934,192408,101,-0.8323,-0.8616,0.9023,-40.9313,-89.2366,12.3053
243439.8934,192418,101,-0.8330,-1.0190,0.7876,-54.3206,-88.6718,7.8931
243439.8934,192428,101,-0.8472,-1.1719,0.7195,-64.5496,-91.5725,12.7023
243439.8934,192438,101,-0.8188,-1.2607,0.7302,-64.2595,-95.0382,28.5496
243439.8934,192448,101,-0.8809,-1.1926,0.8459,-54.5649,-90.3359,51.8931
243439.8934,192458,101,-0.9299,-1.0266,0.9976,-46.5191,-85.4198,76.1374
243440.0782,192468,102,-0.9595,-0.8945,1.0830,-43.0840,-80.5496,92.2748
243440.0782,192478,102,-0.9500,-0.8252,1.1042,-44.5802,-75.5267,101.8473
243440.0782,192488,102,-0.9614,-0.7852,1.0891,-46.7786,-67.0229,108.5954
243440.0782,192498,102,-0.9507,-0.7642,1.0830,-50.6260,-62.4275,114.4580
243440.0782,192508,102,-0.9333,-0.7080,1.1230,-50.8550,-59.5878,122.2901
243440.0782,192518,102,-0.9197,-0.6079,1.1804,-48.4733,-55.2977,129.7252
243440.0782,192528,102,-0.9077,-0.5051,1.2302,-50.7481,-47.2977,134.6718
243440.0782,192538,102,-0.9109,-0.4592,1.2195,-56.2137,-36.0000,137.0687
243440.0782,192548,102,-0.9292,-0.4058,1.1892,-59.4504,-25.6641,137.5267
243440.0782,192558,102,-0.9541,-0.3364,1.1531,-63.1298,-19.0534,138.0611
243440.1908,192568,103,-0.9609,-0.2292,1.1450,-66.8550,-14.8702,137.5878
243440.1908,192578,103,-0.9885,-0.1638,1.1135,-70.3969,-8.1069,135.0229
243440.1908,192588,103,-0.9463,-0.0908,1.0962,-70.3511,-1.9389,127.5878
243440.1908,192598,103,-0.9746,-0.0908,1.0388,-71.1603,5.5420,118.6718
243440.1908,192608,103,-0.9558,-0.0793,1.0039,-71.6336,9.6794,108.9466
243440.1908,192618,103,-0.9573,-0.0806,0.9993,-74.0153,14.2290,101.5878
243440.1908,192628,103,-0.9539,-0.0938,1.0195,-76.6412,17.2061,99.4504
243440.1908,192638,103,-0.9299,-0.0950,1.0674,-74.5802,18.6412,98.6870
243440.1908,192648,103,-0.9360,-0.0400,1.1602,-69.7710,22.4122,100.1832
243440.1908,192658,103,-0.9268,0.0305,1.2141,-66.4275,28.6260,102.1221
243440.1930,192668,104,-0.9480,0.0945,1.2300,-61.1298,36.8092,101.5115
243440.1930,192678,104,-0.9551,0.1658,1.2336,-52.1374,44.3664,98.5802
243440.1930,192688,104,-0.9480,0.2195,1.2385,-43.1298,51.2672,91.7557
243440.1930,192698,104,-0.9446,0.2432,1.2397,-36.3664,58.4885,83.8473
243440.1930,192708,104,-0.9255,0.2832,1.2192,-32.8397,65.2672,77.6183
243440.1930,192718,104,-0.9214,0.3025,1.1770,-30.9771,72.1679,72.4885
243440.1930,192728,104,-0.8970,0.3232,1.1453,-28.4275,77.0076,66.9466
243440.1930,192738,104,-0.8770,0.3447,1.1023,-26.3359,80.1374,61.4656
243440.1930,192748,104,-0.8391,0.3274,1.0566,-26.6870,83.7099,55.4809
243440.1930,192758,104,-0.8284,0.2905,1.0027,-26.4580,91.3282,51.0229
243440.3172,192768,105,-0.8154,0.2349,0.9202,-25.4962,97.3130,49.1145
243440.3172,192778,105,-0.7942,0.2322,0.8464,-18.4733,100.1832,51.0687
243440.3172,192788,105,-0.7827,0.2349,0.8081,-8.8550,100.9618,54.8244
243440.3172,192798,105,-0.7800,0.2449,0.7783,1.3893,101.2672,57.4656
243440.3172,192808,105,-0.7810,0.3193,0.7349,12.3053,104.6107,58.6718
243440.3172,192818,105,-0.7922,0.3525,0.7000,19.2672,106.0458,59.2366
243440.3172,192828,105,-0.7871,0.4116,0.6724,30.1069,102.3359,54.5954
243440.3172,192838,105,-0.7556,0.4309,0.6516,36.5344,100.4885,49.4046
243440.3172,192848,105,-0.7434,0.4509,0.6128,41.7405,100.4733,42.6870
243440.3172,192858,105,-0.7217,0.4111,0.5879,47.8779,101.7863,34.3359
243440.4914,192868,106,-0.7102,0.3740,0.5698,55.7710,101.5878,27.4504
243440.4914,192878,106,-0.6489,0.3660,0.5964,63.4046,98.5954,23.1145
243440.4914,192888,106,-0.6133,0.3672,0.6086,69.6183,98.5496,19.3893
243440.4914,192898,106,-0.5603,0.3621,0.5681,73.2672,99.7252,15.0382
243440.4914,192908,106,-0.5256,0.3635,0.5237,76.1527,100.2290,9.2672
243440.4914,192918,106,-0.4780,0.3389,0.4685,78.8702,98.9160,2.7328
243440.4914,192928,106,-0.4478,0.2891,0.4001,81.8473,97.2672,-4.7023
243440.4914,192938,106,-0.4104,0.2432,0.3237,81.7710,93.5267,-10.4885
243440.4914,192948,106,-0.3860,0.2063,0.2605,79.0992,89.6489,-14.0153
243440.4914,192958,106,-0.3757,0.2061,0.2075,81.0229,87.0687,-16.3359
243440.5027,192968,107,-0.3499,0.1902,0.1655,84.9771,84.1527,-21.1145
243440.5027,192978,107,-0.3921,0.1641,0.0974,88.8550,79.8931,-26.0763
243440.5027,192988,107,-0.3379,0.1643,0.0623,91.0534,71.7252,-29.3588
243440.5027,192998,107,-0.3760,0.1555,0.0310,89.3282,69.1756,-33.1756
243440.5027,193008,107,-0.3792,0.1201,-0.0237,85.5115,62.9466,-36.9313
243440.5027,193018,107,-0.3706,0.0984,-0.0227,85.4962,54.9924,-40.7786
243440.5027,193028,107,-0.3635,0.0886,-0.0151,86.5344,49.3130,-44.0763
243440.5027,193038,107,-0.3628,0.0686,-0.0046,88.0458,44.7634,-47.0687
243440.5027,193048,107,-0.3894,0.1062,-0.0044,91.1908,41.0687,-50.3817
243440.5027,193058,107,-0.4028,0.1377,-0.0181,89.3740,35.2366,-55.6947
243440.6763,193068,108,-0.4131,0.1672,-0.0217,86.4427,28.8550,-63.5115
243440.6763,193078,108,-0.3816,0.1958,-0.0190,84.6412,21.2977,-74.8397
243440.6763,193088,108,-0.3416,0.1482,-0.0110,80.6870,15.6641,-89.6183
243440.6763,193098,108,-0.2893,0.0291,-0.0464,73.7863,10.4580,-104.8397
243440.6763,193108,108,-0.2341,-0.0867,-0.1106,69.0076,4.2137,-118.0153
243440.6763,193118,108,-0.1775,-0.2371,-0.1306,66.3664,-4.5344,-129.7557
243440.6763,193128,108,-0.1201,-0.4119,-0.1165,64.6870,-14.4427,-138.2901
243440.6763,193138,108,-0.0957,-0.5603,-0.0962,60.4427,-19.4962,-141.0229
243440.6763,193148,108,-0.1179,-0.7280,-0.1333,53.0076,-19.8931,-137.5115
243440.6763,193158,108,-0.1516,-0.8401,-0.1616,53.2977,-23.4351,-127.4198
243440.7907,193168,109,-0.1584,-0.8696,-0.1567,59.9084,-31.4046,-112.1832
243440.7907,193178,109,-0.1799,-0.8081,-0.1326,66.0000,-38.2290,-95.8931
243440.7907,193188,109,-0.2356,-0.7043,-0.1162,68.8397,-41.7405,-83.1145
243440.7907,193198,109,-0.2798,-0.6360,-0.1145,68.5649,-47.4046,-77.6031
243440.7907,193208,109,-0.3191,-0.6118,-0.1230,65.5725,-57.0840,-78.5191
243440.7907,193218,109,-0.3318,-0.6526,-0.1248,58.5038,-69.4351,-82.6412
243440.7907,193228,109,-0.2935,-0.7490,-0.1089,51.3893,-80.2748,-86.4275
243440.7907,193238,109,-0.2986,-0.8601,-0.0657,50.6718,-84.4122,-87.8779
243440.7907,193248,109,-0.3132,-0.9878,-0.0547,49.9084,-88.4733,-86.6107
243440.7907,193258,109,-0.3074,-1.0898,-0.0188,48.3664,-98.9924,-80.1374
243440.8002,193268,110,-0.2856,-1.1582,0.0803,49.5878,-111.1450,-69.6183
243440.8002,193278,110,-0.2908,-1.2041,0.1580,49.4656,-120.3511,-57.3893
243440.8002,193288,110,-0.3057,-1.2610,0.2129,45.2061,-126.3817,-46.0458
243440.8002,193298,110,-0.3337,-1.3367,0.2593,40.3053,-133.0382,-35.5267
243440.8002,193308,110,-0.3801,-1.4224,0.3005,34.9160,-139.5115,-22.6565
243440.8002,193318,110,-0.4482,-1.4504,0.3804,29.2824,-145.2672,-7.6794
243440.8002,193328,110,-0.4685,-1.4163,0.5532,25.1908,-152.3817,7.2977
243440.8002,193338,110,-0.5535,-1.3442,0.7427,21.5725,-151.4504,22.5344
243440.8002,193348,110,-0.6443,-1.2031,0.9114,18.9008,-146.4275,36.7176
243440.8002,193358,110,-0.7297,-1.0378,1.0381,16.0305,-138.4580,46.2595
243441.0383,193368,111,-0.7786,-0.8962,1.1111,11.2672,-129.1298,48.3359
243441.0383,193378,111,-0.8450,-0.8391,1.0950,0.5496,-117.8473,43.7710
243441.0383,193388,111,-0.8635,-0.8875,0.9766,-14.9313,-110.4580,36.8855
243441.0383,193398,111,-0.8552,-0.9851,0.8533,-26.5191,-107.1298,32.5191
243441.0383,193408,111,-0.8718,-1.0432,0.7742,-30.3664,-105.0076,33.8626
243441.0383,193418,111,-0.8613,-1.0820,0.7319,-33.7405,-105.1298,41.8168
243441.0383,193428,111,-0.8821,-1.0483,0.7285,-33.4351,-104.0458,53.6336
243441.0383,193438,111,-0.9180,-0.9846,0.7256,-33.0840,-101.3435,66.5191
243441.0383,193448,111,-0.9614,-0.8828,0.7542,-32.0916,-100.0763,78.2748
243441.0383,193458,111,-1.0139,-0.7390,0.8223,-31.3130,-97.2977,87.2214
243441.0999,193468,112,-1.0273,-0.6499,0.8901,-32.7481,-96.8550,92.3359
243441.0999,193478,112,-1.0540,-0.5605,0.9465,-33.9237,-92.6718,94.0458
243441.0999,193488,112,-1.0713,-0.5244,0.9680,-37.1145,-86.8244,92.9771
243441.0999,193498,112,-1.0410,-0.5366,0.9998,-40.6107,-83.3588,90.7786
243441.0999,193508,112,-1.0264,-0.5725,1.0278,-43.1450,-78.9618,89.9389
243441.0999,193518,112,-0.9854,-0.6106,1.0544,-44.1679,-75.9237,91.8779
243441.0999,193528,112,-0.9646,-0.6089,1.1079,-44.9160,-72.3969,96.4122
243441.0999,193538,112,-0.9348,-0.5510,1.1851,-45.7863,-67.2672,103.2519
243441.0999,193548,112,-0.9248,-0.4897,1.2139,-47.3588,-58.2901,108.7328
243441.0999,193558,112,-0.9644,-0.4309,1.1753,-51.3893,-47.6031,112.7786
243441.1530,193568,113,-0.9624,-0.3865,1.1250,-55.5725,-41.9389,115.9542
243441.1530,193578,113,-0.9753,-0.3286,1.1077,-55.0687,-36.3206,117.6489
243441.1530,193588,113,-0.9861,-0.2397,1.1011,-54.3969,-29.9542,117.4351
243441.1530,193598,113,-0.9976,-0.1768,1.0981,-56.3969,-23.8015,115.8168
243441.1530,193608,113,-0.9907,-0.1147,1.1228,-56.8702,-18.9618,112.8092
243441.1530,193618,113,-1.0051,-0.0293,1.1848,-54.6260,-12.9160,108.6107
243441.1530,193628,113,-1.0195,0.0281,1.2288,-53.0992,-5.6031,101.8931
243441.1530,193638,113,-1.0227,0.0149,1.2542,-53.3893,1.2824,93.1603
243441.1530,193648,113,-1.0452,-0.0032,1.2900,-52.4275,8.2290,86.1679
243441.1530,193658,113,-1.0344,-0.0212,1.3394,-51.9084,14.8702,83.2824
243441.3340,193668,114,-1.0125,-0.0100,1.3867,-49.0992,23.2672,83.8626
243441.3340,193678,114,-1.0100,0.0352,1.4033,-44.6412,34.2137,86.2443
243441.3340,193688,114,-1.0171,0.0869,1.3904,-41.6489,45.9847,88.9924
243441.3340,193698,114,-1.0076,0.1938,1.3887,-38.7328,56.0611,92.0153
243441.3340,193708,114,-1.0120,0.3176,1.3884,-35.9695,65.5573,92.6718
243441.3340,193718,114,-0.9819,0.4141,1.3259,-33.8015,72.2443,89.5115
243441.3340,193728,114,-0.9785,0.4734,1.2563,-29.4351,79.7863,82.6565
243441.3340,193738,114,-0.9651,0.5090,1.1887,-24.3664,84.7481,72.6260
243441.3340,193748,114,-0.9319,0.4634,1.1179,-23.6794,87.2672,61.6794
243441.3340,193758,114,-0.8979,0.4038,1.0745,-20.9160,89.4504,53.0687
243441.4004,193768,115,-0.8699,0.3289,1.0315,-18.0611,92.1527,48.4122
243441.4004,193778,115,-0.8574,0.2778,0.9714,-12.3206,94.9008,47.6794
243441.4004,193788,115,-0.8323,0.2415,0.8994,-5.5115,95.8321,49.2824
243441.4004,193798,115,-0.8047,0.2346,0.8708,3.6947,96.8397,53.4046
243441.4004,193808,115,-0.7688,0.2935,0.8828,16.6107,97.8321,58.7939
243441.4004,193818,115,-0.7471,0.3838,0.9011,30.7176,99.5267,62.7634
243441.4004,193828,115,-0.6997,0.4871,0.8860,42.6260,100.7328,62.3511
243441.4004,193838,115,-0.6719,0.5681,0.8596,49.5420,103.9237,56.4122
243441.4004,193848,115,-0.6255,0.6143,0.8164,50.3359,106.1832,46.2748
243441.4004,193858,115,-0.5847,0.6028,0.7385,46.3359,109.2977,33.1450
243441.4529,193868,116,-0.5493,0.5706,0.6650,44.4580,113.2672,18.4580
243441.4529,193878,116,-0.5247,0.5005,0.5854,43.2519,112.5344,5.9695
243441.4529,193888,116,-0.4817,0.4268,0.5295,43.0382,107.1298,-3.1756
243441.4529,193898,116,-0.4062,0.3281,0.4822,45.9542,101.8779,-9.1298
243441.4529,193908,116,-0.3706,0.2656,0.4431,54.0763,102.6260,-11.6336
243441.4529,193918,116,-0.3625,0.2305,0.3818,64.9160,104.3053,-10.9618
243441.4529,193928,116,-0.3508,0.2461,0.3352,74.1832,103.5573,-9.8321
243441.4529,193938,116,-0.3667,0.2595,0.2292,79.4656,100.8855,-10.0763
243441.4529,193948,116,-0.3513,0.3130,0.2048,82.0305,96.7023,-11.5267
243441.4529,193958,116,-0.3914,0.3408,0.1533,83.2366,90.9466,-13.3588
243441.5141,193968,117,-0.3665,0.3633,0.1177,87.2061,83.0229,-20.0305
243441.5141,193978,117,-0.3674,0.3127,0.0735,92.1069,78.8244,-28.6718
243441.5141,193988,117,-0.4006,0.2095,0.0105,95.1145,73.6641,-36.0763
243441.5141,193998,117,-0.3813,0.1284,-0.0195,101.4198,63.5115,-39.1298
243441.5141,194008,117,-0.3523,0.0793,-0.0291,111.8931,55.3435,-39.5878
243441.5141,194018,117,-0.3601,0.0508,0.0144,121.5115,53.8779,-38.7786
243441.5141,194028,117,-0.3828,0.1128,0.0559,127.2061,51.1450,-38.0763
243441.5141,194038,117,-0.3562,0.1382,0.0964,122.3359,43.0992,-40.5954
243441.5141,194048,117,-0.3569,0.1658,0.1226,112.8244,37.1298,-47.4046
243441.5141,194058,117,-0.3433,0.1252,0.1003,101.0076,30.6107,-57.2977
243441.6332,194068,118,-0.3142,0.0493,0.0554,92.1985,23.4198,-67.7710
243441.6332,194078,118,-0.3020,-0.0391,0.0242,87.6336,16.8244,-76.0000
243441.6332,194088,118,-0.3005,-0.1069,0.0288,85.2214,9.3893,-80.2901
243441.6332,194098,118,-0.2747,-0.1387,0.0427,82.7481,1.9847,-81.5878
243441.6332,194108,118,-0.2812,-0.1799,0.0510,81.0534,-2.5954,-82.6260
243441.6332,194118,118,-0.3003,-0.2151,0.0161,79.0534,-4.7939,-83.3435
243441.6332,194128,118,-0.3408,-0.2390,-0.0332,76.3511,-8.0611,-84.2595
243441.6332,194138,118,-0.3384,-0.2983,-0.0620,71.4046,-16.5191,-85.7863
243441.6332,194148,118,-0.3540,-0.3445,-0.0461,68.4733,-23.8015,-86.6107
243441.6332,194158,118,-0.3657,-0.3848,-0.0337,67.3588,-29.8321,-86.1221
243441.7526,194168,119,-0.4180,-0.4414,0.0115,71.2519,-42.1985,-84.3206
243441.7526,194178,119,-0.4280,-0.4492,0.0454,68.3359,-50.4427,-83.2977
243441.7526,194188,119,-0.4258,-0.4573,0.0908,64.5802,-57.1145,-83.3588
243441.7526,194198,119,-0.4431,-0.4807,0.1099,61.0840,-61.6794,-85.1603
243441.7526,194208,119,-0.4482,-0.5256,0.1165,55.7099,-67.7710,-88.2443
243441.7526,194218,119,-0.4407,-0.6047,0.1223,49.5725,-74.8855,-91.2672
243441.7526,194228,119,-0.4265,-0.6938,0.1323,46.3206,-82.4427,-93.4809
243441.7526,194238,119,-0.3901,-0.8071,0.1599,44.2901,-90.5649,-94.6107
243441.7526,194248,119,-0.3689,-0.9263,0.1763,43.3282,-97.1450,-94.8244
243441.7526,194258,119,-0.3474,-1.0481,0.1963,44.1527,-104.9771,-93.1145
243441.9317,194268,120,-0.3335,-1.2100,0.2073,38.6260,-114.9618,-88.6107
243441.9317,194278,120,-0.3098,-1.2949,0.2612,33.8168,-123.5725,-80.5344
243441.9317,194288,120,-0.3457,-1.4028,0.2932,28.1527,-130.9008,-69.8473
243441.9317,194298,120,-0.3843,-1.4929,0.3303,23.4351,-139.4656,-58.8550
243441.9317,194308,120,-0.4011,-1.4924,0.4490,21.8168,-146.8550,-46.6107
243441.9317,194318,120,-0.4561,-1.4839,0.5547,18.1679,-149.8626,-29.6947
243441.9317,194328,120,-0.5066,-1.4224,0.6582,14.7634,-151.1603,-10.4733
243441.9317,194338,120,-0.5190,-1.3271,0.7510,9.3130,-150.1527,6.6260
243441.9317,194348,120,-0.5818,-1.2131,0.7815,2.9008,-141.6947,20.6870
243441.9317,194358,120,-0.6348,-1.1099,0.7520,-5.5573,-132.7328,31.6489
243441.9343,194368,121,-0.6982,-1.0222,0.7307,-12.9618,-124.8702,38.9008
243441.9343,194378,121,-0.7363,-0.9719,0.6929,-19.4504,-118.0611,43.3282
243441.9343,194388,121,-0.8027,-0.9492,0.6287,-25.7099,-113.3893,46.0763
243441.9343,194398,121,-0.8774,-0.9258,0.6125,-30.5649,-111.5267,50.7786
243441.9343,194408,121,-0.9067,-0.8779,0.6311,-31.4046,-112.3206,56.7328
243441.9343,194418,121,-0.9507,-0.8262,0.6716,-30.9466,-112.1985,61.4504
243441.9343,194428,121,-1.0029,-0.7693,0.7405,-32.1679,-110.9160,65.7099
243441.9343,194438,121,-1.0256,-0.7234,0.8325,-35.3893,-109.5115,68.8702
243441.9343,194448,121,-1.0559,-0.7048,0.9084,-39.5878,-104.9313,70.9924
243441.9343,194458,121,-1.0813,-0.6904,0.9712,-41.4809,-98.6107,73.0076
243442.0599,194468,122,-1.0757,-0.6721,1.0325,-42.7328,-93.5267,75.4809
243442.0599,194478,122,-1.0962,-0.6772,1.0798,-45.0076,-85.6336,78.4122
243442.0599,194488,122,-1.0735,-0.6816,1.1360,-45.7252,-80.2901,81.0992
243442.0599,194498,122,-1.0388,-0.6926,1.2373,-46.4275,-74.6412,83.6947
243442.0599,194508,122,-1.0054,-0.6851,1.3137,-50.0153,-67.0229,87.8626
243442.0599,194518,122,-1.0017,-0.6172,1.3577,-55.8473,-57.0382,94.4580
243442.0599,194528,122,-0.9692,-0.5789,1.3127,-63.4809,-46.6260,100.7023
243442.0599,194538,122,-0.9868,-0.5024,1.2659,-61.9695,-34.5496,104.9466
243442.0599,194548,122,-0.9971,-0.4353,1.2400,-62.1527,-27.2519,107.0992
243442.0599,194558,122,-0.9807,-0.3965,1.2102,-68.4122,-22.5954,108.0916
243442.1144,194568,123,-0.9653,-0.3621,1.2034,-72.8092,-16.5954,108.3206
243442.1144,194578,123,-0.9797,-0.3101,1.2136,-73.5878,-9.2061,108.4580
243442.1144,194588,123,-0.9927,-0.2573,1.2251,-72.8855,-4.0458,108.5496
243442.1144,194598,123,-0.9724,-0.1914,1.2583,-69.3740,-0.0458,107.6336
243442.1144,194608,123,-0.9846,-0.1245,1.3176,-63.2366,9.7710,105.6794
243442.1144,194618,123,-0.9919,-0.0510,1.3193,-58.8092,20.5038,102.5038
243442.1144,194628,123,-0.9863,-0.0266,1.3020,-58.8092,29.0382,99.4046
243442.1144,194638,123,-0.9741,-0.0144,1.2869,-57.0382,36.8092,96.6107
243442.1144,194648,123,-0.9912,0.0117,1.2639,-54.2443,43.2519,95.4198
243442.1144,194658,123,-0.9587,0.0410,1.2449,-52.9771,46.8550,94.5954
243442.2335,194668,124,-0.9553,0.1030,1.2654,-50.5954,51.6947,94.0305
243442.2335,194678,124,-0.9302,0.1880,1.3066,-47.2366,56.0763,92.8397
243442.2335,194688,124,-0.9082,0.2178,1.3049,-47.8779,62.2290,88.1985
243442.2335,194698,124,-0.9087,0.2339,1.2710,-47.7863,69.4351,81.8168
243442.2335,194708,124,-0.8916,0.2422,1.2483,-47.2214,74.0916,76.2443
243442.2335,194718,124,-0.8701,0.2312,1.2349,-44.0458,78.3969,72.6565
243442.2335,194728,124,-0.8364,0.2471,1.2153,-34.4427,83.7863,71.4046
243442.2335,194738,124,-0.8086,0.2952,1.1765,-23.6794,90.3817,71.5573
243442.2335,194748,124,-0.7766,0.3596,1.1252,-15.6031,96.7176,71.1145
243442.2335,194758,124,-0.7363,0.4082,1.0833,-10.5954,101.9542,69.6183
243442.3603,194768,125,-0.7070,0.4443,1.0227,-6.8702,106.9160,66.1832
243442.3603,194778,125,-0.6970,0.4822,0.9563,-1.9237,111.0687,61.9084
243442.3603,194788,125,-0.6814,0.5012,0.8892,1.9542,113.4656,57.2214
243442.3603,194798,125,-0.6584,0.5237,0.8201,6.8244,115.0382,52.4885
243442.3603,194808,125,-0.6418,0.5239,0.7449,12.0000,115.6641,47.2824
243442.3603,194818,125,-0.6216,0.5183,0.6770,19.2824,115.7863,42.3359
243442.3603,194828,125,-0.5884,0.5166,0.6428,26.5954,115.0687,38.2901
243442.3603,194838,125,-0.5559,0.5139,0.6196,33.5878,114.6412,34.4427
243442.3603,194848,125,-0.5276,0.4873,0.5769,38.9466,115.6489,29.8321
243442.3603,194858,125,-0.5332,0.4788,0.5056,44.3206,116.6412,26.1679
243442.4160,194868,126,-0.5425,0.4744,0.4495,49.2672,114.3206,23.6031
243442.4160,194878,126,-0.5256,0.4866,0.3928,54.9618,110.0305,19.4198
243442.4160,194888,126,-0.5500,0.4663,0.3047,57.5420,108.5649,14.6412
243442.4160,194898,126,-0.5332,0.4678,0.2490,61.9084,104.1221,8.2290
243442.4160,194908,126,-0.5156,0.4697,0.2334,67.7099,98.0916,1.8015
243442.4160,194918,126,-0.5415,0.4578,0.1833,70.7176,93.4198,-4.0000
243442.4160,194928,126,-0.5378,0.4580,0.1484,74.2748,87.8626,-11.7863
243442.4160,194938,126,-0.5193,0.4172,0.1321,78.6718,80.8702,-20.5954
243442.4160,194948,126,-0.5154,0.3904,0.1189,83.3893,78.1069,-29.0534
243442.4160,194958,126,-0.5300,0.3303,0.0806,84.1069,77.6794,-35.9237
243442.5936,194968,127,-0.5298,0.2659,0.0422,84.5496,72.7176,-42.1985
243442.5936,194978,127,-0.4951,0.2478,0.0300,86.4427,65.4046,-47.7252
243442.5936,194988,127,-0.4766,0.1877,0.0413,85.7863,60.8397,-51.4504
243442.5936,194998,127,-0.4556,0.1594,0.0234,88.3664,56.9160,-55.8168
243442.5936,195008,127,-0.4453,0.1145,-0.0110,90.2137,52.0000,-60.8855
243442.5936,195018,127,-0.4265,0.0566,-0.0308,89.5420,44.0458,-66.0000
243442.5936,195028,127,-0.4053,0.0129,-0.0271,87.9695,34.9466,-69.6947
243442.5936,195038,127,-0.3867,-0.0518,-0.0247,85.4046,27.4504,-72.8702
243442.5936,195048,127,-0.3633,-0.0933,-0.0227,83.2214,20.3206,-76.1679
243442.5936,195058,127,-0.3625,-0.1416,0.0159,79.9542,15.8626,-77.4351
243442.6567,195068,128,-0.3528,-0.1343,0.0159,81.4504,12.8855,-76.5802
243442.6567,195078,128,-0.3647,-0.1584,-0.0005,82.2748,9.3282,-76.7786
243442.6567,195088,128,-0.3784,-0.1619,0.0171,83.7557,4.3969,-77.6947
243442.6567,195098,128,-0.3582,-0.1824,0.0051,82.4580,-1.2061,-78.8092
243442.6567,195108,128,-0.3596,-0.2190,-0.0051,80.3664,-5.8931,-80.6565
243442.6567,195118,128,-0.3428,-0.2402,-0.0171,80.0763,-10.8397,-82.4275
243442.6567,195128,128,-0.3237,-0.2781,-0.0457,78.1832,-16.2595,-84.7634
243442.6567,195138,128,-0.2998,-0.3901,-0.0898,75.7863,-22.3511,-88.5496
243442.6567,195148,128,-0.2856,-0.4868,-0.1475,75.5573,-29.9847,-91.0076
243442.6567,195158,128,-0.2844,-0.5828,-0.1743,73.2519,-39.4046,-91.1756
243442.7214,195168,129,-0.2407,-0.6882,-0.1299,69.4962,-52.0763,-88.6870
243442.7214,195178,129,-0.1975,-0.7920,-0.1208,66.5496,-61.2824,-83.6641
243442.7214,195188,129,-0.2070,-0.8560,-0.1162,67.7710,-66.3969,-76.9771
243442.7214,195198,129,-0.2366,-0.8462,-0.0913,68.1221,-73.9389,-69.3588
243442.7214,195208,129,-0.2532,-0.8494,-0.0322,64.2443,-85.2977,-62.7786
243442.7214,195218,129,-0.2637,-0.8696,0.0662,60.9008,-96.6565,-59.7099
243442.7214,195228,129,-0.2729,-0.8862,0.1650,55.4809,-104.5038,-57.7252
243442.7214,195238,129,-0.3096,-0.9197,0.2678,47.6794,-107.4656,-55.3893
243442.7214,195248,129,-0.3296,-0.9434,0.3357,40.2290,-109.2672,-50.7328
243442.7214,195258,129,-0.3450,-0.9236,0.4050,35.7252,-111.1908,-43.2366
243442.8346,195268,130,-0.3660,-0.8933,0.4512,33.6336,-111.7863,-36.3359
243442.8346,195278,130,-0.3940,-0.8704,0.4355,29.4809,-111.6183,-32.7634
243442.8346,195288,130,-0.4414,-0.8865,0.4097,21.1756,-113.5878,-32.1221
243442.8346,195298,130,-0.4700,-0.9431,0.3909,11.2824,-119.1908,-33.7252
243442.8346,195308,130,-0.5037,-1.0530,0.3945,3.1298,-124.7481,-37.2061
243442.8346,195318,130,-0.5403,-1.1511,0.4399,-2.4427,-129.4351,-36.8397
243442.8346,195328,130,-0.6057,-1.1917,0.5291,-7.6794,-132.9618,-29.0229
243442.8346,195338,130,-0.6309,-1.1672,0.6611,-10.6107,-137.7099,-15.3588
243442.8346,195348,130,-0.6812,-1.0879,0.7959,-10.6260,-136.9008,-1.8473
243442.8346,195358,130,-0.7532,-1.0132,0.8662,-12.2748,-130.7634,7.0076
243442.8947,195368,131,-0.7988,-0.9819,0.8877,-17.4656,-124.1527,10.5954
243442.8947,195378,131,-0.8586,-1.0159,0.8652,-25.6641,-117.9847,11.2061
243442.8947,195388,131,-0.8848,-1.0801,0.8096,-33.6183,-113.3282,12.8397
243442.8947,195398,131,-0.9082,-1.1423,0.7434,-39.9237,-110.5191,17.2977
243442.8947,195408,131,-0.9250,-1.1748,0.7100,-43.7557,-110.1374,25.5878
243442.8947,195418,131,-0.9417,-1.1685,0.7124,-45.9237,-111.1450,37.0076
243442.8947,195428,131,-0.9460,-1.1172,0.7485,-47.3588,-111.4656,50.3511
243442.8947,195438,131,-0.9644,-1.0283,0.7981,-48.1985,-109.2824,63.5267
243442.8947,195448,131,-0.9954,-0.9592,0.8076,-48.8702,-103.7252,73.9084
243442.8947,195458,131,-1.0273,-0.9094,0.8049,-48.1221,-98.1374,81.6947
243443.0717,195468,132,-1.0522,-0.8608,0.8276,-46.7176,-95.6794,88.3053
243443.0717,195478,132,-1.0664,-0.8203,0.8818,-48.1374,-93.9237,94.9466
243443.0717,195488,132,-1.0813,-0.7583,0.9885,-49.8168,-92.2137,101.3740
243443.0717,195498,132,-1.0815,-0.6689,1.1165,-50.7176,-88.8550,106.1832
243443.0717,195508,132,-1.0901,-0.5889,1.2476,-54.0000,-81.8015,108.8092
243443.0717,195518,132,-1.0762,-0.5273,1.3452,-58.0153,-72.0458,110.4122
243443.0717,195528,132,-1.0640,-0.4351,1.4021,-59.4962,-59.7863,110.8855
243443.0717,195538,132,-1.0496,-0.3618,1.3752,-63.6183,-45.5878,110.3053
243443.0717,195548,132,-1.0420,-0.3071,1.3140,-67.1603,-31.8015,108.0458
243443.0717,195558,132,-1.0459,-0.2517,1.2512,-68.1985,-22.2137,105.4656
243443.1343,195568,133,-1.0498,-0.1826,1.2537,-65.4351,-18.0000,102.8092
243443.1343,195578,133,-1.0398,-0.0918,1.3145,-61.8931,-16.3969,100.0611
243443.1343,195588,133,-1.0408,-0.0164,1.3630,-62.1221,-12.6412,96.4427
243443.1343,195598,133,-1.0288,0.0232,1.3772,-64.9924,-6.2137,90.5038
243443.1343,195608,133,-1.0088,0.0376,1.3838,-68.4122,3.4656,85.0229
243443.1343,195618,133,-1.0256,0.0425,1.3760,-69.3588,14.9160,81.1908
243443.1343,195628,133,-1.0166,0.0618,1.3813,-67.4351,23.6641,79.5115
243443.1343,195638,133,-1.0137,0.1196,1.4102,-62.7481,32.2443,79.2214
243443.1343,195648,133,-1.0024,0.1975,1.4351,-56.6260,41.7557,78.5496
243443.1343,195658,133,-0.9971,0.2639,1.4258,-52.7481,52.8092,75.8015
243443.3171,195668,134,-0.9937,0.3311,1.3743,-49.7710,63.9237,71.0229
243443.3171,195678,134,-0.9880,0.3948,1.2922,-46.9771,72.8244,65.0687
243443.3171,195688,134,-0.9846,0.4226,1.2090,-42.1221,79.7252,57.9237
243443.3171,195698,134,-0.9658,0.4507,1.1438,-35.8779,83.3130,50.8702
243443.3171,195708,134,-0.9424,0.4517,1.0945,-30.8550,86.7328,44.0000
243443.3171,195718,134,-0.9204,0.4275,1.0547,-25.9542,90.0000,37.0382
243443.3171,195728,134,-0.8936,0.3550,1.0168,-21.4351,93.1756,30.7634
243443.3171,195738,134,-0.8579,0.2649,0.9712,-15.5725,97.1756,26.9618
243443.3171,195748,134,-0.8359,0.1965,0.9077,-9.0076,101.4809,26.9618
243443.3171,195758,134,-0.7996,0.1804,0.8669,-0.7939,103.2061,30.2137
243443.3727,195768,135,-0.7551,0.2014,0.8647,8.7328,103.8931,33.3740
243443.3727,195778,135,-0.7271,0.2554,0.8540,17.1603,105.3893,35.4046
243443.3727,195788,135,-0.6941,0.2947,0.8184,22.4885,107.7252,35.3740
243443.3727,195798,135,-0.6731,0.3438,0.7769,27.6641,110.1679,31.9542
243443.3727,195808,135,-0.6521,0.3562,0.7134,31.3893,110.5191,26.5344
243443.3727,195818,135,-0.6199,0.3398,0.6362,33.1603,109.0534,20.8397
243443.3727,195828,135,-0.5940,0.3250,0.5647,38.5649,108.5496,15.0229
243443.3727,195838,135,-0.5789,0.3071,0.5007,43.8473,108.3206,9.2672
243443.3727,195848,135,-0.5615,0.2832,0.4590,46.7939,106.3206,4.5344
243443.3727,195858,135,-0.5164,0.2480,0.4292,50.1832,102.5954,0.0916
243443.5534,195868,136,-0.4836,0.2087,0.3955,55.2977,99.4809,-4.3664
243443.5534,195878,136,-0.4336,0.1731,0.3650,58.3969,96.0916,-6.5038
243443.5534,195888,136,-0.4146,0.1311,0.3250,59.3282,94.7939,-6.6412
243443.5534,195898,136,-0.3711,0.1013,0.2957,66.0763,93.2061,-5.6947
243443.5534,195908,136,-0.3745,0.1082,0.2642,76.6412,92.7023,-5.2672
243443.5534,195918,136,-0.3740,0.1257,0.2170,83.0229,89.5573,-5.3588
243443.5534,195928,136,-0.3726,0.1248,0.1785,85.2672,82.3817,-7.2214
243443.5534,195938,136,-0.3508,0.1023,0.1445,87.0382,75.2824,-10.1221
243443.5534,195948,136,-0.3555,0.0903,0.1040,89.7710,71.2366,-13.7557
243443.5534,195958,136,-0.3752,0.0593,0.0464,90.1527,64.9466,-17.1450
243443.6180,195968,137,-0.3647,0.0210,0.0054,90.9466,56.5802,-19.7405
243443.6180,195978,137,-0.4009,0.0334,0.0042,93.6641,52.1221,-21.0534
243443.6180,195988,137,-0.4231,0.0391,-0.0239,94.4885,45.9542,-23.0076
243443.6180,195998,137,-0.4465,0.0342,-0.0452,95.0992,39.0992,-26.6107
243443.6180,196008,137,-0.4758,0.0557,-0.0483,96.3053,31.3740,-30.8702
243443.6180,196018,137,-0.4783,0.0679,-0.0483,95.2366,22.5802,-36.9618
243443.6180,196028,137,-0.4880,0.0369,-0.0156,90.5649,12.9008,-44.9008
243443.6180,196038,137,-0.4421,-0.0081,0.0649,87.1908,2.2748,-53.8626
243443.6180,196048,137,-0.4233,-0.1084,0.1138,82.1527,-3.8321,-62.0763
243443.6180,196058,137,-0.4199,-0.2043,0.1187,79.1603,-7.8931,-67.7863
243443.6803,196068,138,-0.3892,-0.2725,0.1206,79.0992,-13.1756,-70.9313
243443.6803,196078,138,-0.3562,-0.3420,0.1262,80.0153,-18.1985,-73.6489
243443.6803,196088,138,-0.3430,-0.4089,0.1318,79.9237,-21.7405,-76.1374
243443.6803,196098,138,-0.3525,-0.4805,0.1042,76.2290,-25.3130,-77.5267
243443.6803,196108,138,-0.3760,-0.5427,0.0811,71.2366,-30.3664,-77.5725
243443.6803,196118,138,-0.4124,-0.5781,0.0574,67.9237,-35.7863,-75.3588
243443.6803,196128,138,-0.4302,-0.5903,0.0588,67.7252,-43.2214,-72.6260
243443.6803,196138,138,-0.4280,-0.5884,0.0769,67.8931,-49.6947,-70.5649
243443.6803,196148,138,-0.4375,-0.5728,0.0823,66.1527,-53.9847,-69.4198
243443.6803,196158,138,-0.4402,-0.5544,0.0820,60.5649,-58.5344,-70.1374
243443.7329,196168,139,-0.4492,-0.5559,0.0642,51.4962,-63.3282,-72.8092
243443.7329,196178,139,-0.4597,-0.5664,0.0295,41.5573,-66.6718,-78.2137
243443.7329,196188,139,-0.4851,-0.6467,0.0054,35.2672,-70.1221,-86.2443
243443.7329,196198,139,-0.4768,-0.7104,-0.0093,34.7939,-76.9008,-93.0382
243443.7329,196208,139,-0.4565,-0.8201,0.0046,33.4962,-86.4122,-96.3969
243443.7329,196218,139,-0.4351,-0.9336,0.0479,35.8779,-98.0000,-94.1069
243443.7329,196228,139,-0.3887,-1.0127,0.1238,38.1985,-108.7634,-90.0000
243443.7329,196238,139,-0.3503,-1.0938,0.2080,33.0534,-117.9389,-82.8244
243443.7329,196248,139,-0.2974,-1.2458,0.2937,23.9542,-125.5725,-69.6641
243443.7329,196258,139,-0.3020,-1.3413,0.3865,21.0687,-127.6336,-54.4885
243443.9159,196268,140,-0.3521,-1.3970,0.4426,19.4198,-126.7023,-37.0229
243443.9159,196278,140,-0.3916,-1.4126,0.4607,18.4275,-126.8397,-16.8092
243443.9159,196288,140,-0.4482,-1.3484,0.5081,18.6107,-127.4656,4.2443
243443.9159,196298,140,-0.5139,-1.2034,0.6055,19.7252,-125.0840,24.2595
243443.9159,196308,140,-0.5901,-1.0618,0.6650,18.1832,-118.8855,39.7710
243443.9159,196318,140,-0.6897,-0.9131,0.6719,15.5420,-112.8244,47.5420
243443.9159,196328,140,-0.7336,-0.8037,0.7144,9.1450,-112.1221,49.5725
243443.9159,196338,140,-0.7754,-0.7771,0.7632,-0.2137,-111.0840,46.7328
243443.9159,196348,140,-0.8225,-0.8237,0.7734,-10.0305,-108.6870,41.7557
243443.9159,196358,140,-0.8337,-0.8892,0.8337,-20.1221,-111.2824,40.7176
243443.9797,196368,141,-0.8733,-0.8875,0.9651,-27.4504,-112.9008,44.6260
243443.9797,196378,141,-0.8784,-0.8640,1.0986,-32.5038,-108.4580,53.3435
243443.9797,196388,141,-0.9104,-0.7786,1.1877,-31.7405,-98.5802,60.2595
243443.9797,196398,141,-0.9541,-0.7219,1.1797,-32.4427,-85.0382,65.4046
243443.9797,196408,141,-0.9895,-0.6714,1.1140,-34.3053,-71.7557,69.0076
243443.9797,196418,141,-0.9963,-0.6653,1.0193,-39.7557,-62.9618,70.6260
243443.9797,196428,141,-1.0132,-0.6628,0.9473,-44.0305,-57.5115,72.3969
243443.9797,196438,141,-1.0098,-0.6650,0.9045,-46.3511,-54.8550,75.1908
243443.9797,196448,141,-1.0017,-0.6423,0.8923,-47.2824,-53.2214,78.6718
243443.9797,196458,141,-1.0325,-0.5974,0.9055,-49.1450,-49.9084,83.1298
243444.0331,196468,142,-1.0457,-0.5530,0.9407,-52.4580,-47.3588,87.8015
243444.0331,196478,142,-1.0571,-0.5212,0.9883,-53.1908,-43.0687,91.9084
243444.0331,196488,142,-1.0630,-0.4587,1.0447,-50.1985,-37.6031,96.0916
243444.0331,196498,142,-1.0581,-0.4136,1.1011,-48.1527,-31.9542,99.4504
243444.0331,196508,142,-1.0510,-0.3418,1.1777,-47.6947,-27.2061,99.8015
243444.0331,196518,142,-1.0293,-0.3015,1.2473,-51.2519,-22.6260,99.5878
243444.0331,196528,142,-1.0259,-0.2556,1.2900,-54.7939,-15.7252,98.5954
243444.0331,196538,142,-1.0037,-0.2144,1.2866,-59.6336,-7.8626,95.7252
243444.0331,196548,142,-1.0012,-0.2129,1.2317,-64.9313,0.7023,92.5344
243444.0331,196558,142,-0.9810,-0.2378,1.1279,-67.6794,7.8779,90.2290
243444.0936,196568,143,-1.0107,-0.2456,1.0298,-68.1221,16.6718,90.8092
243444.0936,196578,143,-1.0154,-0.2092,0.9795,-64.7634,23.0840,93.6641
243444.0936,196588,143,-1.0315,-0.1396,0.9927,-55.1908,27.9237,96.6412
243444.0936,196598,143,-1.0134,-0.0310,1.0681,-44.6412,31.2824,97.7405
243444.0936,196608,143,-0.9956,0.0745,1.1323,-39.3893,34.7176,96.1527
243444.0936,196618,143,-0.9783,0.1589,1.1770,-35.2366,38.7634,92.3664
243444.0936,196628,143,-0.9397,0.2058,1.2100,-31.8473,43.2061,86.2748
243444.0936,196638,143,-0.9192,0.2361,1.2244,-31.0992,50.0916,79.1756
243444.0936,196648,143,-0.8936,0.2263,1.1897,-32.5954,58.2443,72.3053
243444.0936,196658,143,-0.8718,0.1570,1.1306,-33.8931,66.5649,66.6565
243444.2774,196668,144,-0.8691,0.1067,1.0649,-30.6260,73.9084,64.3664
243444.2774,196678,144,-0.8669,0.0830,1.0071,-28.2290,78.1832,67.6031
243444.2774,196688,144,-0.8528,0.1707,0.9937,-18.6565,81.3130,72.6565
243444.2774,196698,144,-0.8613,0.2383,0.9897,-7.8473,85.1756,75.0382
243444.2774,196708,144,-0.8740,0.3506,0.9585,0.6260,88.2137,73.4656
243444.2774,196718,144,-0.8535,0.3831,0.9600,0.9313,89.2672,71.2214
243444.2774,196728,144,-0.8608,0.4292,0.9812,3.9542,90.6107,67.0382
243444.2774,196738,144,-0.8181,0.4561,0.9753,6.8855,90.0611,61.7710
243444.2774,196748,144,-0.7932,0.4946,0.9832,12.5191,91.6183,55.8626
243444.2774,196758,144,-0.7561,0.5188,0.9612,18.1985,93.9237,48.9160
243444.3932,196768,145,-0.7241,0.4814,0.9126,21.6947,97.0534,41.8015
243444.3932,196778,145,-0.6846,0.4182,0.8337,24.1221,99.9695,36.2443
243444.3932,196788,145,-0.6680,0.3889,0.7546,30.4427,102.8092,34.5344
243444.3932,196798,145,-0.6306,0.3767,0.6543,36.2443,103.5267,34.9771
243444.3932,196808,145,-0.6030,0.3823,0.5859,44.1221,102.5649,35.5115
243444.3932,196818,145,-0.5562,0.4211,0.5608,53.7252,100.0458,35.1450
243444.3932,196828,145,-0.5098,0.4448,0.5271,59.2061,100.1832,33.0687
243444.3932,196838,145,-0.5190,0.4600,0.4500,62.2290,103.6336,29.3282
243444.3932,196848,145,-0.5312,0.4722,0.3701,63.9847,101.5573,24.6412
243444.3932,196858,145,-0.4897,0.4663,0.3245,66.6565,93.7099,18.4122
243444.4520,196868,146,-0.4971,0.4736,0.2529,70.3664,90.3969,9.5115
243444.4520,196878,146,-0.4680,0.3992,0.1914,69.5420,86.4580,1.4656
243444.4520,196888,146,-0.4556,0.3308,0.1567,72.2443,80.6718,-5.7863
243444.4520,196898,146,-0.4436,0.2676,0.1201,74.7481,74.0153,-11.4046
243444.4520,196908,146,-0.4192,0.2014,0.0903,78.9924,67.6031,-14.0763
243444.4520,196918,146,-0.4124,0.1655,0.0859,85.0382,61.6641,-15.0382
243444.4520,196928,146,-0.4138,0.1624,0.0862,89.7557,56.6107,-15.6947
243444.4520,196938,146,-0.4255,0.1672,0.0767,90.5496,52.9160,-18.0458
243444.4520,196948,146,-0.4495,0.1523,0.0457,87.2977,47.7252,-21.6336
243444.4520,196958,146,-0.4529,0.1396,0.0344,85.1603,41.3435,-25.5420
243444.5160,196968,147,-0.4307,0.1313,0.0730,83.6947,34.4885,-29.6489
243444.5160,196978,147,-0.4922,0.1104,0.0088,82.7328,29.5115,-33.6947
243444.5160,196988,147,-0.4832,0.1116,0.0188,81.4962,23.4351,-38.4580
243444.5160,196998,147,-0.4976,0.1089,0.0012,79.1298,18.0916,-43.7405
243444.5160,197008,147,-0.4907,0.1035,-0.0110,75.7405,12.1221,-51.0687
243444.5160,197018,147,-0.5029,0.0720,-0.0037,68.5191,6.7481,-58.8092
243444.5160,197028,147,-0.5166,0.0161,-0.0042,60.2748,1.5573,-65.4504
243444.5160,197038,147,-0.4976,-0.0437,-0.0044,56.1221,-3.5878,-71.4504
243444.5160,197048,147,-0.4839,-0.1067,-0.0029,54.4427,-8.2901,-75.6031
243444.5160,197058,147,-0.4573,-0.1892,-0.0234,54.0763,-12.7023,-78.8244
243444.6419,197068,148,-0.4250,-0.2192,-0.0217,56.6718,-18.1069,-80.4122
243444.6419,197078,148,-0.4124,-0.2639,0.0186,56.4733,-22.0916,-82.4885
243444.6419,197088,148,-0.3948,-0.3542,0.0088,52.6260,-26.3511,-85.5267
243444.6419,197098,148,-0.4055,-0.4221,-0.0095,49.1908,-31.2061,-86.5038
243444.6419,197108,148,-0.4119,-0.4917,-0.0137,44.5649,-38.0153,-85.4962
243444.6419,197118,148,-0.4275,-0.5581,-0.0225,42.7939,-44.3053,-83.0382
243444.6419,197128,148,-0.4470,-0.6028,-0.0315,44.3664,-49.9542,-79.2672
243444.6419,197138,148,-0.4663,-0.6138,-0.0281,45.0229,-54.5802,-74.2595
243444.6419,197148,148,-0.4932,-0.5930,-0.0203,43.1603,-58.1527,-69.4351
243444.6419,197158,148,-0.5134,-0.5588,-0.0183,39.1298,-61.5267,-65.6794
243444.6949,197169,149,-0.5378,-0.5193,-0.0090,37.1145,-65.2366,-64.6565
243444.6949,197179,149,-0.5520,-0.4888,0.0205,34.5496,-70.4427,-66.5649
243444.6949,197189,149,-0.5605,-0.4878,0.0393,29.2061,-76.3359,-70.9771
243444.6949,197199,149,-0.5493,-0.5403,0.0505,21.4198,-83.8626,-77.7557
243444.6949,197209,149,-0.5281,-0.6621,0.0547,13.4198,-93.4351,-85.3588
243444.6949,197219,149,-0.4878,-0.8293,0.0984,7.8779,-102.3817,-90.7634
243444.6949,197229,149,-0.4563,-0.9705,0.1445,4.5649,-108.8397,-89.0992
243444.6949,197239,149,-0.4519,-1.0828,0.1892,1.8779,-112.6107,-81.2214
243444.6949,197249,149,-0.4829,-1.1184,0.2451,1.6947,-113.7557,-68.4580
243444.6949,197259,149,-0.4912,-1.1216,0.3228,2.1374,-115.0534,-52.0763
243444.8133,197268,150,-0.5159,-1.0571,0.4417,2.6107,-115.0534,-35.4656
243444.8133,197278,150,-0.5559,-0.9573,0.5142,0.9160,-111.8168,-22.5191
243444.8133,197288,150,-0.6230,-0.8794,0.5359,-4.8397,-108.4122,-15.2061
243444.8133,197298,150,-0.6726,-0.8674,0.5623,-15.4046,-108.7023,-11.9695
243444.8133,197308,150,-0.6860,-0.9070,0.6187,-25.9237,-111.1756,-9.7405
243444.8133,197318,150,-0.6980,-0.9915,0.6399,-33.7557,-109.6489,-6.1069
243444.8133,197328,150,-0.7170,-1.0374,0.6421,-37.0229,-105.5267,1.7710
243444.8133,197338,150,-0.7720,-0.9939,0.6743,-36.2443,-101.3588,13.1603
243444.8133,197348,150,-0.8223,-0.9016,0.7363,-36.0305,-99.4962,23.3588
243444.8133,197358,150,-0.8818,-0.7825,0.7957,-37.5267,-97.2061,30.2290
243444.9912,197368,151,-0.9246,-0.7122,0.8171,-43.1145,-96.6107,32.6107
243444.9912,197378,151,-0.9675,-0.6873,0.8149,-48.6870,-93.7863,31.9389
243444.9912,197388,151,-0.9873,-0.7021,0.7944,-53.3435,-91.8015,30.9924
243444.9912,197398,151,-1.0090,-0.7444,0.7686,-56.4733,-91.2977,30.8702
243444.9912,197408,151,-0.9966,-0.7554,0.7939,-54.7176,-90.7176,33.8015
243444.9912,197418,151,-1.0200,-0.7488,0.7976,-55.5420,-85.4198,39.1298
243444.9912,197428,151,-1.0422,-0.7119,0.8071,-57.3893,-80.9313,45.8168
243444.9912,197438,151,-1.0642,-0.6343,0.8589,-55.9542,-74.7023,53.3435
243444.9912,197448,151,-1.0903,-0.5527,0.8757,-55.3893,-68.2901,58.3206
243444.9912,197458,151,-1.1074,-0.4919,0.8662,-57.7557,-64.6718,60.1985
243444.9932,197468,152,-1.1123,-0.4717,0.8584,-60.5802,-64.8550,58.7634
243444.9932,197478,152,-1.0854,-0.4607,0.8940,-62.0153,-66.7328,56.0305
243444.9932,197488,152,-1.0735,-0.4963,0.9104,-66.1374,-65.3435,52.8855
243444.9932,197498,152,-1.0679,-0.5610,0.9421,-67.1145,-64.4275,50.4580
243444.9932,197508,152,-1.0708,-0.6177,0.9858,-65.4504,-62.7634,49.4504
243444.9932,197518,152,-1.1018,-0.7229,1.0273,-68.8244,-56.9771,50.4885
243444.9932,197528,152,-1.1018,-0.8154,1.0598,-72.3817,-50.4885,54.9771
243444.9932,197538,152,-1.0984,-0.8438,1.1125,-72.2595,-42.7939,66.1527
243444.9932,197548,152,-1.0708,-0.7410,1.2412,-64.5038,-35.2061,82.5496
243444.9932,197558,152,-1.0212,-0.5681,1.3613,-55.9389,-26.4122,96.4427
243445.1135,197568,153,-0.9858,-0.4426,1.4033,-51.5267,-12.8244,102.8702
243445.1135,197578,153,-0.9578,-0.3086,1.3733,-49.7252,-0.1985,105.0229
243445.1135,197588,153,-0.9429,-0.2703,1.2971,-52.4275,8.0153,102.8855
243445.1135,197598,153,-0.9211,-0.1973,1.2266,-50.4580,12.1679,99.7863
243445.1135,197608,153,-0.9246,-0.1228,1.1875,-51.2824,17.6641,96.0611
243445.1135,197618,153,-0.9353,-0.1033,1.1426,-54.6870,21.2977,90.1221
243445.1135,197628,153,-0.9148,-0.1182,1.1326,-55.7405,21.2672,84.7176
243445.1135,197638,153,-0.9023,-0.0872,1.1829,-52.2443,22.6107,82.0458
243445.1135,197648,153,-0.8845,-0.0674,1.2087,-48.6260,27.2366,81.3893
243445.1135,197658,153,-0.8616,-0.0344,1.2031,-43.8168,34.1985,82.7481
243445.2924,197668,154,-0.8452,0.0369,1.2090,-36.4427,42.9771,85.6794
243445.2924,197678,154,-0.8438,0.1267,1.2031,-28.3359,50.8550,88.1527
243445.2924,197688,154,-0.8198,0.2261,1.1619,-22.4580,56.3359,88.4275
243445.2924,197698,154,-0.8250,0.3181,1.1021,-18.5344,62.2290,86.0763
243445.2924,197708,154,-0.8120,0.3853,1.0627,-14.9466,66.1527,79.1450
243445.2924,197718,154,-0.8882,0.3508,0.9463,-17.7252,70.2443,71.4962
243445.2924,197728,154,-0.8271,0.3716,0.9211,-15.4198,69.3740,62.4427
243445.2924,197738,154,-0.8540,0.3799,0.9404,-9.6183,69.1450,57.4504
243445.2924,197748,154,-0.8284,0.4023,0.9609,-2.2748,67.9847,53.9542
243445.2924,197758,154,-0.7771,0.4067,0.9927,5.4656,70.4885,51.4809
243445.2937,197768,155,-0.7107,0.4836,1.0542,17.4962,77.9084,48.9160
243445.2937,197778,155,-0.7104,0.4995,1.0144,22.5802,88.1374,45.3740
243445.2937,197788,155,-0.7090,0.4817,0.9294,25.1908,98.0000,37.6947
243445.2937,197798,155,-0.6941,0.4587,0.8464,26.9618,103.2214,30.8244
243445.2937,197808,155,-0.6462,0.4517,0.7751,26.8244,103.1145,25.9084
243445.2937,197818,155,-0.6216,0.4062,0.6980,27.7099,103.2061,20.9924
243445.2937,197828,155,-0.6184,0.3528,0.6248,35.0076,102.5802,15.3740
243445.2937,197838,155,-0.5847,0.3279,0.5579,39.6947,97.0992,10.9924
243445.2937,197848,155,-0.5461,0.2747,0.5046,41.2366,91.9084,8.5344
243445.2937,197858,155,-0.5044,0.2158,0.4966,46.6107,91.7863,7.9542
243445.4131,197868,156,-0.5168,0.2378,0.4636,57.7252,94.4122,8.9466
243445.4131,197878,156,-0.5022,0.2588,0.4333,65.4809,92.3053,9.7099
243445.4131,197888,156,-0.5029,0.2959,0.4250,70.7786,90.8702,8.7023
243445.4131,197898,156,-0.5261,0.3083,0.3735,72.6870,90.0153,5.1756
243445.4131,197908,156,-0.4946,0.2612,0.3250,73.5267,86.1985,-0.2748
243445.4131,197918,156,-0.5605,0.3083,0.2383,76.1527,86.8702,-5.7863
243445.4131,197928,156,-0.4697,0.2620,0.2224,74.1069,79.7557,-9.8015
243445.4131,197938,156,-0.5039,0.2446,0.1960,76.7023,76.0305,-15.4962
243445.4131,197948,156,-0.4792,0.1716,0.1812,75.3588,68.9160,-20.2901
243445.4131,197958,156,-0.4778,0.1948,0.1572,80.5954,65.1603,-25.1298
243445.5924,197968,157,-0.4717,0.1118,0.1265,79.3740,60.4122,-27.9542
243445.5924,197978,157,-0.4668,0.0767,0.1157,80.5344,53.9237,-30.4122
243445.5924,197988,157,-0.4585,0.0369,0.1294,83.3130,50.0000,-31.5420
243445.5924,197998,157,-0.4775,0.0488,0.1125,86.7786,49.6489,-32.0305
243445.5924,198008,157,-0.4885,0.0374,0.0640,85.0840,47.6947,-33.3893
243445.5924,198018,157,-0.4961,0.0430,0.0566,85.4046,41.6183,-35.1450
243445.5924,198028,157,-0.4902,0.0396,0.0454,84.2290,35.6794,-38.1679
243445.5924,198038,157,-0.4802,0.0259,0.0603,83.7405,30.4733,-42.1985
243445.5924,198048,157,-0.5156,-0.0342,0.0056,80.6565,24.5954,-46.5802
243445.5924,198058,157,-0.4377,-0.0479,-0.0039,80.2748,15.4198,-51.1450
243445.6007,198068,158,-0.4326,-0.1211,-0.0215,79.8779,11.0076,-54.8397
243445.6007,198078,158,-0.4304,-0.1804,-0.0605,79.5878,7.9237,-57.6641
243445.6007,198088,158,-0.4268,-0.2412,-0.0942,79.9695,2.3053,-59.5725
243445.6007,198098,158,-0.4229,-0.3145,-0.1067,79.9084,-5.1298,-59.6031
243445.6007,198108,158,-0.4255,-0.3733,-0.1262,80.1221,-11.7863,-57.7557
243445.6007,198118,158,-0.4409,-0.4031,-0.1597,80.4733,-16.3969,-53.7099
243445.6007,198128,158,-0.4622,-0.4138,-0.1807,79.2977,-22.4733,-47.8779
243445.6007,198138,158,-0.4436,-0.3784,-0.1426,80.8702,-32.7328,-42.3664
243445.6007,198148,158,-0.4143,-0.3330,-0.0637,83.2977,-42.7634,-40.5954
243445.6007,198158,158,-0.3833,-0.3049,0.0151,81.3130,-50.3511,-42.9771
243445.8354,198168,159,-0.3792,-0.3176,0.0693,73.4962,-54.5038,-47.0076
243445.8354,198178,159,-0.4060,-0.3657,0.0610,65.9542,-57.0840,-51.5725
243445.8354,198188,159,-0.4595,-0.4026,0.0305,60.3969,-59.2214,-55.7405
243445.8354,198198,159,-0.4675,-0.4353,0.0259,55.7099,-65.7863,-58.6107
243445.8354,198208,159,-0.4868,-0.4658,0.0474,54.1069,-72.4885,-61.9389
243445.8354,198218,159,-0.4868,-0.5010,0.0676,51.4504,-78.0153,-65.4809
243445.8354,198228,159,-0.4868,-0.5610,0.1096,45.8626,-82.8550,-67.7252
243445.8354,198238,159,-0.4495,-0.5930,0.1724,44.4885,-86.9160,-67.4962
243445.8354,198248,159,-0.4983,-0.6011,0.1848,42.6565,-83.8473,-65.7252
243445.8354,198258,159,-0.5435,-0.6018,0.1375,39.2366,-83.3740,-64.3664
243445.8990,198268,160,-0.5769,-0.6213,0.0879,37.5725,-90.4580,-64.2595
243445.8990,198278,160,-0.5940,-0.6577,0.0408,35.6489,-100.2748,-66.3664
243445.8990,198288,160,-0.5950,-0.7468,0.0195,30.4885,-110.3969,-69.4351
243445.8990,198298,160,-0.5994,-0.8352,0.0632,27.1145,-121.7863,-69.8626
243445.8990,198308,160,-0.5576,-0.9158,0.1636,24.8244,-129.5420,-66.4275
243445.8990,198318,160,-0.5554,-0.9429,0.2791,24.3969,-129.3588,-59.6031
243445.8990,198328,160,-0.5532,-0.9756,0.3689,21.8168,-129.3740,-50.8855
243445.8990,198338,160,-0.5310,-0.9902,0.4675,22.4427,-131.3588,-41.6641
243445.8990,198348,160,-0.5127,-1.0232,0.5422,22.3359,-132.1221,-34.9466
243445.8990,198358,160,-0.5232,-1.1035,0.5703,19.0687,-132.7634,-29.6947
243445.9535,198368,161,-0.5454,-1.2068,0.6016,14.3664,-135.6183,-22.6412
243445.9535,198378,161,-0.5745,-1.2300,0.7202,10.2137,-140.6870,-10.5954
243445.9535,198388,161,-0.6555,-1.2107,0.8303,6.9466,-142.4885,7.3588
243445.9535,198398,161,-0.7454,-1.1235,0.9602,8.9313,-143.5725,24.3511
243445.9535,198408,161,-0.7480,-0.9626,1.1245,12.7328,-143.6641,35.9389
243445.9535,198418,161,-0.7925,-0.8401,1.2507,8.2748,-137.9084,44.4885
243445.9535,198428,161,-0.8113,-0.7937,1.2981,-1.3588,-128.7939,47.4046
243445.9535,198438,161,-0.8616,-0.7578,1.3313,-10.7939,-114.5802,47.4198
243445.9535,198448,161,-0.8889,-0.7632,1.2932,-17.4962,-99.2977,48.0305
243445.9535,198458,161,-0.9153,-0.7266,1.2507,-21.0992,-88.5496,49.7710
243446.0151,198468,162,-0.9243,-0.7515,1.2192,-27.8168,-80.7939,53.7557
243446.0151,198478,162,-0.9141,-0.7285,1.1787,-30.9771,-73.8779,59.6031
243446.0151,198488,162,-0.8997,-0.7234,1.1440,-34.3359,-68.5649,65.2061
243446.0151,198498,162,-0.8796,-0.7371,1.1287,-35.0382,-63.5115,71.0840
243446.0151,198508,162,-0.8660,-0.7419,1.1204,-33.6489,-58.5802,78.0153
243446.0151,198518,162,-0.8875,-0.6907,1.1238,-34.0458,-53.5878,87.6183
243446.0151,198528,162,-0.8772,-0.6067,1.1736,-34.5802,-50.5802,97.1298
243446.0151,198538,162,-0.8762,-0.5339,1.2141,-35.6947,-45.0534,103.3130
243446.0151,198548,162,-0.8630,-0.4719,1.2300,-37.3130,-37.6489,108.6565
243446.0151,198558,162,-0.8496,-0.3625,1.2539,-38.4733,-28.2901,113.5115
243446.1997,198568,163,-0.8477,-0.2449,1.2810,-40.0916,-17.3130,116.4427
243446.1997,198578,163,-0.8489,-0.1733,1.2490,-43.9847,-6.2443,115.4351
243446.1997,198588,163,-0.8582,-0.1465,1.1860,-48.3817,2.8092,112.6107
243446.1997,198598,163,-0.8713,-0.1094,1.1335,-50.7786,8.6718,109.7557
243446.1997,198608,163,-0.8860,-0.0710,1.0991,-50.5802,12.1221,106.1069
243446.1997,198618,163,-0.9097,0.0017,1.0962,-50.1221,13.1145,102.1374
243446.1997,198628,163,-0.9111,0.0664,1.1555,-54.5191,12.0000,97.2824
243446.1997,198638,163,-0.9355,0.0588,1.1758,-62.1069,16.0611,89.4656
243446.1997,198648,163,-0.9534,-0.0095,1.1169,-69.1756,19.8779,82.7786
243446.1997,198658,163,-0.9651,-0.0520,1.1021,-67.6794,20.8550,80.7328
243446.2511,198668,164,-0.9575,-0.0300,1.1858,-59.7710,19.8779,84.2748
243446.2511,198678,164,-0.9370,0.0703,1.2830,-48.4580,21.7557,89.9847
243446.2511,198688,164,-0.9219,0.2073,1.3499,-39.9389,28.8244,93.2366
243446.2511,198698,164,-0.9041,0.3459,1.4028,-37.9237,39.3435,91.7863
243446.2511,198708,164,-0.8904,0.4229,1.3726,-41.2519,51.4656,84.3359
243446.2511,198718,164,-0.8645,0.4421,1.3350,-42.2901,63.8473,72.7023
243446.2511,198728,164,-0.8611,0.4438,1.2642,-43.4046,75.0840,59.4351
243446.2511,198738,164,-0.8450,0.3704,1.1655,-46.8702,82.1679,46.6718
243446.2511,198748,164,-0.8298,0.3042,1.0830,-49.1450,85.4198,37.3588
243446.2511,198758,164,-0.8220,0.2507,1.0505,-51.6031,86.1069,32.5954
243446.4320,198768,165,-0.7957,0.2114,1.0217,-50.0153,86.5649,30.8244
243446.4320,198778,165,-0.7708,0.1865,1.0083,-44.0916,88.8092,31.2977
243446.4320,198788,165,-0.7588,0.2083,0.9773,-35.9084,92.3359,34.2901
243446.4320,198798,165,-0.7693,0.2473,0.9089,-27.8168,95.2672,37.8473
243446.4320,198808,165,-0.7876,0.2883,0.8545,-19.2672,95.7863,40.4580
243446.4320,198818,165,-0.7749,0.3489,0.8359,-9.4198,93.5725,41.1908
243446.4320,198828,165,-0.7783,0.3831,0.8137,-0.9618,92.9924,39.5115
243446.4320,198838,165,-0.7588,0.3979,0.8157,8.3817,91.7099,36.6107
243446.4320,198848,165,-0.7612,0.4614,0.8521,19.9084,93.7405,32.9924
243446.4320,198858,165,-0.7488,0.4631,0.8401,21.5420,96.7786,28.3206
243446.4336,198868,166,-0.7329,0.4468,0.8115,22.1527,99.3588,22.5954
243446.4336,198878,166,-0.7278,0.4116,0.7891,24.5191,101.1908,17.2977
243446.4336,198888,166,-0.6953,0.3601,0.7607,27.3130,101.9847,13.2977
243446.4336,198898,166,-0.6709,0.3376,0.7126,31.3893,103.8168,11.2214
243446.4336,198908,166,-0.6504,0.3032,0.6619,36.3053,105.6794,10.1985
243446.4336,198918,166,-0.6331,0.2913,0.6008,41.8931,106.3053,9.1908
243446.4336,198928,166,-0.6035,0.2817,0.5564,45.5725,105.2519,8.7176
243446.4336,198938,166,-0.5662,0.2756,0.5244,49.7252,103.1603,7.1908
243446.4336,198948,166,-0.5378,0.2693,0.4836,54.8092,102.4733,4.9771
243446.4336,198958,166,-0.5098,0.2483,0.4307,58.9466,101.8321,2.5038
243446.5512,198968,167,-0.4973,0.2402,0.3760,63.8321,99.4504,-0.1221
243446.5512,198978,167,-0.4585,0.1936,0.3274,69.1603,94.4733,-2.7176
243446.5512,198988,167,-0.4492,0.1731,0.2898,76.3969,90.5954,-5.1450
243446.5512,198998,167,-0.4309,0.1670,0.2537,79.0992,86.7176,-6.0611
243446.5512,199008,167,-0.4216,0.1768,0.2153,78.3053,82.9771,-7.1756
243446.5512,199018,167,-0.4250,0.1499,0.1721,76.8702,79.2519,-8.6870
243446.5512,199028,167,-0.4182,0.1282,0.1238,78.5496,75.2672,-10.3359
243446.5512,199038,167,-0.4028,0.0825,0.0627,79.1298,71.5878,-11.3588
243446.5512,199048,167,-0.4219,0.0554,-0.0122,82.6718,69.2214,-10.8855
243446.5512,199058,167,-0.4204,0.0840,-0.0457,89.0534,64.2901,-8.5038
243446.6130,199068,168,-0.4766,0.1204,-0.0835,92.3206,57.9847,-6.8550
243446.6130,199078,168,-0.4578,0.1135,-0.1189,93.1145,46.4733,-8.6718
243446.6130,199088,168,-0.4868,0.1731,-0.1580,96.9618,38.4580,-12.0611
243446.6130,199098,168,-0.4917,0.2004,-0.1807,94.9924,31.0229,-15.9237
243446.6130,199108,168,-0.5188,0.2261,-0.1665,93.7863,22.7328,-22.4580
243446.6130,199118,168,-0.5037,0.2400,-0.1338,93.4046,11.4809,-33.0687
243446.6130,199128,168,-0.4854,0.2131,-0.0796,88.2748,2.0000,-44.6565
243446.6130,199138,168,-0.4585,0.1465,-0.0281,82.1832,-6.2748,-55.9542
243446.6130,199148,168,-0.4441,0.0725,0.0017,77.2061,-12.0763,-65.5420
243446.6130,199158,168,-0.4221,-0.0071,0.0115,72.8092,-17.3435,-72.9008
243446.7336,199170,169,-0.3672,-0.1289,0.0503,70.2748,-27.3282,-84.0305
243446.7336,199180,169,-0.3672,-0.1289,0.0503,70.2748,-27.3282,-84.0305
243446.7336,199190,169,-0.3704,-0.1594,0.0530,69.0382,-31.0840,-87.4656
243446.7336,199200,169,-0.3645,-0.1663,0.0544,67.1298,-36.2290,-91.9695
243446.7336,199210,169,-0.3757,-0.2219,0.0576,64.0611,-41.2977,-99.7405
243446.7336,199220,169,-0.3962,-0.2930,0.0625,58.1679,-47.1145,-107.9389
243446.7336,199230,169,-0.3899,-0.3743,0.0696,50.3511,-54.6107,-115.1603
243446.7336,199240,169,-0.3733,-0.4553,0.1030,43.1603,-60.8244,-121.1603
243446.7336,199250,169,-0.3572,-0.5674,0.1282,36.0000,-64.6412,-124.7328
243446.7336,199260,169,-0.3413,-0.6428,0.1519,31.8321,-66.5954,-125.5115
243446.8593,199268,170,-0.3176,-0.7358,0.1604,27.4809,-69.2519,-124.0000
243446.8593,199278,170,-0.3120,-0.8237,0.1567,23.6336,-70.6565,-121.2061
243446.8593,199288,170,-0.3022,-0.9297,0.1367,19.7710,-73.2519,-116.3511
243446.8593,199298,170,-0.3110,-1.0476,0.0884,17.8931,-76.0763,-108.9466
243446.8593,199308,170,-0.3494,-1.1501,0.0388,18.2901,-79.4198,-98.6260
243446.8593,199318,170,-0.3958,-1.2234,-0.0059,19.5878,-84.9160,-84.7176
243446.8593,199328,170,-0.4568,-1.2507,-0.0293,21.4198,-92.1679,-67.0229
243446.8593,199338,170,-0.5081,-1.1882,0.0071,26.2137,-101.3740,-47.1908
243446.8593,199348,170,-0.5613,-1.0793,0.1052,29.9084,-111.0992,-29.2061
243446.8593,199358,170,-0.6001,-0.9590,0.2341,30.6565,-118.5649,-16.1221
243446.9139,199368,171,-0.6387,-0.8271,0.3657,27.3588,-122.5344,-7.7099
243446.9139,199378,171,-0.6860,-0.7695,0.4988,21.5573,-122.5954,-2.6412
243446.9139,199388,171,-0.7200,-0.6643,0.6221,19.4962,-121.9542,-0.6107
243446.9139,199398,171,-0.7437,-0.6333,0.6887,13.5725,-121.6641,-2.0611
243446.9139,199408,171,-0.7598,-0.6631,0.7161,8.0458,-120.1069,-6.4275
243446.9139,199418,171,-0.7920,-0.7559,0.7112,3.5267,-116.9008,-12.2595
243446.9139,199428,171,-0.8047,-0.8821,0.7039,-2.5191,-116.0916,-15.5267
243446.9139,199438,171,-0.8003,-0.9973,0.7219,-9.7557,-117.9847,-14.0000
243446.9139,199448,171,-0.8125,-1.0808,0.7893,-15.7557,-117.7863,-5.9542
243446.9139,199458,171,-0.8369,-1.0525,0.8665,-17.9237,-114.8855,6.7328
243447.0947,199468,172,-0.8550,-1.0049,0.9656,-20.0611,-111.6947,22.9313
243447.0947,199478,172,-0.8699,-0.8801,1.0312,-15.6947,-105.1756,34.5802
243447.0947,199488,172,-0.8838,-0.7815,1.0393,-15.2519,-94.7023,40.0000
243447.0947,199498,172,-0.9077,-0.7649,0.9683,-20.8702,-84.0916,42.0153
243447.0947,199508,172,-0.9116,-0.8118,0.8743,-28.3206,-78.1832,43.2214
243447.0947,199518,172,-0.8821,-0.8833,0.8081,-34.1985,-77.4351,45.9542
243447.0947,199528,172,-0.8198,-0.9526,0.8091,-35.7557,-78.3053,51.2672
243447.0947,199538,172,-0.7839,-1.0100,0.8240,-36.5038,-76.5954,59.4504
243447.0947,199548,172,-0.7737,-1.0291,0.8384,-39.8779,-73.3588,72.4122
243447.0947,199558,172,-0.8027,-0.9771,0.8928,-39.7252,-68.3969,90.2901
243447.2120,199568,173,-0.8174,-0.7795,0.9792,-32.9313,-63.0840,107.0687
243447.2120,199578,173,-0.8650,-0.6145,1.0205,-31.0382,-55.3130,117.6031
243447.2120,199588,173,-0.9045,-0.4502,0.9910,-33.7099,-49.4809,122.3206
243447.2120,199598,173,-0.9326,-0.3120,0.9973,-38.7481,-47.8015,121.5267
243447.2120,199608,173,-0.9736,-0.2322,0.9902,-46.3664,-46.4885,114.5954
243447.2120,199618,173,-0.9832,-0.1919,0.9929,-56.1832,-46.4580,104.7328
243447.2120,199628,173,-0.9988,-0.1895,1.0186,-63.2977,-45.0534,94.8855
243447.2120,199638,173,-1.0054,-0.2144,1.0596,-65.4962,-42.4733,85.4809
243447.2120,199648,173,-1.0146,-0.2585,1.0703,-67.5573,-37.2366,78.5344
243447.2120,199658,173,-1.0193,-0.3000,1.0789,-71.2366,-31.3130,75.9389
243447.2133,199668,174,-1.0049,-0.2996,1.1123,-72.4427,-25.3588,76.7634
243447.2133,199678,174,-0.9792,-0.2812,1.1719,-70.4733,-18.3817,78.9313
243447.2133,199688,174,-0.9651,-0.2129,1.2036,-66.7328,-9.5267,81.1603
243447.2133,199698,174,-0.9551,-0.1658,1.2017,-66.4580,-1.7710,81.8931
243447.2133,199708,174,-0.9263,-0.1677,1.1897,-68.1069,3.8473,80.2595
243447.2133,199718,174,-0.9578,-0.1851,1.1729,-66.7328,10.9618,78.4275
243447.2133,199728,174,-0.9692,-0.1963,1.1763,-64.4885,14.0305,77.9695
243447.2133,199738,174,-0.9690,-0.1887,1.2070,-64.7634,14.6260,79.2977
243447.2133,199748,174,-0.9392,-0.1838,1.2568,-63.6489,17.2061,83.2366
243447.2133,199758,174,-0.9561,-0.1028,1.3081,-56.7786,27.3130,89.0076
243447.3327,199768,175,-0.9263,0.0459,1.3608,-49.5115,35.9084,94.8550
243447.3327,199778,175,-0.9099,0.1587,1.3787,-44.2137,44.6260,97.1450
243447.3327,199788,175,-0.8882,0.2732,1.3716,-39.2672,51.2366,94.7328
243447.3327,199798,175,-0.8826,0.3352,1.3252,-37.2366,59.3740,87.8626
243447.3327,199808,175,-0.9023,0.3838,1.2676,-36.5344,67.4351,78.6870
243447.3327,199818,175,-0.9004,0.3948,1.2556,-35.6031,71.1603,69.4351
243447.3327,199828,175,-0.8772,0.3970,1.2449,-32.5954,72.0916,60.4885
243447.3327,199838,175,-0.8596,0.3579,1.2205,-31.2214,73.7710,53.9237
243447.3327,199848,175,-0.8389,0.3425,1.1814,-26.8244,76.5802,50.0153
243447.3327,199858,175,-0.7769,0.3308,1.0894,-21.2977,79.6031,48.4275
243447.3935,199868,176,-0.7559,0.3040,1.0337,-13.6641,86.5954,48.1832
243447.3935,199878,176,-0.7412,0.3337,1.0249,-0.7481,93.7405,48.0000
243447.3935,199888,176,-0.7168,0.3665,0.9895,8.6718,100.0763,46.2137
243447.3935,199898,176,-0.7183,0.3635,0.8853,11.6183,104.9313,42.2901
243447.3935,199908,176,-0.6909,0.3428,0.8120,14.7939,104.8092,37.8626
243447.3935,199918,176,-0.6487,0.3481,0.7615,20.0763,102.7176,33.2061
243447.3935,199928,176,-0.6252,0.2878,0.7244,20.9924,101.1908,28.7634
243447.3935,199938,176,-0.5901,0.2593,0.6812,24.4427,101.8626,24.7634
243447.3935,199948,176,-0.5664,0.2524,0.6475,28.2748,102.8244,23.0992
243447.3935,199958,176,-0.5264,0.2649,0.6040,32.2137,102.9008,22.0763
243447.5228,199968,177,-0.4824,0.3098,0.5068,40.1832,107.5115,18.6107
243447.5228,199978,177,-0.4824,0.3098,0.5068,40.1832,107.5115,18.6107
243447.5228,199988,177,-0.4761,0.3567,0.4507,45.2519,106.4885,16.0611
243447.5228,199998,177,-0.4817,0.3667,0.3882,48.7939,100.6870,9.2672
243447.5228,200008,177,-0.4470,0.2808,0.2664,50.1527,90.9313,-6.2443
243447.5228,200018,177,-0.4370,0.2512,0.1750,54.3511,90.0305,-13.9389
243447.5228,200028,177,-0.4500,0.1687,0.1028,54.6870,89.4351,-16.5802
243447.5228,200038,177,-0.4431,0.1692,0.1099,60.3664,85.0229,-17.1603
243447.5228,200048,177,-0.4526,0.1965,0.0972,66.1221,78.5496,-18.7634
243447.5228,200058,177,-0.4277,0.2102,0.0989,67.1908,71.9084,-21.8473
243447.6919,200068,178,-0.4321,0.2166,0.1079,68.1679,67.5420,-26.0611
243447.6919,200078,178,-0.4270,0.2085,0.0886,68.6565,64.0305,-30.8244
243447.6919,200088,178,-0.4470,0.1873,0.0535,68.4427,61.2824,-35.7557
243447.6919,200098,178,-0.4614,0.1768,0.0059,67.4046,56.4580,-38.8550
243447.6919,200108,178,-0.4329,0.1848,0.0125,68.6718,50.5496,-42.4580
243447.6919,200118,178,-0.4502,0.1458,-0.0442,69.7557,47.5573,-48.3817
243447.6919,200128,178,-0.4302,0.1008,-0.0798,70.0763,41.8321,-54.7786
243447.6919,200138,178,-0.4158,0.0208,-0.1362,68.2595,34.7634,-58.9924
243447.6919,200148,178,-0.3940,-0.0076,-0.1531,70.1374,25.8168,-61.3893
243447.6919,200158,178,-0.3877,-0.0286,-0.1218,69.6336,16.7481,-62.9160
243447.6937,200168,179,-0.3669,-0.0676,-0.0593,66.9924,8.7328,-62.5344
243447.6937,200178,179,-0.3840,-0.0645,-0.0361,68.0305,5.9084,-61.0229
243447.6937,200188,179,-0.4099,-0.0200,-0.0388,70.9008,4.8702,-60.8397
243447.6937,200198,179,-0.4402,0.0356,-0.0474,73.2519,2.0153,-63.4504
243447.6937,200208,179,-0.4336,0.0452,-0.0300,72.5496,-2.3817,-70.0458
243447.6937,200218,179,-0.4500,0.0059,-0.0315,69.3740,-6.5802,-79.6794
243447.6937,200228,179,-0.4609,-0.1025,-0.0525,64.2595,-13.2519,-89.3130
243447.6937,200238,179,-0.4778,-0.2122,-0.0515,62.3206,-21.1756,-95.6947
243447.6937,200248,179,-0.4631,-0.3047,-0.0090,62.5954,-29.1908,-97.6336
243447.6937,200258,179,-0.4766,-0.3723,0.0188,65.5725,-33.2824,-95.8779
243447.8719,200268,180,-0.4744,-0.4055,0.0732,71.0687,-38.9618,-93.4046
243447.8719,200278,180,-0.4202,-0.4363,0.0735,74.5496,-43.1756,-91.8626
243447.8719,200288,180,-0.4688,-0.4822,-0.0125,74.2901,-40.1527,-93.3130
243447.8719,200298,180,-0.4729,-0.5491,-0.0728,67.1450,-45.9389,-97.3740
243447.8719,200308,180,-0.4592,-0.6707,-0.0754,55.6031,-57.2214,-102.7939
243447.8719,200318,180,-0.4243,-0.8188,0.0066,47.9389,-66.6412,-106.0458
243447.8719,200328,180,-0.3918,-0.9050,0.1245,41.8015,-73.6794,-104.3969
243447.8719,200338,180,-0.3638,-1.0054,0.2019,26.7023,-78.5344,-96.7328
243447.8719,200348,180,-0.3286,-1.0588,0.2498,20.0916,-78.9771,-85.6031
243447.8719,200358,180,-0.3577,-1.0747,0.2478,26.1527,-74.6565,-74.7328
243447.9351,200368,181,-0.3848,-1.0586,0.2253,33.1603,-74.5496,-66.8244
243447.9351,200378,181,-0.3879,-1.0598,0.2129,33.3893,-80.8092,-60.0763
243447.9351,200388,181,-0.4045,-1.0757,0.1792,32.4733,-87.8168,-54.4733
243447.9351,200398,181,-0.4338,-1.0996,0.1426,28.8702,-96.6260,-50.2748
243447.9351,200408,181,-0.4395,-1.1394,0.1636,24.1527,-108.5802,-44.8855
243447.9351,200418,181,-0.4541,-1.1348,0.2324,21.7710,-118.4122,-37.6489
243447.9351,200428,181,-0.5129,-1.1421,0.2576,18.4580,-121.6947,-29.4809
243447.9351,200438,181,-0.5623,-1.1453,0.2974,18.1221,-124.2748,-20.9313
243447.9351,200448,181,-0.6277,-1.1064,0.3738,20.9466,-126.2748,-11.0840
243447.9351,200458,181,-0.6970,-1.0588,0.4600,18.9466,-129.3282,-0.8244
243448.0540,200468,182,-0.7285,-0.9998,0.5923,16.4275,-131.6031,7.3282
243448.0540,200478,182,-0.8088,-0.9456,0.7266,12.9313,-129.4198,12.5038
243448.0540,200488,182,-0.8745,-0.8936,0.8420,6.7328,-127.6336,15.8779
243448.0540,200498,182,-0.9194,-0.8994,0.9407,0.0000,-125.9847,17.3435
243448.0540,200508,182,-0.9441,-0.9380,1.0386,-6.4580,-123.8473,17.3282
243448.0540,200518,182,-0.9744,-1.0254,1.0698,-15.5725,-119.0992,19.3588
243448.0540,200528,182,-0.9377,-1.0352,1.1206,-20.4122,-112.1374,24.0763
243448.0540,200538,182,-0.9158,-1.0999,1.1128,-25.1603,-103.1145,33.3893
243448.0540,200548,182,-0.9275,-1.1057,1.0840,-25.3893,-94.1069,44.5191
243448.0540,200558,182,-0.9514,-1.0132,1.0747,-24.7481,-86.8244,58.1527
243448.1708,200568,183,-0.9402,-0.8740,1.0979,-24.9618,-81.6641,70.8397
243448.1708,200578,183,-0.9380,-0.7434,1.1021,-23.7252,-74.9313,77.1298
243448.1708,200588,183,-0.9407,-0.6614,1.0537,-25.2824,-67.8931,78.2137
243448.1708,200598,183,-0.9316,-0.6240,0.9917,-31.7099,-63.2061,78.2290
243448.1708,200608,183,-0.9209,-0.6260,0.9343,-40.0305,-60.9160,78.5038
243448.1708,200618,183,-0.9150,-0.6138,0.9175,-46.1679,-61.0534,79.7099
243448.1708,200628,183,-0.8970,-0.5830,0.9333,-48.2137,-60.8092,81.4351
243448.1708,200638,183,-0.8857,-0.5649,0.9543,-50.3969,-58.9466,82.9008
243448.1708,200648,183,-0.9087,-0.5354,1.0039,-51.2519,-53.6794,85.0992
243448.1708,200658,183,-0.9277,-0.4941,1.0625,-51.9695,-48.0458,88.3511
243448.2334,200668,184,-0.9561,-0.4604,1.1262,-52.7176,-42.4885,92.0916
243448.2334,200678,184,-0.9722,-0.4141,1.2014,-51.0534,-36.6565,94.8397
243448.2334,200688,184,-0.9783,-0.3816,1.2629,-50.6260,-29.8168,96.6870
243448.2334,200698,184,-0.9751,-0.3542,1.2957,-52.9466,-22.7634,99.1298
243448.2334,200708,184,-0.9836,-0.3040,1.3347,-57.3435,-15.4656,100.9466
243448.2334,200718,184,-0.9976,-0.2117,1.3721,-64.0916,-8.2290,104.5191
243448.2334,200728,184,-0.9873,-0.1138,1.3896,-73.8168,-1.7557,107.1298
243448.2334,200738,184,-0.9856,-0.0161,1.3950,-84.0458,5.1603,107.3435
243448.2334,200748,184,-0.9539,0.0757,1.4058,-92.7481,10.8092,104.1985
243448.2334,200758,184,-0.8999,0.1013,1.4023,-96.5496,17.9084,96.6260
243448.3541,200768,185,-0.8918,0.1135,1.3948,-87.1145,28.7786,85.0229
243448.3541,200778,185,-0.8816,0.1316,1.4038,-68.7481,37.9542,72.2443
243448.3541,200788,185,-0.8584,0.1462,1.4170,-54.7939,46.7786,62.2901
243448.3541,200798,185,-0.8486,0.1550,1.3933,-49.4809,56.8244,55.9542
243448.3541,200808,185,-0.8452,0.1550,1.3281,-51.2977,65.2214,52.0305
243448.3541,200818,185,-0.8167,0.1599,1.2800,-53.3740,70.1832,49.6183
243448.3541,200828,185,-0.7795,0.1660,1.2466,-53.6336,74.1985,46.8550
243448.3541,200838,185,-0.7466,0.1614,1.1960,-54.0458,79.2672,44.2748
243448.3541,200848,185,-0.7290,0.1577,1.1228,-52.6718,85.2672,43.2366
243448.3541,200858,185,-0.7212,0.1597,1.0547,-46.9618,89.3740,43.8779
243448.4725,200868,186,-0.6733,0.1326,0.9927,-36.4733,90.8550,46.3359
243448.4725,200878,186,-0.6479,0.1423,0.9265,-17.2672,96.7328,49.8321
243448.4725,200888,186,-0.6470,0.1812,0.8472,4.8855,105.0840,52.6718
243448.4725,200898,186,-0.6575,0.2642,0.7695,21.4656,110.8855,53.7099
243448.4725,200908,186,-0.6602,0.3040,0.6777,28.4885,111.2824,51.4046
243448.4725,200918,186,-0.6599,0.2742,0.5911,28.7176,112.0153,46.2443
243448.4725,200928,186,-0.6658,0.2559,0.5088,29.7557,112.1679,40.3053
243448.4725,200938,186,-0.6521,0.2336,0.4814,31.2214,106.0611,35.6489
243448.4725,200948,186,-0.6123,0.2029,0.4719,36.1527,98.3206,31.5725
243448.4725,200958,186,-0.5703,0.1514,0.4639,42.7634,93.9695,28.2290
243448.5334,200968,187,-0.5552,0.1331,0.4502,51.7252,92.3817,26.5038
243448.5334,200978,187,-0.5430,0.1472,0.4272,59.3435,90.5649,24.3511
243448.5334,200988,187,-0.5203,0.1365,0.4146,60.7328,87.7557,21.2977
243448.5334,200998,187,-0.4949,0.1204,0.4038,61.8626,86.9008,17.4962
243448.5334,201008,187,-0.5107,0.0750,0.3501,61.8931,89.6336,13.4504
243448.5334,201018,187,-0.5381,0.0596,0.2871,64.2290,89.4962,11.5115
243448.5334,201028,187,-0.5281,0.0664,0.2207,67.3740,85.2366,10.8550
243448.5334,201038,187,-0.5405,0.0662,0.1902,71.8779,80.3664,9.1298
243448.5334,201048,187,-0.5366,0.1125,0.1829,76.4885,74.0305,6.2901
243448.5334,201058,187,-0.5403,0.1106,0.1978,78.3664,70.7023,3.2672
243448.7186,201068,188,-0.5239,0.1233,0.1885,82.9008,68.1374,-2.5954
243448.7186,201078,188,-0.5146,0.0979,0.1570,84.6718,65.6031,-9.9084
243448.7186,201088,188,-0.5171,0.0823,0.1155,85.0534,62.4122,-16.4580
243448.7186,201098,188,-0.5100,0.0466,0.0820,81.1756,58.0611,-22.1374
243448.7186,201108,188,-0.4827,-0.0193,0.0298,77.1298,53.0687,-26.5344
243448.7186,201118,188,-0.5134,-0.0566,0.0081,77.2366,50.4733,-29.0382
243448.7186,201128,188,-0.5120,-0.0305,0.0090,79.5573,44.5191,-29.1145
243448.7186,201138,188,-0.5168,-0.0042,-0.0063,79.4809,40.7634,-30.5344
243448.7186,201148,188,-0.5295,0.0044,-0.0283,77.8015,36.9618,-34.2290
243448.7186,201158,188,-0.5398,0.0393,-0.0393,78.3664,31.5115,-40.2443
243448.7803,201171,189,-0.5500,0.0408,-0.0481,76.2443,25.1603,-48.4885
243448.7803,201181,189,-0.5454,-0.0352,-0.0669,68.2595,18.2290,-56.8092
243448.7803,201191,189,-0.5217,-0.0942,-0.0774,65.0840,11.7557,-63.9695
243448.7803,201201,189,-0.5129,-0.1323,-0.0803,67.2824,6.5802,-71.1450
243448.7803,201211,189,-0.4817,-0.2090,-0.0757,63.4351,0.1527,-77.4046
243448.7803,201221,189,-0.4595,-0.3066,-0.0710,58.0611,-4.7634,-80.7939
243448.7803,201231,189,-0.4324,-0.3455,-0.0449,54.7634,-8.7176,-81.1603
243448.7803,201241,189,-0.4148,-0.3809,-0.0376,51.1908,-11.4504,-79.9542
243448.7803,201251,189,-0.4199,-0.4067,-0.0508,50.6107,-13.1603,-78.7634
243448.7803,201261,189,-0.4358,-0.4082,-0.0676,53.2061,-16.7939,-77.3130
243448.8330,201268,190,-0.4458,-0.3940,-0.1011,54.3053,-22.3969,-77.3282
243448.8330,201278,190,-0.4536,-0.4094,-0.1340,51.0687,-28.1221,-79.8473
243448.8330,201288,190,-0.4761,-0.4441,-0.1721,46.3053,-35.6336,-83.3588
243448.8330,201298,190,-0.4980,-0.4719,-0.1826,42.1069,-45.5115,-86.9618
243448.8330,201308,190,-0.5000,-0.5010,-0.1394,39.0382,-57.4504,-90.1374
243448.8330,201318,190,-0.4788,-0.5298,-0.0598,37.1450,-67.9389,-92.7023
243448.8330,201328,190,-0.4678,-0.5615,0.0164,35.5878,-73.1298,-94.8855
243448.8330,201338,190,-0.4595,-0.6028,0.0557,33.2977,-75.7099,-96.3664
243448.8330,201348,190,-0.4377,-0.6626,0.1033,30.1374,-75.8779,-97.2366
243448.8330,201358,190,-0.4561,-0.7305,0.1348,27.1298,-72.9771,-98.4580
243448.8937,201368,191,-0.4680,-0.8445,0.1384,18.6412,-75.2977,-98.0305
243448.8937,201378,191,-0.4775,-0.9656,0.1677,10.5191,-82.6565,-94.7939
243448.8937,201388,191,-0.4492,-1.0737,0.2297,4.8550,-92.1527,-88.7176
243448.8937,201398,191,-0.4338,-1.1746,0.2871,-0.3359,-96.8855,-78.8397
243448.8937,201408,191,-0.4365,-1.2542,0.3250,-0.0763,-97.1450,-66.0763
243448.8937,201418,191,-0.4482,-1.2698,0.3887,3.3435,-97.8779,-50.4275
243448.8937,201428,191,-0.4761,-1.2219,0.4453,5.3740,-97.2824,-33.4351
243448.8937,201438,191,-0.5117,-1.1624,0.4875,5.9695,-96.2137,-18.3664
243448.8937,201448,191,-0.5652,-1.0830,0.4968,7.2824,-92.9160,-7.7252
243448.8937,201458,191,-0.6255,-1.0144,0.4771,5.2366,-90.8092,0.0916
243449.0771,201468,192,-0.6584,-0.9514,0.4617,1.5725,-92.9008,6.6412
243449.0771,201478,192,-0.6851,-0.8970,0.4438,1.3130,-95.9389,11.0382
243449.0771,201488,192,-0.7109,-0.8223,0.4463,3.4809,-100.0153,13.0382
243449.0771,201498,192,-0.7209,-0.8049,0.4429,-0.1832,-105.5878,13.7099
243449.0771,201508,192,-0.7356,-0.8054,0.4636,-5.2061,-108.1069,15.0992
243449.0771,201518,192,-0.7747,-0.8042,0.5105,-7.8015,-110.8702,16.8397
243449.0771,201528,192,-0.7954,-0.8098,0.6016,-11.3893,-115.4504,20.3206
243449.0771,201538,192,-0.8018,-0.7935,0.7395,-13.7405,-117.0382,25.8168
243449.0771,201548,192,-0.8298,-0.7732,0.8667,-15.4809,-113.7099,30.6412
243449.0771,201558,192,-0.8564,-0.7869,0.9497,-18.5496,-108.6718,34.3817
243449.1329,201568,193,-0.8696,-0.7832,1.0115,-21.3740,-103.0840,38.8855
243449.1329,201578,193,-0.8979,-0.7793,1.0420,-23.9237,-98.2748,43.1756
243449.1329,201588,193,-0.8806,-0.7793,1.0581,-24.9008,-96.1221,46.5191
243449.1329,201598,193,-0.8669,-0.7351,1.1025,-23.3435,-90.9313,50.0153
243449.1329,201608,193,-0.8804,-0.6775,1.1279,-25.7405,-80.8855,52.8244
243449.1329,201618,193,-0.8850,-0.6526,1.0552,-32.9313,-72.2748,54.1832
243449.1329,201628,193,-0.8904,-0.6545,0.9863,-39.1298,-64.8397,54.4275
243449.1329,201638,193,-0.9072,-0.6311,0.9248,-42.9313,-60.0458,54.0305
243449.1329,201648,193,-0.8958,-0.6443,0.8760,-50.4885,-59.7099,53.3435
243449.1329,201658,193,-0.8826,-0.6877,0.8772,-55.7405,-60.4733,52.2443
243449.1930,201668,194,-0.8569,-0.7437,0.9016,-58.1679,-61.4809,52.5802
243449.1930,201678,194,-0.8235,-0.8118,0.9678,-59.3740,-61.7863,56.7176
243449.1930,201688,194,-0.8164,-0.8186,1.0559,-52.1832,-58.9313,64.3817
243449.1930,201698,194,-0.8101,-0.7463,1.1597,-42.1221,-53.3282,73.9389
243449.1930,201708,194,-0.8071,-0.6343,1.2290,-35.2824,-44.3969,82.3969
243449.1930,201718,194,-0.8372,-0.5469,1.2168,-33.5573,-32.2137,87.3282
243449.1930,201728,194,-0.8484,-0.4817,1.1655,-35.2214,-23.1908,89.9847
243449.1930,201738,194,-0.8628,-0.4280,1.1460,-35.3130,-16.5802,91.7863
243449.1930,201748,194,-0.8806,-0.3594,1.1375,-34.9924,-11.3740,92.9160
243449.1930,201758,194,-0.8713,-0.2844,1.1240,-37.2672,-7.1450,93.6183
243449.3766,201768,195,-0.8806,-0.2285,1.1199,-40.4122,-0.4580,92.9618
243449.3766,201778,195,-0.8879,-0.2351,1.1084,-40.7176,7.0229,90.7328
243449.3766,201788,195,-0.8809,-0.2175,1.1006,-35.7710,13.4656,88.3206
243449.3766,201798,195,-0.8860,-0.2004,1.0796,-31.6031,18.9313,86.8702
243449.3766,201808,195,-0.8794,-0.1958,1.0669,-29.4351,23.9084,85.8015
243449.3766,201818,195,-0.8792,-0.1692,1.0808,-28.5649,28.4733,85.0992
243449.3766,201828,195,-0.8721,-0.1919,1.1074,-30.6260,31.6183,84.6870
243449.3766,201838,195,-0.8350,-0.1753,1.1345,-29.2061,34.9771,84.8550
243449.3766,201848,195,-0.8215,-0.1211,1.1665,-25.4198,41.4046,85.6183
243449.3766,201858,195,-0.7949,-0.0591,1.1831,-23.7710,49.9542,86.9008
243449.4416,201868,196,-0.8059,0.0312,1.1653,-20.8244,60.3664,86.8855
243449.4416,201878,196,-0.8013,0.0642,1.0989,-18.5954,66.3206,83.2824
243449.4416,201888,196,-0.8132,0.1040,1.0508,-13.0534,71.5573,78.5344
243449.4416,201898,196,-0.8113,0.1494,1.0049,-8.4580,76.0000,75.1450
243449.4416,201908,196,-0.8208,0.1733,0.9612,-5.2519,79.9542,71.3435
243449.4416,201918,196,-0.8386,0.1836,0.9087,-2.1832,82.2443,67.5115
243449.4416,201928,196,-0.8276,0.1792,0.9011,0.5649,83.1756,65.0534
243449.4416,201938,196,-0.7922,0.1934,0.9202,6.8550,84.6260,63.6794
243449.4416,201948,196,-0.7869,0.2656,0.9744,16.3359,88.7328,63.8168
243449.4416,201958,196,-0.7856,0.3049,0.9805,20.3206,96.4427,64.5038
243449.4930,201968,197,-0.7849,0.3430,0.9614,27.9695,103.0534,62.8855
243449.4930,201978,197,-0.7695,0.4165,0.9121,36.1069,105.8626,59.3130
243449.4930,201988,197,-0.7498,0.4275,0.8401,36.4427,108.1679,55.1450
243449.4930,201998,197,-0.7292,0.4441,0.7690,38.9313,108.9466,50.0153
243449.4930,202008,197,-0.7148,0.4624,0.7039,42.6565,107.5267,44.0000
243449.4930,202018,197,-0.6772,0.4407,0.6545,44.8244,104.0763,36.9618
243449.4930,202028,197,-0.6260,0.4299,0.6409,48.0458,101.2366,30.3206
243449.4930,202038,197,-0.5857,0.4016,0.6028,51.3130,101.1756,23.9084
243449.4930,202048,197,-0.5708,0.3281,0.5173,53.8015,103.0382,18.9008
243449.4930,202058,197,-0.5527,0.2939,0.4575,60.3664,102.2901,15.8779
243449.6766,202068,198,-0.5298,0.2817,0.4211,67.3588,99.4351,13.3893
243449.6766,202078,198,-0.5107,0.2676,0.3689,71.5115,96.5954,10.2595
243449.6766,202088,198,-0.5020,0.2549,0.3271,72.5954,93.6489,7.2519
243449.6766,202098,198,-0.4841,0.2639,0.3171,74.8550,90.3053,3.9389
243449.6766,202108,198,-0.4614,0.2512,0.2971,74.2748,87.5420,-0.7786
243449.6766,202118,198,-0.4578,0.2112,0.2651,69.2061,87.7099,-5.2672
243449.6766,202128,198,-0.4563,0.1853,0.2295,68.0000,88.3511,-8.7634
243449.6766,202138,198,-0.4353,0.1685,0.2134,69.7557,88.4885,-12.2748
243449.6766,202148,198,-0.4585,0.1462,0.1824,68.0153,92.8244,-15.0534
243449.6766,202158,198,-0.5186,0.1370,0.0950,66.8397,93.4962,-17.8015
243449.7910,202168,199,-0.5132,0.1362,0.0989,73.7252,82.8702,-19.8931
243449.7910,202178,199,-0.5049,0.1809,0.1177,82.1679,73.7557,-24.9771
243449.7910,202188,199,-0.5005,0.1873,0.1094,82.2290,69.0992,-31.1908
243449.7910,202198,199,-0.5029,0.1829,0.0544,82.3206,66.0611,-38.8855
243449.7910,202208,199,-0.5027,0.1897,0.0020,83.3435,60.8702,-48.5954
243449.7910,202218,199,-0.4766,0.1584,-0.0356,81.5878,52.4275,-59.2366
243449.7910,202228,199,-0.4395,0.1245,-0.0483,77.9695,44.7023,-71.3588
243449.7910,202238,199,-0.3982,0.0300,-0.0815,72.1985,36.4580,-83.4504
243449.7910,202248,199,-0.3423,-0.0708,-0.1033,67.9084,27.7252,-94.0763
243449.7910,202258,199,-0.2996,-0.1682,-0.1240,65.0687,19.2519,-101.8626
243449.7931,202268,200,-0.2583,-0.2527,-0.1292,63.8779,10.5954,-106.9313
243449.7931,202278,200,-0.2241,-0.3218,-0.1292,63.5573,3.2519,-110.6412
243449.7931,202288,200,-0.2163,-0.3923,-0.1367,63.4351,-2.2748,-112.9008
243449.7931,202298,200,-0.2100,-0.4587,-0.1677,62.7176,-8.1679,-113.0992
243449.7931,202308,200,-0.2136,-0.5151,-0.1980,59.9847,-14.2595,-111.7557
243449.7931,202318,200,-0.2266,-0.5559,-0.2124,57.8015,-21.0229,-109.0382
243449.7931,202328,200,-0.2441,-0.5847,-0.2170,56.4122,-29.1450,-106.0763
243449.7931,202338,200,-0.2502,-0.6301,-0.2100,55.5725,-38.5954,-103.9084
243449.7931,202348,200,-0.2632,-0.6997,-0.2100,56.5954,-47.3282,-101.9847
243449.7931,202358,200,-0.2839,-0.7534,-0.1799,60.4885,-53.6947,-99.0992
243449.9738,202368,201,-0.3142,-0.8215,-0.1558,62.5496,-59.9847,-93.3588
243449.9738,202378,201,-0.3318,-0.8430,-0.1206,64.4427,-66.4427,-83.8321
243449.9738,202388,201,-0.3669,-0.8279,-0.0947,66.1832,-70.3817,-73.2366
243449.9738,202398,201,-0.4124,-0.8118,-0.0996,65.0076,-75.3740,-64.9466
243449.9738,202408,201,-0.4495,-0.7983,-0.0923,60.1374,-84.3969,-60.4122
243449.9738,202418,201,-0.4805,-0.8257,-0.0371,52.1832,-94.9313,-59.0382
243449.9738,202428,201,-0.5142,-0.8762,0.0652,47.3282,-105.5573,-59.7557
243449.9738,202438,201,-0.5227,-0.9565,0.2275,45.9237,-116.2290,-59.8473
243449.9738,202448,201,-0.5386,-1.0002,0.4023,46.4427,-121.2214,-57.1908
243449.9738,202458,201,-0.5510,-1.0352,0.5427,43.2519,-120.7481,-50.9008
243450.0912,202468,202,-0.5784,-1.0469,0.6292,37.7252,-113.8473,-41.2977
243450.0912,202478,202,-0.6367,-1.0381,0.6326,29.9542,-103.6641,-29.5420
243450.0912,202488,202,-0.6877,-1.0061,0.5508,22.4885,-97.5267,-18.1374
243450.0912,202498,202,-0.7285,-0.9736,0.4592,16.8702,-97.0534,-10.4885
243450.0912,202508,202,-0.8044,-0.9600,0.4072,12.5496,-97.4962,-6.6260
243450.0912,202518,202,-0.8381,-0.9553,0.3987,7.3740,-103.3282,-2.6565
243450.0912,202528,202,-0.8596,-0.9287,0.4102,1.7557,-110.2901,1.6641
243450.0912,202538,202,-0.8848,-0.9111,0.4771,-2.9924,-115.1145,5.7863
243450.0912,202548,202,-0.8965,-0.8999,0.5588,-5.9847,-118.5038,10.0305
243450.0912,202558,202,-0.8884,-0.8669,0.6423,-7.3130,-119.8473,13.9389
243450.0934,202568,203,-0.9004,-0.8726,0.7107,-11.3282,-117.0992,16.3664
243450.0934,202578,203,-0.8997,-0.9197,0.7485,-18.3511,-114.0305,19.0687
243450.0934,202588,203,-0.9023,-0.9724,0.7869,-23.3435,-110.4427,24.5344
243450.0934,202598,203,-0.9167,-0.9651,0.8303,-24.0611,-106.1069,33.3282
243450.0934,202608,203,-0.9333,-0.8982,0.8711,-21.3282,-101.1298,42.9466
243450.0934,202618,203,-0.9468,-0.8293,0.8923,-19.9389,-96.2137,49.2061
243450.0934,202628,203,-0.9644,-0.8042,0.8901,-22.5802,-90.5954,52.1069
243450.0934,202638,203,-0.9951,-0.7844,0.8896,-27.8626,-86.2137,54.4427
243450.0934,202648,203,-0.9937,-0.7678,0.9087,-33.5878,-83.6183,57.6336
243450.0934,202658,203,-0.9985,-0.7324,0.9646,-36.3969,-79.7252,60.8244
243450.2737,202668,204,-1.0110,-0.6980,0.9949,-39.2519,-73.3740,63.7710
243450.2737,202678,204,-1.0269,-0.6667,1.0068,-41.6489,-66.6565,66.3206
243450.2737,202688,204,-1.0217,-0.6404,1.0166,-43.6489,-62.2290,68.1374
243450.2737,202698,204,-0.9854,-0.6326,1.0310,-46.2748,-58.4885,69.7557
243450.2737,202708,204,-0.9622,-0.6289,1.0527,-46.8702,-52.3053,71.9389
243450.2737,202718,204,-0.9443,-0.6001,1.0627,-46.4580,-44.3969,76.0305
243450.2737,202728,204,-0.9617,-0.5437,1.0627,-47.5878,-36.5802,82.2595
243450.2737,202738,204,-1.0037,-0.4683,1.0437,-49.0534,-30.6565,89.1756
243450.2737,202748,204,-0.9890,-0.4060,1.0400,-48.4427,-27.6031,92.5191
243450.2737,202758,204,-1.0144,-0.3066,1.1035,-43.4198,-20.4733,91.1145
243450.3914,202768,205,-1.0308,-0.2727,1.1187,-47.6489,-14.8550,85.8931
243450.3914,202778,205,-1.0278,-0.3164,1.1226,-57.0840,-10.8855,81.2061
243450.3914,202788,205,-1.0088,-0.3613,1.1445,-59.1908,-7.4198,78.3664
243450.3914,202798,205,-0.9902,-0.3708,1.1550,-57.6183,-1.9695,78.0916
243450.3914,202808,205,-0.9844,-0.3599,1.1599,-57.4656,5.2824,81.0229
243450.3914,202818,205,-0.9553,-0.3142,1.1826,-57.1298,11.5878,85.9542
243450.3914,202828,205,-0.9482,-0.2554,1.1851,-57.6947,19.8931,90.4580
243450.3914,202838,205,-0.9338,-0.2056,1.1643,-57.9542,28.7176,93.0076
243450.3914,202848,205,-0.9380,-0.1348,1.1418,-56.1069,37.3282,94.4733
243450.3914,202858,205,-0.9199,-0.1030,1.0930,-54.1679,42.6870,94.5038
243450.4021,202868,206,-0.9043,-0.0493,1.0493,-50.0458,46.6565,93.4656
243450.4021,202878,206,-0.8787,0.0513,1.0381,-44.0458,50.7634,91.7405
243450.4021,202888,206,-0.8674,0.1558,1.0383,-41.6183,54.1832,89.5725
243450.4021,202898,206,-0.8293,0.2271,1.0244,-39.0840,55.7863,84.1832
243450.4021,202908,206,-0.8015,0.2678,0.9866,-34.5038,59.1756,74.3817
243450.4021,202918,206,-0.7625,0.2234,0.9138,-30.8244,66.5496,62.6412
243450.4021,202928,206,-0.7810,0.1741,0.8347,-24.5649,75.4351,54.5038
243450.4021,202938,206,-0.7700,0.1663,0.7751,-17.4656,76.9466,52.6412
243450.4021,202948,206,-0.7634,0.2114,0.7844,-9.4809,74.4885,53.7710
243450.4021,202958,206,-0.7397,0.2695,0.7979,-2.2748,71.7863,54.0916
243450.5723,202968,207,-0.7070,0.3301,0.8044,5.6031,72.7634,53.5267
243450.5723,202978,207,-0.7283,0.3979,0.7837,11.7252,79.3435,50.9313
243450.5723,202988,207,-0.7371,0.4146,0.7334,13.9542,81.5420,44.8244
243450.5723,202998,207,-0.7026,0.3865,0.6855,15.2061,80.1985,37.0840
243450.5723,203008,207,-0.6978,0.3840,0.6853,20.4427,81.0534,30.2443
243450.5723,203018,207,-0.6704,0.3567,0.6714,23.7557,78.2748,24.1832
243450.5723,203028,207,-0.6138,0.3125,0.6833,25.6794,77.5420,20.0305
243450.5723,203038,207,-0.6042,0.3057,0.6831,30.2595,83.5725,17.5725
243450.5723,203048,207,-0.6289,0.2952,0.6235,32.4427,89.8779,16.1527
243450.5723,203058,207,-0.6167,0.3062,0.5757,38.5954,90.6412,13.6794
243450.6996,203068,208,-0.6084,0.3101,0.5322,44.0153,90.0611,9.3893
243450.6996,203078,208,-0.5940,0.2820,0.4854,44.6565,88.1985,5.4046
243450.6996,203088,208,-0.5474,0.2568,0.4236,44.7786,84.6107,1.4351
243450.6996,203098,208,-0.5632,0.1831,0.3806,45.5115,83.7252,-1.2824
243450.6996,203108,208,-0.5652,0.1816,0.3433,52.2748,80.3664,-2.6412
243450.6996,203118,208,-0.5222,0.1873,0.3066,56.6718,74.7481,-4.1832
243450.6996,203128,208,-0.5491,0.1680,0.2710,58.4580,75.4351,-6.2901
243450.6996,203138,208,-0.5667,0.1709,0.2158,62.4733,73.9084,-9.1908
243450.6996,203148,208,-0.5813,0.1470,0.1987,64.8702,68.1832,-13.2977
243450.6996,203158,208,-0.5540,0.0989,0.1851,66.0916,61.2214,-17.4046
243450.8111,203172,209,-0.5715,0.1155,0.2327,72.7328,59.6947,-20.4885
243450.8111,203182,209,-0.5754,0.1050,0.2124,72.2748,58.1374,-24.2901
243450.8111,203192,209,-0.5823,0.0886,0.2046,69.0076,54.9924,-28.3817
243450.8111,203202,209,-0.6152,0.0110,0.1416,65.9084,50.1069,-31.0076
243450.8111,203212,209,-0.5354,0.0266,0.2058,68.2137,44.5344,-35.9237
243450.8111,203222,209,-0.5422,-0.0359,0.1956,67.4504,43.5725,-38.9771
243450.8111,203232,209,-0.5352,-0.0576,0.1680,67.1145,42.7786,-40.5954
243450.8111,203242,209,-0.5381,-0.0718,0.1167,66.1985,42.3053,-41.5878
243450.8111,203252,209,-0.5466,-0.0498,0.0801,67.4504,39.9542,-43.2672
243450.8111,203262,209,-0.5388,-0.0383,0.0664,64.3053,36.4275,-46.1221
243450.8131,203268,210,-0.5264,-0.0286,0.0547,62.9008,32.6718,-50.0000
243450.8131,203278,210,-0.5112,-0.0332,0.0364,60.1832,28.9466,-55.5115
243450.8131,203288,210,-0.5264,-0.0742,0.0239,55.8626,24.9924,-61.1145
243450.8131,203298,210,-0.4751,-0.1001,0.0051,54.2443,18.4275,-67.1756
243450.8131,203308,210,-0.4648,-0.1335,-0.0049,54.5496,15.5878,-72.8550
243450.8131,203318,210,-0.4514,-0.1821,-0.0425,53.6947,12.5038,-78.3053
243450.8131,203328,210,-0.4490,-0.2197,-0.0757,51.1145,9.9847,-83.4962
243450.8131,203338,210,-0.4663,-0.2925,-0.1416,47.5878,5.7252,-88.5191
243450.8131,203348,210,-0.4763,-0.3665,-0.1765,47.3740,-2.2290,-93.2824
243450.8131,203358,210,-0.4778,-0.4731,-0.1978,46.4733,-11.1756,-96.5802
243450.9994,203368,211,-0.4585,-0.5374,-0.1570,48.6260,-20.5344,-96.6565
243450.9994,203378,211,-0.4426,-0.5981,-0.1116,46.7481,-27.2214,-92.3511
243450.9994,203388,211,-0.4375,-0.6414,-0.0957,45.6183,-31.5115,-85.7557
243450.9994,203398,211,-0.4395,-0.6511,-0.0808,49.4809,-34.9466,-79.6947
243450.9994,203408,211,-0.4480,-0.6489,-0.0823,50.3817,-38.5649,-74.9618
243450.9994,203418,211,-0.4749,-0.6775,-0.1069,47.7252,-42.6260,-72.5954
243450.9994,203428,211,-0.4844,-0.7327,-0.1182,44.1069,-49.6031,-71.3588
243450.9994,203438,211,-0.4851,-0.7788,-0.1089,41.5420,-58.7634,-68.7481
243450.9994,203448,211,-0.4897,-0.8054,-0.0828,40.0000,-67.7405,-63.9237
243450.9994,203458,211,-0.4719,-0.8052,-0.0325,40.3969,-77.5878,-57.4656
243451.0516,203468,212,-0.4551,-0.8057,0.0256,41.4809,-84.8092,-51.7557
243451.0516,203478,212,-0.4543,-0.7830,0.0872,42.3664,-88.8244,-47.8168
243451.0516,203488,212,-0.4661,-0.8159,0.0898,37.2519,-92.0000,-44.6870
243451.0516,203498,212,-0.5044,-0.8472,0.0781,32.3664,-95.7557,-42.6107
243451.0516,203508,212,-0.5159,-0.8738,0.1023,28.8397,-104.2290,-40.7634
243451.0516,203518,212,-0.5291,-0.9177,0.1555,23.0076,-113.8321,-37.8321
243451.0516,203528,212,-0.5396,-0.9675,0.2490,19.1603,-122.5344,-34.0153
243451.0516,203538,212,-0.5354,-1.0254,0.3337,16.3359,-128.8855,-27.3282
243451.0516,203548,212,-0.5669,-1.0188,0.4143,15.9847,-129.6336,-17.2519
243451.0516,203558,212,-0.5984,-0.9905,0.4709,16.9771,-127.8321,-7.2977
243451.2323,203568,213,-0.6294,-0.9819,0.5276,16.5191,-125.2214,0.6718
243451.2323,203578,213,-0.6697,-0.9719,0.5662,14.0153,-122.7328,7.8321
243451.2323,203588,213,-0.7466,-0.9651,0.6240,9.4504,-121.3435,14.8092
243451.2323,203598,213,-0.7795,-0.9465,0.7065,5.5573,-123.0382,21.4504
243451.2323,203608,213,-0.7952,-0.9207,0.7930,2.9924,-123.0840,26.5038
243451.2323,203618,213,-0.8206,-0.9382,0.8428,-1.7252,-119.1298,29.4809
243451.2323,203628,213,-0.8271,-0.9761,0.8342,-6.9618,-114.3359,32.5802
243451.2323,203638,213,-0.8159,-1.0237,0.8311,-11.5725,-111.0382,38.0916
243451.2323,203648,213,-0.8306,-1.0305,0.8489,-15.0840,-107.9389,47.0840
243451.2323,203658,213,-0.8264,-0.9822,0.8940,-16.4275,-105.2214,58.3359
243451.2980,203668,214,-0.8555,-0.8745,0.9475,-16.0153,-99.3282,69.2061
243451.2980,203678,214,-0.8813,-0.7488,0.9634,-16.1832,-93.0076,76.7481
243451.2980,203688,214,-0.9065,-0.6885,0.9329,-20.5038,-86.1527,79.3893
243451.2980,203698,214,-0.9243,-0.6790,0.8804,-26.3359,-81.2214,80.2595
243451.2980,203708,214,-0.9280,-0.6672,0.8386,-31.2977,-79.2977,81.2519
243451.2980,203718,214,-0.9260,-0.6541,0.8420,-36.0458,-79.0382,82.9618
243451.2980,203728,214,-0.9182,-0.6292,0.8755,-38.7328,-78.3664,86.1374
243451.2980,203738,214,-0.9092,-0.5974,0.9087,-38.8550,-75.4046,89.1450
243451.2980,203748,214,-0.9246,-0.5520,0.9399,-38.5496,-70.6565,92.3817
243451.2980,203758,214,-0.9290,-0.4861,0.9729,-38.6107,-66.5496,95.8931
243451.3535,203768,215,-0.9089,-0.4199,1.0325,-39.4962,-61.9695,97.7099
243451.3535,203778,215,-0.9016,-0.3682,1.0603,-40.8702,-55.9084,96.3969
243451.3535,203788,215,-0.8992,-0.3374,1.0676,-43.0992,-49.6947,93.5725
243451.3535,203798,215,-0.9026,-0.3115,1.0725,-45.9084,-44.5802,90.8092
243451.3535,203808,215,-0.8826,-0.2725,1.1116,-48.9618,-41.2366,88.5038
243451.3535,203818,215,-0.8704,-0.2461,1.1506,-52.9313,-36.7023,86.8702
243451.3535,203828,215,-0.8816,-0.2351,1.1738,-55.0076,-29.8015,85.6641
243451.3535,203838,215,-0.9036,-0.2178,1.1990,-53.2672,-22.9008,85.0687
243451.3535,203848,215,-0.9204,-0.2024,1.2202,-50.2290,-16.3969,85.0992
243451.3535,203858,215,-0.9434,-0.1572,1.2620,-48.0000,-10.5954,86.7939
243451.4132,203868,216,-0.9326,-0.1021,1.3213,-46.0153,-5.1603,88.5954
243451.4132,203878,216,-0.9412,-0.0383,1.3760,-43.8779,3.5573,88.9313
243451.4132,203888,216,-0.9495,0.0498,1.3997,-41.6641,12.8092,88.2748
243451.4132,203898,216,-0.9487,0.1226,1.4265,-41.5420,21.0687,85.3130
243451.4132,203908,216,-0.9348,0.1831,1.4409,-41.6336,28.9160,79.3893
243451.4132,203918,216,-0.9153,0.2144,1.4282,-42.8855,37.4046,71.4046
243451.4132,203928,216,-0.9031,0.2163,1.3882,-44.8092,46.2901,62.5802
243451.4132,203938,216,-0.8840,0.1868,1.3340,-46.6718,54.0458,55.3282
243451.4132,203948,216,-0.8665,0.1665,1.2905,-46.4885,60.9924,51.2672
243451.4132,203958,216,-0.8596,0.1599,1.2334,-45.3893,67.2061,50.2595
243451.5969,203968,217,-0.8538,0.1697,1.1863,-40.0763,73.3893,50.0458
243451.5969,203978,217,-0.8650,0.1555,1.1519,-34.2595,78.6260,48.6870
243451.5969,203988,217,-0.8442,0.1636,1.1069,-30.1985,80.8092,47.3435
243451.5969,203998,217,-0.8164,0.1348,1.0913,-25.6489,84.0916,46.6260
243451.5969,204008,217,-0.8210,0.1460,1.0842,-17.0840,89.5725,46.5191
243451.5969,204018,217,-0.8188,0.1819,1.0603,-9.9695,90.7786,48.1832
243451.5969,204028,217,-0.7573,0.2061,1.0701,-3.9084,89.1450,50.2595
243451.5969,204038,217,-0.7395,0.2407,1.0503,2.9466,95.8168,50.6718
243451.5969,204048,217,-0.7085,0.2605,1.0027,10.0763,102.4580,49.7252
243451.5969,204058,217,-0.6768,0.3059,0.9702,19.3588,107.8779,46.3969
243451.6614,204068,218,-0.6626,0.2910,0.9031,23.4809,112.4885,40.7328
243451.6614,204078,218,-0.6455,0.2393,0.8340,25.5420,114.5649,34.3969
243451.6614,204088,218,-0.6208,0.1604,0.7251,24.4733,114.9618,30.8092
243451.6614,204098,218,-0.5669,0.1238,0.6340,29.2672,113.8626,32.1832
243451.6614,204108,218,-0.5823,0.1196,0.5769,39.6947,115.4962,33.8779
243451.6614,204118,218,-0.5361,0.1873,0.5732,51.6031,110.7481,34.6565
243451.6614,204128,218,-0.5022,0.2151,0.5559,55.7405,106.7023,34.0611
243451.6614,204138,218,-0.4902,0.2329,0.5110,56.8397,105.9695,31.8779
243451.6614,204148,218,-0.4849,0.2583,0.4910,58.8397,103.7252,28.0305
243451.6614,204158,218,-0.4492,0.2737,0.4314,58.4580,101.1298,22.0763
243451.7137,204168,219,-0.4436,0.2498,0.3672,57.8626,101.3588,16.4885
243451.7137,204178,219,-0.4434,0.2444,0.3184,61.8321,100.6260,11.0840
243451.7137,204188,219,-0.4541,0.2317,0.2583,65.7863,97.8321,5.2214
243451.7137,204198,219,-0.4568,0.1814,0.1812,65.6641,91.4351,0.1985
243451.7137,204208,219,-0.4253,0.1570,0.1506,68.0916,83.4504,-2.3359
243451.7137,204218,219,-0.4321,0.1465,0.1062,69.8321,78.9313,-4.6718
243451.7137,204228,219,-0.4312,0.1345,0.0620,69.3588,74.6260,-7.0229
243451.7137,204238,219,-0.4307,0.1265,0.0295,71.4656,71.1450,-9.0992
243451.7137,204248,219,-0.4307,0.1123,0.0125,76.6870,66.9466,-11.4809
243451.7137,204258,219,-0.4253,0.1021,-0.0117,82.0611,62.3969,-13.8168
243451.8951,204268,220,-0.4302,0.1040,-0.0151,87.8168,56.5649,-15.5115
243451.8951,204278,220,-0.4268,0.1589,-0.0120,94.0000,51.2672,-18.0916
243451.8951,204288,220,-0.4277,0.1787,-0.0149,93.4656,48.3359,-23.0229
243451.8951,204298,220,-0.4570,0.1714,-0.0652,90.1832,44.3359,-31.0076
243451.8951,204308,220,-0.4436,0.1338,-0.1021,86.5344,33.6031,-38.4122
243451.8951,204318,220,-0.3901,0.1248,-0.1233,85.6489,22.3664,-45.3740
243451.8951,204328,220,-0.3645,0.1042,-0.1304,82.9466,16.9008,-52.5496
243451.8951,204338,220,-0.3618,0.0715,-0.1636,80.1832,12.2443,-59.3435
243451.8951,204348,220,-0.3584,0.0364,-0.1843,78.9618,5.2519,-67.3740
243451.8951,204358,220,-0.3579,-0.0288,-0.2141,73.4809,-3.0076,-75.1298
243451.9596,204368,221,-0.3699,-0.1094,-0.2263,65.6794,-9.9695,-80.1679
243451.9596,204378,221,-0.3779,-0.1965,-0.2346,61.3740,-17.0534,-82.5649
243451.9596,204388,221,-0.3975,-0.2732,-0.2427,61.5115,-24.7023,-82.9466
243451.9596,204398,221,-0.4146,-0.2939,-0.2371,64.8702,-34.0305,-81.0840
243451.9596,204408,221,-0.4094,-0.3235,-0.1841,67.8473,-44.0305,-78.2443
243451.9596,204418,221,-0.4373,-0.3098,-0.1431,68.8397,-50.2443,-77.4656
243451.9596,204428,221,-0.4739,-0.3398,-0.1206,63.8626,-56.7634,-78.2901
243451.9596,204438,221,-0.5002,-0.3643,-0.0903,59.7252,-65.1450,-80.2290
243451.9596,204448,221,-0.5012,-0.4128,-0.0278,56.3206,-73.8626,-83.1908
243451.9596,204458,221,-0.5198,-0.4814,0.0210,53.4504,-79.4504,-86.2137
243452.0140,204468,222,-0.5371,-0.5532,0.0510,50.2595,-83.7863,-88.4733
243452.0140,204478,222,-0.5342,-0.6299,0.0881,45.2519,-88.8092,-88.8092
243452.0140,204488,222,-0.5454,-0.7146,0.1055,40.2901,-91.9084,-86.9924
243452.0140,204498,222,-0.5535,-0.7771,0.1172,38.9008,-95.8931,-83.0687
243452.0140,204508,222,-0.5527,-0.8176,0.1580,38.9924,-99.1603,-78.4733
243452.0140,204518,222,-0.5269,-0.8442,0.2188,38.3969,-103.8168,-74.5496
243452.0140,204528,222,-0.5322,-0.8840,0.2539,34.6412,-105.6641,-70.4122
243452.0140,204538,222,-0.5569,-0.9377,0.2754,28.6107,-105.9084,-65.9237
243452.0140,204548,222,-0.5718,-0.9868,0.2888,22.3053,-108.2595,-60.0763
243452.0140,204558,222,-0.5969,-1.0298,0.3118,16.9771,-112.5344,-52.4733
243452.1910,204568,223,-0.5908,-1.0620,0.3577,14.4885,-118.3359,-43.5573
243452.1910,204578,223,-0.5842,-1.0669,0.4080,15.4198,-122.5191,-34.9466
243452.1910,204588,223,-0.5964,-1.0872,0.4739,16.7481,-122.8397,-27.8473
243452.1910,204598,223,-0.6204,-1.0894,0.5505,16.9771,-122.1832,-21.7099
243452.1910,204608,223,-0.6406,-1.0964,0.6204,13.7710,-124.1069,-14.2901
243452.1910,204618,223,-0.6638,-1.0933,0.7502,9.6947,-123.8473,-5.2366
243452.1910,204628,223,-0.7305,-1.0659,0.8530,2.9618,-118.5191,6.0916
243452.1910,204638,223,-0.7998,-1.0056,0.9143,-6.3511,-113.4656,19.0534
243452.1910,204648,223,-0.8218,-0.9351,0.9258,-13.3130,-109.6794,30.3817
243452.1910,204658,223,-0.8623,-0.8599,0.9187,-14.9771,-102.3511,37.4504
243452.2564,204668,224,-0.8889,-0.7866,0.9092,-15.6489,-97.0840,41.7099
243452.2564,204678,224,-0.9082,-0.7273,0.9011,-19.2366,-93.8779,43.8473
243452.2564,204688,224,-0.9219,-0.7068,0.8936,-25.8168,-91.7405,44.6412
243452.2564,204698,224,-0.9329,-0.6924,0.8799,-32.4427,-90.2290,45.8626
243452.2564,204708,224,-0.9358,-0.6772,0.8853,-36.7939,-88.4580,47.8473
243452.2564,204718,224,-0.9314,-0.6699,0.9006,-39.6794,-86.2595,49.8321
243452.2564,204728,224,-0.9185,-0.6589,0.9370,-41.8168,-82.8244,52.5802
243452.2564,204738,224,-0.9229,-0.6323,0.9490,-44.5496,-77.2061,56.5649
243452.2564,204748,224,-0.9319,-0.6069,0.9351,-48.4580,-71.7710,60.5802
243452.2564,204758,224,-0.9482,-0.5906,0.9053,-51.1908,-67.7710,63.1908
243452.3203,204768,225,-0.9695,-0.6047,0.8643,-52.7481,-65.2061,64.6565
243452.3203,204778,225,-0.9890,-0.6299,0.8215,-53.8626,-64.9160,65.8015
243452.3203,204788,225,-0.9756,-0.6714,0.8032,-57.5878,-67.3893,68.0000
243452.3203,204798,225,-0.9448,-0.7283,0.8362,-60.3206,-68.0763,73.4351
243452.3203,204808,225,-0.9324,-0.6865,0.9119,-54.9008,-65.6794,82.4122
243452.3203,204818,225,-0.8960,-0.5891,1.0381,-47.9237,-63.4656,92.6107
243452.3203,204828,225,-0.8770,-0.4709,1.1372,-41.3282,-57.5420,100.2748
243452.3203,204838,225,-0.8938,-0.3557,1.1968,-37.4046,-48.3206,104.2595
243452.3203,204848,225,-0.9153,-0.2493,1.2563,-37.6489,-41.8779,105.5878
243452.3203,204858,225,-0.9175,-0.1785,1.3142,-40.6565,-37.6947,103.7405
243452.4331,204868,226,-0.9116,-0.1384,1.3875,-42.9618,-32.5496,98.8702
243452.4331,204878,226,-0.8843,-0.0918,1.4597,-44.4427,-27.0992,92.0305
243452.4331,204888,226,-0.8525,-0.0486,1.5320,-47.1145,-20.0000,85.3435
243452.4331,204898,226,-0.8186,-0.0220,1.5669,-51.7863,-9.3893,79.5725
243452.4331,204908,226,-0.7805,-0.0090,1.5488,-57.0382,3.3435,74.1679
243452.4331,204918,226,-0.7639,0.0242,1.5020,-59.6794,15.9695,70.0305
243452.4331,204928,226,-0.7605,0.0295,1.4341,-61.1756,28.1221,67.3282
243452.4331,204938,226,-0.7620,0.0442,1.3574,-60.7176,39.4656,65.9542
243452.4331,204948,226,-0.7512,0.0642,1.2942,-57.2824,47.5573,64.9008
243452.4331,204958,226,-0.7197,0.0864,1.2395,-54.1069,53.0840,64.0763
243452.5573,204968,227,-0.7173,0.1179,1.1943,-50.7176,59.4656,65.0229
243452.5573,204978,227,-0.7207,0.1978,1.1650,-42.5802,64.3817,65.7863
243452.5573,204988,227,-0.7300,0.2876,1.1509,-37.4504,65.7710,64.5954
243452.5573,204998,227,-0.7195,0.3350,1.1079,-37.9695,67.5725,61.3740
243452.5573,205008,227,-0.7329,0.3547,1.0532,-37.4962,70.1679,56.2443
243452.5573,205018,227,-0.7346,0.3694,1.0029,-35.2672,70.8550,50.6107
243452.5573,205028,227,-0.7576,0.3596,0.9531,-32.7786,73.6947,45.6641
243452.5573,205038,227,-0.7812,0.3435,0.9338,-26.7176,76.9618,42.1069
243452.5573,205048,227,-0.7944,0.3250,0.9204,-16.4580,81.2824,39.9084
243452.5573,205058,227,-0.8120,0.3452,0.9287,-2.2137,84.8397,37.9542
243452.6737,205068,228,-0.8005,0.3792,0.9353,8.1374,86.4885,35.4198
243452.6737,205078,228,-0.8025,0.3743,0.9250,12.1679,88.8092,31.7710
243452.6737,205088,228,-0.8010,0.3433,0.8823,15.3893,91.4046,26.8702
243452.6737,205098,228,-0.8018,0.3064,0.8162,18.5496,93.5878,20.5802
243452.6737,205108,228,-0.8281,0.2405,0.7554,18.6565,93.2366,13.7405
243452.6737,205118,228,-0.7800,0.1523,0.6895,17.0382,87.6794,8.3817
243452.6737,205128,228,-0.7449,0.0872,0.6646,18.3664,85.4504,6.4275
243452.6737,205138,228,-0.7190,0.0322,0.6699,20.5954,84.7634,6.7786
243452.6737,205148,228,-0.6887,0.0129,0.7063,27.7252,83.7405,8.5191
243452.6737,205158,228,-0.6560,0.0198,0.7275,35.4809,84.2443,10.2137
243452.7332,205168,229,-0.6252,0.0283,0.7168,38.3511,86.3359,13.0687
243452.7332,205178,229,-0.5955,0.0735,0.6965,42.7328,89.6947,16.8855
243452.7332,205188,229,-0.5867,0.1194,0.6885,49.4809,95.6336,18.8244
243452.7332,205198,229,-0.5674,0.1829,0.6267,56.3511,101.0534,17.4046
243452.7332,205208,229,-0.5747,0.2095,0.5305,59.1908,105.9542,12.7634
243452.7332,205218,229,-0.6116,0.2161,0.4443,58.1985,104.4122,6.3664
243452.7332,205228,229,-0.5586,0.2002,0.3789,55.8321,93.3740,1.2672
243452.7332,205238,229,-0.5269,0.1865,0.3481,54.2290,86.9466,-3.2519
243452.7332,205248,229,-0.5022,0.1746,0.3279,55.2061,86.4427,-9.1756
243452.7332,205258,229,-0.4871,0.1399,0.3003,57.0840,85.7863,-15.2214
243452.7934,205268,230,-0.4487,0.0723,0.2905,57.7557,83.7252,-19.6641
243452.7934,205278,230,-0.4390,0.0554,0.2749,60.2290,83.1298,-21.0076
243452.7934,205288,230,-0.4207,0.0371,0.2502,62.6412,81.4809,-20.6718
243452.7934,205298,230,-0.4333,0.0378,0.2000,65.0840,80.4122,-20.7939
243452.7934,205308,230,-0.4431,0.0435,0.1504,68.2290,77.6031,-20.5802
243452.7934,205318,230,-0.4365,0.0664,0.1140,71.5573,71.1603,-21.6031
243452.7934,205328,230,-0.4309,0.0835,0.0781,72.9924,65.8779,-23.1756
243452.7934,205338,230,-0.4343,0.0938,0.0454,73.9389,63.5115,-25.8931
243452.7934,205348,230,-0.4519,0.1189,0.0073,74.1679,59.8015,-31.1145
243452.7934,205358,230,-0.4456,0.1013,-0.0381,70.4427,52.3969,-37.5420
243452.9717,205368,231,-0.4421,0.0803,-0.0569,69.8779,44.7481,-44.9160
243452.9717,205378,231,-0.3992,0.0637,-0.0999,68.0763,37.4656,-53.0687
243452.9717,205388,231,-0.3794,-0.0022,-0.1235,61.2977,33.1298,-60.0611
243452.9717,205398,231,-0.3887,-0.0659,-0.1675,58.9313,26.5802,-64.1221
243452.9717,205408,231,-0.3062,-0.0703,-0.1138,62.6107,14.7176,-69.0687
243452.9717,205418,231,-0.2808,-0.1074,-0.1028,63.5267,6.9160,-73.5420
243452.9717,205428,231,-0.2207,-0.1316,-0.0879,63.5115,0.0305,-77.0992
243452.9717,205438,231,-0.2007,-0.1655,-0.0962,62.3664,-3.3893,-81.5725
243452.9717,205448,231,-0.2080,-0.2209,-0.1482,57.0534,-6.9618,-86.0153
243452.9717,205458,231,-0.2366,-0.3154,-0.2146,51.8626,-12.6870,-89.0840
243453.0329,205468,232,-0.2588,-0.4082,-0.2539,52.4275,-20.8244,-90.9160
243453.0329,205478,232,-0.2732,-0.4844,-0.2554,56.2443,-31.1145,-90.5496
243453.0329,205488,232,-0.2891,-0.5559,-0.2446,59.6794,-41.3740,-86.9618
243453.0329,205498,232,-0.3240,-0.5845,-0.1902,64.9008,-50.1374,-79.9084
243453.0329,205508,232,-0.3611,-0.5671,-0.1389,70.5649,-59.3130,-70.9771
243453.0329,205518,232,-0.4248,-0.5325,-0.0706,74.2290,-66.6412,-64.3664
243453.0329,205528,232,-0.4592,-0.4805,-0.0332,76.0611,-74.7176,-61.7557
243453.0329,205538,232,-0.5061,-0.4785,-0.0273,71.0992,-81.7099,-63.5573
243453.0329,205548,232,-0.5479,-0.5293,-0.0337,61.8321,-88.5649,-68.5344
243453.0329,205558,232,-0.5754,-0.6265,-0.0603,53.3435,-96.8092,-74.1985
243453.1530,205568,233,-0.5979,-0.7366,-0.0481,47.9084,-105.8168,-77.5878
243453.1530,205578,233,-0.5823,-0.8269,-0.0010,45.3588,-115.3588,-77.9847
243453.1530,205588,233,-0.5664,-0.9312,0.0854,41.6947,-122.3664,-76.7786
243453.1530,205598,233,-0.5537,-1.0254,0.1804,39.1145,-126.8855,-72.7023
243453.1530,205608,233,-0.5337,-1.0798,0.2786,39.8015,-128.6412,-66.7023
243453.1530,205618,233,-0.5496,-1.1401,0.3394,35.7710,-129.6336,-59.8015
243453.1530,205628,233,-0.5613,-1.2268,0.3914,26.6870,-132.0305,-50.4885
243453.1530,205638,233,-0.5842,-1.2764,0.4629,21.1603,-134.0611,-38.3664
243453.1530,205648,233,-0.6667,-1.2632,0.5427,17.3282,-134.4122,-23.7557
243453.1530,205658,233,-0.7126,-1.2039,0.6172,13.4656,-136.1985,-9.3740
243453.2724,205668,234,-0.7432,-1.1465,0.7161,9.9847,-138.0458,0.3053
243453.2724,205678,234,-0.7556,-1.1057,0.8196,5.5878,-136.2137,6.5802
243453.2724,205688,234,-0.7776,-1.0930,0.9399,-1.8168,-130.3817,11.9695
243453.2724,205698,234,-0.7871,-1.0833,1.0137,-10.2443,-124.7328,16.8702
243453.2724,205708,234,-0.7754,-1.1030,1.0183,-20.2443,-117.4962,23.1450
243453.2724,205718,234,-0.8049,-1.1118,0.9788,-29.0534,-108.2290,31.2824
243453.2724,205728,234,-0.8472,-1.0889,0.9453,-33.4504,-100.6260,40.8702
243453.2724,205738,234,-0.8813,-1.0161,0.9333,-35.2672,-96.3817,51.0076
243453.2724,205748,234,-0.9167,-0.9255,0.9185,-38.8092,-92.9313,60.6107
243453.2724,205758,234,-0.9426,-0.8787,0.9053,-42.7481,-91.9084,66.9466
243453.3330,205768,235,-0.9453,-0.8123,0.9180,-40.9924,-90.3053,70.9008
243453.3330,205778,235,-0.9575,-0.7500,0.9277,-43.3130,-85.5878,74.1679
243453.3330,205788,235,-0.9583,-0.7366,0.9299,-48.7634,-81.8626,76.3817
243453.3330,205798,235,-0.9436,-0.7327,0.9780,-52.0916,-79.4656,78.1679
243453.3330,205808,235,-0.9185,-0.7366,1.0579,-54.1679,-76.1374,82.2290
243453.3330,205818,235,-0.8862,-0.6948,1.1636,-54.5649,-73.2824,87.6794
243453.3330,205828,235,-0.8660,-0.6831,1.2087,-57.7710,-70.0458,93.3740
243453.3330,205838,235,-0.8037,-0.5649,1.2205,-55.7099,-57.7557,104.7023
243453.3330,205848,235,-0.8184,-0.5073,1.1895,-58.1679,-48.9466,109.0992
243453.3330,205858,235,-0.8240,-0.4321,1.1672,-60.0000,-42.9160,111.8931
243453.5193,205868,236,-0.8633,-0.3584,1.1533,-63.2366,-35.0992,114.4122
243453.5193,205878,236,-0.9048,-0.2727,1.1458,-65.1450,-29.8321,117.1450
243453.5193,205888,236,-0.9341,-0.1772,1.1565,-61.9389,-25.6641,117.7710
243453.5193,205898,236,-0.9714,-0.0681,1.1995,-55.5878,-19.7557,114.8092
243453.5193,205908,236,-0.9958,-0.0098,1.2568,-52.6412,-13.6947,108.3664
243453.5193,205918,236,-1.0049,0.0300,1.2996,-51.4046,-8.0305,101.4809
243453.5193,205928,236,-0.9937,0.0454,1.3496,-49.8321,-2.6412,94.9924
243453.5193,205938,236,-0.9783,0.0793,1.4094,-48.0153,3.7252,90.3206
243453.5193,205948,236,-0.9641,0.1216,1.4429,-47.2366,12.6260,87.3130
243453.5193,205958,236,-0.9534,0.1533,1.4365,-45.4809,22.9313,84.2290
243453.5810,205968,237,-0.9431,0.1760,1.4185,-42.5954,33.0534,80.7939
243453.5810,205978,237,-0.9324,0.2083,1.3855,-39.7099,42.6260,77.9847
243453.5810,205988,237,-0.9197,0.2473,1.3411,-38.1374,51.2824,76.6107
243453.5810,205998,237,-0.9136,0.2715,1.2893,-36.0153,58.8550,75.8779
243453.5810,206008,237,-0.8889,0.2942,1.2488,-29.6794,65.0076,74.4580
243453.5810,206018,237,-0.8789,0.3464,1.2327,-19.4198,70.7481,71.9542
243453.5810,206028,237,-0.8818,0.3945,1.1980,-10.4122,76.9618,66.3206
243453.5810,206038,237,-0.8677,0.4124,1.1514,-5.0076,82.5344,59.3893
243453.5810,206048,237,-0.8472,0.4268,1.1155,-1.4504,85.1756,51.9084
243453.5810,206058,237,-0.8027,0.3901,1.1008,1.0687,86.6107,43.8473
243453.6342,206068,238,-0.7571,0.3506,1.0740,6.4427,89.2061,36.5649
243453.6342,206078,238,-0.7202,0.3098,1.0383,12.3359,92.3206,31.9389
243453.6342,206088,238,-0.6829,0.2649,0.9805,17.7099,96.4427,29.3893
243453.6342,206098,238,-0.6528,0.2478,0.9233,24.6718,100.2901,28.4275
243453.6342,206108,238,-0.6179,0.2676,0.8760,31.9084,102.6870,27.8626
243453.6342,206118,238,-0.5864,0.2810,0.8403,37.2214,103.6031,26.2595
243453.6342,206128,238,-0.5366,0.2864,0.7671,39.8473,104.2901,23.0076
243453.6342,206138,238,-0.5376,0.2781,0.7065,40.0916,106.3511,20.2443
243453.6342,206148,238,-0.5061,0.2961,0.6731,43.0992,104.0611,16.6565
243453.6342,206158,238,-0.4863,0.3096,0.6379,43.6031,102.8702,12.0458
243453.6928,206168,239,-0.4817,0.3069,0.5747,42.8092,103.1908,6.8855
243453.6928,206178,239,-0.4680,0.3113,0.5151,43.5573,102.2290,0.9313
243453.6928,206188,239,-0.4485,0.2800,0.4639,43.3130,100.2901,-5.5420
243453.6928,206198,239,-0.4309,0.2632,0.4153,46.5038,97.6031,-11.4046
243453.6928,206208,239,-0.4148,0.2275,0.3811,51.0840,95.9237,-16.2290
243453.6928,206218,239,-0.3958,0.2317,0.3499,58.4122,93.4198,-21.1145
243453.6928,206228,239,-0.3918,0.2185,0.3013,60.8702,91.2672,-26.9618
243453.6928,206238,239,-0.3887,0.1858,0.2476,59.2977,87.1145,-32.0916
243453.6928,206248,239,-0.3708,0.1611,0.1917,58.2748,81.2519,-37.0229
243453.6928,206258,239,-0.3804,0.1047,0.1487,58.0000,76.6565,-41.1298
243453.8796,206268,240,-0.3879,0.0884,0.1355,60.6718,69.6183,-44.6107
243453.8796,206278,240,-0.3643,0.0471,0.1250,60.9771,62.2137,-46.9924
243453.8796,206288,240,-0.3699,0.0132,0.1003,62.4733,59.7405,-48.6718
243453.8796,206298,240,-0.4263,0.0156,0.0564,65.1145,58.4885,-49.0840
243453.8796,206308,240,-0.4407,0.0437,0.0439,67.1756,51.7405,-49.1908
243453.8796,206318,240,-0.4531,0.0686,0.0410,69.0687,44.4122,-51.1908
243453.8796,206328,240,-0.4678,0.0823,0.0269,70.3969,38.4427,-56.5344
243453.8796,206338,240,-0.4578,0.0764,0.0054,70.0763,30.9466,-63.3740
243453.8796,206348,240,-0.4351,0.0195,-0.0100,65.7099,26.2443,-70.3359
243453.8796,206358,240,-0.4480,-0.0579,-0.0500,63.0076,22.9008,-75.8626
243453.9332,206368,241,-0.4175,-0.1265,-0.0720,64.3359,14.3359,-80.3511
243453.9332,206378,241,-0.3977,-0.2007,-0.0718,66.6260,6.3053,-83.8015
243453.9332,206388,241,-0.3447,-0.2556,-0.0706,68.5649,-3.1298,-86.1221
243453.9332,206398,241,-0.3335,-0.3210,-0.0442,68.2137,-9.9084,-88.2290
243453.9332,206408,241,-0.2749,-0.4146,-0.0383,66.0763,-18.1527,-89.4504
243453.9332,206418,241,-0.2734,-0.4941,-0.0347,64.4885,-22.4733,-88.0458
243453.9332,206428,241,-0.2781,-0.5540,-0.0444,63.8931,-27.8931,-85.2977
243453.9332,206438,241,-0.2937,-0.6138,-0.0547,62.5954,-35.0840,-82.1221
243453.9332,206448,241,-0.3123,-0.6699,-0.0554,61.0534,-42.7176,-78.6260
243453.9332,206458,241,-0.3589,-0.7188,-0.0659,59.7252,-50.4580,-74.7939
243453.9935,206468,242,-0.3909,-0.7607,-0.0642,57.8931,-59.3282,-70.3511
243453.9935,206478,242,-0.4204,-0.7896,-0.0337,56.5496,-68.2443,-64.4580
243453.9935,206488,242,-0.4531,-0.7935,-0.0010,55.9389,-75.5573,-58.4427
243453.9935,206498,242,-0.4915,-0.7842,0.0496,54.8397,-81.6183,-53.1603
243453.9935,206508,242,-0.5229,-0.7732,0.1309,54.7328,-86.8092,-49.7863
243453.9935,206518,242,-0.5669,-0.7588,0.2080,51.3435,-90.0611,-50.0611
243453.9935,206528,242,-0.6025,-0.7915,0.2791,42.1527,-93.5420,-53.1908
243453.9935,206538,242,-0.6135,-0.8687,0.3596,31.4962,-97.1450,-56.1221
243453.9935,206548,242,-0.6106,-0.9700,0.4275,21.7099,-98.1221,-56.5954
243453.9935,206558,242,-0.6106,-1.0354,0.4924,15.3435,-96.8550,-52.8855
243454.1772,206568,243,-0.6335,-1.0317,0.5315,12.3969,-96.9008,-45.9084
243454.1772,206578,243,-0.6331,-1.0374,0.5483,7.7710,-97.3130,-37.5115
243454.1772,206588,243,-0.6357,-1.0195,0.5659,5.2977,-96.9008,-29.7557
243454.1772,206598,243,-0.6592,-0.9922,0.5669,3.6031,-95.0076,-23.0382
243454.1772,206608,243,-0.6714,-0.9492,0.5623,1.3130,-93.9389,-18.1679
243454.1772,206618,243,-0.7019,-0.9338,0.5498,-3.8931,-95.3740,-14.9618
243454.1772,206628,243,-0.7029,-0.9236,0.5479,-7.9695,-96.8092,-10.4885
243454.1772,206638,243,-0.7324,-0.8552,0.5557,-7.0229,-95.9084,-5.5115
243454.1772,206648,243,-0.7322,-0.7668,0.6218,-4.6565,-97.3130,-3.7557
243454.1772,206658,243,-0.7305,-0.7419,0.6887,-9.2519,-99.2519,-6.2137
243454.2423,206668,244,-0.7334,-0.8315,0.7004,-23.1908,-100.2137,-10.0000
243454.2423,206678,244,-0.7468,-0.9666,0.6829,-35.0229,-98.5802,-8.2901
243454.2423,206688,244,-0.7500,-1.0801,0.6365,-38.6870,-97.3588,0.4427
243454.2423,206698,244,-0.7854,-1.1255,0.6426,-34.5496,-97.8931,15.7099
243454.2423,206708,244,-0.7898,-1.1240,0.6826,-27.0687,-102.2748,35.9084
243454.2423,206718,244,-0.8015,-1.0242,0.7610,-16.0763,-103.2061,58.1221
243454.2423,206728,244,-0.8059,-0.8694,0.8416,-6.6412,-99.8015,76.4733
243454.2423,206738,244,-0.8306,-0.7505,0.8838,-4.0916,-92.7328,87.9847
243454.2423,206748,244,-0.9001,-0.6516,0.9236,-4.6107,-83.3130,95.7710
243454.2423,206758,244,-0.9219,-0.5330,0.9756,-7.4046,-78.4885,100.2443
243454.2924,206768,245,-0.9363,-0.4592,1.0293,-14.1985,-74.9466,100.8244
243454.2924,206778,245,-0.9321,-0.4246,1.0498,-20.8855,-70.7328,99.1450
243454.2924,206788,245,-0.9277,-0.4355,1.0444,-27.3282,-65.2824,95.2061
243454.2924,206798,245,-0.9133,-0.4614,1.0422,-32.1527,-61.4351,92.0305
243454.2924,206808,245,-0.9016,-0.4915,1.0588,-34.9160,-58.1832,90.8855
243454.2924,206818,245,-0.8884,-0.4988,1.0769,-36.3053,-54.0611,91.6336
243454.2924,206828,245,-0.9019,-0.4709,1.1008,-37.2366,-48.7328,93.9237
243454.2924,206838,245,-0.8975,-0.4304,1.1272,-38.6565,-43.7863,97.4962
243454.2924,206848,245,-0.8894,-0.3726,1.1582,-38.2748,-38.1221,99.0992
243454.2924,206858,245,-0.8762,-0.2827,1.2073,-37.6183,-30.5496,99.5420
243454.4761,206868,246,-0.8931,-0.2002,1.2234,-41.9695,-21.5420,97.1298
243454.4761,206878,246,-0.8733,-0.1831,1.1958,-50.9313,-15.1298,91.5878
243454.4761,206888,246,-0.8542,-0.2168,1.1428,-56.9618,-5.6641,84.5802
243454.4761,206898,246,-0.8799,-0.2676,1.0889,-57.8321,4.6260,78.3053
243454.4761,206908,246,-0.8906,-0.3079,1.0579,-58.2137,7.4504,76.9008
243454.4761,206918,246,-0.8623,-0.3201,1.0627,-58.1069,6.5496,79.4962
243454.4761,206928,246,-0.8391,-0.3098,1.1125,-53.9389,8.9160,83.1450
243454.4761,206938,246,-0.8376,-0.2463,1.1675,-48.8550,15.4504,87.3435
243454.4761,206948,246,-0.8474,-0.1785,1.2002,-47.7099,22.3969,91.4962
243454.4761,206958,246,-0.8494,-0.1235,1.2236,-45.3282,28.9618,93.3282
243454.5909,206968,247,-0.8577,-0.0669,1.2288,-40.3664,35.7557,92.6412
243454.5909,206978,247,-0.8760,0.0063,1.2544,-37.0687,43.1450,90.9618
243454.5909,206988,247,-0.8672,0.0652,1.2756,-37.7863,49.7863,89.9084
243454.5909,206998,247,-0.8689,0.1108,1.2671,-38.4885,56.6412,87.9389
243454.5909,207008,247,-0.8518,0.1650,1.2676,-35.3130,62.6870,84.9008
243454.5909,207018,247,-0.8499,0.2170,1.2625,-29.5573,68.6718,80.6718
243454.5909,207028,247,-0.8313,0.2605,1.2363,-25.4046,73.4046,75.4656
243454.5909,207038,247,-0.8291,0.2717,1.2087,-23.4198,79.8473,69.3893
243454.5909,207048,247,-0.8086,0.2722,1.1626,-24.0763,84.8550,65.5878
243454.5909,207058,247,-0.7856,0.3225,1.1157,-18.3817,88.8092,65.0687
243454.5932,207068,248,-0.7910,0.3943,1.1030,-9.4504,90.1374,62.9313
243454.5932,207078,248,-0.7234,0.4519,1.0417,-4.9008,89.6031,59.0076
243454.5932,207088,248,-0.7197,0.4539,0.9636,-2.1221,97.0840,53.6947
243454.5932,207098,248,-0.7224,0.4863,0.8904,4.3817,103.4809,47.6641
243454.5932,207108,248,-0.7141,0.4905,0.8269,9.7099,105.0840,41.9695
243454.5932,207118,248,-0.6790,0.4705,0.8020,15.2061,103.5725,35.6336
243454.5932,207128,248,-0.6533,0.4233,0.7708,19.9542,105.8779,30.7023
243454.5932,207138,248,-0.6323,0.4333,0.7336,27.4504,108.1221,27.6489
243454.5932,207148,248,-0.6111,0.4331,0.7063,33.9542,107.4351,24.5038
243454.5932,207158,248,-0.5825,0.4119,0.6667,38.4122,106.6107,20.6870
243454.7737,207168,249,-0.5818,0.3867,0.6260,43.5573,105.5115,16.2137
243454.7737,207178,249,-0.5828,0.3237,0.5322,43.1298,103.8473,11.8931
243454.7737,207188,249,-0.5740,0.2644,0.4556,46.5954,99.8626,9.8321
243454.7737,207198,249,-0.5554,0.2617,0.4165,56.6870,95.7863,8.4275
243454.7737,207208,249,-0.5425,0.2466,0.4099,64.5191,93.8321,7.0992
243454.7737,207218,249,-0.5208,0.2612,0.4001,72.3969,90.5649,4.7786
243454.7737,207228,249,-0.5203,0.2761,0.3835,77.0229,87.6183,1.6336
243454.7737,207238,249,-0.5071,0.2805,0.3760,77.8168,84.0305,-3.0687
243454.7737,207248,249,-0.4963,0.2554,0.3687,74.8855,82.1832,-8.3053
243454.7737,207258,249,-0.4858,0.2402,0.3525,71.2366,80.3969,-11.6947
243454.8908,207268,250,-0.4636,0.2542,0.3408,70.1832,78.0000,-13.8779
243454.8908,207278,250,-0.4846,0.2275,0.3164,70.3511,75.7405,-16.9618
243454.8908,207288,250,-0.4578,0.2437,0.2664,75.2366,70.8550,-20.7328
243454.8908,207298,250,-0.4741,0.2131,0.2039,73.3130,69.7099,-23.8931
243454.8908,207308,250,-0.4778,0.1895,0.1162,71.2366,67.5115,-26.0153
243454.8908,207318,250,-0.4810,0.1968,0.0664,75.9237,64.3817,-29.7710
243454.8908,207328,250,-0.4688,0.2122,0.0364,82.0458,59.2214,-35.3282
243454.8908,207338,250,-0.4478,0.2087,0.0127,83.9542,55.0687,-41.7863
243454.8908,207348,250,-0.4473,0.1919,-0.0156,82.1069,52.3664,-48.3053
243454.8908,207358,250,-0.4331,0.1558,-0.0547,78.5954,46.3206,-54.0305
243454.8930,207368,251,-0.4194,0.1204,-0.0500,78.1221,37.2824,-59.6641
243454.8930,207378,251,-0.4050,0.0930,-0.0532,79.7099,28.5954,-65.1908
243454.8930,207388,251,-0.3660,0.0586,-0.0417,80.8702,20.5038,-69.7405
243454.8930,207398,251,-0.3396,0.0542,-0.0488,83.4809,14.4122,-73.7710
243454.8930,207408,251,-0.3127,0.0461,-0.0671,84.7634,9.5115,-79.1603
243454.8930,207418,251,-0.2812,0.0254,-0.0935,84.7634,3.3893,-86.3817
243454.8930,207428,251,-0.2424,-0.0181,-0.1199,82.5649,-3.8015,-94.3206
243454.8930,207438,251,-0.2012,-0.0779,-0.1399,79.4351,-13.2214,-102.2290
243454.8930,207448,251,-0.1509,-0.1506,-0.1482,75.8931,-24.3664,-109.4504
243454.8930,207458,251,-0.1191,-0.2124,-0.1455,72.9466,-34.5191,-115.3435
243455.0127,207468,252,-0.0977,-0.2908,-0.1470,69.7557,-44.1985,-120.0763
243455.0127,207478,252,-0.1025,-0.3708,-0.1489,67.4046,-51.6031,-123.0229
243455.0127,207488,252,-0.1372,-0.4497,-0.1714,67.7710,-59.2061,-126.3511
243455.0127,207498,252,-0.1873,-0.5835,-0.2219,61.0687,-68.4885,-130.8244
243455.0127,207508,252,-0.2478,-0.7546,-0.2048,53.5420,-80.0458,-131.6183
243455.0127,207518,252,-0.2627,-0.8552,-0.1426,52.4885,-94.8702,-126.3206
243455.0127,207528,252,-0.2786,-0.9219,-0.0264,54.9160,-108.1221,-116.3969
243455.0127,207538,252,-0.2773,-0.9351,0.0999,60.7786,-118.7023,-106.6107
243455.0127,207548,252,-0.2803,-0.9443,0.2102,64.5649,-122.8397,-99.3893
243455.0127,207558,252,-0.2961,-0.9839,0.2915,62.9466,-122.9924,-94.3359
243455.1909,207568,253,-0.3416,-1.0725,0.3308,55.0992,-122.9466,-91.6336
243455.1909,207578,253,-0.3682,-1.2075,0.3647,44.7328,-125.7252,-88.6718
243455.1909,207588,253,-0.3928,-1.3547,0.4302,36.2443,-129.4504,-82.7023
243455.1909,207598,253,-0.4102,-1.4702,0.5063,29.3740,-132.5344,-71.5115
243455.1909,207608,253,-0.4580,-1.5149,0.6316,24.8092,-133.7405,-53.8626
243455.1909,207618,253,-0.5181,-1.4700,0.7375,21.2977,-132.1832,-30.8244
243455.1909,207628,253,-0.5923,-1.3574,0.7769,17.8168,-127.4962,-7.3435
243455.1909,207638,253,-0.6697,-1.2175,0.7617,15.5267,-118.7481,10.2901
243455.1909,207648,253,-0.7603,-1.0862,0.7031,15.6489,-109.6183,19.9237
243455.1909,207658,253,-0.8657,-0.9958,0.6770,12.9466,-106.4580,23.0382
243455.2000,207668,254,-0.8892,-0.9229,0.6716,3.8626,-110.3511,22.7176
243455.2000,207678,254,-0.8906,-0.9543,0.6782,-10.4427,-115.1756,20.6412
243455.2000,207688,254,-0.8955,-1.0244,0.7380,-19.9847,-119.1908,19.8015
243455.2000,207698,254,-0.8740,-1.0493,0.8286,-22.5191,-121.9542,23.8473
243455.2000,207708,254,-0.8538,-1.0137,0.9578,-23.1145,-120.1374,31.1756
243455.2000,207718,254,-0.8560,-1.0024,1.0435,-26.6107,-112.0305,39.9084
243455.2000,207728,254,-0.8694,-0.9546,1.0574,-27.8321,-100.3053,48.6718
243455.2000,207738,254,-0.9141,-0.9060,1.0024,-30.8550,-87.6947,57.2214
243455.2000,207748,254,-0.9363,-0.8616,0.9556,-31.0992,-80.3817,64.0458
243455.2000,207758,254,-0.9465,-0.8186,0.9446,-30.8244,-76.7328,70.0458
243455.3734,207768,255,-0.9905,-0.7581,0.9841,-33.6489,-75.0840,77.5267
243455.3734,207778,255,-0.9458,-0.6951,1.0122,-40.2137,-81.8168,84.1832
243455.3734,207788,255,-0.9360,-0.6589,1.0237,-43.8321,-81.9847,89.6794
243455.3734,207798,255,-0.9431,-0.5850,1.0151,-41.3282,-74.7481,93.0534
243455.3734,207808,255,-0.9666,-0.5483,1.0037,-41.5420,-65.2977,95.4046
243455.3734,207818,255,-0.9973,-0.4880,1.0229,-39.1145,-56.2443,96.7023
243455.3734,207828,255,-0.9927,-0.4282,1.0649,-38.7023,-52.5191,95.7099
243455.3734,207838,255,-0.9631,-0.4043,1.1177,-42.4885,-48.4122,93.5878
243455.3734,207848,255,-0.9358,-0.3953,1.1589,-46.0153,-39.9084,91.3435
243455.3734,207858,255,-0.9248,-0.3872,1.1423,-49.6489,-29.2672,90.1679
243455.5001,207868,0,-0.9248,-0.3835,1.0801,-51.8779,-19.6031,90.4885
243455.5001,207878,0,-0.9180,-0.3916,1.0220,-52.4885,-13.9389,91.8779
243455.5001,207888,0,-0.9324,-0.3860,0.9763,-48.6565,-8.9771,92.8702
243455.5001,207898,0,-0.9524,-0.3433,1.0088,-42.7176,-8.1832,93.9084
243455.5001,207908,0,-0.9128,-0.3105,1.0728,-39.2061,-13.2519,93.9084
243455.5001,207918,0,-0.8589,-0.3071,1.1694,-36.0611,-14.1679,92.7023
243455.5001,207928,0,-0.9172,-0.2771,1.2192,-32.1832,-9.1603,93.1603
243455.5001,207938,0,-0.7734,0.0334,1.3618,-29.0992,-10.8397,102.3359
243455.5001,207948,0,-0.6394,0.0100,1.2979,-34.8092,1.1603,117.1450
243455.5001,207958,0,-1.0212,0.1938,1.2158,-14.7634,36.6260,112.5496
243455.5523,207968,1,-0.7954,0.3162,1.2146,-5.4351,29.1145,94.6412
243455.5523,207978,1,-0.8855,0.2329,1.1230,-23.4046,36.7481,81.7710
243455.5523,207988,1,-0.9446,0.0522,1.0498,-40.9618,38.5802,72.0000
243455.5523,207998,1,-0.8406,-0.0698,1.0557,-40.0458,30.4122,67.5878
243455.5523,208008,1,-0.8113,-0.1372,1.0674,-29.2366,35.2366,73.9695
243455.5523,208018,1,-0.8098,-0.0691,1.1116,-12.6107,41.1603,84.9466
243455.5523,208028,1,-0.7644,-0.0190,1.1162,0.0916,44.0305,89.2366
243455.5523,208038,1,-0.7224,0.1025,1.1326,6.3969,51.0229,92.8855
243455.5523,208048,1,-0.7422,0.2021,1.1069,2.2137,58.4275,96.7176
243455.5523,208058,1,-0.8074,0.2712,1.0681,1.2977,64.7786,93.0534
243455.6130,208068,2,-0.7778,0.3838,1.1350,6.4885,69.1603,81.0534
243455.6130,208078,2,-0.7590,0.3667,1.1106,3.5878,70.8092,68.5802
243455.6130,208088,2,-0.8777,0.2566,1.0308,-4.2595,76.6565,53.2672
243455.6130,208098,2,-0.7354,0.1602,1.0371,-11.5725,73.3435,41.5115
243455.6130,208108,2,-0.7100,0.0103,1.0046,-16.4122,78.3206,40.6260
243455.6130,208118,2,-0.7129,-0.0093,0.9705,-7.4046,85.4809,45.7099
243455.6130,208128,2,-0.6433,0.0564,0.9722,8.5802,84.9924,52.7023
243455.6130,208138,2,-0.6060,0.1833,0.9485,21.8931,90.3817,58.5191
243455.6130,208148,2,-0.6128,0.2947,0.8894,25.9237,96.7634,59.9084
243455.6130,208158,2,-0.5842,0.3496,0.8250,24.2901,98.2290,56.3206
243455.7997,208168,3,-0.5828,0.3950,0.7622,21.7557,99.5878,51.0992
243455.7997,208178,3,-0.5852,0.4441,0.7090,21.2214,99.5115,45.7252
243455.7997,208188,3,-0.5769,0.5044,0.6904,22.3206,97.3588,39.1145
243455.7997,208198,3,-0.5662,0.5210,0.6587,23.4656,96.2595,31.0840
243455.7997,208208,3,-0.5540,0.5107,0.6177,26.3664,96.5954,22.3969
243455.7997,208218,3,-0.5615,0.4854,0.5537,31.0076,98.1832,14.4885
243455.7997,208228,3,-0.5552,0.4553,0.5098,36.4885,96.9924,8.6412
243455.7997,208238,3,-0.5496,0.4333,0.4482,41.9847,95.1450,3.9389
243455.7997,208248,3,-0.5513,0.4099,0.3994,46.6565,92.7176,0.1527
243455.7997,208258,3,-0.5498,0.3853,0.3547,50.8244,88.2901,-2.6412
243455.8529,208268,4,-0.5415,0.3601,0.3293,55.1145,83.0840,-5.1908
243455.8529,208278,4,-0.5403,0.3484,0.3247,59.9847,77.6641,-7.4504
243455.8529,208288,4,-0.5271,0.3398,0.3240,63.5725,73.6794,-9.1298
243455.8529,208298,4,-0.5405,0.3394,0.3108,67.0840,70.8397,-10.7023
243455.8529,208308,4,-0.5283,0.3455,0.2930,72.1832,66.5954,-12.9160
243455.8529,208318,4,-0.5317,0.3364,0.2861,77.6794,63.7099,-16.1679
243455.8529,208328,4,-0.5417,0.3376,0.2703,83.8473,62.5191,-19.5267
243455.8529,208338,4,-0.5654,0.3391,0.2356,86.1679,61.4504,-23.3130
243455.8529,208348,4,-0.5876,0.3303,0.1899,85.9389,57.7863,-27.6794
243455.8529,208358,4,-0.5903,0.3250,0.1750,87.4504,52.1527,-33.5267
243455.9132,208368,5,-0.5742,0.2874,0.1716,87.5725,46.3969,-40.2748
243455.9132,208378,5,-0.5610,0.2349,0.1616,87.0229,42.2290,-46.6107
243455.9132,208388,5,-0.5576,0.2046,0.1484,87.2061,39.0687,-51.9542
243455.9132,208398,5,-0.5312,0.1736,0.1389,86.9771,35.0076,-56.3664
243455.9132,208408,5,-0.5090,0.1477,0.1294,87.2061,31.6641,-61.7710
243455.9132,208418,5,-0.5105,0.1182,0.1218,85.2061,29.8321,-67.3435
243455.9132,208428,5,-0.4985,0.0718,0.0837,80.8092,27.0840,-72.4733
243455.9132,208438,5,-0.4778,0.0085,0.0386,77.6183,23.0840,-78.1832
243455.9132,208448,5,-0.4734,-0.0432,0.0291,76.2137,18.7634,-84.0611
243455.9132,208458,5,-0.4275,-0.1030,0.0198,73.4504,12.4122,-88.3664
243456.0328,208468,6,-0.3948,-0.1794,0.0229,69.2214,7.1908,-91.4198
243456.0328,208478,6,-0.3608,-0.2192,0.0300,67.4656,2.7481,-92.6260
243456.0328,208488,6,-0.3174,-0.2507,0.0491,66.0916,-1.1298,-92.9008
243456.0328,208498,6,-0.3071,-0.2905,0.0571,64.4885,-2.9924,-93.1603
243456.0328,208508,6,-0.3040,-0.3044,0.0374,64.6565,-4.1374,-93.8321
243456.0328,208518,6,-0.2939,-0.3459,-0.0042,61.8779,-7.5267,-96.0916
243456.0328,208528,6,-0.2961,-0.4119,-0.0742,57.1756,-11.2824,-99.6336
243456.0328,208538,6,-0.3206,-0.4851,-0.1223,52.9313,-15.8321,-103.0687
243456.0328,208548,6,-0.3301,-0.5520,-0.1362,48.5802,-23.5115,-102.8855
243456.0328,208558,6,-0.3496,-0.5923,-0.1277,44.5496,-30.3664,-98.8397
243456.1506,208568,7,-0.3723,-0.6084,-0.1030,43.1603,-37.1450,-93.4046
243456.1506,208578,7,-0.3811,-0.5869,-0.0718,44.8855,-44.8092,-88.8244
243456.1506,208588,7,-0.4014,-0.5515,-0.0601,45.4351,-49.7405,-87.4656
243456.1506,208598,7,-0.4216,-0.5708,-0.0876,39.7863,-54.7786,-89.6336
243456.1506,208608,7,-0.4014,-0.6511,-0.1235,32.8092,-61.7710,-94.1985
243456.1506,208618,7,-0.3921,-0.7922,-0.1926,26.9313,-68.8397,-99.2519
243456.1506,208628,7,-0.4185,-0.9795,-0.2505,24.1679,-76.4275,-104.0611
243456.1506,208638,7,-0.3950,-1.1465,-0.3088,23.5725,-90.0763,-102.6412
243456.1506,208648,7,-0.4077,-1.2957,-0.2910,22.3817,-104.4275,-93.4656
243456.1506,208658,7,-0.3979,-1.3577,-0.1704,23.1450,-121.7557,-76.7176
243456.2125,208668,8,-0.3906,-1.3625,0.0161,21.9695,-137.4504,-54.1832
243456.2125,208678,8,-0.4077,-1.2751,0.1926,24.0458,-146.9160,-30.0153
243456.2125,208688,8,-0.4585,-1.1267,0.3518,28.4580,-147.9695,-11.2061
243456.2125,208698,8,-0.5383,-1.0037,0.4736,28.2443,-144.3969,0.4427
243456.2125,208708,8,-0.6104,-0.9319,0.5222,22.6107,-139.3740,7.1756
243456.2125,208718,8,-0.7024,-0.9282,0.5454,15.4656,-135.4504,10.3969
243456.2125,208728,8,-0.7458,-0.9180,0.5549,8.2137,-137.5878,12.6412
243456.2125,208738,8,-0.7952,-0.9556,0.6055,-0.5038,-140.6718,17.5878
243456.2125,208748,8,-0.8074,-0.9102,0.7166,-1.6489,-144.0000,25.2824
243456.2125,208758,8,-0.8745,-0.8228,0.8308,-3.6336,-142.4885,33.3282
243456.3968,208768,9,-0.8601,-0.7512,0.9604,-6.4275,-142.4733,39.0229
243456.3968,208778,9,-0.9050,-0.7007,1.0850,-10.2748,-136.1374,41.8931
243456.3968,208788,9,-0.9497,-0.6331,1.1292,-18.0458,-125.8168,44.1069
243456.3968,208798,9,-0.9719,-0.6521,1.1108,-27.6489,-117.5573,45.1908
243456.3968,208808,9,-0.9836,-0.6760,1.0737,-31.3740,-109.8321,44.6565
243456.3968,208818,9,-0.9668,-0.7410,1.0369,-34.7786,-104.1221,44.0305
243456.3968,208828,9,-0.9524,-0.8262,0.9978,-39.4656,-99.2672,46.2443
243456.3968,208838,9,-0.9500,-0.8857,0.9863,-44.1679,-97.0992,53.8473
243456.3968,208848,9,-0.9810,-0.8535,1.0457,-47.0076,-95.2519,67.5115
243456.3968,208858,9,-0.9878,-0.7478,1.1677,-46.7786,-92.7481,84.4275
243456.4606,208868,10,-0.9893,-0.6025,1.2444,-47.6336,-87.0840,98.3664
243456.4606,208878,10,-1.0242,-0.4912,1.2859,-52.2595,-76.0000,104.3359
243456.4606,208888,10,-1.0613,-0.4326,1.2561,-58.5344,-65.1603,102.4885
243456.4606,208898,10,-1.0850,-0.4580,1.2139,-63.1298,-56.9160,95.7710
243456.4606,208908,10,-1.0674,-0.4800,1.2310,-61.1908,-52.7481,87.0840
243456.4606,208918,10,-1.0198,-0.5137,1.2749,-62.7786,-49.9542,83.6031
243456.4606,208928,10,-0.9749,-0.5212,1.3308,-65.0229,-43.1145,85.2061
243456.4606,208938,10,-0.9573,-0.5017,1.3354,-66.2748,-32.2595,89.2672
243456.4606,208948,10,-0.9329,-0.4365,1.3311,-66.0000,-22.5649,94.3969
243456.4606,208958,10,-0.9473,-0.3767,1.3003,-67.2214,-12.0305,98.4427
243456.5147,208968,11,-0.9326,-0.3047,1.2773,-66.6107,-3.6336,100.3511
243456.5147,208978,11,-0.9358,-0.2722,1.2275,-65.9084,4.6718,100.0458
243456.5147,208988,11,-0.9443,-0.2241,1.1731,-64.4885,12.8855,98.9313
243456.5147,208998,11,-0.9607,-0.2424,1.1204,-66.5496,19.1603,97.8779
243456.5147,209008,11,-0.9543,-0.2654,1.1157,-64.1069,21.4046,98.7481
243456.5147,209018,11,-0.9436,-0.2021,1.1643,-52.8092,23.7252,100.3969
243456.5147,209028,11,-0.9287,-0.1233,1.1929,-44.4733,27.0992,102.6718
243456.5147,209038,11,-0.9138,-0.0576,1.2195,-38.8855,31.4962,103.2977
243456.5147,209048,11,-0.8955,0.0171,1.2422,-35.1298,37.3893,101.4962
243456.5147,209058,11,-0.8643,0.0759,1.2478,-34.6260,43.5267,98.8702
243456.6944,209068,12,-0.8406,0.0908,1.2393,-34.3664,49.8779,94.4733
243456.6944,209078,12,-0.8130,0.1042,1.2139,-30.5191,56.2901,88.8550
243456.6944,209088,12,-0.8015,0.1096,1.1624,-27.1756,63.9084,83.5420
243456.6944,209098,12,-0.8020,0.0881,1.0859,-25.7863,69.2672,80.9466
243456.6944,209108,12,-0.7939,0.0776,1.0369,-21.4046,71.2824,81.7863
243456.6944,209118,12,-0.7778,0.1128,1.0129,-12.5344,71.4046,84.1985
243456.6944,209128,12,-0.7634,0.1699,1.0037,-2.9466,71.6489,87.0229
243456.6944,209138,12,-0.7388,0.2393,1.0063,4.9160,72.8702,89.2214
243456.6944,209148,12,-0.6985,0.2864,0.9895,10.9160,75.0534,90.8092
243456.6944,209158,12,-0.6772,0.3652,0.9812,16.1069,78.8092,92.6565
243456.8114,209168,13,-0.6343,0.4155,0.9712,21.1756,82.2290,91.8626
243456.8114,209178,13,-0.5986,0.4675,0.9583,32.0763,88.3359,87.0687
243456.8114,209188,13,-0.5918,0.5474,0.9097,40.5649,94.8092,79.0534
243456.8114,209198,13,-0.5730,0.5400,0.8257,41.7863,98.2443,70.0000
243456.8114,209208,13,-0.5737,0.5210,0.7605,43.4656,99.6794,60.9466
243456.8114,209218,13,-0.5332,0.4819,0.6831,47.4962,98.8092,52.6260
243456.8114,209228,13,-0.5220,0.4690,0.6335,52.3817,98.9160,45.6183
243456.8114,209238,13,-0.4993,0.4390,0.5769,55.1298,96.4275,39.6947
243456.8114,209248,13,-0.4810,0.3872,0.5176,55.9847,93.6031,35.1145
243456.8114,209258,13,-0.4651,0.3660,0.4685,61.3588,89.9542,33.2824
243456.8134,209268,14,-0.4353,0.3965,0.4468,70.2443,86.0305,33.0076
243456.8134,209278,14,-0.4285,0.4470,0.4285,77.7557,84.4733,30.2595
243456.8134,209288,14,-0.4177,0.4651,0.3958,82.8092,81.6183,25.3282
243456.8134,209298,14,-0.3877,0.4827,0.3562,85.5115,78.8244,18.3817
243456.8134,209308,14,-0.4077,0.4329,0.3022,83.1908,78.8550,9.5725
243456.8134,209318,14,-0.4004,0.3916,0.2183,82.1221,75.4656,2.8397
243456.8134,209328,14,-0.4080,0.3601,0.1768,84.0916,69.2824,-2.3206
243456.8134,209338,14,-0.3806,0.3289,0.1409,85.4351,61.3588,-7.8015
243456.8134,209348,14,-0.3779,0.2776,0.0991,85.9695,57.5573,-13.0382
243456.8134,209358,14,-0.3752,0.2432,0.0737,86.9008,53.3435,-16.9618
243456.9352,209368,15,-0.3875,0.2180,0.0562,88.5802,49.0382,-19.3740
243456.9352,209378,15,-0.4058,0.2290,0.0457,91.8473,43.9389,-20.7328
243456.9352,209388,15,-0.4031,0.2595,0.0710,95.0382,39.1145,-23.3130
243456.9352,209398,15,-0.4277,0.2908,0.0796,95.6031,37.1603,-28.0305
243456.9352,209408,15,-0.4490,0.2998,0.0659,92.8550,35.8779,-33.9695
243456.9352,209418,15,-0.4929,0.3140,0.0435,89.8321,34.0916,-41.0382
243456.9352,209428,15,-0.5078,0.3044,0.0078,86.5802,28.0000,-48.5344
243456.9352,209438,15,-0.5100,0.2893,-0.0164,83.2366,20.6260,-57.6183
243456.9352,209448,15,-0.4927,0.2476,-0.0225,78.8550,13.0992,-67.3588
243456.9352,209458,15,-0.4897,0.1729,-0.0586,73.7099,7.1603,-76.8397
243456.9937,209468,16,-0.4907,0.0813,-0.0933,69.4656,0.4275,-85.0382
243456.9937,209478,16,-0.4758,0.0259,-0.0923,66.2901,-9.4504,-90.9160
243456.9937,209488,16,-0.4197,-0.0408,-0.0496,63.0382,-18.6260,-95.5725
243456.9937,209498,16,-0.3723,-0.1172,-0.0122,59.7710,-23.2214,-100.0153
243456.9937,209508,16,-0.3633,-0.1741,-0.0171,56.8550,-24.8855,-103.6947
243456.9937,209518,16,-0.3682,-0.2219,-0.0222,53.4504,-28.1832,-106.3359
243456.9937,209528,16,-0.3770,-0.2908,-0.0144,46.0763,-35.1603,-107.0382
243456.9937,209538,16,-0.3872,-0.3435,0.0071,41.4351,-43.1145,-106.4427
243456.9937,209548,16,-0.3958,-0.3752,0.0103,40.4427,-49.1298,-106.9618
243456.9937,209558,16,-0.4094,-0.4202,-0.0032,37.4046,-53.1450,-109.3588
243457.1209,209568,17,-0.4319,-0.4702,-0.0244,32.0611,-56.9618,-112.4885
243457.1209,209578,17,-0.4441,-0.5344,-0.0542,30.7023,-61.3435,-116.0153
243457.1209,209588,17,-0.5037,-0.5842,-0.0300,25.3893,-66.0763,-112.1374
243457.1209,209598,17,-0.5059,-0.6216,-0.0183,22.2748,-74.4580,-109.3282
243457.1209,209608,17,-0.5369,-0.6672,-0.0061,18.6870,-79.7252,-109.2214
243457.1209,209618,17,-0.5190,-0.7246,0.0161,14.8397,-88.7023,-110.0611
243457.1209,209628,17,-0.5168,-0.8220,0.0305,10.2443,-95.2214,-112.2443
243457.1209,209638,17,-0.5151,-0.9460,0.0432,3.2977,-100.9160,-111.8321
243457.1209,209648,17,-0.4980,-1.0964,0.0901,-3.9237,-109.0992,-107.7710
243457.1209,209658,17,-0.4775,-1.2280,0.1702,-7.7557,-116.3053,-97.4504
243457.2329,209668,18,-0.4788,-1.2720,0.2720,-5.8168,-118.8702,-79.7557
243457.2329,209678,18,-0.5085,-1.2412,0.3391,-4.3053,-118.7634,-58.0763
243457.2329,209688,18,-0.5779,-1.1482,0.3738,-5.1603,-117.6641,-36.2748
243457.2329,209698,18,-0.6277,-1.0378,0.4026,-5.2977,-118.2901,-21.1298
243457.2329,209708,18,-0.6890,-0.9714,0.4016,-7.2061,-119.3130,-14.8092
243457.2329,209718,18,-0.7192,-0.9597,0.4294,-12.8855,-123.6031,-11.6489
243457.2329,209728,18,-0.7229,-1.0144,0.4861,-20.9466,-129.2977,-8.1527
243457.2329,209738,18,-0.7517,-1.0835,0.5251,-26.5649,-130.8244,-1.8168
243457.2329,209748,18,-0.7610,-1.1240,0.5925,-28.9924,-132.3359,8.0611
243457.2329,209758,18,-0.8035,-1.1250,0.7078,-28.9618,-131.7252,21.3435
243457.2929,209768,19,-0.8616,-1.0554,0.8003,-28.0153,-128.6412,36.1221
243457.2929,209778,19,-0.8896,-0.9973,0.9124,-29.7099,-127.0076,49.7557
243457.2929,209788,19,-0.9595,-0.8752,1.0540,-29.5115,-121.5267,62.5496
243457.2929,209798,19,-0.9380,-0.7529,1.1567,-28.4427,-115.7557,72.1679
243457.2929,209808,19,-1.0010,-0.6499,1.1902,-25.0992,-100.5038,75.8473
243457.2929,209818,19,-1.0530,-0.5510,1.1423,-24.3969,-87.1603,70.3664
243457.2929,209828,19,-1.0715,-0.5574,1.1238,-34.9313,-79.6336,64.5954
243457.2929,209838,19,-1.0525,-0.5813,1.1182,-43.7710,-72.2901,64.0000
243457.2929,209848,19,-1.1018,-0.5735,1.1189,-43.1298,-61.1603,65.1145
243457.2929,209858,19,-1.0818,-0.5178,1.1575,-42.8244,-56.1069,67.8473
243457.4722,209868,20,-1.0850,-0.5049,1.1458,-44.6107,-44.7634,69.8168
243457.4722,209878,20,-1.1472,-0.4539,1.0852,-45.7252,-32.5954,68.4580
243457.4722,209888,20,-1.1743,-0.4700,1.0144,-58.4580,-30.1374,66.9924
243457.4722,209898,20,-1.1667,-0.5146,1.0256,-72.5191,-33.0687,66.9618
243457.4722,209908,20,-1.1282,-0.4963,1.1018,-78.5802,-34.6260,69.4198
243457.4722,209918,20,-1.0945,-0.4565,1.1531,-80.8397,-32.1832,71.4656
243457.4722,209928,20,-1.0564,-0.4546,1.1875,-81.6947,-27.3282,71.0687
243457.4722,209938,20,-1.0310,-0.4258,1.2078,-80.0916,-21.5725,70.2290
243457.4722,209948,20,-1.0032,-0.4187,1.2126,-82.8550,-16.7939,70.2748
243457.4722,209958,20,-0.9641,-0.4124,1.2456,-84.5038,-12.8244,72.0611
243457.5937,209968,21,-0.9373,-0.3772,1.2771,-80.8397,-6.5038,75.0992
243457.5937,209978,21,-0.9165,-0.3296,1.2756,-74.9618,1.9389,78.4733
243457.5937,209988,21,-0.9231,-0.2759,1.2690,-69.8931,11.0076,81.8779
243457.5937,209998,21,-0.9265,-0.2432,1.2351,-67.8168,19.1298,85.0229
243457.5937,210008,21,-0.9199,-0.2380,1.2185,-64.5191,25.2519,88.4275
243457.5937,210018,21,-0.9033,-0.1985,1.2314,-56.1985,30.0916,92.7176
243457.5937,210028,21,-0.8936,-0.1160,1.2361,-47.3282,35.2519,97.0229
243457.5937,210038,21,-0.8872,-0.0498,1.2334,-44.3206,41.2824,99.0076
243457.5937,210048,21,-0.8916,-0.0239,1.1870,-41.8015,48.0763,99.6183
243457.5937,210058,21,-0.9146,0.0110,1.1262,-36.9008,54.1985,99.6183
243457.5949,210068,22,-0.9111,0.0259,1.0852,-32.3053,58.3206,99.7557
243457.5949,210078,22,-0.8979,0.0676,1.0767,-27.8321,62.5649,100.5649
243457.5949,210088,22,-0.8838,0.1184,1.0652,-23.8321,67.1756,103.6489
243457.5949,210098,22,-0.8735,0.1855,1.0547,-18.3969,72.1985,107.5115
243457.5949,210108,22,-0.8616,0.2739,1.0449,-8.9771,77.2519,109.3282
243457.5949,210118,22,-0.8511,0.3777,1.0344,1.4656,82.4580,108.0458
243457.5949,210128,22,-0.8533,0.4495,0.9792,6.6412,87.8473,101.6031
243457.5949,210138,22,-0.8384,0.4814,0.9199,8.2748,91.6641,91.7405
243457.5949,210148,22,-0.8315,0.4983,0.8687,10.4885,91.7710,81.3893
243457.5949,210158,22,-0.8149,0.4783,0.8235,14.1832,90.6107,69.8473
243457.7707,210168,23,-0.7859,0.4106,0.7917,17.8473,90.9313,58.6870
243457.7707,210178,23,-0.7517,0.3645,0.7673,22.3664,90.0611,51.3282
243457.7707,210188,23,-0.7036,0.2917,0.7290,26.1069,89.0229,48.0153
243457.7707,210198,23,-0.6819,0.2888,0.7227,34.9924,90.9618,46.7939
243457.7707,210208,23,-0.6362,0.3391,0.7231,45.7557,92.1069,46.9160
243457.7707,210218,23,-0.5984,0.3857,0.7056,52.6718,94.7023,44.6260
243457.7707,210228,23,-0.5864,0.4055,0.6572,54.7481,98.7481,39.8626
243457.7707,210238,23,-0.5796,0.3879,0.5813,52.6718,101.2977,34.4885
243457.7707,210248,23,-0.5879,0.3440,0.5107,48.9160,100.6107,30.0763
243457.7707,210258,23,-0.5686,0.3074,0.4744,49.9237,96.6107,28.0458
243457.9541,210268,24,-0.5381,0.3208,0.4585,56.6565,92.4122,29.1145
243457.9541,210278,24,-0.5146,0.3606,0.4443,66.2748,89.5420,29.6794
243457.9541,210288,24,-0.5027,0.4182,0.4202,74.1527,89.3588,27.3435
243457.9541,210298,24,-0.4941,0.4541,0.3799,77.0534,87.2061,23.6641
243457.9541,210308,24,-0.4761,0.4441,0.3533,77.1145,84.1069,17.2519
243457.9541,210318,24,-0.4639,0.4092,0.3208,76.0611,82.0611,9.8321
243457.9541,210328,24,-0.4431,0.3892,0.2932,75.8626,79.6031,3.6336
243457.9541,210338,24,-0.4067,0.3870,0.2856,76.0763,76.0916,-1.5573
243457.9541,210348,24,-0.3635,0.3623,0.2737,76.0916,72.5344,-6.8397
243457.9541,210358,24,-0.3521,0.3474,0.2375,77.4656,71.5420,-12.7176
243458.0709,210368,25,-0.3552,0.3455,0.1873,77.7863,70.5649,-17.9542
243458.0709,210378,25,-0.3506,0.3342,0.1494,77.6794,67.5420,-22.6718
243458.0709,210388,25,-0.3567,0.3198,0.1089,77.3740,65.5115,-27.7252
243458.0709,210398,25,-0.3579,0.3152,0.0500,78.9313,62.9618,-33.7099
243458.0709,210408,25,-0.3650,0.2625,-0.0330,77.9389,59.6641,-39.8931
243458.0709,210418,25,-0.3879,0.2112,-0.1030,77.7863,55.6794,-45.0076
243458.0709,210428,25,-0.3787,0.1731,-0.1404,79.4962,48.1679,-49.1145
243458.0709,210438,25,-0.3855,0.1450,-0.1589,80.4122,40.7939,-53.1908
243458.0709,210448,25,-0.4143,0.1311,-0.1936,80.1221,33.7863,-56.7786
243458.0709,210458,25,-0.4080,0.1243,-0.1931,83.1145,23.8779,-61.6641
243458.0802,210468,26,-0.3901,0.1279,-0.1501,85.7710,14.5649,-68.2901
243458.0802,210478,26,-0.3596,0.0881,-0.0986,83.2824,6.9160,-74.3359
243458.0802,210488,26,-0.3354,0.0396,-0.0708,79.6641,2.2137,-79.3435
243458.0802,210498,26,-0.3318,0.0056,-0.0688,76.9924,-0.4427,-82.9313
243458.0802,210508,26,-0.3303,0.0049,-0.0913,77.9084,-4.3511,-86.1221
243458.0802,210518,26,-0.3071,0.0156,-0.1013,79.4809,-9.6183,-92.2290
243458.0802,210528,26,-0.2874,-0.0046,-0.1028,76.4122,-15.3740,-101.7405
243458.0802,210538,26,-0.2637,-0.0774,-0.1633,65.3130,-21.9389,-114.1985
243458.0802,210548,26,-0.2505,-0.2593,-0.2605,48.1069,-28.6565,-126.9160
243458.0802,210558,26,-0.2319,-0.4692,-0.3057,38.8702,-39.2824,-135.2977
