host_time_s,device_ms,seq,ax_g,ay_g,az_g,gx_dps,gy_dps,gz_dps
302941.7506,1020852,194,0.9316,-0.3582,-0.2634,1.8473,-0.4885,3.7710
302941.7506,1020862,194,0.9255,-0.3547,-0.2656,1.7863,-0.5038,3.8015
302941.7506,1020872,194,0.9241,-0.3552,-0.2666,1.6794,-1.1145,3.9542
302941.7506,1020882,194,0.9290,-0.3533,-0.2690,1.5267,-1.8626,4.0458
302941.7506,1020892,194,0.9314,-0.3525,-0.2651,1.5115,-2.3511,3.9542
302941.7506,1020902,194,0.9358,-0.3535,-0.2642,1.6794,-2.4580,3.8015
302941.7506,1020912,194,0.9390,-0.3528,-0.2595,1.8473,-2.3664,3.6336
302941.7506,1020922,194,0.9429,-0.3545,-0.2588,2.1374,-2.1679,3.6336
302941.7506,1020932,194,0.9438,-0.3521,-0.2532,2.4122,-1.8015,3.6947
302941.7506,1020942,194,0.9402,-0.3481,-0.2534,2.5496,-1.2366,3.7557
302941.8545,1020952,195,0.9419,-0.3435,-0.2517,2.4885,-0.8092,3.9084
302941.8545,1020962,195,0.9365,-0.3381,-0.2556,1.9542,-0.3817,4.1832
302941.8545,1020972,195,0.9355,-0.3340,-0.2573,1.2214,-0.1069,4.3511
302941.8545,1020982,195,0.9329,-0.3335,-0.2607,0.5496,0.1985,4.3817
302941.8545,1020992,195,0.9290,-0.3291,-0.2646,0.0000,0.0458,4.2901
302941.8545,1021002,195,0.9265,-0.3320,-0.2688,-0.3053,-0.2748,3.9695
302941.8545,1021012,195,0.9260,-0.3269,-0.2651,-0.4122,-0.5344,3.3435
302941.8545,1021022,195,0.9270,-0.3254,-0.2676,-0.3969,-0.7176,2.7023
302941.8545,1021032,195,0.9236,-0.3296,-0.2634,-0.4275,-0.7481,1.9542
302941.8545,1021042,195,0.9177,-0.3274,-0.2634,-0.4122,-0.7939,1.1450
302941.9448,1021052,196,0.9167,-0.3298,-0.2615,-0.4427,-0.9771,0.4580
302941.9448,1021062,196,0.9170,-0.3340,-0.2676,-0.4580,-1.2977,-0.2595
302941.9448,1021072,196,0.9172,-0.3384,-0.2639,-0.3664,-1.6336,-0.8244
302941.9448,1021082,196,0.9204,-0.3403,-0.2605,-0.2901,-1.8626,-1.4351
302941.9448,1021092,196,0.9204,-0.3438,-0.2568,-0.1527,-2.0611,-2.0000
302941.9448,1021102,196,0.9285,-0.3423,-0.2581,-0.0916,-2.2901,-2.4733
302941.9448,1021112,196,0.9307,-0.3467,-0.2571,-0.0916,-2.4733,-2.7634
302941.9448,1021122,196,0.9382,-0.3455,-0.2605,-0.0458,-2.1527,-3.1603
302941.9448,1021132,196,0.9346,-0.3494,-0.2581,-0.1374,-1.6031,-3.5878
302941.9448,1021142,196,0.9277,-0.3521,-0.2642,-0.3206,-0.9924,-3.9847
302942.0506,1021152,197,0.9270,-0.3538,-0.2671,-0.6107,-0.6412,-4.3053
302942.0506,1021162,197,0.9265,-0.3574,-0.2676,-0.9466,-0.7939,-4.4733
302942.0506,1021172,197,0.9233,-0.3599,-0.2710,-1.1145,-1.4504,-4.5496
302942.0506,1021182,197,0.9312,-0.3633,-0.2681,-1.2366,-2.2443,-4.5344
302942.0506,1021192,197,0.9355,-0.3645,-0.2644,-1.3893,-2.7023,-4.5344
302942.0506,1021202,197,0.9360,-0.3718,-0.2625,-1.4809,-2.5496,-4.4885
302942.0506,1021212,197,0.9336,-0.3755,-0.2593,-1.4046,-1.9695,-4.4427
302942.0506,1021222,197,0.9331,-0.3743,-0.2681,-1.0687,-1.4809,-4.2443
302942.0506,1021232,197,0.9282,-0.3740,-0.2632,-0.7176,-1.2824,-4.1221
302942.0506,1021242,197,0.9297,-0.3750,-0.2622,-0.3664,-1.3435,-3.9237
302942.1550,1021252,198,0.9309,-0.3757,-0.2690,-0.1069,-1.5115,-3.7099
302942.1550,1021262,198,0.9307,-0.3784,-0.2693,0.1527,-1.6183,-3.4809
302942.1550,1021272,198,0.9331,-0.3789,-0.2695,0.2901,-1.8473,-3.2519
302942.1550,1021282,198,0.9365,-0.3750,-0.2600,0.3664,-2.0458,-2.9466
302942.1550,1021292,198,0.9360,-0.3770,-0.2664,0.4275,-2.0611,-2.6260
302942.1550,1021302,198,0.9324,-0.3774,-0.2632,0.4122,-1.8626,-2.3969
302942.1550,1021312,198,0.9307,-0.3772,-0.2698,0.4580,-1.5420,-2.1527
302942.1550,1021322,198,0.9253,-0.3782,-0.2642,0.5954,-1.3282,-1.9237
302942.1550,1021332,198,0.9304,-0.3765,-0.2678,0.9313,-1.5725,-1.6336
302942.1550,1021342,198,0.9331,-0.3718,-0.2634,1.3282,-1.8473,-1.2061
302942.2456,1021352,199,0.9370,-0.3647,-0.2644,1.4962,-1.8626,-0.9618
302942.2456,1021362,199,0.9338,-0.3660,-0.2646,1.4046,-1.4046,-0.9160
302942.2456,1021372,199,0.9333,-0.3640,-0.2668,1.1450,-0.9008,-1.1603
302942.2456,1021382,199,0.9290,-0.3689,-0.2703,1.1145,-0.8397,-1.3893
302942.2456,1021392,199,0.9265,-0.3701,-0.2673,1.4198,-1.1756,-1.6031
302942.2456,1021402,199,0.9299,-0.3699,-0.2651,1.9389,-1.6641,-1.7252
302942.2456,1021412,199,0.9338,-0.3735,-0.2610,2.4122,-1.9237,-1.7405
302942.2456,1021422,199,0.9377,-0.3730,-0.2598,2.4733,-1.7863,-1.5878
302942.2456,1021432,199,0.9355,-0.3667,-0.2581,2.3053,-1.3588,-1.3435
302942.2456,1021442,199,0.9358,-0.3652,-0.2559,2.0916,-1.0992,-0.8855
302942.3498,1021452,200,0.9333,-0.3638,-0.2568,1.7405,-1.1603,-0.3359
302942.3498,1021462,200,0.9329,-0.3628,-0.2610,1.4504,-1.0534,0.0000
302942.3498,1021472,200,0.9348,-0.3621,-0.2585,1.4046,-0.6260,0.0611
302942.3498,1021482,200,0.9282,-0.3601,-0.2666,1.5420,-0.1527,0.0000
302942.3498,1021492,200,0.9253,-0.3589,-0.2690,1.7405,0.0458,-0.1221
302942.3498,1021502,200,0.9219,-0.3555,-0.2734,1.8626,-0.1374,-0.2595
302942.3498,1021512,200,0.9187,-0.3572,-0.2751,1.9237,-0.6107,-0.4580
302942.3498,1021522,200,0.9202,-0.3586,-0.2710,2.0611,-1.2366,-0.6260
302942.3498,1021532,200,0.9258,-0.3567,-0.2708,2.2443,-1.9084,-0.7481
302942.3498,1021542,200,0.9297,-0.3569,-0.2664,2.4122,-2.3817,-0.8092
302942.4554,1021552,201,0.9324,-0.3582,-0.2654,2.5038,-2.3206,-0.8702
302942.4554,1021562,201,0.9312,-0.3586,-0.2607,2.5191,-2.0153,-0.9466
302942.4554,1021572,201,0.9314,-0.3584,-0.2590,2.5191,-1.8168,-1.0229
302942.4554,1021582,201,0.9292,-0.3579,-0.2600,2.5954,-1.7099,-0.9160
302942.4554,1021592,201,0.9312,-0.3525,-0.2568,2.6565,-1.5573,-0.7023
302942.4554,1021602,201,0.9285,-0.3479,-0.2607,2.3817,-1.4046,-0.3817
302942.4554,1021612,201,0.9312,-0.3425,-0.2649,1.8931,-1.1756,-0.1374
302942.4554,1021622,201,0.9316,-0.3425,-0.2642,1.2672,-1.1145,0.0305
302942.4554,1021632,201,0.9275,-0.3367,-0.2695,0.7023,-1.0687,-0.0153
302942.4554,1021642,201,0.9253,-0.3396,-0.2710,0.2595,-1.0076,-0.2137
302942.5455,1021652,202,0.9253,-0.3403,-0.2751,0.0916,-1.0382,-0.4275
302942.5455,1021662,202,0.9202,-0.3379,-0.2722,0.0458,-1.1603,-0.7328
302942.5455,1021672,202,0.9155,-0.3411,-0.2720,-0.0305,-1.4809,-1.0992
302942.5455,1021682,202,0.9155,-0.3469,-0.2737,-0.0611,-1.7099,-1.3130
302942.5455,1021692,202,0.9170,-0.3462,-0.2690,0.0000,-2.1221,-1.4809
302942.5455,1021702,202,0.9197,-0.3462,-0.2715,0.0611,-2.5038,-1.5878
302942.5455,1021712,202,0.9243,-0.3442,-0.2664,-0.0305,-2.6870,-1.6794
302942.5455,1021722,202,0.9253,-0.3442,-0.2676,-0.0458,-2.7481,-1.7710
302942.5455,1021732,202,0.9287,-0.3396,-0.2646,-0.1374,-2.7023,-1.9847
302942.5455,1021742,202,0.9265,-0.3428,-0.2673,-0.2901,-2.5649,-2.2748
302942.6630,1021752,203,0.9260,-0.3467,-0.2632,-0.4122,-2.4885,-2.5344
302942.6630,1021762,203,0.9277,-0.3484,-0.2651,-0.5344,-2.4733,-2.7939
302942.6630,1021772,203,0.9287,-0.3496,-0.2654,-0.7023,-2.5649,-2.8550
302942.6630,1021782,203,0.9331,-0.3538,-0.2642,-0.9618,-2.6718,-2.7176
302942.6630,1021792,203,0.9304,-0.3560,-0.2651,-1.2824,-2.5649,-2.5191
302942.6630,1021802,203,0.9329,-0.3604,-0.2622,-1.6031,-2.4580,-2.1679
302942.6630,1021812,203,0.9360,-0.3608,-0.2610,-1.8473,-2.3664,-1.6031
302942.6630,1021822,203,0.9348,-0.3601,-0.2598,-1.9695,-2.2443,-1.2061
302942.6630,1021832,203,0.9309,-0.3586,-0.2646,-2.0305,-1.9542,-1.0229
302942.6630,1021842,203,0.9321,-0.3564,-0.2678,-2.0153,-1.5573,-1.0687
302942.7557,1021852,204,0.9287,-0.3608,-0.2705,-1.8931,-1.3893,-1.1298
302942.7557,1021862,204,0.9221,-0.3562,-0.2734,-1.7557,-1.5725,-1.2366
302942.7557,1021872,204,0.9209,-0.3572,-0.2720,-1.6031,-1.8626,-1.4656
302942.7557,1021882,204,0.9209,-0.3557,-0.2668,-1.4351,-2.1985,-1.7099
302942.7557,1021892,204,0.9229,-0.3596,-0.2676,-1.2824,-2.5954,-1.8473
302942.7557,1021902,204,0.9246,-0.3604,-0.2676,-1.1603,-2.9313,-1.9847
302942.7557,1021912,204,0.9292,-0.3618,-0.2627,-1.1756,-3.1450,-2.0763
302942.7557,1021922,204,0.9326,-0.3643,-0.2605,-1.1298,-3.1145,-2.0763
302942.7557,1021932,204,0.9390,-0.3655,-0.2568,-1.0992,-2.9313,-2.0305
302942.7557,1021942,204,0.9390,-0.3643,-0.2588,-1.0534,-2.5802,-1.8931
302942.8605,1021952,205,0.9355,-0.3643,-0.2551,-1.1756,-2.3053,-1.8779
302942.8605,1021962,205,0.9377,-0.3647,-0.2546,-1.2061,-2.1069,-1.7710
302942.8605,1021972,205,0.9407,-0.3689,-0.2549,-1.2824,-1.9847,-1.4962
302942.8605,1021982,205,0.9392,-0.3694,-0.2563,-1.4351,-1.5725,-1.1908
302942.8605,1021992,205,0.9358,-0.3733,-0.2561,-1.6947,-1.0534,-0.7786
302942.8605,1022002,205,0.9331,-0.3699,-0.2595,-1.8168,-0.7939,-0.2443
302942.8605,1022012,205,0.9309,-0.3687,-0.2676,-1.7863,-0.7786,0.2443
302942.8605,1022022,205,0.9302,-0.3640,-0.2700,-1.7252,-0.7786,0.6412
302942.8605,1022032,205,0.9294,-0.3625,-0.2734,-1.6183,-0.6718,0.7634
302942.8605,1022042,205,0.9248,-0.3567,-0.2734,-1.3740,-0.6260,0.5038
302942.9796,1022052,206,0.9246,-0.3540,-0.2751,-1.0382,-1.0992,0.0305
302942.9796,1022062,206,0.9277,-0.3552,-0.2737,-0.6718,-1.7252,-0.6107
302942.9796,1022072,206,0.9309,-0.3579,-0.2712,-0.0916,-2.1985,-1.2672
302942.9796,1022082,206,0.9373,-0.3560,-0.2654,0.4580,-2.5344,-1.7710
302942.9796,1022092,206,0.9417,-0.3577,-0.2593,0.6260,-2.4275,-2.1221
302942.9796,1022102,206,0.9390,-0.3611,-0.2559,0.3359,-1.9237,-2.2137
302942.9796,1022112,206,0.9397,-0.3630,-0.2561,-0.1527,-1.6336,-1.8626
302942.9796,1022122,206,0.9375,-0.3657,-0.2620,-0.5344,-1.4962,-1.4046
302942.9796,1022132,206,0.9353,-0.3657,-0.2625,-0.6870,-1.3893,-0.9008
302942.9796,1022142,206,0.9341,-0.3699,-0.2642,-0.5038,-1.2672,-0.5802
302943.0998,1022152,207,0.9319,-0.3696,-0.2666,0.0153,-1.1298,-0.6260
302943.0998,1022162,207,0.9333,-0.3726,-0.2698,0.7481,-0.9466,-0.8397
302943.0998,1022172,207,0.9297,-0.3799,-0.2717,1.6183,-0.9313,-1.2214
302943.0998,1022182,207,0.9358,-0.3999,-0.2756,2.3511,-1.2214,-2.0000
302943.0998,1022192,207,0.9434,-0.4307,-0.2764,3.5878,-0.8550,-2.7481
302943.0998,1022202,207,0.9475,-0.4744,-0.2810,6.1221,-0.0305,-3.3740
302943.0998,1022212,207,0.9417,-0.5029,-0.2786,10.4580,1.0534,-3.8626
302943.0998,1022222,207,0.9438,-0.5083,-0.2637,15.5420,0.8702,-2.9466
302943.0998,1022232,207,0.9800,-0.5393,-0.2378,19.1145,-0.9924,-0.8244
302943.0998,1022242,207,1.0525,-0.6028,-0.1790,21.8626,-0.2748,2.1832
302943.1605,1022252,208,1.0955,-0.6086,-0.1282,26.7634,7.0229,8.0153
302943.1605,1022262,208,1.1233,-0.5684,-0.0752,31.1298,16.5038,15.0840
302943.1605,1022272,208,1.2053,-0.5735,0.0120,33.2672,30.2443,20.9466
302943.1605,1022282,208,1.2104,-0.5576,0.0090,37.4504,57.6641,25.3740
302943.1605,1022292,208,1.0903,-0.5308,-0.0576,37.1603,81.8168,24.6107
302943.1605,1022302,208,0.9636,-0.5652,-0.1257,32.1374,86.5802,21.0229
302943.1605,1022312,208,0.9236,-0.6533,-0.1450,34.2290,78.1221,19.7099
302943.1605,1022322,208,1.0420,-0.6917,-0.0583,49.2366,75.1756,18.0916
302943.1605,1022332,208,1.1167,-0.7175,-0.0017,63.2214,95.2214,23.5267
302943.1605,1022342,208,1.0491,-0.6743,-0.0063,73.1450,124.6565,32.9160
302943.3385,1022352,209,1.0134,-0.6748,-0.0242,78.2137,140.8092,39.6031
302943.3385,1022362,209,1.0037,-0.6848,0.0034,83.6947,147.6031,42.9008
302943.3385,1022372,209,1.0063,-0.7332,0.0586,90.9313,153.1603,45.9389
302943.3385,1022382,209,0.9673,-0.7261,0.0586,107.8473,157.4046,48.4733
302943.3385,1022392,209,0.9421,-0.6533,0.0928,125.5878,152.0763,42.0153
302943.3385,1022402,209,0.9429,-0.6326,0.1274,130.3359,144.0305,36.9008
302943.3385,1022412,209,0.9685,-0.6157,0.2034,130.3359,141.8015,33.9695
302943.3385,1022422,209,0.9871,-0.6316,0.2520,125.0992,143.8931,33.0076
302943.3385,1022432,209,1.0356,-0.6870,0.3335,114.8855,146.6412,38.7328
302943.3385,1022442,209,1.0750,-0.7458,0.4080,106.1679,161.8321,47.8626
302943.4010,1022452,210,1.0391,-0.8040,0.4277,99.9542,180.4885,57.6031
302943.4010,1022462,210,0.9834,-0.8696,0.4160,100.8702,188.9466,65.5725
302943.4010,1022472,210,0.9111,-0.9026,0.4216,114.3511,188.7023,66.3053
302943.4010,1022482,210,0.8599,-0.8918,0.4443,136.1832,178.0611,62.9924
302943.4010,1022492,210,0.8147,-0.8149,0.4612,156.0916,161.4046,63.0534
302943.4010,1022502,210,0.7991,-0.7126,0.4827,163.3435,141.3282,66.0763
302943.4010,1022512,210,0.8313,-0.6431,0.5603,155.7099,125.8626,69.2672
302943.4010,1022522,210,0.8914,-0.6521,0.6387,141.6641,127.7710,73.6183
302943.4010,1022532,210,0.8557,-0.6191,0.6982,135.8168,142.1679,77.3130
302943.4010,1022542,210,0.8440,-0.6118,0.7256,129.2824,148.5954,78.3206
302943.4605,1022552,211,0.8701,-0.6597,0.7322,118.0916,153.5878,78.8244
302943.4605,1022562,211,0.8696,-0.7244,0.7864,113.7252,164.3969,77.7863
302943.4605,1022572,211,0.8606,-0.7476,0.7917,121.2214,177.6794,79.6641
302943.4605,1022582,211,0.7803,-0.6699,0.7939,138.0458,185.7557,77.1908
302943.4605,1022592,211,0.7275,-0.5898,0.8054,150.3664,182.2901,71.4504
302943.4605,1022602,211,0.7114,-0.5188,0.8108,154.4122,175.1298,67.8015
302943.4605,1022612,211,0.6865,-0.4573,0.8232,149.4809,171.2214,66.4733
302943.4605,1022622,211,0.6853,-0.4358,0.8455,139.4046,168.6412,66.5344
302943.4605,1022632,211,0.6790,-0.3965,0.8501,131.3740,171.2824,65.2672
302943.4605,1022642,211,0.6243,-0.3848,0.8672,125.7557,178.8244,62.6870
302943.5807,1022652,212,0.6011,-0.3958,0.8838,125.9084,182.7328,56.9466
302943.5807,1022662,212,0.5615,-0.3584,0.9014,134.8550,187.3893,49.1603
302943.5807,1022672,212,0.4954,-0.3130,0.8887,139.4809,186.2748,42.0916
302943.5807,1022682,212,0.4675,-0.2593,0.8831,134.3969,175.2977,37.6947
302943.5807,1022692,212,0.4688,-0.2239,0.9250,123.1450,161.9084,35.0687
302943.5807,1022702,212,0.5173,-0.2178,1.0127,112.3969,156.4122,35.3740
302943.5807,1022712,212,0.5652,-0.1909,1.0640,112.1527,164.0763,34.8855
302943.5807,1022722,212,0.5176,-0.1460,1.0464,117.6489,179.4504,29.0382
302943.5807,1022732,212,0.3989,-0.1018,1.0037,122.9466,187.6947,19.4504
302943.5807,1022742,212,0.3735,-0.1050,0.9456,121.4656,184.8244,11.9389
302943.7001,1022752,213,0.3176,-0.0916,0.9055,115.5267,182.5802,8.1069
302943.7001,1022762,213,0.2573,-0.0767,0.8628,106.7176,177.2672,7.5725
302943.7001,1022772,213,0.2378,-0.0796,0.8247,94.1527,167.2061,8.3359
302943.7001,1022782,213,0.2046,-0.1169,0.8108,84.0763,159.0840,8.7481
302943.7001,1022792,213,0.2146,-0.1208,0.8621,82.7481,150.7481,8.0611
302943.7001,1022802,213,0.2673,-0.1213,0.9126,84.1374,147.5573,6.9924
302943.7001,1022812,213,0.2334,-0.1013,0.9451,87.1756,153.0076,5.0992
302943.7001,1022822,213,0.2185,-0.0769,0.9380,89.4046,153.4504,3.8168
302943.7001,1022832,213,0.1570,-0.0337,0.8906,87.9084,150.2595,2.6870
302943.7001,1022842,213,0.0835,-0.0103,0.8313,78.6565,140.9924,2.0305
302943.7592,1022852,214,0.0671,-0.0295,0.8059,65.3893,128.0763,2.5954
302943.7592,1022862,214,0.0662,-0.0544,0.8123,59.3282,124.6412,4.0458
302943.7592,1022872,214,0.0405,-0.0483,0.8152,64.5954,126.1069,3.6641
302943.7592,1022882,214,0.0002,-0.0144,0.7971,73.9389,122.8092,1.0992
302943.7592,1022892,214,-0.0327,0.0273,0.7607,78.9313,115.2672,-2.8855
302943.7592,1022902,214,-0.0312,0.0432,0.7551,75.6641,104.3817,-6.6260
302943.7592,1022912,214,-0.0181,0.0588,0.7732,69.4198,96.8397,-10.4580
302943.7592,1022922,214,-0.0237,0.0437,0.7832,61.4351,94.3817,-15.1603
302943.7592,1022932,214,-0.0273,-0.0066,0.7742,54.6107,92.5038,-19.8473
302943.7592,1022942,214,-0.0544,-0.0417,0.7476,53.5420,88.3359,-24.3664
302943.8816,1022952,215,-0.0310,-0.0486,0.7334,53.9237,78.9313,-27.3893
302943.8816,1022962,215,-0.0244,-0.0659,0.7224,51.8473,74.0305,-28.6260
302943.8816,1022972,215,-0.0710,-0.1125,0.6641,48.9771,72.0000,-28.9160
302943.8816,1022982,215,-0.1184,-0.1409,0.5933,47.7099,65.0534,-28.0916
302943.8816,1022992,215,-0.1252,-0.1626,0.5735,44.4427,50.7786,-25.1145
302943.8816,1023002,215,-0.0891,-0.1938,0.5645,38.9466,33.1450,-20.8855
302943.8816,1023012,215,-0.0818,-0.2332,0.5796,33.3435,18.1221,-17.6489
302943.8816,1023022,215,-0.0149,-0.2659,0.6465,27.8626,3.7557,-13.2214
302943.8816,1023032,215,0.0117,-0.2852,0.6843,19.4809,-0.9466,-7.3282
302943.8816,1023042,215,-0.0359,-0.3501,0.6765,6.6718,-0.2901,-1.4351
302944.0006,1023052,216,-0.0693,-0.4307,0.6489,-1.8779,-3.3893,6.7786
302944.0006,1023062,216,-0.1218,-0.4768,0.6636,0.8550,-8.0611,15.1145
302944.0006,1023072,216,-0.1868,-0.4954,0.6951,7.5115,-16.9313,23.4809
302944.0006,1023082,216,-0.2249,-0.4800,0.7627,12.9771,-31.0687,32.8092
302944.0006,1023092,216,-0.2249,-0.4543,0.8916,18.1832,-45.0687,42.4580
302944.0006,1023102,216,-0.2302,-0.3909,1.0640,21.6336,-50.1985,51.7863
302944.0006,1023112,216,-0.2441,-0.3389,1.2134,17.0840,-45.8321,61.0534
302944.0006,1023122,216,-0.2881,-0.2944,1.3154,7.3893,-36.1832,70.3969
302944.0006,1023132,216,-0.3508,-0.2444,1.3782,0.3206,-24.9618,78.3817
302944.0006,1023142,216,-0.4189,-0.1750,1.4146,-2.2595,-14.2595,82.8855
302944.0608,1023152,217,-0.4944,-0.1055,1.4424,-4.9466,-6.6107,84.1832
302944.0608,1023162,217,-0.5664,-0.0229,1.4839,-7.5878,-1.5725,83.4504
302944.0608,1023172,217,-0.5896,0.0447,1.5654,-9.5267,3.2672,79.5573
302944.0608,1023182,217,-0.6265,0.0728,1.6213,-14.5496,12.0305,73.8626
302944.0608,1023192,217,-0.6660,0.0520,1.6348,-21.6183,20.7939,68.9618
302944.0608,1023202,217,-0.6667,0.0364,1.6707,-27.8931,25.4962,66.5191
302944.0608,1023212,217,-0.6580,0.0354,1.7134,-32.5954,30.5344,67.6489
302944.0608,1023222,217,-0.6155,0.0603,1.7620,-33.6794,37.8168,70.2901
302944.0608,1023232,217,-0.5898,0.1084,1.7910,-30.6718,48.5344,72.2748
302944.0608,1023242,217,-0.5676,0.1619,1.7896,-28.5038,59.8321,73.7099
302944.1806,1023252,218,-0.5552,0.2190,1.7498,-28.1679,71.3588,74.4733
302944.1806,1023262,218,-0.5339,0.2852,1.7117,-27.4198,80.1221,73.8931
302944.1806,1023272,218,-0.5046,0.3547,1.6904,-24.2595,88.7786,70.7328
302944.1806,1023282,218,-0.4941,0.4343,1.6641,-20.5496,98.6260,66.1221
302944.1806,1023292,218,-0.4858,0.4922,1.6179,-19.5115,105.4351,60.6565
302944.1806,1023302,218,-0.4629,0.5103,1.5662,-20.3817,110.0763,54.5344
302944.1806,1023312,218,-0.4443,0.5020,1.5037,-20.9008,113.7863,49.1450
302944.1806,1023322,218,-0.4199,0.4836,1.4573,-19.6794,116.6718,46.3359
302944.1806,1023332,218,-0.4004,0.5002,1.4365,-14.2901,119.5267,46.1679
302944.1806,1023342,218,-0.3630,0.5452,1.4307,-6.7939,121.3435,46.8550
302944.3018,1023352,219,-0.3120,0.6118,1.4229,0.0153,124.7176,47.1450
302944.3018,1023362,219,-0.2974,0.6880,1.3794,5.2672,132.7023,45.3893
302944.3018,1023372,219,-0.3032,0.7075,1.2979,9.4656,138.5496,39.8626
302944.3018,1023382,219,-0.3093,0.7036,1.2207,14.0611,141.4504,32.7786
302944.3018,1023392,219,-0.3052,0.6863,1.1580,17.9847,142.5954,27.1908
302944.3018,1023402,219,-0.3022,0.6616,1.0959,21.4351,143.5420,23.6336
302944.3018,1023412,219,-0.3035,0.6470,1.0588,26.0458,143.7710,21.4656
302944.3018,1023422,219,-0.2952,0.6489,1.0295,33.6794,142.1221,20.7786
302944.3018,1023432,219,-0.2849,0.7034,1.0229,43.6336,140.1985,20.3817
302944.3018,1023442,219,-0.2827,0.7776,0.9990,51.3893,138.4122,18.9466
302944.3606,1023452,220,-0.2793,0.8228,0.9431,54.2137,137.5267,14.4427
302944.3606,1023462,220,-0.2910,0.8230,0.8721,54.5191,138.9924,7.6947
302944.3606,1023472,220,-0.3193,0.8306,0.8052,56.1679,140.9466,0.9160
302944.3606,1023482,220,-0.3198,0.8247,0.7493,58.3969,138.5191,-6.2901
302944.3606,1023492,220,-0.3110,0.7998,0.7043,61.0534,135.5725,-14.6412
302944.3606,1023502,220,-0.3091,0.7617,0.6475,64.0916,133.0229,-22.9160
302944.3606,1023512,220,-0.3101,0.6953,0.5835,66.2443,128.5649,-30.9008
302944.3606,1023522,220,-0.2991,0.6086,0.5388,68.5649,123.1450,-37.4198
302944.3606,1023532,220,-0.2913,0.5464,0.5122,73.8626,117.5725,-41.8779
302944.3606,1023542,220,-0.2837,0.5164,0.5017,78.5496,111.6489,-43.1450
302944.4816,1023552,221,-0.2725,0.5071,0.4775,82.2901,105.4656,-43.1756
302944.4816,1023562,221,-0.2612,0.4678,0.3916,91.0076,97.2824,-48.6107
302944.4816,1023572,221,-0.2612,0.4678,0.3916,91.0076,97.2824,-48.6107
302944.4816,1023582,221,-0.2432,0.4646,0.3503,95.4351,91.6794,-52.0153
302944.4816,1023592,221,-0.2461,0.4387,0.3027,96.1069,86.6107,-56.8092
302944.4816,1023602,221,-0.2400,0.4084,0.2498,93.8168,80.3969,-61.7710
302944.4816,1023612,221,-0.2114,0.3906,0.2334,89.9542,73.7099,-66.6412
302944.4816,1023622,221,-0.2366,0.3066,0.1995,84.1679,70.4275,-69.6489
302944.4816,1023632,221,-0.2183,0.2439,0.1541,85.4504,65.9084,-71.4351
302944.4816,1023642,221,-0.2188,0.2002,0.1184,88.8702,61.0382,-71.8015
302944.6021,1023652,222,-0.2090,0.1953,0.0962,91.3740,53.8626,-70.4580
302944.6021,1023662,222,-0.2097,0.2041,0.0945,93.1450,46.8092,-68.7634
302944.6021,1023672,222,-0.2454,0.2200,0.0740,93.8473,40.5649,-69.2672
302944.6021,1023682,222,-0.2678,0.2173,0.0442,90.4275,33.3130,-71.8931
302944.6021,1023692,222,-0.2610,0.1865,0.0244,83.7710,25.3740,-75.0992
302944.6021,1023702,222,-0.2444,0.1230,0.0188,78.1985,17.9237,-78.4275
302944.6021,1023712,222,-0.2222,0.0742,0.0227,77.0534,10.3053,-81.6947
302944.6021,1023722,222,-0.2139,0.0276,0.0281,77.1298,3.9542,-83.2824
302944.6021,1023732,222,-0.1958,-0.0081,0.0632,76.0458,-0.7328,-83.5267
302944.6021,1023742,222,-0.2153,-0.0352,0.0845,72.9618,-2.8092,-82.2901
302944.7182,1023752,223,-0.2517,-0.0825,0.0527,69.3282,-6.3206,-80.1221
302944.7182,1023762,223,-0.2913,-0.1152,0.0278,68.3359,-9.1298,-78.0000
302944.7182,1023772,223,-0.3633,-0.1047,0.0073,68.4275,-14.3511,-73.5725
302944.7182,1023782,223,-0.4331,-0.0884,0.0007,66.5038,-23.1756,-69.0992
302944.7182,1023792,223,-0.4680,-0.0840,0.0188,62.6412,-31.7252,-66.7634
302944.7182,1023802,223,-0.4553,-0.0723,0.0593,60.3359,-40.0000,-67.7405
302944.7182,1023812,223,-0.4331,-0.0996,0.1187,59.1450,-44.8244,-70.7481
302944.7182,1023822,223,-0.4336,-0.1377,0.1858,57.0840,-48.0611,-74.6565
302944.7182,1023832,223,-0.4155,-0.1841,0.2644,52.4580,-54.1374,-76.4275
302944.7182,1023842,223,-0.2925,-0.2136,0.4016,48.7481,-60.2443,-76.1069
302944.7802,1023852,224,-0.2676,-0.2197,0.5032,44.8550,-60.3511,-72.1527
302944.7802,1023862,224,-0.2769,-0.2639,0.5273,38.3664,-56.1527,-69.4351
302944.7802,1023872,224,-0.3914,-0.3179,0.5098,32.1221,-52.5038,-66.3206
302944.7802,1023882,224,-0.3918,-0.3928,0.3901,23.9695,-49.8473,-60.9466
302944.7802,1023892,224,-0.4443,-0.4885,0.2246,18.3053,-37.5878,-53.5573
302944.7802,1023902,224,-0.5132,-0.5076,0.0525,22.0763,-33.8321,-43.3740
302944.7802,1023912,224,-0.5725,-0.4333,0.0037,33.1450,-41.9237,-33.1603
302944.7802,1023922,224,-0.5051,-0.2781,0.0994,45.2061,-63.7252,-28.6718
302944.7802,1023932,224,-0.3435,-0.1438,0.2927,50.3969,-81.7252,-31.8473
302944.7802,1023942,224,-0.3049,-0.1016,0.4470,43.2824,-84.4427,-42.1069
302944.8991,1023952,225,-0.4392,-0.3408,0.3115,21.0534,-80.5496,-56.1679
302944.8991,1023962,225,-0.4968,-0.6372,0.1438,7.9695,-73.2824,-63.5267
302944.8991,1023972,225,-0.5562,-0.7944,0.0225,13.0992,-76.1527,-54.2137
302944.8991,1023982,225,-0.5447,-0.8210,-0.0237,28.2595,-90.4885,-33.8168
302944.8991,1023992,225,-0.5049,-0.7019,0.0249,47.0076,-100.6565,-14.2595
302944.8991,1024002,225,-0.4912,-0.4832,0.1335,56.8092,-113.8626,0.6412
302944.8991,1024012,225,-0.4534,-0.2515,0.2854,50.4733,-127.2214,8.9771
302944.8991,1024022,225,-0.4819,-0.0830,0.4712,33.5115,-137.6794,4.7328
302944.8991,1024032,225,-0.4407,-0.1526,0.5596,8.9008,-140.8855,-12.8397
302944.8991,1024042,225,-0.4719,-0.3660,0.5625,-8.1527,-137.0076,-31.2366
302944.9605,1024052,226,-0.5879,-0.6726,0.5576,-17.6641,-130.8092,-40.9771
302944.9605,1024062,226,-0.5442,-0.8867,0.6018,-15.7405,-133.0382,-40.5802
302944.9605,1024072,226,-0.4666,-0.9543,0.6973,-7.2366,-141.0992,-26.0153
302944.9605,1024082,226,-0.3901,-0.8564,0.8755,-1.1450,-150.8092,-5.0534
302944.9605,1024092,226,-0.3157,-0.6733,1.0554,1.0687,-152.5038,11.9389
302944.9605,1024102,226,-0.3020,-0.5171,1.1580,-3.9084,-147.7863,17.7405
302944.9605,1024112,226,-0.4253,-0.6177,1.0552,-19.6641,-140.0763,12.2443
302944.9605,1024122,226,-0.5210,-0.7854,0.9548,-29.5420,-130.8702,6.5344
302944.9605,1024132,226,-0.5393,-0.9067,0.9216,-30.4122,-135.3282,10.4580
302944.9605,1024142,226,-0.5637,-0.9622,0.9438,-29.6489,-142.2137,21.7099
302945.0807,1024152,227,-0.4697,-0.9392,1.0247,-27.2519,-149.9542,39.7863
302945.0807,1024162,227,-0.4070,-0.7988,1.1584,-22.3359,-151.9389,62.5649
302945.0807,1024172,227,-0.4219,-0.5562,1.2893,-19.7557,-146.2137,79.5725
302945.0807,1024182,227,-0.4644,-0.3701,1.3379,-24.6718,-143.2214,85.4198
302945.0807,1024192,227,-0.5364,-0.2949,1.3191,-33.9542,-138.0611,80.0305
302945.0807,1024202,227,-0.6025,-0.3455,1.2708,-42.9924,-133.9237,67.4504
302945.0807,1024212,227,-0.6541,-0.5469,1.1975,-51.0687,-135.9084,57.2519
302945.0807,1024222,227,-0.6680,-0.7078,1.2029,-51.8168,-142.7634,57.8321
302945.0807,1024232,227,-0.6377,-0.7068,1.3252,-46.9771,-150.3664,71.8321
302945.0807,1024242,227,-0.6021,-0.5952,1.5044,-41.9237,-153.3435,90.8550
302945.2595,1024252,228,-0.5781,-0.4111,1.6912,-36.5191,-146.9160,105.7863
302945.2595,1024262,228,-0.6204,-0.2532,1.7925,-35.7710,-133.5725,112.9466
302945.2595,1024272,228,-0.7058,-0.1738,1.8154,-42.3817,-117.6489,111.8321
302945.2595,1024282,228,-0.7681,-0.1599,1.8350,-50.5191,-103.3435,106.9313
302945.2595,1024292,228,-0.7903,-0.1819,1.8704,-55.0534,-93.0229,102.5649
302945.2595,1024302,228,-0.7832,-0.1748,1.9265,-55.3740,-83.8779,101.2519
302945.2595,1024312,228,-0.7595,-0.1472,1.9915,-55.1756,-75.0076,102.0153
302945.2595,1024322,228,-0.7087,-0.1030,2.0566,-55.9389,-65.3893,103.0687
302945.2595,1024332,228,-0.6729,-0.0525,2.0923,-56.7023,-51.9695,102.3969
302945.2595,1024342,228,-0.6628,-0.0239,2.0867,-58.1985,-36.2595,99.0840
302945.2617,1024352,229,-0.6528,-0.0420,2.0271,-61.8015,-21.7405,94.8397
302945.2617,1024362,229,-0.6401,-0.0774,1.9758,-64.8092,-9.2977,91.5115
302945.2617,1024372,229,-0.6160,-0.1094,1.9316,-64.7786,1.2672,91.8779
302945.2617,1024382,229,-0.5920,-0.1265,1.8853,-60.9924,10.2137,93.5115
302945.2617,1024392,229,-0.5667,-0.1243,1.8594,-56.1985,18.6870,95.7252
302945.2617,1024402,229,-0.5442,-0.1023,1.8342,-51.2061,27.2519,99.2214
302945.2617,1024412,229,-0.5352,-0.0762,1.8105,-46.9313,36.1069,102.6260
302945.2617,1024422,229,-0.5398,-0.0266,1.7886,-43.3282,43.8779,106.5649
302945.2617,1024432,229,-0.5037,0.0571,1.7744,-39.2977,49.2824,110.2748
302945.2617,1024442,229,-0.4519,0.1355,1.7708,-34.9618,54.4580,109.8626
302945.3810,1024452,230,-0.4053,0.2195,1.7527,-29.8473,61.2061,105.2824
302945.3810,1024462,230,-0.3667,0.2632,1.7058,-28.4580,68.7328,98.4427
302945.3810,1024472,230,-0.3606,0.2515,1.6260,-31.3435,77.7405,90.9160
302945.3810,1024482,230,-0.3521,0.2092,1.5327,-32.8855,84.6718,85.5725
302945.3810,1024492,230,-0.3391,0.1646,1.4817,-29.9847,88.9160,82.8397
302945.3810,1024502,230,-0.3423,0.1729,1.4373,-22.1832,92.1221,83.1603
302945.3810,1024512,230,-0.3398,0.1963,1.3992,-13.0992,93.7252,85.2214
302945.3810,1024522,230,-0.3416,0.2434,1.3723,-3.4198,95.1450,87.2366
302945.3810,1024532,230,-0.3518,0.3237,1.3542,5.9237,96.5802,89.4809
302945.3810,1024542,230,-0.3311,0.4246,1.3625,14.9771,98.0611,90.5802
302945.5609,1024552,231,-0.3022,0.5403,1.3806,22.3664,100.7328,88.6718
302945.5609,1024562,231,-0.2729,0.6550,1.3687,26.2137,105.7710,83.8931
302945.5609,1024572,231,-0.2659,0.7268,1.3267,25.0992,112.0000,75.0382
302945.5609,1024582,231,-0.2800,0.7375,1.2434,19.6947,117.7863,63.2061
302945.5609,1024592,231,-0.2900,0.6807,1.1477,14.1679,122.5649,50.7481
302945.5609,1024602,231,-0.3223,0.5984,1.0361,11.8321,125.5267,39.8626
302945.5609,1024612,231,-0.3218,0.5137,0.9592,13.1908,123.6183,32.6107
302945.5609,1024622,231,-0.2905,0.4355,0.9009,27.9847,116.3359,26.2901
302945.5609,1024632,231,-0.2769,0.4368,0.8818,35.3588,113.5725,26.0305
302945.5609,1024642,231,-0.2600,0.4412,0.8567,41.9237,111.1908,25.3130
302945.5625,1024652,232,-0.2661,0.4480,0.8184,48.1832,110.1069,22.7176
302945.5625,1024662,232,-0.2837,0.4324,0.7632,51.0534,109.5115,19.4046
302945.5625,1024672,232,-0.3022,0.4189,0.7139,53.2061,107.4351,17.0534
302945.5625,1024682,232,-0.3140,0.4067,0.6760,56.7023,103.1908,15.1145
302945.5625,1024692,232,-0.3220,0.4133,0.6689,61.6031,100.0305,12.8702
302945.5625,1024702,232,-0.3293,0.4180,0.6418,66.5038,96.7481,10.1679
302945.5625,1024712,232,-0.3418,0.4143,0.6089,70.2443,93.9389,6.4580
302945.5625,1024722,232,-0.3547,0.4065,0.5818,73.0229,91.2061,2.9008
302945.5625,1024732,232,-0.3740,0.3867,0.5564,75.0992,87.2824,-0.1832
302945.5625,1024742,232,-0.3770,0.3892,0.5493,77.7099,82.5038,-2.2748
302945.6805,1024752,233,-0.3762,0.4023,0.5452,79.8626,79.7405,-3.7863
302945.6805,1024762,233,-0.4021,0.4111,0.5186,80.7481,77.9389,-6.1374
302945.6805,1024772,233,-0.4148,0.4294,0.4956,80.7481,73.9847,-8.7786
302945.6805,1024782,233,-0.4172,0.4243,0.4685,79.5420,68.6870,-12.6107
302945.6805,1024792,233,-0.4175,0.3945,0.4402,78.1679,64.5344,-17.7405
302945.6805,1024802,233,-0.4067,0.3713,0.4368,79.1603,60.6565,-21.6336
302945.6805,1024812,233,-0.3999,0.3596,0.4299,81.8626,56.7023,-24.4733
302945.6805,1024822,233,-0.3894,0.3589,0.4001,83.4504,53.7557,-28.0305
302945.6805,1024832,233,-0.4280,0.3564,0.3926,83.6947,55.0992,-31.5420
302945.6805,1024842,233,-0.3928,0.3865,0.3938,85.2061,48.2901,-31.0840
302945.8008,1024852,234,-0.3743,0.3972,0.4028,87.1603,42.4580,-34.0916
302945.8008,1024862,234,-0.3691,0.4355,0.4128,89.4046,40.0916,-40.3664
302945.8008,1024872,234,-0.3665,0.4421,0.3984,86.9924,37.0076,-47.8473
302945.8008,1024882,234,-0.3772,0.4314,0.3665,80.0458,38.4275,-55.2519
302945.8008,1024892,234,-0.3833,0.4150,0.3315,72.5344,38.4885,-61.7252
302945.8008,1024902,234,-0.3796,0.3870,0.2898,65.4046,35.7710,-68.6565
302945.8008,1024912,234,-0.3789,0.3508,0.2632,59.0229,34.3511,-75.6641
302945.8008,1024922,234,-0.3799,0.2617,0.1982,52.9008,32.0916,-83.1450
302945.8008,1024932,234,-0.4182,0.1638,0.1355,48.7786,32.1527,-88.6412
302945.8008,1024942,234,-0.4531,0.0928,0.1018,49.7252,28.5954,-88.2595
302945.8601,1024952,235,-0.4192,0.0540,0.0989,54.9160,18.9771,-84.8092
302945.8601,1024962,235,-0.4082,0.0708,0.1477,61.6183,12.8550,-81.9542
302945.8601,1024972,235,-0.3843,0.1057,0.1921,66.2595,6.8702,-79.1298
302945.8601,1024982,235,-0.3909,0.1223,0.1848,67.3130,3.9847,-80.1374
302945.8601,1024992,235,-0.4197,0.0940,0.1492,64.3053,3.9847,-83.8321
302945.8601,1025002,235,-0.4534,0.0320,0.1055,58.7634,-0.1374,-86.3206
302945.8601,1025012,235,-0.4758,-0.0315,0.0720,54.9160,-6.3206,-86.2595
302945.8601,1025022,235,-0.4717,-0.0706,0.0779,54.8855,-13.7405,-84.3206
302945.8601,1025032,235,-0.4600,-0.1072,0.1189,56.8550,-21.2519,-82.2748
302945.8601,1025042,235,-0.4331,-0.1130,0.1641,61.5115,-25.9389,-79.9695
302946.0397,1025052,236,-0.3945,-0.0938,0.2087,65.4809,-30.8244,-79.1450
302946.0397,1025062,236,-0.3718,-0.0833,0.2419,64.4580,-35.2824,-78.7634
302946.0397,1025072,236,-0.3489,-0.1035,0.2615,60.9771,-39.0992,-79.2977
302946.0397,1025082,236,-0.3796,-0.1580,0.2253,56.3969,-38.8855,-81.3893
302946.0397,1025092,236,-0.4502,-0.2515,0.1294,51.1603,-39.2061,-83.1298
302946.0397,1025102,236,-0.4717,-0.3516,0.0413,48.3053,-43.7252,-81.3435
302946.0397,1025112,236,-0.4744,-0.4099,0.0107,50.1985,-51.8321,-75.2977
302946.0397,1025122,236,-0.4744,-0.4148,0.0518,55.4046,-61.5878,-66.2595
302946.0397,1025132,236,-0.4202,-0.3525,0.1680,62.9924,-74.4275,-58.0763
302946.0397,1025142,236,-0.3999,-0.3005,0.2737,66.6718,-84.0611,-54.8855
302946.0420,1025152,237,-0.3110,-0.2771,0.3748,64.8855,-88.5649,-53.4198
302946.0420,1025162,237,-0.3921,-0.3042,0.4062,61.5725,-85.6641,-52.5496
302946.0420,1025172,237,-0.4001,-0.3457,0.4048,56.5954,-81.8626,-52.5496
302946.0420,1025182,237,-0.4355,-0.3958,0.3813,53.0229,-84.5954,-50.5496
302946.0420,1025192,237,-0.4814,-0.4319,0.3574,52.3359,-86.7176,-45.4504
302946.0420,1025202,237,-0.5081,-0.4146,0.3840,52.9160,-92.2901,-40.6412
302946.0420,1025212,237,-0.4670,-0.3784,0.4377,51.2824,-102.6260,-37.8931
302946.0420,1025222,237,-0.4131,-0.3284,0.5068,45.2061,-110.2443,-36.9160
302946.0420,1025232,237,-0.3923,-0.3367,0.5518,35.3282,-116.7481,-38.7481
302946.0420,1025242,237,-0.3721,-0.4143,0.5610,26.6412,-118.6718,-44.3053
302946.1596,1025252,238,-0.4111,-0.4814,0.5876,22.4122,-118.3969,-47.8931
302946.1596,1025262,238,-0.4487,-0.5723,0.5732,16.8702,-123.4198,-46.1374
302946.1596,1025272,238,-0.4443,-0.6665,0.5684,13.9084,-127.9237,-41.5115
302946.1596,1025282,238,-0.4651,-0.6792,0.6123,15.8626,-133.3282,-34.0916
302946.1596,1025292,238,-0.4651,-0.6321,0.6978,16.2748,-140.5802,-23.0229
302946.1596,1025302,238,-0.4268,-0.5640,0.7954,14.1374,-147.6947,-15.3130
302946.1596,1025312,238,-0.4277,-0.6135,0.8274,7.6183,-151.2672,-14.5344
302946.1596,1025322,238,-0.4575,-0.7136,0.8513,3.4351,-143.3588,-16.6107
302946.1596,1025332,238,-0.4695,-0.7993,0.8765,3.2061,-137.1145,-15.0534
302946.1596,1025342,238,-0.4202,-0.8743,0.9158,3.1603,-139.3893,-7.7710
302946.2795,1025352,239,-0.3564,-0.8604,1.0054,4.2443,-141.8626,3.8626
302946.2795,1025362,239,-0.2769,-0.7676,1.1089,5.0076,-141.4198,16.5344
302946.2795,1025372,239,-0.2283,-0.6274,1.2083,-0.0611,-137.3130,25.7099
302946.2795,1025382,239,-0.3145,-0.5964,1.1877,-12.6718,-128.6565,31.1298
302946.2795,1025392,239,-0.4382,-0.6404,1.1125,-22.0000,-117.4504,31.6031
302946.2795,1025402,239,-0.4888,-0.6929,1.0750,-25.9237,-114.1679,33.1298
302946.2795,1025412,239,-0.4695,-0.7227,1.0947,-26.8397,-117.6489,39.2061
302946.2795,1025422,239,-0.4165,-0.6531,1.1926,-22.9160,-120.7023,47.0076
302946.2795,1025432,239,-0.3655,-0.5251,1.2947,-21.5267,-122.5344,55.0076
302946.2795,1025442,239,-0.3584,-0.4167,1.3601,-24.9466,-118.9466,59.4962
302946.4007,1025452,240,-0.4019,-0.3972,1.3630,-31.1756,-113.7252,57.8931
302946.4007,1025462,240,-0.4485,-0.4661,1.3250,-38.9466,-106.2748,53.6794
302946.4007,1025472,240,-0.4688,-0.5608,1.3093,-46.1527,-100.6260,53.0534
302946.4007,1025482,240,-0.4490,-0.6484,1.3052,-50.7634,-99.1908,58.8244
302946.4007,1025492,240,-0.4099,-0.6809,1.3413,-48.2137,-98.4275,68.0458
302946.4007,1025502,240,-0.4175,-0.6038,1.4084,-41.0382,-97.0382,80.1679
302946.4007,1025512,240,-0.4275,-0.4548,1.4866,-35.4046,-96.6718,91.3435
302946.4007,1025522,240,-0.4355,-0.3577,1.5515,-34.0611,-93.2366,96.8092
302946.4007,1025532,240,-0.4641,-0.2891,1.5754,-34.8397,-85.8779,97.4962
302946.4007,1025542,240,-0.5161,-0.2549,1.5889,-37.4809,-78.0611,95.1145
302946.4610,1025552,241,-0.5024,-0.2849,1.5894,-41.4656,-71.5878,91.7099
302946.4610,1025562,241,-0.4958,-0.3491,1.5840,-44.0000,-64.6107,89.3740
302946.4610,1025572,241,-0.5002,-0.3870,1.6104,-45.4656,-60.5802,91.8015
302946.4610,1025582,241,-0.4641,-0.3723,1.6707,-43.5267,-58.2901,99.0229
302946.4610,1025592,241,-0.4214,-0.3113,1.7505,-37.9084,-52.7023,104.1221
302946.4610,1025602,241,-0.4180,-0.2402,1.7903,-34.9924,-43.6336,107.1908
302946.4610,1025612,241,-0.4165,-0.1960,1.7859,-36.7481,-34.0153,108.5954
302946.4610,1025622,241,-0.4326,-0.1611,1.7646,-39.0229,-24.3817,108.3817
302946.4610,1025632,241,-0.4207,-0.1304,1.7517,-41.3588,-17.2366,107.2977
302946.4610,1025642,241,-0.4055,-0.1323,1.7168,-44.2595,-9.7252,105.4351
302946.5811,1025652,242,-0.4138,-0.1396,1.6914,-45.6641,-1.7557,102.8550
302946.5811,1025662,242,-0.4109,-0.1423,1.6753,-45.9695,4.0305,102.9466
302946.5811,1025672,242,-0.3853,-0.1350,1.6914,-44.6565,9.5267,104.9313
302946.5811,1025682,242,-0.3726,-0.0610,1.7285,-40.6107,16.1069,107.8168
302946.5811,1025692,242,-0.3738,0.0210,1.7241,-38.7939,24.0153,110.5038
302946.5811,1025702,242,-0.3794,0.0938,1.6941,-39.7863,33.0076,109.6947
302946.5811,1025712,242,-0.3577,0.1350,1.6516,-41.4809,41.1603,104.3359
302946.5811,1025722,242,-0.3503,0.1157,1.5757,-45.3740,49.0687,95.6489
302946.5811,1025732,242,-0.3855,0.0320,1.4739,-51.5267,56.2137,88.1679
302946.5811,1025742,242,-0.4016,-0.0518,1.3945,-55.7557,59.6947,86.3206
302946.7010,1025752,243,-0.4011,-0.1099,1.3625,-55.7099,59.5267,88.9008
302946.7010,1025762,243,-0.3774,-0.1189,1.3672,-50.5802,57.4046,94.6260
302946.7010,1025772,243,-0.3525,-0.0847,1.4023,-40.6107,56.9008,100.3664
302946.7010,1025782,243,-0.3352,0.0007,1.4456,-28.7481,58.7939,104.8855
302946.7010,1025792,243,-0.3279,0.0962,1.4666,-19.9389,61.5115,107.1908
302946.7010,1025802,243,-0.3289,0.1753,1.4617,-15.7710,65.7405,106.6260
302946.7010,1025812,243,-0.3311,0.2495,1.4587,-13.2366,69.8015,102.7023
302946.7010,1025822,243,-0.3101,0.3044,1.4553,-12.4275,72.8550,96.0763
302946.7010,1025832,243,-0.3101,0.3372,1.4380,-13.6794,77.4809,88.3053
302946.7010,1025842,243,-0.3052,0.3289,1.3984,-15.8931,82.9771,80.6718
302946.7607,1025852,244,-0.3040,0.3035,1.3555,-15.4504,88.4427,73.9237
302946.7607,1025862,244,-0.3176,0.2710,1.3013,-13.7405,92.2137,68.9008
302946.7607,1025872,244,-0.3401,0.2234,1.2358,-11.1450,95.3130,66.2443
302946.7607,1025882,244,-0.3633,0.2051,1.1902,-4.9618,97.3893,66.1985
302946.7607,1025892,244,-0.3589,0.2327,1.1741,3.6794,95.7099,68.2748
302946.7607,1025902,244,-0.3362,0.2571,1.1768,12.0611,94.9771,70.0763
302946.7607,1025912,244,-0.3354,0.3015,1.1707,21.1908,97.0992,69.7252
302946.7607,1025922,244,-0.3376,0.3545,1.1619,27.7252,99.2519,68.0305
302946.7607,1025932,244,-0.3379,0.3940,1.1465,30.5191,100.7786,65.3588
302946.7607,1025942,244,-0.3423,0.4392,1.1289,31.8473,102.3511,60.8244
302946.9395,1025952,245,-0.3403,0.4700,1.1047,31.3740,102.2443,54.6412
302946.9395,1025962,245,-0.3428,0.4456,1.0510,29.0229,103.2366,46.8550
302946.9395,1025972,245,-0.3555,0.4077,1.0061,28.7634,105.5420,38.9771
302946.9395,1025982,245,-0.3484,0.3840,0.9668,31.4962,105.4504,34.4122
302946.9395,1025992,245,-0.3181,0.3696,0.9460,37.6183,105.3893,30.5649
302946.9395,1026002,245,-0.3091,0.3904,0.9385,45.4962,107.0382,26.1221
302946.9395,1026012,245,-0.2947,0.3948,0.8906,49.2824,108.4427,21.7099
302946.9395,1026022,245,-0.2864,0.4009,0.8430,50.1679,109.8931,16.9313
302946.9395,1026032,245,-0.2893,0.4041,0.7927,49.1756,108.5496,12.8702
302946.9395,1026042,245,-0.2859,0.4255,0.7729,47.8626,104.9924,8.9313
302946.9418,1026052,246,-0.3086,0.4106,0.7141,45.5878,102.3053,3.9389
302946.9418,1026062,246,-0.3416,0.3918,0.6514,43.9084,103.9542,-1.3893
302946.9418,1026072,246,-0.3650,0.3757,0.5952,43.7863,101.5420,-5.1908
302946.9418,1026082,246,-0.3430,0.3669,0.5857,45.5115,95.7252,-8.1374
302946.9418,1026092,246,-0.3394,0.3501,0.5791,48.6870,93.3893,-11.1756
302946.9418,1026102,246,-0.3479,0.3550,0.5642,53.6336,94.3206,-14.2137
302946.9418,1026112,246,-0.3701,0.3684,0.5322,56.4885,92.9618,-17.0534
302946.9418,1026122,246,-0.3928,0.3547,0.4941,56.0611,90.1527,-20.5649
302946.9418,1026132,246,-0.4070,0.3518,0.4719,56.5191,86.2901,-22.9466
302946.9418,1026142,246,-0.3962,0.3547,0.4712,58.2290,79.0229,-25.9542
302947.0592,1026152,247,-0.3904,0.3062,0.4397,58.0000,75.4809,-30.7634
302947.0592,1026162,247,-0.4041,0.2756,0.4158,58.9618,76.0305,-34.7023
302947.0592,1026172,247,-0.4211,0.2695,0.3901,59.7557,72.6565,-34.9771
302947.0592,1026182,247,-0.4294,0.2698,0.3735,59.7252,66.7786,-34.4580
302947.0592,1026192,247,-0.4324,0.3076,0.3792,60.8550,61.5573,-35.4046
302947.0592,1026202,247,-0.4199,0.3318,0.3923,60.1679,57.9542,-38.7481
302947.0592,1026212,247,-0.4453,0.3386,0.3704,57.1908,57.1145,-42.7634
302947.0592,1026222,247,-0.4390,0.3372,0.3713,55.2519,53.0687,-47.1450
302947.0592,1026232,247,-0.4043,0.3120,0.3818,54.3359,48.2443,-52.9008
302947.0592,1026242,247,-0.3848,0.2629,0.3699,53.9847,47.1603,-58.8092
302947.1794,1026252,248,-0.4043,0.1870,0.3096,53.1298,48.7481,-63.5878
302947.1794,1026262,248,-0.4258,0.1348,0.2498,54.7634,49.8015,-66.4885
302947.1794,1026272,248,-0.4468,0.0862,0.1985,56.5954,46.0916,-66.5649
302947.1794,1026282,248,-0.4583,0.0671,0.1724,58.6260,42.7328,-62.6718
302947.1794,1026292,248,-0.4607,0.0889,0.1443,62.9618,37.0229,-57.7710
302947.1794,1026302,248,-0.4841,0.0930,0.1042,66.7786,32.0916,-56.9924
302947.1794,1026312,248,-0.5044,0.0981,0.0876,69.5725,27.2061,-58.6107
302947.1794,1026322,248,-0.4907,0.0691,0.0774,69.2366,19.0229,-60.0916
302947.1794,1026332,248,-0.5015,0.0288,0.0698,68.1832,13.2214,-60.4733
302947.1794,1026342,248,-0.5105,-0.0034,0.0864,70.2290,6.8397,-59.9847
302947.3007,1026352,249,-0.4993,-0.0208,0.1348,73.0840,0.4275,-58.2901
302947.3007,1026362,249,-0.5078,-0.0239,0.1475,75.1450,-3.9389,-55.2672
302947.3007,1026372,249,-0.5505,-0.0293,0.1421,77.1908,-7.3435,-54.7634
302947.3007,1026382,249,-0.5728,-0.0276,0.1587,78.8092,-12.7939,-55.6947
302947.3007,1026392,249,-0.5417,-0.0195,0.2158,78.3206,-20.8397,-55.9542
302947.3007,1026402,249,-0.4863,-0.0137,0.2922,75.5115,-28.2137,-57.2061
302947.3007,1026412,249,-0.4644,-0.0103,0.3740,71.8779,-32.9008,-59.9542
302947.3007,1026422,249,-0.4673,-0.0745,0.3718,65.7863,-31.9695,-64.3359
302947.3007,1026432,249,-0.4844,-0.1274,0.3474,61.1298,-24.9771,-68.4580
302947.3007,1026442,249,-0.4963,-0.1929,0.2988,56.0763,-23.8015,-69.8168
302947.3596,1026452,250,-0.4878,-0.2710,0.2498,52.7481,-24.7634,-69.9237
302947.3596,1026462,250,-0.4893,-0.2922,0.2283,54.5344,-26.7786,-68.6870
302947.3596,1026472,250,-0.4988,-0.3010,0.1953,55.0992,-32.7328,-66.2595
302947.3596,1026482,250,-0.5151,-0.3118,0.1704,52.5344,-36.9160,-65.2977
302947.3596,1026492,250,-0.5012,-0.3005,0.1899,50.0153,-43.9389,-63.2061
302947.3596,1026502,250,-0.4214,-0.2556,0.2600,47.9389,-55.0992,-61.5573
302947.3596,1026512,250,-0.3799,-0.2373,0.3376,43.8626,-62.4122,-63.4656
302947.3596,1026522,250,-0.3547,-0.2681,0.3645,37.2977,-62.1221,-67.8015
302947.3596,1026532,250,-0.3962,-0.3066,0.3508,31.2672,-58.2137,-70.9313
302947.3596,1026542,250,-0.4539,-0.4395,0.2766,23.8168,-57.3893,-71.7863
302947.4796,1026552,251,-0.5251,-0.5244,0.2283,26.5038,-58.9618,-70.7328
302947.4796,1026562,251,-0.6028,-0.5623,0.1877,33.4504,-63.5115,-67.6489
302947.4796,1026572,251,-0.6736,-0.5715,0.1187,36.6718,-65.1603,-62.7176
302947.4796,1026582,251,-0.7104,-0.5667,0.0715,36.3053,-69.9847,-56.7634
302947.4796,1026592,251,-0.7048,-0.5320,0.0850,33.8168,-83.2672,-51.7710
302947.4796,1026602,251,-0.6311,-0.4768,0.1897,27.6031,-101.7710,-47.6947
302947.4796,1026612,251,-0.5293,-0.4395,0.3584,18.7939,-119.3740,-46.7634
302947.4796,1026622,251,-0.4355,-0.4114,0.5374,9.8321,-128.0305,-48.9008
302947.4796,1026632,251,-0.4077,-0.3933,0.6628,-0.7481,-129.8321,-53.5725
302947.4796,1026642,251,-0.4756,-0.4670,0.6353,-15.0076,-124.5344,-61.9542
302947.6003,1026652,252,-0.5559,-0.5996,0.5674,-25.8015,-114.7176,-70.7786
302947.6003,1026662,252,-0.6182,-0.7678,0.4763,-30.4122,-111.7863,-75.7405
302947.6003,1026672,252,-0.6318,-0.9126,0.4512,-28.8244,-115.4198,-72.9618
302947.6003,1026682,252,-0.5791,-0.9626,0.5283,-19.3588,-122.9008,-61.0534
302947.6003,1026692,252,-0.5193,-0.8865,0.6682,-6.2901,-129.8626,-46.6718
302947.6003,1026702,252,-0.4868,-0.7539,0.8171,-0.1069,-133.0992,-34.4885
302947.6003,1026712,252,-0.4851,-0.7039,0.8928,-5.2366,-131.4504,-28.5191
302947.6003,1026722,252,-0.5354,-0.7175,0.9131,-14.5038,-123.9847,-27.5878
302947.6003,1026732,252,-0.5718,-0.7544,0.9111,-22.1527,-120.0153,-27.8321
302947.6003,1026742,252,-0.5842,-0.8076,0.9290,-27.5725,-119.7252,-26.5802
302947.6603,1026752,253,-0.5706,-0.8232,0.9763,-29.7099,-121.8321,-21.8168
302947.6603,1026762,253,-0.5354,-0.8193,1.0344,-29.7099,-123.5878,-14.5954
302947.6603,1026772,253,-0.5112,-0.7842,1.0964,-28.3969,-120.4122,-8.4427
302947.6603,1026782,253,-0.5210,-0.7629,1.1050,-29.8015,-116.3206,-3.4962
302947.6603,1026792,253,-0.5212,-0.7710,1.0698,-32.9466,-112.5954,0.5802
302947.6603,1026802,253,-0.5117,-0.7476,1.0837,-34.5191,-111.3740,4.6565
302947.6603,1026812,253,-0.5085,-0.7224,1.1270,-37.6336,-112.3969,10.7786
302947.6603,1026822,253,-0.5283,-0.7339,1.1370,-40.7023,-108.3053,16.0611
302947.6603,1026832,253,-0.5500,-0.7363,1.1445,-40.4427,-103.7405,18.9924
302947.6603,1026842,253,-0.5515,-0.7427,1.1562,-41.4656,-103.4962,22.9771
302947.7863,1026852,254,-0.5498,-0.7976,1.1692,-43.1756,-102.8092,28.6260
302947.7863,1026862,254,-0.5427,-0.8381,1.1731,-40.2901,-100.8397,35.0382
302947.7863,1026872,254,-0.5352,-0.8401,1.2034,-35.1908,-100.6260,43.3740
302947.7863,1026882,254,-0.5181,-0.8093,1.2498,-31.9084,-101.3740,54.8092
302947.7863,1026892,254,-0.4939,-0.7412,1.3030,-27.6336,-100.3817,67.3435
302947.7863,1026902,254,-0.4817,-0.6511,1.3777,-22.9313,-97.3740,76.1985
302947.7863,1026912,254,-0.4341,-0.5925,1.4375,-22.3359,-92.2595,81.0229
302947.7863,1026922,254,-0.4392,-0.5549,1.4424,-23.1450,-81.7710,81.4504
302947.7863,1026932,254,-0.4700,-0.5579,1.4165,-25.2366,-72.3817,79.8779
302947.7863,1026942,254,-0.5161,-0.5803,1.3953,-26.5649,-66.3359,80.1374
302947.9602,1026952,255,-0.5159,-0.5798,1.4033,-25.4809,-63.7405,84.8550
302947.9602,1026962,255,-0.5237,-0.5559,1.4353,-22.3664,-61.5420,91.8779
302947.9602,1026972,255,-0.4995,-0.4985,1.4673,-17.2214,-59.1145,98.5802
302947.9602,1026982,255,-0.4656,-0.4290,1.5015,-11.0076,-55.7863,103.1298
302947.9602,1026992,255,-0.3967,-0.3748,1.5337,-6.7634,-48.9924,105.1298
302947.9602,1027002,255,-0.3989,-0.3137,1.5371,-4.3969,-35.9695,105.4198
302947.9602,1027012,255,-0.3923,-0.2703,1.5027,-5.5725,-23.8473,105.9237
302947.9602,1027022,255,-0.4138,-0.2439,1.4680,-8.0000,-13.3130,105.2061
302947.9602,1027032,255,-0.4226,-0.2043,1.4236,-8.7786,-5.2519,105.4656
302947.9602,1027042,255,-0.4238,-0.1702,1.4075,-8.9313,-0.4122,104.7176
302947.9623,1027052,0,-0.4180,-0.1594,1.4077,-9.4656,2.9466,101.8779
302947.9623,1027062,0,-0.3960,-0.1404,1.4026,-9.5725,7.6947,99.8473
302947.9623,1027072,0,-0.3857,-0.1228,1.3733,-9.8168,14.4733,98.0916
302947.9623,1027082,0,-0.3867,-0.1292,1.3274,-11.6794,21.0229,94.3359
302947.9623,1027092,0,-0.3904,-0.1394,1.2964,-13.1756,25.1450,92.3053
302947.9623,1027102,0,-0.3621,-0.1284,1.2981,-10.2290,28.9160,93.5420
302947.9623,1027112,0,-0.3511,-0.0706,1.3105,-3.1298,35.3435,96.2901
302947.9623,1027122,0,-0.3518,0.0227,1.3049,5.3740,42.6107,97.5267
302947.9623,1027132,0,-0.3679,0.1338,1.2722,9.9695,49.8015,93.5115
302947.9623,1027142,0,-0.3928,0.1846,1.2039,6.3969,54.4733,84.1527
302948.0795,1027152,1,-0.4082,0.1584,1.1091,-2.0916,57.6183,72.7176
302948.0795,1027162,1,-0.4028,0.1050,1.0315,-9.8168,58.3359,63.4809
302948.0795,1027172,1,-0.3667,0.0408,0.9880,-15.4198,55.1298,57.5267
302948.0795,1027182,1,-0.3357,-0.0117,0.9568,-17.2061,53.9237,54.8550
302948.0795,1027192,1,-0.3213,-0.0298,0.9258,-14.1985,54.5344,54.7939
302948.0795,1027202,1,-0.3120,-0.0312,0.8799,-9.1145,54.1527,55.1450
302948.0795,1027212,1,-0.3152,-0.0054,0.8474,-3.7863,53.3130,55.0840
302948.0795,1027222,1,-0.2996,0.0168,0.8281,1.0687,52.6412,55.0687
302948.0795,1027232,1,-0.3132,0.0684,0.8115,7.1603,55.1450,53.8015
302948.0795,1027242,1,-0.3408,0.1196,0.7717,10.8855,55.4198,50.1679
302948.2003,1027252,2,-0.3733,0.1431,0.7363,9.4962,52.3817,45.4809
302948.2003,1027262,2,-0.3865,0.1487,0.6951,5.5267,47.8779,41.0229
302948.2003,1027272,2,-0.4009,0.1589,0.6702,1.8931,42.2290,37.4809
302948.2003,1027282,2,-0.4021,0.1584,0.6577,-0.7786,34.7023,33.9695
302948.2003,1027292,2,-0.3857,0.1399,0.6567,-2.1985,27.4656,29.3740
302948.2003,1027302,2,-0.3794,0.1311,0.6562,-1.8015,22.5038,24.3969
302948.2003,1027312,2,-0.3577,0.1018,0.6687,-2.7481,20.0305,20.2443
302948.2003,1027322,2,-0.3518,0.0498,0.6799,-1.4809,23.6183,17.6794
302948.2003,1027332,2,-0.3879,0.0557,0.6738,4.9160,27.1450,14.8550
302948.2003,1027342,2,-0.4121,0.0510,0.6682,7.0687,24.5191,12.6412
302948.2600,1027352,3,-0.3918,0.0486,0.6880,5.8015,19.9695,11.3740
302948.2600,1027362,3,-0.3926,0.0505,0.7092,5.1298,18.8397,9.9084
302948.2600,1027372,3,-0.4087,0.0432,0.6956,3.6031,18.2901,7.4809
302948.2600,1027382,3,-0.4243,0.0320,0.6882,0.7328,15.4809,5.2061
302948.2600,1027392,3,-0.4331,0.0024,0.6799,-2.2595,11.0229,3.4809
302948.2600,1027402,3,-0.4292,-0.0273,0.6870,-2.7481,8.1221,2.5496
302948.2600,1027412,3,-0.4248,-0.0288,0.6951,-0.9924,5.3282,2.0000
302948.2600,1027422,3,-0.3984,-0.0408,0.7129,-0.1221,2.7023,1.8626
302948.2600,1027432,3,-0.3896,-0.0630,0.7178,2.7786,4.3206,1.0534
302948.2600,1027442,3,-0.4172,-0.0515,0.7134,8.0458,7.5420,0.0611
302948.3805,1027452,4,-0.4470,-0.0259,0.6970,10.5802,7.0382,-0.0153
302948.3805,1027462,4,-0.4556,-0.0088,0.6990,10.1221,3.5115,-1.2977
302948.3805,1027472,4,-0.4414,-0.0107,0.7041,7.3435,-1.1450,-3.7099
302948.3805,1027482,4,-0.4285,-0.0217,0.7041,2.8855,-5.2366,-5.8168
302948.3805,1027492,4,-0.4050,-0.0564,0.7112,-2.2443,-8.2443,-7.0229
302948.3805,1027502,4,-0.3962,-0.0703,0.7129,-4.4580,-9.4198,-7.8779
302948.3805,1027512,4,-0.3765,-0.0779,0.7068,-5.5115,-11.5267,-8.2595
302948.3805,1027522,4,-0.3347,-0.0723,0.7197,-6.2137,-13.7405,-7.6183
302948.3805,1027532,4,-0.2815,-0.0608,0.7363,-4.7176,-13.5878,-7.3740
302948.3805,1027542,4,-0.2571,-0.0266,0.7271,-2.1069,-12.4122,-8.2901
302948.5609,1027552,5,-0.2158,0.0210,0.7151,-2.2748,-13.1145,-9.8931
302948.5609,1027562,5,-0.1833,0.0618,0.6819,-6.6870,-14.9313,-13.0229
302948.5609,1027572,5,-0.1594,0.0776,0.6404,-14.9313,-17.6947,-17.8931
302948.5609,1027582,5,-0.1606,0.0710,0.5693,-25.7252,-19.3893,-23.6031
302948.5609,1027592,5,-0.1694,0.0706,0.4966,-37.8168,-22.9618,-28.7023
302948.5609,1027602,5,-0.1809,0.0647,0.4126,-50.8550,-30.1832,-33.9542
302948.5609,1027612,5,-0.2053,0.0244,0.3379,-64.1374,-39.1756,-39.2366
302948.5609,1027622,5,-0.2383,0.0076,0.2759,-74.1832,-51.3130,-43.2519
302948.5609,1027632,5,-0.2415,-0.0383,0.2390,-80.7328,-68.5802,-45.3130
302948.5609,1027642,5,-0.2261,-0.0642,0.2390,-79.1908,-89.5115,-47.5115
302948.5628,1027652,6,-0.2122,-0.0801,0.2439,-72.2901,-113.4962,-51.0229
302948.5628,1027662,6,-0.2190,-0.0505,0.2515,-63.0229,-141.1145,-55.7405
302948.5628,1027672,6,-0.1821,-0.0544,0.2480,-58.5954,-177.1756,-61.0687
302948.5628,1027682,6,-0.1455,-0.0417,0.2739,-55.0076,-215.4351,-68.3053
302948.5628,1027692,6,-0.0586,-0.0632,0.3530,-57.3130,-255.4809,-76.3511
302948.5628,1027702,6,0.0889,-0.1719,0.4434,-65.4962,-280.5344,-81.9237
302948.5628,1027712,6,0.1807,-0.2732,0.5063,-67.0534,-280.9160,-85.5115
302948.5628,1027722,6,0.1895,-0.3311,0.5278,-62.3511,-271.8168,-85.8931
302948.5628,1027732,6,0.1929,-0.3501,0.5203,-57.1450,-268.9771,-81.7863
302948.5628,1027742,6,0.2139,-0.3267,0.5227,-53.1756,-275.0534,-77.1450
302948.6806,1027752,7,0.2261,-0.2749,0.5222,-53.8015,-288.0763,-74.1679
302948.6806,1027762,7,0.2285,-0.2285,0.5276,-58.7481,-308.8702,-74.3969
302948.6806,1027772,7,0.2639,-0.1982,0.5161,-68.6107,-335.8931,-78.3664
302948.6806,1027782,7,0.3713,-0.2070,0.5129,-81.8168,-363.8779,-83.3893
302948.6806,1027792,7,0.4546,-0.2334,0.5063,-93.1450,-384.7481,-84.5496
302948.6806,1027802,7,0.5676,-0.2590,0.4973,-103.3130,-399.7099,-89.8321
302948.6806,1027812,7,0.7766,-0.3416,0.5984,-115.2824,-411.6031,-94.0458
302948.6806,1027822,7,1.0254,-0.5686,0.7075,-122.5649,-410.2443,-89.8779
302948.6806,1027832,7,1.2527,-0.8396,0.8174,-99.8015,-371.4351,-86.1221
302948.6806,1027842,7,1.2671,-0.8225,0.8579,-41.4656,-297.8015,-88.6412
302948.8006,1027852,8,1.1443,-0.6338,0.8560,3.6183,-222.6107,-87.8321
302948.8006,1027862,8,0.9424,-0.4717,0.8359,10.4275,-173.4809,-82.0458
302948.8006,1027872,8,0.8198,-0.4250,0.7720,-9.2519,-160.3053,-79.5573
302948.8006,1027882,8,0.7961,-0.4624,0.7041,-34.1221,-170.4427,-76.8702
302948.8006,1027892,8,0.8574,-0.4846,0.6694,-48.6565,-190.8550,-72.3511
302948.8006,1027902,8,0.9456,-0.4951,0.6709,-59.5420,-209.4656,-65.7099
302948.8006,1027912,8,1.0984,-0.5464,0.7561,-73.8779,-219.7710,-57.3130
302948.8006,1027922,8,1.2444,-0.6677,0.8257,-87.6031,-210.5649,-46.6870
302948.8006,1027932,8,1.2744,-0.7151,0.8718,-83.6031,-177.6183,-41.8321
302948.8006,1027942,8,1.2559,-0.6628,0.8950,-69.3130,-141.8015,-46.2748
302948.8604,1027952,9,1.2063,-0.6157,0.8528,-57.3893,-112.2290,-52.2443
302948.8604,1027962,9,1.1130,-0.5491,0.7937,-44.5802,-94.6412,-59.2977
302948.8604,1027972,9,1.0291,-0.5020,0.7502,-34.4275,-93.4962,-67.6794
302948.8604,1027982,9,1.0459,-0.5117,0.7251,-32.8550,-106.5496,-75.7405
302948.8604,1027992,9,1.1206,-0.5439,0.7031,-38.4122,-122.5038,-81.1145
302948.8604,1028002,9,1.1450,-0.6233,0.6885,-49.0992,-130.2901,-80.8092
302948.8604,1028012,9,1.1462,-0.7009,0.6672,-59.4962,-133.3130,-77.1908
302948.8604,1028022,9,1.1572,-0.7507,0.6543,-64.3359,-136.9008,-71.6794
302948.8604,1028032,9,1.1934,-0.7793,0.6580,-64.6412,-141.9695,-62.9008
302948.8604,1028042,9,1.2615,-0.7766,0.6929,-61.5725,-144.9160,-50.9008
302948.9811,1028052,10,1.3330,-0.7563,0.7080,-55.3740,-139.0382,-38.9924
302948.9811,1028062,10,1.3103,-0.6716,0.7244,-45.8626,-121.5573,-31.6183
302948.9811,1028072,10,1.2458,-0.5764,0.7009,-43.2977,-105.0840,-28.5954
302948.9811,1028082,10,1.1833,-0.5205,0.6379,-50.8244,-96.0000,-28.2137
302948.9811,1028092,10,1.1284,-0.5522,0.5540,-61.4962,-89.8168,-31.5267
302948.9811,1028102,10,1.1086,-0.6372,0.4951,-64.4275,-85.4198,-38.1221
302948.9811,1028112,10,1.1580,-0.7190,0.4810,-56.9618,-86.8855,-44.1069
302948.9811,1028122,10,1.2002,-0.7380,0.4790,-45.4656,-90.3511,-43.6031
302948.9811,1028132,10,1.1924,-0.6755,0.4580,-35.6489,-88.8397,-34.7023
302948.9811,1028142,10,1.0667,-0.5808,0.4294,-32.9771,-80.9771,-22.8244
302949.1589,1028152,11,0.9915,-0.5071,0.4058,-36.8855,-77.1603,-14.4275
302949.1589,1028162,11,1.0518,-0.3596,0.4019,-44.6870,-83.2672,-8.5191
302949.1589,1028172,11,1.0139,-0.2922,0.3352,-58.9618,-92.6565,4.2901
302949.1589,1028182,11,0.9253,-0.5283,0.3652,-80.7939,-91.0534,0.5496
302949.1589,1028192,11,0.9153,-0.4084,0.2898,-98.7786,-74.0916,-25.9695
302949.1589,1028202,11,0.9734,-0.4446,0.2546,-109.4809,-77.2366,2.8702
302949.1589,1028212,11,1.0818,-0.6355,0.1489,-114.7634,-86.6412,13.3130
302949.1589,1028222,11,1.0684,-0.6125,0.1863,-88.9618,-80.7176,-4.8244
302949.1589,1028232,11,1.0671,-0.5400,0.2534,-58.1374,-82.4733,-23.5878
302949.1589,1028242,11,1.1470,-0.5325,0.2664,-47.3435,-89.5573,-32.2443
302949.1612,1028252,12,1.1594,-0.4294,0.2576,-46.5496,-85.2977,-27.5420
302949.1612,1028262,12,1.0916,-0.3379,0.2510,-61.4198,-71.6489,-14.7634
302949.1612,1028272,12,1.0496,-0.2673,0.2249,-87.6336,-61.3893,-4.1374
302949.1612,1028282,12,1.0261,-0.2300,0.1626,-117.5573,-56.4733,5.1145
302949.1612,1028292,12,0.9766,-0.2251,0.0850,-148.0153,-50.6107,12.6107
302949.1612,1028302,12,0.9390,-0.2380,0.0222,-174.7939,-45.6031,15.2519
302949.1612,1028312,12,0.9319,-0.2610,-0.0530,-196.7328,-43.1603,16.6107
302949.1612,1028322,12,0.9084,-0.3069,-0.1238,-213.8779,-41.5267,16.9771
302949.1612,1028332,12,0.9204,-0.3479,-0.1785,-224.3817,-43.2672,14.5496
302949.1612,1028342,12,0.9507,-0.3728,-0.2266,-230.6260,-46.7023,12.6107
302949.2816,1028352,13,0.9587,-0.4238,-0.2688,-235.0076,-49.5573,12.4580
302949.2816,1028362,13,0.9692,-0.4675,-0.3066,-234.1679,-52.3206,12.3511
302949.2816,1028372,13,0.9839,-0.5178,-0.3374,-229.2519,-54.2443,10.4733
302949.2816,1028382,13,1.0032,-0.5803,-0.3564,-218.4122,-55.3588,7.3740
302949.2816,1028392,13,1.0208,-0.6267,-0.3679,-202.1069,-54.6107,3.6794
302949.2816,1028402,13,1.0198,-0.6685,-0.3672,-180.0916,-52.5344,0.8702
302949.2816,1028412,13,1.0178,-0.6838,-0.3728,-152.8855,-50.8397,-1.4351
302949.2816,1028422,13,1.0183,-0.6833,-0.3633,-122.8244,-48.3511,-4.4733
302949.2816,1028432,13,1.0095,-0.6724,-0.3535,-91.3435,-44.8397,-8.0153
302949.2816,1028442,13,1.0093,-0.6458,-0.3384,-60.3359,-40.8092,-13.1756
302949.4008,1028452,14,1.0129,-0.6179,-0.3262,-31.6489,-36.3206,-17.7099
302949.4008,1028462,14,1.0159,-0.5913,-0.3196,-5.6794,-31.4656,-21.6794
302949.4008,1028472,14,1.0178,-0.5569,-0.3113,16.9160,-25.8931,-25.0076
302949.4008,1028482,14,1.0254,-0.5117,-0.2878,35.2214,-21.5267,-25.6947
302949.4008,1028492,14,1.0386,-0.4539,-0.2676,47.4504,-19.1145,-23.5878
302949.4008,1028502,14,1.0403,-0.4038,-0.2639,53.2519,-16.4733,-20.5344
302949.4008,1028512,14,1.0271,-0.3625,-0.2529,53.5725,-12.3206,-18.0458
302949.4008,1028522,14,1.0068,-0.3376,-0.2419,49.3282,-8.4275,-15.0687
302949.4008,1028532,14,0.9888,-0.3223,-0.2429,42.2290,-6.1221,-11.6489
302949.4008,1028542,14,0.9695,-0.3149,-0.2429,33.5878,-5.5267,-7.9847
302949.4605,1028552,15,0.9570,-0.3169,-0.2388,24.7786,-6.3664,-4.3664
302949.4605,1028562,15,0.9526,-0.3237,-0.2368,16.6260,-7.6031,-0.9466
302949.4605,1028572,15,0.9509,-0.3330,-0.2307,9.5267,-8.2443,2.6412
302949.4605,1028582,15,0.9509,-0.3389,-0.2358,4.2595,-8.2595,6.0153
302949.4605,1028592,15,0.9490,-0.3428,-0.2341,0.6565,-7.5573,8.9618
302949.4605,1028602,15,0.9519,-0.3425,-0.2351,-0.6870,-6.3969,10.8702
302949.4605,1028612,15,0.9543,-0.3396,-0.2397,-0.1985,-4.6565,11.3282
302949.4605,1028622,15,0.9519,-0.3391,-0.2502,1.6336,-1.9542,10.6412
302949.4605,1028632,15,0.9480,-0.3325,-0.2629,4.4885,1.4656,9.1756
302949.4605,1028642,15,0.9421,-0.3276,-0.2700,7.1908,4.5649,7.3282
302949.5803,1028652,16,0.9338,-0.3262,-0.2776,9.5267,6.6107,6.4427
302949.5803,1028662,16,0.9375,-0.3196,-0.2849,11.3740,6.9924,5.9237
302949.5803,1028672,16,0.9451,-0.3210,-0.2925,11.8779,7.1450,5.7405
302949.5803,1028682,16,0.9409,-0.3247,-0.2947,11.4656,7.6794,6.0153
302949.5803,1028692,16,0.9368,-0.3296,-0.3013,10.6565,8.1985,6.7939
302949.5803,1028702,16,0.9407,-0.3335,-0.3091,9.0840,7.9847,8.5191
302949.5803,1028712,16,0.9446,-0.3406,-0.3101,6.9618,7.4198,10.7176
302949.5803,1028722,16,0.9473,-0.3386,-0.3081,5.0687,6.9924,12.9924
302949.5803,1028732,16,0.9458,-0.3367,-0.3130,4.2595,6.5496,15.0076
302949.5803,1028742,16,0.9490,-0.3318,-0.3206,4.3053,6.5191,16.3664
302949.7001,1028752,17,0.9473,-0.3232,-0.3318,5.0992,7.4656,16.8702
302949.7001,1028762,17,0.9377,-0.3181,-0.3354,6.4275,8.6718,16.8397
302949.7001,1028772,17,0.9363,-0.3071,-0.3374,8.0916,9.1298,16.4580
302949.7001,1028782,17,0.9253,-0.2991,-0.3416,9.0992,9.0534,16.0153
302949.7001,1028792,17,0.9167,-0.2996,-0.3440,9.6031,8.7328,15.5267
302949.7001,1028802,17,0.9160,-0.2937,-0.3413,9.9542,8.0305,15.0687
302949.7001,1028812,17,0.9170,-0.2917,-0.3425,10.4122,7.0687,14.6565
302949.7001,1028822,17,0.9158,-0.2900,-0.3459,10.7023,6.3664,14.0763
302949.7001,1028832,17,0.9192,-0.2891,-0.3477,10.9160,5.7557,13.4198
302949.7001,1028842,17,0.9238,-0.2856,-0.3464,10.8702,4.8244,12.9160
302949.7604,1028852,18,0.9292,-0.2866,-0.3506,10.5038,3.9847,12.5954
302949.7604,1028862,18,0.9270,-0.2856,-0.3469,10.0763,3.4656,12.4122
302949.7604,1028872,18,0.9287,-0.2864,-0.3455,9.5573,2.6870,12.2748
302949.7604,1028882,18,0.9287,-0.2856,-0.3403,8.9466,1.9237,12.1832
302949.7604,1028892,18,0.9258,-0.2922,-0.3391,8.3359,1.7710,12.2290
302949.7604,1028902,18,0.9158,-0.2915,-0.3325,8.2901,2.4733,12.5649
302949.7604,1028912,18,0.9089,-0.2869,-0.3276,8.5954,3.5267,12.5191
302949.7604,1028922,18,0.8970,-0.2866,-0.3215,8.2748,3.6947,12.5496
302949.7604,1028932,18,0.8889,-0.2842,-0.3191,8.2595,2.8855,12.4733
302949.7604,1028942,18,0.8799,-0.2791,-0.3167,8.2748,1.5420,12.3664
302949.8806,1028952,19,0.8748,-0.2715,-0.3140,8.0611,0.4885,11.9695
302949.8806,1028962,19,0.8687,-0.2673,-0.3115,7.8779,-0.3664,11.1603
302949.8806,1028972,19,0.8718,-0.2603,-0.3098,8.1374,-1.3282,9.8015
302949.8806,1028982,19,0.8767,-0.2539,-0.3047,8.1832,-2.3664,7.8931
302949.8806,1028992,19,0.8831,-0.2505,-0.3000,8.2443,-3.2214,5.5878
302949.8806,1029002,19,0.8904,-0.2483,-0.2930,8.2290,-3.9084,3.2672
302949.8806,1029012,19,0.9006,-0.2468,-0.2878,7.7710,-4.4885,0.9313
302949.8806,1029022,19,0.9153,-0.2490,-0.2847,6.3359,-4.7786,-1.2977
302949.8806,1029032,19,0.9277,-0.2583,-0.2793,4.0305,-4.4733,-3.2519
302949.8806,1029042,19,0.9346,-0.2742,-0.2786,1.2366,-3.4809,-4.6718
302950.0001,1029052,20,0.9292,-0.2810,-0.2793,-1.0382,-2.5038,-5.1603
302950.0001,1029062,20,0.9285,-0.2900,-0.2810,-2.9618,-2.0611,-4.9924
302950.0001,1029072,20,0.9302,-0.3015,-0.2827,-4.9160,-2.0458,-4.7176
302950.0001,1029082,20,0.9314,-0.3098,-0.2847,-6.5344,-2.0458,-4.4427
302950.0001,1029092,20,0.9358,-0.3164,-0.2854,-7.7252,-1.9237,-4.1679
302950.0001,1029102,20,0.9360,-0.3254,-0.2891,-8.5344,-1.4962,-3.9389
302950.0001,1029112,20,0.9304,-0.3311,-0.2891,-8.7023,-0.8550,-3.7710
302950.0001,1029122,20,0.9346,-0.3333,-0.2954,-8.3053,-0.5649,-3.7557
302950.0001,1029132,20,0.9390,-0.3340,-0.3047,-7.5420,-0.6412,-4.0916
302950.0001,1029142,20,0.9407,-0.3350,-0.3037,-6.4885,-0.7328,-4.5344
302950.0608,1029152,21,0.9399,-0.3354,-0.3057,-5.4504,-0.8550,-4.9771
302950.0608,1029162,21,0.9429,-0.3330,-0.3074,-4.6412,-0.8397,-5.4046
302950.0608,1029172,21,0.9399,-0.3308,-0.3042,-4.2901,-0.8092,-5.7405
302950.0608,1029182,21,0.9387,-0.3303,-0.2974,-4.3817,-0.9466,-5.7863
302950.0608,1029192,21,0.9363,-0.3330,-0.2981,-4.7939,-1.4351,-5.6336
302950.0608,1029202,21,0.9380,-0.3374,-0.2920,-5.2214,-2.1069,-5.2519
302950.0608,1029212,21,0.9412,-0.3394,-0.2942,-5.5725,-2.4122,-4.9618
302950.0608,1029222,21,0.9451,-0.3420,-0.2886,-5.7405,-2.4275,-4.8397
302950.0608,1029232,21,0.9380,-0.3418,-0.2864,-5.6794,-2.0000,-4.5191
302950.0608,1029242,21,0.9404,-0.3452,-0.2825,-5.5267,-1.6336,-4.2443
302950.1811,1029252,22,0.9414,-0.3491,-0.2822,-4.9771,-1.5725,-4.1832
302950.1811,1029262,22,0.9380,-0.3447,-0.2769,-4.2137,-1.3740,-4.1221
302950.1811,1029272,22,0.9399,-0.3406,-0.2754,-3.5573,-1.0229,-4.0763
302950.1811,1029282,22,0.9392,-0.3340,-0.2759,-3.2519,-0.4122,-4.2290
302950.1811,1029292,22,0.9338,-0.3328,-0.2747,-3.2977,0.3206,-4.5649
302950.1811,1029302,22,0.9260,-0.3315,-0.2808,-3.6947,0.6718,-4.9008
302950.1811,1029312,22,0.9275,-0.3342,-0.2834,-4.2748,0.6260,-4.9618
302950.1811,1029322,22,0.9268,-0.3345,-0.2832,-4.8244,0.4733,-4.9160
302950.1811,1029332,22,0.9255,-0.3398,-0.2827,-5.2366,0.1679,-4.9466
302950.1811,1029342,22,0.9302,-0.3386,-0.2866,-5.5115,0.0611,-4.9466
302950.2996,1029352,23,0.9329,-0.3403,-0.2881,-5.7557,0.0763,-4.9618
302950.2996,1029362,23,0.9336,-0.3455,-0.2888,-5.9389,0.2443,-5.0229
302950.2996,1029372,23,0.9355,-0.3479,-0.2920,-6.0763,0.6260,-5.0840
302950.2996,1029382,23,0.9321,-0.3516,-0.2942,-6.0763,1.0840,-5.0229
302950.2996,1029392,23,0.9253,-0.3552,-0.2974,-5.9389,1.2824,-4.8550
302950.2996,1029402,23,0.9265,-0.3547,-0.3069,-5.5267,0.9771,-4.8244
302950.2996,1029412,23,0.9321,-0.3567,-0.3076,-5.0687,0.4580,-4.6870
302950.2996,1029422,23,0.9294,-0.3591,-0.3064,-4.7328,0.2748,-4.3817
302950.2996,1029432,23,0.9250,-0.3604,-0.3091,-4.4275,0.3511,-3.9847
302950.2996,1029442,23,0.9260,-0.3608,-0.3096,-4.1221,0.2595,-3.4198
302950.3608,1029452,24,0.9243,-0.3582,-0.3147,-3.9237,0.0000,-2.8550
302950.3608,1029462,24,0.9243,-0.3567,-0.3196,-3.5878,-0.2748,-2.3511
302950.3608,1029472,24,0.9236,-0.3511,-0.3181,-3.1298,-0.5649,-1.9847
302950.3608,1029482,24,0.9209,-0.3494,-0.3196,-2.5496,-0.9618,-1.7710
302950.3608,1029492,24,0.9163,-0.3445,-0.3169,-1.9389,-1.3435,-1.9389
302950.3608,1029502,24,0.9136,-0.3438,-0.3132,-1.4046,-1.8931,-2.2901
302950.3608,1029512,24,0.9187,-0.3401,-0.3147,-0.6107,-2.5802,-2.5802
302950.3608,1029522,24,0.9185,-0.3416,-0.3135,0.0763,-3.1450,-2.8244
302950.3608,1029532,24,0.9143,-0.3418,-0.3108,0.6565,-3.2824,-3.0534
302950.3608,1029542,24,0.9109,-0.3435,-0.3054,0.9924,-3.3282,-3.1298
302950.4796,1029552,25,0.9170,-0.3440,-0.3015,1.1603,-3.7863,-2.9313
302950.4796,1029562,25,0.9248,-0.3445,-0.2913,1.1756,-4.3206,-2.3817
302950.4796,1029572,25,0.9399,-0.3391,-0.2610,0.5344,-5.2061,-0.4733
302950.4796,1029582,25,0.9609,-0.3213,-0.2266,-1.3130,-7.4198,2.9924
302950.4796,1029592,25,0.9875,-0.3081,-0.2087,-5.5115,-8.4122,6.1374
302950.4796,1029602,25,0.9983,-0.3015,-0.1953,-11.2977,-4.8550,8.4885
302950.4796,1029612,25,0.9973,-0.3020,-0.1919,-17.4504,0.2748,10.4885
302950.4796,1029622,25,0.9888,-0.3142,-0.2109,-23.9847,4.5038,12.9160
302950.4796,1029632,25,0.9629,-0.3318,-0.2471,-28.5649,8.4122,14.3053
302950.4796,1029642,25,0.9351,-0.3503,-0.2795,-29.9389,11.7405,14.1221
302950.6094,1029652,26,0.9165,-0.3638,-0.3052,-28.3969,12.4427,13.3588
302950.6094,1029662,26,0.9043,-0.3699,-0.3259,-24.6718,10.6412,12.0763
302950.6094,1029672,26,0.9016,-0.3738,-0.3367,-19.5725,8.0916,10.2290
302950.6094,1029682,26,0.9041,-0.3718,-0.3438,-13.8321,6.2290,8.0458
302950.6094,1029692,26,0.9065,-0.3616,-0.3491,-8.3817,4.8855,5.8473
302950.6094,1029702,26,0.9053,-0.3574,-0.3479,-3.8168,3.7863,3.9542
302950.6094,1029712,26,0.9031,-0.3513,-0.3477,0.0611,2.5649,2.3359
302950.6094,1029722,26,0.9041,-0.3459,-0.3425,2.9160,0.8702,1.2519
302950.6094,1029732,26,0.9104,-0.3379,-0.3267,4.9160,-1.2824,0.8397
302950.6094,1029742,26,0.9233,-0.3232,-0.3152,5.9237,-3.4351,0.9618
302950.6600,1029752,27,0.9336,-0.3164,-0.3059,6.0458,-4.1527,1.0229
302950.6600,1029762,27,0.9382,-0.3074,-0.2966,5.5115,-3.3588,0.9618
302950.6600,1029772,27,0.9360,-0.2993,-0.2954,4.8397,-1.9389,0.8244
302950.6600,1029782,27,0.9258,-0.2961,-0.2993,3.9847,-0.7023,0.3969
302950.6600,1029792,27,0.9089,-0.2905,-0.3076,3.4046,0.2290,-0.2137
302950.6600,1029802,27,0.8945,-0.2803,-0.3101,3.6489,0.2137,-1.5267
302950.6600,1029812,27,0.8928,-0.2751,-0.3088,4.0000,-1.2366,-2.9313
302950.6600,1029822,27,0.9014,-0.2720,-0.3098,3.8931,-2.9924,-4.0916
302950.6600,1029832,27,0.9082,-0.2693,-0.3057,3.3282,-3.1450,-5.1145
302950.6600,1029842,27,0.8984,-0.2678,-0.3047,2.2901,-1.8168,-5.8168
302950.8381,1029852,28,0.8914,-0.2739,-0.3184,0.5191,-0.9924,-6.0611
302950.8381,1029862,28,0.8870,-0.2800,-0.3298,-1.5420,-0.9466,-6.3206
302950.8381,1029872,28,0.8850,-0.2920,-0.3311,-2.9924,-1.4809,-6.5038
302950.8381,1029882,28,0.8892,-0.2993,-0.3369,-3.7557,-3.0992,-6.3817
302950.8381,1029892,28,0.8994,-0.3096,-0.3374,-4.0305,-5.0382,-6.3206
302950.8381,1029902,28,0.9080,-0.3140,-0.3313,-3.9084,-5.8931,-6.3817
302950.8381,1029912,28,0.9119,-0.3208,-0.3250,-3.9237,-6.3969,-6.5344
302950.8381,1029922,28,0.9226,-0.3245,-0.3171,-4.2290,-6.8855,-6.4427
302950.8381,1029932,28,0.9263,-0.3328,-0.3167,-4.4885,-7.0229,-6.3664
302950.8381,1029942,28,0.9272,-0.3425,-0.3096,-4.5038,-6.4427,-6.4275
302950.8404,1029952,29,0.9299,-0.3477,-0.3076,-4.2137,-6.0153,-6.2595
302950.8404,1029962,29,0.9312,-0.3540,-0.3135,-3.7252,-6.0916,-6.1527
302950.8404,1029972,29,0.9312,-0.3613,-0.3125,-3.0229,-6.3664,-6.1679
302950.8404,1029982,29,0.9314,-0.3623,-0.3096,-2.1832,-6.6565,-6.2290
302950.8404,1029992,29,0.9319,-0.3706,-0.3105,-1.0840,-6.9924,-6.4733
302950.8404,1030002,29,0.9409,-0.3792,-0.3079,0.4275,-7.4198,-6.9313
302950.8404,1030012,29,0.9485,-0.3823,-0.3071,1.9695,-7.7252,-7.0840
302950.8404,1030022,29,0.9517,-0.3792,-0.3091,3.3740,-7.5725,-6.7023
302950.8404,1030032,29,0.9463,-0.3796,-0.3091,4.1527,-6.8244,-6.1832
302950.8404,1030042,29,0.9380,-0.3838,-0.3044,4.1069,-6.4733,-5.6183
302950.9605,1030052,30,0.9275,-0.3843,-0.3083,3.7863,-6.8092,-4.8702
302950.9605,1030062,30,0.9331,-0.4138,-0.3032,3.6336,-7.8931,-4.3664
302950.9605,1030072,30,0.9443,-0.4524,-0.2971,4.1679,-8.9924,-4.4275
302950.9605,1030082,30,0.9526,-0.4819,-0.2888,6.3511,-9.0076,-4.0153
302950.9605,1030092,30,0.9585,-0.4919,-0.2834,9.4046,-8.6260,-2.1527
302950.9605,1030102,30,0.9587,-0.4907,-0.2766,11.7710,-8.0305,0.5344
302950.9605,1030112,30,0.9578,-0.5012,-0.2751,12.2595,-7.1756,3.1450
302950.9605,1030122,30,0.9575,-0.5405,-0.2754,11.2672,-6.0305,4.6870
302950.9605,1030132,30,0.9587,-0.5852,-0.2725,11.6947,-3.4046,5.6336
302950.9605,1030142,30,0.9524,-0.6106,-0.2610,14.8855,-0.9160,6.6107
302951.0799,1030152,31,0.9697,-0.6516,-0.2302,19.2824,-1.0076,7.7405
302951.0799,1030162,31,1.0178,-0.7134,-0.1794,23.3435,-0.9618,10.5954
302951.0799,1030172,31,1.0596,-0.7454,-0.1050,29.3740,6.0305,17.4504
302951.0799,1030182,31,1.0676,-0.7903,-0.0684,36.7786,16.6107,25.6641
302951.0799,1030192,31,1.0386,-0.8237,-0.0674,49.5878,27.4809,28.5038
302951.0799,1030202,31,0.9822,-0.8479,-0.0798,65.7099,36.6718,26.9313
302951.0799,1030212,31,0.9485,-0.8818,-0.0962,82.1832,41.0840,21.3588
302951.0799,1030222,31,0.9426,-0.8838,-0.0764,103.7710,43.3588,12.4733
302951.0799,1030232,31,0.9587,-0.8499,-0.0408,126.9466,41.9847,5.8015
302951.0799,1030242,31,1.0156,-0.8135,0.0093,142.1832,39.1145,0.5344
302951.2007,1030252,32,1.1021,-0.8508,0.0801,142.5191,40.0000,-0.6718
302951.2007,1030262,32,1.2234,-0.9338,0.1907,131.6947,47.9084,5.6183
302951.2007,1030272,32,1.3450,-1.0322,0.2935,116.6107,67.8321,19.9847
302951.2007,1030282,32,1.4243,-1.1636,0.3320,104.7939,96.8397,37.2061
302951.2007,1030292,32,1.4438,-1.2979,0.3572,103.5267,129.5878,50.2137
302951.2007,1030302,32,1.4451,-1.4067,0.3916,120.5649,161.9542,61.3588
302951.2007,1030312,32,1.4392,-1.4299,0.4180,160.9618,190.9160,69.0992
302951.2007,1030322,32,1.4248,-1.3215,0.4563,203.8168,209.4351,67.8321
302951.2007,1030332,32,1.4331,-1.2004,0.5181,225.1756,214.5038,70.6260
302951.2007,1030342,32,1.4651,-1.1152,0.5801,224.2443,215.7710,79.6031
302951.2608,1030352,33,1.4819,-1.0215,0.6594,217.4198,222.9618,89.5573
302951.2608,1030362,33,1.5193,-0.9548,0.7397,205.6183,239.7252,100.6718
302951.2608,1030372,33,1.5242,-0.9480,0.7351,191.8931,265.6641,112.5038
302951.2608,1030382,33,1.4670,-0.9490,0.7078,187.0687,293.8626,117.8473
302951.2608,1030392,33,1.4575,-0.9751,0.7280,189.2214,312.1679,116.8702
302951.2608,1030402,33,1.4246,-0.9658,0.7048,193.8626,330.5191,118.9466
302951.2608,1030412,33,1.2825,-0.8997,0.6604,200.9160,342.1832,120.9466
302951.2608,1030422,33,1.1716,-0.8000,0.6326,203.4962,332.6107,121.8015
302951.2608,1030432,33,1.1243,-0.6890,0.6487,199.4962,309.1298,121.4656
302951.2608,1030442,33,1.1101,-0.6282,0.6875,189.3588,286.7328,120.3053
302951.3811,1030452,34,1.1304,-0.5691,0.7629,181.9237,273.9389,116.1374
302951.3811,1030462,34,1.1370,-0.5208,0.7910,174.0305,276.2137,109.7099
302951.3811,1030472,34,1.0476,-0.4905,0.7588,160.2137,287.6183,105.7405
302951.3811,1030482,34,0.9617,-0.5076,0.7461,146.2290,289.5267,102.4275
302951.3811,1030492,34,0.9563,-0.5286,0.7527,141.2061,284.3206,99.4656
302951.3811,1030502,34,0.9192,-0.5410,0.7559,140.6718,283.7557,95.2824
302951.3811,1030512,34,0.8320,-0.5430,0.7300,135.7405,279.8168,91.9389
302951.3811,1030522,34,0.7441,-0.5154,0.7197,130.7023,252.0763,91.0687
302951.3811,1030532,34,0.7339,-0.4216,0.7473,134.6107,242.3817,90.8092
302951.3811,1030542,34,0.7004,-0.3677,0.7405,130.1221,239.1756,88.1374
302951.5005,1030552,35,0.6602,-0.3457,0.7520,125.2214,237.5573,83.0382
302951.5005,1030562,35,0.6333,-0.3149,0.7410,125.5573,237.2214,77.7557
302951.5005,1030572,35,0.5403,-0.2480,0.7046,126.0763,238.9466,72.3969
302951.5005,1030582,35,0.4458,-0.2422,0.6394,118.7481,236.9008,68.1527
302951.5005,1030592,35,0.3584,-0.2419,0.5432,114.5496,233.3435,64.6107
302951.5005,1030602,35,0.2390,-0.2175,0.4966,114.4427,226.5344,61.1450
302951.5005,1030612,35,0.2341,-0.1738,0.4888,112.7634,211.4962,60.1679
302951.5005,1030622,35,0.1880,-0.1165,0.4963,110.4275,197.5725,59.8473
302951.5005,1030632,35,0.1936,-0.0532,0.5312,109.3435,182.3206,56.9313
302951.5005,1030642,35,0.2195,-0.0244,0.5662,107.6641,173.2061,51.5878
302951.5607,1030652,36,0.1846,0.0034,0.5388,108.5802,172.6260,43.9237
302951.5607,1030662,36,0.1084,0.0554,0.4924,107.8015,167.4046,33.6031
302951.5607,1030672,36,0.0759,0.0872,0.4470,101.4198,153.1756,24.5344
302951.5607,1030682,36,0.0706,0.0701,0.4121,96.9008,139.7710,15.1603
302951.5607,1030692,36,0.0154,0.0601,0.3770,99.3282,128.8092,3.2977
302951.5607,1030702,36,0.0027,0.0051,0.3433,102.5496,113.4504,-7.4198
302951.5607,1030712,36,0.0391,-0.0430,0.3396,107.1298,97.7252,-14.8397
302951.5607,1030722,36,0.0146,-0.0200,0.3738,111.9695,87.3740,-16.5191
302951.5607,1030732,36,0.0396,0.0369,0.3965,108.0611,75.3282,-12.7786
302951.5607,1030742,36,0.0100,0.0999,0.3872,92.7481,66.5954,-6.7939
302951.6808,1030752,37,-0.0632,0.1406,0.3491,75.5267,59.5725,-5.3282
302951.6808,1030762,37,-0.1118,0.1531,0.2935,60.6260,48.0153,-8.3053
302951.6808,1030772,37,-0.1550,0.1680,0.2600,46.8855,31.3130,-13.1908
302951.6808,1030782,37,-0.1443,0.1331,0.2600,34.9160,11.4198,-16.7328
302951.6808,1030792,37,-0.0959,0.1189,0.3220,36.7176,-2.0305,-21.3588
302951.6808,1030802,37,-0.0608,0.1401,0.4067,44.6260,-4.6870,-27.9237
302951.6808,1030812,37,-0.0588,0.1396,0.4343,44.1221,-0.1374,-33.7252
302951.6808,1030822,37,-0.1011,0.1099,0.4226,36.8702,5.1603,-38.7176
302951.6808,1030832,37,-0.1262,0.0320,0.4006,25.9695,2.1221,-40.9618
302951.6808,1030842,37,-0.1223,-0.0500,0.4014,16.4580,-5.9389,-40.1832
302951.8009,1030852,38,-0.1123,-0.1016,0.4143,9.6031,-12.5191,-36.0000
302951.8009,1030862,38,-0.1433,-0.1487,0.4065,4.0000,-19.3435,-30.7176
302951.8009,1030872,38,-0.1499,-0.2043,0.4084,0.9466,-28.5802,-25.9084
302951.8009,1030882,38,-0.1458,-0.2405,0.4458,1.1298,-39.3435,-21.2366
302951.8009,1030892,38,-0.1499,-0.2874,0.4939,1.5573,-48.5191,-15.6794
302951.8009,1030902,38,-0.1555,-0.3191,0.5476,2.9466,-53.0534,-8.8550
302951.8009,1030912,38,-0.1416,-0.3528,0.6184,5.5725,-53.6031,0.2443
302951.8009,1030922,38,-0.1902,-0.3464,0.6672,10.7939,-50.5344,8.9008
302951.8009,1030932,38,-0.2358,-0.3291,0.7092,13.7863,-51.4656,16.8702
302951.8009,1030942,38,-0.2722,-0.3320,0.7610,12.3817,-52.9313,24.1374
302951.8606,1030952,39,-0.3462,-0.3513,0.7883,9.3588,-53.6489,28.9618
302951.8606,1030962,39,-0.4028,-0.3555,0.8279,3.9847,-58.5802,33.4351
302951.8606,1030972,39,-0.3940,-0.4028,0.8816,-6.5954,-66.0458,38.9008
302951.8606,1030982,39,-0.4785,-0.4380,0.9629,-14.1832,-68.6107,45.1450
302951.8606,1030992,39,-0.4758,-0.4360,1.1040,-14.2290,-71.5267,51.0840
302951.8606,1031002,39,-0.4866,-0.3826,1.2361,-10.7481,-70.1985,56.8397
302951.8606,1031012,39,-0.5303,-0.3469,1.3364,-12.8855,-63.4656,60.9313
302951.8606,1031022,39,-0.5901,-0.3289,1.4092,-16.4733,-54.9313,63.6489
302951.8606,1031032,39,-0.6511,-0.3079,1.4680,-16.8397,-45.5725,63.1603
302951.8606,1031042,39,-0.7109,-0.2961,1.5110,-18.5954,-37.9389,62.1527
302951.9807,1031052,40,-0.7419,-0.2966,1.5601,-23.1908,-32.7023,63.2061
302951.9807,1031062,40,-0.7800,-0.2637,1.6287,-27.8473,-26.4275,66.8702
302951.9807,1031072,40,-0.7588,-0.2080,1.7053,-32.3511,-22.5038,71.0840
302951.9807,1031082,40,-0.7214,-0.1704,1.7737,-37.1450,-15.2061,74.0763
302951.9807,1031092,40,-0.7146,-0.1145,1.8098,-39.4809,-4.0611,76.3206
302951.9807,1031102,40,-0.7063,-0.0645,1.8171,-40.0611,7.1603,77.0534
302951.9807,1031112,40,-0.7024,-0.0496,1.8013,-40.6718,18.1832,76.1069
302951.9807,1031122,40,-0.7122,-0.0151,1.7708,-40.8397,28.1221,75.5267
302951.9807,1031132,40,-0.6917,0.0330,1.7463,-40.4122,34.6260,76.4122
302951.9807,1031142,40,-0.6602,0.0728,1.7507,-38.7023,41.9389,76.8702
302952.1004,1031152,41,-0.6418,0.1411,1.7571,-34.1985,52.4122,77.2824
302952.1004,1031162,41,-0.6460,0.2241,1.7305,-29.4046,62.0000,77.6336
302952.1004,1031172,41,-0.6277,0.3018,1.7153,-24.5954,71.4809,77.2977
302952.1004,1031182,41,-0.6313,0.3669,1.6804,-19.4198,82.4122,75.1756
302952.1004,1031192,41,-0.6445,0.4089,1.6128,-16.2137,91.8473,72.0305
302952.1004,1031202,41,-0.6682,0.4343,1.5432,-13.8473,96.9771,68.8092
302952.1004,1031212,41,-0.6365,0.4753,1.5139,-8.4275,97.9084,67.2061
302952.1004,1031222,41,-0.5774,0.5432,1.5063,-0.9160,96.4275,66.0458
302952.1004,1031232,41,-0.5247,0.6167,1.5168,5.4962,96.1832,63.3740
302952.1004,1031242,41,-0.4736,0.6848,1.5276,9.3893,96.7328,58.9618
302952.1598,1031252,42,-0.4282,0.7390,1.5105,10.7481,101.1603,53.4809
302952.1598,1031262,42,-0.3911,0.7822,1.4797,10.0611,107.5878,47.4504
302952.1598,1031272,42,-0.3586,0.8086,1.4290,8.6870,112.9160,40.4427
302952.1598,1031282,42,-0.3359,0.8306,1.3704,8.8550,118.1985,32.9008
302952.1598,1031292,42,-0.3240,0.8469,1.2957,10.1374,122.0305,24.8702
302952.1598,1031302,42,-0.3220,0.8276,1.2102,12.3817,125.0992,16.1832
302952.1598,1031312,42,-0.3088,0.8184,1.1384,16.0763,126.9618,8.3969
302952.1598,1031322,42,-0.2830,0.8164,1.0903,21.5878,126.0763,1.7863
302952.1598,1031332,42,-0.2590,0.7993,1.0237,27.1908,125.9847,-5.4656
302952.1598,1031342,42,-0.2515,0.7839,0.9714,32.2443,126.3664,-12.0611
302952.3405,1031352,43,-0.2061,0.7563,0.9277,36.9618,123.7863,-17.8473
302952.3405,1031362,43,-0.1855,0.7288,0.8904,42.0763,123.7557,-23.8779
302952.3405,1031372,43,-0.1794,0.7031,0.8342,47.0687,123.7405,-28.6870
302952.3405,1031382,43,-0.1882,0.6782,0.7590,50.9008,122.1679,-32.2748
302952.3405,1031392,43,-0.2087,0.6492,0.6858,54.4733,119.2061,-35.5573
302952.3405,1031402,43,-0.2161,0.6157,0.6248,58.3969,114.3053,-38.7939
302952.3405,1031412,43,-0.2200,0.5925,0.5840,64.6260,110.1069,-41.7099
302952.3405,1031422,43,-0.2156,0.5769,0.5520,71.7710,105.9542,-44.0763
302952.3405,1031432,43,-0.2095,0.5449,0.5217,77.5115,102.0153,-46.0763
302952.3405,1031442,43,-0.2122,0.5225,0.4939,85.3282,98.0763,-48.4733
302952.3423,1031452,44,-0.1958,0.4880,0.4597,92.7023,92.7023,-50.9771
302952.3423,1031462,44,-0.2178,0.4502,0.4167,98.2137,88.6412,-53.5267
302952.3423,1031472,44,-0.2258,0.3733,0.3828,102.1985,83.0534,-55.0687
302952.3423,1031482,44,-0.2402,0.3169,0.3625,108.8092,77.8931,-55.0076
302952.3423,1031492,44,-0.2510,0.2839,0.3438,116.2748,71.6183,-52.7786
302952.3423,1031502,44,-0.2666,0.2610,0.3118,119.4046,66.8550,-49.6031
302952.3423,1031512,44,-0.2737,0.2517,0.2925,120.9008,62.5954,-46.3053
302952.3423,1031522,44,-0.2712,0.2749,0.2729,123.1450,56.2901,-43.1298
302952.3423,1031532,44,-0.2512,0.2905,0.2727,124.9160,50.0458,-42.8397
302952.3423,1031542,44,-0.2512,0.3264,0.2708,127.0382,45.2061,-45.9695
302952.4590,1031552,45,-0.2554,0.3486,0.2563,125.5267,40.9771,-50.8092
302952.4590,1031562,45,-0.2822,0.3308,0.2112,118.8244,38.2901,-57.4962
302952.4590,1031572,45,-0.3130,0.2959,0.1582,109.9237,35.3130,-63.9389
302952.4590,1031582,45,-0.3284,0.2415,0.1116,101.8473,27.7710,-69.0382
302952.4590,1031592,45,-0.3398,0.1780,0.0715,97.2061,20.0458,-74.0153
302952.4590,1031602,45,-0.3401,0.1252,0.0588,96.0916,15.2061,-76.5954
302952.4590,1031612,45,-0.3320,0.1140,0.0579,96.7023,9.5115,-76.5802
302952.4590,1031622,45,-0.3350,0.1377,0.0669,97.0840,2.1679,-75.8321
302952.4590,1031632,45,-0.3220,0.1560,0.0852,97.3893,-6.5496,-78.4885
302952.4590,1031642,45,-0.3242,0.1707,0.1301,95.8168,-12.4427,-83.9237
302952.5811,1031652,46,-0.3013,0.1641,0.1616,90.2290,-18.9466,-88.9160
302952.5811,1031662,46,-0.2427,0.1074,0.1392,81.9847,-23.2977,-93.9542
302952.5811,1031672,46,-0.3357,0.0374,0.0864,74.2748,-19.7710,-95.8626
302952.5811,1031682,46,-0.3428,-0.0688,0.0574,68.0916,-21.2824,-100.0916
302952.5811,1031692,46,-0.2917,-0.1443,0.0305,69.1756,-30.1069,-101.4656
302952.5811,1031702,46,-0.2556,-0.1973,0.0420,71.1298,-36.3053,-100.3053
302952.5811,1031712,46,-0.1953,-0.2251,0.0532,71.4962,-45.9084,-95.5267
302952.5811,1031722,46,-0.1565,-0.2271,0.0640,70.8855,-52.5344,-89.3435
302952.5811,1031732,46,-0.2451,-0.2102,0.0603,68.3664,-57.0229,-85.6336
302952.5811,1031742,46,-0.2515,-0.2715,0.0073,60.2443,-63.1145,-84.5496
302952.7005,1031752,47,-0.3137,-0.3423,-0.0486,54.9466,-66.6870,-83.8626
302952.7005,1031762,47,-0.3833,-0.4495,-0.1226,50.7939,-75.4656,-81.7863
302952.7005,1031772,47,-0.4451,-0.5442,-0.1323,49.3282,-88.3511,-75.0076
302952.7005,1031782,47,-0.3579,-0.5342,-0.0020,53.0687,-106.6107,-62.9313
302952.7005,1031792,47,-0.2476,-0.4814,0.1726,57.7099,-120.3359,-54.3359
302952.7005,1031802,47,-0.2002,-0.4009,0.3477,56.0000,-126.0000,-49.1450
302952.7005,1031812,47,-0.1506,-0.3596,0.4863,45.9389,-131.2061,-45.2061
302952.7005,1031822,47,-0.1196,-0.3765,0.5720,34.4122,-130.1527,-45.6183
302952.7005,1031832,47,-0.2236,-0.4805,0.5359,24.1679,-122.6718,-50.3969
302952.7005,1031842,47,-0.3262,-0.6528,0.4473,13.4046,-114.9160,-52.2137
302952.7605,1031852,48,-0.4128,-0.7466,0.4026,12.3664,-115.2672,-46.9160
302952.7605,1031862,48,-0.4084,-0.7434,0.4104,17.3130,-128.1221,-37.3893
302952.7605,1031872,48,-0.3486,-0.7085,0.4861,19.2977,-140.6260,-28.8397
302952.7605,1031882,48,-0.4268,-0.6504,0.5928,15.7710,-145.6947,-23.9389
302952.7605,1031892,48,-0.3545,-0.6396,0.6812,11.4504,-155.6947,-15.9084
302952.7605,1031902,48,-0.3186,-0.6519,0.8176,8.9771,-157.1908,-15.5573
302952.7605,1031912,48,-0.3315,-0.7297,0.8674,4.3359,-158.3511,-13.9084
302952.7605,1031922,48,-0.3687,-0.7820,0.8801,0.5038,-152.5954,-9.4656
302952.7605,1031932,48,-0.3401,-0.7832,0.9497,0.0763,-152.8550,-0.6718
302952.7605,1031942,48,-0.2866,-0.7603,1.0007,-1.9542,-152.8244,9.2672
302952.8802,1031952,49,-0.2649,-0.7043,1.0525,-5.5267,-149.0687,17.7099
302952.8802,1031962,49,-0.2402,-0.6348,1.0874,-10.0916,-149.0840,25.2519
302952.8802,1031972,49,-0.2705,-0.5713,1.1121,-16.0916,-148.7176,29.8321
302952.8802,1031982,49,-0.3489,-0.5532,1.1145,-20.9924,-146.6260,32.2748
302952.8802,1031992,49,-0.4136,-0.5864,1.1179,-22.9771,-143.2214,32.9466
302952.8802,1032002,49,-0.4170,-0.5930,1.1443,-22.5496,-140.1679,36.4733
302952.8802,1032012,49,-0.4177,-0.5696,1.1611,-22.8397,-139.6336,41.5267
302952.8802,1032022,49,-0.3533,-0.5393,1.2178,-25.5725,-142.7634,44.9160
302952.8802,1032032,49,-0.3389,-0.5264,1.2644,-32.3053,-143.8321,48.4427
302952.8802,1032042,49,-0.3699,-0.5459,1.2837,-40.4275,-141.0687,52.2748
302952.9993,1032052,50,-0.4373,-0.5852,1.3027,-45.4046,-139.2519,55.7710
302952.9993,1032062,50,-0.4211,-0.6145,1.3689,-44.4885,-141.0229,61.4504
302952.9993,1032072,50,-0.3938,-0.6003,1.4587,-36.9008,-139.8779,67.7252
302952.9993,1032082,50,-0.3677,-0.5464,1.5100,-30.1679,-137.2061,73.5420
302952.9993,1032092,50,-0.3557,-0.5205,1.5105,-30.3359,-132.6870,79.0076
302952.9993,1032102,50,-0.3284,-0.5220,1.5120,-33.6794,-128.4580,81.7405
302952.9993,1032112,50,-0.2983,-0.5229,1.5627,-38.4580,-125.7252,85.6641
302952.9993,1032122,50,-0.2991,-0.5303,1.6182,-43.4962,-120.6107,92.9160
302952.9993,1032132,50,-0.2878,-0.5029,1.6655,-42.6870,-113.5725,101.0534
302952.9993,1032142,50,-0.2817,-0.4365,1.7183,-37.8626,-106.4275,107.4962
302953.0601,1032152,51,-0.3162,-0.3782,1.7070,-34.1069,-96.9771,111.9695
302953.0601,1032162,51,-0.3542,-0.3369,1.6653,-32.2137,-86.9160,113.4504
302953.0601,1032172,51,-0.3865,-0.3103,1.6357,-33.3282,-81.4046,114.7023
302953.0601,1032182,51,-0.3679,-0.2944,1.6367,-36.3053,-79.9695,117.4046
302953.0601,1032192,51,-0.3264,-0.2959,1.6760,-37.8168,-77.7710,117.9084
302953.0601,1032202,51,-0.2983,-0.2788,1.7434,-37.7252,-74.1832,118.2595
302953.0601,1032212,51,-0.2686,-0.2590,1.8069,-39.0992,-68.3664,121.3130
302953.0601,1032222,51,-0.2786,-0.2292,1.8657,-40.7939,-56.3969,124.3359
302953.0601,1032232,51,-0.2761,-0.1851,1.9026,-40.1221,-45.0076,127.4809
302953.0601,1032242,51,-0.2939,-0.1174,1.9124,-38.5649,-33.4809,129.2519
302953.1795,1032252,52,-0.3279,-0.0793,1.9070,-38.4275,-21.6183,128.1221
302953.1795,1032262,52,-0.3530,-0.0369,1.9055,-37.9847,-13.0382,126.1069
302953.1795,1032272,52,-0.3557,0.0134,1.9197,-38.6718,-8.0305,124.0458
302953.1795,1032282,52,-0.3296,0.0674,1.9578,-41.8168,-3.7405,121.9695
302953.1795,1032292,52,-0.2795,0.1260,2.0039,-44.8397,2.8397,119.5878
302953.1795,1032302,52,-0.2634,0.1782,2.0115,-47.3740,14.0153,115.1908
302953.1795,1032312,52,-0.2698,0.2051,1.9797,-50.4885,26.6260,109.0840
302953.1795,1032322,52,-0.2493,0.1733,1.9446,-52.7176,37.0687,101.2366
302953.1795,1032332,52,-0.2385,0.1155,1.9148,-52.7634,46.7939,93.4809
302953.1795,1032342,52,-0.2412,0.0708,1.8650,-52.0611,56.2290,90.1374
302953.2999,1032352,53,-0.2576,0.0508,1.8174,-51.1908,64.2595,90.3053
302953.2999,1032362,53,-0.2563,0.0537,1.7751,-48.1374,68.9313,92.1374
302953.2999,1032372,53,-0.2383,0.0752,1.7563,-41.6489,73.1450,93.8779
302953.2999,1032382,53,-0.2307,0.1226,1.7361,-34.0305,78.4122,95.3435
302953.2999,1032392,53,-0.2231,0.1807,1.7124,-27.5115,83.6031,96.2137
302953.2999,1032402,53,-0.2100,0.2441,1.6875,-21.8015,88.6565,95.1450
302953.2999,1032412,53,-0.1995,0.3220,1.6709,-15.6641,93.5115,91.9542
302953.2999,1032422,53,-0.1882,0.3962,1.6448,-11.8931,97.7557,86.8244
302953.2999,1032432,53,-0.1726,0.4233,1.5916,-12.3359,102.5038,79.7863
302953.2999,1032442,53,-0.1587,0.4324,1.5474,-12.4580,106.7023,72.1069
302953.3595,1032452,54,-0.1235,0.4272,1.5054,-12.3206,109.7557,65.6336
302953.3595,1032462,54,-0.1013,0.4170,1.4573,-11.6489,114.0458,60.8855
302953.3595,1032472,54,-0.0991,0.4265,1.3879,-9.3588,118.5038,58.8092
302953.3595,1032482,54,-0.1228,0.4473,1.3018,-6.0916,120.3053,57.6947
302953.3595,1032492,54,-0.1387,0.4724,1.2378,-0.8855,119.0992,56.3511
302953.3595,1032502,54,-0.1299,0.4680,1.1787,8.0153,117.3282,52.2443
302953.3595,1032512,54,-0.1316,0.4807,1.1711,20.5191,116.7939,45.9237
302953.3595,1032522,54,-0.1143,0.4827,1.1460,30.9618,114.0611,40.2901
302953.3595,1032532,54,-0.1221,0.4619,1.1277,38.5954,115.0076,34.2137
302953.3595,1032542,54,-0.1230,0.4194,1.1111,45.3588,116.1679,28.3359
302953.4805,1032552,55,-0.1289,0.3965,1.0901,50.8550,116.8550,24.6412
302953.4805,1032562,55,-0.1316,0.3945,1.0764,55.9237,116.2901,22.9313
302953.4805,1032572,55,-0.1230,0.4006,1.0576,60.4885,115.0382,21.3130
302953.4805,1032582,55,-0.1353,0.4011,1.0242,64.5802,115.4198,18.8702
302953.4805,1032592,55,-0.1523,0.3811,0.9634,68.6107,116.3664,14.9008
302953.4805,1032602,55,-0.1733,0.3416,0.9016,72.6260,116.8244,10.5344
302953.4805,1032612,55,-0.1965,0.3494,0.8638,77.7099,115.7099,7.8015
302953.4805,1032622,55,-0.1980,0.3528,0.8235,80.5954,112.3053,6.1374
302953.4805,1032632,55,-0.1997,0.3569,0.8110,83.5115,108.7786,2.0458
302953.4805,1032642,55,-0.1855,0.3582,0.8110,86.3664,106.5649,-3.1450
302953.6020,1032652,56,-0.1792,0.3386,0.7935,87.2366,106.5954,-8.1679
302953.6020,1032662,56,-0.1907,0.2976,0.7380,86.2748,107.2366,-12.6718
302953.6020,1032672,56,-0.2144,0.2659,0.6870,86.3206,106.2595,-15.7099
302953.6020,1032682,56,-0.2122,0.2273,0.6514,87.4962,104.6565,-17.0840
302953.6020,1032692,56,-0.2231,0.2148,0.6191,91.4504,103.9695,-17.4809
302953.6020,1032702,56,-0.2322,0.2134,0.5854,95.8626,101.0382,-17.6794
302953.6020,1032712,56,-0.2263,0.2461,0.5615,100.5954,96.1374,-17.4046
302953.6020,1032722,56,-0.2156,0.2988,0.5391,103.7099,90.5496,-18.8702
302953.6020,1032732,56,-0.2192,0.3262,0.5078,101.7710,87.1450,-23.1908
302953.6020,1032742,56,-0.2153,0.3223,0.4573,96.6870,84.7634,-28.6260
302953.6603,1032752,57,-0.2253,0.2859,0.3904,91.4962,84.2595,-33.8473
302953.6603,1032762,57,-0.2488,0.2764,0.3379,90.4885,83.4504,-38.4427
302953.6603,1032772,57,-0.2639,0.2864,0.2910,90.2901,79.5115,-43.5878
302953.6603,1032782,57,-0.2964,0.2781,0.2397,86.7023,75.2672,-49.5573
302953.6603,1032792,57,-0.3184,0.2549,0.1980,82.5649,69.9847,-52.7481
302953.6603,1032802,57,-0.3604,0.2695,0.1838,82.5649,63.3893,-54.1985
302953.6603,1032812,57,-0.3784,0.2734,0.1648,81.6183,54.1374,-58.5802
302953.6603,1032822,57,-0.3669,0.2292,0.1663,78.8550,47.0229,-64.7634
302953.6603,1032832,57,-0.3428,0.1846,0.1680,79.2977,41.4198,-69.5420
302953.6603,1032842,57,-0.3542,0.1599,0.1472,79.4046,36.6870,-73.3588
302953.7809,1032852,58,-0.3562,0.1016,0.1213,75.8626,29.7252,-75.7099
302953.7809,1032862,58,-0.3599,0.0657,0.1289,73.9695,22.3359,-77.6031
302953.7809,1032872,58,-0.3521,0.0393,0.1428,71.6489,15.6336,-77.7863
302953.7809,1032882,58,-0.3818,0.0022,0.1477,68.5649,10.0763,-76.3969
302953.7809,1032892,58,-0.3882,-0.0449,0.1431,67.8015,5.6183,-75.7710
302953.7809,1032902,58,-0.3909,-0.0713,0.1721,68.8397,1.2061,-73.9695
302953.7809,1032912,58,-0.3740,-0.0586,0.1733,72.2443,-5.8779,-70.6565
302953.7809,1032922,58,-0.4092,-0.0540,0.1519,75.1298,-8.2595,-69.6183
302953.7809,1032932,58,-0.4368,-0.0374,0.1318,74.6565,-10.4427,-69.7557
302953.7809,1032942,58,-0.4597,-0.0466,0.1287,71.7252,-18.2137,-67.4351
302953.9000,1032952,59,-0.4258,-0.0427,0.1467,71.1450,-25.7710,-67.0229
302953.9000,1032962,59,-0.4353,-0.0520,0.1443,69.5573,-30.8702,-66.7328
302953.9000,1032972,59,-0.4421,-0.0852,0.1416,67.8931,-35.3893,-66.7939
302953.9000,1032982,59,-0.4258,-0.1201,0.1694,67.4962,-40.6412,-67.6641
302953.9000,1032992,59,-0.4434,-0.1877,0.1733,64.3817,-43.1145,-66.4427
302953.9000,1033002,59,-0.4517,-0.2375,0.1792,62.4122,-44.3664,-63.3130
302953.9000,1033012,59,-0.4575,-0.2437,0.1860,63.4656,-49.4962,-58.4427
302953.9000,1033022,59,-0.4531,-0.2405,0.1951,64.5038,-57.4962,-53.4962
302953.9000,1033032,59,-0.4343,-0.2056,0.2537,66.9160,-66.0000,-50.7939
302953.9000,1033042,59,-0.4614,-0.1699,0.2866,67.0534,-74.6107,-49.5573
302953.9617,1033052,60,-0.3660,-0.1860,0.3164,64.0611,-80.0611,-49.0992
302953.9617,1033062,60,-0.4539,-0.2109,0.3662,62.7023,-79.4809,-51.0229
302953.9617,1033072,60,-0.4690,-0.2571,0.3835,57.6336,-83.2366,-53.0229
302953.9617,1033082,60,-0.4675,-0.3081,0.4031,52.1679,-85.3130,-53.9542
302953.9617,1033092,60,-0.3931,-0.3352,0.4495,50.7176,-92.0305,-52.0153
302953.9617,1033102,60,-0.3940,-0.3259,0.5142,46.5802,-96.0916,-48.4427
302953.9617,1033112,60,-0.3877,-0.3311,0.5735,39.3130,-98.3053,-46.2595
302953.9617,1033122,60,-0.4377,-0.3677,0.5652,33.4962,-96.3359,-46.8550
302953.9617,1033132,60,-0.4607,-0.4072,0.5491,29.1603,-95.6641,-47.8779
302953.9617,1033142,60,-0.4753,-0.4673,0.5320,23.7863,-99.3588,-46.9771
302954.0874,1033152,61,-0.4443,-0.5198,0.5576,21.7557,-104.7786,-45.3893
302954.0874,1033162,61,-0.4124,-0.5452,0.5942,21.4504,-110.5954,-43.7405
302954.0874,1033172,61,-0.4468,-0.6243,0.5679,17.8321,-113.7099,-41.0229
302954.0874,1033182,61,-0.4651,-0.6726,0.5703,16.2137,-116.6107,-36.0000
302954.0874,1033192,61,-0.4165,-0.6509,0.6663,16.5496,-124.6565,-27.4962
302954.0874,1033202,61,-0.3369,-0.5701,0.7871,14.7481,-129.8779,-18.3053
302954.0874,1033212,61,-0.2563,-0.4666,0.9026,10.4580,-130.5954,-14.2443
302954.0874,1033222,61,-0.2852,-0.5107,0.8831,0.2901,-126.2443,-15.0992
302954.0874,1033232,61,-0.3782,-0.5876,0.8435,-7.7710,-115.9084,-16.4580
302954.0874,1033242,61,-0.4307,-0.6575,0.8301,-12.0611,-116.5191,-13.6031
302954.2013,1033252,62,-0.4426,-0.7180,0.8281,-14.1221,-118.9466,-7.8473
302954.2013,1033262,62,-0.4038,-0.7114,0.8721,-13.0534,-119.9389,-1.3435
302954.2013,1033272,62,-0.3748,-0.6875,0.9141,-13.5420,-121.9237,7.0534
302954.2013,1033282,62,-0.3726,-0.6338,0.9663,-14.0916,-121.4046,13.4656
302954.2013,1033292,62,-0.3740,-0.5425,1.0383,-16.0611,-124.1527,17.0687
302954.2013,1033302,62,-0.4048,-0.5400,1.0679,-23.0687,-125.2672,18.4580
302954.2013,1033312,62,-0.3804,-0.5549,1.1262,-29.0840,-122.3053,19.0229
302954.2013,1033322,62,-0.3538,-0.5764,1.1560,-33.9542,-119.4504,20.8855
302954.2013,1033332,62,-0.3713,-0.6440,1.1243,-40.1069,-115.0687,22.0305
302954.2013,1033342,62,-0.3936,-0.6960,1.1118,-44.3817,-112.0305,25.0076
302954.2594,1033352,63,-0.4080,-0.7273,1.1194,-46.1679,-112.7786,32.4733
302954.2594,1033362,63,-0.4182,-0.7227,1.1233,-46.6870,-112.9771,42.2901
302954.2594,1033372,63,-0.4285,-0.6821,1.1602,-46.5496,-115.8473,51.0534
302954.2594,1033382,63,-0.4026,-0.6792,1.1973,-46.5954,-120.3206,58.2137
302954.2594,1033392,63,-0.4050,-0.6458,1.2893,-42.6718,-119.9084,63.6336
302954.2594,1033402,63,-0.4089,-0.5806,1.3872,-40.1069,-118.5649,70.0458
302954.2594,1033412,63,-0.4241,-0.5579,1.4290,-41.7557,-114.0611,75.1908
302954.2594,1033422,63,-0.4360,-0.5520,1.4548,-44.1679,-108.8244,78.1679
302954.2594,1033432,63,-0.4216,-0.5701,1.4719,-48.0611,-105.4656,82.3053
302954.2594,1033442,63,-0.4309,-0.6111,1.4919,-49.4809,-100.2290,87.9237
302954.4389,1033452,64,-0.4277,-0.6050,1.5645,-45.7405,-97.3740,95.4198
302954.4389,1033462,64,-0.3982,-0.5625,1.6616,-40.2443,-95.3740,105.3130
302954.4389,1033472,64,-0.3735,-0.4924,1.7615,-35.9237,-89.8931,114.0305
302954.4389,1033482,64,-0.3733,-0.4036,1.8315,-34.5802,-81.9084,119.9389
302954.4389,1033492,64,-0.3640,-0.3359,1.8560,-35.4962,-72.9313,122.3817
302954.4389,1033502,64,-0.3625,-0.3015,1.8784,-36.3664,-62.9618,119.7099
302954.4389,1033512,64,-0.3669,-0.2803,1.8892,-38.9466,-53.0534,117.9389
302954.4389,1033522,64,-0.3528,-0.2495,1.8782,-41.5573,-43.7252,119.4504
302954.4389,1033532,64,-0.3474,-0.2061,1.8645,-42.9313,-33.2977,120.3664
302954.4389,1033542,64,-0.3755,-0.1707,1.8367,-44.9618,-23.2977,120.1679
302954.5005,1033552,65,-0.3894,-0.1467,1.8176,-47.2672,-15.1603,118.9771
302954.5005,1033562,65,-0.3848,-0.1606,1.8000,-48.9466,-8.2595,117.4809
302954.5005,1033572,65,-0.3718,-0.1711,1.8037,-47.7252,-0.4275,116.7786
302954.5005,1033582,65,-0.3481,-0.1467,1.8040,-44.2443,7.0687,118.1527
302954.5005,1033592,65,-0.3291,-0.1130,1.7842,-40.2290,15.1756,120.4580
302954.5005,1033602,65,-0.3257,-0.0454,1.7524,-36.1527,23.9847,121.4962
302954.5005,1033612,65,-0.3198,0.0059,1.7092,-35.8168,31.8779,120.2443
302954.5005,1033622,65,-0.3267,0.0203,1.6492,-37.6336,38.9313,116.6565
302954.5005,1033632,65,-0.3291,0.0146,1.6157,-38.7481,43.3893,112.0305
302954.5005,1033642,65,-0.3481,-0.0061,1.5796,-39.3435,45.2519,109.0992
302954.6188,1033652,66,-0.3711,-0.0339,1.5654,-37.6489,48.0763,108.3206
302954.6188,1033662,66,-0.3704,-0.0303,1.5908,-30.7176,49.2977,110.2290
302954.6188,1033672,66,-0.3323,-0.0032,1.6719,-19.8779,50.2290,113.1756
302954.6188,1033682,66,-0.3157,0.0647,1.7539,-8.4580,55.9542,116.6565
302954.6188,1033692,66,-0.3142,0.1709,1.7957,0.0458,63.1298,120.2137
302954.6188,1033702,66,-0.3013,0.2808,1.8313,5.2824,70.9466,119.8321
302954.6188,1033712,66,-0.2761,0.3840,1.8513,7.1298,77.6183,114.5954
302954.6188,1033722,66,-0.2410,0.4558,1.8486,4.6260,85.3740,106.1679
302954.6188,1033732,66,-0.2166,0.4932,1.8259,0.5038,94.0916,94.9160
302954.6188,1033742,66,-0.2126,0.4797,1.7634,-4.1679,103.0076,83.0840
302954.6796,1033752,67,-0.2217,0.4644,1.6763,-6.6107,112.0000,73.4198
302954.6796,1033762,67,-0.2158,0.4390,1.5791,-7.2824,117.8626,66.0153
302954.6796,1033772,67,-0.2131,0.4014,1.4939,-5.5725,121.4198,59.9084
302954.6796,1033782,67,-0.1982,0.3945,1.4282,0.1374,123.7863,55.7252
302954.6796,1033792,67,-0.1941,0.3809,1.3577,6.8397,125.2977,51.4198
302954.6796,1033802,67,-0.2102,0.3567,1.2881,12.1832,128.8397,48.1069
302954.6796,1033812,67,-0.2092,0.3682,1.2302,18.5344,128.6107,47.1908
302954.6796,1033822,67,-0.2070,0.3782,1.1816,25.2366,127.2214,46.4580
302954.6796,1033832,67,-0.1931,0.4133,1.1472,33.5725,126.3664,44.9008
302954.6796,1033842,67,-0.1729,0.4702,1.1301,40.9466,124.9924,42.8397
302954.8007,1033852,68,-0.1650,0.5146,1.1050,45.3282,124.3664,39.2519
302954.8007,1033862,68,-0.1587,0.5496,1.0710,47.5573,123.6336,33.9847
302954.8007,1033872,68,-0.1443,0.5632,1.0312,49.6489,123.6183,26.8702
302954.8007,1033882,68,-0.1509,0.5378,0.9692,51.2061,125.9847,17.6183
302954.8007,1033892,68,-0.1677,0.4922,0.8772,52.2595,127.5573,9.0534
302954.8007,1033902,68,-0.1809,0.4404,0.8098,53.6489,127.0840,2.8244
302954.8007,1033912,68,-0.1931,0.4016,0.7466,57.1756,125.0992,-1.8779
302954.8007,1033922,68,-0.2058,0.3777,0.7041,60.8855,121.4351,-5.1145
302954.8007,1033932,68,-0.2002,0.3530,0.6775,64.2290,116.6870,-7.1145
302954.8007,1033942,68,-0.2063,0.3523,0.6758,69.4809,113.9695,-9.0229
302954.8609,1033952,69,-0.2112,0.3611,0.6494,74.2290,112.0611,-11.3740
302954.8609,1033962,69,-0.2153,0.3826,0.6260,77.0992,108.5496,-14.3969
302954.8609,1033972,69,-0.2241,0.3784,0.5789,76.9466,105.2214,-18.2443
302954.8609,1033982,69,-0.2378,0.3530,0.5195,76.1069,103.5115,-22.4580
302954.8609,1033992,69,-0.2546,0.3306,0.4688,76.8702,99.9084,-25.7863
302954.8609,1034002,69,-0.2744,0.2988,0.4038,78.3817,95.1298,-29.3282
302954.8609,1034012,69,-0.3137,0.2642,0.3464,79.2672,91.4656,-32.5191
302954.8609,1034022,69,-0.3193,0.2490,0.3218,82.0763,83.7863,-34.0611
302954.8609,1034032,69,-0.2964,0.2729,0.3440,85.2519,74.8244,-35.2061
302954.8609,1034042,69,-0.2571,0.2617,0.3511,85.5573,69.9695,-38.3359
302954.9811,1034052,70,-0.2788,0.2280,0.3196,85.7099,71.1450,-43.2214
302954.9811,1034062,70,-0.3103,0.1980,0.2678,85.4046,69.9847,-46.9008
302954.9811,1034072,70,-0.3323,0.1494,0.2229,83.3588,66.8397,-48.6718
302954.9811,1034082,70,-0.3613,0.1245,0.1755,83.6641,63.6336,-48.2748
302954.9811,1034092,70,-0.3735,0.1169,0.1382,86.1679,56.3359,-47.3893
302954.9811,1034102,70,-0.3899,0.1282,0.1243,88.9160,49.5267,-47.8779
302954.9811,1034112,70,-0.4067,0.1548,0.1128,89.2977,43.3588,-48.6107
302954.9811,1034122,70,-0.4138,0.1426,0.0881,86.2443,36.7939,-51.5420
302954.9811,1034132,70,-0.4148,0.1211,0.0898,83.0687,30.3664,-55.2824
302954.9811,1034142,70,-0.3877,0.1108,0.1038,81.8321,21.0076,-56.4122
302955.1010,1034152,71,-0.3591,0.1052,0.1265,81.6336,14.1527,-59.5878
302955.1010,1034162,71,-0.3142,0.0950,0.1479,78.9924,9.1450,-64.1221
302955.1010,1034172,71,-0.2913,0.0620,0.1426,74.6870,7.1145,-67.3740
302955.1010,1034182,71,-0.3281,0.0073,0.0745,69.8168,9.7252,-69.2214
302955.1010,1034192,71,-0.3621,-0.0227,0.0034,67.8931,10.0611,-69.2366
302955.1010,1034202,71,-0.4304,-0.0288,-0.0601,66.5038,5.6947,-66.9008
302955.1010,1034212,71,-0.4424,-0.0164,-0.1023,65.1145,-2.1679,-64.3664
302955.1010,1034222,71,-0.4722,0.0095,-0.1096,65.6947,-9.8321,-63.4046
302955.1010,1034232,71,-0.4709,0.0281,-0.0847,66.0611,-21.0840,-64.5038
302955.1010,1034242,71,-0.4531,0.0266,-0.0151,64.7023,-31.4656,-66.9313
302955.1604,1034252,72,-0.4236,0.0220,0.0632,62.6412,-40.8550,-69.8779
302955.1604,1034262,72,-0.3633,0.0015,0.1592,59.5267,-48.9160,-72.5802
302955.1604,1034272,72,-0.3066,-0.0234,0.2454,57.0534,-52.1221,-73.9847
302955.1604,1034282,72,-0.3237,-0.0273,0.2869,55.6336,-51.3588,-73.9389
302955.1604,1034292,72,-0.3806,-0.0659,0.2415,51.3740,-49.4046,-73.5420
302955.1604,1034302,72,-0.4392,-0.0891,0.1960,49.0992,-49.4809,-73.0382
302955.1604,1034312,72,-0.4631,-0.1060,0.1636,50.2137,-56.1527,-72.6412
302955.1604,1034322,72,-0.4622,-0.1082,0.1694,52.7786,-64.2595,-72.9160
302955.1604,1034332,72,-0.4380,-0.0645,0.2180,55.3130,-73.2824,-72.9313
302955.1604,1034342,72,-0.3770,-0.0193,0.2842,54.3053,-83.6794,-74.0305
302955.2809,1034352,73,-0.3291,-0.0024,0.3511,48.8550,-91.2061,-78.9924
302955.2809,1034362,73,-0.3201,-0.0811,0.3574,37.3282,-92.6412,-86.0000
302955.2809,1034372,73,-0.3303,-0.2029,0.3132,27.1908,-87.3893,-92.0763
302955.2809,1034382,73,-0.3752,-0.2915,0.2451,23.6947,-86.3359,-95.5267
302955.2809,1034392,73,-0.3970,-0.3938,0.1941,22.0153,-91.9237,-96.2595
302955.2809,1034402,73,-0.3728,-0.4370,0.2310,24.4885,-101.6031,-94.5191
302955.2809,1034412,73,-0.2930,-0.4143,0.3420,28.2290,-114.9618,-90.7786
302955.2809,1034422,73,-0.2126,-0.3760,0.4612,27.4656,-124.1221,-89.1908
302955.2809,1034432,73,-0.2151,-0.4109,0.5042,21.2061,-126.6870,-91.6794
302955.2809,1034442,73,-0.3254,-0.5542,0.4519,13.1908,-124.6412,-96.0000
302955.4009,1034452,74,-0.3809,-0.7190,0.4158,9.9847,-125.0382,-96.7023
302955.4009,1034462,74,-0.3508,-0.8352,0.4438,12.8244,-134.6107,-90.8397
302955.4009,1034472,74,-0.2825,-0.8979,0.5159,19.0687,-145.5115,-79.6489
302955.4009,1034482,74,-0.2100,-0.8650,0.6418,26.5954,-152.5344,-66.6718
302955.4009,1034492,74,-0.1750,-0.8276,0.7419,28.4580,-157.3130,-54.2748
302955.4009,1034502,74,-0.1885,-0.8059,0.8096,25.2977,-155.3282,-44.3053
302955.4009,1034512,74,-0.2095,-0.7805,0.8728,20.8855,-155.0382,-36.8244
302955.4009,1034522,74,-0.2341,-0.7969,0.9165,15.3130,-156.3511,-31.5115
302955.4009,1034532,74,-0.2156,-0.8030,0.9885,14.0916,-156.8092,-26.8855
302955.4009,1034542,74,-0.2063,-0.8347,1.0166,13.4809,-156.2748,-21.6794
302955.4605,1034552,75,-0.2456,-0.8506,1.0398,13.1908,-151.6641,-15.7405
302955.4605,1034562,75,-0.3416,-0.8416,1.0369,11.7405,-149.7710,-6.4885
302955.4605,1034572,75,-0.3723,-0.8232,1.0464,9.0229,-148.9771,2.9771
302955.4605,1034582,75,-0.3521,-0.7627,1.1223,7.2061,-151.0076,9.3893
302955.4605,1034592,75,-0.2922,-0.7024,1.2104,1.8321,-154.0916,14.7939
302955.4605,1034602,75,-0.2219,-0.6504,1.2910,-5.7405,-153.2366,17.3435
302955.4605,1034612,75,-0.1958,-0.6638,1.3455,-14.7176,-150.1527,15.8779
302955.4605,1034622,75,-0.2185,-0.7788,1.3376,-23.2061,-143.3130,14.7481
302955.4605,1034632,75,-0.2788,-0.8406,1.3423,-23.0992,-136.4580,18.5191
302955.4605,1034642,75,-0.3037,-0.8608,1.3467,-20.8244,-133.8473,27.9542
302955.5810,1034652,76,-0.3079,-0.8608,1.3464,-17.8473,-128.5954,38.2901
302955.5810,1034662,76,-0.2917,-0.8315,1.3464,-14.0458,-124.3511,47.8931
302955.5810,1034672,76,-0.2727,-0.7590,1.3730,-12.1985,-123.5573,58.1374
302955.5810,1034682,76,-0.2178,-0.6787,1.4238,-11.5573,-122.9771,66.9160
302955.5810,1034692,76,-0.2126,-0.5916,1.4878,-13.0229,-121.1603,72.6412
302955.5810,1034702,76,-0.1694,-0.5552,1.5237,-18.5038,-119.1298,77.0840
302955.5810,1034712,76,-0.1760,-0.5376,1.5483,-21.9237,-111.5573,78.6412
302955.5810,1034722,76,-0.1824,-0.5459,1.5361,-23.2672,-103.6641,77.7557
302955.5810,1034732,76,-0.1978,-0.5713,1.5198,-25.2214,-96.3359,78.3511
302955.5810,1034742,76,-0.2195,-0.5625,1.5039,-26.8702,-91.3282,84.1374
302955.6990,1034752,77,-0.1741,-0.5269,1.5371,-25.0840,-88.6412,92.7634
302955.6990,1034762,77,-0.1826,-0.4529,1.5889,-19.6794,-83.8473,99.5420
302955.6990,1034772,77,-0.2053,-0.3445,1.6223,-15.3588,-77.9237,107.4351
302955.6990,1034782,77,-0.2229,-0.2214,1.6506,-13.0687,-70.9618,111.2824
302955.6990,1034792,77,-0.2510,-0.1528,1.6499,-15.9542,-64.1069,107.8626
302955.6990,1034802,77,-0.2568,-0.1577,1.6299,-22.8092,-58.0611,100.2748
302955.6990,1034812,77,-0.2803,-0.1895,1.6230,-29.9847,-53.5420,94.9466
302955.6990,1034822,77,-0.2549,-0.2397,1.6387,-33.8015,-51.6794,94.3053
302955.6990,1034832,77,-0.2100,-0.2583,1.6736,-30.8244,-48.9618,94.1221
302955.6990,1034842,77,-0.1711,-0.2371,1.7163,-26.8550,-45.3740,94.6870
302955.7605,1034852,78,-0.1118,-0.2197,1.7363,-25.7099,-38.7634,97.2824
302955.7605,1034862,78,-0.1040,-0.2136,1.7273,-24.3511,-26.8397,98.4733
302955.7605,1034872,78,-0.1462,-0.2124,1.6807,-21.8168,-13.3130,98.5038
302955.7605,1034882,78,-0.1997,-0.2241,1.6191,-20.5344,-4.1985,98.8244
302955.7605,1034892,78,-0.2307,-0.2222,1.6047,-19.7252,-0.0611,100.1679
302955.7605,1034902,78,-0.2090,-0.2124,1.6204,-18.8244,0.5649,102.2137
302955.7605,1034912,78,-0.1787,-0.2168,1.6384,-18.4580,1.3282,102.7786
302955.7605,1034922,78,-0.1550,-0.2170,1.6738,-19.6183,2.9008,103.9389
302955.7605,1034932,78,-0.0999,-0.2146,1.7122,-21.6489,4.7634,106.7176
302955.7605,1034942,78,-0.0474,-0.1887,1.7502,-21.2672,11.5725,109.7252
302955.8808,1034952,79,0.0017,-0.1506,1.7646,-19.2672,22.2901,111.7863
302955.8808,1034962,79,0.0015,-0.1111,1.7395,-15.3282,36.1069,111.7405
302955.8808,1034972,79,-0.0312,-0.0747,1.6619,-11.4198,50.5038,108.2748
302955.8808,1034982,79,-0.0928,-0.0640,1.5615,-10.8702,61.5267,103.9237
302955.8808,1034992,79,-0.1270,-0.0596,1.4614,-12.0305,66.8702,101.0992
302955.8808,1035002,79,-0.1780,-0.0525,1.3948,-12.6870,67.2366,99.6489
302955.8808,1035012,79,-0.2102,-0.0510,1.3533,-13.3740,63.5878,99.3588
302955.8808,1035022,79,-0.2263,-0.0286,1.3518,-12.5038,58.4427,98.6412
302955.8808,1035032,79,-0.2209,-0.0100,1.3665,-12.3053,54.3359,97.3282
302955.8808,1035042,79,-0.1543,-0.0291,1.4102,-11.6641,57.0687,96.0763
302956.0005,1035052,80,-0.1421,-0.0024,1.4370,-2.9618,70.4275,96.0000
302956.0005,1035062,80,-0.1550,0.0652,1.4226,6.9313,81.5878,94.6565
302956.0005,1035072,80,-0.1577,0.1077,1.4053,9.3282,88.1221,91.8015
302956.0005,1035082,80,-0.1567,0.1331,1.3743,9.4198,92.7634,86.7328
302956.0005,1035092,80,-0.1462,0.1406,1.3445,9.4809,95.7557,80.3053
302956.0005,1035102,80,-0.1589,0.1350,1.2937,9.0992,97.9542,73.7099
302956.0005,1035112,80,-0.1531,0.1167,1.2400,6.9924,100.7481,68.5496
302956.0005,1035122,80,-0.1506,0.1172,1.1887,6.5496,102.7939,65.4504
302956.0005,1035132,80,-0.1331,0.1367,1.1616,8.4427,102.8855,63.2061
302956.0005,1035142,80,-0.1213,0.1816,1.1448,12.6107,103.9847,60.3206
302956.0607,1035152,81,-0.1104,0.2283,1.1187,15.2366,106.0763,55.6794
302956.0607,1035162,81,-0.1277,0.2473,1.0610,14.7939,109.1908,49.9695
302956.0607,1035172,81,-0.1572,0.2485,0.9900,13.2519,111.8931,43.5878
302956.0607,1035182,81,-0.1765,0.2312,0.9165,11.4351,114.3359,37.3740
302956.0607,1035192,81,-0.2136,0.2043,0.8335,12.3359,114.7328,31.7405
302956.0607,1035202,81,-0.2478,0.2168,0.7837,16.3511,112.4275,27.7557
302956.0607,1035212,81,-0.2517,0.2249,0.7559,19.6336,106.7939,24.6412
302956.0607,1035222,81,-0.2661,0.2375,0.7434,23.0687,102.2595,20.3359
302956.0607,1035232,81,-0.2773,0.2588,0.7175,25.7252,100.0153,17.2672
302956.0607,1035242,81,-0.2881,0.2800,0.6941,27.7710,98.1527,12.9160
302956.1809,1035252,82,-0.2976,0.2808,0.6721,28.0611,96.4275,6.5344
302956.1809,1035262,82,-0.3054,0.2522,0.6426,27.2061,94.6565,0.1374
302956.1809,1035272,82,-0.3252,0.2063,0.5962,27.2366,92.5191,-6.1069
302956.1809,1035282,82,-0.3579,0.1790,0.5718,29.4198,89.9389,-10.8244
302956.1809,1035292,82,-0.3848,0.1528,0.5530,32.2443,84.8550,-13.2519
302956.1809,1035302,82,-0.3894,0.1306,0.5398,35.0687,78.3664,-15.7863
302956.1809,1035312,82,-0.3950,0.1155,0.5493,38.1527,72.6565,-18.2901
302956.1809,1035322,82,-0.3855,0.0989,0.5535,40.4885,66.0763,-19.4809
302956.1809,1035332,82,-0.3816,0.0967,0.5635,42.3053,62.0305,-20.6718
302956.1809,1035342,82,-0.3721,0.1069,0.5759,43.5115,58.6870,-21.7863
302956.2995,1035352,83,-0.3730,0.1067,0.5713,42.3206,56.7939,-23.2977
302956.2995,1035362,83,-0.4026,0.0925,0.5376,40.5649,56.2748,-25.5725
302956.2995,1035372,83,-0.4143,0.0864,0.5161,40.2595,54.4275,-28.1374
302956.2995,1035382,83,-0.4221,0.0825,0.5066,40.7786,50.3053,-30.6260
302956.2995,1035392,83,-0.4246,0.0615,0.4980,40.4122,46.4733,-33.7710
302956.2995,1035402,83,-0.4370,0.0396,0.4919,40.2290,43.5267,-35.8321
302956.2995,1035412,83,-0.4639,0.0425,0.4858,41.5420,40.4275,-37.8931
302956.2995,1035422,83,-0.4768,0.0378,0.4832,40.5344,37.5267,-40.9008
302956.2995,1035432,83,-0.4775,0.0276,0.4749,37.0687,35.1908,-43.4504
302956.2995,1035442,83,-0.4871,0.0161,0.4714,32.9771,32.8550,-45.6183
302956.3601,1035452,84,-0.5044,-0.0256,0.4575,28.9924,30.3359,-48.3664
302956.3601,1035462,84,-0.5022,-0.0723,0.4453,26.4885,27.9237,-51.5267
302956.3601,1035472,84,-0.5166,-0.0969,0.4285,26.8244,25.5115,-54.3969
302956.3601,1035482,84,-0.5410,-0.1211,0.4172,26.9160,22.4733,-57.5878
302956.3601,1035492,84,-0.5405,-0.1462,0.4248,24.9008,19.4504,-59.5878
302956.3601,1035502,84,-0.5522,-0.1643,0.4231,21.2824,16.8244,-60.9466
302956.3601,1035512,84,-0.5786,-0.2170,0.4106,16.3817,13.7405,-64.0611
302956.3601,1035522,84,-0.5972,-0.3008,0.3945,11.7099,9.4809,-67.5267
302956.3601,1035532,84,-0.6125,-0.4099,0.3840,8.7328,4.4427,-68.8244
302956.3601,1035542,84,-0.6189,-0.5186,0.4009,8.8092,0.1374,-65.6031
302956.4805,1035552,85,-0.6033,-0.5967,0.4370,13.0229,-3.8626,-56.4885
302956.4805,1035562,85,-0.6055,-0.6157,0.4873,20.4275,-6.5344,-43.0229
302956.4805,1035572,85,-0.6245,-0.5791,0.5378,26.6870,-8.3053,-27.9237
302956.4805,1035582,85,-0.6479,-0.4993,0.5798,31.5573,-9.2672,-14.3511
302956.4805,1035592,85,-0.6628,-0.4241,0.6252,35.5878,-9.3740,-5.4809
302956.4805,1035602,85,-0.6658,-0.3457,0.6599,37.8015,-8.7634,0.0000
302956.4805,1035612,85,-0.6816,-0.2605,0.6694,36.2748,-7.6794,3.1145
302956.4805,1035622,85,-0.7090,-0.2195,0.6619,30.7176,-7.7863,2.1679
302956.4805,1035632,85,-0.7185,-0.1992,0.6628,24.4275,-8.5496,-0.6260
302956.4805,1035642,85,-0.7104,-0.1836,0.6633,17.9695,-10.5344,-2.5038
302956.6007,1035652,86,-0.6941,-0.1931,0.6672,11.2977,-12.8244,-3.9695
302956.6007,1035662,86,-0.6655,-0.2229,0.6763,7.2214,-13.7252,-5.1450
302956.6007,1035672,86,-0.6487,-0.2366,0.6873,8.8244,-10.9771,-5.0840
302956.6007,1035682,86,-0.6497,-0.2100,0.6729,11.6336,-7.6794,-3.6489
302956.6007,1035692,86,-0.6467,-0.1855,0.6492,11.7710,-6.4733,-1.7405
302956.6007,1035702,86,-0.6316,-0.1494,0.6301,12.3359,-6.9160,-0.7481
302956.6007,1035712,86,-0.6099,-0.1311,0.6104,12.5954,-7.3740,-0.4122
302956.6007,1035722,86,-0.6064,-0.1104,0.5835,12.3817,-7.3282,-0.3664
302956.6007,1035732,86,-0.5859,-0.0947,0.5508,11.3282,-8.9160,-0.3511
302956.6007,1035742,86,-0.5532,-0.0776,0.5315,9.6641,-12.2137,-0.1832
302956.6605,1035752,87,-0.5103,-0.0591,0.5161,8.0000,-15.0382,-0.1221
302956.6605,1035762,87,-0.4900,-0.0393,0.4990,6.2748,-17.3893,-0.3511
302956.6605,1035772,87,-0.4771,-0.0354,0.4690,4.0916,-20.5038,-1.2519
302956.6605,1035782,87,-0.4592,-0.0464,0.4312,1.8473,-24.3664,-2.6565
302956.6605,1035792,87,-0.4534,-0.0720,0.3853,-0.0916,-29.3130,-3.6794
302956.6605,1035802,87,-0.4392,-0.0945,0.3438,-0.8702,-35.4351,-3.6641
302956.6605,1035812,87,-0.3953,-0.1282,0.3284,-0.5649,-42.2901,-3.0687
302956.6605,1035822,87,-0.3774,-0.1633,0.2937,1.1298,-45.6489,-2.0305
302956.6605,1035832,87,-0.3765,-0.1897,0.2642,3.6183,-48.9313,0.4733
302956.6605,1035842,87,-0.3708,-0.1853,0.2402,6.5649,-56.6260,5.5573
302956.7792,1035852,88,-0.3638,-0.1428,0.2354,9.6489,-67.1756,12.1221
302956.7792,1035862,88,-0.3364,-0.0740,0.2712,11.8473,-78.9924,17.7710
302956.7792,1035872,88,-0.3337,0.0022,0.3118,12.8855,-91.7405,19.9237
302956.7792,1035882,88,-0.3601,0.0413,0.3369,10.4122,-103.8168,17.7710
302956.7792,1035892,88,-0.3694,0.0784,0.3452,6.3206,-113.9847,14.3053
302956.7792,1035902,88,-0.3916,0.1050,0.3445,1.2672,-123.8015,10.2901
302956.7792,1035912,88,-0.4170,0.0771,0.3408,-5.4046,-135.3282,5.0687
302956.7792,1035922,88,-0.3865,0.0535,0.3669,-6.3969,-147.1756,-0.2748
302956.7792,1035932,88,-0.3604,0.0542,0.4414,-4.4427,-158.3511,-3.8321
302956.7792,1035942,88,-0.2981,0.0820,0.5205,-3.7099,-170.0916,-5.1298
302956.8995,1035952,89,-0.2205,0.1348,0.6516,-6.6412,-180.2595,-7.6183
302956.8995,1035962,89,-0.0713,0.1338,0.8096,-15.4504,-185.3740,-11.9847
302956.8995,1035972,89,0.0288,0.1011,0.9287,-24.8397,-177.0076,-20.4733
302956.8995,1035982,89,0.0549,0.0315,0.9785,-34.8855,-160.9618,-32.0458
302956.8995,1035992,89,0.0151,-0.1296,0.9316,-44.6260,-141.3282,-45.9542
302956.8995,1036002,89,-0.0618,-0.2952,0.8506,-45.9847,-126.7634,-57.5267
302956.8995,1036012,89,-0.1196,-0.4204,0.7827,-41.7099,-123.7252,-56.9313
302956.8995,1036022,89,-0.1335,-0.4788,0.7673,-32.5802,-129.0076,-46.4275
302956.8995,1036032,89,-0.0969,-0.3960,0.8242,-18.4733,-137.3435,-33.0534
302956.8995,1036042,89,-0.0325,-0.2461,0.8953,-8.7481,-146.9466,-22.5344
302956.9604,1036052,90,0.0479,-0.1365,0.9724,-8.6718,-153.7863,-20.5344
302956.9604,1036062,90,0.1282,-0.0645,1.0222,-16.2748,-155.7557,-23.7252
302956.9604,1036072,90,0.1516,-0.0537,1.0237,-29.8626,-153.8321,-29.7252
302956.9604,1036082,90,0.1794,-0.1377,1.0269,-44.1679,-149.0992,-37.6641
302956.9604,1036092,90,0.1702,-0.2749,0.9932,-47.9389,-135.0229,-46.1069
302956.9604,1036102,90,0.1016,-0.3423,0.9392,-38.7786,-120.6565,-50.6412
302956.9604,1036112,90,0.0566,-0.3254,0.9038,-29.3588,-121.5573,-49.0534
302956.9604,1036122,90,0.0381,-0.2771,0.8975,-25.4809,-129.0992,-45.0229
302956.9604,1036132,90,0.0908,-0.2549,0.9146,-27.0687,-141.0229,-42.8244
302956.9604,1036142,90,0.1794,-0.2463,0.9614,-29.5267,-154.2443,-44.7786
302957.0807,1036152,91,0.2759,-0.2864,1.0032,-33.9237,-164.6412,-48.4733
302957.0807,1036162,91,0.3655,-0.3403,1.0342,-39.3435,-170.4122,-50.5496
302957.0807,1036172,91,0.4036,-0.3987,1.0361,-44.0611,-174.1679,-51.5420
302957.0807,1036182,91,0.4016,-0.4619,1.0103,-48.4580,-178.7786,-51.7557
302957.0807,1036192,91,0.3682,-0.5515,0.9617,-52.3817,-184.1374,-50.0153
302957.0807,1036202,91,0.3657,-0.6003,0.9451,-52.2290,-195.1756,-45.6336
302957.0807,1036212,91,0.3770,-0.5654,0.9561,-47.5115,-210.2901,-36.9313
302957.0807,1036222,91,0.4260,-0.4395,1.0220,-41.7557,-228.3053,-26.5649
302957.0807,1036232,91,0.6001,-0.3350,1.1729,-41.0534,-241.5725,-18.5191
302957.0807,1036242,91,0.7837,-0.2734,1.3018,-33.7557,-227.1603,-12.9466
302957.2003,1036252,92,0.7996,-0.1072,1.3445,-18.9618,-190.1985,-13.2061
302957.2003,1036262,92,0.7017,0.0149,1.2842,-22.6412,-158.4427,-17.9237
302957.2003,1036272,92,0.5688,-0.0151,1.1643,-48.0305,-143.7557,-28.5344
302957.2003,1036282,92,0.4451,-0.2593,1.0420,-73.2366,-141.4198,-42.5344
302957.2003,1036292,92,0.4675,-0.4902,0.9399,-76.0000,-148.1221,-55.2672
302957.2003,1036302,92,0.5303,-0.5933,0.9421,-57.6031,-161.3588,-57.9695
302957.2003,1036312,92,0.6252,-0.5796,0.9595,-33.0076,-177.0534,-52.1679
302957.2003,1036322,92,0.6658,-0.4958,0.9824,-14.5038,-189.1603,-44.4275
302957.2003,1036332,92,0.7961,-0.4124,1.0400,-8.1985,-203.4962,-36.7634
302957.2003,1036342,92,0.9304,-0.4568,1.0708,-5.4351,-207.6031,-27.5115
302957.2607,1036352,93,0.9277,-0.3501,1.1394,10.2443,-195.0382,-22.6565
302957.2607,1036362,93,0.8589,-0.1680,1.1653,16.3664,-182.9313,-16.9618
302957.2607,1036372,93,0.8052,-0.0361,1.1580,2.9466,-178.7939,-14.9313
302957.2607,1036382,93,0.7483,0.0486,1.1401,-18.1985,-179.3130,-17.7405
302957.2607,1036392,93,0.7300,0.0940,1.0930,-41.6947,-184.9160,-22.5954
302957.2607,1036402,93,0.7483,0.1208,1.0261,-66.7023,-194.1679,-28.0000
302957.2607,1036412,93,0.8806,-0.0183,0.8142,-126.1069,-211.7557,-45.2519
302957.2607,1036422,93,1.0100,-0.1267,0.8052,-155.1450,-209.8931,-55.6031
302957.2607,1036432,93,1.2578,-0.3623,0.8596,-178.1374,-188.4427,-59.1145
302957.2607,1036442,93,1.3860,-0.5823,0.8376,-172.2290,-129.8015,-63.0534
302957.3807,1036452,94,1.2329,-0.6372,0.7834,-142.3206,-69.3130,-70.1832
302957.3807,1036462,94,1.0461,-0.6121,0.7000,-118.7176,-48.6870,-72.5344
302957.3807,1036472,94,0.9236,-0.6035,0.6685,-108.9313,-60.7634,-70.2137
302957.3807,1036482,94,0.9453,-0.5815,0.6846,-105.3588,-85.6183,-67.6183
302957.3807,1036492,94,1.0981,-0.4421,0.7373,-107.6641,-110.1374,-61.4809
302957.3807,1036502,94,1.1370,-0.5234,0.5398,-127.6031,-120.4427,-52.2901
302957.3807,1036512,94,0.7251,-0.3406,0.6628,-138.0458,-87.0076,-39.4198
302957.3807,1036522,94,0.9622,-0.5061,0.5432,-160.5954,-122.7328,-33.8473
302957.3807,1036532,94,0.9355,-0.5596,0.5374,-166.3206,-135.6489,-37.8015
302957.3807,1036542,94,0.9727,-0.4619,0.5415,-166.9466,-132.8702,-40.9313
302957.5017,1036552,95,1.0637,-0.4360,0.4780,-176.3969,-151.7099,-19.4198
302957.5017,1036562,95,1.0337,-0.4353,0.3813,-186.4122,-155.6947,-12.9924
302957.5017,1036572,95,0.9622,-0.4500,0.3054,-194.3053,-142.6565,-15.9847
302957.5017,1036582,95,0.9805,-0.4849,0.2593,-200.2290,-139.2366,-22.3664
302957.5017,1036592,95,1.0305,-0.5442,0.1880,-204.0611,-141.1298,-26.5191
302957.5017,1036602,95,1.0269,-0.5779,0.1313,-203.8779,-138.5954,-28.4580
302957.5017,1036612,95,1.0366,-0.6091,0.0728,-199.8321,-137.9389,-29.7557
302957.5017,1036622,95,1.0811,-0.6062,-0.0059,-194.4580,-139.5267,-30.4580
302957.5017,1036632,95,1.0764,-0.6313,-0.0686,-187.7099,-136.4275,-28.4885
302957.5017,1036642,95,1.0596,-0.6768,-0.0894,-174.3053,-133.5878,-30.0000
302957.5603,1036652,96,1.1047,-0.6907,-0.1116,-155.4198,-138.1221,-36.3053
302957.5603,1036662,96,1.1543,-0.6865,-0.1272,-132.5191,-140.9618,-41.9237
302957.5603,1036672,96,1.1572,-0.6909,-0.1443,-111.5420,-136.2290,-44.5344
302957.5603,1036682,96,1.1531,-0.6602,-0.1147,-90.9466,-127.7405,-47.0229
302957.5603,1036692,96,1.1648,-0.6819,-0.1553,-72.7481,-121.1908,-48.1679
302957.5603,1036702,96,1.1677,-0.6919,-0.1921,-49.9389,-109.1145,-50.5191
302957.5603,1036712,96,1.1321,-0.6768,-0.2097,-23.0382,-93.6183,-53.7557
302957.5603,1036722,96,1.1104,-0.6562,-0.2012,1.1908,-82.7634,-55.0687
302957.5603,1036732,96,1.1165,-0.6191,-0.1907,23.6489,-76.8855,-54.9924
302957.5603,1036742,96,1.1191,-0.5781,-0.1951,42.8550,-70.8855,-53.8321
302957.6806,1036752,97,1.1067,-0.5244,-0.1763,58.7939,-61.6031,-51.4504
302957.6806,1036762,97,1.0964,-0.4705,-0.1694,67.5573,-53.1298,-45.1603
302957.6806,1036772,97,1.0857,-0.4282,-0.1641,69.4809,-45.5573,-37.0382
302957.6806,1036782,97,1.0728,-0.3916,-0.1758,67.8626,-38.3969,-30.4275
302957.6806,1036792,97,1.0420,-0.3513,-0.1680,64.1985,-31.5725,-25.0229
302957.6806,1036802,97,1.0181,-0.3250,-0.1685,57.8626,-27.1908,-19.9237
302957.6806,1036812,97,1.0117,-0.2979,-0.1553,49.2061,-25.2366,-15.1908
302957.6806,1036822,97,1.0120,-0.2837,-0.1370,37.9237,-23.8015,-10.2748
302957.6806,1036832,97,1.0212,-0.2776,-0.1240,24.5802,-21.9084,-4.4275
302957.6806,1036842,97,1.0264,-0.2808,-0.1318,11.1450,-18.7176,2.0916
302957.8007,1036852,98,1.0063,-0.2888,-0.1526,-0.2290,-13.1145,7.9084
302957.8007,1036862,98,0.9810,-0.2991,-0.1792,-7.4504,-7.0229,11.8473
302957.8007,1036872,98,0.9575,-0.2952,-0.2041,-10.1069,-2.8855,13.3282
302957.8007,1036882,98,0.9382,-0.2969,-0.2146,-9.5878,-1.1756,13.0229
302957.8007,1036892,98,0.9326,-0.2969,-0.2246,-7.4962,-1.4504,11.1603
302957.8007,1036902,98,0.9307,-0.2964,-0.2249,-4.3664,-2.1832,8.6260
302957.8007,1036912,98,0.9358,-0.2966,-0.2239,-1.3588,-2.2595,5.9389
302957.8007,1036922,98,0.9468,-0.2952,-0.2180,1.4504,-1.7863,3.5267
302957.8007,1036932,98,0.9595,-0.2974,-0.2185,3.0382,-1.5725,2.0916
302957.8007,1036942,98,0.9709,-0.3020,-0.2166,3.4656,-1.0076,1.5267
302957.8592,1036952,99,0.9817,-0.3032,-0.2166,3.9084,0.0305,1.6183
302957.8592,1036962,99,0.9885,-0.3042,-0.2280,4.1069,1.4046,1.9847
302957.8592,1036972,99,0.9956,-0.3035,-0.2354,4.0458,2.7939,2.5496
302957.8592,1036982,99,1.0022,-0.3057,-0.2507,4.0153,4.1221,3.3893
302957.8592,1036992,99,1.0017,-0.3066,-0.2612,3.4351,6.0000,4.2137
302957.8592,1037002,99,0.9924,-0.3093,-0.2700,2.6260,7.7252,5.4504
302957.8592,1037012,99,0.9883,-0.3152,-0.2830,1.7557,8.3359,6.7634
302957.8592,1037022,99,0.9819,-0.3140,-0.2881,1.4198,8.1527,7.8779
302957.8592,1037032,99,0.9807,-0.3071,-0.2861,1.5878,6.7023,9.0840
302957.8592,1037042,99,0.9841,-0.3027,-0.2839,1.8015,5.2672,10.4122
302957.9808,1037052,100,0.9851,-0.2971,-0.2893,2.3359,5.3282,11.1756
302957.9808,1037062,100,0.9788,-0.2866,-0.2876,3.4046,6.0153,11.4198
302957.9808,1037072,100,0.9707,-0.2839,-0.2893,4.9313,6.4122,10.8702
302957.9808,1037082,100,0.9685,-0.2795,-0.2893,6.0611,6.4275,10.1985
302957.9808,1037092,100,0.9629,-0.2781,-0.2917,6.0153,6.6870,9.9542
302957.9808,1037102,100,0.9558,-0.2791,-0.2876,5.1145,6.9313,10.3511
302957.9808,1037112,100,0.9485,-0.2756,-0.2966,4.2137,6.7176,10.9771
302957.9808,1037122,100,0.9485,-0.2759,-0.2976,3.1298,6.0000,11.6031
302957.9808,1037132,100,0.9490,-0.2761,-0.3030,1.9695,5.4656,12.2901
302957.9808,1037142,100,0.9443,-0.2788,-0.3120,1.2977,5.0534,12.7939
302958.0998,1037152,101,0.9421,-0.2805,-0.3127,1.2214,4.2443,12.9618
302958.0998,1037162,101,0.9385,-0.2815,-0.3149,1.6183,3.1298,12.8702
302958.0998,1037172,101,0.9392,-0.2764,-0.3105,3.0534,2.0458,12.2443
302958.0998,1037182,101,0.9329,-0.2695,-0.3020,4.6565,0.8855,11.3435
302958.0998,1037192,101,0.9351,-0.2683,-0.2966,6.0305,0.3206,10.2443
302958.0998,1037202,101,0.9343,-0.2637,-0.2952,7.6031,0.7176,8.6412
302958.0998,1037212,101,0.9258,-0.2583,-0.2898,8.9618,1.6947,7.3130
302958.0998,1037222,101,0.9114,-0.2488,-0.2861,9.0076,1.7710,6.8397
302958.0998,1037232,101,0.9175,-0.2480,-0.2832,7.8473,0.2901,6.5954
302958.0998,1037242,101,0.9253,-0.2478,-0.2827,6.3969,-1.3740,6.1374
302958.1612,1037252,102,0.9294,-0.2495,-0.2798,4.9313,-1.9695,5.8321
302958.1612,1037262,102,0.9272,-0.2510,-0.2759,4.0305,-1.8015,5.3435
302958.1612,1037272,102,0.9265,-0.2493,-0.2751,3.8321,-1.4198,4.5038
302958.1612,1037282,102,0.9207,-0.2515,-0.2783,3.8473,-1.1908,3.1908
302958.1612,1037292,102,0.9199,-0.2512,-0.2732,4.1221,-1.5115,1.6641
302958.1612,1037302,102,0.9236,-0.2507,-0.2671,4.4275,-2.4580,0.2748
302958.1612,1037312,102,0.9346,-0.2507,-0.2654,4.5649,-3.2672,-0.9466
302958.1612,1037322,102,0.9441,-0.2551,-0.2625,4.3817,-3.4809,-2.0458
302958.1612,1037332,102,0.9446,-0.2573,-0.2600,3.5420,-2.7634,-2.9466
302958.1612,1037342,102,0.9451,-0.2629,-0.2622,2.4733,-1.8779,-3.6031
302958.2800,1037352,103,0.9438,-0.2761,-0.2681,1.5267,-1.3435,-3.8931
302958.2800,1037362,103,0.9485,-0.2805,-0.2698,0.8244,-1.2824,-3.9084
302958.2800,1037372,103,0.9500,-0.2854,-0.2764,0.2901,-1.4351,-3.7557
302958.2800,1037382,103,0.9473,-0.2830,-0.2771,-0.0916,-1.5420,-3.6641
302958.2800,1037392,103,0.9475,-0.2888,-0.2761,-0.2443,-1.4504,-3.7252
302958.2800,1037402,103,0.9446,-0.2874,-0.2712,-0.1527,-1.7099,-3.9084
302958.2800,1037412,103,0.9460,-0.2910,-0.2710,-0.1221,-2.5649,-4.1069
302958.2800,1037422,103,0.9502,-0.2935,-0.2673,-0.2595,-3.6183,-4.2443
302958.2800,1037432,103,0.9548,-0.3000,-0.2668,-0.5344,-3.9695,-4.2748
302958.2800,1037442,103,0.9580,-0.3000,-0.2673,-0.5191,-3.6336,-4.2443
302958.4003,1037452,104,0.9541,-0.3013,-0.2651,0.0763,-2.9924,-4.4580
302958.4003,1037462,104,0.9546,-0.3003,-0.2678,0.7328,-2.7634,-4.6260
302958.4003,1037472,104,0.9517,-0.2976,-0.2673,1.1603,-2.7176,-4.6870
302958.4003,1037482,104,0.9517,-0.2981,-0.2598,1.1908,-2.7481,-4.6718
302958.4003,1037492,104,0.9463,-0.2957,-0.2612,0.8244,-2.8092,-4.4733
302958.4003,1037502,104,0.9465,-0.2976,-0.2600,0.4122,-2.8244,-4.1985
302958.4003,1037512,104,0.9448,-0.2991,-0.2559,0.0916,-3.1450,-4.1832
302958.4003,1037522,104,0.9504,-0.2971,-0.2515,0.0153,-3.6794,-4.3664
302958.4003,1037532,104,0.9487,-0.2917,-0.2468,0.3664,-3.5573,-4.9008
302958.4003,1037542,104,0.9529,-0.2893,-0.2512,0.7786,-2.7176,-5.3740
302958.4605,1037552,105,0.9514,-0.2847,-0.2527,1.1145,-1.9389,-5.7863
302958.4605,1037562,105,0.9470,-0.2874,-0.2522,0.7176,-1.2061,-6.4122
302958.4605,1037572,105,0.9463,-0.2996,-0.2451,-0.0153,-0.8550,-7.2977
302958.4605,1037582,105,0.9368,-0.3030,-0.2424,0.0916,-0.8244,-7.7710
302958.4605,1037592,105,0.9390,-0.3154,-0.2393,-0.1221,-1.8473,-7.8168
302958.4605,1037602,105,0.9470,-0.3171,-0.2412,0.5802,-3.4656,-8.3206
302958.4605,1037612,105,0.9517,-0.3218,-0.2358,1.2366,-4.2901,-8.8855
302958.4605,1037622,105,0.9604,-0.3303,-0.2351,1.5267,-4.3817,-8.9160
302958.4605,1037632,105,0.9590,-0.3313,-0.2310,2.1527,-4.0000,-8.7939
302958.4605,1037642,105,0.9592,-0.3293,-0.2344,2.5496,-3.4046,-8.2443
302958.5815,1037652,106,0.9583,-0.3301,-0.2375,2.4885,-3.1298,-7.6336
302958.5815,1037662,106,0.9539,-0.3313,-0.2415,2.2290,-2.8550,-7.1145
302958.5815,1037672,106,0.9585,-0.3328,-0.2373,1.9237,-2.6565,-6.6107
302958.5815,1037682,106,0.9600,-0.3289,-0.2385,1.5725,-2.7023,-5.9542
302958.5815,1037692,106,0.9680,-0.3279,-0.2375,1.1756,-2.6718,-5.4198
302958.5815,1037702,106,0.9705,-0.3252,-0.2415,0.6412,-2.3511,-4.8244
302958.5815,1037712,106,0.9697,-0.3289,-0.2463,0.0153,-1.7099,-4.0763
302958.5815,1037722,106,0.9663,-0.3323,-0.2576,-0.6870,-0.9771,-3.2672
302958.5815,1037732,106,0.9648,-0.3325,-0.2593,-1.1756,-0.3664,-2.3664
302958.5815,1037742,106,0.9607,-0.3313,-0.2620,-1.3740,-0.2901,-1.3130
302958.7005,1037752,107,0.9587,-0.3311,-0.2644,-1.4198,-0.4275,-0.2901
302958.7005,1037762,107,0.9529,-0.3289,-0.2637,-1.4809,-0.3664,0.6565
302958.7005,1037772,107,0.9490,-0.3257,-0.2698,-1.3435,-0.3664,1.6336
302958.7005,1037782,107,0.9485,-0.3210,-0.2676,-0.9466,-0.7481,2.3664
302958.7005,1037792,107,0.9473,-0.3184,-0.2649,-0.3969,-1.2214,2.9618
302958.7005,1037802,107,0.9473,-0.3101,-0.2654,0.1221,-1.4504,3.4046
302958.7005,1037812,107,0.9512,-0.3062,-0.2642,0.6412,-1.1756,3.4504
302958.7005,1037822,107,0.9468,-0.3027,-0.2664,1.1450,-0.7023,3.2061
302958.7005,1037832,107,0.9436,-0.2961,-0.2681,1.5420,-0.5344,2.9008
302958.7005,1037842,107,0.9438,-0.2922,-0.2693,1.8626,-0.8092,2.5038
302958.7599,1037852,108,0.9446,-0.2896,-0.2668,2.1221,-1.2824,2.3664
302958.7599,1037862,108,0.9482,-0.2856,-0.2644,2.0000,-1.6794,2.3511
302958.7599,1037872,108,0.9473,-0.2817,-0.2686,1.5725,-1.6794,2.3511
302958.7599,1037882,108,0.9451,-0.2820,-0.2644,0.9313,-1.4504,2.2443
302958.7599,1037892,108,0.9419,-0.2805,-0.2646,0.3206,-1.2824,2.1221
302958.7599,1037902,108,0.9387,-0.2834,-0.2717,-0.2595,-1.2061,2.0305
302958.7599,1037912,108,0.9380,-0.2891,-0.2681,-0.6107,-1.3893,1.9389
302958.7599,1037922,108,0.9358,-0.2888,-0.2688,-0.5344,-1.8931,1.8168
302958.7599,1037932,108,0.9360,-0.2888,-0.2710,-0.1679,-2.5954,1.5115
302958.7599,1037942,108,0.9417,-0.2900,-0.2654,0.2901,-3.1908,1.2061
302958.8811,1037952,109,0.9478,-0.2915,-0.2549,0.6718,-3.5573,0.9160
302958.8811,1037962,109,0.9524,-0.2878,-0.2532,1.0076,-3.7863,0.7176
302958.8811,1037972,109,0.9583,-0.2876,-0.2510,1.0229,-3.7099,0.6565
302958.8811,1037982,109,0.9624,-0.2883,-0.2485,0.7023,-3.3588,0.4427
302958.8811,1037992,109,0.9634,-0.2908,-0.2512,0.2748,-2.7176,0.3969
302958.8811,1038002,109,0.9583,-0.2881,-0.2476,-0.1679,-2.0611,0.3969
302958.8811,1038012,109,0.9563,-0.2900,-0.2510,-0.5802,-1.4351,0.3664
302958.8811,1038022,109,0.9529,-0.2927,-0.2549,-0.8092,-1.1603,0.2595
302958.8811,1038032,109,0.9495,-0.2957,-0.2554,-0.9771,-1.3130,0.2901
302958.8811,1038042,109,0.9521,-0.2927,-0.2554,-0.9466,-1.8931,0.2595
302958.9999,1038052,110,0.9536,-0.2925,-0.2610,-0.6107,-2.3511,0.2137
302958.9999,1038062,110,0.9556,-0.2930,-0.2581,-0.4275,-2.4580,0.0458
302958.9999,1038072,110,0.9568,-0.2937,-0.2510,-0.2901,-2.1069,-0.2137
302958.9999,1038082,110,0.9597,-0.2930,-0.2566,-0.2901,-1.8015,-0.3359
302958.9999,1038092,110,0.9592,-0.2913,-0.2625,-0.5344,-1.6794,-0.4885
302958.9999,1038102,110,0.9573,-0.2900,-0.2593,-0.8702,-1.6336,-0.6565
302958.9999,1038112,110,0.9578,-0.2910,-0.2603,-1.1450,-1.5267,-0.7786
302958.9999,1038122,110,0.9536,-0.2922,-0.2612,-1.3130,-1.4351,-0.9618
302958.9999,1038132,110,0.9492,-0.2998,-0.2666,-1.2672,-1.3130,-1.0840
302958.9999,1038142,110,0.9465,-0.3003,-0.2676,-1.0229,-1.3588,-1.4198
302959.0595,1038152,111,0.9434,-0.3025,-0.2642,-0.5802,-1.7099,-1.6489
302959.0595,1038162,111,0.9438,-0.2996,-0.2642,0.0458,-2.1832,-1.8321
302959.0595,1038172,111,0.9448,-0.3005,-0.2651,0.6412,-2.4122,-2.0305
302959.0595,1038182,111,0.9436,-0.2988,-0.2664,1.1145,-2.5038,-2.3969
302959.0595,1038192,111,0.9402,-0.3022,-0.2644,1.2672,-2.6870,-2.7176
302959.0595,1038202,111,0.9475,-0.3245,-0.2698,1.4046,-3.0229,-3.0534
302959.0595,1038212,111,0.9580,-0.3533,-0.2673,2.0916,-3.4046,-3.7099
302959.0595,1038222,111,0.9551,-0.3716,-0.2637,4.2290,-3.0382,-3.7099
302959.0595,1038232,111,0.9634,-0.3809,-0.2683,7.3435,-2.9771,-2.9313
302959.0595,1038242,111,0.9819,-0.4250,-0.2817,9.6183,-3.9237,-2.7176
302959.1810,1038252,112,0.9971,-0.4827,-0.2869,12.3359,-3.4809,-3.4351
302959.1810,1038262,112,0.9917,-0.5276,-0.2949,17.7099,-1.4962,-3.2672
302959.1810,1038272,112,0.9851,-0.5518,-0.2905,25.3435,-0.6260,-1.8473
302959.1810,1038282,112,0.9893,-0.5715,-0.2781,32.2901,-0.8855,0.7023
302959.1810,1038292,112,0.9949,-0.5793,-0.2468,37.0687,-1.4351,5.1298
302959.1810,1038302,112,1.0171,-0.5640,-0.1997,39.8779,-4.4122,10.2595
302959.1810,1038312,112,1.0496,-0.5693,-0.1497,38.7328,-6.6565,15.3588
302959.1810,1038322,112,1.1143,-0.6301,-0.0808,33.4198,-4.7786,21.8015
302959.1810,1038332,112,1.2170,-0.7441,0.0178,27.8168,2.7023,32.2901
302959.1810,1038342,112,1.3301,-0.8835,0.1191,28.0916,23.5115,46.5344
302959.3019,1038352,113,1.3330,-0.9187,0.1589,38.3053,62.3511,61.1450
302959.3019,1038362,113,1.2454,-0.9272,0.1370,50.6718,95.9847,64.9008
302959.3019,1038372,113,1.1514,-0.9558,0.1355,61.7405,106.9466,61.5267
302959.3019,1038382,113,1.1719,-0.9856,0.1750,73.5878,103.8626,62.9771
302959.3019,1038392,113,1.2356,-0.9722,0.2144,85.6794,110.9618,71.4198
302959.3019,1038402,113,1.2561,-0.9221,0.2690,95.5267,131.9084,78.2748
302959.3019,1038412,113,1.3220,-0.9265,0.3499,99.3435,164.2137,85.1298
302959.3019,1038422,113,1.3103,-1.0356,0.3403,99.7099,206.9008,97.6183
302959.3019,1038432,113,1.2578,-1.1177,0.3623,110.4580,237.6947,106.6718
302959.3019,1038442,113,1.2727,-1.1514,0.4165,126.0153,249.4198,116.1527
302959.3598,1038452,114,1.2590,-1.2161,0.4287,140.3511,261.3588,126.5496
302959.3598,1038462,114,1.1448,-1.2180,0.4473,164.0763,266.3206,123.7863
302959.3598,1038472,114,1.0493,-1.1943,0.5007,186.8550,246.0916,114.8550
302959.3598,1038482,114,1.1262,-1.1680,0.6404,199.7863,212.9771,111.5878
302959.3598,1038492,114,1.2039,-1.0979,0.7996,204.8550,198.9618,115.0992
302959.3598,1038502,114,1.2351,-1.0283,0.8926,198.3053,203.9084,122.9466
302959.3598,1038512,114,1.2131,-0.9473,0.9104,184.7939,210.8397,130.1832
302959.3598,1038522,114,1.1921,-0.8813,0.9255,167.5115,213.0076,133.7557
302959.3598,1038532,114,1.1892,-0.8604,0.9299,147.4656,214.8550,137.6336
302959.3598,1038542,114,1.1345,-0.8469,0.8896,132.1679,221.3435,139.2977
302959.4812,1038552,115,1.0588,-0.8213,0.8430,122.9771,226.2595,137.4962
302959.4812,1038562,115,1.0586,-0.8394,0.8655,115.6031,226.2595,132.3053
302959.4812,1038572,115,1.0757,-0.9434,0.8960,114.7328,239.1756,130.1985
302959.4812,1038582,115,1.0107,-0.9626,0.9006,129.8473,258.4580,128.4122
302959.4812,1038592,115,0.9336,-0.9124,0.8777,144.3359,266.2901,127.3435
302959.4812,1038602,115,0.8611,-0.8760,0.8767,147.4351,264.4275,129.9542
302959.4812,1038612,115,0.8123,-0.8381,0.9011,143.0840,259.7099,134.4885
302959.4812,1038622,115,0.7668,-0.7891,0.9099,135.8015,252.3664,139.5878
302959.4812,1038632,115,0.7673,-0.7427,0.9314,129.8779,245.3588,143.3588
302959.4812,1038642,115,0.7375,-0.6956,0.9343,127.8321,243.4809,143.1603
302959.6004,1038652,116,0.6938,-0.6533,0.9607,128.5802,244.7939,140.5191
302959.6004,1038662,116,0.6631,-0.5999,0.9519,129.0229,248.2901,138.4580
302959.6004,1038672,116,0.5833,-0.5457,0.9194,128.7634,249.3130,132.8092
302959.6004,1038682,116,0.5039,-0.5122,0.8572,126.5496,243.5725,124.4885
302959.6004,1038692,116,0.4441,-0.4861,0.8291,124.0763,234.7939,114.8244
302959.6004,1038702,116,0.3882,-0.4680,0.8477,119.5573,230.5344,108.9008
302959.6004,1038712,116,0.3484,-0.4497,0.8354,113.4198,228.0458,107.0382
302959.6004,1038722,116,0.3040,-0.4109,0.8206,107.8168,222.6412,102.7481
302959.6004,1038732,116,0.2903,-0.3845,0.8438,101.8931,216.3053,97.4046
302959.6004,1038742,116,0.2891,-0.3970,0.8430,99.1603,215.1298,91.8473
302959.6605,1038752,117,0.2461,-0.4048,0.7844,102.0763,216.5344,84.6412
302959.6605,1038762,117,0.1436,-0.3660,0.7400,106.0611,213.7557,77.6183
302959.6605,1038772,117,0.1169,-0.3481,0.6855,105.6336,206.0305,74.0458
302959.6605,1038782,117,0.0564,-0.3645,0.6018,104.1985,199.5878,70.3359
302959.6605,1038792,117,-0.0801,-0.3362,0.5427,106.3206,193.4656,68.2290
302959.6605,1038802,117,-0.0923,-0.2793,0.5247,110.0458,177.2366,70.8855
302959.6605,1038812,117,-0.1191,-0.2229,0.5234,112.8855,161.8779,70.9160
302959.6605,1038822,117,-0.1458,-0.1558,0.5437,116.5496,148.6107,67.5420
302959.6605,1038832,117,-0.1306,-0.1328,0.5962,115.2824,135.6794,60.8702
302959.6605,1038842,117,-0.1016,-0.1716,0.6221,109.7863,129.5420,54.3359
302959.7793,1038852,118,-0.1194,-0.1943,0.6204,108.0153,125.7557,49.2214
302959.7793,1038862,118,-0.0913,-0.1909,0.6494,107.1145,118.7328,45.6947
302959.7793,1038872,118,-0.0552,-0.2119,0.6545,105.4046,118.7328,46.5496
302959.7793,1038882,118,-0.0908,-0.1797,0.6191,108.6870,123.2824,48.6718
302959.7793,1038892,118,-0.1091,-0.1245,0.5427,112.3053,120.4122,49.0992
302959.7793,1038902,118,-0.1221,-0.1033,0.4333,115.8779,115.0382,49.3130
302959.7793,1038912,118,-0.1702,-0.0574,0.3494,125.1450,112.3969,48.0611
302959.7793,1038922,118,-0.2456,0.0186,0.2993,134.3359,111.2824,48.1374
302959.7793,1038932,118,-0.2896,0.1055,0.2810,136.3817,105.1298,46.8855
302959.7793,1038942,118,-0.2947,0.1558,0.2820,131.1603,91.6947,41.9237
302959.9008,1038952,119,-0.2859,0.1580,0.2974,120.7481,80.7786,34.7634
302959.9008,1038962,119,-0.2864,0.1267,0.2964,108.1221,73.7099,27.5878
302959.9008,1038972,119,-0.3594,0.1099,0.3005,94.9771,64.0763,24.9771
302959.9008,1038982,119,-0.3635,0.0977,0.3157,82.8244,46.3359,26.5496
302959.9008,1038992,119,-0.3389,0.1094,0.3794,74.7328,26.2901,26.1679
302959.9008,1039002,119,-0.3140,0.1128,0.4604,67.1450,7.8321,23.9084
302959.9008,1039012,119,-0.2610,0.0962,0.5491,61.5267,-1.1603,21.9084
302959.9008,1039022,119,-0.2654,0.1094,0.6074,59.8931,1.2824,19.4809
302959.9008,1039032,119,-0.3022,0.1350,0.6267,55.3893,2.9466,17.3740
302959.9008,1039042,119,-0.3108,0.1558,0.6177,47.3435,2.8244,16.2443
302959.9605,1039052,120,-0.3511,0.1697,0.6108,42.2137,6.6718,14.5038
302959.9605,1039062,120,-0.3879,0.1860,0.5940,37.9237,8.1679,12.1527
302959.9605,1039072,120,-0.4404,0.2009,0.5708,32.3206,7.3282,10.2137
302959.9605,1039082,120,-0.4705,0.2083,0.5686,25.5267,4.1069,7.8321
302959.9605,1039092,120,-0.4917,0.1870,0.5698,18.2901,2.0763,6.0458
302959.9605,1039102,120,-0.5090,0.1731,0.5977,15.1298,0.3969,4.7634
302959.9605,1039112,120,-0.4917,0.1787,0.6445,14.1527,-3.0687,4.2595
302959.9605,1039122,120,-0.5078,0.1934,0.6941,14.3053,-2.1679,4.6107
302959.9605,1039132,120,-0.5098,0.2156,0.7107,14.2595,1.1298,4.4580
302959.9605,1039142,120,-0.5432,0.2124,0.7036,12.6718,5.9847,3.9084
302960.0802,1039152,121,-0.5762,0.2332,0.6929,11.6947,7.8321,3.7710
302960.0802,1039162,121,-0.6018,0.2480,0.6904,10.5954,6.3969,4.4275
302960.0802,1039172,121,-0.6257,0.2700,0.6936,11.2519,6.2137,5.0076
302960.0802,1039182,121,-0.6472,0.3098,0.6960,12.8550,6.0305,5.1450
302960.0802,1039192,121,-0.6631,0.3472,0.6919,12.6565,4.7328,5.0992
302960.0802,1039202,121,-0.6802,0.3882,0.6931,11.2061,3.9695,4.7176
302960.0802,1039212,121,-0.6780,0.4177,0.7063,9.6031,2.3969,4.4885
302960.0802,1039222,121,-0.6663,0.4348,0.7224,9.9389,2.0763,3.2977
302960.0802,1039232,121,-0.6587,0.4529,0.7407,12.9466,4.5038,1.0076
302960.0802,1039242,121,-0.6675,0.4895,0.7488,17.1756,8.1221,-1.5420
302960.2607,1039252,122,-0.6897,0.5239,0.7334,20.2290,9.5725,-4.9313
302960.2607,1039262,122,-0.7014,0.5483,0.7336,21.1908,9.0382,-8.0763
302960.2607,1039272,122,-0.7070,0.5747,0.7419,22.2748,8.2901,-10.2748
302960.2607,1039282,122,-0.7061,0.6057,0.7595,24.0000,8.8550,-12.9466
302960.2607,1039292,122,-0.7085,0.6228,0.7629,25.1450,10.2901,-16.1374
302960.2607,1039302,122,-0.7012,0.6475,0.7722,26.4275,9.5725,-19.5420
302960.2607,1039312,122,-0.6702,0.6721,0.7861,27.0076,8.4580,-23.4198
302960.2607,1039322,122,-0.6360,0.6580,0.7920,26.9008,10.8244,-28.6870
302960.2607,1039332,122,-0.6279,0.6274,0.7642,28.0153,15.3282,-35.2061
302960.2607,1039342,122,-0.6233,0.6018,0.7219,29.6641,18.4580,-40.0000
302960.2631,1039352,123,-0.6143,0.5911,0.6826,31.4046,19.4809,-42.0611
302960.2631,1039362,123,-0.6128,0.5918,0.6382,33.4198,19.1756,-44.1985
302960.2631,1039372,123,-0.5935,0.5925,0.5994,34.0153,17.4962,-47.8779
302960.2631,1039382,123,-0.5720,0.5574,0.5586,33.6489,17.2519,-51.9389
302960.2631,1039392,123,-0.5566,0.5122,0.5222,35.7405,19.8626,-55.8473
302960.2631,1039402,123,-0.5635,0.4919,0.4805,39.8931,21.9847,-59.3282
302960.2631,1039412,123,-0.5430,0.4680,0.4487,40.8397,19.4351,-61.4656
302960.2631,1039422,123,-0.4988,0.4407,0.4380,40.5802,17.2977,-63.1145
302960.2631,1039432,123,-0.4780,0.4399,0.4346,43.1450,17.1145,-65.4351
302960.2631,1039442,123,-0.4500,0.4526,0.4192,44.7176,14.1527,-68.6260
302960.3810,1039452,124,-0.4172,0.4524,0.3984,42.0153,10.1069,-72.2443
302960.3810,1039462,124,-0.3962,0.4155,0.3689,37.8779,6.7481,-77.5267
302960.3810,1039472,124,-0.3770,0.3357,0.3145,33.0840,6.4885,-83.3740
302960.3810,1039482,124,-0.3826,0.2737,0.2446,31.5878,6.4885,-87.2824
302960.3810,1039492,124,-0.3899,0.2319,0.1707,32.0916,1.2366,-88.3511
302960.3810,1039502,124,-0.3813,0.2068,0.1174,31.6183,-7.6794,-88.1374
302960.3810,1039512,124,-0.3589,0.1829,0.0981,30.0153,-17.5115,-87.5420
302960.3810,1039522,124,-0.3184,0.1494,0.1084,29.5878,-25.6031,-85.9237
302960.3810,1039532,124,-0.2974,0.1350,0.1145,32.3053,-31.9389,-85.2824
302960.3810,1039542,124,-0.2825,0.1147,0.1228,33.4198,-39.6641,-86.5038
302960.5006,1039552,125,-0.2734,0.0750,0.1387,32.1985,-48.8550,-88.0611
302960.5006,1039562,125,-0.2634,0.0166,0.1484,31.9695,-54.7176,-89.7710
302960.5006,1039572,125,-0.2637,-0.0176,0.1650,34.4427,-56.6565,-91.1450
302960.5006,1039582,125,-0.2485,-0.0664,0.1816,35.8779,-61.1756,-91.7863
302960.5006,1039592,125,-0.2163,-0.1055,0.2156,36.3969,-68.5954,-92.3053
302960.5006,1039602,125,-0.1709,-0.1289,0.2632,35.6183,-77.5573,-92.7176
302960.5006,1039612,125,-0.1284,-0.1375,0.3167,31.7252,-85.5115,-93.1450
302960.5006,1039622,125,-0.1360,-0.1809,0.3352,21.3740,-89.9695,-93.9084
302960.5006,1039632,125,-0.1646,-0.2712,0.2888,9.4198,-91.2519,-95.1145
302960.5006,1039642,125,-0.1865,-0.3552,0.2390,4.2748,-94.1374,-96.2748
302960.5594,1039652,126,-0.2097,-0.4446,0.1970,2.8702,-101.8779,-96.7634
302960.5594,1039662,126,-0.2061,-0.5310,0.1821,3.2519,-113.1908,-95.1908
302960.5594,1039672,126,-0.1887,-0.6052,0.2249,3.9695,-127.1450,-90.5344
302960.5594,1039682,126,-0.1672,-0.6614,0.3071,0.9466,-142.1374,-81.1298
302960.5594,1039692,126,-0.1467,-0.6519,0.4167,-2.8550,-155.3740,-69.7252
302960.5594,1039702,126,-0.0864,-0.6499,0.5432,-5.8321,-166.3206,-60.0000
302960.5594,1039712,126,-0.0549,-0.6379,0.6785,-4.8092,-166.4885,-54.8550
302960.5594,1039722,126,-0.1030,-0.6445,0.7571,-2.3053,-161.0534,-52.7481
302960.5594,1039732,126,-0.1179,-0.6987,0.7910,-4.1527,-159.0229,-50.1221
302960.5594,1039742,126,-0.1548,-0.7659,0.7952,-4.9924,-157.7557,-46.3817
302960.6811,1039752,127,-0.1831,-0.8481,0.7744,-3.4656,-158.2748,-41.1450
302960.6811,1039762,127,-0.1658,-0.9070,0.7983,2.8855,-159.4504,-33.6031
302960.6811,1039772,127,-0.1562,-0.9075,0.8582,10.3206,-163.3435,-23.1450
302960.6811,1039782,127,-0.0886,-0.8313,0.9460,14.9008,-169.9084,-8.3511
302960.6811,1039792,127,-0.0503,-0.6829,1.0850,17.7405,-173.6031,3.5420
302960.6811,1039802,127,-0.0117,-0.5127,1.2241,17.9389,-178.2748,8.4275
302960.6811,1039812,127,0.0090,-0.3787,1.3113,12.5649,-176.8702,7.3893
302960.6811,1039822,127,-0.0784,-0.3596,1.2986,0.4580,-167.7252,-0.6412
302960.6811,1039832,127,-0.1611,-0.5198,1.1855,-17.8626,-159.4962,-10.7481
302960.6811,1039842,127,-0.2092,-0.7263,1.1018,-31.8931,-153.8321,-13.6489
302960.7995,1039852,128,-0.2034,-0.8840,1.1228,-36.4885,-156.7786,-6.5954
302960.7995,1039862,128,-0.1292,-0.9570,1.2144,-33.4809,-165.7710,9.1145
302960.7995,1039872,128,-0.0559,-0.9006,1.4021,-25.6183,-174.4580,26.4275
302960.7995,1039882,128,0.0112,-0.8501,1.5684,-21.2519,-178.1221,44.6107
302960.7995,1039892,128,0.0039,-0.7651,1.6687,-13.6641,-168.5496,58.3053
302960.7995,1039902,128,-0.0803,-0.7207,1.6970,-11.5115,-155.3282,66.8244
302960.7995,1039912,128,-0.1262,-0.7654,1.6758,-16.8092,-146.4580,72.3817
302960.7995,1039922,128,-0.1445,-0.8420,1.6975,-18.8855,-139.3282,78.2290
302960.7995,1039932,128,-0.1289,-0.8564,1.7715,-13.7863,-137.3893,88.7481
302960.7995,1039942,128,-0.0696,-0.8110,1.8665,-6.1374,-134.5954,103.1908
302960.8603,1039952,129,-0.0784,-0.7346,1.9846,-0.4580,-126.9466,116.6260
302960.8603,1039962,129,-0.0806,-0.6318,2.0903,3.9847,-118.7634,129.3740
302960.8603,1039972,129,-0.0591,-0.5093,2.1687,7.8015,-107.7863,138.5954
302960.8603,1039982,129,-0.0574,-0.4536,2.1934,6.1374,-93.9389,142.3053
302960.8603,1039992,129,-0.0476,-0.4612,2.1860,2.3817,-79.5267,142.9771
302960.8603,1040002,129,-0.0154,-0.4717,2.1809,1.1908,-64.5038,145.5573
302960.8603,1040012,129,0.0020,-0.4390,2.1689,1.7557,-50.0763,153.4962
302960.8603,1040022,129,0.0154,-0.3477,2.1626,2.7176,-39.0076,165.1908
302960.8603,1040032,129,0.0325,-0.2053,2.1670,3.0687,-28.8244,176.2137
302960.8603,1040042,129,0.0652,-0.0623,2.1643,-0.5496,-17.9542,183.0992
302960.9810,1040052,130,0.0647,0.0452,2.1511,-4.8244,-3.9389,182.1679
302960.9810,1040062,130,0.0554,0.1218,2.1316,-5.8321,9.0076,171.0992
302960.9810,1040072,130,0.0361,0.1621,2.0942,-8.3511,20.7786,157.6183
302960.9810,1040082,130,0.0496,0.1614,2.0647,-13.8626,32.1832,147.2824
302960.9810,1040092,130,0.0537,0.1785,2.0505,-17.9237,43.7252,140.6870
302960.9810,1040102,130,0.0647,0.1980,2.0247,-21.4198,53.0534,136.8244
302960.9810,1040112,130,0.0859,0.2375,1.9944,-23.8931,62.4733,133.7099
302960.9810,1040122,130,0.0938,0.2839,1.9543,-26.9771,72.5649,130.3206
302960.9810,1040132,130,0.0984,0.2954,1.9060,-30.6412,83.0534,125.6183
302960.9810,1040142,130,0.0898,0.2939,1.8447,-31.7863,92.7481,119.0534
302961.0992,1040152,131,0.0715,0.2937,1.7900,-30.0611,100.3664,112.4733
302961.0992,1040162,131,0.0732,0.3030,1.7498,-25.4809,105.8015,106.9618
302961.0992,1040172,131,0.0745,0.3408,1.7419,-19.8015,109.4351,102.3969
302961.0992,1040182,131,0.0891,0.3738,1.7156,-15.9542,113.1450,99.0076
302961.0992,1040192,131,0.0784,0.4104,1.6812,-13.3893,118.3969,95.4504
302961.0992,1040202,131,0.0762,0.4546,1.6592,-10.2901,121.6641,91.7710
302961.0992,1040212,131,0.0974,0.4990,1.6328,-6.7481,123.9084,86.5038
302961.0992,1040222,131,0.0872,0.4961,1.5769,-5.3893,129.5878,78.3817
302961.0992,1040232,131,0.0676,0.4658,1.4976,-4.7939,135.8168,70.6565
302961.0992,1040242,131,0.0515,0.4490,1.4292,-2.1221,138.1985,64.6412
302961.1616,1040252,132,0.0444,0.4436,1.3696,1.9389,138.1069,59.0076
302961.1616,1040262,132,0.0483,0.4495,1.3486,6.0305,136.7939,54.3969
302961.1616,1040272,132,0.0537,0.4250,1.2971,9.7252,135.6489,49.6794
302961.1616,1040282,132,0.0315,0.4133,1.2461,14.5649,138.7634,45.4198
302961.1616,1040292,132,0.0168,0.4067,1.1924,20.0916,138.0458,42.0153
302961.1616,1040302,132,0.0439,0.3772,1.1650,26.0458,137.1756,37.7099
302961.1616,1040312,132,0.0332,0.3672,1.1418,34.5496,139.0840,33.2519
302961.1616,1040322,132,0.0166,0.3840,1.0942,41.8779,139.6641,29.7099
302961.1616,1040332,132,-0.0151,0.3914,1.0369,44.7328,140.7634,26.1679
302961.1616,1040342,132,-0.0359,0.3784,0.9763,45.6794,140.1374,22.0611
302961.2811,1040352,133,-0.0667,0.3594,0.9160,46.9160,137.6794,17.2977
302961.2811,1040362,133,-0.0901,0.3455,0.8718,48.6565,134.4427,13.9389
302961.2811,1040372,133,-0.0959,0.3486,0.8413,51.3588,129.3740,10.8855
302961.2811,1040382,133,-0.1060,0.3650,0.8264,54.1374,125.8473,7.5573
302961.2811,1040392,133,-0.1191,0.3782,0.7954,56.3206,122.3206,3.0992
302961.2811,1040402,133,-0.1282,0.3508,0.7502,56.9618,119.3282,-2.6565
302961.2811,1040412,133,-0.1301,0.3154,0.7200,59.1603,117.0992,-8.6107
302961.2811,1040422,133,-0.1194,0.2991,0.6978,64.3511,113.4809,-13.5115
302961.2811,1040432,133,-0.1128,0.2869,0.6638,68.9924,111.0534,-18.7939
302961.2811,1040442,133,-0.1187,0.2834,0.6211,70.4580,109.4046,-23.8015
302961.4012,1040452,134,-0.1272,0.2593,0.5610,68.7176,106.1069,-27.6489
302961.4012,1040462,134,-0.1558,0.2305,0.5161,67.1298,103.4809,-30.4122
302961.4012,1040472,134,-0.1616,0.2339,0.4902,68.0916,99.2061,-32.4275
302961.4012,1040482,134,-0.1821,0.2202,0.4578,68.2290,95.1603,-34.7328
302961.4012,1040492,134,-0.2117,0.1968,0.4111,68.8397,91.4198,-37.4656
302961.4012,1040502,134,-0.2571,0.1794,0.3721,70.5649,87.1450,-39.5878
302961.4012,1040512,134,-0.3018,0.1804,0.3555,73.4351,81.3435,-40.2748
302961.4012,1040522,134,-0.3284,0.1826,0.3506,76.7023,73.8321,-40.9313
302961.4012,1040532,134,-0.3438,0.1980,0.3621,79.6489,66.7786,-42.7939
302961.4012,1040542,134,-0.3633,0.1870,0.3640,80.8855,61.4198,-45.8626
302961.4604,1040552,135,-0.4011,0.1663,0.3530,81.2214,56.2901,-49.5878
302961.4604,1040562,135,-0.4314,0.1360,0.3655,80.2595,50.9008,-53.5115
302961.4604,1040572,135,-0.4370,0.0969,0.3977,78.1832,43.5420,-56.4275
302961.4604,1040582,135,-0.4561,0.0437,0.4495,74.3359,37.5878,-58.5802
302961.4604,1040592,135,-0.4380,-0.0276,0.5132,70.0153,34.2137,-59.1908
302961.4604,1040602,135,-0.4292,-0.0891,0.5635,68.6412,34.5954,-56.4733
302961.4604,1040612,135,-0.4180,-0.1152,0.6025,71.5267,36.3511,-50.9771
302961.4604,1040622,135,-0.4185,-0.0664,0.6316,78.2443,37.8931,-44.0458
302961.4604,1040632,135,-0.4207,0.0137,0.6421,84.3053,38.7939,-39.6947
302961.4604,1040642,135,-0.4438,0.1013,0.6174,85.9847,41.5115,-39.2824
302961.5816,1040652,136,-0.4915,0.1609,0.5564,83.4962,43.8473,-42.1985
302961.5816,1040662,136,-0.5383,0.1682,0.4895,76.8550,44.8702,-48.6565
302961.5816,1040672,136,-0.5308,0.1338,0.4312,68.1221,43.6641,-55.5573
302961.5816,1040682,136,-0.5681,0.0811,0.3809,60.8855,41.3130,-59.0076
302961.5816,1040692,136,-0.6162,0.0586,0.3774,59.1450,37.5420,-59.3130
302961.5816,1040702,136,-0.5371,0.0757,0.4126,62.3664,31.9695,-58.2748
302961.5816,1040712,136,-0.5466,0.0876,0.3879,66.3664,33.2672,-60.9313
302961.5816,1040722,136,-0.6023,0.0544,0.3364,66.3511,35.6489,-67.1450
302961.5816,1040732,136,-0.6223,0.0349,0.3330,66.3053,34.1527,-69.8779
302961.5816,1040742,136,-0.5845,0.0393,0.3718,70.7481,25.1298,-71.6183
302961.7008,1040752,137,-0.3921,0.0681,0.4346,78.5954,17.2214,-75.9695
302961.7008,1040762,137,-0.4180,0.0967,0.4487,81.2519,20.8244,-79.4809
302961.7008,1040772,137,-0.3940,0.1045,0.4397,79.8168,24.0000,-88.0763
302961.7008,1040782,137,-0.3401,0.0813,0.4036,77.4046,23.7557,-96.0763
302961.7008,1040792,137,-0.2385,0.0188,0.3191,74.0305,24.9771,-101.6183
302961.7008,1040802,137,-0.3247,-0.0830,0.1790,67.2977,30.2137,-104.1069
302961.7008,1040812,137,-0.4133,-0.1514,0.0491,61.6031,35.5878,-102.0153
302961.7008,1040822,137,-0.4775,-0.1587,-0.1042,61.2061,31.6031,-89.7405
302961.7008,1040832,137,-0.4878,-0.1965,-0.1963,62.9313,22.5954,-83.6947
302961.7008,1040842,137,-0.5430,-0.2405,-0.2437,67.0840,14.3359,-81.2672
302961.7595,1040852,138,-0.5537,-0.2053,-0.2358,78.4885,0.8855,-74.0153
302961.7595,1040862,138,-0.4014,-0.1680,-0.1687,86.9160,-19.4656,-72.3664
302961.7595,1040872,138,-0.3445,-0.2075,-0.0540,84.9466,-30.6107,-72.4427
302961.7595,1040882,138,-0.2966,-0.2244,0.0781,81.5267,-35.9237,-70.1832
302961.7595,1040892,138,-0.1863,-0.2749,0.2029,77.1908,-47.0229,-69.4656
302961.7595,1040902,138,-0.1946,-0.3547,0.2424,70.3664,-50.5954,-70.5038
302961.7595,1040912,138,-0.2783,-0.4678,0.1560,62.3969,-49.4351,-68.1832
302961.7595,1040922,138,-0.4077,-0.5076,0.0405,60.9771,-48.3053,-59.4809
302961.7595,1040932,138,-0.3535,-0.4946,-0.0068,66.7634,-57.8473,-47.2061
302961.7595,1040942,138,-0.4414,-0.4355,0.0269,76.1985,-67.8779,-40.5802
302961.8804,1040952,139,-0.3804,-0.3159,0.0720,77.4656,-88.9313,-38.6565
302961.8804,1040962,139,-0.3008,-0.2310,0.1387,67.6947,-110.3206,-40.3359
302961.8804,1040972,139,-0.2771,-0.1680,0.2671,52.6412,-126.0763,-44.6870
302961.8804,1040982,139,-0.2300,-0.2319,0.3582,30.9618,-140.6565,-53.2519
302961.8804,1040992,139,-0.2139,-0.4480,0.3877,13.6336,-145.3893,-66.4733
302961.8804,1041002,139,-0.2393,-0.7207,0.3740,6.5649,-140.8702,-75.5420
302961.8804,1041012,139,-0.2395,-0.9309,0.3364,5.1145,-133.9237,-67.7557
302961.8804,1041022,139,-0.3694,-1.0286,0.3604,12.2443,-135.0382,-50.6870
302961.8804,1041032,139,-0.2378,-0.9502,0.4490,24.8550,-149.6489,-30.4885
302961.8804,1041042,139,-0.1321,-0.7791,0.6045,36.3053,-164.2137,-15.7252
302962.0004,1041052,140,-0.1702,-0.6155,0.7437,39.6031,-167.2214,-8.7176
302962.0004,1041062,140,-0.1663,-0.4888,0.8337,30.8855,-171.3282,-10.1832
302962.0004,1041072,140,-0.2161,-0.6003,0.8032,10.2290,-176.7328,-18.2748
302962.0004,1041082,140,-0.2905,-0.8440,0.7593,-8.3359,-176.3969,-25.0840
302962.0004,1041092,140,-0.2769,-1.0122,0.7908,-12.2443,-183.5725,-21.7710
302962.0004,1041102,140,-0.1741,-1.0627,0.9062,-6.9160,-196.2443,-10.9466
302962.0004,1041112,140,-0.0493,-1.0229,1.0679,-1.8321,-204.0305,2.9313
302962.0004,1041122,140,-0.0017,-0.9170,1.2107,0.0000,-202.4733,19.1450
302962.0004,1041132,140,-0.0364,-0.8362,1.2773,-1.7557,-195.2672,32.7786
302962.0004,1041142,140,-0.1479,-0.8513,1.2732,-7.7099,-181.8931,40.2595
302962.1198,1041152,141,-0.2102,-0.8438,1.3120,-8.8397,-172.6870,44.7634
302962.1198,1041162,141,-0.2029,-0.8237,1.3857,-10.1221,-171.5725,50.4122
302962.1198,1041172,141,-0.1501,-0.7605,1.5134,-13.4656,-171.0229,57.0687
302962.1198,1041182,141,-0.1423,-0.6592,1.6282,-19.1756,-168.0305,64.7023
302962.1198,1041192,141,-0.2034,-0.6528,1.6379,-29.2214,-160.8397,69.0687
302962.1198,1041202,141,-0.2996,-0.6931,1.6511,-38.7023,-150.3664,69.0229
302962.1198,1041212,141,-0.3684,-0.7502,1.6824,-44.2290,-144.5802,72.2748
302962.1198,1041222,141,-0.3533,-0.7703,1.7568,-43.7710,-141.7710,76.1069
302962.1198,1041232,141,-0.3364,-0.7671,1.8311,-43.2214,-136.1069,80.8855
302962.1198,1041242,141,-0.3098,-0.7537,1.8696,-43.8168,-127.8168,89.2519
302962.1792,1041252,142,-0.2712,-0.7095,1.8975,-42.9771,-119.0534,96.7481
302962.1792,1041262,142,-0.2524,-0.6382,1.9290,-43.9847,-112.0000,102.7939
302962.1792,1041272,142,-0.2327,-0.6003,1.9421,-48.6107,-106.4580,108.8397
302962.1792,1041282,142,-0.2126,-0.6047,1.9229,-53.4962,-98.2137,112.2595
302962.1792,1041292,142,-0.2468,-0.6357,1.8750,-57.3130,-88.0458,114.8244
302962.1792,1041302,142,-0.2571,-0.7014,1.8174,-58.6107,-79.2977,119.2672
302962.1792,1041312,142,-0.2771,-0.7368,1.8018,-53.2366,-71.3130,125.8931
302962.1792,1041322,142,-0.2537,-0.6726,1.8535,-42.8855,-66.0305,137.6641
302962.1792,1041332,142,-0.2212,-0.5356,1.9348,-32.9160,-60.6718,150.1985
302962.1792,1041342,142,-0.1892,-0.4016,2.0029,-27.4198,-52.5649,158.0305
302962.3008,1041352,143,-0.1882,-0.3225,2.0139,-25.5573,-40.4275,160.9160
302962.3008,1041362,143,-0.1846,-0.2781,2.0190,-23.2366,-27.6183,159.5267
302962.3008,1041372,143,-0.1841,-0.2405,2.0200,-22.3664,-16.9771,157.8015
302962.3008,1041382,143,-0.1580,-0.1863,2.0056,-23.2672,-7.3588,158.8397
302962.3008,1041392,143,-0.1372,-0.1211,1.9824,-23.2519,2.4122,159.4962
302962.3008,1041402,143,-0.1335,-0.0569,1.9517,-22.7786,11.9847,158.1985
302962.3008,1041412,143,-0.1382,0.0103,1.9077,-23.2519,21.1450,156.4733
302962.3008,1041422,143,-0.1313,0.0588,1.8713,-24.6260,29.6489,153.4351
302962.3008,1041432,143,-0.1272,0.0720,1.8389,-25.8321,37.5725,148.2443
302962.3008,1041442,143,-0.1208,0.0850,1.8193,-26.5649,46.0305,143.8473
302962.4193,1041452,144,-0.1194,0.1267,1.8025,-26.7328,53.3130,142.3359
302962.4193,1041462,144,-0.1018,0.1880,1.8027,-25.8321,60.2443,140.5344
302962.4193,1041472,144,-0.0930,0.2517,1.7915,-25.2824,68.4733,136.5649
302962.4193,1041482,144,-0.0938,0.2935,1.7490,-24.9618,76.3664,129.7557
302962.4193,1041492,144,-0.1145,0.3071,1.6980,-26.6565,84.6718,120.9771
302962.4193,1041502,144,-0.1418,0.3210,1.6326,-28.2748,90.5038,113.0382
302962.4193,1041512,144,-0.1301,0.3220,1.5925,-29.0687,92.8397,105.1603
302962.4193,1041522,144,-0.1240,0.2869,1.5374,-28.2290,96.0153,97.2672
302962.4193,1041532,144,-0.1287,0.2720,1.5012,-23.7863,99.6031,90.9008
302962.4193,1041542,144,-0.1382,0.2983,1.4670,-18.7939,101.2366,87.0687
302962.4813,1041552,145,-0.1272,0.3208,1.4373,-15.9695,102.7939,84.3817
302962.4813,1041562,145,-0.1172,0.3462,1.3994,-12.8244,105.4351,80.7481
302962.4813,1041572,145,-0.1028,0.3682,1.3289,-5.3588,111.2824,71.4504
302962.4813,1041582,145,-0.1028,0.3682,1.3289,-5.3588,111.2824,71.4504
302962.4813,1041592,145,-0.1240,0.3525,1.2744,-1.1298,115.4046,66.6260
302962.4813,1041602,145,-0.1499,0.3394,1.2092,5.9084,118.4427,61.9695
302962.4813,1041612,145,-0.1812,0.3589,1.1536,14.5344,120.1069,58.8092
302962.4813,1041622,145,-0.1929,0.4082,1.1213,22.8244,120.1832,56.0916
302962.4813,1041632,145,-0.1843,0.4622,1.1157,29.9237,118.3053,52.0611
302962.4813,1041642,145,-0.1880,0.5134,1.0999,35.0076,116.6260,45.4198
302962.5997,1041652,146,-0.1799,0.5222,1.0613,36.0611,116.0305,36.8244
302962.5997,1041662,146,-0.1960,0.4934,1.0178,34.2595,117.4198,28.2443
302962.5997,1041672,146,-0.2024,0.4858,0.9692,33.9389,116.3511,22.5191
302962.5997,1041682,146,-0.1826,0.4680,0.9397,35.7863,113.5115,17.4656
302962.5997,1041692,146,-0.1921,0.4255,0.8999,38.5802,113.4656,10.8092
302962.5997,1041702,146,-0.1982,0.3906,0.8557,42.1527,113.7099,5.1145
302962.5997,1041712,146,-0.2058,0.3621,0.8064,45.1298,111.8779,1.2672
302962.5997,1041722,146,-0.2144,0.3438,0.7820,46.9160,109.9389,-0.7481
302962.5997,1041732,146,-0.2312,0.3352,0.7524,50.4733,106.5954,-2.8397
302962.5997,1041742,146,-0.2490,0.3362,0.7361,55.2366,103.7252,-6.5344
302962.7205,1041752,147,-0.2585,0.3359,0.7180,58.7328,101.6489,-11.1450
302962.7205,1041762,147,-0.2649,0.3125,0.6973,59.1450,99.3588,-15.4046
302962.7205,1041772,147,-0.2776,0.2524,0.6575,58.3511,98.2901,-19.3740
302962.7205,1041782,147,-0.3040,0.2102,0.6174,60.8702,96.5496,-21.6336
302962.7205,1041792,147,-0.3218,0.2097,0.5850,66.3359,93.2061,-22.1527
302962.7205,1041802,147,-0.3398,0.2334,0.5654,72.5496,88.7328,-22.7786
302962.7205,1041812,147,-0.3345,0.2559,0.5586,76.8550,83.7710,-24.5954
302962.7205,1041822,147,-0.3416,0.2502,0.5354,80.2290,80.5496,-28.0611
302962.7205,1041832,147,-0.3647,0.2712,0.5105,84.7634,78.9618,-32.0611
302962.7205,1041842,147,-0.3687,0.2913,0.4768,85.3588,74.5191,-36.1221
302962.7818,1041852,148,-0.3718,0.2910,0.4670,82.0763,69.4504,-40.6412
302962.7818,1041862,148,-0.3767,0.2617,0.4375,77.8626,66.5802,-45.5115
302962.7818,1041872,148,-0.4038,0.2263,0.4111,76.0916,64.8244,-50.3511
302962.7818,1041882,148,-0.4026,0.1985,0.3887,76.4580,59.2061,-54.3817
302962.7818,1041892,148,-0.3828,0.1643,0.3994,76.3817,53.3893,-57.4504
302962.7818,1041902,148,-0.3669,0.1611,0.4241,78.7328,49.6489,-58.5191
302962.7818,1041912,148,-0.3418,0.1619,0.4192,83.0076,46.2137,-60.7328
302962.7818,1041922,148,-0.3940,0.1262,0.3772,83.9389,47.2977,-64.1832
302962.7818,1041932,148,-0.4236,0.1116,0.3406,83.4504,45.0840,-65.3282
302962.7818,1041942,148,-0.4275,0.1028,0.3232,82.1985,40.1069,-65.7863
302962.9000,1041952,149,-0.4441,0.1072,0.3193,81.7710,36.0611,-66.5038
302962.9000,1041962,149,-0.4226,0.1394,0.3438,82.1374,29.8473,-67.5725
302962.9000,1041972,149,-0.4189,0.1423,0.3533,80.4122,27.4809,-71.7863
302962.9000,1041982,149,-0.4185,0.1147,0.3457,75.9389,25.9847,-76.2137
302962.9000,1041992,149,-0.4160,0.0732,0.3215,71.3893,22.3969,-79.4504
302962.9000,1042002,149,-0.4197,0.0500,0.3115,68.5038,18.5191,-81.0992
302962.9000,1042012,149,-0.3936,0.0403,0.3098,68.3206,13.6336,-82.6107
302962.9000,1042022,149,-0.3843,0.0417,0.3069,68.8855,11.5267,-85.6947
302962.9000,1042032,149,-0.4080,0.0051,0.2493,66.1679,10.1832,-88.9771
302962.9000,1042042,149,-0.4304,-0.0540,0.1963,62.6260,7.0534,-91.2214
302962.9596,1042052,150,-0.4275,-0.1079,0.1870,61.2977,0.6107,-92.1069
302962.9596,1042062,150,-0.4319,-0.1516,0.1890,61.9695,-6.0000,-90.9618
302962.9596,1042072,150,-0.4031,-0.1794,0.2163,65.1756,-12.5802,-89.2672
302962.9596,1042082,150,-0.3669,-0.1990,0.2495,68.0000,-17.8779,-87.4809
302962.9596,1042092,150,-0.3452,-0.2224,0.2612,68.8397,-20.5649,-85.2519
302962.9596,1042102,150,-0.3342,-0.2473,0.2761,68.8855,-24.1832,-83.0534
302962.9596,1042112,150,-0.3203,-0.2727,0.2859,69.3588,-30.0000,-80.1069
302962.9596,1042122,150,-0.3054,-0.2727,0.2976,71.1908,-34.9466,-76.5649
302962.9596,1042132,150,-0.3032,-0.2917,0.2959,72.5191,-39.0382,-74.3206
302962.9596,1042142,150,-0.3225,-0.3257,0.2449,72.5954,-38.8702,-72.9160
302963.0803,1042152,151,-0.3738,-0.3308,0.1741,73.3740,-39.0076,-70.1527
302963.0803,1042162,151,-0.3984,-0.3550,0.1084,72.8855,-45.5267,-67.0992
302963.0803,1042172,151,-0.3892,-0.3503,0.0940,75.0840,-54.2443,-65.2061
302963.0803,1042182,151,-0.3718,-0.3149,0.1384,77.3893,-65.2366,-63.9542
302963.0803,1042192,151,-0.3254,-0.2646,0.2188,75.3282,-77.5115,-63.8321
302963.0803,1042202,151,-0.2822,-0.2432,0.3057,69.0687,-87.8626,-66.2595
302963.0803,1042212,151,-0.2478,-0.3325,0.3560,60.4122,-93.9695,-71.2824
302963.0803,1042222,151,-0.2605,-0.4368,0.3574,54.9160,-92.6107,-74.3969
302963.0803,1042232,151,-0.2949,-0.5159,0.3289,52.7328,-94.5191,-73.2672
302963.0803,1042242,151,-0.3025,-0.6096,0.2988,52.1985,-98.9771,-70.1527
302963.2005,1042252,152,-0.2817,-0.6743,0.3005,55.7099,-105.6031,-66.4122
302963.2005,1042262,152,-0.2310,-0.6965,0.3464,59.6489,-113.7252,-59.8168
302963.2005,1042272,152,-0.1941,-0.6643,0.4192,60.2137,-121.8626,-51.2672
302963.2005,1042282,152,-0.1521,-0.6262,0.5200,56.5802,-131.0992,-44.8855
302963.2005,1042292,152,-0.1592,-0.6655,0.5439,48.5802,-136.8855,-41.6947
302963.2005,1042302,152,-0.1689,-0.7124,0.5571,43.1756,-138.1832,-39.1450
302963.2005,1042312,152,-0.1514,-0.7329,0.6279,41.6031,-144.5191,-34.7176
302963.2005,1042322,152,-0.0774,-0.7527,0.8042,36.0458,-149.9542,-23.9695
302963.2005,1042332,152,-0.1016,-0.7532,0.8337,30.6107,-148.9618,-18.7939
302963.2005,1042342,152,-0.1484,-0.7646,0.8486,23.4198,-146.9008,-13.3130
302963.2591,1042352,153,-0.1938,-0.7625,0.8606,17.3130,-147.0076,-7.0992
302963.2591,1042362,153,-0.2063,-0.7781,0.8857,13.3740,-150.4275,-1.8931
302963.2591,1042372,153,-0.1770,-0.7727,0.9570,12.1221,-154.5344,2.0611
302963.2591,1042382,153,-0.1130,-0.7529,1.0464,10.2901,-158.4427,6.5038
302963.2591,1042392,153,-0.0569,-0.7334,1.1394,5.3282,-159.0534,10.0763
302963.2591,1042402,153,-0.0325,-0.6650,1.2410,-3.2061,-155.9084,14.6412
302963.2591,1042412,153,-0.0557,-0.5657,1.2988,-16.7939,-150.0763,22.5191
302963.2591,1042422,153,-0.0845,-0.4875,1.3279,-34.0305,-145.1603,29.8321
302963.2591,1042432,153,-0.1379,-0.5344,1.2671,-52.2137,-139.3130,33.7405
302963.2591,1042442,153,-0.1707,-0.5920,1.2007,-61.9389,-132.6718,32.9313
302963.3817,1042452,154,-0.1763,-0.6653,1.1636,-64.3206,-130.4733,28.6412
302963.3817,1042462,154,-0.1287,-0.7590,1.1221,-65.6489,-130.5038,23.8168
302963.3817,1042472,154,-0.1160,-0.9209,1.0652,-66.7176,-130.9618,23.1145
302963.3817,1042482,154,-0.1125,-1.0830,1.0266,-62.0916,-135.0229,29.4656
302963.3817,1042492,154,-0.0940,-1.1135,1.1172,-48.0153,-142.5038,42.6260
302963.3817,1042502,154,-0.0498,-1.0190,1.2561,-32.0916,-150.0305,59.8931
302963.3817,1042512,154,-0.0017,-0.9021,1.4050,-22.1221,-153.1756,73.6947
302963.3817,1042522,154,0.0474,-0.7935,1.5652,-18.4427,-152.0916,83.5267
302963.3817,1042532,154,0.0315,-0.7322,1.6267,-21.2214,-143.5573,89.3740
302963.3817,1042542,154,-0.0054,-0.7283,1.6658,-25.9084,-133.2061,91.4504
302963.5002,1042552,155,-0.0505,-0.7112,1.6826,-25.9695,-125.1603,93.6641
302963.5002,1042562,155,-0.0427,-0.7192,1.6914,-26.2595,-119.2519,95.8015
302963.5002,1042572,155,-0.0645,-0.6992,1.7351,-26.3817,-113.4351,98.6260
302963.5002,1042582,155,-0.0181,-0.6274,1.7822,-25.2214,-109.5573,105.2672
302963.5002,1042592,155,0.0332,-0.5637,1.8325,-24.7634,-102.9466,108.6870
302963.5002,1042602,155,0.0293,-0.5156,1.8682,-27.7710,-92.0916,109.9695
302963.5002,1042612,155,-0.0083,-0.4976,1.8345,-33.0076,-78.1985,112.4885
302963.5002,1042622,155,-0.0649,-0.5266,1.7639,-37.2519,-66.4427,113.6031
302963.5002,1042632,155,-0.0979,-0.5757,1.7156,-37.5878,-59.6947,115.2214
302963.5002,1042642,155,-0.0867,-0.6023,1.6926,-33.1145,-57.0840,120.5038
302963.5599,1042652,156,-0.0610,-0.6233,1.7156,-27.5573,-55.0687,127.6947
302963.5599,1042662,156,-0.0291,-0.6050,1.7585,-21.9237,-51.2214,138.7328
302963.5599,1042672,156,0.0483,-0.5215,1.8235,-13.9237,-45.2061,152.2290
302963.5599,1042682,156,0.1235,-0.4341,1.8672,-7.0229,-36.0153,162.7176
302963.5599,1042692,156,0.1238,-0.3127,1.8796,-2.7786,-22.7176,171.4504
302963.5599,1042702,156,0.0945,-0.1521,1.8845,0.7023,-10.5191,177.2519
302963.5599,1042712,156,0.0640,-0.0139,1.8735,1.3588,-1.9084,175.7252
302963.5599,1042722,156,0.0066,0.0876,1.8494,-2.9466,7.0840,167.8015
302963.5599,1042732,156,-0.0229,0.1238,1.7920,-11.1756,15.5725,157.1603
302963.5599,1042742,156,-0.0640,0.0854,1.7229,-20.5802,23.5115,144.1374
302963.6812,1042752,157,-0.1013,0.0107,1.6528,-28.4580,29.6336,132.7023
302963.6812,1042762,157,-0.1096,-0.0657,1.6030,-32.4122,31.6947,126.0458
302963.6812,1042772,157,-0.0911,-0.1182,1.5847,-31.2061,32.3206,122.0000
302963.6812,1042782,157,-0.0681,-0.1433,1.5955,-27.3893,34.3817,120.7328
302963.6812,1042792,157,-0.0249,-0.1309,1.6064,-22.7176,39.2519,121.2061
302963.6812,1042802,157,-0.0234,-0.0820,1.5964,-18.2443,47.6031,121.6489
302963.6812,1042812,157,-0.0457,-0.0283,1.5852,-14.7481,55.1908,120.5038
302963.6812,1042822,157,-0.0493,0.0173,1.5569,-11.2519,59.8473,117.1908
302963.6812,1042832,157,-0.0513,0.0718,1.5476,-8.4122,64.4885,112.1069
302963.6812,1042842,157,-0.0659,0.0974,1.5186,-9.6183,69.6336,106.0611
302963.8002,1042852,158,-0.0840,0.0698,1.4636,-13.1145,75.3130,99.6641
302963.8002,1042862,158,-0.0935,0.0325,1.4155,-12.9924,80.3817,94.4427
302963.8002,1042872,158,-0.1094,0.0205,1.3901,-9.3893,82.4122,91.0076
302963.8002,1042882,158,-0.1157,0.0491,1.3843,-3.9389,82.3511,89.1145
302963.8002,1042892,158,-0.0938,0.0952,1.3916,1.7099,82.8092,87.0229
302963.8002,1042902,158,-0.0752,0.1470,1.4084,6.0763,85.3740,83.2214
302963.8002,1042912,158,-0.0635,0.1963,1.3987,9.7405,88.9466,77.2061
302963.8002,1042922,158,-0.0796,0.2200,1.3652,11.3130,93.3893,69.8168
302963.8002,1042932,158,-0.0955,0.2280,1.3013,11.3740,97.1450,62.4122
302963.8002,1042942,158,-0.1116,0.2346,1.2500,10.9313,99.8626,55.7405
302963.8604,1042952,159,-0.1238,0.2156,1.2068,8.6870,102.2290,50.0763
302963.8604,1042962,159,-0.1360,0.2007,1.1685,8.6565,103.4351,45.1908
302963.8604,1042972,159,-0.1260,0.1836,1.1497,11.3588,103.0382,41.3740
302963.8604,1042982,159,-0.1448,0.1860,1.1265,15.0992,103.8168,37.9084
302963.8604,1042992,159,-0.1643,0.1799,1.0898,17.5725,104.6260,34.7786
302963.8604,1043002,159,-0.2012,0.1443,1.0337,19.2977,105.7405,31.1145
302963.8604,1043012,159,-0.2214,0.1165,0.9980,22.6870,105.8015,28.4275
302963.8604,1043022,159,-0.2344,0.1160,0.9778,27.8015,103.4809,26.7328
302963.8604,1043032,159,-0.2395,0.1196,0.9692,33.0076,99.9847,24.9771
302963.8604,1043042,159,-0.2429,0.1230,0.9575,37.2366,97.9237,22.2748
302963.9809,1043052,160,-0.2610,0.1196,0.9424,40.0458,97.5725,19.8168
302963.9809,1043062,160,-0.2610,0.1233,0.9395,41.1908,96.6870,18.7786
302963.9809,1043072,160,-0.2534,0.1299,0.9351,43.1450,95.2977,17.0687
302963.9809,1043082,160,-0.2522,0.1360,0.9285,46.4122,93.8626,14.0000
302963.9809,1043092,160,-0.2627,0.1311,0.9172,49.7099,94.1069,10.4427
302963.9809,1043102,160,-0.2649,0.1221,0.8857,52.9008,94.9924,7.8626
302963.9809,1043112,160,-0.2627,0.1294,0.8540,56.8550,93.2672,5.5878
302963.9809,1043122,160,-0.2415,0.1272,0.8286,61.1450,89.8321,1.9389
302963.9809,1043132,160,-0.2253,0.1304,0.8169,65.7252,88.1221,-2.7634
302963.9809,1043142,160,-0.2090,0.1416,0.7908,68.1832,87.9542,-6.3359
302964.1013,1043152,161,-0.2366,0.1101,0.7349,66.4580,89.6031,-9.2366
302964.1013,1043162,161,-0.2761,0.0808,0.6699,66.0153,91.1603,-11.0076
302964.1013,1043172,161,-0.3125,0.0898,0.6125,68.6565,89.0687,-11.3893
302964.1013,1043182,161,-0.3354,0.0938,0.5747,70.7176,84.5038,-11.9237
302964.1013,1043192,161,-0.3669,0.1074,0.5642,72.1069,80.1527,-11.8931
302964.1013,1043202,161,-0.3806,0.1436,0.5723,75.7710,73.4962,-12.3053
302964.1013,1043212,161,-0.3772,0.1777,0.5820,78.8244,67.0076,-15.4351
302964.1013,1043222,161,-0.3711,0.2104,0.5977,79.7252,62.6718,-19.8931
302964.1013,1043232,161,-0.3799,0.2087,0.5957,76.4427,60.5038,-24.9160
302964.1013,1043242,161,-0.4016,0.1792,0.5659,72.0153,59.0992,-30.2137
302964.2196,1043252,162,-0.4143,0.1606,0.5510,69.3435,56.9008,-35.2061
302964.2196,1043262,162,-0.4211,0.1387,0.5476,67.8015,53.4656,-39.0382
302964.2196,1043272,162,-0.4421,0.1172,0.5256,66.9466,51.2366,-42.7634
302964.2196,1043282,162,-0.4724,0.0916,0.4893,64.6870,50.7176,-46.3664
302964.2196,1043292,162,-0.4905,0.0564,0.4661,62.2595,48.4122,-48.9008
302964.2196,1043302,162,-0.4971,0.0391,0.4556,61.8321,43.2824,-50.2748
302964.2196,1043312,162,-0.4993,0.0208,0.4600,61.3893,38.8092,-51.2824
302964.2196,1043322,162,-0.4961,0.0098,0.4697,61.6183,34.8397,-53.2977
302964.2196,1043332,162,-0.4731,0.0000,0.4836,60.3206,32.3664,-56.0153
302964.2196,1043342,162,-0.4653,-0.0273,0.4817,56.1985,31.2519,-57.7710
302964.3373,1043352,163,-0.4822,-0.0486,0.4587,52.6107,30.0305,-59.0687
302964.3373,1043362,163,-0.5134,-0.0884,0.4309,48.8092,27.9542,-61.1603
302964.3373,1043372,163,-0.5283,-0.1428,0.4072,44.3511,24.6107,-62.9771
302964.3373,1043382,163,-0.5332,-0.2124,0.3823,41.4656,20.1221,-63.9389
302964.3373,1043392,163,-0.5408,-0.2720,0.3560,41.5573,16.2595,-63.8779
302964.3373,1043402,163,-0.5627,-0.3140,0.3457,42.9618,11.5267,-62.1527
302964.3373,1043412,163,-0.5664,-0.3579,0.3552,42.7786,6.5344,-58.8702
302964.3373,1043422,163,-0.5635,-0.4067,0.3442,42.5496,3.3588,-54.7939
302964.3373,1043432,163,-0.6226,-0.4390,0.3250,44.4580,1.5725,-49.5115
302964.3373,1043442,163,-0.6519,-0.4468,0.3135,48.6412,-3.0687,-43.4351
302964.3997,1043452,164,-0.6780,-0.4238,0.3391,55.0076,-9.3588,-39.0687
302964.3997,1043462,164,-0.6780,-0.3999,0.3901,58.5344,-15.6947,-36.8855
302964.3997,1043472,164,-0.6707,-0.3972,0.4556,57.1756,-20.8702,-34.7328
302964.3997,1043482,164,-0.6641,-0.4453,0.4980,52.0763,-20.4275,-31.3740
302964.3997,1043492,164,-0.6853,-0.4856,0.5095,48.5496,-15.3435,-26.7939
302964.3997,1043502,164,-0.7061,-0.5186,0.5210,47.1908,-14.7328,-21.1908
302964.3997,1043512,164,-0.7185,-0.5117,0.5647,47.6794,-17.9084,-13.4962
302964.3997,1043522,164,-0.7273,-0.4648,0.6182,48.7481,-19.9237,-5.0382
302964.3997,1043532,164,-0.7312,-0.3904,0.6643,47.4046,-18.0000,2.4275
302964.3997,1043542,164,-0.7446,-0.3220,0.7000,44.2901,-15.2824,6.5649
302964.5179,1043552,165,-0.7520,-0.2661,0.7151,41.1756,-13.7557,7.2366
302964.5179,1043562,165,-0.7578,-0.2283,0.7170,37.8015,-11.2824,6.1374
302964.5179,1043572,165,-0.7849,-0.1980,0.6904,33.2519,-8.2137,4.9008
302964.5179,1043582,165,-0.8154,-0.1858,0.6433,27.5725,-5.6031,4.5038
302964.5179,1043592,165,-0.8230,-0.1589,0.6169,23.3130,-5.0687,4.6718
302964.5179,1043602,165,-0.8025,-0.1218,0.6160,19.7710,-6.8702,4.7023
302964.5179,1043612,165,-0.7896,-0.0950,0.6086,15.8168,-7.5420,3.8931
302964.5179,1043622,165,-0.7827,-0.0603,0.6099,12.3969,-7.4198,2.5344
302964.5179,1043632,165,-0.7776,-0.0405,0.6143,9.4198,-7.7557,0.9160
302964.5179,1043642,165,-0.7754,-0.0215,0.6113,8.7634,-6.1069,-1.6641
302964.5799,1043652,166,-0.7844,-0.0134,0.5920,8.6565,-4.3969,-4.8702
302964.5799,1043662,166,-0.7734,-0.0261,0.5723,6.4885,-3.8168,-6.7634
302964.5799,1043672,166,-0.7590,-0.0320,0.5664,4.2901,-3.5267,-6.7634
302964.5799,1043682,166,-0.7402,-0.0085,0.5676,4.6870,-5.0229,-5.7710
302964.5799,1043692,166,-0.7271,0.0100,0.5693,5.3893,-6.6718,-5.7557
302964.5799,1043702,166,-0.7175,0.0186,0.5625,5.2672,-6.2748,-6.5496
302964.5799,1043712,166,-0.7212,0.0298,0.5396,3.9084,-6.0458,-7.0992
302964.5799,1043722,166,-0.7209,0.0293,0.5190,1.8473,-7.8931,-7.4809
302964.5799,1043732,166,-0.7114,0.0496,0.5195,3.0076,-10.8244,-8.6718
302964.5799,1043742,166,-0.6853,0.0840,0.5388,4.9924,-14.6718,-10.2137
302964.7010,1043752,167,-0.6477,0.1299,0.5544,4.6412,-18.4427,-12.2748
302964.7010,1043762,167,-0.6086,0.1558,0.5498,0.7939,-20.1679,-15.4046
302964.7010,1043772,167,-0.5737,0.1501,0.5308,-5.0382,-21.6336,-19.5573
302964.7010,1043782,167,-0.5352,0.1028,0.4951,-10.4885,-23.7099,-23.6489
302964.7010,1043792,167,-0.5149,0.0779,0.4648,-12.5802,-26.5649,-26.7176
302964.7010,1043802,167,-0.5002,0.0200,0.4226,-14.5344,-30.8855,-29.2519
302964.7010,1043812,167,-0.5063,-0.0422,0.3621,-14.9466,-32.5649,-29.6794
302964.7010,1043822,167,-0.5144,-0.0474,0.3376,-10.8855,-36.9924,-26.2137
302964.7010,1043832,167,-0.5071,0.0137,0.3491,-3.3588,-46.9466,-20.1069
302964.7010,1043842,167,-0.4668,0.1265,0.3994,7.6336,-59.4046,-18.5649
302964.7600,1043852,168,-0.3987,0.2251,0.4614,11.8626,-66.7023,-21.8473
302964.7600,1043862,168,-0.3452,0.2920,0.4998,6.3206,-65.3130,-27.9389
302964.7600,1043872,168,-0.3579,0.2932,0.4961,-6.8550,-58.6260,-34.6107
302964.7600,1043882,168,-0.4187,0.1851,0.4050,-23.6031,-48.3664,-42.9466
302964.7600,1043892,168,-0.4849,0.0183,0.2917,-31.1908,-36.3511,-49.7252
302964.7600,1043902,168,-0.5286,-0.0681,0.2097,-21.7405,-36.8702,-52.3053
302964.7600,1043912,168,-0.5217,-0.1179,0.2019,-9.4504,-50.5954,-49.8473
302964.7600,1043922,168,-0.4922,-0.0874,0.2605,2.3511,-66.5038,-45.0382
302964.7600,1043932,168,-0.4597,0.0215,0.3799,10.8855,-81.4656,-39.6336
302964.7600,1043942,168,-0.4055,0.1677,0.5049,13.6489,-95.9847,-37.3740
302964.8809,1043952,169,-0.3547,0.2983,0.6306,8.0458,-109.1298,-44.0000
302964.8809,1043962,169,-0.2891,0.3435,0.7048,-6.9618,-121.0382,-58.1679
302964.8809,1043972,169,-0.2524,0.2441,0.7021,-29.1450,-123.2214,-76.4275
302964.8809,1043982,169,-0.2278,-0.0103,0.6677,-48.3206,-115.6183,-93.9695
302964.8809,1043992,169,-0.1880,-0.2483,0.6189,-53.0992,-109.2672,-101.5725
302964.8809,1044002,169,-0.1450,-0.4075,0.6123,-47.0687,-107.5573,-99.0687
302964.8809,1044012,169,-0.0979,-0.5059,0.6458,-36.3359,-107.5573,-89.4656
302964.8809,1044022,169,-0.0771,-0.4719,0.7104,-20.8092,-109.0687,-75.6031
302964.8809,1044032,169,-0.0427,-0.3142,0.7883,-6.6412,-114.0153,-60.4122
302964.8809,1044042,169,-0.0164,-0.1538,0.8313,-4.1985,-118.5954,-52.0916
302965.0579,1044052,170,-0.0098,-0.0854,0.8091,-15.6336,-121.0382,-54.1679
302965.0579,1044062,170,-0.0354,-0.1724,0.7122,-36.0000,-122.7328,-62.5344
302965.0579,1044072,170,-0.0964,-0.3757,0.5532,-52.8855,-121.1756,-69.4198
302965.0579,1044082,170,-0.1052,-0.5305,0.4407,-51.0076,-127.7557,-71.5420
302965.0579,1044092,170,-0.0803,-0.6357,0.3967,-37.6947,-144.9313,-68.5802
302965.0579,1044102,170,0.0098,-0.6411,0.4170,-21.6947,-168.4122,-62.9771
302965.0579,1044112,170,0.1086,-0.5874,0.4792,-10.5191,-191.9847,-56.0611
302965.0579,1044122,170,0.1697,-0.5139,0.6133,-8.3664,-216.3817,-47.3435
302965.0579,1044132,170,0.2612,-0.4216,0.7822,-13.1450,-236.7786,-33.7252
302965.0579,1044142,170,0.2896,-0.3467,0.9441,-18.6260,-241.7863,-21.3588
302965.0598,1044152,171,0.3220,-0.4285,1.0159,-22.9160,-229.2977,-17.2824
302965.0598,1044162,171,0.3896,-0.4551,1.0364,-11.8626,-201.7863,-21.7863
302965.0598,1044172,171,0.3149,-0.4578,1.0266,3.0534,-171.5267,-25.7252
302965.0598,1044182,171,0.2617,-0.4773,0.9895,9.8015,-158.7786,-32.0611
302965.0598,1044192,171,0.2671,-0.5532,0.9788,8.7176,-161.1145,-41.0229
302965.0598,1044202,171,0.3066,-0.6016,1.0090,5.7252,-171.8626,-42.9313
302965.0598,1044212,171,0.3364,-0.5994,1.0476,1.8779,-182.0458,-32.7176
302965.0598,1044222,171,0.3049,-0.5652,1.1348,-2.2137,-190.1679,-20.2443
302965.0598,1044232,171,0.3684,-0.5303,1.2146,-6.5038,-201.8931,-11.3893
302965.0598,1044242,171,0.4741,-0.4810,1.2771,-7.5420,-205.4198,-3.7405
302965.1800,1044252,172,0.5215,-0.4058,1.3210,-4.6260,-199.0382,-1.8473
302965.1800,1044262,172,0.5500,-0.3535,1.3301,-1.2366,-192.2595,-9.4046
302965.1800,1044272,172,0.5925,-0.3726,1.2998,2.4427,-183.5420,-25.7863
302965.1800,1044282,172,0.6091,-0.4497,1.2522,1.7405,-173.8626,-41.8168
302965.1800,1044292,172,0.4922,-0.5010,1.2407,-5.0534,-164.2748,-42.1985
302965.1800,1044302,172,0.4819,-0.4517,1.2412,-10.9313,-163.6794,-29.1908
302965.1800,1044312,172,0.5166,-0.3655,1.2666,-13.3130,-167.0076,-20.5649
302965.1800,1044322,172,0.5051,-0.3130,1.2705,-17.2214,-167.4809,-20.4427
302965.1800,1044332,172,0.5469,-0.2798,1.2473,-24.9618,-171.7710,-23.2672
302965.1800,1044342,172,0.5769,-0.2654,1.2197,-37.6641,-176.9771,-25.6183
302965.3008,1044352,173,0.5974,-0.2788,1.1855,-52.3664,-180.5649,-27.1603
302965.3008,1044362,173,0.6582,-0.3127,1.1372,-64.4580,-184.1679,-30.3206
302965.3008,1044372,173,0.7141,-0.3423,1.0706,-73.5878,-186.5954,-35.5725
302965.3008,1044382,173,0.7554,-0.3975,0.9917,-83.4504,-187.4962,-40.6260
302965.3008,1044392,173,0.7224,-0.4756,0.9253,-91.8779,-187.1756,-43.3740
302965.3008,1044402,173,0.7063,-0.4990,0.8816,-93.4198,-191.1756,-41.4351
302965.3008,1044412,173,0.7476,-0.4919,0.8525,-91.7557,-199.7099,-35.6031
302965.3008,1044422,173,0.7800,-0.4844,0.8093,-91.1756,-208.8702,-30.8092
302965.3008,1044432,173,0.8081,-0.4749,0.7610,-93.9389,-217.3130,-28.3511
302965.3008,1044442,173,0.8430,-0.4785,0.6772,-100.8397,-226.4733,-23.9389
302965.3600,1044452,174,0.8770,-0.4856,0.6125,-110.3817,-233.9084,-17.0076
302965.3600,1044462,174,0.9360,-0.5107,0.5432,-123.9847,-239.8168,-6.8855
302965.3600,1044472,174,0.9521,-0.5632,0.4690,-143.1298,-238.9771,9.4656
302965.3600,1044482,174,0.9150,-0.6165,0.4143,-160.9313,-233.8321,24.6718
302965.3600,1044492,174,0.8921,-0.5984,0.3931,-169.3435,-235.0840,38.9008
302965.3600,1044502,174,0.9524,-0.5586,0.4539,-167.7710,-249.8015,43.9084
302965.3600,1044512,174,1.1409,-0.5645,0.5901,-153.6641,-276.5038,32.3664
302965.3600,1044522,174,1.3093,-0.6152,0.7388,-121.8168,-291.0076,6.2748
302965.3600,1044532,174,1.4495,-0.6404,0.8630,-80.5802,-285.6183,-22.4275
302965.3600,1044542,174,1.5420,-0.6321,0.9167,-47.5573,-259.4351,-38.7328
302965.4795,1044552,175,1.5510,-0.5920,0.8762,-29.9237,-208.2595,-44.0763
302965.4795,1044562,175,1.5227,-0.4509,0.7969,-27.9084,-146.7939,-43.3130
302965.4795,1044572,175,1.2212,-0.5239,0.5576,-46.5344,-87.6947,-37.1756
302965.4795,1044582,175,0.9656,-0.3979,0.5142,-57.5878,-34.1069,-33.5573
302965.4795,1044592,175,0.9895,-0.5046,0.3669,-66.8397,-36.3053,-32.3817
302965.4795,1044602,175,1.0142,-0.5818,0.2495,-81.4351,-33.4046,-42.2137
302965.4795,1044612,175,0.8584,-0.4316,0.2385,-85.1145,-25.6489,-30.0916
302965.4795,1044622,175,0.8569,-0.4326,0.1567,-102.5038,-45.7863,-9.7557
302965.4795,1044632,175,0.8835,-0.4707,0.0820,-123.6031,-64.8092,1.4504
302965.4795,1044642,175,0.8604,-0.5020,0.0610,-138.5954,-67.5420,3.4809
302965.6096,1044652,176,0.9094,-0.5388,0.0491,-149.6031,-75.9695,5.1908
302965.6096,1044662,176,0.9495,-0.5493,0.0303,-151.9237,-86.8244,7.9847
302965.6096,1044672,176,0.9580,-0.5403,0.0239,-148.1679,-93.2214,8.4122
302965.6096,1044682,176,0.9785,-0.5349,0.0186,-142.6870,-96.1527,4.2137
302965.6096,1044692,176,1.0017,-0.5259,0.0020,-137.5115,-95.2214,-1.7405
302965.6096,1044702,176,1.0088,-0.5134,-0.0117,-132.9618,-89.6336,-8.7328
302965.6096,1044712,176,1.0181,-0.5115,-0.0413,-129.3588,-83.5267,-15.7252
302965.6096,1044722,176,1.0225,-0.5227,-0.0693,-126.2901,-76.7786,-21.7710
302965.6096,1044732,176,1.0349,-0.5396,-0.1172,-121.1756,-68.6412,-29.0076
302965.6096,1044742,176,1.0415,-0.5664,-0.1631,-113.3282,-59.5725,-35.5420
302965.6603,1044752,177,1.0359,-0.5664,-0.2002,-102.1985,-51.0229,-40.9924
302965.6603,1044762,177,1.0181,-0.5591,-0.2314,-89.1450,-44.5802,-45.8168
302965.6603,1044772,177,1.0100,-0.5498,-0.2542,-76.5496,-40.8092,-51.2366
302965.6603,1044782,177,1.0073,-0.5544,-0.2820,-64.2290,-38.5191,-57.9695
302965.6603,1044792,177,0.9929,-0.5654,-0.2913,-51.0840,-36.3206,-65.3435
302965.6603,1044802,177,0.9863,-0.5728,-0.2947,-37.0840,-35.6947,-72.5649
302965.6603,1044812,177,1.0066,-0.5593,-0.2822,-22.4427,-37.5573,-77.8015
302965.6603,1044822,177,1.0149,-0.5339,-0.2825,-6.9008,-38.8397,-80.6412
302965.6603,1044832,177,1.0017,-0.5190,-0.2781,5.0382,-35.4351,-83.6489
302965.6603,1044842,177,1.0186,-0.5273,-0.2791,12.2137,-33.8321,-84.3206
302965.7794,1044852,178,1.0366,-0.5354,-0.2849,18.7023,-32.7481,-82.9313
302965.7794,1044862,178,1.0471,-0.5454,-0.2773,25.6489,-30.9618,-79.7099
302965.7794,1044872,178,1.0662,-0.5056,-0.2346,33.9237,-31.2519,-74.9618
302965.7794,1044882,178,1.0752,-0.4170,-0.1604,39.0840,-35.4504,-65.9389
302965.7794,1044892,178,1.1040,-0.4363,-0.1865,31.6489,-42.4122,-52.9618
302965.7794,1044902,178,1.0969,-0.4236,-0.2163,26.2443,-34.7023,-45.6947
302965.7794,1044912,178,1.0425,-0.3748,-0.2131,23.6947,-20.9313,-40.7328
302965.7794,1044922,178,1.0259,-0.3640,-0.2131,16.9008,-17.6183,-33.5725
302965.7794,1044932,178,1.0386,-0.3694,-0.2297,10.0916,-21.4351,-27.4656
302965.7794,1044942,178,1.0413,-0.3657,-0.2483,4.6107,-22.0000,-22.6565
302965.8995,1044952,179,1.0210,-0.3489,-0.2510,1.4046,-18.2595,-19.2672
302965.8995,1044962,179,1.0190,-0.3354,-0.2483,-1.7252,-17.1603,-15.7557
302965.8995,1044972,179,1.0251,-0.3367,-0.2544,-5.1298,-16.9771,-13.1908
302965.8995,1044982,179,1.0222,-0.3281,-0.2522,-8.7939,-14.5191,-11.1145
302965.8995,1044992,179,1.0144,-0.3254,-0.2607,-11.9847,-11.5420,-8.0763
302965.8995,1045002,179,1.0010,-0.3206,-0.2725,-14.0916,-9.0076,-5.2977
302965.8995,1045012,179,0.9907,-0.3186,-0.2761,-15.1908,-8.4885,-3.1450
302965.8995,1045022,179,0.9834,-0.3115,-0.2795,-15.3588,-9.3130,-1.6183
302965.8995,1045032,179,0.9751,-0.3179,-0.2852,-14.9618,-9.7099,-0.4733
302965.8995,1045042,179,0.9636,-0.3186,-0.2852,-13.8779,-9.5420,0.5191
302965.9600,1045052,180,0.9629,-0.3149,-0.2874,-11.9847,-9.2672,0.9771
302965.9600,1045062,180,0.9666,-0.3142,-0.2917,-10.1679,-8.9924,1.3588
302965.9600,1045072,180,0.9661,-0.3145,-0.2881,-7.9237,-8.2901,1.5878
302965.9600,1045082,180,0.9668,-0.3110,-0.2920,-5.1450,-6.8244,1.4198
302965.9600,1045092,180,0.9641,-0.3020,-0.2974,-1.9084,-5.5573,1.3435
302965.9600,1045102,180,0.9629,-0.2947,-0.2991,1.2214,-5.1908,1.1603
302965.9600,1045112,180,0.9624,-0.2888,-0.2981,4.1221,-5.1603,0.5954
302965.9600,1045122,180,0.9680,-0.2876,-0.2949,6.8244,-5.5573,-0.0305
302965.9600,1045132,180,0.9832,-0.2812,-0.2898,8.9618,-6.6870,-0.1527
302965.9600,1045142,180,1.0063,-0.2766,-0.2839,10.5802,-7.2366,0.0153
302966.0795,1045152,181,1.0156,-0.2742,-0.2822,10.9771,-5.5878,0.0916
302966.0795,1045162,181,1.0122,-0.2776,-0.2781,10.3053,-2.8397,0.7786
302966.0795,1045172,181,1.0020,-0.2751,-0.2803,9.1145,-0.8855,2.1069
302966.0795,1045182,181,0.9985,-0.2771,-0.2742,7.6489,0.0153,3.9389
302966.0795,1045192,181,0.9939,-0.2764,-0.2725,6.0763,0.2443,6.1527
302966.0795,1045202,181,0.9934,-0.2717,-0.2703,4.3359,0.3969,8.3359
302966.0795,1045212,181,0.9875,-0.2756,-0.2695,2.0000,1.8779,10.3969
302966.0795,1045222,181,0.9700,-0.2754,-0.2654,-0.1527,3.9847,12.3817
302966.0795,1045232,181,0.9541,-0.2803,-0.2693,-1.6794,5.2366,14.1527
302966.0795,1045242,181,0.9365,-0.2817,-0.2778,-2.7176,6.1679,15.3588
302966.1996,1045252,182,0.9194,-0.2808,-0.2856,-2.9771,7.0687,15.9389
302966.1996,1045262,182,0.9109,-0.2722,-0.2915,-2.7328,6.7786,15.9237
302966.1996,1045272,182,0.9099,-0.2651,-0.3013,-2.9313,4.0611,15.3282
302966.1996,1045282,182,0.9119,-0.2583,-0.3062,-3.6794,0.7786,13.8931
302966.1996,1045292,182,0.9067,-0.2515,-0.2993,-4.2137,-0.8244,12.1527
302966.1996,1045302,182,0.8962,-0.2456,-0.3035,-4.0763,-1.2061,10.9771
302966.1996,1045312,182,0.9004,-0.2354,-0.3054,-2.9618,-1.4656,9.8779
302966.1996,1045322,182,0.9058,-0.2295,-0.3159,-2.2137,-0.6412,7.8779
302966.1996,1045332,182,0.9077,-0.2288,-0.3230,-1.3740,0.8855,5.9084
302966.1996,1045342,182,0.9114,-0.2336,-0.3264,-0.3511,2.2595,3.9237
302966.2593,1045352,183,0.9077,-0.2415,-0.3350,0.7634,3.6031,2.1832
302966.2593,1045362,183,0.9070,-0.2505,-0.3418,1.6794,4.8092,0.8550
302966.2593,1045372,183,0.9124,-0.2656,-0.3433,2.6870,5.4962,0.3206
302966.2593,1045382,183,0.9180,-0.2747,-0.3503,3.6489,5.6641,0.0763
302966.2593,1045392,183,0.9199,-0.2861,-0.3564,3.4351,5.8473,0.4275
302966.2593,1045402,183,0.9167,-0.2896,-0.3640,3.5573,5.8015,1.1908
302966.2593,1045412,183,0.9150,-0.2976,-0.3740,3.7252,5.5725,1.9542
302966.2593,1045422,183,0.9116,-0.2993,-0.3745,4.0763,5.1450,2.7176
302966.2593,1045432,183,0.9138,-0.2952,-0.3865,4.7176,4.1985,3.3740
302966.2593,1045442,183,0.9165,-0.2952,-0.3865,5.6336,3.0992,3.8168
302966.3795,1045452,184,0.9202,-0.2920,-0.3867,7.0840,2.0916,3.7557
302966.3795,1045462,184,0.9233,-0.2883,-0.3813,8.9924,1.0076,3.2519
302966.3795,1045472,184,0.9277,-0.2876,-0.3838,11.2824,-0.1985,2.3206
302966.3795,1045482,184,0.9307,-0.2871,-0.3726,13.6183,-1.5267,1.2977
302966.3795,1045492,184,0.9395,-0.2822,-0.3635,15.4046,-2.5649,0.6870
302966.3795,1045502,184,0.9434,-0.2859,-0.3555,16.3053,-3.0076,0.4580
302966.3795,1045512,184,0.9421,-0.2825,-0.3457,16.5954,-3.3435,0.7023
302966.3795,1045522,184,0.9412,-0.2783,-0.3403,16.7786,-3.8779,1.3435
302966.3795,1045532,184,0.9421,-0.2759,-0.3318,16.4122,-4.4122,1.7557
302966.3795,1045542,184,0.9438,-0.2812,-0.3162,15.6489,-4.4733,2.0458
302966.4996,1045552,185,0.9397,-0.2825,-0.3071,15.1908,-4.7634,2.3511
302966.4996,1045562,185,0.9402,-0.2842,-0.3025,15.3282,-5.5573,2.4275
302966.4996,1045572,185,0.9409,-0.2832,-0.2954,15.8473,-6.3969,2.0458
302966.4996,1045582,185,0.9421,-0.2866,-0.2898,17.1450,-6.7939,1.2366
302966.4996,1045592,185,0.9500,-0.2771,-0.2832,19.2061,-7.2519,0.5344
302966.4996,1045602,185,0.9546,-0.2720,-0.2793,20.8855,-7.4504,0.2595
302966.4996,1045612,185,0.9578,-0.2588,-0.2827,22.3511,-6.7939,0.0763
302966.4996,1045622,185,0.9631,-0.2424,-0.2803,22.3969,-5.1145,0.1069
302966.4996,1045632,185,0.9604,-0.2329,-0.2810,20.4733,-3.0992,0.5802
302966.4996,1045642,185,0.9543,-0.2263,-0.2874,17.1908,-1.5725,1.4046
302966.5594,1045652,186,0.9490,-0.2219,-0.2849,13.3130,-0.5649,2.5496
302966.5594,1045662,186,0.9448,-0.2236,-0.2908,9.3130,0.0458,3.6031
302966.5594,1045672,186,0.9380,-0.2278,-0.2954,5.5115,0.5191,4.4580
302966.5594,1045682,186,0.9380,-0.2344,-0.2947,2.4122,0.7634,5.0076
302966.5594,1045692,186,0.9380,-0.2424,-0.3049,0.2137,0.8244,5.2061
302966.5594,1045702,186,0.9365,-0.2502,-0.3042,-1.0229,1.0382,5.0382
302966.5594,1045712,186,0.9363,-0.2581,-0.3086,-1.5878,1.5878,4.8397
302966.5594,1045722,186,0.9331,-0.2588,-0.3169,-1.2061,2.0153,4.4885
302966.5594,1045732,186,0.9348,-0.2544,-0.3208,-0.5191,2.1374,4.0153
302966.5594,1045742,186,0.9307,-0.2544,-0.3228,0.1527,2.3969,3.5267
302966.6794,1045752,187,0.9263,-0.2515,-0.3269,0.4122,2.7481,3.0076
302966.6794,1045762,187,0.9175,-0.2476,-0.3301,0.3511,2.6565,2.6718
302966.6794,1045772,187,0.9194,-0.2415,-0.3333,0.0305,2.1221,2.3664
302966.6794,1045782,187,0.9192,-0.2397,-0.3342,-0.6870,1.4504,2.0458
302966.6794,1045792,187,0.9202,-0.2393,-0.3350,-1.7099,0.8397,1.6031
302966.6794,1045802,187,0.9185,-0.2454,-0.3350,-2.5496,0.1832,1.1450
302966.6794,1045812,187,0.9216,-0.2444,-0.3320,-3.0992,-0.5038,0.6718
302966.6794,1045822,187,0.9231,-0.2476,-0.3225,-3.8626,-1.3588,0.0611
302966.6794,1045832,187,0.9275,-0.2556,-0.3206,-5.0382,-2.0611,-0.2290
302966.6794,1045842,187,0.9321,-0.2649,-0.3162,-6.1069,-2.1527,-0.3664
302966.7992,1045852,188,0.9304,-0.2688,-0.3186,-6.4427,-1.8321,-0.3359
302966.7992,1045862,188,0.9302,-0.2698,-0.3169,-6.0305,-1.7710,-0.6565
302966.7992,1045872,188,0.9338,-0.2678,-0.3174,-5.6183,-1.9084,-0.9008
302966.7992,1045882,188,0.9319,-0.2671,-0.3123,-5.6336,-1.7863,-1.1603
302966.7992,1045892,188,0.9260,-0.2644,-0.3093,-5.7710,-1.7252,-1.3893
302966.7992,1045902,188,0.9250,-0.2673,-0.3123,-6.2595,-1.7863,-1.5420
302966.7992,1045912,188,0.9207,-0.2668,-0.3135,-6.7176,-2.1069,-1.9695
302966.7992,1045922,188,0.9229,-0.2676,-0.3140,-6.8702,-2.6412,-2.3359
302966.7992,1045932,188,0.9243,-0.2715,-0.3054,-6.7481,-3.4046,-2.9466
302966.7992,1045942,188,0.9246,-0.2725,-0.3110,-6.3664,-3.8321,-3.7557
302966.9181,1045952,189,0.9248,-0.2720,-0.3062,-5.9389,-3.8779,-4.7481
302966.9181,1045962,189,0.9280,-0.2754,-0.3047,-5.6336,-4.0000,-5.5267
302966.9181,1045972,189,0.9314,-0.2786,-0.3035,-5.4809,-4.0458,-6.2748
302966.9181,1045982,189,0.9287,-0.2810,-0.3013,-5.4656,-4.0000,-6.7634
302966.9181,1045992,189,0.9316,-0.2839,-0.2920,-5.8321,-4.2748,-6.8397
302966.9181,1046002,189,0.9348,-0.2893,-0.2839,-7.1450,-5.0382,-6.4733
302966.9181,1046012,189,0.9365,-0.2996,-0.2810,-8.7023,-5.0076,-5.9695
302966.9181,1046022,189,0.9321,-0.3105,-0.2810,-9.3740,-4.0000,-5.7099
302966.9181,1046032,189,0.9373,-0.3176,-0.2834,-9.2366,-4.0611,-5.8626
302966.9181,1046042,189,0.9412,-0.3240,-0.2842,-8.5649,-4.1985,-6.0153
302966.9792,1046052,190,0.9397,-0.3298,-0.2849,-7.1908,-3.6641,-6.5802
302966.9792,1046062,190,0.9402,-0.3391,-0.2932,-5.6641,-3.0076,-7.4656
302966.9792,1046072,190,0.9409,-0.3494,-0.2876,-3.5725,-2.0153,-8.2595
302966.9792,1046082,190,0.9299,-0.3499,-0.2817,-1.6336,-1.3893,-8.7328
302966.9792,1046092,190,0.9287,-0.3562,-0.2869,-1.8321,-2.3511,-8.6718
302966.9792,1046102,190,0.9324,-0.3877,-0.2866,-4.3664,-3.3282,-7.8626
302966.9792,1046112,190,0.9399,-0.4304,-0.2913,-7.3740,-3.6641,-6.2290
302966.9792,1046122,190,0.9487,-0.5173,-0.3071,-8.8244,-3.0229,-4.4885
302966.9792,1046132,190,0.9456,-0.5806,-0.2935,-2.5649,0.5191,-5.1756
302966.9792,1046142,190,0.9639,-0.6309,-0.2476,9.0076,1.2672,-6.0916
302967.0996,1046152,191,1.0071,-0.6865,-0.1995,23.3435,-0.2290,-5.9847
302967.0996,1046162,191,1.0488,-0.7373,-0.1382,38.8855,2.8244,-4.9008
302967.0996,1046172,191,1.0732,-0.7375,-0.0779,55.2366,12.3206,-2.3969
302967.0996,1046182,191,1.0811,-0.7344,-0.0444,69.7252,26.5344,0.7023
302967.0996,1046192,191,1.0710,-0.7288,-0.0364,79.4962,40.7176,3.9847
302967.0996,1046202,191,1.0378,-0.7021,-0.0503,83.7252,52.4427,8.7939
302967.0996,1046212,191,1.0120,-0.7295,-0.0583,81.3893,55.2519,13.8168
302967.0996,1046222,191,1.0183,-0.7585,-0.0415,79.4809,49.2672,18.0153
302967.0996,1046232,191,1.0950,-0.8069,0.0198,80.0000,41.9237,21.8931
302967.0996,1046242,191,1.2017,-0.8943,0.0596,83.3282,40.9771,25.7099
302967.3396,1046252,192,1.2781,-0.9744,0.1111,95.2824,54.2290,27.4809
302967.3396,1046262,192,1.3188,-1.0427,0.1431,114.7023,76.2748,29.9237
302967.3396,1046272,192,1.3193,-1.0789,0.1494,136.2443,96.8855,30.8397
302967.3396,1046282,192,1.3206,-1.0769,0.1934,154.6412,111.0382,33.7863
302967.3396,1046292,192,1.3770,-1.0696,0.2600,165.0534,118.8550,39.8779
302967.3396,1046302,192,1.4333,-1.0474,0.3284,165.3588,127.4351,46.2901
302967.3396,1046312,192,1.4634,-1.0454,0.3848,153.7252,136.0611,57.1908
302967.3396,1046322,192,1.5178,-1.0442,0.4194,136.7786,141.2519,73.2977
302967.3396,1046332,192,1.5476,-1.0872,0.4106,120.2290,151.0992,89.3740
302967.3396,1046342,192,1.5229,-1.1067,0.4031,115.6794,166.7176,99.6947
302967.3417,1046352,193,1.5388,-1.1497,0.3931,120.7939,179.7557,106.1374
302967.3417,1046362,193,1.5315,-1.2168,0.3833,134.1527,192.9160,108.7481
302967.3417,1046372,193,1.5500,-1.2556,0.4478,161.7710,206.0153,105.2672
302967.3417,1046382,193,1.5781,-1.1958,0.5122,202.7481,221.1756,100.3359
302967.3417,1046392,193,1.5557,-1.0293,0.5530,241.6641,238.1832,91.8626
302967.3417,1046402,193,1.5005,-0.8308,0.5676,251.8015,249.9237,88.9160
302967.3417,1046412,193,1.4221,-0.6724,0.5613,227.5573,256.2595,96.9924
302967.3417,1046422,193,1.3018,-0.5774,0.5637,185.7710,256.3053,109.3893
302967.3417,1046432,193,1.2822,-0.5811,0.5920,142.7939,246.8244,118.5038
302967.3417,1046442,193,1.3196,-0.6479,0.6201,110.2595,242.6870,122.9160
302967.4586,1046452,194,1.3279,-0.7727,0.6406,91.3282,246.2290,124.1069
302967.4586,1046462,194,1.3074,-0.8997,0.6396,86.6718,247.8015,125.4046
302967.4586,1046472,194,1.2793,-0.9541,0.6553,98.9924,246.2290,126.0916
302967.4586,1046482,194,1.2979,-0.9792,0.6794,118.0458,242.7786,126.3969
302967.4586,1046492,194,1.2722,-0.9016,0.7329,140.4122,247.9847,127.9695
302967.4586,1046502,194,1.2275,-0.7937,0.7732,154.7328,252.5802,132.3206
302967.4586,1046512,194,1.1904,-0.6633,0.7939,156.5344,252.7786,137.5573
302967.4586,1046522,194,1.1558,-0.5728,0.8057,151.3282,257.6489,138.8855
302967.4586,1046532,194,1.1145,-0.5242,0.7996,145.1145,266.7023,135.6031
302967.4586,1046542,194,1.0330,-0.4729,0.8008,141.2672,277.6031,131.2214
302967.4605,1046552,195,0.9854,-0.4521,0.7715,138.4885,288.2290,127.9695
302967.4605,1046562,195,0.9155,-0.4792,0.7490,136.9313,299.5420,119.2824
302967.4605,1046572,195,0.8010,-0.4709,0.7273,142.7328,311.7557,111.3893
302967.4605,1046582,195,0.6917,-0.4429,0.6799,149.8626,317.0687,105.9084
302967.4605,1046592,195,0.5723,-0.4287,0.6570,149.2214,312.2290,97.8626
302967.4605,1046602,195,0.4929,-0.4055,0.6431,143.4656,299.3893,94.2595
302967.4605,1046612,195,0.4797,-0.3867,0.6677,137.9237,283.2672,93.4351
302967.4605,1046622,195,0.4741,-0.3523,0.6853,138.8855,277.6336,92.7328
302967.4605,1046632,195,0.4307,-0.3035,0.6750,148.0763,281.0229,88.4275
302967.4605,1046642,195,0.3665,-0.2585,0.6443,153.9542,286.2595,79.0840
302967.5792,1046652,196,0.2544,-0.2422,0.5813,153.5573,293.4656,73.7863
302967.5792,1046662,196,0.0864,-0.1646,0.5054,150.5191,292.2748,73.6031
302967.5792,1046672,196,-0.0288,-0.0774,0.4607,140.5496,272.6260,75.3435
302967.5792,1046682,196,-0.0684,-0.0190,0.4619,129.0229,245.5878,74.0000
302967.5792,1046692,196,-0.1118,0.0698,0.4854,122.8550,223.9847,66.1527
302967.5792,1046702,196,-0.1196,0.0837,0.4924,116.1221,207.1450,54.2443
302967.5792,1046712,196,-0.1250,0.0417,0.4480,107.9389,195.7405,40.0763
302967.5792,1046722,196,-0.1936,-0.0027,0.3892,99.3740,187.0992,28.1527
302967.5792,1046732,196,-0.1714,-0.0588,0.3872,90.9618,173.3282,22.8855
302967.5792,1046742,196,-0.1414,-0.0991,0.3748,87.0229,164.7023,23.3588
302967.7004,1046752,197,-0.2075,-0.1003,0.3386,87.1450,164.0916,25.0229
302967.7004,1046762,197,-0.2349,-0.0688,0.3013,87.8626,154.3511,27.2519
302967.7004,1046772,197,-0.2239,-0.0361,0.2649,87.8626,138.5344,28.9008
302967.7004,1046782,197,-0.2412,-0.0166,0.2498,89.5267,127.6794,28.9466
302967.7004,1046792,197,-0.3093,0.0415,0.2427,93.2977,116.0458,26.2595
302967.7004,1046802,197,-0.3000,0.0969,0.2551,94.2595,98.9924,23.3740
302967.7004,1046812,197,-0.2559,0.1284,0.2766,94.9618,89.1450,20.6718
302967.7004,1046822,197,-0.2871,0.1780,0.2698,95.4809,89.4504,17.3740
302967.7004,1046832,197,-0.3425,0.1882,0.1870,92.2595,89.7099,15.1450
302967.7004,1046842,197,-0.4436,0.1731,0.0911,90.0305,90.3817,11.6183
302967.7601,1046852,198,-0.4871,0.1565,0.0823,89.8473,82.7786,7.9084
302967.7601,1046862,198,-0.4341,0.1677,0.1736,94.3664,63.3435,7.0382
302967.7601,1046872,198,-0.4026,0.2095,0.2695,95.6336,44.6412,5.1298
302967.7601,1046882,198,-0.3948,0.2034,0.3555,86.0153,29.8626,1.7863
302967.7601,1046892,198,-0.3462,0.1555,0.4236,69.9389,16.3053,-1.2366
302967.7601,1046902,198,-0.3857,0.1199,0.4585,58.1069,10.3664,-2.3664
302967.7601,1046912,198,-0.4021,0.0811,0.5308,51.2061,6.5954,-2.6718
302967.7601,1046922,198,-0.3228,0.1077,0.5488,46.5802,-0.6870,-2.0916
302967.7601,1046932,198,-0.4456,0.0662,0.5144,36.3817,5.9389,-1.3740
302967.7601,1046942,198,-0.4839,0.0706,0.5127,31.5878,5.7557,2.5496
302967.8807,1046952,199,-0.5112,0.0981,0.5212,28.7481,0.0000,6.5191
302967.8807,1046962,199,-0.5269,0.1252,0.5513,27.6489,-5.5115,8.5344
302967.8807,1046972,199,-0.5142,0.1340,0.6089,24.6718,-10.6107,8.5191
302967.8807,1046982,199,-0.4946,0.1416,0.6460,20.5954,-10.5649,9.0076
302967.8807,1046992,199,-0.5205,0.1316,0.6614,14.6870,-6.7176,9.3893
302967.8807,1047002,199,-0.5051,0.1182,0.6416,8.8702,-4.7481,9.4809
302967.8807,1047012,199,-0.5549,0.1304,0.6121,7.5115,-0.5344,10.0916
302967.8807,1047022,199,-0.5918,0.1577,0.5825,6.4885,0.6870,11.0076
302967.8807,1047032,199,-0.5991,0.2053,0.5776,5.8321,-1.9847,11.6947
302967.8807,1047042,199,-0.6184,0.2483,0.5742,6.7023,-1.3740,10.2137
302968.0027,1047052,200,-0.6521,0.2698,0.5737,6.6107,0.3817,6.2443
302968.0027,1047062,200,-0.6733,0.2800,0.5676,3.3435,1.5115,3.2366
302968.0027,1047072,200,-0.7048,0.2363,0.5261,-2.1985,2.5038,1.0382
302968.0027,1047082,200,-0.7495,0.1799,0.4897,-5.0382,2.6718,0.0000
302968.0027,1047092,200,-0.7532,0.1365,0.5024,-2.8092,0.3969,1.3130
302968.0027,1047102,200,-0.7739,0.1455,0.5520,4.2137,-1.6031,5.0687
302968.0027,1047112,200,-0.7751,0.1860,0.5862,9.6183,-3.4656,10.0916
302968.0027,1047122,200,-0.7390,0.2109,0.6042,11.0840,-4.7634,15.0687
302968.0027,1047132,200,-0.7432,0.2607,0.6362,12.9924,-1.8626,18.7481
302968.0027,1047142,200,-0.7532,0.3215,0.6538,16.0916,2.2443,17.4656
302968.0602,1047152,201,-0.8706,0.3955,0.6973,13.2519,8.5344,12.8397
302968.0602,1047162,201,-0.8083,0.4453,0.7261,8.8855,1.1145,11.2519
302968.0602,1047172,201,-0.7852,0.4258,0.7529,3.0992,3.9847,4.2137
302968.0602,1047182,201,-0.8794,0.3784,0.7097,-2.4275,10.8702,-4.1374
302968.0602,1047192,201,-0.8875,0.3064,0.6458,-8.1374,8.9924,-6.9160
302968.0602,1047202,201,-0.8813,0.2461,0.6194,-9.7557,3.5878,-7.3588
302968.0602,1047212,201,-0.8914,0.2114,0.6189,-7.4504,-1.7099,-6.7176
302968.0602,1047222,201,-0.8523,0.2212,0.6597,-4.4885,-8.1069,-3.1298
302968.0602,1047232,201,-0.8384,0.2676,0.6973,-0.6870,-8.5802,2.3359
302968.0602,1047242,201,-0.8291,0.3188,0.7075,3.1908,-7.0076,4.4733
302968.1803,1047252,202,-0.8005,0.3574,0.7341,6.4733,-5.9084,2.6107
302968.1803,1047262,202,-0.7964,0.3625,0.7388,6.2901,-0.0153,-0.5191
302968.1803,1047272,202,-0.8015,0.3582,0.7173,3.3740,6.1679,-2.5191
302968.1803,1047282,202,-0.8184,0.3379,0.6846,0.6870,7.9847,-3.8626
302968.1803,1047292,202,-0.8203,0.3140,0.6716,-0.1527,7.4046,-4.7481
302968.1803,1047302,202,-0.8103,0.3003,0.6748,2.0000,5.8321,-3.8321
302968.1803,1047312,202,-0.7910,0.3240,0.7004,7.4046,3.5573,-2.7023
302968.1803,1047322,202,-0.7576,0.3516,0.7100,10.7634,1.8168,-1.9542
302968.1803,1047332,202,-0.7461,0.3572,0.7063,11.2214,4.9771,-2.0153
302968.1803,1047342,202,-0.7769,0.3511,0.6885,11.5725,9.5725,-2.7939
302968.3002,1047352,203,-0.7407,0.3457,0.6555,12.5954,9.7863,-2.0611
302968.3002,1047362,203,-0.7905,0.3501,0.6575,15.1756,12.0611,-1.8015
302968.3002,1047372,203,-0.7539,0.3789,0.6680,18.2901,9.3282,-3.1756
302968.3002,1047382,203,-0.7109,0.3936,0.6504,19.3435,7.9237,-5.2061
302968.3002,1047392,203,-0.7285,0.4084,0.6196,17.6947,11.2824,-4.7786
302968.3002,1047402,203,-0.7578,0.4377,0.5820,16.9008,11.8626,-3.5573
302968.3002,1047412,203,-0.7402,0.4690,0.5710,17.5878,9.9084,-6.3511
302968.3002,1047422,203,-0.7112,0.4961,0.5803,18.2443,8.4733,-10.8550
302968.3002,1047432,203,-0.6807,0.5127,0.5886,16.6260,8.1374,-14.1985
302968.3002,1047442,203,-0.6592,0.5068,0.5935,14.6107,10.3969,-17.7557
302968.3604,1047452,204,-0.6616,0.5115,0.5825,16.3359,14.4122,-22.1679
302968.3604,1047462,204,-0.6724,0.5283,0.5469,20.3817,17.4809,-26.7023
302968.3604,1047472,204,-0.6992,0.5283,0.4744,22.6870,19.6489,-31.6641
302968.3604,1047482,204,-0.7607,0.5293,0.3857,25.2824,19.8626,-36.5344
302968.3604,1047492,204,-0.7693,0.5254,0.3428,28.0305,15.4351,-40.4427
302968.3604,1047502,204,-0.7490,0.5447,0.3433,30.7634,7.7405,-43.5878
302968.3604,1047512,204,-0.7100,0.5618,0.3716,32.3053,-0.0153,-47.0534
302968.3604,1047522,204,-0.6582,0.5664,0.4177,33.5725,-6.1069,-51.7710
302968.3604,1047532,204,-0.6155,0.5637,0.4602,34.1069,-9.4656,-57.5878
302968.3604,1047542,204,-0.5759,0.5393,0.4805,33.5725,-10.3511,-64.0763
302968.4805,1047552,205,-0.5525,0.4932,0.4819,31.9389,-9.1145,-70.1374
302968.4805,1047562,205,-0.5352,0.4514,0.4795,31.9542,-8.4733,-74.9160
302968.4805,1047572,205,-0.5032,0.4189,0.4854,34.7786,-8.2748,-78.4427
302968.4805,1047582,205,-0.4788,0.4021,0.4790,38.0458,-7.2824,-80.1985
302968.4805,1047592,205,-0.4514,0.3992,0.4534,40.1221,-6.7023,-80.9160
302968.4805,1047602,205,-0.4421,0.3806,0.4011,40.2443,-5.9389,-82.1069
302968.4805,1047612,205,-0.4412,0.3530,0.3496,39.8015,-6.4275,-84.3511
302968.4805,1047622,205,-0.4297,0.3308,0.2998,39.3282,-9.6031,-85.7099
302968.4805,1047632,205,-0.4285,0.2971,0.2544,38.3206,-13.2672,-86.6718
302968.4805,1047642,205,-0.4087,0.2681,0.2295,37.1450,-19.0229,-86.3511
302968.6040,1047652,206,-0.3767,0.2410,0.2314,37.4351,-26.8702,-85.3588
302968.6040,1047662,206,-0.3618,0.2432,0.2415,40.4275,-33.0229,-84.9924
302968.6040,1047672,206,-0.3315,0.2314,0.2656,43.4809,-40.5191,-87.0229
302968.6040,1047682,206,-0.3030,0.1931,0.2859,43.9237,-46.5496,-90.9618
302968.6040,1047692,206,-0.2812,0.1396,0.2891,42.9924,-48.8702,-94.4733
302968.6040,1047702,206,-0.2756,0.0732,0.2661,40.7481,-50.3969,-96.5649
302968.6040,1047712,206,-0.2656,0.0017,0.2502,39.5878,-56.2443,-97.7557
302968.6040,1047722,206,-0.2300,-0.0564,0.2615,41.2061,-66.5954,-98.4275
302968.6040,1047732,206,-0.1963,-0.1248,0.2642,41.8015,-76.1069,-99.1298
302968.6040,1047742,206,-0.1858,-0.2205,0.2483,39.2824,-80.8244,-99.6794
302968.6592,1047752,207,-0.2034,-0.3367,0.2090,36.5802,-85.7557,-98.7939
302968.6592,1047762,207,-0.2161,-0.4624,0.1914,37.2214,-92.8092,-95.8779
302968.6592,1047772,207,-0.2097,-0.5410,0.2043,42.5191,-100.3511,-90.0611
302968.6592,1047782,207,-0.1992,-0.5730,0.2349,47.4809,-110.9466,-81.5878
302968.6592,1047792,207,-0.1479,-0.5725,0.3333,50.7786,-123.6489,-72.3969
302968.6592,1047802,207,-0.0972,-0.5100,0.4622,51.6794,-135.0076,-64.5496
302968.6592,1047812,207,-0.0471,-0.4468,0.6025,46.1069,-144.7176,-58.1221
302968.6592,1047822,207,0.0269,-0.4001,0.7446,35.2214,-151.0534,-55.4046
302968.6592,1047832,207,0.0134,-0.4707,0.7805,19.5573,-148.9924,-56.0458
302968.6592,1047842,207,-0.0503,-0.5615,0.7769,9.3588,-139.4046,-57.3435
302968.7801,1047852,208,-0.1060,-0.6262,0.7710,7.7863,-135.5267,-54.5191
302968.7801,1047862,208,-0.1399,-0.6675,0.7671,7.4656,-134.9618,-48.6412
302968.7801,1047872,208,-0.1428,-0.6663,0.7708,7.1450,-136.7328,-41.2061
302968.7801,1047882,208,-0.1221,-0.6519,0.7666,5.1450,-140.9924,-33.5878
302968.7801,1047892,208,-0.0972,-0.5837,0.8225,1.5115,-145.5878,-27.2519
302968.7801,1047902,208,-0.1011,-0.5479,0.8708,-5.1298,-150.1679,-20.7481
302968.7801,1047912,208,-0.1392,-0.5820,0.8999,-11.5573,-151.6336,-18.5496
302968.7801,1047922,208,-0.1672,-0.6362,0.9443,-14.9466,-150.1221,-16.4580
302968.7801,1047932,208,-0.1887,-0.7075,0.9546,-16.1985,-147.0382,-11.8931
302968.7801,1047942,208,-0.1816,-0.7561,0.9751,-13.7405,-145.4351,-5.0992
302968.9001,1047952,209,-0.1277,-0.7678,1.0188,-10.1527,-148.6565,4.5191
302968.9001,1047962,209,-0.1016,-0.7415,1.0664,-8.6565,-150.7786,15.8168
302968.9001,1047972,209,-0.1646,-0.7703,1.0535,-10.6718,-150.2595,26.6718
302968.9001,1047982,209,-0.2065,-0.8430,1.0530,-11.5725,-149.9084,35.6947
302968.9001,1047992,209,-0.2214,-0.8384,1.0984,-6.5954,-152.4885,48.3969
302968.9001,1048002,209,-0.2388,-0.7642,1.2141,1.0687,-156.3359,64.3817
302968.9001,1048012,209,-0.2080,-0.6096,1.3923,6.3359,-162.0305,75.4809
302968.9001,1048022,209,-0.1572,-0.4675,1.5459,4.2290,-163.5725,84.8244
302968.9001,1048032,209,-0.1702,-0.3638,1.6396,-4.6870,-158.1985,88.1527
302968.9001,1048042,209,-0.2324,-0.3635,1.6670,-19.6031,-152.2901,84.7786
302968.9609,1048052,210,-0.2290,-0.4646,1.6924,-32.5344,-145.5115,76.8092
302968.9609,1048062,210,-0.2117,-0.6150,1.7288,-39.6794,-139.2366,70.4427
302968.9609,1048072,210,-0.1660,-0.7617,1.7502,-43.4504,-135.3740,71.3130
302968.9609,1048082,210,-0.0928,-0.8545,1.7920,-42.2748,-128.3053,79.2824
302968.9609,1048092,210,-0.0605,-0.8662,1.8267,-36.8550,-119.0992,91.5878
302968.9609,1048102,210,-0.0625,-0.8120,1.8579,-32.2443,-110.5038,107.0687
302968.9609,1048112,210,-0.0784,-0.7046,1.8677,-29.4504,-100.9160,122.9313
302968.9609,1048122,210,-0.1348,-0.5920,1.8684,-26.0000,-89.7405,135.0992
302968.9609,1048132,210,-0.1487,-0.4993,1.8582,-23.2824,-81.2977,141.1756
302968.9609,1048142,210,-0.1494,-0.4487,1.8411,-24.5344,-74.1221,143.5115
302969.0803,1048152,211,-0.1409,-0.4470,1.8218,-27.8626,-68.5038,144.2290
302969.0803,1048162,211,-0.1125,-0.4670,1.8318,-30.8244,-64.6718,145.2061
302969.0803,1048172,211,-0.0908,-0.4609,1.8657,-32.5038,-61.4809,150.3206
302969.0803,1048182,211,-0.0505,-0.3967,1.9099,-29.3435,-58.7481,158.2748
302969.0803,1048192,211,-0.0173,-0.2942,1.9832,-24.4275,-52.6107,164.8092
302969.0803,1048202,211,0.0349,-0.1865,2.0447,-20.5649,-40.9924,169.6641
302969.0803,1048212,211,0.0288,-0.0928,2.0342,-18.7328,-23.5573,171.0229
302969.0803,1048222,211,-0.0488,0.0029,1.9316,-25.5573,5.1450,161.7252
302969.0803,1048232,211,-0.0559,0.0271,1.9016,-29.7710,12.3817,158.2595
302969.0803,1048242,211,-0.0503,0.0718,1.9153,-31.9542,16.6565,155.3893
302969.2013,1048252,212,-0.0491,0.1426,1.9402,-34.8244,19.5573,154.0763
302969.2013,1048262,212,-0.0486,0.2156,1.9631,-39.5267,22.4122,152.4733
302969.2013,1048272,212,-0.0195,0.3003,2.0100,-43.2519,29.5115,149.5573
302969.2013,1048282,212,-0.0161,0.3848,2.0278,-48.3969,44.2595,145.6794
302969.2013,1048292,212,-0.0107,0.4253,1.9824,-56.2901,61.2519,138.7328
302969.2013,1048302,212,-0.0383,0.4128,1.9048,-64.6718,78.9924,124.8092
302969.2013,1048312,212,-0.0938,0.3281,1.7859,-74.1985,92.9771,106.4275
302969.2013,1048322,212,-0.1150,0.1628,1.6660,-82.1679,100.0305,88.7328
302969.2013,1048332,212,-0.1121,-0.0129,1.5889,-84.5496,102.3359,75.4504
302969.2013,1048342,212,-0.0608,-0.1418,1.5598,-81.8473,98.6107,72.9313
302969.2601,1048352,213,0.0037,-0.1924,1.5898,-72.9924,94.5191,79.5878
302969.2601,1048362,213,0.0488,-0.1433,1.6113,-57.6336,94.5954,89.0534
302969.2601,1048372,213,0.0684,-0.0405,1.6279,-41.0840,98.3053,95.9084
302969.2601,1048382,213,0.0698,0.0698,1.6372,-27.5573,103.4351,98.7328
302969.2601,1048392,213,0.0574,0.1814,1.6287,-17.6183,110.7328,99.5420
302969.2601,1048402,213,0.0447,0.3008,1.6016,-10.1069,117.5878,96.8092
302969.2601,1048412,213,0.0444,0.3677,1.5557,-7.4809,122.3359,90.0000
302969.2601,1048422,213,0.0264,0.3955,1.5127,-7.1756,126.7176,81.2977
302969.2601,1048432,213,0.0229,0.4167,1.4866,-6.9771,129.4351,74.4275
302969.2601,1048442,213,0.0415,0.4368,1.4631,-5.6336,129.6183,68.1985
302969.3804,1048452,214,0.0654,0.4524,1.4658,-1.1450,129.4656,59.1450
302969.3804,1048462,214,0.0784,0.3982,1.4163,3.6641,131.7252,48.1527
302969.3804,1048472,214,0.0681,0.3174,1.3335,9.1298,137.4198,39.6336
302969.3804,1048482,214,0.0388,0.2727,1.2437,15.9695,141.0840,36.5038
302969.3804,1048492,214,0.0146,0.2446,1.1641,24.4427,142.5038,35.9237
302969.3804,1048502,214,-0.0039,0.2581,1.1016,36.7176,142.1832,36.1069
302969.3804,1048512,214,-0.0188,0.3125,1.0581,49.6336,139.7863,36.8397
302969.3804,1048522,214,-0.0225,0.3662,1.0190,59.5420,136.8244,35.6183
302969.3804,1048532,214,-0.0557,0.3872,0.9507,66.0763,135.3740,30.9771
302969.3804,1048542,214,-0.0786,0.3752,0.8789,68.6260,134.5344,24.8702
302969.5010,1048552,215,-0.1108,0.3606,0.8096,69.5267,133.7405,19.2214
302969.5010,1048562,215,-0.1174,0.3523,0.7668,72.2595,130.8702,13.9084
302969.5010,1048572,215,-0.0994,0.3489,0.7517,78.5191,127.5115,7.8015
302969.5010,1048582,215,-0.0854,0.3552,0.7434,85.6183,124.1679,0.7481
302969.5010,1048592,215,-0.1104,0.3376,0.6965,89.2672,123.1603,-7.1450
302969.5010,1048602,215,-0.1528,0.2930,0.6353,88.6412,123.2977,-14.9771
302969.5010,1048612,215,-0.2012,0.2324,0.5635,87.0076,120.4122,-21.0229
302969.5010,1048622,215,-0.2327,0.1699,0.5137,86.9008,114.1374,-24.0000
302969.5010,1048632,215,-0.2510,0.1270,0.4895,90.0916,105.9237,-23.8779
302969.5010,1048642,215,-0.2529,0.1326,0.4922,97.7099,96.5191,-23.1603
302969.5608,1048652,216,-0.2646,0.1287,0.4778,104.5954,89.0840,-24.1374
302969.5608,1048662,216,-0.2817,0.1382,0.4700,109.0840,83.8015,-25.6031
302969.5608,1048672,216,-0.2981,0.1250,0.4419,111.2977,77.6336,-26.7176
302969.5608,1048682,216,-0.3164,0.1484,0.4468,115.4656,72.4580,-28.5038
302969.5608,1048692,216,-0.3018,0.1802,0.4746,117.6641,67.0687,-31.2214
302969.5608,1048702,216,-0.2981,0.2024,0.4683,115.2672,63.7863,-35.3893
302969.5608,1048712,216,-0.3066,0.2056,0.4507,110.4427,62.9313,-41.4046
302969.5608,1048722,216,-0.3477,0.1599,0.3916,104.1832,61.8779,-47.9084
302969.5608,1048732,216,-0.3604,0.1160,0.3528,101.0382,57.6336,-54.1221
302969.5608,1048742,216,-0.3762,0.0764,0.3347,98.5038,51.7099,-58.5191
302969.7376,1048752,217,-0.3672,0.0393,0.3315,94.1832,45.1450,-60.8244
302969.7376,1048762,217,-0.3601,-0.0249,0.3169,91.5573,38.4885,-61.7557
302969.7376,1048772,217,-0.3940,-0.0430,0.3269,93.3435,34.3053,-61.2214
302969.7376,1048782,217,-0.3757,-0.0376,0.3284,93.3130,28.9466,-61.4046
302969.7376,1048792,217,-0.4216,-0.0586,0.3086,88.3817,28.4733,-61.3740
302969.7376,1048802,217,-0.4419,-0.0601,0.2935,83.9542,23.6489,-59.7099
302969.7376,1048812,217,-0.4470,-0.0605,0.2913,80.6260,16.9313,-58.8550
302969.7376,1048822,217,-0.4426,-0.0842,0.2808,76.9771,11.6336,-59.3282
302969.7376,1048832,217,-0.4443,-0.0913,0.2854,77.0229,7.8168,-60.9618
302969.7376,1048842,217,-0.4253,-0.0989,0.2905,77.6794,4.1374,-62.3817
302969.8605,1048852,218,-0.4329,-0.1138,0.2778,76.3511,1.9695,-63.2824
302969.8605,1048862,218,-0.4172,-0.1267,0.2749,74.8397,-1.7252,-63.7557
302969.8605,1048872,218,-0.4128,-0.1423,0.2722,73.3893,-5.0076,-63.5573
302969.8605,1048882,218,-0.3967,-0.1453,0.2603,70.9618,-5.8473,-62.3053
302969.8605,1048892,218,-0.3933,-0.1240,0.2415,67.9542,-8.8244,-58.8550
302969.8605,1048902,218,-0.3997,-0.1128,0.2180,64.9771,-13.0534,-56.3511
302969.8605,1048912,218,-0.3928,-0.1045,0.2217,63.8779,-17.2672,-57.0992
302969.8605,1048922,218,-0.4124,-0.1421,0.1982,62.2137,-19.6183,-58.7328
302969.8605,1048932,218,-0.4363,-0.1711,0.1572,60.4733,-20.7939,-58.7939
302969.8605,1048942,218,-0.4448,-0.1824,0.1147,60.5191,-26.5802,-56.7939
302969.8623,1048952,219,-0.4246,-0.1843,0.1138,61.5420,-34.7786,-55.3893
302969.8623,1048962,219,-0.3906,-0.1550,0.1606,63.4504,-43.5420,-53.5725
302969.8623,1048972,219,-0.3669,-0.1311,0.1829,62.9313,-49.8473,-52.4733
302969.8623,1048982,219,-0.3760,-0.1165,0.1746,59.3740,-50.5802,-53.2824
302969.8623,1048992,219,-0.3887,-0.1013,0.1599,54.6260,-54.8550,-54.7328
302969.8623,1049002,219,-0.3928,-0.1221,0.1626,49.2519,-63.4656,-57.2366
302969.8623,1049012,219,-0.3921,-0.1528,0.1763,45.4809,-71.9542,-61.1908
302969.8623,1049022,219,-0.3926,-0.1948,0.1987,41.8626,-79.2824,-65.2061
302969.8623,1049032,219,-0.3879,-0.2732,0.2058,37.7099,-83.5725,-67.3740
302969.8623,1049042,219,-0.3733,-0.3049,0.2324,36.4427,-88.4275,-67.7099
302969.9794,1049052,220,-0.3242,-0.3330,0.2908,34.3359,-97.7252,-66.4580
302969.9794,1049062,220,-0.2712,-0.3376,0.3784,32.2748,-103.9389,-65.6794
302969.9794,1049072,220,-0.2649,-0.3801,0.4258,30.6870,-107.1298,-65.5267
302969.9794,1049082,220,-0.3210,-0.4509,0.4202,31.7099,-104.8855,-66.1985
302969.9794,1049092,220,-0.3542,-0.4880,0.4302,33.2214,-105.6183,-65.6031
302969.9794,1049102,220,-0.3481,-0.5486,0.4485,29.3893,-115.1908,-61.6183
302969.9794,1049112,220,-0.2891,-0.5828,0.5110,25.7405,-125.8015,-56.1985
302969.9794,1049122,220,-0.1816,-0.5510,0.5964,24.1069,-137.0229,-51.3740
302969.9794,1049132,220,-0.0403,-0.5054,0.7034,19.3588,-145.8626,-48.3511
302969.9794,1049142,220,0.0708,-0.4468,0.8037,12.0763,-147.7099,-47.6183
302970.1600,1049152,221,0.0637,-0.4521,0.8079,-0.2137,-143.4809,-50.1374
302970.1600,1049162,221,-0.0344,-0.5825,0.7026,-17.2672,-133.7405,-53.9847
302970.1600,1049172,221,-0.1870,-0.7668,0.5544,-24.9466,-129.9389,-55.5267
302970.1600,1049182,221,-0.2529,-0.9172,0.4846,-19.2366,-135.7710,-51.8931
302970.1600,1049192,221,-0.2095,-0.9551,0.5310,-4.1832,-147.2214,-40.7176
302970.1600,1049202,221,-0.0991,-0.8796,0.6584,11.0687,-160.4122,-26.1679
302970.1600,1049212,221,0.0168,-0.7583,0.8000,18.9466,-169.0076,-12.3817
302970.1600,1049222,221,0.0369,-0.6157,0.9714,17.4809,-172.2901,-1.9847
302970.1600,1049232,221,0.0044,-0.5732,1.0405,6.1679,-171.2366,4.5802
302970.1600,1049242,221,-0.0562,-0.5911,1.0659,-3.8168,-165.1450,4.7328
302970.1620,1049252,222,-0.1038,-0.6445,1.0815,-10.8855,-165.2977,3.5573
302970.1620,1049262,222,-0.0933,-0.7041,1.1152,-16.1069,-168.5954,5.0076
302970.1620,1049272,222,-0.0486,-0.7642,1.1648,-19.2519,-170.7634,8.8550
302970.1620,1049282,222,-0.0227,-0.8110,1.2087,-19.8168,-170.3511,15.0229
302970.1620,1049292,222,-0.0388,-0.8652,1.2222,-19.6641,-169.7099,21.2977
302970.1620,1049302,222,-0.0989,-0.9336,1.2356,-19.6947,-170.1374,30.3511
302970.1620,1049312,222,-0.0935,-0.9375,1.3157,-15.6336,-173.8473,42.3969
302970.1620,1049322,222,-0.0625,-0.9314,1.4180,-11.1603,-179.5725,55.0229
302970.1620,1049332,222,-0.1089,-0.9778,1.5007,-6.3969,-177.2366,68.1069
302970.1620,1049342,222,-0.0466,-0.9287,1.6221,3.6183,-174.7634,80.7328
302970.3385,1049352,223,0.0129,-0.8857,1.7251,10.2901,-173.0382,95.7557
302970.3385,1049362,223,0.0520,-0.8284,1.8298,13.7710,-166.9160,110.0458
302970.3385,1049372,223,0.1453,-0.7515,1.9539,18.1679,-159.4351,122.8092
302970.3385,1049382,223,0.1519,-0.6772,2.0249,21.1908,-147.2672,134.0916
302970.3385,1049392,223,0.1287,-0.5642,2.0750,21.4656,-133.0534,144.6870
302970.3385,1049402,223,0.1008,-0.4304,2.1255,19.7863,-119.7405,154.2748
302970.3385,1049412,223,0.0632,-0.2795,2.1599,18.1985,-106.2748,160.2443
302970.3385,1049422,223,0.0300,-0.1558,2.1677,13.5725,-93.5115,158.3511
302970.3385,1049432,223,-0.0242,-0.1248,2.1245,4.1527,-80.3359,150.2595
302970.3385,1049442,223,-0.0669,-0.1587,2.0562,-6.2901,-67.4962,141.5420
302970.3406,1049452,224,-0.0859,-0.2170,2.0078,-13.7099,-58.3969,136.9466
302970.3406,1049462,224,-0.0515,-0.2273,2.0239,-15.9847,-52.8397,136.3359
302970.3406,1049472,224,0.0046,-0.1907,2.0552,-14.7939,-45.5878,138.5038
302970.3406,1049482,224,0.0806,-0.1511,2.0771,-13.3130,-34.3359,138.8702
302970.3406,1049492,224,0.1062,-0.1055,2.0676,-12.2901,-18.3664,136.4275
302970.3406,1049502,224,0.0813,-0.1106,1.9971,-17.0076,-1.8321,132.9924
302970.3406,1049512,224,0.0498,-0.1672,1.8821,-23.3130,10.5954,129.7405
302970.3406,1049522,224,0.0674,-0.1946,1.8274,-23.7252,18.0611,128.5954
302970.3406,1049532,224,0.0723,-0.1777,1.8066,-21.1603,23.9695,130.1221
302970.3406,1049542,224,0.0884,-0.1162,1.7959,-18.4122,30.3359,132.6565
302970.4601,1049552,225,0.0984,-0.0537,1.7876,-17.6031,38.4122,133.9542
302970.4601,1049562,225,0.0874,0.0129,1.7678,-19.2061,45.7099,133.6489
302970.4601,1049572,225,0.0640,0.0686,1.7598,-21.6336,51.4962,131.8168
302970.4601,1049582,225,0.0757,0.1248,1.7593,-22.6412,56.8244,127.7405
302970.4601,1049592,225,0.0767,0.1699,1.7720,-20.6412,63.8931,119.7099
302970.4601,1049602,225,0.0815,0.2014,1.7661,-20.5496,71.5878,110.2443
302970.4601,1049612,225,0.0808,0.2090,1.7393,-24.2748,79.4351,102.3053
302970.4601,1049622,225,0.0891,0.2231,1.7234,-28.6718,86.1374,96.5802
302970.4601,1049632,225,0.0999,0.2261,1.7009,-31.7557,91.8779,90.8092
302970.4601,1049642,225,0.1118,0.2048,1.6553,-32.7328,98.4885,84.4122
302970.5809,1049652,226,0.1091,0.1819,1.6001,-32.2443,104.4733,79.4046
302970.5809,1049662,226,0.1008,0.1904,1.5400,-29.2061,108.7481,76.9313
302970.5809,1049672,226,0.0903,0.2097,1.4851,-24.7481,111.5725,74.5191
302970.5809,1049682,226,0.0874,0.2295,1.4509,-20.7634,113.7557,71.1603
302970.5809,1049692,226,0.0833,0.2432,1.4111,-17.2824,116.0458,68.1069
302970.5809,1049702,226,0.0542,0.2471,1.3579,-13.5420,118.9618,64.3053
302970.5809,1049712,226,0.0291,0.2488,1.3120,-10.0611,121.0382,60.0763
302970.5809,1049722,226,0.0134,0.2485,1.2827,-6.6260,120.9924,56.7176
302970.5809,1049732,226,0.0105,0.2590,1.2705,-2.4580,119.5725,53.6489
302970.5809,1049742,226,0.0344,0.2808,1.2891,2.0763,118.8550,50.0916
302970.6995,1049752,227,0.0391,0.2749,1.2710,4.1374,121.8931,45.3588
302970.6995,1049762,227,0.0034,0.2488,1.2197,4.6107,127.0076,41.0687
302970.6995,1049772,227,-0.0381,0.2012,1.1494,6.6718,128.2290,37.7863
302970.6995,1049782,227,-0.0535,0.1719,1.1072,10.9924,126.7176,35.2061
302970.6995,1049792,227,-0.0466,0.1760,1.0942,17.4046,123.6489,34.1832
302970.6995,1049802,227,-0.0408,0.1821,1.0947,24.4580,122.8397,32.2137
302970.6995,1049812,227,-0.0417,0.1941,1.0679,29.8321,123.4504,29.3435
302970.6995,1049822,227,-0.0637,0.2073,1.0273,33.5725,122.8702,26.7786
302970.6995,1049832,227,-0.0813,0.2126,0.9890,36.4733,122.1679,23.6183
302970.6995,1049842,227,-0.0938,0.2236,0.9475,40.3664,119.8626,20.1069
302970.7602,1049852,228,-0.1160,0.2288,0.9121,43.5573,117.8015,15.2519
302970.7602,1049862,228,-0.1479,0.1960,0.8501,44.5954,116.4733,10.1985
302970.7602,1049872,228,-0.1682,0.1860,0.8027,46.7786,114.5344,6.9924
302970.7602,1049882,228,-0.1978,0.1841,0.7688,50.7786,110.4122,4.7481
302970.7602,1049892,228,-0.2024,0.1746,0.7397,55.1603,105.3588,0.7634
302970.7602,1049902,228,-0.1951,0.1702,0.7180,59.5573,101.1756,-3.2672
302970.7602,1049912,228,-0.2075,0.1667,0.7102,62.1985,97.4198,-6.8397
302970.7602,1049922,228,-0.2126,0.1489,0.6926,62.6260,94.3511,-9.8779
302970.7602,1049932,228,-0.2361,0.1333,0.6672,63.3893,92.9466,-12.5649
302970.7602,1049942,228,-0.2327,0.1545,0.6558,65.5725,90.5496,-14.7786
302970.8790,1049952,229,-0.2346,0.1682,0.6523,66.4580,87.4504,-18.2290
302970.8790,1049962,229,-0.2451,0.1577,0.6304,66.2137,85.8168,-23.3740
302970.8790,1049972,229,-0.2493,0.1477,0.6011,64.8702,84.9466,-28.0305
302970.8790,1049982,229,-0.2703,0.1313,0.5537,61.8626,83.2214,-31.5115
302970.8790,1049992,229,-0.2866,0.1123,0.5210,59.9389,79.6183,-34.4427
302970.8790,1050002,229,-0.3081,0.0789,0.4707,59.2061,75.3130,-37.8473
302970.8790,1050012,229,-0.3306,0.0500,0.4299,59.9542,72.1069,-40.1832
302970.8790,1050022,229,-0.3323,0.0430,0.4216,61.5725,68.9008,-41.0229
302970.8790,1050032,229,-0.3606,0.0317,0.4016,61.9847,67.0076,-40.8397
302970.8790,1050042,229,-0.3933,0.0344,0.3669,63.1450,62.8855,-40.2901
302970.9999,1050052,230,-0.4177,0.0361,0.3533,64.9618,56.5496,-40.7786
302970.9999,1050062,230,-0.4363,0.0261,0.3596,66.0000,50.4427,-42.8550
302970.9999,1050072,230,-0.4458,0.0154,0.3577,66.7023,45.0229,-44.2595
302970.9999,1050082,230,-0.4683,0.0186,0.3655,68.2290,40.0305,-44.2595
302970.9999,1050092,230,-0.4937,0.0261,0.3689,68.7939,34.6107,-43.8321
302970.9999,1050102,230,-0.4883,0.0281,0.3877,68.8244,29.1756,-44.6565
302970.9999,1050112,230,-0.4695,0.0217,0.4001,68.9466,26.0916,-46.2748
302970.9999,1050122,230,-0.4832,-0.0012,0.3904,68.8244,24.1832,-47.9389
302970.9999,1050132,230,-0.5144,-0.0408,0.3743,67.8626,21.5420,-48.6260
302970.9999,1050142,230,-0.5303,-0.0537,0.3772,68.8092,16.8855,-47.7710
302971.0607,1050152,231,-0.5439,-0.0676,0.3823,69.6794,11.1603,-47.3893
302971.0607,1050162,231,-0.5581,-0.0886,0.3884,69.0229,7.5115,-47.0840
302971.0607,1050172,231,-0.5664,-0.0918,0.4014,69.6489,3.8473,-45.4962
302971.0607,1050182,231,-0.5735,-0.0996,0.3999,71.0076,-0.1985,-43.4351
302971.0607,1050192,231,-0.5986,-0.1077,0.4053,73.5115,-2.4122,-42.2595
302971.0607,1050202,231,-0.5869,-0.0916,0.4465,77.7710,-7.6641,-41.4962
302971.0607,1050212,231,-0.5576,-0.0469,0.5127,80.8550,-12.4275,-40.0458
302971.0607,1050222,231,-0.5320,0.0078,0.5752,80.5191,-14.0153,-39.6794
302971.0607,1050232,231,-0.5049,0.0518,0.6255,76.0305,-12.9160,-41.0382
302971.0607,1050242,231,-0.5007,0.0754,0.6482,68.6107,-10.0916,-43.8779
302971.1804,1050252,232,-0.5532,0.0520,0.6028,58.6565,-5.4046,-47.7252
302971.1804,1050262,232,-0.5845,-0.0105,0.5466,49.8779,-3.0229,-51.0076
302971.1804,1050272,232,-0.6025,-0.0334,0.5183,47.3740,-4.1985,-52.1374
302971.1804,1050282,232,-0.5947,-0.0469,0.5029,47.6031,-7.7405,-52.4122
302971.1804,1050292,232,-0.5710,-0.0356,0.5010,48.9160,-10.9618,-52.9160
302971.1804,1050302,232,-0.5457,0.0073,0.5352,50.4122,-13.2824,-53.1908
302971.1804,1050312,232,-0.5142,0.0503,0.5508,49.3740,-14.2901,-53.9695
302971.1804,1050322,232,-0.5039,0.0579,0.5442,45.8931,-13.0992,-57.5267
302971.1804,1050332,232,-0.4731,0.0425,0.5361,41.6336,-11.5420,-61.0687
302971.1804,1050342,232,-0.4939,0.0115,0.4897,37.9084,-9.8015,-64.1221
302971.3004,1050352,233,-0.5002,-0.0178,0.4414,36.3817,-7.4962,-66.4733
302971.3004,1050362,233,-0.5068,0.0005,0.3894,37.3130,-7.6336,-68.0000
302971.3004,1050372,233,-0.5029,0.0034,0.3503,34.9771,-10.5038,-69.1298
302971.3004,1050382,233,-0.5024,-0.0020,0.3074,32.7634,-13.5725,-71.1603
302971.3004,1050392,233,-0.4973,-0.0029,0.2734,31.9237,-19.2519,-74.7481
302971.3004,1050402,233,-0.4932,-0.0510,0.2363,28.8244,-26.4580,-79.2366
302971.3004,1050412,233,-0.4646,-0.0955,0.2166,26.8244,-34.4885,-83.0992
302971.3004,1050422,233,-0.4336,-0.1606,0.2229,26.7023,-44.0916,-84.6260
302971.3004,1050432,233,-0.3933,-0.1919,0.2542,29.7863,-51.7557,-85.2366
302971.3004,1050442,233,-0.3337,-0.2078,0.3027,31.3893,-57.3740,-84.1679
302971.4202,1050452,234,-0.3025,-0.2307,0.3223,30.5496,-62.0458,-82.2595
302971.4202,1050462,234,-0.2773,-0.2561,0.3347,29.3130,-64.9008,-80.5649
302971.4202,1050472,234,-0.2590,-0.2935,0.3567,28.2901,-68.5649,-78.6565
302971.4202,1050482,234,-0.2712,-0.3440,0.3479,28.9160,-69.3893,-76.2595
302971.4202,1050492,234,-0.2795,-0.3655,0.3250,32.2290,-71.3740,-74.6718
302971.4202,1050502,234,-0.2542,-0.3748,0.3262,34.0916,-79.6641,-73.1908
302971.4202,1050512,234,-0.2085,-0.3635,0.3726,35.4046,-89.6183,-72.4427
302971.4202,1050522,234,-0.1370,-0.3367,0.4468,34.9313,-100.2443,-73.0687
302971.4202,1050532,234,-0.0791,-0.3645,0.5063,29.3588,-107.5878,-74.4733
302971.4202,1050542,234,-0.0801,-0.4475,0.5186,22.6870,-108.6412,-76.9466
302971.4795,1050552,235,-0.0967,-0.5320,0.5007,18.9924,-110.8855,-78.5802
302971.4795,1050562,235,-0.1194,-0.6086,0.4866,16.5496,-116.8092,-77.4809
302971.4795,1050572,235,-0.1023,-0.6702,0.5095,15.7252,-124.0153,-73.4504
302971.4795,1050582,235,-0.1060,-0.7107,0.5325,16.2443,-130.7634,-67.9389
302971.4795,1050592,235,-0.1267,-0.7654,0.5447,17.4198,-138.0305,-62.3969
302971.4795,1050602,235,-0.1013,-0.7856,0.6089,20.5954,-147.3893,-56.1374
302971.4795,1050612,235,-0.0396,-0.7446,0.7402,23.9389,-157.8779,-47.1908
302971.4795,1050622,235,0.0518,-0.6738,0.8740,23.3740,-164.5802,-39.0687
302971.4795,1050632,235,0.1067,-0.6465,0.9805,17.8473,-165.1450,-35.3588
302971.4795,1050642,235,0.1086,-0.6863,0.9880,9.5267,-159.2672,-35.3893
302971.6002,1050652,236,0.0950,-0.7483,0.9751,3.0687,-153.6947,-35.3740
302971.6002,1050662,236,0.0410,-0.8574,0.9446,-1.8473,-153.1603,-33.9389
302971.6002,1050672,236,-0.0374,-0.9851,0.9451,-2.9313,-152.6260,-29.3893
302971.6002,1050682,236,-0.0715,-1.0354,0.9807,1.9237,-153.9695,-17.8168
302971.6002,1050692,236,-0.0310,-0.9905,1.0603,8.2748,-160.2137,-1.9084
302971.6002,1050702,236,0.0100,-0.8811,1.1914,10.4427,-166.3969,13.3435
302971.6002,1050712,236,0.1042,-0.7759,1.3062,7.2519,-169.0076,23.8931
302971.6002,1050722,236,0.1594,-0.6987,1.3711,0.0458,-166.7786,28.8397
302971.6002,1050732,236,0.0886,-0.8220,1.3320,-11.8779,-160.9924,26.6260
302971.6002,1050742,236,0.0723,-0.9807,1.3030,-17.8168,-156.1069,25.3130
302971.6608,1050752,237,0.0583,-1.0574,1.3230,-16.3664,-155.0840,35.9237
302971.6608,1050762,237,0.1040,-1.0393,1.4045,-9.9237,-155.6183,52.2595
302971.6608,1050772,237,0.1431,-0.9033,1.5083,-1.5725,-153.6947,68.1985
302971.6608,1050782,237,0.1426,-0.7537,1.5686,3.1298,-147.5115,79.7863
302971.6608,1050792,237,0.1016,-0.6421,1.5979,1.1145,-140.9160,85.0992
302971.6608,1050802,237,0.0508,-0.5952,1.6008,-7.3893,-134.2443,88.5496
302971.6608,1050812,237,0.0288,-0.6208,1.5925,-16.1374,-128.0000,87.8779
302971.6608,1050822,237,0.0039,-0.7615,1.5715,-22.7481,-125.0229,86.1985
302971.6608,1050832,237,0.0259,-0.8765,1.5806,-22.1679,-123.1298,90.7939
302971.6608,1050842,237,0.0906,-0.9124,1.6228,-15.2061,-122.2443,101.4962
302971.7815,1050852,238,0.1423,-0.8914,1.6819,-6.4122,-118.9618,114.0153
302971.7815,1050862,238,0.1619,-0.8362,1.7478,0.3969,-112.8397,126.9924
302971.7815,1050872,238,0.1731,-0.7571,1.7869,5.2061,-104.6870,141.5878
302971.7815,1050882,238,0.1733,-0.6687,1.8518,9.8626,-98.0611,152.2748
302971.7815,1050892,238,0.1758,-0.6006,1.9236,12.5649,-92.1527,159.2672
302971.7815,1050902,238,0.2163,-0.5146,1.9976,15.0687,-84.4733,164.8702
302971.7815,1050912,238,0.2461,-0.4551,2.0647,15.6031,-74.4122,166.0611
302971.7815,1050922,238,0.2634,-0.4275,2.0881,12.4427,-61.8168,165.7099
302971.7815,1050932,238,0.2849,-0.4019,2.0774,8.5954,-48.8855,166.9771
302971.7815,1050942,238,0.2681,-0.3730,2.0583,6.1374,-35.0382,168.7939
302971.8994,1050952,239,0.2490,-0.3196,2.0405,4.7176,-22.1374,172.4275
302971.8994,1050962,239,0.2339,-0.2297,2.0117,4.0763,-11.7863,176.8702
302971.8994,1050972,239,0.2183,-0.1428,1.9846,2.4733,-3.0534,178.4733
302971.8994,1050982,239,0.2102,-0.0715,1.9451,-0.1985,5.8931,177.0687
302971.8994,1050992,239,0.1968,-0.0261,1.9109,-3.0382,15.2519,172.7786
302971.8994,1051002,239,0.1794,0.0117,1.9082,-4.7481,24.3511,166.8244
302971.8994,1051012,239,0.1865,0.0798,1.9431,-5.4198,33.4046,161.1756
302971.8994,1051022,239,0.2007,0.1343,1.9563,-7.6489,43.8626,155.5420
302971.8994,1051032,239,0.1914,0.1580,1.9675,-10.2595,55.6336,147.4962
302971.8994,1051042,239,0.2021,0.1812,1.9661,-11.7099,68.2137,140.1832
302971.9588,1051052,240,0.2007,0.1924,1.9243,-12.9924,80.5038,132.8702
302971.9588,1051062,240,0.1562,0.1826,1.8789,-15.9084,92.2443,124.9771
302971.9588,1051072,240,0.1423,0.1965,1.8369,-18.9160,99.4962,120.6565
302971.9588,1051082,240,0.1262,0.2056,1.7947,-22.9771,104.7786,118.3359
302971.9588,1051092,240,0.1082,0.1951,1.7346,-26.8244,111.0382,115.3588
302971.9588,1051102,240,0.0986,0.1929,1.6750,-28.6412,116.1221,113.4198
302971.9588,1051112,240,0.1069,0.1919,1.6189,-29.6794,118.3053,111.2977
302971.9588,1051122,240,0.1252,0.1582,1.5640,-29.3740,120.0000,105.2672
302971.9588,1051132,240,0.1477,0.1228,1.5298,-24.5191,122.5802,95.8321
302971.9588,1051142,240,0.1689,0.1074,1.5046,-17.1298,124.5496,87.3740
302972.0791,1051152,241,0.1892,0.1016,1.4731,-9.2061,128.2748,80.5649
302972.0791,1051162,241,0.1877,0.1060,1.4348,-3.1603,133.5878,74.9313
302972.0791,1051172,241,0.1963,0.1243,1.3879,0.1527,138.1679,72.5344
302972.0791,1051182,241,0.1907,0.1807,1.3477,3.2824,142.9924,71.0687
302972.0791,1051192,241,0.1743,0.2112,1.2744,5.1603,147.8473,67.7252
302972.0791,1051202,241,0.1343,0.2334,1.1975,7.6794,152.5802,62.7328
302972.0791,1051212,241,0.0767,0.2610,1.1135,10.0000,155.3740,57.8168
302972.0791,1051222,241,0.0415,0.2583,1.0293,10.4885,154.1527,52.2595
302972.0791,1051232,241,0.0164,0.2361,0.9702,12.2595,150.9313,46.2748
302972.0791,1051242,241,0.0066,0.2251,0.9236,16.3817,146.4122,41.4809
302972.2002,1051252,242,-0.0139,0.2178,0.8845,21.3435,142.2748,37.2824
302972.2002,1051262,242,-0.0322,0.2017,0.8440,25.5878,138.6870,33.2366
302972.2002,1051272,242,-0.0486,0.1814,0.7983,29.9695,135.1756,29.4809
302972.2002,1051282,242,-0.0496,0.1741,0.7715,36.0153,131.5420,26.9008
302972.2002,1051292,242,-0.0557,0.1853,0.7590,44.0916,127.3282,24.4275
302972.2002,1051302,242,-0.0674,0.1968,0.7378,51.7863,123.8321,19.7863
302972.2002,1051312,242,-0.0667,0.2104,0.7346,57.6794,122.5954,13.8473
302972.2002,1051322,242,-0.0989,0.1833,0.6860,58.2901,122.7328,8.4122
302972.2002,1051332,242,-0.1323,0.1421,0.6277,58.2748,122.0305,4.0611
302972.2002,1051342,242,-0.1660,0.1208,0.5762,60.9160,118.7634,2.3053
302972.2605,1051352,243,-0.1956,0.1189,0.5376,65.1450,112.7786,1.4809
302972.2605,1051362,243,-0.2212,0.1252,0.4956,68.8092,107.4656,0.4885
302972.2605,1051372,243,-0.2400,0.1392,0.4663,72.8092,101.6336,-1.1756
302972.2605,1051382,243,-0.2634,0.1492,0.4365,77.1450,95.7863,-4.5344
302972.2605,1051392,243,-0.3003,0.1558,0.4141,79.5573,90.5649,-9.0229
302972.2605,1051402,243,-0.3303,0.1501,0.3835,79.7099,85.5725,-13.3435
302972.2605,1051412,243,-0.3682,0.1362,0.3645,77.7252,81.6794,-17.7405
302972.2605,1051422,243,-0.3982,0.1064,0.3254,74.4580,76.9160,-21.3588
302972.2605,1051432,243,-0.4382,0.0823,0.3040,74.6565,69.8168,-24.3664
302972.2605,1051442,243,-0.4417,0.0598,0.3066,76.4733,60.3817,-27.6489
302972.3802,1051452,244,-0.4287,0.0408,0.3271,78.7176,51.9237,-30.2901
302972.3802,1051462,244,-0.4082,0.0381,0.3669,80.9924,44.7176,-32.8855
302972.3802,1051472,244,-0.4270,0.0186,0.3965,81.3130,40.8244,-35.2672
302972.3802,1051482,244,-0.4478,0.0127,0.4146,81.0076,37.0076,-37.0382
302972.3802,1051492,244,-0.4685,0.0281,0.4238,79.3282,33.1298,-39.1603
302972.3802,1051502,244,-0.4717,0.0398,0.4470,74.8702,29.4656,-42.2595
302972.3802,1051512,244,-0.4604,0.0234,0.4526,69.2061,26.0611,-46.7176
302972.3802,1051522,244,-0.4722,-0.0464,0.4507,62.4122,25.1145,-51.5267
302972.3802,1051532,244,-0.4944,-0.1101,0.4343,57.2366,23.8626,-54.4885
302972.3802,1051542,244,-0.5237,-0.1665,0.4167,54.3969,20.9008,-55.6336
302972.4992,1051552,245,-0.4990,-0.1863,0.4258,53.6336,16.3053,-55.5115
302972.4992,1051562,245,-0.5273,-0.2085,0.4434,52.2595,13.8015,-54.0458
302972.4992,1051572,245,-0.5110,-0.2102,0.4634,50.1221,11.6183,-52.5496
302972.4992,1051582,245,-0.5471,-0.2100,0.4509,46.6718,11.4656,-51.0382
302972.4992,1051592,245,-0.5576,-0.2246,0.4375,42.5344,9.3435,-50.9008
302972.4992,1051602,245,-0.5676,-0.2729,0.4248,39.0229,6.2443,-51.7405
302972.4992,1051612,245,-0.5859,-0.3362,0.4216,36.8702,3.9084,-51.4504
302972.4992,1051622,245,-0.6116,-0.3792,0.4141,37.1908,2.4733,-48.4733
302972.4992,1051632,245,-0.6279,-0.3838,0.4331,40.0458,-1.2519,-44.0916
302972.4992,1051642,245,-0.6311,-0.3525,0.4795,42.6870,-4.9924,-39.4962
302972.5600,1051652,246,-0.6294,-0.3271,0.5181,42.1985,-5.2061,-35.8626
302972.5600,1051662,246,-0.6594,-0.3206,0.5212,40.4733,-3.3282,-33.8473
302972.5600,1051672,246,-0.6929,-0.3298,0.5117,37.6031,-3.3435,-31.7405
302972.5600,1051682,246,-0.7295,-0.3428,0.4941,34.3664,-4.8092,-29.3893
302972.5600,1051692,246,-0.7515,-0.3477,0.5056,32.3664,-7.4656,-26.8855
302972.5600,1051702,246,-0.7615,-0.3523,0.5193,31.0992,-10.5954,-24.7481
302972.5600,1051712,246,-0.7620,-0.3669,0.5452,29.6336,-13.4351,-22.5191
302972.5600,1051722,246,-0.7588,-0.3674,0.5825,29.8015,-14.9313,-19.4809
302972.5600,1051732,246,-0.7512,-0.3525,0.6223,30.9313,-13.7710,-16.4580
302972.5600,1051742,246,-0.7598,-0.3074,0.6458,31.9695,-12.0611,-13.7557
302972.6796,1051752,247,-0.7683,-0.2708,0.6570,30.7939,-10.7786,-12.5191
302972.6796,1051762,247,-0.7754,-0.2515,0.6638,27.0687,-9.0229,-12.6107
302972.6796,1051772,247,-0.7827,-0.2427,0.6658,22.5344,-8.1832,-13.0840
302972.6796,1051782,247,-0.7798,-0.2397,0.6807,17.5420,-8.7481,-12.9466
302972.6796,1051792,247,-0.7527,-0.2366,0.7070,13.1298,-9.0534,-12.3511
302972.6796,1051802,247,-0.7275,-0.2192,0.7222,11.2519,-7.5115,-12.1679
302972.6796,1051812,247,-0.7290,-0.2056,0.7244,9.8626,-4.4275,-12.7786
302972.6796,1051822,247,-0.7332,-0.2065,0.6997,7.5573,0.2748,-13.3130
302972.6796,1051832,247,-0.7688,-0.1904,0.6572,5.9237,4.1069,-12.7634
302972.6796,1051842,247,-0.7766,-0.1763,0.6248,3.9847,3.5267,-11.8321
302972.7999,1051852,248,-0.7659,-0.1636,0.6226,3.1908,1.6183,-11.4962
302972.7999,1051862,248,-0.7532,-0.1377,0.6169,2.6870,0.3511,-11.7405
302972.7999,1051872,248,-0.7537,-0.1382,0.5972,-0.1221,-0.2595,-12.1832
302972.7999,1051882,248,-0.7568,-0.1799,0.5662,-2.7176,0.3053,-12.3969
302972.7999,1051892,248,-0.7698,-0.2068,0.5386,-1.7557,0.7328,-11.5573
302972.7999,1051902,248,-0.7646,-0.2153,0.5291,0.7176,-2.0458,-9.3130
302972.7999,1051912,248,-0.7468,-0.1965,0.5515,3.3588,-4.7786,-6.4580
302972.7999,1051922,248,-0.7209,-0.1838,0.5728,4.4275,-6.9771,-3.6336
302972.7999,1051932,248,-0.7002,-0.1675,0.6008,7.0076,-6.9466,-1.0687
302972.7999,1051942,248,-0.7104,-0.1257,0.6064,11.1298,-5.9847,-0.0153
302972.8604,1051952,249,-0.7253,-0.0913,0.6025,12.5954,-6.2290,0.2443
302972.8604,1051962,249,-0.7307,-0.0652,0.6072,11.9389,-7.7252,0.4275
302972.8604,1051972,249,-0.7190,-0.0378,0.6155,9.8779,-10.1679,0.3969
302972.8604,1051982,249,-0.6938,-0.0322,0.6335,7.4656,-12.3359,-0.7634
302972.8604,1051992,249,-0.6702,-0.0171,0.6506,6.5496,-12.7176,-2.2901
302972.8604,1052002,249,-0.6611,-0.0232,0.6528,4.0305,-13.2214,-3.8931
302972.8604,1052012,249,-0.6470,-0.0540,0.6414,1.3130,-13.3588,-5.3130
302972.8604,1052022,249,-0.6189,-0.0693,0.6387,1.3893,-12.4580,-5.7710
302972.8604,1052032,249,-0.6091,-0.0632,0.6348,3.2519,-11.5267,-5.6336
302972.8604,1052042,249,-0.5979,-0.0396,0.6240,4.1679,-11.1145,-5.3740
302972.9792,1052052,250,-0.5779,-0.0129,0.6140,2.8092,-11.3588,-5.2061
302972.9792,1052062,250,-0.5574,0.0110,0.5964,-0.2443,-12.2443,-6.1374
302972.9792,1052072,250,-0.5283,0.0181,0.5793,-4.1679,-13.5878,-8.2290
302972.9792,1052082,250,-0.4983,0.0166,0.5581,-8.5344,-15.5725,-10.8244
302972.9792,1052092,250,-0.4949,-0.0276,0.5193,-13.2061,-16.8550,-13.2672
302972.9792,1052102,250,-0.4893,-0.0627,0.4753,-14.7634,-17.0229,-15.3130
302972.9792,1052112,250,-0.4736,-0.0818,0.4414,-13.8931,-19.6031,-16.4122
302972.9792,1052122,250,-0.4397,-0.0864,0.4141,-12.7176,-24.8092,-16.9618
302972.9792,1052132,250,-0.3987,-0.0808,0.4141,-12.7023,-30.1985,-15.8779
302972.9792,1052142,250,-0.3704,-0.0698,0.4053,-11.2824,-34.4885,-14.3969
302973.0995,1052152,251,-0.3535,-0.0405,0.3936,-9.4504,-38.6412,-14.2748
302973.0995,1052162,251,-0.3618,-0.0063,0.3972,-9.6794,-44.3664,-14.4733
302973.0995,1052172,251,-0.3481,0.0305,0.3835,-12.1832,-50.7481,-14.7786
302973.0995,1052182,251,-0.3433,0.0701,0.3723,-14.1069,-54.5649,-16.8550
302973.0995,1052192,251,-0.3550,0.0598,0.3391,-17.8931,-59.9237,-22.1985
302973.0995,1052202,251,-0.3557,-0.0110,0.3101,-22.5649,-65.6183,-30.1832
302973.0995,1052212,251,-0.3169,-0.0823,0.3008,-24.3053,-69.3893,-35.4656
302973.0995,1052222,251,-0.3025,-0.1216,0.3030,-23.4962,-73.4656,-36.1679
302973.0995,1052232,251,-0.2759,-0.1433,0.3269,-23.0687,-82.2137,-34.7176
302973.0995,1052242,251,-0.2568,-0.1267,0.3823,-22.8702,-92.7634,-32.7939
302973.1603,1052252,252,-0.2336,-0.0361,0.4587,-22.3664,-104.5038,-29.3893
302973.1603,1052262,252,-0.2139,0.0508,0.5317,-23.9084,-116.1985,-30.1527
302973.1603,1052272,252,-0.1790,0.1162,0.5837,-26.9924,-125.3588,-36.9618
302973.1603,1052282,252,-0.2048,0.1047,0.5967,-32.0916,-132.9008,-49.2977
302973.1603,1052292,252,-0.2141,-0.0442,0.5896,-42.0611,-134.7939,-62.9466
302973.1603,1052302,252,-0.1970,-0.2236,0.5496,-45.5115,-125.6031,-69.1756
302973.1603,1052312,252,-0.2019,-0.2886,0.5115,-37.1603,-118.6565,-69.5878
302973.1603,1052322,252,-0.1919,-0.3076,0.4739,-31.8779,-122.6107,-65.9237
302973.1603,1052332,252,-0.1641,-0.2810,0.4666,-30.2137,-134.3817,-60.9008
302973.1603,1052342,252,-0.1106,-0.1748,0.5137,-30.1069,-149.3435,-57.3130
302973.2804,1052352,253,-0.1460,-0.0671,0.5752,-39.6031,-163.2061,-54.3664
302973.2804,1052362,253,-0.1404,-0.0066,0.6130,-54.6718,-178.6718,-54.7481
302973.2804,1052372,253,-0.1113,0.0330,0.7004,-66.9008,-194.5191,-63.8626
302973.2804,1052382,253,0.0134,-0.1624,0.8000,-72.4885,-205.2977,-81.4962
302973.2804,1052392,253,0.1462,-0.2844,0.9209,-52.1679,-196.8550,-103.1450
302973.2804,1052402,253,0.2031,-0.3562,0.9690,-32.1985,-185.2061,-112.6107
302973.2804,1052412,253,0.2290,-0.3835,0.9448,-25.5267,-176.8550,-111.0382
302973.2804,1052422,253,0.2327,-0.3914,0.8762,-28.4733,-171.7099,-106.6412
302973.2804,1052432,253,0.2151,-0.4170,0.8113,-35.9695,-174.3664,-103.8779
302973.2804,1052442,253,0.1687,-0.4507,0.7886,-44.1985,-182.1069,-101.7099
302973.4007,1052452,254,0.2275,-0.4482,0.7932,-53.4656,-197.1145,-101.2061
302973.4007,1052462,254,0.2732,-0.4692,0.8123,-68.2748,-213.7252,-102.8092
302973.4007,1052472,254,0.2859,-0.5579,0.8010,-88.1069,-232.4122,-104.8244
302973.4007,1052482,254,0.3674,-0.6824,0.7932,-101.0229,-256.0458,-107.4656
302973.4007,1052492,254,0.4529,-0.7288,0.8191,-96.7939,-280.5344,-112.9771
302973.4007,1052502,254,0.6045,-0.7639,0.8796,-83.7252,-305.0076,-116.7176
302973.4007,1052512,254,0.8191,-0.8337,0.9919,-61.3740,-315.0076,-115.6947
302973.4007,1052522,254,0.9426,-0.9260,1.1252,-24.7328,-294.2290,-109.7557
302973.4007,1052532,254,0.9402,-0.9272,1.1580,16.5954,-253.6794,-99.8015
302973.4007,1052542,254,0.8799,-0.8513,1.0916,42.4275,-216.7939,-85.9389
302973.4602,1052552,255,0.8062,-0.8210,0.9336,45.6336,-198.1221,-71.7710
302973.4602,1052562,255,0.7498,-0.8538,0.8069,41.3588,-194.9313,-59.8473
302973.4602,1052572,255,0.7559,-0.8667,0.7285,45.0076,-205.1450,-50.2443
302973.4602,1052582,255,0.7405,-0.8479,0.7302,50.9618,-217.5115,-38.0763
302973.4602,1052592,255,0.8093,-0.7837,0.7671,53.4351,-234.8550,-20.0763
302973.4602,1052602,255,0.9170,-0.6555,0.9177,59.7252,-254.0000,-7.2061
302973.4602,1052612,255,1.0496,-0.4600,1.1443,68.5344,-271.1450,-5.1756
302973.4602,1052622,255,1.2563,-0.2815,1.3630,74.6718,-280.3206,-12.2748
302973.4602,1052632,255,1.3755,-0.2078,1.4824,72.4427,-264.6107,-27.7557
302973.4602,1052642,255,1.3606,-0.2549,1.4561,48.7939,-228.6565,-43.3435
302973.5809,1052652,0,1.2268,-0.3447,1.3159,10.9160,-189.0840,-43.6641
302973.5809,1052662,0,1.0779,-0.4087,1.1367,-20.2137,-161.7099,-34.5496
302973.5809,1052672,0,0.9902,-0.4443,0.9963,-37.5420,-151.6336,-29.5878
302973.5809,1052682,0,0.9146,-0.4431,0.9375,-43.0687,-150.6718,-26.5038
302973.5809,1052692,0,0.9165,-0.4070,0.9600,-41.7710,-156.2595,-21.8015
302973.5809,1052702,0,0.9121,-0.3040,1.0422,-39.6183,-159.8626,-18.5496
302973.5809,1052712,0,0.9585,-0.1638,1.1633,-40.7176,-160.6718,-18.0458
302973.5809,1052722,0,1.0649,-0.0640,1.2292,-44.1985,-156.7786,-25.2061
302973.5809,1052732,0,1.1262,-0.0430,1.2510,-50.9313,-138.7023,-39.4351
302973.5809,1052742,0,1.1345,-0.1357,1.1965,-61.1603,-114.8550,-53.7252
302973.7002,1052752,1,1.0989,-0.2061,1.0898,-73.8779,-94.4122,-60.2901
302973.7002,1052762,1,1.0596,-0.2939,0.9646,-88.1374,-80.8702,-60.9160
302973.7002,1052772,1,1.0308,-0.3582,0.8284,-100.9160,-74.6260,-58.0458
302973.7002,1052782,1,0.9922,-0.4309,0.7207,-108.4733,-70.4885,-53.2214
302973.7002,1052792,1,0.9888,-0.4502,0.6274,-107.4656,-69.3740,-49.3893
302973.7002,1052802,1,0.9485,-0.4534,0.5642,-104.5344,-65.1450,-46.4885
302973.7002,1052812,1,0.9543,-0.4023,0.5327,-103.2214,-67.2214,-45.3435
302973.7002,1052822,1,1.0730,-0.5879,0.3594,-108.2595,-78.8702,-46.5496
302973.7002,1052832,1,0.8606,-0.5085,0.4338,-105.3130,-56.3817,-35.8626
302973.7002,1052842,1,0.8433,-0.3059,0.5359,-82.3053,-71.3740,-30.0000
302973.7601,1052852,2,1.1455,-0.4902,0.5996,-72.1221,-93.2977,-38.7634
302973.7601,1052862,2,1.2551,-0.6641,0.5176,-47.9542,-78.4427,-61.2672
302973.7601,1052872,2,1.0354,-0.5969,0.5193,-22.0763,-35.2214,-59.0534
302973.7601,1052882,2,1.0901,-0.4956,0.4788,-0.2595,-46.9466,-43.1908
302973.7601,1052892,2,1.1355,-0.3967,0.4019,12.3511,-54.0000,-44.7786
302973.7601,1052902,2,1.0391,-0.3608,0.3765,13.6794,-41.0840,-43.1450
302973.7601,1052912,2,1.0061,-0.3357,0.3030,7.1450,-42.3511,-38.6718
302973.7601,1052922,2,0.9697,-0.3362,0.2419,-2.9618,-46.8550,-35.5267
302973.7601,1052932,2,0.9490,-0.3352,0.1995,-12.2290,-54.7634,-32.9924
302973.7601,1052942,2,0.9551,-0.3259,0.1660,-22.0916,-67.4504,-27.6794
302973.8790,1052952,3,0.9612,-0.3003,0.1370,-35.2672,-81.3282,-20.3206
302973.8790,1052962,3,0.9519,-0.2781,0.1116,-52.9924,-95.8626,-11.4351
302973.8790,1052972,3,0.9465,-0.2617,0.0637,-73.3282,-110.2290,-2.5496
302973.8790,1052982,3,0.9482,-0.2539,0.0229,-95.0992,-123.8626,4.9313
302973.8790,1052992,3,0.9470,-0.2471,-0.0129,-115.0382,-136.8702,11.8015
302973.8790,1053002,3,0.9602,-0.2549,-0.0454,-132.0916,-150.0611,16.8244
302973.8790,1053012,3,0.9766,-0.2815,-0.0750,-145.3893,-160.4580,18.6565
302973.8790,1053022,3,1.0049,-0.2925,-0.1062,-153.3893,-167.8015,17.2977
302973.8790,1053032,3,1.0364,-0.3247,-0.1255,-159.2214,-172.5649,15.8473
302973.8790,1053042,3,1.0759,-0.3547,-0.1489,-159.9847,-174.2443,13.3893
302974.0013,1053052,4,1.1042,-0.3784,-0.1602,-155.0534,-171.5267,9.3740
302974.0013,1053062,4,1.1240,-0.4075,-0.1692,-145.9542,-165.1145,3.8626
302974.0013,1053072,4,1.1252,-0.4302,-0.1770,-132.9924,-156.1527,-1.2672
302974.0013,1053082,4,1.1338,-0.4478,-0.1843,-116.7939,-146.2290,-8.0611
302974.0013,1053092,4,1.1389,-0.4600,-0.1914,-98.2290,-134.4427,-14.9771
302974.0013,1053102,4,1.1379,-0.4653,-0.1843,-78.7023,-121.2977,-21.5267
302974.0013,1053112,4,1.1260,-0.4612,-0.1943,-58.4733,-107.2519,-27.9389
302974.0013,1053122,4,1.1292,-0.4568,-0.2051,-38.7939,-92.9466,-34.1832
302974.0013,1053132,4,1.1250,-0.4492,-0.2136,-20.5649,-77.6031,-39.1145
302974.0013,1053142,4,1.1077,-0.4348,-0.2114,-3.9847,-63.1603,-42.4275
302974.0592,1053152,5,1.0911,-0.4219,-0.2212,9.3435,-51.3740,-44.2595
302974.0592,1053162,5,1.0757,-0.4126,-0.2373,19.7557,-41.8321,-44.7786
302974.0592,1053172,5,1.0579,-0.3972,-0.2476,29.1145,-33.9695,-44.4427
302974.0592,1053182,5,1.0422,-0.3755,-0.2625,35.8168,-27.7710,-43.3588
302974.0592,1053192,5,1.0200,-0.3298,-0.2944,38.7481,-23.1450,-38.8855
302974.0592,1053202,5,0.9966,-0.3665,-0.3171,42.3969,-18.2290,-35.8626
302974.0592,1053212,5,1.0144,-0.4656,-0.3645,51.3435,-15.1145,-41.3588
302974.0592,1053222,5,1.0110,-0.4829,-0.3533,78.9771,-8.0000,-53.0992
302974.0592,1053232,5,1.0144,-0.4302,-0.2981,110.3817,-6.7481,-62.8855
302974.0592,1053242,5,1.0515,-0.2500,-0.0918,131.6336,-15.2672,-63.3282
302974.1804,1053252,6,1.0618,-0.3208,-0.1958,127.1145,-32.7481,-52.2137
302974.1804,1053262,6,1.1045,-0.2542,-0.2014,128.9618,-20.1832,-53.3740
302974.1804,1053272,6,1.0166,-0.1719,-0.1289,123.3435,-1.1298,-51.1756
302974.1804,1053282,6,0.9973,-0.1423,-0.0872,105.0534,-8.8855,-38.3969
302974.1804,1053292,6,1.0759,-0.1169,-0.0437,81.1145,-25.9847,-27.9084
302974.1804,1053302,6,1.1067,-0.1123,-0.0110,54.1527,-30.5496,-16.0763
302974.1804,1053312,6,1.1182,-0.1331,-0.0239,26.0153,-26.2748,-3.9389
302974.1804,1053322,6,1.1099,-0.1851,-0.0881,1.6947,-14.8397,4.4122
302974.1804,1053332,6,1.0554,-0.2104,-0.1531,-11.8168,1.5573,9.6641
302974.1804,1053342,6,0.9932,-0.2085,-0.2000,-14.0000,11.9847,12.3969
302974.3596,1053352,7,0.9673,-0.1960,-0.2368,-12.0000,11.7405,13.9084
302974.3596,1053362,7,0.9575,-0.1873,-0.2532,-11.6031,7.5725,14.8702
302974.3596,1053372,7,0.9543,-0.1821,-0.2554,-13.4351,2.9008,15.5267
302974.3596,1053382,7,0.9656,-0.1716,-0.2468,-16.9466,-1.8015,16.7939
302974.3596,1053392,7,0.9854,-0.1687,-0.2366,-22.8550,-4.7023,18.9313
302974.3596,1053402,7,1.0000,-0.1841,-0.2412,-30.8397,-4.4122,22.1679
302974.3596,1053412,7,1.0012,-0.1943,-0.2483,-38.0611,-1.9542,25.3588
302974.3596,1053422,7,0.9895,-0.1992,-0.2615,-42.6718,0.3817,28.0458
302974.3596,1053432,7,0.9866,-0.2131,-0.2722,-45.6031,2.2901,29.4351
302974.3596,1053442,7,0.9790,-0.2290,-0.2905,-46.2748,4.3206,29.7557
302974.3614,1053452,8,0.9771,-0.2356,-0.3040,-44.3053,6.0916,28.7786
302974.3614,1053462,8,0.9739,-0.2388,-0.3145,-40.6412,8.3359,27.6489
302974.3614,1053472,8,0.9695,-0.2419,-0.3225,-36.8092,11.1145,26.4427
302974.3614,1053482,8,0.9460,-0.2551,-0.3430,-32.7023,14.3053,24.9618
302974.3614,1053492,8,0.9380,-0.2549,-0.3464,-26.5496,15.3130,22.5954
302974.3614,1053502,8,0.9375,-0.2483,-0.3547,-19.2214,15.2824,19.9542
302974.3614,1053512,8,0.9409,-0.2373,-0.3594,-12.9313,15.1298,18.0763
302974.3614,1053522,8,0.9360,-0.2314,-0.3650,-7.9237,15.7710,16.0916
302974.3614,1053532,8,0.9280,-0.2305,-0.3667,-4.0458,16.8855,13.9695
302974.3614,1053542,8,0.9170,-0.2307,-0.3718,-0.4580,17.2519,12.1527
302974.4812,1053552,9,0.9041,-0.2227,-0.3730,2.6412,17.1603,11.2672
302974.4812,1053562,9,0.9062,-0.2102,-0.3691,5.2977,15.0229,11.0382
302974.4812,1053572,9,0.9111,-0.1958,-0.3669,6.9160,12.3053,10.8397
302974.4812,1053582,9,0.9194,-0.1890,-0.3572,7.2519,10.2137,10.5344
302974.4812,1053592,9,0.9209,-0.1860,-0.3562,6.4275,8.9160,10.2595
302974.4812,1053602,9,0.9231,-0.1868,-0.3555,5.3435,8.4427,10.0153
302974.4812,1053612,9,0.9263,-0.1902,-0.3499,4.6718,7.6336,9.5725
302974.4812,1053622,9,0.9260,-0.1953,-0.3508,3.6489,7.2519,9.3740
302974.4812,1053632,9,0.9243,-0.1982,-0.3567,3.2519,7.0534,8.9618
302974.4812,1053642,9,0.9221,-0.1951,-0.3516,3.4504,6.3359,8.8092
302974.5993,1053652,10,0.9260,-0.1931,-0.3572,3.4504,5.2366,8.2137
302974.5993,1053662,10,0.9258,-0.1970,-0.3606,3.2824,4.8244,7.0382
302974.5993,1053672,10,0.9236,-0.2031,-0.3628,2.9771,4.8550,5.7863
302974.5993,1053682,10,0.9209,-0.2119,-0.3652,2.7939,4.5191,4.8092
302974.5993,1053692,10,0.9148,-0.2212,-0.3684,2.9924,3.5725,4.4122
302974.5993,1053702,10,0.9116,-0.2227,-0.3623,3.8779,2.1374,4.3664
302974.5993,1053712,10,0.9136,-0.2166,-0.3623,4.8092,-0.1985,4.6107
302974.5993,1053722,10,0.9128,-0.2100,-0.3538,5.4504,-2.0611,5.4198
302974.5993,1053732,10,0.9187,-0.2019,-0.3438,5.6641,-3.8931,5.7405
302974.5993,1053742,10,0.9216,-0.1980,-0.3359,5.5573,-5.6031,5.3893
302974.6602,1053752,11,0.9253,-0.1924,-0.3225,5.3588,-7.2214,5.1298
302974.6602,1053762,11,0.9233,-0.1819,-0.3145,5.2977,-8.6412,4.8702
302974.6602,1053772,11,0.9316,-0.1748,-0.3005,4.7786,-9.5878,3.5115
302974.6602,1053782,11,0.9431,-0.1812,-0.2896,3.5115,-9.8473,1.3740
302974.6602,1053792,11,0.9561,-0.1780,-0.2620,2.3817,-10.1069,-0.0763
302974.6602,1053802,11,0.9731,-0.1775,-0.2429,-0.4275,-11.5878,0.3053
302974.6602,1053812,11,0.9897,-0.1990,-0.2400,-5.0992,-12.2137,1.4504
302974.6602,1053822,11,0.9924,-0.2122,-0.2437,-8.6718,-8.9771,1.3588
302974.6602,1053832,11,0.9875,-0.2214,-0.2483,-10.4275,-5.4198,1.1756
302974.6602,1053842,11,0.9844,-0.2327,-0.2510,-11.7710,-4.7786,1.8931
302974.7802,1053852,12,0.9814,-0.2454,-0.2637,-12.0153,-5.0534,2.3969
302974.7802,1053862,12,0.9778,-0.2480,-0.2612,-10.7328,-4.3511,1.8473
302974.7802,1053872,12,0.9792,-0.2512,-0.2607,-9.3435,-3.6183,1.0534
302974.7802,1053882,12,0.9783,-0.2529,-0.2666,-8.2137,-3.5573,0.7023
302974.7802,1053892,12,0.9792,-0.2590,-0.2700,-6.9008,-3.3435,0.1527
302974.7802,1053902,12,0.9780,-0.2656,-0.2695,-5.3130,-2.7176,-0.7634
302974.7802,1053912,12,0.9775,-0.2668,-0.2722,-3.8931,-2.2443,-1.5725
302974.7802,1053922,12,0.9734,-0.2749,-0.2749,-2.4275,-1.5420,-2.2137
302974.7802,1053932,12,0.9639,-0.2747,-0.2817,-0.7481,-0.5038,-2.7023
302974.7802,1053942,12,0.9561,-0.2715,-0.2920,0.8702,-0.0153,-3.0840
302974.9004,1053952,13,0.9573,-0.2712,-0.2947,2.6870,0.0611,-3.6947
302974.9004,1053962,13,0.9563,-0.2649,-0.2996,4.0611,-0.2748,-4.2443
302974.9004,1053972,13,0.9495,-0.2708,-0.3030,4.8397,-0.2595,-4.5954
302974.9004,1053982,13,0.9373,-0.2683,-0.3032,5.1450,-0.0611,-4.7939
302974.9004,1053992,13,0.9319,-0.2664,-0.3018,4.7481,-0.6870,-4.5649
302974.9004,1054002,13,0.9329,-0.2683,-0.3013,3.8321,-2.1527,-3.9542
302974.9004,1054012,13,0.9341,-0.2693,-0.2917,2.6565,-3.3130,-3.3130
302974.9004,1054022,13,0.9338,-0.2712,-0.2903,1.6031,-3.5725,-2.7328
302974.9004,1054032,13,0.9312,-0.2727,-0.2839,1.0534,-3.5420,-2.4275
302974.9004,1054042,13,0.9297,-0.2747,-0.2771,0.5344,-3.8779,-2.2290
302974.9594,1054052,14,0.9331,-0.2837,-0.2781,0.0611,-4.1985,-2.1221
302974.9594,1054062,14,0.9309,-0.2844,-0.2798,0.5344,-3.6489,-2.3817
302974.9594,1054072,14,0.9326,-0.2917,-0.2727,1.2977,-3.2672,-3.0992
302974.9594,1054082,14,0.9412,-0.3191,-0.2795,1.9237,-3.4046,-4.2443
302974.9594,1054092,14,0.9453,-0.3450,-0.2837,3.8321,-2.8550,-5.6031
302974.9594,1054102,14,0.9541,-0.3904,-0.2803,11.0076,-2.1374,-7.2366
302974.9594,1054112,14,0.9941,-0.4436,-0.2622,13.4198,-3.5420,-6.8855
302974.9594,1054122,14,1.0437,-0.5027,-0.2317,16.8702,-2.9618,-5.5267
302974.9594,1054132,14,1.0789,-0.5422,-0.1938,24.0458,2.2443,-1.8168
302974.9594,1054142,14,1.1228,-0.5759,-0.1650,33.5725,9.9695,3.2366
302975.0798,1054152,15,1.1445,-0.5815,-0.1392,46.6870,22.7939,7.0840
302975.0798,1054162,15,1.1348,-0.5571,-0.1394,63.4809,37.4351,6.6718
302975.0798,1054172,15,1.0911,-0.5002,-0.1492,81.9237,51.5878,-1.0382
302975.0798,1054182,15,1.0435,-0.4492,-0.1599,100.0611,60.1985,-15.0840
302975.0798,1054192,15,1.0420,-0.4111,-0.1335,115.3740,61.8931,-31.9695
302975.0798,1054202,15,1.0698,-0.4060,-0.1104,125.3588,62.5802,-45.2214
302975.0798,1054212,15,1.1204,-0.4258,-0.0667,128.1069,67.6489,-50.1221
302975.0798,1054222,15,1.1221,-0.4622,-0.0493,124.0763,76.5954,-45.6489
302975.0798,1054232,15,1.1287,-0.5061,0.0063,117.0534,81.4351,-34.2137
302975.0798,1054242,15,1.1777,-0.5574,0.0747,107.7863,84.6565,-16.1985
302975.1990,1054252,16,1.2319,-0.5645,0.1541,98.3817,94.6870,3.7405
302975.1990,1054262,16,1.2358,-0.5762,0.1960,88.5649,111.9695,21.4809
302975.1990,1054272,16,1.2007,-0.6062,0.2078,84.4427,128.4427,31.4198
302975.1990,1054282,16,1.2007,-0.6436,0.2212,86.5649,136.4580,31.6641
302975.1990,1054292,16,1.2261,-0.7087,0.2620,88.1985,145.7405,29.4046
302975.1990,1054302,16,1.2317,-0.7573,0.3408,91.4809,158.8092,31.0687
302975.1990,1054312,16,1.2600,-0.8245,0.4241,98.2443,167.3893,36.6412
302975.1990,1054322,16,1.2683,-0.8252,0.4651,111.2672,172.2443,41.5420
302975.1990,1054332,16,1.2625,-0.7947,0.5156,118.1527,174.6107,48.7176
302975.1990,1054342,16,1.2434,-0.7688,0.5564,113.3588,177.3893,61.0229
302975.2602,1054352,17,1.2339,-0.8071,0.6145,104.3664,179.9084,73.8931
302975.2602,1054362,17,1.2332,-0.8069,0.6575,104.9618,184.0305,83.0229
302975.2602,1054372,17,1.2078,-0.7966,0.6775,110.0305,188.9008,86.0000
302975.2602,1054382,17,1.1809,-0.7729,0.7119,113.8931,189.6641,86.9313
302975.2602,1054392,17,1.1873,-0.7805,0.7505,115.5115,184.7939,87.3588
302975.2602,1054402,17,1.1907,-0.7981,0.7996,117.9084,179.0534,86.8855
302975.2602,1054412,17,1.2297,-0.8079,0.8970,123.6947,176.5496,89.5573
302975.2602,1054422,17,1.2900,-0.7598,0.9717,131.3893,180.4885,97.1756
302975.2602,1054432,17,1.3049,-0.6562,1.0288,134.7023,193.0076,104.8397
302975.2602,1054442,17,1.2751,-0.5925,1.0588,127.1908,206.8244,110.2901
302975.3803,1054452,18,1.2581,-0.6038,1.0557,115.8321,214.7939,110.8702
302975.3803,1054462,18,1.1926,-0.5959,1.0459,108.7023,220.0611,108.4580
302975.3803,1054472,18,1.1685,-0.5471,1.0581,103.8473,218.7786,106.9771
302975.3803,1054482,18,1.2004,-0.5581,1.0740,96.3511,216.3664,105.9542
302975.3803,1054492,18,1.2056,-0.5884,1.0747,92.4580,224.4580,102.6412
302975.3803,1054502,18,1.2000,-0.6282,1.0732,93.2519,237.8931,99.3588
302975.3803,1054512,18,1.1787,-0.6572,1.0510,97.1298,250.8702,99.8321
302975.3803,1054522,18,1.1533,-0.6301,1.0405,105.6183,261.4351,100.7176
302975.3803,1054532,18,1.1062,-0.5879,1.0229,112.5344,272.0153,102.2290
302975.3803,1054542,18,1.0562,-0.5183,0.9871,118.6565,281.5725,101.9847
302975.5012,1054552,19,0.9758,-0.4563,0.9446,116.3511,285.9847,98.0305
302975.5012,1054562,19,0.8953,-0.4148,0.9280,103.0076,286.4733,95.2214
302975.5012,1054572,19,0.8574,-0.4287,0.9026,89.5115,285.1450,96.1527
302975.5012,1054582,19,0.7896,-0.4514,0.8757,87.8473,285.1145,92.9313
302975.5012,1054592,19,0.7329,-0.4302,0.8733,95.1298,282.2595,86.5496
302975.5012,1054602,19,0.6982,-0.3926,0.8914,101.5573,278.0000,81.6794
302975.5012,1054612,19,0.6604,-0.3613,0.8953,104.0763,275.6031,77.7710
302975.5012,1054622,19,0.6335,-0.3577,0.8730,104.3053,275.4351,73.1908
302975.5012,1054632,19,0.5684,-0.3970,0.8303,103.6183,277.9389,67.8168
302975.5012,1054642,19,0.4624,-0.4260,0.7478,104.8244,280.5496,64.9618
302975.5616,1054652,20,0.3662,-0.4290,0.6907,107.5420,276.4122,65.8473
302975.5616,1054662,20,0.3147,-0.4080,0.6790,111.5420,268.0153,68.7786
302975.5616,1054672,20,0.2781,-0.3513,0.6970,119.3740,263.1450,71.7405
302975.5616,1054682,20,0.2354,-0.3074,0.7083,130.3359,261.5267,71.7557
302975.5616,1054692,20,0.1738,-0.2234,0.6946,140.4122,260.4580,69.2977
302975.5616,1054702,20,0.0984,-0.1172,0.6741,143.4809,257.4198,66.7176
302975.5616,1054712,20,0.0103,-0.0342,0.6501,135.7863,249.9847,63.4046
302975.5616,1054722,20,-0.0298,-0.0100,0.6201,123.2977,236.9008,58.2290
302975.5616,1054732,20,-0.0581,0.0000,0.6042,113.3282,223.3435,51.2977
302975.5616,1054742,20,-0.1001,0.0159,0.5667,106.6565,212.3206,45.1756
302975.6807,1054752,21,-0.1536,0.0271,0.5261,97.8015,197.7099,39.0687
302975.6807,1054762,21,-0.1880,-0.0046,0.5046,85.7557,180.6412,33.6641
302975.6807,1054772,21,-0.1770,-0.0532,0.4861,81.0229,165.6183,29.3893
302975.6807,1054782,21,-0.1963,-0.0796,0.5020,85.6947,158.8244,24.4580
302975.6807,1054792,21,-0.1990,-0.0732,0.4963,89.5878,152.6412,20.7634
302975.6807,1054802,21,-0.1929,-0.0632,0.4636,86.5191,145.6947,21.6031
302975.6807,1054812,21,-0.2527,-0.0588,0.4138,83.4046,140.5649,26.0000
302975.6807,1054822,21,-0.3091,0.0063,0.3931,88.1985,131.6947,29.3588
302975.6807,1054832,21,-0.3140,0.0784,0.3833,92.7328,117.4962,28.4733
302975.6807,1054842,21,-0.3315,0.1040,0.3606,90.5649,105.3130,24.3206
302975.8015,1054852,22,-0.3733,0.1128,0.3357,84.2595,91.0382,19.4351
302975.8015,1054862,22,-0.3975,0.1184,0.3193,74.8855,69.6641,15.5878
302975.8015,1054872,22,-0.3650,0.1084,0.3674,62.4122,44.8550,13.6794
302975.8015,1054882,22,-0.3000,0.1003,0.4661,53.4198,29.2061,12.6412
302975.8015,1054892,22,-0.2869,0.1299,0.5415,48.7023,25.6947,10.5344
302975.8015,1054902,22,-0.3086,0.1313,0.5527,40.6412,24.7634,8.2595
302975.8015,1054912,22,-0.3276,0.1030,0.5603,31.7710,22.3969,7.3282
302975.8015,1054922,22,-0.3391,0.1194,0.5862,27.8779,20.3206,9.2366
302975.8015,1054932,22,-0.3406,0.1509,0.6038,25.4656,20.1527,11.1756
302975.8015,1054942,22,-0.3845,0.1638,0.5901,21.3130,21.1603,11.0382
302975.8602,1054952,23,-0.4089,0.1399,0.5623,18.2290,20.8397,9.3893
302975.8602,1054962,23,-0.4607,0.1228,0.5361,19.0840,21.5267,8.0458
302975.8602,1054972,23,-0.4929,0.1484,0.5439,20.1985,21.1298,10.0611
302975.8602,1054982,23,-0.4780,0.1931,0.5991,21.2366,18.0458,12.2443
302975.8602,1054992,23,-0.4653,0.2517,0.6682,22.4427,19.2214,12.6565
302975.8602,1055002,23,-0.4956,0.3071,0.6799,21.0229,22.8244,12.5038
302975.8602,1055012,23,-0.5422,0.3171,0.6455,16.2595,25.1908,10.7481
302975.8602,1055022,23,-0.5767,0.3052,0.6194,13.3588,26.7176,7.5725
302975.8602,1055032,23,-0.5989,0.2878,0.5999,14.5038,25.9695,6.8397
302975.8602,1055042,23,-0.6555,0.2876,0.5923,17.9542,25.5573,7.3588
302976.1007,1055052,24,-0.6692,0.3147,0.5938,22.2901,20.6718,9.1450
302976.1007,1055062,24,-0.6680,0.3696,0.6128,28.0458,15.0382,11.6336
302976.1007,1055072,24,-0.6855,0.4343,0.6531,35.4504,13.2824,12.0611
302976.1007,1055082,24,-0.6934,0.5037,0.7092,41.8015,13.0840,9.2214
302976.1007,1055092,24,-0.6892,0.5637,0.7649,43.6794,13.7099,4.7786
302976.1007,1055102,24,-0.7000,0.5857,0.7776,38.4580,17.1298,0.0000
302976.1007,1055112,24,-0.6965,0.5681,0.7957,31.9695,20.9008,-4.1832
302976.1007,1055122,24,-0.6936,0.5696,0.8157,32.3206,24.9924,-7.3893
302976.1007,1055132,24,-0.7056,0.5854,0.8142,35.1756,28.3511,-10.1832
302976.1007,1055142,24,-0.7212,0.6035,0.8025,36.6870,29.9389,-13.1298
302976.1026,1055152,25,-0.7117,0.6328,0.7722,37.4351,30.0305,-15.5573
302976.1026,1055162,25,-0.7068,0.6365,0.7251,37.2977,30.0458,-19.0687
302976.1026,1055172,25,-0.7087,0.6250,0.6912,38.2901,30.1679,-24.2595
302976.1026,1055182,25,-0.6987,0.6096,0.6768,41.4046,30.2443,-28.4885
302976.1026,1055192,25,-0.6812,0.6104,0.6558,45.5267,31.2824,-31.8626
302976.1026,1055202,25,-0.6755,0.6140,0.6428,49.6183,32.9008,-35.2824
302976.1026,1055212,25,-0.6526,0.6299,0.6257,54.7939,31.2519,-38.9771
302976.1026,1055222,25,-0.6221,0.6465,0.5989,58.0611,28.4122,-43.6489
302976.1026,1055232,25,-0.6006,0.6416,0.5647,58.0763,28.1832,-48.4733
302976.1026,1055242,25,-0.5881,0.6333,0.5176,56.3511,29.5115,-52.8244
302976.1602,1055252,26,-0.5776,0.5955,0.4644,54.9160,30.4733,-56.8092
302976.1602,1055262,26,-0.5618,0.5605,0.4360,57.5420,31.1908,-61.2672
302976.1602,1055272,26,-0.5439,0.5371,0.4111,61.8931,30.4733,-65.3893
302976.1602,1055282,26,-0.5408,0.5168,0.3875,65.2672,28.9466,-68.8397
302976.1602,1055292,26,-0.5388,0.4998,0.3506,67.0382,27.0992,-71.5725
302976.1602,1055302,26,-0.5356,0.4744,0.3113,66.7328,23.9237,-73.8779
302976.1602,1055312,26,-0.5312,0.4451,0.2800,66.5038,18.5954,-75.8779
302976.1602,1055322,26,-0.4966,0.4136,0.2539,65.9084,11.1908,-78.0000
302976.1602,1055332,26,-0.4565,0.3835,0.2529,64.5038,7.3435,-79.7557
302976.1602,1055342,26,-0.4421,0.3533,0.2271,64.0153,5.4046,-81.1298
302976.2787,1055352,27,-0.4363,0.3137,0.1899,63.8779,1.4046,-83.4198
302976.2787,1055362,27,-0.4316,0.2756,0.1582,63.8626,-4.1374,-85.7252
302976.2787,1055372,27,-0.4023,0.2437,0.1467,63.0382,-10.7023,-86.9008
302976.2787,1055382,27,-0.3884,0.2080,0.1340,60.7939,-16.0611,-87.4351
302976.2787,1055392,27,-0.3635,0.1753,0.1221,58.7786,-23.0076,-88.3969
302976.2787,1055402,27,-0.3206,0.1228,0.1282,56.1374,-30.9466,-89.7252
302976.2787,1055412,27,-0.2749,0.0869,0.1531,56.2443,-36.4580,-90.5954
302976.2787,1055422,27,-0.2410,0.0752,0.1733,57.4962,-41.4504,-92.1221
302976.2787,1055432,27,-0.2102,0.0381,0.1855,56.6412,-45.6336,-94.1985
302976.2787,1055442,27,-0.1934,-0.0229,0.1897,56.7786,-48.0763,-97.2672
302976.4003,1055452,28,-0.1785,-0.0608,0.1719,58.6870,-51.5267,-98.5191
302976.4003,1055462,28,-0.1824,-0.1255,0.1299,56.0153,-53.8626,-98.8550
302976.4003,1055472,28,-0.2058,-0.2004,0.0713,50.4885,-56.1221,-98.5344
302976.4003,1055482,28,-0.2114,-0.2686,0.0320,46.0916,-64.0611,-95.0534
302976.4003,1055492,28,-0.1726,-0.2981,0.0444,44.4733,-77.6794,-91.2672
302976.4003,1055502,28,-0.1196,-0.3113,0.0820,41.4962,-92.3053,-87.7710
302976.4003,1055512,28,-0.1411,-0.3567,0.1086,34.6412,-105.2519,-85.3588
302976.4003,1055522,28,-0.1184,-0.4771,0.1443,28.9618,-116.0305,-85.4504
302976.4003,1055532,28,-0.0964,-0.5837,0.2261,31.1145,-122.3511,-85.2214
302976.4003,1055542,28,-0.0796,-0.6792,0.2932,32.6718,-126.7176,-78.1527
302976.4623,1055552,29,-0.0854,-0.7317,0.3357,33.6183,-128.9924,-65.6641
302976.4623,1055562,29,-0.0774,-0.7275,0.3828,35.8473,-132.2748,-53.2519
302976.4623,1055572,29,-0.0488,-0.6799,0.4341,36.9466,-139.2824,-41.8931
302976.4623,1055582,29,-0.0120,-0.6201,0.5034,33.3740,-147.6489,-33.4962
302976.4623,1055592,29,-0.0061,-0.5979,0.5640,24.1985,-156.4122,-29.4504
302976.4623,1055602,29,-0.0132,-0.7029,0.5620,10.2290,-160.0458,-28.4122
302976.4623,1055612,29,-0.0625,-0.8049,0.5542,2.5954,-158.5496,-25.7252
302976.4623,1055622,29,-0.1279,-0.8611,0.5569,2.0458,-163.4504,-17.3130
302976.4623,1055632,29,-0.1040,-0.8264,0.6414,6.9008,-174.6107,-5.3588
302976.4623,1055642,29,-0.0505,-0.7234,0.7900,12.8092,-184.1832,5.7710
302976.5801,1055652,30,-0.0215,-0.6064,0.9314,13.7557,-190.3664,13.8321
302976.5801,1055662,30,0.0046,-0.5146,1.0308,6.1985,-192.3817,17.9542
302976.5801,1055672,30,-0.0222,-0.4973,1.0920,-7.0382,-190.0458,17.2366
302976.5801,1055682,30,-0.0891,-0.6252,1.0713,-23.1298,-184.8550,13.4809
302976.5801,1055692,30,-0.1606,-0.7737,1.0786,-33.2672,-178.8702,13.7405
302976.5801,1055702,30,-0.1763,-0.8423,1.1274,-31.4351,-180.8702,23.0840
302976.5801,1055712,30,-0.1453,-0.7661,1.2366,-18.4122,-186.1679,36.4122
302976.5801,1055722,30,-0.1091,-0.5901,1.3635,-7.2824,-189.1756,46.7786
302976.5801,1055732,30,-0.0464,-0.4182,1.4290,-9.0687,-189.6031,52.3511
302976.5801,1055742,30,-0.2200,-0.4106,1.4707,-23.1603,-180.5649,48.0458
302976.7000,1055752,31,-0.1060,-0.4956,1.5215,-37.0687,-183.1908,42.2290
302976.7000,1055762,31,-0.0886,-0.6013,1.5115,-46.0000,-183.2061,43.7863
302976.7000,1055772,31,-0.2292,-0.6860,1.5559,-46.0305,-174.7328,49.5420
302976.7000,1055782,31,-0.1663,-0.6726,1.5994,-35.9695,-177.0687,54.5344
302976.7000,1055792,31,-0.2542,-0.6021,1.6367,-27.0076,-170.8397,61.4351
302976.7000,1055802,31,-0.2717,-0.5042,1.6921,-26.0305,-167.8321,67.1603
302976.7000,1055812,31,-0.2695,-0.4631,1.7341,-33.3130,-163.9237,70.2595
302976.7000,1055822,31,-0.2827,-0.4983,1.7932,-45.1145,-155.9237,70.6412
302976.7000,1055832,31,-0.2717,-0.5708,1.8494,-54.0305,-149.2366,71.0840
302976.7000,1055842,31,-0.2473,-0.6465,1.8892,-57.5878,-142.0763,74.4427
302976.7609,1055852,32,-0.1970,-0.6907,1.9517,-56.8397,-134.6412,81.1908
302976.7609,1055862,32,-0.1584,-0.6970,2.0002,-52.5802,-126.4122,92.1832
302976.7609,1055872,32,-0.1362,-0.6426,2.0679,-46.2290,-116.9466,103.2061
302976.7609,1055882,32,-0.1174,-0.5740,2.1394,-43.4198,-106.4275,114.5496
302976.7609,1055892,32,-0.1401,-0.4910,2.1401,-44.4275,-93.5573,125.2214
302976.7609,1055902,32,-0.1689,-0.4185,2.1377,-43.5267,-81.2519,129.5573
302976.7609,1055912,32,-0.1846,-0.3987,2.1135,-42.8397,-70.8397,130.9160
302976.7609,1055922,32,-0.1680,-0.3979,2.1135,-41.0534,-60.5649,132.1221
302976.7609,1055932,32,-0.1431,-0.3813,2.1270,-38.7023,-50.8092,134.9160
302976.7609,1055942,32,-0.0955,-0.3296,2.1616,-36.3969,-42.5038,141.1145
302976.8812,1055952,33,-0.0381,-0.2485,2.2112,-32.7176,-31.7863,146.9618
302976.8812,1055962,33,-0.0012,-0.1338,2.2432,-28.9313,-16.9008,150.1221
302976.8812,1055972,33,-0.0015,0.0029,2.2266,-28.7634,-0.0305,150.5802
302976.8812,1055982,33,-0.0115,0.1108,2.1897,-34.4122,17.1756,146.6565
302976.8812,1055992,33,-0.0652,0.1558,2.1089,-45.8015,33.2061,139.1298
302976.8812,1056002,33,-0.1152,0.1309,2.0115,-58.7328,45.7557,129.8473
302976.8812,1056012,33,-0.1328,0.0364,1.9385,-68.0611,54.1985,120.0763
302976.8812,1056022,33,-0.1145,-0.0566,1.9038,-70.7328,59.9542,113.7405
302976.8812,1056032,33,-0.0752,-0.1050,1.8931,-67.4198,65.8168,113.0840
302976.8812,1056042,33,-0.0488,-0.0950,1.8782,-60.7939,73.2977,116.5038
302977.0001,1056052,34,-0.0454,-0.0425,1.8467,-52.4122,80.1221,120.1527
302977.0001,1056062,34,-0.0435,-0.0010,1.8220,-45.5267,86.9466,120.4580
302977.0001,1056072,34,-0.0549,0.0310,1.7971,-40.9771,94.7786,118.6870
302977.0001,1056082,34,-0.0752,0.0632,1.7793,-36.4580,101.3893,115.9542
302977.0001,1056092,34,-0.0703,0.1089,1.7766,-31.9237,105.3130,113.1908
302977.0001,1056102,34,-0.0410,0.1619,1.7939,-28.2137,107.2366,110.3664
302977.0001,1056112,34,0.0081,0.1921,1.7966,-25.3740,110.5038,106.0000
302977.0001,1056122,34,0.0308,0.1812,1.7651,-24.0458,118.5344,100.0153
302977.0001,1056132,34,0.0215,0.1672,1.6914,-22.3817,128.4427,95.4198
302977.0001,1056142,34,0.0107,0.1560,1.6064,-19.5725,136.7481,92.6107
302977.0601,1056152,35,-0.0095,0.1489,1.5095,-14.2748,141.8015,89.9237
302977.0601,1056162,35,-0.0266,0.1484,1.4260,-7.0534,143.5267,86.9160
302977.0601,1056172,35,-0.0471,0.1497,1.3557,-0.1679,143.8931,84.1985
302977.0601,1056182,35,-0.0601,0.1594,1.2986,6.6718,142.5649,82.1832
302977.0601,1056192,35,-0.0730,0.1975,1.2639,14.2748,139.5267,80.4580
302977.0601,1056202,35,-0.0449,0.2239,1.2532,20.6107,136.2901,77.6183
302977.0601,1056212,35,-0.0310,0.2371,1.2446,25.2214,137.3588,73.1603
302977.0601,1056222,35,-0.0400,0.2446,1.2065,28.3206,138.7786,69.5267
302977.0601,1056232,35,-0.0371,0.2502,1.1760,31.5725,138.5344,65.8015
302977.0601,1056242,35,-0.0298,0.2375,1.1294,35.3435,139.9084,61.0687
302977.1811,1056252,36,-0.0527,0.2229,1.0645,40.1527,143.4504,56.7939
302977.1811,1056262,36,-0.0867,0.2249,0.9976,46.5191,143.6489,53.3130
302977.1811,1056272,36,-0.0979,0.2520,0.9509,53.2519,138.8397,49.9389
302977.1811,1056282,36,-0.1013,0.2937,0.9150,59.2672,133.1298,45.8015
302977.1811,1056292,36,-0.1074,0.3130,0.8618,61.7557,129.1603,39.4046
302977.1811,1056302,36,-0.1379,0.3052,0.7881,60.2443,126.6565,31.6183
302977.1811,1056312,36,-0.1724,0.2610,0.7109,58.0763,122.2443,24.1527
302977.1811,1056322,36,-0.1880,0.2346,0.6655,58.2443,116.0763,18.0305
302977.1811,1056332,36,-0.1824,0.2222,0.6475,58.9313,110.1221,14.5344
302977.1811,1056342,36,-0.1562,0.2131,0.6399,60.6107,106.6870,11.3435
302977.2995,1056352,37,-0.1553,0.1953,0.6226,62.8702,106.7328,7.2519
302977.2995,1056362,37,-0.1787,0.1614,0.5676,66.1221,107.3740,3.4809
302977.2995,1056372,37,-0.2241,0.1316,0.5024,70.0305,106.4580,0.3053
302977.2995,1056382,37,-0.2622,0.1128,0.4512,72.5649,102.8244,-1.0076
302977.2995,1056392,37,-0.2749,0.1086,0.4233,74.7023,96.7023,-0.1679
302977.2995,1056402,37,-0.2886,0.1248,0.4038,79.0382,90.6870,-0.5954
302977.2995,1056412,37,-0.3115,0.1482,0.3923,81.9389,86.3206,-3.4656
302977.2995,1056422,37,-0.3411,0.1519,0.3608,80.8397,81.9389,-6.6870
302977.2995,1056432,37,-0.3672,0.1558,0.3345,78.7176,76.7176,-8.9924
302977.2995,1056442,37,-0.3660,0.1685,0.3245,77.6947,68.2595,-11.8473
302977.3609,1056452,38,-0.3560,0.1758,0.3525,77.3740,60.6870,-16.1069
302977.3609,1056462,38,-0.3604,0.1755,0.3638,77.9084,57.1145,-20.6412
302977.3609,1056472,38,-0.3887,0.1609,0.3323,77.3893,56.0611,-25.7252
302977.3609,1056482,38,-0.4221,0.1096,0.2805,74.9618,53.8931,-29.9542
302977.3609,1056492,38,-0.4497,0.0896,0.2559,75.4198,48.9160,-31.8626
302977.3609,1056502,38,-0.4644,0.0977,0.2566,79.6183,41.3130,-33.1908
302977.3609,1056512,38,-0.4548,0.1343,0.2791,81.9695,33.5573,-34.6718
302977.3609,1056522,38,-0.4302,0.1660,0.2988,80.1069,27.3282,-36.1985
302977.3609,1056532,38,-0.4336,0.1565,0.2981,75.3130,23.8779,-39.4656
302977.3609,1056542,38,-0.4622,0.1448,0.2993,71.6794,21.7252,-43.4046
302977.4802,1056552,39,-0.4514,0.1460,0.3137,69.8321,16.3206,-45.4962
302977.4802,1056562,39,-0.4351,0.1465,0.3342,68.5344,11.3130,-48.1679
302977.4802,1056572,39,-0.4482,0.1479,0.3601,65.8321,9.4198,-50.9160
302977.4802,1056582,39,-0.4465,0.1453,0.3718,63.4656,6.5191,-52.3817
302977.4802,1056592,39,-0.4673,0.1331,0.3491,62.3053,6.4733,-54.6565
302977.4802,1056602,39,-0.4954,0.1128,0.3279,61.9542,6.5038,-56.7786
302977.4802,1056612,39,-0.5161,0.1013,0.3079,62.7939,2.8244,-57.2977
302977.4802,1056622,39,-0.4690,0.0947,0.3223,64.3664,-2.6260,-58.6870
302977.4802,1056632,39,-0.5112,0.0850,0.3186,64.7176,-1.2824,-59.2061
302977.4802,1056642,39,-0.5378,0.1084,0.2993,66.5191,-3.3130,-56.9771
302977.6089,1056652,40,-0.5413,0.1128,0.3018,68.3359,-9.1145,-56.7786
302977.6089,1056662,40,-0.5190,0.1040,0.3252,70.6107,-15.4198,-59.5267
302977.6089,1056672,40,-0.5137,0.0911,0.3655,70.5496,-20.2290,-60.9160
302977.6089,1056682,40,-0.4646,0.0723,0.4050,69.2214,-25.1603,-60.0458
302977.6089,1056692,40,-0.4243,0.0745,0.4578,70.3817,-27.2366,-59.6489
302977.6089,1056702,40,-0.3599,0.0754,0.5073,71.4809,-27.6183,-60.1374
302977.6089,1056712,40,-0.3621,0.0674,0.5186,70.3359,-25.0382,-60.6718
302977.6089,1056722,40,-0.3948,0.0662,0.4775,68.7939,-20.9008,-61.6031
302977.6089,1056732,40,-0.4590,0.0601,0.3972,66.7023,-18.3359,-63.4809
302977.6089,1056742,40,-0.5415,0.0452,0.3088,62.9924,-20.9771,-65.8626
302977.6603,1056752,41,-0.4929,-0.0181,0.2292,61.4656,-28.7939,-68.8702
302977.6603,1056762,41,-0.6113,-0.0623,0.2329,61.3740,-31.4809,-72.3053
302977.6603,1056772,41,-0.5339,-0.0701,0.2539,61.2366,-45.8931,-73.5267
302977.6603,1056782,41,-0.4631,-0.0752,0.3254,62.3206,-56.9924,-76.4275
302977.6603,1056792,41,-0.3486,-0.0991,0.4341,59.8473,-65.1756,-79.6641
302977.6603,1056802,41,-0.2729,-0.1213,0.5200,55.3282,-67.8321,-81.6183
302977.6603,1056812,41,-0.2102,-0.1660,0.5371,52.1527,-66.3817,-84.8550
302977.6603,1056822,41,-0.2842,-0.2153,0.5139,48.9618,-61.6183,-87.6641
302977.6603,1056832,41,-0.3184,-0.3035,0.4419,44.1832,-62.0611,-89.0534
302977.6603,1056842,41,-0.3784,-0.3870,0.3450,41.4504,-61.5267,-87.8931
302977.7792,1056852,42,-0.4050,-0.4094,0.2771,44.2443,-66.2137,-83.2977
302977.7792,1056862,42,-0.3928,-0.3792,0.2620,48.7634,-76.8397,-78.1985
302977.7792,1056872,42,-0.3513,-0.2998,0.3037,51.1145,-87.4198,-75.1298
302977.7792,1056882,42,-0.2759,-0.2109,0.3723,48.1679,-98.4275,-75.3435
302977.7792,1056892,42,-0.2578,-0.2676,0.3796,37.8931,-105.3893,-81.5878
302977.7792,1056902,42,-0.2693,-0.3962,0.3743,27.3435,-107.0229,-88.4580
302977.7792,1056912,42,-0.3103,-0.5173,0.3923,22.3053,-114.0763,-89.2672
302977.7792,1056922,42,-0.2922,-0.5974,0.4478,22.6107,-123.3740,-85.1298
302977.7792,1056932,42,-0.2080,-0.6204,0.5300,28.3511,-131.4809,-79.4809
302977.7792,1056942,42,-0.1560,-0.5874,0.6221,33.2519,-135.1756,-72.7176
302977.8998,1056952,43,-0.1506,-0.5310,0.6887,32.3511,-134.7328,-66.7328
302977.8998,1056962,43,-0.1348,-0.5024,0.7180,25.2519,-137.8015,-64.3817
302977.8998,1056972,43,-0.1770,-0.5796,0.7056,14.1221,-138.7481,-65.1908
302977.8998,1056982,43,-0.2070,-0.6750,0.6936,8.1832,-139.7710,-66.0000
302977.8998,1056992,43,-0.1960,-0.7671,0.7046,7.7252,-146.3511,-63.6489
302977.8998,1057002,43,-0.1208,-0.8318,0.7659,11.4504,-151.9542,-59.1450
302977.8998,1057012,43,-0.0444,-0.8679,0.8435,16.5802,-155.2672,-53.1450
302977.8998,1057022,43,-0.0024,-0.8884,0.9109,18.2748,-155.9237,-43.8779
302977.8998,1057032,43,0.0059,-0.8977,0.9478,16.6718,-154.1679,-32.7176
302977.8998,1057042,43,-0.0061,-0.9133,0.9563,14.5496,-153.7863,-23.1908
302977.9602,1057052,44,-0.0339,-0.9714,0.9463,11.9847,-153.9542,-14.5191
302977.9602,1057062,44,-0.0378,-0.9915,0.9546,12.8092,-154.2443,-2.9008
302977.9602,1057072,44,-0.0227,-0.9456,0.9846,15.3130,-158.1679,10.4885
302977.9602,1057082,44,0.0305,-0.8484,1.0479,17.1756,-163.8015,22.5954
302977.9602,1057092,44,0.0630,-0.7083,1.1604,15.4198,-166.4885,32.1679
302977.9602,1057102,44,0.0769,-0.5793,1.2578,8.4427,-165.1756,39.4656
302977.9602,1057112,44,0.0085,-0.5583,1.2639,-1.8015,-158.9618,38.7939
302977.9602,1057122,44,-0.1104,-0.6775,1.2119,-11.6489,-152.7023,32.3206
302977.9602,1057132,44,-0.1689,-0.8318,1.2092,-15.9389,-151.8473,30.5038
302977.9602,1057142,44,-0.0950,-0.9390,1.2700,-13.6336,-158.8244,37.0687
302978.0801,1057152,45,0.0063,-0.9580,1.4092,-8.2137,-163.2061,48.6260
302978.0801,1057162,45,0.0994,-0.9050,1.5542,-3.2519,-162.1374,63.4656
302978.0801,1057172,45,0.1675,-0.7842,1.6560,-0.5802,-155.7710,78.5344
302978.0801,1057182,45,0.0737,-0.6860,1.6912,-2.7481,-142.2595,89.1298
302978.0801,1057192,45,0.0522,-0.6245,1.6956,-8.7634,-134.0916,92.3511
302978.0801,1057202,45,-0.0103,-0.6418,1.6592,-15.3282,-124.8092,93.8321
302978.0801,1057212,45,-0.0559,-0.6897,1.6321,-18.3206,-116.9771,95.3588
302978.0801,1057222,45,0.0073,-0.7483,1.6494,-18.6260,-116.9160,98.5038
302978.0801,1057232,45,0.0364,-0.7632,1.6980,-16.9924,-113.6794,106.6260
302978.0801,1057242,45,0.0608,-0.7239,1.7471,-13.7252,-108.5496,116.8855
302978.2001,1057252,46,0.0417,-0.6497,1.8003,-11.5420,-101.9847,127.0229
302978.2001,1057262,46,0.0491,-0.5828,1.8584,-11.4351,-96.4733,135.7557
302978.2001,1057272,46,0.0708,-0.5261,1.9260,-11.1756,-88.6260,141.6641
302978.2001,1057282,46,0.0811,-0.4766,1.9719,-10.3664,-77.7863,145.6031
302978.2001,1057292,46,0.0642,-0.4233,1.9854,-10.3969,-64.3511,148.7481
302978.2001,1057302,46,0.0688,-0.3733,1.9651,-10.0458,-52.7786,150.9313
302978.2001,1057312,46,0.0657,-0.3450,1.9221,-9.8779,-42.0458,150.8397
302978.2001,1057322,46,0.0398,-0.3257,1.8745,-11.4351,-31.8321,151.1908
302978.2001,1057332,46,0.0505,-0.3291,1.8291,-13.7863,-25.3130,153.5267
302978.2001,1057342,46,0.0566,-0.3301,1.8335,-13.5115,-19.6183,155.4962
302978.2591,1057352,47,0.0769,-0.2700,1.8733,-10.0916,-14.9313,160.6718
302978.2591,1057362,47,0.1218,-0.1855,1.9133,-5.8931,-10.6107,166.9160
302978.2591,1057372,47,0.1611,-0.0791,1.9448,-1.1145,-3.0382,169.6183
302978.2591,1057382,47,0.1848,0.0315,1.9211,2.4885,8.0153,167.2977
302978.2591,1057392,47,0.1648,0.0759,1.8423,0.1832,21.6183,158.8702
302978.2591,1057402,47,0.1311,0.0579,1.7686,-8.3969,34.1679,148.7176
302978.2591,1057412,47,0.1028,0.0027,1.7102,-16.2443,42.6718,141.8626
302978.2591,1057422,47,0.0977,-0.0352,1.6738,-18.6260,47.7252,138.7023
302978.2591,1057432,47,0.0986,-0.0332,1.6743,-16.7023,51.6183,138.1527
302978.2591,1057442,47,0.0930,0.0063,1.6750,-12.5649,56.4427,139.0076
302978.4374,1057452,48,0.0769,0.0703,1.6804,-6.9618,62.3206,138.8855
302978.4374,1057462,48,0.0593,0.1333,1.6548,-2.6107,67.5878,136.4580
302978.4374,1057472,48,0.0520,0.1865,1.6301,-0.1679,73.2672,130.7939
302978.4374,1057482,48,0.0347,0.2170,1.6028,1.3740,79.4504,121.9389
302978.4374,1057492,48,0.0105,0.2126,1.5615,0.6412,85.0382,111.7710
302978.4374,1057502,48,-0.0059,0.1758,1.5129,-2.4885,89.2824,103.0076
302978.4374,1057512,48,-0.0081,0.1338,1.4968,-3.5878,90.7939,97.0992
302978.4374,1057522,48,0.0337,0.1094,1.4998,-0.2901,91.0382,92.9313
302978.4374,1057532,48,0.0591,0.1187,1.5017,4.9466,94.1069,88.9618
302978.4374,1057542,48,0.0627,0.1252,1.4897,7.8473,97.9389,86.2137
302978.5598,1057552,49,0.0603,0.1277,1.4478,9.0382,103.6794,84.7328
302978.5598,1057562,49,0.0466,0.1606,1.4253,11.9847,108.9008,83.3740
302978.5598,1057572,49,0.0320,0.1892,1.3901,15.4198,111.5420,81.4504
302978.5598,1057582,49,0.0173,0.2183,1.3711,19.7710,114.1985,77.1145
302978.5598,1057592,49,-0.0078,0.2224,1.3333,24.5344,116.7328,70.8702
302978.5598,1057602,49,-0.0308,0.2053,1.2776,28.3359,119.5115,65.0229
302978.5598,1057612,49,-0.0669,0.2034,1.2253,31.9542,119.4198,61.3893
302978.5598,1057622,49,-0.0625,0.2307,1.2129,36.7634,115.3893,59.6794
302978.5598,1057632,49,-0.0288,0.2617,1.2224,42.3206,111.0076,57.4046
302978.5598,1057642,49,0.0103,0.3162,1.2480,47.5267,112.0763,52.7939
302978.5620,1057652,50,0.0156,0.3413,1.2319,48.8397,115.2214,46.5802
302978.5620,1057662,50,0.0081,0.3459,1.1868,47.3282,118.7176,39.8015
302978.5620,1057672,50,-0.0142,0.3313,1.1333,46.0763,120.7328,32.1069
302978.5620,1057682,50,-0.0500,0.3022,1.0605,45.9542,121.6947,24.0763
302978.5620,1057692,50,-0.0693,0.2781,0.9893,46.5649,122.0916,18.2901
302978.5620,1057702,50,-0.0847,0.2749,0.9480,49.6336,119.0229,14.6718
302978.5620,1057712,50,-0.0928,0.2725,0.9124,54.1832,113.0076,11.1298
302978.5620,1057722,50,-0.0894,0.2793,0.8901,59.8473,108.0000,7.3130
302978.5620,1057732,50,-0.0630,0.3040,0.8955,65.5878,104.1374,3.4962
302978.5620,1057742,50,-0.0227,0.3232,0.9114,68.7786,103.8015,-1.1450
302978.6815,1057752,51,-0.0293,0.3457,0.8875,68.3511,108.2748,-6.7481
302978.6815,1057762,51,-0.0454,0.3496,0.8401,64.5191,110.9771,-11.5573
302978.6815,1057772,51,-0.0608,0.3306,0.7859,61.0687,110.8092,-16.4580
302978.6815,1057782,51,-0.0913,0.2915,0.7190,59.4962,111.2214,-21.2977
302978.6815,1057792,51,-0.1355,0.2520,0.6536,59.8473,110.2290,-24.0000
302978.6815,1057802,51,-0.1648,0.2205,0.6006,63.5573,106.3359,-25.5725
302978.6815,1057812,51,-0.1921,0.1860,0.5564,69.6794,102.4122,-26.6565
302978.6815,1057822,51,-0.2275,0.1890,0.5254,78.3206,97.3588,-26.7939
302978.6815,1057832,51,-0.2524,0.2166,0.5122,86.5954,91.7557,-25.8626
302978.6815,1057842,51,-0.2773,0.2651,0.5068,93.1756,86.5954,-25.5725
302978.8000,1057852,52,-0.2795,0.3110,0.5142,97.1603,79.8473,-27.5725
302978.8000,1057862,52,-0.2954,0.3401,0.5239,98.7634,74.2748,-31.6794
302978.8000,1057872,52,-0.2893,0.3555,0.5278,97.8015,69.5115,-36.9771
302978.8000,1057882,52,-0.2930,0.3489,0.5217,95.4351,67.0534,-42.9160
302978.8000,1057892,52,-0.3022,0.3230,0.5039,93.2977,65.6794,-49.0840
302978.8000,1057902,52,-0.3096,0.2881,0.4839,91.2366,62.5802,-54.6260
302978.8000,1057912,52,-0.3398,0.2632,0.4568,90.3053,58.6870,-59.0687
302978.8000,1057922,52,-0.3271,0.2490,0.4570,90.1679,53.1298,-62.8702
302978.8000,1057932,52,-0.3135,0.2410,0.4636,91.0229,49.8779,-66.5038
302978.8000,1057942,52,-0.3176,0.2388,0.4519,90.8855,48.3817,-70.9618
302978.8604,1057952,53,-0.3169,0.2241,0.4329,87.1298,45.4046,-75.0534
302978.8604,1057962,53,-0.3108,0.2058,0.4233,82.5344,43.3282,-79.4198
302978.8604,1057972,53,-0.3257,0.1724,0.4141,77.8931,42.2748,-82.9924
302978.8604,1057982,53,-0.3506,0.1453,0.4001,74.8092,40.1527,-85.7557
302978.8604,1057992,53,-0.3486,0.1155,0.3723,72.1221,36.7481,-88.8397
302978.8604,1058002,53,-0.3828,0.0908,0.3396,69.8473,35.2977,-92.1527
302978.8604,1058012,53,-0.3997,0.0684,0.3171,67.9084,30.3359,-93.6489
302978.8604,1058022,53,-0.3728,0.0520,0.3157,67.4046,22.4122,-94.6870
302978.8604,1058032,53,-0.3469,0.0261,0.3542,67.4962,16.8397,-95.8168
302978.8604,1058042,53,-0.3645,0.0144,0.3655,68.9008,14.0305,-96.6260
302978.9806,1058052,54,-0.3662,-0.0051,0.3464,67.6641,14.3511,-97.8626
302978.9806,1058062,54,-0.3718,-0.0154,0.3203,66.2290,14.7939,-98.8397
302978.9806,1058072,54,-0.3691,-0.0300,0.2937,66.1679,12.1832,-99.9847
302978.9806,1058082,54,-0.3579,-0.0369,0.2783,66.7023,8.6718,-101.7710
302978.9806,1058092,54,-0.3540,-0.0259,0.2759,65.6183,4.2443,-103.0229
302978.9806,1058102,54,-0.3269,-0.0259,0.2771,61.1756,-2.3359,-103.9542
302978.9806,1058112,54,-0.3076,-0.0630,0.2891,55.9695,-7.1756,-106.7176
302978.9806,1058122,54,-0.2849,-0.1250,0.2988,51.8931,-10.9008,-108.9313
302978.9806,1058132,54,-0.2905,-0.1602,0.2856,51.5115,-12.3053,-109.8931
302978.9806,1058142,54,-0.2925,-0.2056,0.2517,52.0305,-12.3511,-110.3664
302979.0993,1058152,55,-0.3105,-0.2249,0.1987,54.6260,-13.0534,-110.2443
302979.0993,1058162,55,-0.3381,-0.2373,0.1641,56.5954,-16.7786,-109.8779
302979.0993,1058172,55,-0.3308,-0.2634,0.1416,56.7939,-23.6641,-108.7939
302979.0993,1058182,55,-0.3179,-0.2861,0.1401,57.8168,-31.3588,-107.2366
302979.0993,1058192,55,-0.3049,-0.3149,0.1448,58.4275,-40.3359,-106.6107
302979.0993,1058202,55,-0.2839,-0.3418,0.1606,58.1679,-49.0840,-106.1832
302979.0993,1058212,55,-0.2522,-0.3645,0.1843,58.2748,-59.3435,-105.3893
302979.0993,1058222,55,-0.2393,-0.3972,0.1941,56.7481,-68.0000,-103.8473
302979.0993,1058232,55,-0.2258,-0.4067,0.2141,54.1832,-75.5267,-101.4198
302979.0993,1058242,55,-0.2300,-0.4595,0.2100,50.0305,-83.7252,-97.6183
302979.1597,1058252,56,-0.2200,-0.4915,0.2141,50.2748,-89.7710,-94.4427
302979.1597,1058262,56,-0.1907,-0.4934,0.2561,54.0763,-96.4427,-91.9237
302979.1597,1058272,56,-0.1885,-0.4954,0.2886,54.3817,-103.7710,-89.1450
302979.1597,1058282,56,-0.1628,-0.5193,0.3245,51.0992,-109.4962,-86.1832
302979.1597,1058292,56,-0.1348,-0.5049,0.3896,49.8321,-116.1679,-84.2748
302979.1597,1058302,56,-0.0581,-0.4846,0.4678,46.5649,-126.2137,-83.8015
302979.1597,1058312,56,-0.0696,-0.5444,0.4922,39.3588,-131.7710,-86.0763
302979.1597,1058322,56,-0.1404,-0.6924,0.4585,31.6336,-131.3435,-88.6718
302979.1597,1058332,56,-0.1880,-0.8254,0.4490,30.7786,-132.9160,-86.1374
302979.1597,1058342,56,-0.1968,-0.8823,0.4741,36.5191,-141.5267,-78.6260
302979.2808,1058352,57,-0.1270,-0.8728,0.5618,43.3588,-153.8626,-70.3817
302979.2808,1058362,57,-0.0122,-0.7959,0.6958,47.8626,-165.7099,-63.3588
302979.2808,1058372,57,0.1201,-0.6956,0.8401,44.3817,-173.5573,-57.6641
302979.2808,1058382,57,0.1748,-0.6914,0.9409,29.2672,-174.8702,-55.1908
302979.2808,1058392,57,0.1184,-0.8633,0.9014,11.8015,-167.7557,-55.2214
302979.2808,1058402,57,0.0159,-1.0154,0.8652,8.4122,-159.8168,-52.6107
302979.2808,1058412,57,-0.0281,-1.0791,0.9001,15.8168,-163.8779,-42.6260
302979.2808,1058422,57,-0.0190,-1.0525,0.9944,25.8626,-169.4656,-28.5344
302979.2808,1058432,57,0.0618,-0.9795,1.0823,31.9389,-173.6031,-16.9313
302979.2808,1058442,57,0.1460,-0.9275,1.1562,30.8397,-175.5573,-7.9237
302979.3991,1058452,58,0.2078,-0.9058,1.1963,24.1679,-171.1908,-0.8244
302979.3991,1058462,58,0.1189,-0.9661,1.1240,15.3893,-160.0305,4.2595
302979.3991,1058472,58,-0.0232,-1.0896,1.0337,9.0534,-153.2061,9.5573
302979.3991,1058482,58,-0.0789,-1.1348,1.0496,11.1603,-158.6260,21.3740
302979.3991,1058492,58,0.0269,-1.0264,1.1426,18.7176,-171.0229,38.1679
302979.3991,1058502,58,0.0618,-0.8875,1.2600,24.2443,-176.8092,52.8092
302979.3991,1058512,58,0.1445,-0.7415,1.3770,23.9389,-177.0534,57.5267
302979.3991,1058522,58,0.1821,-0.7078,1.4097,13.8321,-174.1221,59.1450
302979.3991,1058532,58,0.0725,-0.8743,1.3635,-1.1298,-162.6107,58.3206
302979.3991,1058542,58,0.0149,-1.0317,1.3582,-5.4351,-156.2290,60.7023
302979.4602,1058552,59,-0.0027,-1.1262,1.4023,-1.3282,-160.3053,71.9542
302979.4602,1058562,59,0.0652,-1.1096,1.5085,8.5954,-163.1908,88.9160
302979.4602,1058572,59,0.1643,-0.9961,1.6392,20.1527,-163.8015,105.2824
302979.4602,1058582,59,0.2131,-0.8608,1.7671,25.9542,-159.2977,119.0076
302979.4602,1058592,59,0.2842,-0.7510,1.8733,25.5115,-151.2061,130.0305
302979.4602,1058602,59,0.2949,-0.6016,1.9365,21.2214,-139.3130,135.7557
302979.4602,1058612,59,0.2688,-0.5349,1.9346,8.7786,-125.1298,135.0076
302979.4602,1058622,59,0.2412,-0.5752,1.8650,-5.6336,-108.8702,129.8015
302979.4602,1058632,59,0.2041,-0.6699,1.7952,-17.1450,-96.5954,125.5878
302979.4602,1058642,59,0.1711,-0.7368,1.7295,-25.4962,-91.1603,130.0763
302979.5794,1058652,60,0.2063,-0.7219,1.7029,-24.6107,-88.9771,139.0534
302979.5794,1058662,60,0.2642,-0.6550,1.7283,-18.2137,-87.1145,145.3130
302979.5794,1058672,60,0.2883,-0.5745,1.7312,-14.1374,-80.3664,150.6565
302979.5794,1058682,60,0.2734,-0.5120,1.7207,-14.7023,-70.6870,154.4122
302979.5794,1058692,60,0.2561,-0.5054,1.7266,-17.3282,-62.4275,157.7557
302979.5794,1058702,60,0.2681,-0.5239,1.7244,-15.1603,-55.6336,160.3969
302979.5794,1058712,60,0.2861,-0.5176,1.7500,-8.1221,-48.8244,162.1527
302979.5794,1058722,60,0.3135,-0.4912,1.7715,-2.1527,-42.3511,166.3969
302979.5794,1058732,60,0.3296,-0.4446,1.8044,2.1221,-34.6107,171.7863
302979.5794,1058742,60,0.3625,-0.3459,1.8591,6.1527,-26.4427,177.6031
302979.7015,1058752,61,0.3860,-0.2141,1.9207,8.6107,-17.6947,182.8702
302979.7015,1058762,61,0.3677,-0.0410,1.9641,7.5115,-6.9924,185.0534
302979.7015,1058772,61,0.3513,0.1008,1.9678,1.0992,5.9084,179.3282
302979.7015,1058782,61,0.2820,0.1311,1.8887,-11.3588,23.3282,164.4733
302979.7015,1058792,61,0.1821,0.0649,1.7605,-27.9695,39.5267,148.3511
302979.7015,1058802,61,0.1011,-0.0576,1.6467,-43.1450,46.2290,138.2748
302979.7015,1058812,61,0.1182,-0.1790,1.6106,-47.8779,44.2901,132.6260
302979.7015,1058822,61,0.1497,-0.2339,1.6406,-43.4504,42.5344,130.7328
302979.7015,1058832,61,0.1873,-0.2332,1.6936,-37.3740,42.7786,133.5420
302979.7015,1058842,61,0.2449,-0.1914,1.7429,-30.3053,46.8092,135.8931
302979.7605,1058852,62,0.2544,-0.1167,1.7676,-24.6107,55.4351,136.6260
302979.7605,1058862,62,0.2424,-0.0549,1.7559,-23.8931,65.1298,135.0992
302979.7605,1058872,62,0.2222,-0.0303,1.7234,-25.2977,75.4962,131.3588
302979.7605,1058882,62,0.1887,-0.0474,1.6746,-26.3511,84.5344,126.1832
302979.7605,1058892,62,0.1499,-0.0703,1.6194,-25.5420,91.3282,122.3511
302979.7605,1058902,62,0.1387,-0.0642,1.5869,-22.2901,95.0229,120.2595
302979.7605,1058912,62,0.1348,-0.0320,1.5679,-17.8321,97.4351,119.0229
302979.7605,1058922,62,0.1064,0.0193,1.5459,-13.9847,101.1756,117.6794
302979.7605,1058932,62,0.0759,0.0823,1.5337,-11.0687,104.9313,115.0382
302979.7605,1058942,62,0.0901,0.1272,1.5256,-9.3435,106.3053,110.2901
302979.8801,1058952,63,0.1116,0.1421,1.4990,-8.0916,110.6260,103.6794
302979.8801,1058962,63,0.0703,0.1401,1.4341,-7.8168,117.6947,96.2901
302979.8801,1058972,63,0.0393,0.1243,1.3521,-8.5038,121.0382,90.8092
302979.8801,1058982,63,0.0259,0.0950,1.2886,-6.8244,121.3893,86.1985
302979.8801,1058992,63,-0.0029,0.0840,1.2664,-0.9313,121.6489,81.3740
302979.8801,1059002,63,0.0293,0.0918,1.2583,5.8015,118.9466,77.6794
302979.8801,1059012,63,0.0317,0.0889,1.2405,11.2672,120.0458,74.8244
302979.8801,1059022,63,0.0071,0.0908,1.2178,16.7786,124.3664,72.6870
302979.8801,1059032,63,0.0010,0.1169,1.1646,23.6947,127.1756,70.8397
302979.8801,1059042,63,-0.0332,0.1475,1.1072,30.4580,128.6107,66.6107
302980.0006,1059052,64,-0.0681,0.1772,1.0691,34.5649,128.2443,61.7710
302980.0006,1059062,64,-0.0974,0.2256,1.0435,36.4580,125.6183,57.9847
302980.0006,1059072,64,-0.1111,0.2405,1.0007,36.2748,122.7634,52.7939
302980.0006,1059082,64,-0.1418,0.2156,0.9568,36.1985,122.2901,44.6412
302980.0006,1059092,64,-0.1748,0.1855,0.9167,37.8931,120.6718,36.5496
302980.0006,1059102,64,-0.1692,0.1458,0.8853,40.3511,115.8473,31.1145
302980.0006,1059112,64,-0.1624,0.1223,0.8828,45.7710,113.5420,26.7786
302980.0006,1059122,64,-0.1458,0.1208,0.8860,52.7481,112.8092,22.9313
302980.0006,1059132,64,-0.1729,0.1140,0.8613,56.8244,114.8855,19.1145
302980.0006,1059142,64,-0.2100,0.0894,0.8025,57.8626,116.8702,15.9695
302980.0601,1059152,65,-0.2439,0.0627,0.7507,58.8550,115.9084,13.2672
302980.0601,1059162,65,-0.2585,0.0449,0.7068,60.6260,111.6031,11.6947
302980.0601,1059172,65,-0.2676,0.0381,0.6853,63.3130,106.1985,10.7176
302980.0601,1059182,65,-0.2742,0.0305,0.6609,66.9618,100.9618,9.3130
302980.0601,1059192,65,-0.2747,0.0376,0.6484,71.1908,97.0076,8.2443
302980.0601,1059202,65,-0.2861,0.0640,0.6379,75.8321,93.2061,6.8244
302980.0601,1059212,65,-0.3000,0.0818,0.6182,78.2748,90.2443,3.5878
302980.0601,1059222,65,-0.3242,0.0869,0.5881,78.2595,90.4733,0.3511
302980.0601,1059232,65,-0.3499,0.0913,0.5493,78.4427,88.6870,-2.5496
302980.0601,1059242,65,-0.3569,0.1069,0.5315,80.1985,84.2137,-6.3817
302980.1808,1059252,66,-0.3538,0.1233,0.5176,81.1450,79.7405,-10.6107
302980.1808,1059262,66,-0.3682,0.1443,0.5029,81.1298,75.7863,-15.2977
302980.1808,1059272,66,-0.3918,0.1421,0.4756,78.8092,71.9695,-20.2748
302980.1808,1059282,66,-0.4258,0.0972,0.4338,75.1450,68.8702,-25.5725
302980.1808,1059292,66,-0.4402,0.0723,0.4163,73.9084,65.1756,-29.6489
302980.1808,1059302,66,-0.4587,0.0615,0.4060,74.2748,60.1679,-31.9695
302980.1808,1059312,66,-0.4543,0.0593,0.4167,74.5954,55.2061,-34.0153
302980.1808,1059322,66,-0.4517,0.0525,0.4102,75.3435,51.1298,-37.0382
302980.1808,1059332,66,-0.4600,0.0388,0.4167,75.4656,48.5496,-40.3511
302980.1808,1059342,66,-0.4607,0.0190,0.4346,74.5496,46.2748,-42.2595
302980.2993,1059352,67,-0.4749,0.0066,0.4377,74.3511,43.8779,-43.7710
302980.2993,1059362,67,-0.5078,-0.0208,0.4280,74.3511,42.0153,-46.1374
302980.2993,1059372,67,-0.5432,-0.0327,0.4165,74.7176,40.1985,-47.7710
302980.2993,1059382,67,-0.5464,-0.0601,0.4026,73.9084,35.3588,-48.6565
302980.2993,1059392,67,-0.5564,-0.1047,0.3987,73.9695,31.4962,-48.9924
302980.2993,1059402,67,-0.5063,-0.1050,0.4146,76.4885,25.6947,-47.6794
302980.2993,1059412,67,-0.5361,-0.0986,0.4302,77.4809,23.6183,-45.6031
302980.2993,1059422,67,-0.5764,-0.0637,0.4382,77.9237,22.2748,-43.6489
302980.2993,1059432,67,-0.5344,-0.0435,0.4541,76.3664,18.4122,-44.0000
302980.2993,1059442,67,-0.5574,-0.0266,0.4565,73.4962,18.1069,-45.6336
302980.3599,1059452,68,-0.5952,-0.0405,0.4265,67.6031,17.7557,-48.1527
302980.3599,1059462,68,-0.6235,-0.0750,0.4089,60.7328,17.5878,-50.6870
302980.3599,1059472,68,-0.6277,-0.1099,0.4016,56.0000,13.3740,-52.9466
302980.3599,1059482,68,-0.5916,-0.1436,0.4072,53.3740,7.9389,-55.2672
302980.3599,1059492,68,-0.5813,-0.1548,0.4148,50.2443,5.2519,-55.7405
302980.3599,1059502,68,-0.6016,-0.1577,0.4241,45.7863,1.9542,-54.7481
302980.3599,1059512,68,-0.6228,-0.1746,0.4443,42.8702,-2.7023,-55.0840
302980.3599,1059522,68,-0.6094,-0.1797,0.4810,41.0382,-3.3740,-57.0687
302980.3599,1059532,68,-0.5620,-0.2585,0.4631,37.5573,-0.7786,-59.7710
302980.3599,1059542,68,-0.6870,-0.3333,0.4043,34.3206,5.4351,-60.3206
302980.4810,1059552,69,-0.6814,-0.4285,0.3645,30.4275,2.6107,-61.2672
302980.4810,1059562,69,-0.7061,-0.5442,0.3530,28.3969,0.4733,-60.0153
302980.4810,1059572,69,-0.6968,-0.6035,0.3848,30.8397,-5.8626,-52.5802
302980.4810,1059582,69,-0.6895,-0.6016,0.4783,36.8092,-15.9084,-33.3282
302980.4810,1059592,69,-0.6895,-0.6016,0.4783,36.8092,-15.9084,-33.3282
302980.4810,1059602,69,-0.6768,-0.5850,0.5188,37.7710,-18.0611,-23.4198
302980.4810,1059612,69,-0.7288,-0.5513,0.5298,37.1145,-16.4275,-14.1679
302980.4810,1059622,69,-0.7407,-0.4724,0.5471,36.3206,-16.9618,-6.2748
302980.4810,1059632,69,-0.7534,-0.4060,0.5757,35.8473,-17.9542,-1.1756
302980.4810,1059642,69,-0.7629,-0.3342,0.6121,35.3130,-15.5725,0.7328
302980.5988,1059652,70,-0.7781,-0.2849,0.6157,31.8015,-11.6336,2.1832
302980.5988,1059662,70,-0.8027,-0.2302,0.6011,27.4046,-8.6870,3.0534
302980.5988,1059672,70,-0.8335,-0.1948,0.5791,21.8626,-8.1985,2.1679
302980.5988,1059682,70,-0.8425,-0.1926,0.5647,15.7710,-7.7710,-0.2901
302980.5988,1059692,70,-0.8499,-0.1926,0.5505,11.6947,-7.7710,-3.2519
302980.5988,1059702,70,-0.8352,-0.1875,0.5537,8.6565,-9.9237,-4.9160
302980.5988,1059712,70,-0.8208,-0.1826,0.5757,6.9466,-12.5954,-5.5573
302980.5988,1059722,70,-0.7961,-0.1809,0.6011,7.1298,-11.3435,-5.7710
302980.5988,1059732,70,-0.8010,-0.1689,0.5999,8.5954,-7.2519,-5.9847
302980.5988,1059742,70,-0.8027,-0.1528,0.5859,7.8015,-6.0000,-5.9389
302980.6599,1059752,71,-0.7949,-0.1338,0.5730,5.8779,-6.7328,-5.6947
302980.6599,1059762,71,-0.7751,-0.1187,0.5759,3.7863,-9.0992,-5.4046
302980.6599,1059772,71,-0.7607,-0.1162,0.5667,2.6565,-10.2290,-5.4962
302980.6599,1059782,71,-0.7546,-0.0994,0.5566,4.3206,-10.0763,-6.4733
302980.6599,1059792,71,-0.7424,-0.0769,0.5420,5.1756,-11.4656,-7.8473
302980.6599,1059802,71,-0.7371,-0.0659,0.5193,3.2061,-13.5573,-8.9313
302980.6599,1059812,71,-0.7334,-0.0500,0.5095,0.1374,-16.7328,-9.1908
302980.6599,1059822,71,-0.7297,-0.0657,0.4978,-2.2748,-21.1298,-9.6947
302980.6599,1059832,71,-0.7229,-0.0867,0.4722,-2.6718,-23.5267,-10.6107
302980.6599,1059842,71,-0.7173,-0.0808,0.4585,-0.5496,-25.4351,-10.5344
302980.7814,1059852,72,-0.6875,-0.0828,0.4634,1.6336,-28.1832,-9.4504
302980.7814,1059862,72,-0.6562,-0.0671,0.4753,4.6565,-29.2366,-9.0534
302980.7814,1059872,72,-0.6204,-0.0549,0.4756,5.8321,-31.8931,-9.3740
302980.7814,1059882,72,-0.5935,-0.0498,0.4675,4.5344,-35.6947,-9.8931
302980.7814,1059892,72,-0.5679,-0.0459,0.4653,1.0229,-39.6641,-10.5344
302980.7814,1059902,72,-0.5544,-0.0574,0.4558,-4.5191,-45.2519,-11.8779
302980.7814,1059912,72,-0.5476,-0.1084,0.4260,-12.2595,-51.9237,-13.7252
302980.7814,1059922,72,-0.5386,-0.1619,0.3953,-18.3359,-60.7176,-14.3053
302980.7814,1059932,72,-0.5234,-0.1968,0.3679,-22.3511,-74.8702,-12.4275
302980.7814,1059942,72,-0.5435,-0.2041,0.3325,-26.1679,-94.2443,-8.2595
302980.9005,1059952,73,-0.5645,-0.1794,0.2900,-30.5344,-121.1298,-4.0916
302980.9005,1059962,73,-0.5640,-0.1262,0.2808,-36.3511,-156.1069,-2.2748
302980.9005,1059972,73,-0.4229,-0.0493,0.3477,-44.0611,-191.8015,-4.8244
302980.9005,1059982,73,-0.2756,-0.0547,0.4490,-55.1756,-201.7863,-7.2214
302980.9005,1059992,73,-0.1611,-0.0906,0.5203,-58.7328,-185.4351,-10.9313
302980.9005,1060002,73,-0.0774,-0.1360,0.5728,-54.0611,-159.1756,-15.4504
302980.9005,1060012,73,-0.0808,-0.1802,0.5566,-40.3511,-103.3588,-17.7863
302980.9005,1060022,73,-0.1306,-0.2229,0.4915,-44.4122,-90.9008,-17.0992
302980.9005,1060032,73,-0.1836,-0.2507,0.4290,-49.2519,-94.5802,-15.0229
302980.9005,1060042,73,-0.2219,-0.2397,0.4011,-51.0687,-109.0687,-12.8855
302980.9601,1060052,74,-0.2542,-0.1973,0.4031,-50.8244,-131.1756,-12.4427
302980.9601,1060062,74,-0.2239,-0.1665,0.4070,-50.9466,-153.1450,-12.7023
302980.9601,1060072,74,-0.2122,-0.1545,0.4028,-46.4580,-162.6107,-14.9160
302980.9601,1060082,74,-0.2180,-0.1357,0.4080,-36.0916,-167.7710,-18.6870
302980.9601,1060092,74,-0.2109,-0.0945,0.3960,-22.0763,-172.4580,-22.1374
302980.9601,1060102,74,-0.1880,-0.0027,0.4258,-9.1298,-178.2595,-24.9771
302980.9601,1060112,74,-0.1521,0.0967,0.4939,-5.6794,-185.2061,-30.7786
302980.9601,1060122,74,-0.0723,0.1511,0.5916,-12.5496,-189.3282,-35.6183
302980.9601,1060132,74,0.0437,0.1204,0.6633,-27.3435,-187.0076,-45.2977
302980.9601,1060142,74,0.1296,0.0869,0.6873,-42.0305,-180.4885,-55.7252
302981.0803,1060152,75,0.1421,0.0256,0.6809,-57.4504,-176.9924,-65.2977
302981.0803,1060162,75,0.1672,-0.0742,0.6489,-72.4885,-179.3740,-73.8473
302981.0803,1060172,75,0.1792,-0.1904,0.6167,-81.7252,-183.5267,-81.2366
302981.0803,1060182,75,0.1992,-0.2922,0.5891,-82.0000,-191.3435,-86.6107
302981.0803,1060192,75,0.2642,-0.3745,0.6462,-75.8015,-203.1603,-88.1069
302981.0803,1060202,75,0.3354,-0.3928,0.7261,-61.7710,-208.5649,-83.2214
302981.0803,1060212,75,0.4126,-0.3032,0.8071,-40.0611,-203.4656,-79.8931
302981.0803,1060222,75,0.4189,-0.1855,0.8875,-25.4809,-195.2977,-79.5573
302981.0803,1060232,75,0.4189,-0.1372,0.9312,-27.0229,-192.0458,-83.0534
302981.0803,1060242,75,0.5076,-0.1558,0.9351,-38.3817,-195.3740,-89.3588
302981.2005,1060252,76,0.5547,-0.2417,0.9438,-50.9466,-199.6641,-96.6565
302981.2005,1060262,76,0.6487,-0.3704,0.9873,-60.3664,-203.4504,-104.9466
302981.2005,1060272,76,0.8064,-0.4993,1.0034,-65.1450,-200.5344,-110.8550
302981.2005,1060282,76,0.8257,-0.6072,1.0049,-62.2901,-188.2290,-114.1221
302981.2005,1060292,76,0.8586,-0.6938,1.0164,-54.8550,-182.1374,-112.8550
302981.2005,1060302,76,0.9409,-0.7676,1.0120,-46.8244,-182.0000,-103.8779
302981.2005,1060312,76,0.9338,-0.7539,1.0222,-34.6565,-177.6947,-92.6718
302981.2005,1060322,76,0.9009,-0.6453,1.0332,-22.9771,-176.3817,-81.1908
302981.2005,1060332,76,0.8401,-0.5476,1.0569,-19.3588,-179.8168,-72.5954
302981.2005,1060342,76,0.8049,-0.4617,1.0615,-22.1221,-186.2290,-68.3664
302981.3185,1060352,77,0.8252,-0.3845,1.0439,-30.6565,-195.3893,-65.4198
302981.3185,1060362,77,0.8506,-0.3154,1.0195,-44.4733,-206.2748,-65.0840
302981.3185,1060372,77,0.8748,-0.2910,0.9810,-65.3588,-219.4504,-67.2519
302981.3185,1060382,77,0.9631,-0.3289,0.9561,-91.6031,-233.5878,-71.4809
302981.3185,1060392,77,1.0725,-0.5674,0.9312,-115.8321,-238.6412,-75.4809
302981.3185,1060402,77,1.1768,-0.7808,0.8948,-115.0992,-223.8321,-81.2366
302981.3185,1060412,77,1.1653,-0.8867,0.9277,-89.1450,-198.0916,-84.0305
302981.3185,1060422,77,1.1362,-0.9038,0.9548,-56.8855,-180.0611,-75.6031
302981.3185,1060432,77,1.1333,-0.8147,0.9741,-25.9237,-165.9389,-63.4351
302981.3185,1060442,77,1.0752,-0.6680,1.0024,-2.1985,-154.0000,-54.2137
302981.3793,1060452,78,1.0542,-0.5352,1.0063,6.6565,-150.4122,-47.4351
302981.3793,1060462,78,1.0569,-0.4441,0.9697,1.1450,-151.5573,-41.2672
302981.3793,1060472,78,1.0366,-0.3823,0.9038,-12.9313,-152.6870,-36.0153
302981.3793,1060482,78,1.0005,-0.3176,0.8276,-33.2061,-155.6794,-31.2366
302981.3793,1060492,78,0.9678,-0.2747,0.7466,-61.1908,-162.5649,-25.1908
302981.3793,1060502,78,0.9543,-0.3889,0.6521,-97.3435,-173.8473,-16.9313
302981.3793,1060512,78,0.9709,-0.6858,0.5557,-127.3435,-184.3511,-11.1450
302981.3793,1060522,78,1.0461,-0.9617,0.5249,-124.9924,-186.4275,-10.6718
302981.3793,1060532,78,1.1575,-1.0090,0.5728,-88.2290,-183.6641,-9.9847
302981.3793,1060542,78,1.2466,-0.8748,0.6724,-40.6565,-178.8244,-9.9084
302981.5002,1060552,79,1.3086,-0.7068,0.7769,1.4504,-171.2214,-22.8855
302981.5002,1060562,79,1.3428,-0.5615,0.8635,29.1450,-158.9771,-46.5191
302981.5002,1060572,79,1.3357,-0.4778,0.8794,33.0229,-144.7939,-58.9313
302981.5002,1060582,79,1.3105,-0.4441,0.8276,17.1908,-128.9313,-57.3130
302981.5002,1060592,79,1.2722,-0.4541,0.7502,-8.9924,-111.0687,-52.0916
302981.5002,1060602,79,1.2212,-0.5034,0.6206,-39.2977,-95.5267,-45.6183
302981.5002,1060612,79,1.1541,-0.5781,0.4788,-66.6412,-83.2366,-35.0534
302981.5002,1060622,79,1.1106,-0.6182,0.3281,-79.3893,-74.1221,-25.4809
302981.5002,1060632,79,0.9971,-0.5825,0.2202,-75.5573,-66.3969,-17.5725
302981.5002,1060642,79,0.8508,-0.5876,0.1497,-68.3359,-62.6107,-15.3588
302981.5601,1060652,80,0.9075,-0.6174,0.1016,-60.1985,-73.3588,-22.1374
302981.5601,1060662,80,0.9739,-0.6042,0.0664,-47.9695,-86.3817,-25.4504
302981.5601,1060672,80,1.0342,-0.3655,0.2437,-33.7710,-103.1908,-19.3893
302981.5601,1060682,80,0.9082,-0.5085,0.0559,-32.0305,-116.2901,-17.8626
302981.5601,1060692,80,0.9741,-0.4849,0.1404,-39.0076,-101.0534,-38.3511
302981.5601,1060702,80,1.0620,-0.3074,0.0676,-44.3664,-99.2977,-22.1679
302981.5601,1060712,80,0.9993,-0.1389,0.0996,-55.3282,-107.9237,8.4885
302981.5601,1060722,80,1.0322,-0.1357,0.1125,-81.6489,-116.2290,3.8168
302981.5601,1060732,80,1.1218,-0.3547,0.0239,-124.0153,-120.0916,-5.0992
302981.5601,1060742,80,1.1504,-0.4922,-0.0957,-136.2901,-107.8321,-11.4809
302981.6788,1060752,81,1.0950,-0.5452,-0.1426,-117.1450,-83.6489,-25.0534
302981.6788,1060762,81,1.0144,-0.5662,-0.1396,-88.9924,-72.3053,-34.5649
302981.6788,1060772,81,1.0361,-0.5559,-0.1533,-59.1298,-76.4885,-39.1145
302981.6788,1060782,81,1.0674,-0.5076,-0.1426,-30.1832,-78.1374,-48.0000
302981.6788,1060792,81,1.0659,-0.4380,-0.0972,-9.3588,-74.5954,-56.1832
302981.6788,1060802,81,1.0720,-0.3892,-0.0732,-2.1985,-72.5344,-56.5038
302981.6788,1060812,81,1.0867,-0.3716,-0.0747,-5.9084,-69.6183,-50.3053
302981.6788,1060822,81,1.0967,-0.3579,-0.0845,-14.5038,-63.3435,-41.5420
302981.6788,1060832,81,1.0911,-0.3452,-0.1021,-24.3206,-56.3359,-32.3969
302981.6788,1060842,81,1.0845,-0.3394,-0.1189,-34.3969,-51.5573,-23.0229
302981.8002,1060852,82,1.0759,-0.3467,-0.1421,-44.4580,-49.3435,-13.7099
302981.8002,1060862,82,1.0715,-0.3604,-0.1614,-53.1603,-48.1985,-5.7405
302981.8002,1060872,82,1.0674,-0.3718,-0.1738,-58.1221,-47.3130,0.3817
302981.8002,1060882,82,1.0557,-0.3779,-0.1851,-59.5878,-46.4580,4.2137
302981.8002,1060892,82,1.0498,-0.3855,-0.1787,-58.0916,-46.8702,6.9466
302981.8002,1060902,82,1.0496,-0.3909,-0.1748,-54.1679,-47.8015,8.7939
302981.8002,1060912,82,1.0535,-0.3892,-0.1763,-48.1985,-47.0687,9.4351
302981.8002,1060922,82,1.0474,-0.3889,-0.1738,-40.7939,-44.2901,8.7939
302981.8002,1060932,82,1.0422,-0.3828,-0.1694,-32.4885,-40.7481,7.1450
302981.8002,1060942,82,1.0361,-0.3774,-0.1670,-23.9389,-36.9618,4.7023
302981.8604,1060952,83,1.0271,-0.3730,-0.1704,-15.4504,-33.1756,1.7557
302981.8604,1060962,83,1.0222,-0.3708,-0.1675,-7.2977,-29.4198,-1.3435
302981.8604,1060972,83,1.0190,-0.3696,-0.1731,0.4275,-25.8626,-4.3817
302981.8604,1060982,83,1.0159,-0.3596,-0.1667,7.1298,-22.8397,-6.9618
302981.8604,1060992,83,1.0210,-0.3594,-0.1599,12.1527,-19.9389,-8.6260
302981.8604,1061002,83,1.0232,-0.3525,-0.1628,15.2672,-16.9466,-8.6718
302981.8604,1061012,83,1.0232,-0.3481,-0.1631,16.9008,-14.0458,-7.1603
302981.8604,1061022,83,1.0225,-0.3381,-0.1653,17.2824,-11.2214,-4.6870
302981.8604,1061032,83,1.0276,-0.3306,-0.1699,16.5802,-9.1450,-1.5115
302981.8604,1061042,83,1.0330,-0.3237,-0.1775,14.8397,-7.5420,1.6183
302981.9808,1061052,84,1.0295,-0.3171,-0.1875,12.9160,-5.5267,4.4733
302981.9808,1061062,84,1.0195,-0.3069,-0.1975,11.1603,-3.9695,7.0992
302981.9808,1061072,84,1.0178,-0.2983,-0.2007,9.0229,-3.1908,9.4962
302981.9808,1061082,84,1.0137,-0.2986,-0.2087,7.2519,-2.4733,11.2214
302981.9808,1061092,84,1.0046,-0.2947,-0.2188,5.8626,-1.3282,12.2443
302981.9808,1061102,84,1.0000,-0.2942,-0.2214,5.0229,-0.0153,13.1756
302981.9808,1061112,84,0.9995,-0.2900,-0.2302,5.0076,0.5191,14.0763
302981.9808,1061122,84,0.9966,-0.2852,-0.2349,5.7252,0.9313,14.5802
302981.9808,1061132,84,0.9922,-0.2817,-0.2373,6.7939,1.6794,14.5038
302981.9808,1061142,84,0.9885,-0.2798,-0.2351,7.6641,2.3817,14.3206
302982.0994,1061152,85,0.9863,-0.2764,-0.2332,8.2290,3.0687,14.3053
302982.0994,1061162,85,0.9875,-0.2798,-0.2361,8.6107,4.0153,14.3969
302982.0994,1061172,85,0.9822,-0.2754,-0.2395,8.8702,5.1756,14.5954
302982.0994,1061182,85,0.9805,-0.2722,-0.2412,8.8855,6.1832,15.0534
302982.0994,1061192,85,0.9790,-0.2717,-0.2397,8.4580,7.0687,15.5115
302982.0994,1061202,85,0.9722,-0.2666,-0.2444,7.7252,8.1985,16.2290
302982.0994,1061212,85,0.9702,-0.2620,-0.2490,6.8550,9.2214,17.0534
302982.0994,1061222,85,0.9622,-0.2502,-0.2544,5.8626,9.6794,17.8931
302982.0994,1061232,85,0.9575,-0.2402,-0.2605,4.4122,9.8168,18.6565
302982.0994,1061242,85,0.9565,-0.2344,-0.2622,2.3817,10.2901,19.0534
302982.1594,1061252,86,0.9534,-0.2344,-0.2690,0.1069,11.3588,19.2366
302982.1594,1061262,86,0.9465,-0.2366,-0.2754,-1.9084,12.5496,19.2214
302982.1594,1061272,86,0.9373,-0.2334,-0.2815,-3.5725,13.1450,19.1145
302982.1594,1061282,86,0.9329,-0.2324,-0.2898,-5.0382,13.1450,19.0687
302982.1594,1061292,86,0.9285,-0.2307,-0.2944,-6.4885,12.8855,19.0229
302982.1594,1061302,86,0.9268,-0.2317,-0.3059,-7.8473,12.7786,18.8244
302982.1594,1061312,86,0.9182,-0.2334,-0.3108,-9.1908,12.8855,18.4427
302982.1594,1061322,86,0.9150,-0.2341,-0.3171,-10.4122,12.8092,18.1985
302982.1594,1061332,86,0.9138,-0.2378,-0.3247,-11.4656,12.0763,17.7863
302982.1594,1061342,86,0.9114,-0.2407,-0.3311,-12.2748,11.2214,17.1450
302982.2804,1061352,87,0.8989,-0.2373,-0.3379,-12.5802,10.2595,16.0916
302982.2804,1061362,87,0.8943,-0.2395,-0.3401,-12.6870,8.8244,15.1298
302982.2804,1061372,87,0.8926,-0.2432,-0.3416,-12.2901,7.2366,13.6947
302982.2804,1061382,87,0.8865,-0.2478,-0.3394,-11.4656,6.0611,11.8626
302982.2804,1061392,87,0.8875,-0.2476,-0.3347,-10.0000,4.4733,9.4962
302982.2804,1061402,87,0.8777,-0.2556,-0.3386,-8.9466,3.0229,7.8473
302982.2804,1061412,87,0.8711,-0.2622,-0.3396,-7.1756,1.9695,5.6794
302982.2804,1061422,87,0.8750,-0.2634,-0.3352,-4.1221,0.0305,3.3282
302982.2804,1061432,87,0.8848,-0.2668,-0.3291,-1.4198,-2.4427,0.7481
302982.2804,1061442,87,0.8972,-0.2737,-0.3198,0.4275,-4.5191,-1.4504
302982.3991,1061452,88,0.9041,-0.2729,-0.3152,2.1527,-5.9695,-3.2824
302982.3991,1061462,88,0.9121,-0.2737,-0.3101,3.2977,-6.7176,-4.8244
302982.3991,1061472,88,0.9116,-0.2778,-0.3030,3.7405,-7.0229,-5.9847
302982.3991,1061482,88,0.9146,-0.2810,-0.2947,3.4198,-7.5420,-6.7939
302982.3991,1061492,88,0.9216,-0.2878,-0.2930,2.5496,-8.0305,-7.2672
302982.3991,1061502,88,0.9250,-0.2920,-0.2922,1.7252,-8.3817,-7.6489
302982.3991,1061512,88,0.9248,-0.2976,-0.2856,1.0840,-8.6260,-7.9084
302982.3991,1061522,88,0.9312,-0.3022,-0.2864,0.4275,-8.8702,-8.0916
302982.3991,1061532,88,0.9351,-0.3113,-0.2842,-0.1679,-9.1603,-8.2901
302982.3991,1061542,88,0.9307,-0.3171,-0.2839,-0.5038,-9.0229,-8.5954
302982.4601,1061552,89,0.9287,-0.3215,-0.2795,-0.4733,-8.9313,-8.7634
302982.4601,1061562,89,0.9297,-0.3279,-0.2788,-0.2748,-9.1756,-8.8092
302982.4601,1061572,89,0.9314,-0.3328,-0.2788,-0.2137,-9.5115,-8.8702
302982.4601,1061582,89,0.9324,-0.3359,-0.2766,0.6412,-9.6489,-9.1603
302982.4601,1061592,89,0.9355,-0.3413,-0.2773,0.7634,-10.0763,-9.0840
302982.4601,1061602,89,0.9390,-0.3462,-0.2727,1.1450,-10.0458,-9.1603
302982.4601,1061612,89,0.9412,-0.3521,-0.2749,1.6641,-10.0763,-9.1145
302982.4601,1061622,89,0.9463,-0.3604,-0.2686,2.3053,-10.4427,-9.1603
302982.4601,1061632,89,0.9448,-0.3584,-0.2622,3.5725,-10.6870,-9.1145
302982.4601,1061642,89,0.9521,-0.3574,-0.2524,4.0763,-10.8244,-8.5954
302982.5801,1061652,90,0.9580,-0.3523,-0.2458,3.1298,-10.3969,-7.6794
302982.5801,1061662,90,0.9526,-0.3474,-0.2344,1.8473,-8.4122,-6.5344
302982.5801,1061672,90,0.9509,-0.3394,-0.2278,-0.6107,-8.0763,-4.9771
302982.5801,1061682,90,0.9580,-0.3394,-0.2156,-4.5496,-7.6489,-3.2519
302982.5801,1061692,90,0.9648,-0.3499,-0.2202,-10.2595,-6.5344,-1.3282
302982.5801,1061702,90,0.9585,-0.3733,-0.2295,-15.9542,-3.5878,-0.8244
302982.5801,1061712,90,0.9382,-0.4189,-0.2539,-18.9008,0.8702,-3.8015
302982.5801,1061722,90,0.9517,-0.5063,-0.2747,-17.7099,5.0534,-11.4656
302982.5801,1061732,90,0.9946,-0.6399,-0.2642,-13.0992,10.3206,-17.0076
302982.5801,1061742,90,1.0649,-0.7871,-0.2354,-4.8092,20.4733,-15.3435
302982.7005,1061752,91,1.1267,-0.9382,-0.1746,10.9008,37.1908,-7.9542
302982.7005,1061762,91,1.2083,-1.0420,-0.0881,34.0611,58.2748,1.7099
302982.7005,1061772,91,1.2095,-1.0491,-0.0479,60.6412,81.3130,16.7939
302982.7005,1061782,91,1.1846,-1.0142,-0.0259,84.5802,94.1374,36.1679
302982.7005,1061792,91,1.1687,-0.9700,0.0061,101.9237,99.5725,56.3359
302982.7005,1061802,91,1.1650,-0.9392,0.0435,116.1832,102.2443,68.7176
302982.7005,1061812,91,1.2034,-0.9490,0.0847,125.9695,105.5725,69.7710
302982.7005,1061822,91,1.2368,-1.0017,0.1277,134.3817,120.5191,64.3206
302982.7005,1061832,91,1.2751,-1.1260,0.2192,142.6565,136.9160,59.5878
302982.7005,1061842,91,1.3210,-1.1875,0.3074,158.1221,149.0840,63.2366
302982.7587,1061852,92,1.3799,-1.1577,0.3826,173.2061,160.3664,74.4122
302982.7587,1061862,92,1.4050,-1.1221,0.4519,172.7939,174.7176,89.4656
302982.7587,1061872,92,1.4116,-1.1191,0.5178,157.0534,192.9618,107.2519
302982.7587,1061882,92,1.3611,-1.1418,0.5308,136.4427,212.3817,126.6107
302982.7587,1061892,92,1.2947,-1.1826,0.5259,124.2137,223.0382,140.5954
302982.7587,1061902,92,1.2656,-1.2246,0.5654,127.9389,225.9389,145.4351
302982.7587,1061912,92,1.2627,-1.1831,0.6379,144.6412,228.6870,143.7557
302982.7587,1061922,92,1.2751,-1.1753,0.6870,152.0763,228.9771,144.3969
302982.7587,1061932,92,1.2549,-1.1423,0.7236,152.5649,228.0763,148.3206
302982.7587,1061942,92,1.2214,-1.0908,0.7439,152.1679,230.5344,154.7023
302982.8814,1061952,93,1.1641,-1.0503,0.7502,148.5191,231.0229,161.4656
302982.8814,1061962,93,1.1633,-1.0293,0.8159,143.2214,230.6260,165.1756
302982.8814,1061972,93,1.1423,-1.0088,0.8479,138.3511,238.3359,170.8855
302982.8814,1061982,93,1.1140,-1.0168,0.8801,135.6947,246.1527,174.8244
302982.8814,1061992,93,1.0671,-1.0171,0.8838,137.8779,248.9008,176.4885
302982.8814,1062002,93,1.0410,-0.9839,0.9143,145.0229,248.5038,173.6947
302982.8814,1062012,93,1.0432,-0.9858,0.9612,148.3206,250.7786,172.4122
302982.8814,1062022,93,1.0007,-0.9360,0.9797,154.1069,254.8397,171.4656
302982.8814,1062032,93,0.9338,-0.8401,0.9612,157.5725,252.4580,170.0305
302982.8814,1062042,93,0.8801,-0.7314,0.9543,153.5878,243.0534,168.2595
302983.0595,1062052,94,0.8311,-0.6760,0.9155,141.9084,232.8244,165.1298
302983.0595,1062062,94,0.7800,-0.6292,0.9246,130.3053,225.1908,160.6565
302983.0595,1062072,94,0.8313,-0.6418,0.9443,122.2137,220.3206,158.1985
302983.0595,1062082,94,0.8252,-0.6226,0.9727,124.3206,228.3053,153.7252
302983.0595,1062092,94,0.7781,-0.5798,0.9905,130.3053,242.5649,150.1374
302983.0595,1062102,94,0.7239,-0.5361,0.9443,136.6107,252.5802,147.8168
302983.0595,1062112,94,0.6079,-0.4568,0.8772,142.2748,255.7405,139.3435
302983.0595,1062122,94,0.5151,-0.3943,0.8140,139.6794,247.8779,128.5496
302983.0595,1062132,94,0.4392,-0.3511,0.7778,130.2595,234.4427,118.3969
302983.0595,1062142,94,0.4075,-0.3662,0.7769,117.9237,223.6794,112.4580
302983.0609,1062152,95,0.3948,-0.3564,0.7634,113.1756,217.1450,108.0611
302983.0609,1062162,95,0.3457,-0.2986,0.7725,112.8702,212.6412,102.6412
302983.0609,1062172,95,0.3115,-0.2754,0.7993,107.4504,207.9847,96.8550
302983.0609,1062182,95,0.3389,-0.3008,0.8042,102.4733,204.1527,88.3511
302983.0609,1062192,95,0.2791,-0.2935,0.7869,103.5573,204.8244,78.1527
302983.0609,1062202,95,0.2144,-0.2778,0.7234,102.2595,199.6641,68.3511
302983.0609,1062212,95,0.1584,-0.2498,0.6743,96.4885,187.8473,59.7252
302983.0609,1062222,95,0.0845,-0.2161,0.6343,88.6260,173.8168,54.8550
302983.0609,1062232,95,0.0500,-0.1985,0.5740,80.3511,155.7710,51.7252
302983.0609,1062242,95,0.0139,-0.1902,0.5354,73.4351,137.7710,47.3130
302983.1802,1062252,96,0.0334,-0.2063,0.5483,70.9618,124.9008,45.0687
302983.1802,1062262,96,0.0730,-0.1821,0.5686,78.9924,124.3817,42.6107
302983.1802,1062272,96,0.0298,-0.1167,0.5901,88.3511,136.3664,37.3740
302983.1802,1062282,96,-0.0552,-0.0474,0.5664,89.8473,148.6718,34.7328
302983.1802,1062292,96,-0.1340,-0.0020,0.5244,88.2137,150.6260,30.4427
302983.1802,1062302,96,-0.1946,-0.0010,0.4626,88.4122,146.7634,22.1527
302983.1802,1062312,96,-0.2947,0.0073,0.4233,88.7634,143.3740,12.4580
302983.1802,1062322,96,-0.3735,-0.0193,0.3801,83.5725,135.3588,7.4504
302983.1802,1062332,96,-0.3806,-0.0498,0.3398,78.0916,125.6947,7.8015
302983.1802,1062342,96,-0.4038,-0.0405,0.3499,76.4580,116.1221,9.8626
302983.2993,1062352,97,-0.3674,-0.0278,0.4080,77.3893,106.0153,13.8321
302983.2993,1062362,97,-0.3330,0.0242,0.4626,82.5191,104.4275,16.7023
302983.2993,1062372,97,-0.3997,0.0723,0.4668,83.0076,104.3053,15.2366
302983.2993,1062382,97,-0.4080,0.0559,0.4578,75.7863,94.8702,13.1756
302983.2993,1062392,97,-0.3940,0.0295,0.4773,71.7557,85.1450,11.0992
302983.2993,1062402,97,-0.4468,0.0527,0.5034,73.2977,79.7405,9.2519
302983.2993,1062412,97,-0.4653,0.0449,0.4839,68.7481,72.3969,6.7176
302983.2993,1062422,97,-0.4780,-0.0066,0.4465,60.1221,63.1603,3.8015
302983.2993,1062432,97,-0.4458,-0.0503,0.4634,54.8702,54.8092,5.2519
302983.2993,1062442,97,-0.4099,-0.0415,0.4954,56.6718,51.5420,9.4198
302983.3599,1062452,98,-0.4290,-0.0393,0.5034,57.8015,51.0840,10.7176
302983.3599,1062462,98,-0.4333,-0.0449,0.5127,55.8626,51.6031,10.3817
302983.3599,1062472,98,-0.4407,-0.0359,0.5356,54.0458,53.1756,12.8244
302983.3599,1062482,98,-0.5916,-0.0173,0.5483,55.5115,51.9847,15.7405
302983.3599,1062492,98,-0.4365,-0.0017,0.6086,55.1145,42.7328,13.9237
302983.3599,1062502,98,-0.4192,0.0251,0.6326,56.0153,45.2061,11.0992
302983.3599,1062512,98,-0.4937,0.0525,0.6257,57.1756,54.2290,9.6336
302983.3599,1062522,98,-0.5337,0.0720,0.5852,53.4656,56.2748,7.1908
302983.3599,1062532,98,-0.5574,0.0691,0.5254,46.6718,52.6260,4.2901
302983.3599,1062542,98,-0.5969,0.0420,0.4658,40.0763,47.2977,0.1527
302983.4802,1062552,99,-0.5769,-0.0183,0.4214,34.0916,40.2748,-3.1145
302983.4802,1062562,99,-0.6465,-0.0530,0.3691,31.0382,34.1985,-3.8931
302983.4802,1062572,99,-0.6301,-0.0859,0.3650,26.7328,22.9008,-3.0687
302983.4802,1062582,99,-0.5911,-0.1272,0.4392,20.8702,15.2977,0.5802
302983.4802,1062592,99,-0.5283,-0.1538,0.5312,20.5954,16.7176,6.7023
302983.4802,1062602,99,-0.5405,-0.1487,0.5698,27.2061,26.2748,11.8321
302983.4802,1062612,99,-0.5962,-0.1199,0.5608,31.8168,34.4427,17.4351
302983.4802,1062622,99,-0.6548,-0.0557,0.5278,33.4656,36.3053,24.4733
302983.4802,1062632,99,-0.6887,0.0203,0.5095,35.0382,34.3817,29.7557
302983.4802,1062642,99,-0.7212,0.0669,0.4888,37.1450,32.1527,30.3817
302983.6030,1062652,100,-0.7600,0.0952,0.4602,37.2519,31.6641,29.0687
302983.6030,1062662,100,-0.7844,0.1252,0.4592,35.8168,31.0382,28.5802
302983.6030,1062672,100,-0.7966,0.1487,0.4927,32.5954,30.1069,28.5802
302983.6030,1062682,100,-0.7886,0.1653,0.5349,30.9008,28.3359,27.9237
302983.6030,1062692,100,-0.7590,0.2158,0.5908,32.1527,29.4809,26.3511
302983.6030,1062702,100,-0.7593,0.2544,0.6135,30.8550,34.4733,23.4504
302983.6030,1062712,100,-0.7864,0.2673,0.5767,25.7710,40.1069,20.1832
302983.6030,1062722,100,-0.8396,0.2905,0.5107,21.3435,40.3511,17.4046
302983.6030,1062732,100,-0.8899,0.2859,0.4304,16.8397,34.5649,14.8702
302983.6030,1062742,100,-0.9197,0.2729,0.3774,14.2443,25.6947,12.7176
302983.6602,1062752,101,-0.9492,0.2732,0.3586,15.8473,14.4122,11.9237
302983.6602,1062762,101,-0.9280,0.3088,0.4097,22.1069,2.5344,11.7252
302983.6602,1062772,101,-0.8972,0.3594,0.5027,29.0382,-5.5420,10.0611
302983.6602,1062782,101,-0.8420,0.4087,0.5862,30.8397,-7.6641,8.6870
302983.6602,1062792,101,-0.8835,0.4460,0.6641,27.2824,1.1298,9.5420
302983.6602,1062802,101,-0.8159,0.4807,0.6877,24.8550,9.0076,11.1603
302983.6602,1062812,101,-0.6650,0.5142,0.6196,27.1908,13.4351,10.5038
302983.6602,1062822,101,-1.0647,0.5813,0.5950,28.5496,23.8168,5.8626
302983.6602,1062832,101,-0.8855,0.6128,0.5718,27.4046,9.7405,3.4198
302983.6602,1062842,101,-0.8228,0.6343,0.5684,31.3740,5.8168,-3.7252
302983.7805,1062852,102,-0.9302,0.6152,0.5669,29.0687,4.5802,-14.1374
302983.7805,1062862,102,-0.8464,0.5676,0.5564,24.8702,-6.3817,-15.8321
302983.7805,1062872,102,-0.7385,0.5479,0.6030,30.1069,-10.2290,-18.5038
302983.7805,1062882,102,-0.7434,0.5654,0.6292,37.6183,-0.0611,-20.5191
302983.7805,1062892,102,-0.7671,0.5598,0.5918,39.0229,9.9389,-20.1374
302983.7805,1062902,102,-0.7751,0.5527,0.5471,43.6489,13.8473,-18.1679
302983.7805,1062912,102,-0.7798,0.6333,0.5269,54.6870,12.0153,-17.3282
302983.7805,1062922,102,-0.7515,0.6887,0.5076,59.1908,8.2595,-18.1527
302983.7805,1062932,102,-0.7544,0.7048,0.4709,58.3359,6.8855,-22.3359
302983.7805,1062942,102,-0.7510,0.6755,0.4338,56.4427,4.6260,-28.1832
302983.9007,1062952,103,-0.7397,0.6326,0.4041,56.4733,0.5191,-34.1527
302983.9007,1062962,103,-0.7107,0.6147,0.3916,60.8702,-5.3130,-39.4198
302983.9007,1062972,103,-0.6741,0.5957,0.4080,68.8397,-8.6260,-45.0076
302983.9007,1062982,103,-0.6367,0.5930,0.4336,75.9542,-7.9237,-51.5420
302983.9007,1062992,103,-0.5647,0.5623,0.4053,78.7328,-5.4656,-56.7786
302983.9007,1063002,103,-0.6199,0.5591,0.3635,81.2519,-2.5802,-60.7939
302983.9007,1063012,103,-0.6021,0.5112,0.3069,80.9466,-4.5344,-64.9008
302983.9007,1063022,103,-0.5510,0.5056,0.2739,82.9618,-9.0687,-71.5573
302983.9007,1063032,103,-0.5393,0.4561,0.2471,79.2519,-11.7710,-76.0000
302983.9007,1063042,103,-0.4885,0.4121,0.2324,75.1450,-17.3130,-78.8397
302983.9602,1063052,104,-0.4509,0.3611,0.2246,72.4427,-20.6870,-82.8702
302983.9602,1063062,104,-0.4417,0.3098,0.2002,72.4885,-24.7023,-87.6641
302983.9602,1063072,104,-0.4080,0.2312,0.1655,72.7328,-32.5954,-91.0229
302983.9602,1063082,104,-0.3923,0.1384,0.1211,74.5496,-41.9237,-91.8015
302983.9602,1063092,104,-0.3833,0.0779,0.0850,80.2595,-53.8015,-91.1908
302983.9602,1063102,104,-0.3547,0.0400,0.0715,85.6183,-67.2672,-90.1985
302983.9602,1063112,104,-0.3030,0.0259,0.0881,87.9389,-78.7023,-89.0229
302983.9602,1063122,104,-0.2717,0.0139,0.1155,86.6260,-85.1450,-87.6641
302983.9602,1063132,104,-0.2493,0.0127,0.1460,82.8702,-90.8092,-87.3435
302983.9602,1063142,104,-0.1877,0.0037,0.1868,76.0305,-96.8397,-88.5954
302984.0803,1063152,105,-0.1423,-0.0693,0.2195,65.9542,-96.2748,-89.6794
302984.0803,1063162,105,-0.1682,-0.1562,0.1926,58.1221,-90.1832,-88.6565
302984.0803,1063172,105,-0.1853,-0.2280,0.1682,56.4580,-92.1374,-84.8550
302984.0803,1063182,105,-0.1682,-0.2595,0.1968,61.4046,-98.3511,-80.9466
302984.0803,1063192,105,-0.1589,-0.2312,0.2585,68.9771,-105.7405,-77.6947
302984.0803,1063202,105,-0.1653,-0.2122,0.2891,69.6031,-111.6641,-75.5267
302984.0803,1063212,105,-0.1941,-0.2278,0.2952,61.2672,-110.4885,-74.1679
302984.0803,1063222,105,-0.2268,-0.2546,0.2913,50.3359,-111.4046,-73.3282
302984.0803,1063232,105,-0.1995,-0.2905,0.3552,41.0229,-120.7328,-72.1374
302984.0803,1063242,105,-0.1411,-0.3186,0.4509,35.4504,-130.5191,-70.6107
302984.2006,1063252,106,-0.0818,-0.3232,0.5674,32.9771,-138.6260,-70.3664
302984.2006,1063262,106,-0.0125,-0.3198,0.6565,27.3130,-146.1527,-71.2672
302984.2006,1063272,106,-0.0200,-0.3770,0.7009,17.3435,-147.5267,-72.3817
302984.2006,1063282,106,-0.0767,-0.4866,0.6707,10.4427,-142.8855,-74.0153
302984.2006,1063292,106,-0.1353,-0.5955,0.6428,10.5038,-136.1679,-73.6336
302984.2006,1063302,106,-0.1294,-0.6504,0.6353,14.5496,-138.4275,-68.7786
302984.2006,1063312,106,-0.0930,-0.6709,0.6501,17.4962,-145.8015,-60.3206
302984.2006,1063322,106,-0.0261,-0.6370,0.7024,18.5344,-153.9695,-52.5344
302984.2006,1063332,106,0.0222,-0.5608,0.7878,15.9389,-159.5420,-45.8473
302984.2006,1063342,106,0.0725,-0.4958,0.8689,7.6641,-161.7252,-42.5954
302984.2601,1063352,107,0.0525,-0.5298,0.8545,-7.6183,-158.8855,-43.8015
302984.2601,1063362,107,-0.0718,-0.7231,0.7485,-24.0916,-153.2214,-45.9695
302984.2601,1063372,107,-0.1624,-0.9131,0.7192,-26.2901,-154.2290,-43.8321
302984.2601,1063382,107,-0.1650,-1.0034,0.7976,-16.0305,-164.8855,-33.4809
302984.2601,1063392,107,-0.0999,-0.9888,0.9788,-2.7176,-178.3206,-17.3893
302984.2601,1063402,107,-0.0242,-0.8513,1.1956,7.2214,-185.1756,0.6565
302984.2601,1063412,107,0.0203,-0.6628,1.3630,6.3206,-184.5191,14.3053
302984.2601,1063422,107,-0.0120,-0.5938,1.4263,-6.7634,-179.5115,17.3130
302984.2601,1063432,107,-0.0437,-0.6584,1.4229,-22.4580,-168.5344,11.6031
302984.2601,1063442,107,-0.1636,-0.8694,1.3286,-32.6107,-158.9771,8.1069
302984.3793,1063452,108,-0.2046,-1.0334,1.3083,-32.5496,-157.8168,11.2824
302984.3793,1063462,108,-0.1357,-1.0735,1.3960,-25.5115,-163.5115,26.3053
302984.3793,1063472,108,-0.0679,-0.9854,1.5271,-15.3893,-163.8779,49.0992
302984.3793,1063482,108,-0.0803,-0.7871,1.6191,-5.7863,-155.1298,69.8779
302984.3793,1063492,108,-0.1250,-0.6094,1.6333,-2.2748,-145.6183,79.8321
302984.3793,1063502,108,-0.2285,-0.5164,1.5801,-9.3130,-136.7786,81.7863
302984.3793,1063512,108,-0.2544,-0.5137,1.5469,-20.4122,-132.5038,79.1450
302984.3793,1063522,108,-0.2014,-0.5884,1.5527,-30.2748,-134.9618,74.3511
302984.3793,1063532,108,-0.1423,-0.6938,1.5635,-36.9160,-136.1679,71.8321
302984.3793,1063542,108,-0.1082,-0.7568,1.6045,-37.6947,-135.6031,74.8397
302984.5591,1063552,109,-0.0618,-0.7310,1.6680,-35.7710,-135.7863,85.0076
302984.5591,1063562,109,-0.0415,-0.6743,1.7329,-33.8779,-132.5496,95.9237
302984.5591,1063572,109,-0.0400,-0.5825,1.7791,-31.9542,-124.7328,104.5191
302984.5591,1063582,109,-0.0935,-0.5439,1.7388,-35.0229,-103.4046,112.8244
302984.5591,1063592,109,-0.0935,-0.5439,1.7388,-35.0229,-103.4046,112.8244
302984.5591,1063602,109,-0.0938,-0.5935,1.7131,-36.8092,-98.7176,113.7557
302984.5591,1063612,109,-0.0706,-0.6978,1.7378,-38.6870,-96.6565,117.2672
302984.5591,1063622,109,-0.0261,-0.7363,1.7900,-34.9160,-94.0458,128.4580
302984.5591,1063632,109,0.0149,-0.6870,1.8862,-26.7634,-89.6183,144.9008
302984.5591,1063642,109,0.0305,-0.5613,1.9724,-17.4809,-80.9160,161.3740
302984.5609,1063652,110,0.0305,-0.4075,2.0222,-10.2748,-70.6412,173.4656
302984.5609,1063662,110,0.0166,-0.2822,2.0488,-6.7481,-58.8092,178.2748
302984.5609,1063672,110,0.0037,-0.2068,2.0530,-7.8931,-47.1756,176.7786
302984.5609,1063682,110,-0.0264,-0.1877,2.0356,-13.2214,-35.8931,173.2977
302984.5609,1063692,110,-0.0386,-0.2107,2.0176,-19.3130,-26.3053,170.2137
302984.5609,1063702,110,-0.0493,-0.2046,2.0347,-21.7710,-18.0000,169.8779
302984.5609,1063712,110,-0.0542,-0.1404,2.0747,-20.5191,-11.5420,172.4733
302984.5609,1063722,110,-0.0325,-0.0527,2.1187,-18.2595,-4.7481,173.7863
302984.5609,1063732,110,-0.0286,0.0520,2.1445,-18.4580,5.0229,170.5496
302984.5609,1063742,110,-0.0432,0.1401,2.1509,-24.6565,15.6947,163.2061
302984.6800,1063752,111,-0.0164,0.1589,2.1562,-34.1832,27.3130,153.4656
302984.6800,1063762,111,-0.0020,0.1372,2.1523,-39.9084,43.0076,140.8550
302984.6800,1063772,111,0.0093,0.0906,2.1204,-45.4504,58.3817,129.5420
302984.6800,1063782,111,0.0276,0.0181,2.0522,-52.8244,70.1221,123.6641
302984.6800,1063792,111,0.0342,-0.0369,1.9905,-55.2061,78.7634,121.4046
302984.6800,1063802,111,0.0554,-0.0447,1.9604,-50.0305,84.5038,122.1985
302984.6800,1063812,111,0.0938,-0.0056,1.9509,-39.3282,91.2519,124.2443
302984.6800,1063822,111,0.0706,0.0522,1.8979,-27.9389,103.1450,124.7023
302984.6800,1063832,111,0.0349,0.1125,1.8135,-20.8855,113.3282,124.4733
302984.6800,1063842,111,0.0410,0.1626,1.7568,-16.5954,118.1832,123.2366
302984.7988,1063852,112,0.0376,0.1946,1.7190,-12.4580,121.5878,119.9542
302984.7988,1063862,112,0.0339,0.2429,1.6814,-6.7939,124.0763,117.1450
302984.7988,1063872,112,0.0706,0.3225,1.6792,0.2137,123.0840,113.3282
302984.7988,1063882,112,0.0981,0.4089,1.7014,5.5267,123.1756,107.6489
302984.7988,1063892,112,0.1313,0.4761,1.6902,10.3817,126.7634,101.7710
302984.7988,1063902,112,0.1348,0.5095,1.6465,14.8855,133.3740,91.5573
302984.7988,1063912,112,0.1353,0.4814,1.5793,16.6870,140.7176,79.4656
302984.7988,1063922,112,0.1411,0.4482,1.5083,16.2901,149.1603,70.7786
302984.7988,1063932,112,0.1497,0.3914,1.4268,14.5344,156.2290,65.3435
302984.7988,1063942,112,0.1191,0.3635,1.3530,15.4656,163.1450,62.9160
302984.8602,1063952,113,0.0974,0.3616,1.2688,22.1985,164.5191,61.9695
302984.8602,1063962,113,0.0857,0.3755,1.2109,32.5344,162.3511,58.3053
302984.8602,1063972,113,0.0850,0.3840,1.1692,40.9924,159.9237,53.9847
302984.8602,1063982,113,0.0649,0.3977,1.1228,47.3588,156.0458,50.2748
302984.8602,1063992,113,0.0659,0.4294,1.1008,52.7328,152.5649,46.8092
302984.8602,1064002,113,0.0723,0.4590,1.0691,57.8779,150.2443,42.5954
302984.8602,1064012,113,0.0479,0.4824,1.0330,63.4504,150.3817,35.9084
302984.8602,1064022,113,0.0496,0.4675,0.9900,67.4198,150.1374,26.7481
302984.8602,1064032,113,0.0203,0.4360,0.9287,70.9008,151.1603,17.0992
302984.8602,1064042,113,0.0022,0.4272,0.8687,74.4885,151.4046,10.4275
302984.9818,1064052,114,-0.0110,0.4094,0.8093,76.9160,147.9084,4.7176
302984.9818,1064062,114,-0.0342,0.4097,0.7559,80.6565,145.7099,-1.8321
302984.9818,1064072,114,-0.0259,0.4155,0.7153,83.9695,140.7481,-7.2977
302984.9818,1064082,114,-0.0242,0.4026,0.6902,85.8015,136.9160,-13.9542
302984.9818,1064092,114,-0.0620,0.3848,0.6421,86.1069,136.9924,-19.9084
302984.9818,1064102,114,-0.0635,0.3467,0.5801,86.0153,133.9847,-25.1145
302984.9818,1064112,114,-0.0847,0.3057,0.5190,89.3282,130.8855,-29.8168
302984.9818,1064122,114,-0.1221,0.2742,0.4546,94.2901,128.7634,-32.8244
302984.9818,1064132,114,-0.1987,0.2656,0.3899,99.6794,125.5878,-33.6336
302984.9818,1064142,114,-0.2559,0.2642,0.3486,105.1908,117.9542,-34.9771
302985.1014,1064152,115,-0.2615,0.2612,0.3237,110.3969,105.9847,-38.1832
302985.1014,1064162,115,-0.2615,0.2498,0.3240,114.9008,94.1679,-41.9237
302985.1014,1064172,115,-0.2314,0.2393,0.3335,120.8702,83.3130,-45.7863
302985.1014,1064182,115,-0.2493,0.2664,0.3496,128.5038,76.5191,-49.5115
302985.1014,1064192,115,-0.2554,0.2871,0.3491,131.5115,70.7023,-53.4351
302985.1014,1064202,115,-0.2549,0.2991,0.3513,131.9542,66.0458,-58.8092
302985.1014,1064212,115,-0.2529,0.2947,0.3413,130.3206,61.9847,-65.9847
302985.1014,1064222,115,-0.2502,0.2749,0.3289,125.3893,58.0305,-73.6794
302985.1014,1064232,115,-0.2346,0.2251,0.3110,117.1603,53.7252,-80.6718
302985.1014,1064242,115,-0.2305,0.1631,0.2925,109.4962,50.5496,-86.3511
302985.1601,1064252,116,-0.2217,0.1113,0.2610,104.7634,46.1985,-90.4733
302985.1601,1064262,116,-0.1963,0.0813,0.2522,103.3893,41.7252,-93.0992
302985.1601,1064272,116,-0.1973,0.0686,0.2415,102.6870,38.5649,-95.6183
302985.1601,1064282,116,-0.2178,0.0500,0.2039,99.9084,35.5878,-97.7252
302985.1601,1064292,116,-0.2058,0.0178,0.1724,96.0000,30.1374,-99.6947
302985.1601,1064302,116,-0.1936,-0.0261,0.1328,93.7099,25.8321,-101.9237
302985.1601,1064312,116,-0.2090,-0.0479,0.0781,92.8092,23.7863,-102.8244
302985.1601,1064322,116,-0.2195,-0.0652,0.0212,89.6794,19.1450,-102.3053
302985.1601,1064332,116,-0.2368,-0.0837,-0.0293,85.2672,12.5649,-101.4504
302985.1601,1064342,116,-0.2271,-0.0720,-0.0503,81.6641,4.6260,-100.6870
302985.2798,1064352,117,-0.2185,-0.0432,-0.0527,75.7099,-5.1603,-100.3359
302985.2798,1064362,117,-0.1897,-0.0566,-0.0403,66.7023,-16.8397,-102.3664
302985.2798,1064372,117,-0.1404,-0.1418,-0.0005,58.8397,-27.1908,-105.9695
302985.2798,1064382,117,-0.0925,-0.2554,0.0474,56.5649,-35.0992,-107.9084
302985.2798,1064392,117,-0.1096,-0.3552,0.0808,61.5725,-37.8321,-107.9389
302985.2798,1064402,117,-0.0554,-0.3975,0.1057,71.5878,-41.7099,-104.6412
302985.2798,1064412,117,-0.1616,-0.4011,0.0671,79.9237,-37.2061,-98.9313
302985.2798,1064422,117,-0.2332,-0.4001,0.0149,82.6107,-36.4427,-94.6260
302985.2798,1064432,117,-0.2927,-0.4370,-0.0217,79.8626,-47.4962,-89.7557
302985.2798,1064442,117,-0.1809,-0.5181,0.0088,75.6489,-61.9084,-86.4427
302985.4000,1064452,118,-0.1707,-0.5432,0.0354,78.1374,-70.0763,-83.0992
302985.4000,1064462,118,-0.1458,-0.5276,0.1138,82.4275,-81.2824,-76.8855
302985.4000,1064472,118,-0.0686,-0.5139,0.2380,81.8473,-93.1298,-73.3435
302985.4000,1064482,118,0.0554,-0.4807,0.3911,78.9924,-105.8779,-72.4275
302985.4000,1064492,118,0.1248,-0.4983,0.5188,66.9924,-113.9695,-69.3740
302985.4000,1064502,118,0.1045,-0.6323,0.5332,48.8397,-117.6641,-64.5496
302985.4000,1064512,118,-0.0500,-0.7708,0.3955,36.9924,-111.6183,-53.3282
302985.4000,1064522,118,-0.1812,-0.7664,0.2583,40.9771,-106.9924,-41.1298
302985.4000,1064532,118,-0.3018,-0.6689,0.1812,51.0992,-114.3511,-32.5344
302985.4000,1064542,118,-0.3359,-0.5144,0.2151,59.3130,-126.7634,-33.9695
302985.4602,1064552,119,-0.2720,-0.4092,0.3518,56.0458,-140.0611,-42.9771
302985.4602,1064562,119,-0.1821,-0.4221,0.5063,41.8321,-149.2061,-54.9466
302985.4602,1064572,119,-0.0757,-0.5320,0.6189,19.6031,-154.9313,-66.5649
302985.4602,1064582,119,0.0037,-0.7249,0.6711,-1.3282,-160.9313,-73.2672
302985.4602,1064592,119,-0.0520,-0.9604,0.6428,-12.0153,-161.1603,-72.6107
302985.4602,1064602,119,-0.0532,-1.1030,0.6631,-7.1145,-162.4885,-66.5802
302985.4602,1064612,119,-0.0403,-1.1836,0.6946,2.5496,-168.8702,-53.9695
302985.4602,1064622,119,-0.0039,-1.1904,0.7471,11.0840,-173.4351,-38.8550
302985.4602,1064632,119,0.0178,-1.1423,0.8210,14.4733,-175.8626,-22.0153
302985.4602,1064642,119,-0.0066,-1.1084,0.8491,13.9695,-177.9542,-6.6565
302985.5801,1064652,120,-0.0518,-1.0952,0.8962,14.2595,-181.2672,2.6565
302985.5801,1064662,120,-0.1062,-1.1250,0.9453,13.9847,-185.7405,9.5267
302985.5801,1064672,120,-0.0952,-1.1550,1.0371,13.7863,-191.2366,16.5649
302985.5801,1064682,120,-0.0195,-1.1362,1.1567,13.1450,-200.4885,27.2214
302985.5801,1064692,120,0.0562,-1.1135,1.2876,8.9771,-206.6718,39.2519
302985.5801,1064702,120,0.0994,-1.1226,1.3792,1.8168,-208.0916,52.0153
302985.5801,1064712,120,0.1035,-1.1187,1.4473,-2.1374,-203.8321,64.9160
302985.5801,1064722,120,0.0063,-1.1584,1.4719,-1.0382,-197.6336,78.1985
302985.5801,1064732,120,-0.0745,-1.1228,1.5464,8.7023,-192.3359,93.6336
302985.5801,1064742,120,-0.0715,-1.0107,1.6853,18.5954,-193.8779,109.0076
302985.7004,1064752,121,-0.0483,-0.8853,1.8359,19.8168,-194.3511,122.4275
302985.7004,1064762,121,0.0049,-0.7385,1.9634,15.8779,-185.8015,130.7939
302985.7004,1064772,121,0.0432,-0.6074,2.0339,5.6947,-174.3664,133.5420
302985.7004,1064782,121,-0.1399,-0.5686,2.0435,-10.9618,-160.0000,134.1069
302985.7004,1064792,121,-0.0422,-0.5771,2.0525,-26.9466,-152.3969,131.4809
302985.7004,1064802,121,-0.0627,-0.5383,2.0894,-35.7710,-142.2595,134.8244
302985.7004,1064812,121,-0.1301,-0.4912,2.0942,-39.3282,-125.2977,136.4580
302985.7004,1064822,121,-0.1648,-0.4639,2.0737,-42.0916,-107.1603,131.4504
302985.7004,1064832,121,-0.1938,-0.4968,2.0127,-48.7481,-93.7557,128.4275
302985.7004,1064842,121,-0.1992,-0.5305,2.0159,-54.1221,-87.1908,128.2901
302985.8785,1064852,122,-0.1421,-0.5300,2.0352,-53.3130,-81.7863,130.5038
302985.8785,1064862,122,-0.1399,-0.5378,2.0388,-50.7786,-70.9160,132.5344
302985.8785,1064872,122,-0.1467,-0.5203,2.0376,-48.5802,-59.5267,136.7328
302985.8785,1064882,122,-0.1277,-0.4658,2.0557,-45.1756,-52.6870,142.5954
302985.8785,1064892,122,-0.0542,-0.4141,2.0835,-41.0534,-46.8092,145.8473
302985.8785,1064902,122,-0.0471,-0.3784,2.1086,-38.8244,-36.0153,147.1145
302985.8785,1064912,122,-0.0408,-0.3567,2.1086,-39.1145,-24.4122,149.0840
302985.8785,1064922,122,-0.0400,-0.3086,2.1091,-38.2748,-12.1527,150.9466
302985.8785,1064932,122,-0.0229,-0.2625,2.1016,-38.1679,-0.9618,151.0534
302985.8785,1064942,122,-0.0298,-0.2148,2.0669,-39.3740,10.4275,150.7176
302985.8811,1064952,123,-0.0249,-0.1604,2.0337,-39.8931,20.5954,150.3053
302985.8811,1064962,123,0.0020,-0.1172,2.0066,-39.6641,30.2290,148.0153
302985.8811,1064972,123,-0.0181,-0.0872,1.9521,-41.1603,41.6183,144.9771
302985.8811,1064982,123,-0.0410,-0.0718,1.8813,-44.1374,51.8473,141.9847
302985.8811,1064992,123,-0.0315,-0.0874,1.8347,-46.0611,58.1679,137.6183
302985.8811,1065002,123,-0.0088,-0.1021,1.8044,-47.1298,64.0305,134.0305
302985.8811,1065012,123,-0.0132,-0.1179,1.7773,-49.3740,69.8931,134.0305
302985.8811,1065022,123,0.0266,-0.1084,1.7861,-50.6260,72.4427,137.6947
302985.8811,1065032,123,0.0518,-0.0669,1.8098,-50.1374,76.8244,143.6336
302985.8811,1065042,123,0.0369,-0.0312,1.7854,-51.0687,85.2366,148.7328
302985.9993,1065052,124,0.0347,0.0374,1.7583,-47.6489,91.9084,146.6870
302985.9993,1065062,124,0.0093,0.0811,1.7202,-41.2214,97.6947,136.2595
302985.9993,1065072,124,-0.0193,0.0442,1.6389,-38.1832,104.9466,124.0458
302985.9993,1065082,124,-0.0820,0.0095,1.5625,-31.7405,111.2824,115.4504
302985.9993,1065092,124,-0.1099,0.0022,1.5139,-23.3130,110.0458,114.0916
302985.9993,1065102,124,-0.0920,0.0264,1.5037,-12.2443,106.5496,116.3053
302985.9993,1065112,124,-0.0852,0.1013,1.4949,2.7786,106.5649,116.6718
302985.9993,1065122,124,-0.0911,0.1912,1.4851,13.5878,108.3511,113.3282
302985.9993,1065132,124,-0.0767,0.2437,1.4792,16.2290,111.6031,108.6260
302985.9993,1065142,124,-0.0564,0.2722,1.4551,15.8321,116.9160,102.8244
302986.0601,1065152,125,-0.0544,0.3052,1.4236,15.4504,121.6641,95.6794
302986.0601,1065162,125,-0.0515,0.3203,1.3850,16.3053,124.3053,85.7557
302986.0601,1065172,125,-0.0627,0.3262,1.3450,20.4580,127.8168,72.7176
302986.0601,1065182,125,-0.0781,0.3193,1.2957,23.8168,131.4656,61.4351
302986.0601,1065192,125,-0.0881,0.3020,1.2297,26.1374,133.6641,53.4656
302986.0601,1065202,125,-0.0815,0.2773,1.1763,31.0687,134.3359,46.3206
302986.0601,1065212,125,-0.0662,0.2605,1.1248,36.8550,131.5115,39.5878
302986.0601,1065222,125,-0.0396,0.2412,1.0835,41.0382,125.8779,35.1298
302986.0601,1065232,125,-0.0034,0.2363,1.0679,45.4046,122.4580,32.0000
302986.0601,1065242,125,0.0198,0.2332,1.0430,47.6336,123.7099,30.7786
302986.1793,1065252,126,-0.0071,0.2266,0.9683,45.0076,131.3893,32.3969
302986.1793,1065262,126,-0.0859,0.2021,0.8450,42.2290,140.3359,35.4656
302986.1793,1065272,126,-0.1558,0.1833,0.7222,45.4962,141.2977,37.7405
302986.1793,1065282,126,-0.1936,0.1716,0.6609,54.0000,134.5649,37.7863
302986.1793,1065292,126,-0.1882,0.1692,0.6406,65.6183,124.9160,36.1679
302986.1793,1065302,126,-0.1763,0.2151,0.6418,81.4198,118.3664,32.1527
302986.1793,1065312,126,-0.1904,0.2537,0.6177,94.0458,115.9695,25.7557
302986.1793,1065322,126,-0.2319,0.2703,0.5723,100.9160,115.2214,18.1527
302986.1793,1065332,126,-0.2683,0.2832,0.5278,104.1221,112.0153,11.0229
302986.1793,1065342,126,-0.2820,0.2976,0.5127,105.4198,105.6489,5.0382
302986.3582,1065352,127,-0.2756,0.2822,0.5039,106.1679,99.2672,-0.2290
302986.3582,1065362,127,-0.2869,0.2761,0.4858,109.4046,96.9924,-6.2595
302986.3582,1065372,127,-0.3088,0.2512,0.4424,113.4809,93.2366,-12.5191
302986.3582,1065382,127,-0.3113,0.2278,0.4216,118.5191,87.3130,-18.7176
302986.3582,1065392,127,-0.3064,0.1919,0.4043,125.0382,81.8931,-24.1527
302986.3582,1065402,127,-0.3108,0.1855,0.3984,132.3053,78.0000,-29.0382
302986.3582,1065412,127,-0.3279,0.1675,0.3591,135.6947,74.1985,-32.4427
302986.3582,1065422,127,-0.3420,0.1562,0.3176,136.7328,69.5420,-36.0611
302986.3582,1065432,127,-0.3538,0.1680,0.3018,137.8321,61.9695,-39.2519
302986.3582,1065442,127,-0.3496,0.1672,0.3142,136.3969,52.9924,-42.4733
302986.3602,1065452,128,-0.3301,0.1414,0.3154,134.2901,47.6947,-47.4046
302986.3602,1065462,128,-0.3181,0.1475,0.3267,132.1985,43.8321,-52.2290
302986.3602,1065472,128,-0.2993,0.1487,0.3213,127.1298,38.1679,-57.0534
302986.3602,1065482,128,-0.2939,0.1335,0.3289,120.5344,33.8626,-61.9695
302986.3602,1065492,128,-0.2754,0.1436,0.3350,116.0000,30.2290,-66.1374
302986.3602,1065502,128,-0.2632,0.1401,0.3235,111.4046,27.4046,-72.1832
302986.3602,1065512,128,-0.2224,0.1125,0.3215,104.9160,26.4427,-79.0076
302986.3602,1065522,128,-0.1938,0.0842,0.2944,98.5802,27.4504,-84.8550
302986.3602,1065532,128,-0.2029,0.0796,0.2437,93.6641,28.7939,-89.6794
302986.3602,1065542,128,-0.2190,0.0698,0.1763,87.8626,27.6336,-95.0840
302986.4807,1065552,129,-0.2258,0.0466,0.1118,81.6183,25.8168,-101.5725
302986.4807,1065562,129,-0.2136,0.0042,0.0522,76.0611,21.8626,-107.7863
302986.4807,1065572,129,-0.2317,-0.0759,-0.0271,71.3130,17.9847,-111.7710
302986.4807,1065582,129,-0.2576,-0.1240,-0.0918,71.3130,13.2672,-111.8321
302986.4807,1065592,129,-0.2668,-0.1431,-0.1279,75.2061,3.2366,-109.5878
302986.4807,1065602,129,-0.2734,-0.1521,-0.1396,80.3817,-8.0916,-106.2137
302986.4807,1065612,129,-0.2820,-0.1260,-0.1370,87.0992,-16.5954,-103.0382
302986.4807,1065622,129,-0.3074,-0.0732,-0.1191,91.4504,-26.9313,-102.3664
302986.4807,1065632,129,-0.2742,-0.0652,-0.1003,88.3359,-40.9466,-104.3817
302986.4807,1065642,129,-0.2581,-0.0845,-0.0664,82.1221,-54.3511,-108.0458
302986.6088,1065652,130,-0.2258,-0.0886,-0.0059,73.8321,-68.6107,-111.1908
302986.6088,1065662,130,-0.1741,-0.1289,0.0261,61.2977,-78.5344,-114.1832
302986.6088,1065672,130,-0.2007,-0.1721,0.0193,48.9008,-81.4504,-118.2748
302986.6088,1065682,130,-0.2058,-0.2390,0.0161,34.0763,-89.8931,-121.0840
302986.6088,1065692,130,-0.1868,-0.2920,0.0503,21.5573,-100.0916,-122.1527
302986.6088,1065702,130,-0.1206,-0.3279,0.0959,13.6031,-108.9924,-124.2290
302986.6088,1065712,130,-0.1008,-0.3662,0.1777,8.7328,-115.5878,-125.4809
302986.6088,1065722,130,-0.0403,-0.4543,0.2820,4.8244,-123.0687,-127.9389
302986.6088,1065732,130,-0.0298,-0.5273,0.3572,5.4656,-125.6031,-133.6336
302986.6088,1065742,130,-0.0303,-0.6541,0.3718,6.1679,-125.5573,-139.3740
302986.6604,1065752,131,-0.0413,-0.7568,0.3955,8.9313,-124.9924,-141.6336
302986.6604,1065762,131,-0.0105,-0.8235,0.4338,9.5725,-129.2061,-138.0611
302986.6604,1065772,131,0.0603,-0.8865,0.4722,7.0382,-135.0382,-130.6565
302986.6604,1065782,131,0.1169,-0.9600,0.4968,5.9847,-139.3740,-123.0534
302986.6604,1065792,131,0.0608,-1.0942,0.4810,7.8779,-137.6947,-114.9618
302986.6604,1065802,131,-0.0005,-1.1526,0.4534,17.3130,-134.3664,-104.5496
302986.6604,1065812,131,-0.0239,-1.1553,0.4668,27.2519,-141.1908,-89.1603
302986.6604,1065822,131,0.0149,-1.1267,0.5388,34.3206,-153.5115,-72.7023
302986.6604,1065832,131,0.0918,-1.0569,0.6692,39.4046,-164.8702,-59.3435
302986.6604,1065842,131,0.1123,-1.0056,0.7576,39.6031,-172.5038,-49.4809
302986.7820,1065852,132,0.1270,-0.9675,0.8503,37.3435,-175.4351,-44.3817
302986.7820,1065862,132,0.1418,-0.9866,0.9067,30.7176,-176.3053,-40.5344
302986.7820,1065872,132,0.0317,-1.0859,0.8479,23.2977,-170.1374,-35.5573
302986.7820,1065882,132,-0.0081,-1.1609,0.8093,21.9389,-167.3588,-28.5344
302986.7820,1065892,132,0.0073,-1.1860,0.8323,25.0992,-175.2061,-17.1908
302986.7820,1065902,132,0.1235,-1.1409,0.9277,30.2901,-183.6183,-7.5725
302986.7820,1065912,132,0.1829,-0.9216,1.1323,30.8550,-187.1603,8.7939
302986.7820,1065922,132,0.1736,-0.8091,1.2180,24.9313,-184.5649,9.0992
302986.7820,1065932,132,0.0837,-0.7717,1.2483,14.6107,-181.4198,8.3206
302986.7820,1065942,132,-0.0322,-0.8269,1.2263,4.4122,-175.2214,5.7405
302986.9006,1065952,133,-0.0747,-0.9248,1.2302,-3.3130,-172.5038,3.4962
302986.9006,1065962,133,-0.0806,-1.0173,1.2722,-8.3206,-174.5496,8.0458
302986.9006,1065972,133,-0.0002,-1.0662,1.3428,-9.1145,-175.6031,17.8015
302986.9006,1065982,133,0.0764,-1.0872,1.4592,-8.6718,-176.9618,26.7634
302986.9006,1065992,133,0.1479,-1.0625,1.5647,-9.9389,-174.7786,38.5954
302986.9006,1066002,133,0.1392,-1.0085,1.6409,-12.2290,-168.0153,48.5344
302986.9006,1066012,133,0.0776,-0.9812,1.6479,-16.7786,-161.3740,56.2290
302986.9006,1066022,133,0.0579,-0.9927,1.6304,-23.0840,-154.6412,60.6412
302986.9006,1066032,133,0.0259,-1.0100,1.6121,-27.6183,-147.7252,64.9313
302986.9006,1066042,133,0.0129,-1.0688,1.5566,-29.8015,-143.4504,70.7023
302986.9602,1066052,134,0.0374,-1.1335,1.5264,-27.5878,-141.5115,75.8779
302986.9602,1066062,134,0.0645,-1.1694,1.5156,-23.6183,-141.0382,85.8015
302986.9602,1066072,134,0.1216,-1.1658,1.5771,-17.6794,-139.6794,99.0534
302986.9602,1066082,134,0.1616,-1.0984,1.6580,-10.1527,-136.7481,113.2824
302986.9602,1066092,134,0.2026,-0.9919,1.7419,-3.9847,-130.9924,125.8168
302986.9602,1066102,134,0.2092,-0.8857,1.8066,-2.1832,-122.2290,135.7710
302986.9602,1066112,134,0.1965,-0.8047,1.8330,-3.3893,-110.7023,142.3206
302986.9602,1066122,134,0.1487,-0.7622,1.8335,-5.8626,-97.9542,143.4351
302986.9602,1066132,134,0.1091,-0.7871,1.8044,-9.8473,-87.5573,145.0076
302986.9602,1066142,134,0.1201,-0.8506,1.7966,-11.2061,-80.4427,146.8092
302987.0791,1066152,135,0.1409,-0.8638,1.8474,-9.3282,-75.1450,152.6870
302987.0791,1066162,135,0.1926,-0.8010,1.8997,-5.5115,-69.8168,164.3817
302987.0791,1066172,135,0.2336,-0.6978,1.9739,-0.1527,-59.4046,173.6031
302987.0791,1066182,135,0.2458,-0.5503,2.0193,2.6412,-45.8779,181.5420
302987.0791,1066192,135,0.2112,-0.4031,1.9858,3.0076,-28.6107,184.5038
302987.0791,1066202,135,0.1389,-0.3198,1.8958,-0.7176,-10.8702,178.2901
302987.0791,1066212,135,0.0852,-0.3389,1.8027,-10.4122,1.4351,169.1756
302987.0791,1066222,135,0.0632,-0.4219,1.7085,-20.1069,8.8855,162.7481
302987.0791,1066232,135,0.0876,-0.4915,1.6985,-23.8168,11.2366,159.9847
302987.0791,1066242,135,0.1411,-0.4966,1.7437,-21.2519,11.7405,162.0763
302987.2008,1066252,136,0.1995,-0.4551,1.7871,-15.9084,16.6718,165.4809
302987.2008,1066262,136,0.2205,-0.3958,1.8083,-10.4122,27.2519,167.5878
302987.2008,1066272,136,0.1987,-0.2930,1.8062,-3.3740,40.2137,168.6412
302987.2008,1066282,136,0.1609,-0.1853,1.7834,2.1527,52.5954,165.8779
302987.2008,1066292,136,0.1230,-0.1072,1.7524,1.4351,62.7634,159.5725
302987.2008,1066302,136,0.0886,-0.0693,1.7151,-3.9237,70.6870,152.4275
302987.2008,1066312,136,0.0474,-0.0679,1.6765,-10.1069,76.9008,144.2595
302987.2008,1066322,136,0.0198,-0.1152,1.6477,-16.2443,81.9847,134.4122
302987.2008,1066332,136,0.0276,-0.1108,1.6533,-18.9466,83.3740,130.9008
302987.2008,1066342,136,0.1003,-0.1409,1.6807,-16.9160,82.3817,128.4733
302987.2604,1066352,137,0.1428,-0.1313,1.6860,-8.3969,90.1985,121.8321
302987.2604,1066362,137,0.1196,-0.0925,1.6409,-2.5496,102.7481,118.2748
302987.2604,1066372,137,0.0898,-0.0476,1.5615,-1.0382,113.8931,116.3664
302987.2604,1066382,137,0.0593,-0.0129,1.4915,-0.4275,122.1527,112.3664
302987.2604,1066392,137,0.0310,-0.0010,1.4272,-0.5954,125.8015,105.8168
302987.2604,1066402,137,0.0098,-0.0117,1.3623,-0.4733,126.8855,98.7328
302987.2604,1066412,137,0.0015,-0.0295,1.3074,0.6107,128.6718,93.4351
302987.2604,1066422,137,-0.0193,-0.0413,1.2554,4.0305,128.9618,90.2443
302987.2604,1066432,137,-0.0247,-0.0508,1.2148,9.9237,128.5649,87.5725
302987.2604,1066442,137,-0.0125,-0.0361,1.1880,17.8015,128.5802,85.9695
302987.3803,1066452,138,-0.0137,0.0061,1.1746,25.4962,126.9160,84.9618
302987.3803,1066462,138,0.0002,0.0581,1.1763,30.7023,125.1450,83.8015
302987.3803,1066472,138,-0.0063,0.1025,1.1553,33.8168,125.2977,80.9924
302987.3803,1066482,138,-0.0095,0.1184,1.1172,37.0229,127.0229,75.4504
302987.3803,1066492,138,-0.0532,0.1145,1.0420,39.4198,130.7939,68.2595
302987.3803,1066502,138,-0.1135,0.0779,0.9385,38.3664,132.8550,62.2137
302987.3803,1066512,138,-0.1509,0.0437,0.8716,37.9847,130.6870,57.5573
302987.3803,1066522,138,-0.1714,0.0208,0.8411,40.7328,125.6183,53.6794
302987.3803,1066532,138,-0.1804,0.0005,0.8296,45.1145,121.7557,50.9313
302987.3803,1066542,138,-0.1741,0.0034,0.8142,51.8626,119.9084,49.4809
302987.5006,1066552,139,-0.1895,0.0208,0.7891,60.1069,117.9542,46.5038
302987.5006,1066562,139,-0.1887,0.0508,0.7698,65.3588,114.0153,42.8550
302987.5006,1066572,139,-0.1934,0.0696,0.7393,68.7176,110.6107,38.3053
302987.5006,1066582,139,-0.2151,0.0474,0.6843,70.9618,110.0916,32.8244
302987.5006,1066592,139,-0.2427,0.0447,0.6423,74.8092,109.3588,28.2137
302987.5006,1066602,139,-0.2395,0.0806,0.6194,78.8550,103.9389,25.2977
302987.5006,1066612,139,-0.2588,0.1213,0.5918,80.1069,98.0763,20.0763
302987.5006,1066622,139,-0.2766,0.0989,0.5479,77.0687,96.0611,12.4122
302987.5006,1066632,139,-0.2944,0.0503,0.5044,73.4504,95.9084,5.6489
302987.5006,1066642,139,-0.3254,0.0149,0.4561,71.8626,94.0763,2.2901
302987.5601,1066652,140,-0.3374,0.0183,0.4280,72.6107,88.0153,0.9466
302987.5601,1066662,140,-0.3459,0.0317,0.4143,73.8321,81.3130,-1.3435
302987.5601,1066672,140,-0.3730,0.0271,0.3789,73.6183,78.7481,-5.0076
302987.5601,1066682,140,-0.4116,0.0242,0.3362,73.0229,76.0305,-8.5344
302987.5601,1066692,140,-0.4358,0.0295,0.3042,72.5038,69.6031,-11.1756
302987.5601,1066702,140,-0.4426,0.0325,0.2932,73.0534,61.4198,-14.8550
302987.5601,1066712,140,-0.4387,0.0464,0.3228,74.3511,54.1374,-19.6336
302987.5601,1066722,140,-0.4204,0.0549,0.3364,73.2519,47.9084,-24.7481
302987.5601,1066732,140,-0.4360,0.0178,0.3103,68.7786,44.9466,-30.8244
302987.5601,1066742,140,-0.4692,-0.0452,0.2715,63.8321,43.5573,-36.2137
302987.6809,1066752,141,-0.4746,-0.0928,0.2522,61.0534,38.5954,-38.5802
302987.6809,1066762,141,-0.4543,-0.1167,0.2673,60.6412,32.2901,-38.4122
302987.6809,1066772,141,-0.4309,-0.1172,0.2944,61.1908,27.6183,-38.3053
302987.6809,1066782,141,-0.4380,-0.1162,0.2949,59.5725,25.3893,-38.1832
302987.6809,1066792,141,-0.4988,-0.1541,0.2542,56.0916,25.1450,-38.1069
302987.6809,1066802,141,-0.5276,-0.1863,0.2219,53.9847,22.3053,-37.8779
302987.6809,1066812,141,-0.5247,-0.2542,0.2107,52.1069,16.7328,-36.9771
302987.6809,1066822,141,-0.5681,-0.2434,0.2153,57.1603,14.3511,-32.8397
302987.6809,1066832,141,-0.5618,-0.1841,0.2363,62.6107,7.3588,-28.0916
302987.6809,1066842,141,-0.6145,-0.1250,0.2629,63.7405,3.5420,-26.6870
302987.7995,1066852,142,-0.5896,-0.1130,0.2856,61.7099,-0.1985,-28.2901
302987.7995,1066862,142,-0.6418,-0.1021,0.2961,58.5649,-0.2748,-30.1832
302987.7995,1066872,142,-0.6697,-0.1189,0.3228,53.9084,-4.0763,-32.4580
302987.7995,1066882,142,-0.6438,-0.1252,0.3823,50.1679,-9.2824,-34.5649
302987.7995,1066892,142,-0.6316,-0.1199,0.4329,46.7481,-11.5420,-36.3664
302987.7995,1066902,142,-0.6340,-0.1292,0.4639,41.2214,-12.4427,-38.6107
302987.7995,1066912,142,-0.6279,-0.1670,0.4741,35.4809,-12.7634,-40.5802
302987.7995,1066922,142,-0.6311,-0.2393,0.4902,31.4809,-12.7786,-42.0000
302987.7995,1066932,142,-0.6174,-0.2922,0.4883,30.7939,-13.4809,-40.9008
302987.7995,1066942,142,-0.6187,-0.3250,0.4905,32.2137,-13.8931,-36.8092
302987.8602,1066952,143,-0.6138,-0.3311,0.5298,35.4656,-13.6794,-32.5954
302987.8602,1066962,143,-0.6028,-0.2959,0.5720,38.6107,-13.0534,-28.2443
302987.8602,1066972,143,-0.6406,-0.2673,0.5503,39.8168,-10.2290,-24.3511
302987.8602,1066982,143,-0.7153,-0.2578,0.4854,39.1145,-4.3817,-22.4275
302987.8602,1066992,143,-0.8196,-0.2285,0.4265,37.8321,-1.1450,-20.0458
302987.8602,1067002,143,-0.8235,-0.1821,0.4207,36.0458,-5.4656,-19.2214
302987.8602,1067012,143,-0.8665,-0.1831,0.4397,34.1985,-10.2595,-19.7099
302987.8602,1067022,143,-0.8535,-0.1555,0.4900,34.1069,-14.3359,-24.5496
302987.8602,1067032,143,-0.8779,-0.1692,0.5288,29.4504,-18.3817,-30.0000
302987.8602,1067042,143,-0.8523,-0.2327,0.5447,21.9237,-23.2977,-35.9847
302987.9804,1067052,144,-0.8542,-0.3264,0.5503,13.6336,-25.1298,-36.9771
302987.9804,1067062,144,-0.8298,-0.3730,0.6021,10.1069,-27.4656,-35.3740
302987.9804,1067072,144,-0.7605,-0.4124,0.6665,11.2519,-27.6031,-33.1298
302987.9804,1067082,144,-0.7751,-0.4377,0.6917,12.3053,-22.3053,-28.9160
302987.9804,1067092,144,-0.8079,-0.4302,0.6936,12.5802,-17.4198,-23.0229
302987.9804,1067102,144,-0.8086,-0.4258,0.6912,13.4198,-15.4351,-18.1679
302987.9804,1067112,144,-0.8245,-0.4004,0.6777,15.5115,-13.4198,-14.9618
302987.9804,1067122,144,-0.8210,-0.3672,0.6748,15.6031,-12.9008,-12.6870
302987.9804,1067132,144,-0.8342,-0.3523,0.6597,12.5496,-11.9847,-9.4962
302987.9804,1067142,144,-0.8438,-0.3362,0.6582,9.9237,-12.3053,-6.5344
302988.1589,1067152,145,-0.8191,-0.3159,0.6887,9.2519,-13.3588,-4.9924
302988.1589,1067162,145,-0.8125,-0.2920,0.7126,8.8244,-12.0305,-4.1985
302988.1589,1067172,145,-0.7976,-0.2666,0.7375,7.0687,-9.3740,-3.3588
302988.1589,1067182,145,-0.7859,-0.2400,0.7510,4.4122,-5.0229,-2.0305
302988.1589,1067192,145,-0.8042,-0.2134,0.7390,1.0687,-0.1221,-0.9160
302988.1589,1067202,145,-0.8242,-0.2183,0.6992,-2.1679,1.8626,-0.7481
302988.1589,1067212,145,-0.8301,-0.2151,0.6782,-2.0916,1.0382,-0.8397
302988.1589,1067222,145,-0.8254,-0.1897,0.6697,-0.3969,-0.5954,-0.9008
302988.1589,1067232,145,-0.8142,-0.1924,0.6487,-0.6412,-1.1756,-1.0534
302988.1589,1067242,145,-0.7988,-0.1990,0.6345,0.0763,-0.8244,-0.9618
302988.1612,1067252,146,-0.7964,-0.1846,0.6301,3.0382,-0.1679,-0.6107
302988.1612,1067262,146,-0.8103,-0.1680,0.6064,3.2366,0.4580,0.7176
302988.1612,1067272,146,-0.8167,-0.1462,0.5923,1.6183,-0.1374,2.2443
302988.1612,1067282,146,-0.8052,-0.1257,0.5925,1.1603,-1.6641,2.9160
302988.1612,1067292,146,-0.8030,-0.1074,0.5955,1.2519,-3.5725,2.4733
302988.1612,1067302,146,-0.7944,-0.1072,0.5996,0.1374,-4.4733,1.4351
302988.1612,1067312,146,-0.7864,-0.1250,0.5959,-1.2519,-4.6260,0.3969
302988.1612,1067322,146,-0.7803,-0.1409,0.6055,-1.3435,-5.3588,0.1679
302988.1612,1067332,146,-0.7634,-0.1433,0.6262,-0.4122,-7.2214,0.5344
302988.1612,1067342,146,-0.7388,-0.1338,0.6602,1.0534,-7.0992,0.8855
302988.2800,1067352,147,-0.7383,-0.1238,0.6682,1.9847,-4.9008,0.8092
302988.2800,1067362,147,-0.7346,-0.1226,0.6589,0.8702,-3.3130,0.5038
302988.2800,1067372,147,-0.7458,-0.1311,0.6438,-0.8702,-2.1221,0.3664
302988.2800,1067382,147,-0.7356,-0.1372,0.6443,-1.7405,-1.8473,0.4733
302988.2800,1067392,147,-0.7290,-0.1431,0.6299,-2.2290,-0.6260,0.5954
302988.2800,1067402,147,-0.7361,-0.1440,0.6118,-2.8855,0.3969,1.1450
302988.2800,1067412,147,-0.7463,-0.1416,0.5969,-2.9466,0.0305,2.4122
302988.2800,1067422,147,-0.7419,-0.1250,0.5972,-1.3282,-0.7481,3.4046
302988.2800,1067432,147,-0.7380,-0.1067,0.6050,0.6565,-0.7328,3.4962
302988.2800,1067442,147,-0.7510,-0.0935,0.5962,1.2672,-0.0763,2.9466
302988.4002,1067452,148,-0.7725,-0.0898,0.5811,0.4580,-1.1908,1.8626
302988.4002,1067462,148,-0.7671,-0.0930,0.5845,-0.5191,-4.6412,0.5954
302988.4002,1067472,148,-0.7517,-0.0859,0.6057,-0.8550,-7.7405,-0.1069
302988.4002,1067482,148,-0.7285,-0.0825,0.6279,-1.9084,-9.4351,-0.5802
302988.4002,1067492,148,-0.7124,-0.0850,0.6443,-2.3511,-8.6565,-1.6947
302988.4002,1067502,148,-0.7227,-0.0925,0.6292,-2.8244,-6.8550,-2.7023
302988.4002,1067512,148,-0.7378,-0.1204,0.6016,-4.1069,-5.6794,-3.0687
302988.4002,1067522,148,-0.7446,-0.1431,0.5823,-3.9237,-6.3206,-2.7023
302988.4002,1067532,148,-0.7249,-0.1431,0.5938,-2.4275,-9.5878,-1.8931
302988.4002,1067542,148,-0.7029,-0.1326,0.6228,-1.2824,-12.1069,-0.5038
302988.4601,1067552,149,-0.6726,-0.1050,0.6499,-1.0534,-14.0916,0.1221
302988.4601,1067562,149,-0.6653,-0.0923,0.6580,-3.7252,-15.3435,0.0763
302988.4601,1067572,149,-0.6575,-0.1016,0.6516,-7.6794,-16.7634,-0.0153
302988.4601,1067582,149,-0.6392,-0.1118,0.6506,-8.5344,-16.8702,-0.5038
302988.4601,1067592,149,-0.6353,-0.1069,0.6426,-7.3588,-15.5573,-1.1450
302988.4601,1067602,149,-0.6155,-0.0952,0.6323,-6.4733,-15.8931,-2.6107
302988.4601,1067612,149,-0.5889,-0.0969,0.6133,-6.8397,-17.6794,-4.4275
302988.4601,1067622,149,-0.5459,-0.1062,0.6074,-8.0305,-17.5420,-6.0305
302988.4601,1067632,149,-0.5198,-0.1128,0.5916,-9.7557,-15.6794,-6.1985
302988.4601,1067642,149,-0.4773,-0.1106,0.5686,-12.0611,-17.4198,-5.8473
302988.5801,1067652,150,-0.4370,-0.1062,0.5471,-14.1221,-20.1679,-5.4198
302988.5801,1067662,150,-0.4050,-0.0923,0.5291,-15.1450,-22.6260,-5.6336
302988.5801,1067672,150,-0.3896,-0.0620,0.4958,-16.9008,-25.6031,-6.2290
302988.5801,1067682,150,-0.3914,-0.0366,0.4587,-21.5267,-30.1679,-7.0840
302988.5801,1067692,150,-0.3840,-0.0525,0.4023,-27.3893,-36.0916,-8.1679
302988.5801,1067702,150,-0.3887,-0.0466,0.3523,-28.5649,-39.2061,-9.6947
302988.5801,1067712,150,-0.3892,-0.0186,0.3132,-27.0229,-44.5038,-11.6794
302988.5801,1067722,150,-0.4048,-0.0156,0.2742,-26.4580,-51.6336,-13.7099
302988.5801,1067732,150,-0.4158,-0.0068,0.2454,-25.5573,-59.4351,-16.0305
302988.5801,1067742,150,-0.4263,-0.0010,0.2307,-25.6183,-70.7328,-17.5878
302988.7004,1067752,151,-0.4336,-0.0156,0.2273,-27.0840,-84.5496,-18.9771
302988.7004,1067762,151,-0.4102,-0.0151,0.2419,-27.4198,-99.2824,-20.4885
302988.7004,1067772,151,-0.3716,0.0161,0.2749,-27.2824,-117.0840,-22.2595
302988.7004,1067782,151,-0.2864,0.0466,0.3364,-28.9618,-135.8779,-25.7252
302988.7004,1067792,151,-0.2131,0.0603,0.4028,-32.1221,-147.2672,-30.2595
302988.7004,1067802,151,-0.1658,0.0791,0.4539,-35.1908,-153.2214,-36.4427
302988.7004,1067812,151,-0.0691,0.0173,0.5273,-41.0840,-154.1985,-42.5954
302988.7004,1067822,151,-0.0154,-0.0571,0.5811,-41.9695,-138.1221,-48.9008
302988.7004,1067832,151,-0.0527,-0.1106,0.5901,-39.2214,-119.4504,-54.4580
302988.7004,1067842,151,-0.1094,-0.1628,0.5642,-39.1298,-115.0534,-57.7557
302988.7594,1067852,152,-0.1138,-0.2039,0.5669,-41.1145,-123.0076,-60.4122
302988.7594,1067862,152,-0.0811,-0.2310,0.5994,-45.3282,-137.0840,-62.3206
302988.7594,1067872,152,-0.0540,-0.2703,0.6470,-52.1985,-152.9466,-64.7634
302988.7594,1067882,152,-0.0303,-0.3772,0.6611,-60.5038,-168.5649,-66.8855
302988.7594,1067892,152,0.0107,-0.4478,0.6982,-58.0916,-182.0305,-67.6183
302988.7594,1067902,152,0.0393,-0.4275,0.7307,-46.4275,-192.5191,-64.1069
302988.7594,1067912,152,0.0950,-0.3708,0.7786,-36.2595,-198.4122,-58.1221
302988.7594,1067922,152,0.1858,-0.3103,0.8323,-28.4580,-192.5344,-55.4198
302988.7594,1067932,152,0.1880,-0.2441,0.8435,-22.8550,-175.0229,-57.1145
302988.7594,1067942,152,0.1497,-0.1958,0.8035,-24.1985,-162.0916,-62.7328
302988.8802,1067952,153,0.1001,-0.1804,0.7478,-33.3435,-160.8702,-70.2137
302988.8802,1067962,153,0.0703,-0.2085,0.7246,-47.6641,-169.2061,-78.1985
302988.8802,1067972,153,0.0798,-0.1997,0.7019,-63.8015,-184.4275,-81.8168
302988.8802,1067982,153,0.0366,-0.2227,0.7195,-79.0840,-201.7405,-85.5725
302988.8802,1067992,153,0.0686,-0.2747,0.7268,-91.3282,-225.9847,-93.7099
302988.8802,1068002,153,0.1855,-0.3188,0.7615,-97.8321,-253.9237,-102.7939
302988.8802,1068012,153,0.3994,-0.3594,0.8738,-97.1908,-278.1374,-109.4198
302988.8802,1068022,153,0.6904,-0.4807,1.0146,-90.6718,-277.6489,-111.4809
302988.8802,1068032,153,0.8174,-0.5737,1.1086,-73.0687,-242.3053,-114.1985
302988.8802,1068042,153,0.7285,-0.5898,1.1125,-56.8092,-198.9313,-117.5420
302989.0006,1068052,154,0.6531,-0.6414,1.0605,-56.1527,-172.4733,-120.8855
302989.0006,1068062,154,0.5991,-0.8113,1.0596,-65.6031,-165.4962,-123.6031
302989.0006,1068072,154,0.5815,-0.9634,1.0530,-67.0840,-169.2672,-117.9695
302989.0006,1068082,154,0.6528,-1.0359,1.0920,-54.2290,-174.5344,-108.5344
302989.0006,1068092,154,0.6746,-1.0459,1.1477,-34.5496,-176.6412,-98.4427
302989.0006,1068102,154,0.7151,-0.9778,1.1719,-19.2824,-180.6107,-89.0687
302989.0006,1068112,154,0.7449,-0.9302,1.1624,-17.9847,-188.3969,-77.4198
302989.0006,1068122,154,0.7671,-0.9053,1.0916,-28.2137,-201.6336,-65.3740
302989.0006,1068132,154,0.7717,-0.9209,1.0125,-44.2595,-217.2824,-53.8626
302989.0006,1068142,154,0.8467,-0.9836,0.9668,-56.9160,-233.0992,-44.3511
302989.0600,1068152,155,0.8958,-1.0547,0.9514,-59.0840,-236.0153,-35.5725
302989.0600,1068162,155,0.8655,-1.0999,0.9629,-48.7786,-226.4580,-27.0076
302989.0600,1068172,155,0.8469,-1.0847,0.9595,-28.4580,-212.0153,-15.1756
302989.0600,1068182,155,0.8252,-0.9773,1.0061,0.7939,-197.4504,-6.5954
302989.0600,1068192,155,0.8162,-0.7786,1.1233,29.0840,-187.9084,-2.3206
302989.0600,1068202,155,0.8594,-0.5725,1.2285,44.5954,-178.6260,-1.1145
302989.0600,1068212,155,0.8716,-0.4080,1.2747,44.4427,-164.5344,-5.7557
302989.0600,1068222,155,0.8713,-0.3135,1.2529,30.2595,-149.7710,-17.1603
302989.0600,1068232,155,0.8481,-0.2593,1.1934,8.1985,-135.5420,-28.1069
302989.0600,1068242,155,0.8081,-0.2588,1.0999,-18.6870,-122.2595,-35.1756
302989.1817,1068252,156,0.7998,-0.3538,0.9880,-48.0000,-111.9695,-40.4275
302989.1817,1068262,156,0.7847,-0.4973,0.8911,-71.7252,-99.9084,-45.0382
302989.1817,1068272,156,0.7446,-0.6582,0.8398,-83.3588,-91.1603,-45.0687
302989.1817,1068282,156,0.7891,-0.7581,0.8059,-79.7863,-92.9771,-40.1527
302989.1817,1068292,156,0.8621,-0.7949,0.7920,-66.8550,-96.4275,-35.6336
302989.1817,1068302,156,0.9294,-0.7671,0.7893,-52.5191,-96.8244,-30.3511
302989.1817,1068312,156,0.9470,-0.6741,0.7864,-39.4504,-92.9618,-24.5954
302989.1817,1068322,156,0.8977,-0.5361,0.7776,-33.4809,-86.5954,-20.4275
302989.1817,1068332,156,0.8364,-0.4336,0.7661,-40.7023,-82.0916,-21.5573
302989.1817,1068342,156,0.8555,-0.3787,0.7219,-60.5496,-82.9924,-26.0153
302989.2986,1068352,157,0.8801,-0.3640,0.6655,-88.2290,-85.2519,-28.4733
302989.2986,1068362,157,0.9458,-0.4592,0.5034,-118.5191,-86.6565,-28.9313
302989.2986,1068372,157,0.9404,-0.3638,0.3506,-138.4733,-82.5496,-29.2824
302989.2986,1068382,157,0.5159,-0.4895,0.3657,-157.6794,-49.9389,-32.9771
302989.2986,1068392,157,0.8230,-0.7063,0.2278,-170.3206,-82.6412,-42.0458
302989.2986,1068402,157,0.8154,-0.7268,0.2126,-157.7252,-80.5191,-48.7939
302989.2986,1068412,157,0.8225,-0.5017,0.2761,-140.1832,-80.8244,-43.8015
302989.2986,1068422,157,0.8232,-0.4924,0.2117,-145.3740,-97.4656,-36.1374
302989.2986,1068432,157,0.8464,-0.4636,0.1394,-150.9313,-95.8168,-41.4656
302989.2986,1068442,157,0.8386,-0.4690,0.0972,-157.7710,-86.2443,-55.2519
302989.3597,1068452,158,0.8142,-0.5471,-0.0012,-164.6260,-90.2901,-60.3053
302989.3597,1068462,158,0.8467,-0.5950,-0.0718,-162.5344,-101.0840,-69.3282
302989.3597,1068472,158,0.8523,-0.5942,-0.1042,-153.6947,-113.2214,-76.0305
302989.3597,1068482,158,0.9014,-0.5984,-0.1294,-144.2901,-129.4962,-80.1527
302989.3597,1068492,158,0.9412,-0.6116,-0.1428,-134.9160,-142.3359,-84.1985
302989.3597,1068502,158,0.9980,-0.5999,-0.1497,-123.9847,-151.0840,-87.7557
302989.3597,1068512,158,1.0601,-0.5784,-0.1653,-112.8550,-158.3664,-88.2595
302989.3597,1068522,158,1.0957,-0.5894,-0.1724,-103.1145,-158.7939,-88.1679
302989.3597,1068532,158,1.1331,-0.6143,-0.1833,-92.1679,-154.4427,-90.9618
302989.3597,1068542,158,1.1753,-0.6370,-0.1824,-77.9695,-147.4351,-95.1298
302989.4804,1068552,159,1.2051,-0.6401,-0.1721,-61.2672,-139.6489,-95.1298
302989.4804,1068562,159,1.2058,-0.6384,-0.1650,-42.8244,-130.5802,-92.4580
302989.4804,1068572,159,1.1951,-0.6501,-0.1636,-25.8168,-120.1832,-90.5038
302989.4804,1068582,159,1.1846,-0.6406,-0.1577,-6.5954,-108.4733,-89.6336
302989.4804,1068592,159,1.1816,-0.6096,-0.1372,11.9542,-98.6565,-86.5191
302989.4804,1068602,159,1.1785,-0.5706,-0.1125,25.8321,-89.9695,-80.4885
302989.4804,1068612,159,1.1716,-0.5359,-0.0989,33.7863,-81.4351,-71.4809
302989.4804,1068622,159,1.1646,-0.5098,-0.1013,37.2061,-72.0000,-61.9237
302989.4804,1068632,159,1.1628,-0.4927,-0.0933,37.8931,-61.6336,-53.8321
302989.4804,1068642,159,1.1501,-0.4734,-0.0942,37.4046,-50.4427,-46.0458
302989.5995,1068652,160,1.1348,-0.4448,-0.0947,36.2443,-40.2290,-37.4656
302989.5995,1068662,160,1.1187,-0.4141,-0.0935,33.7252,-31.6794,-28.9160
302989.5995,1068672,160,1.1013,-0.3872,-0.1069,28.9771,-23.8321,-20.5954
302989.5995,1068682,160,1.0852,-0.3718,-0.1208,22.6718,-16.1832,-13.3435
302989.5995,1068692,160,1.0691,-0.3699,-0.1470,16.2595,-8.5649,-7.5115
302989.5995,1068702,160,1.0432,-0.3535,-0.1680,11.9389,-1.7863,-2.8702
302989.5995,1068712,160,1.0120,-0.3105,-0.1653,9.0382,1.8168,0.4122
302989.5995,1068722,160,1.0049,-0.3069,-0.1646,1.9847,0.1221,4.3053
302989.5995,1068732,160,1.0151,-0.3318,-0.1870,-7.2519,-0.9313,8.3817
302989.5995,1068742,160,1.0066,-0.3494,-0.2219,-11.6489,3.0687,11.1908
302989.6603,1068752,161,0.9807,-0.3528,-0.2378,-11.6489,7.8779,13.1603
302989.6603,1068762,161,0.9692,-0.3508,-0.2466,-9.7710,8.5191,14.5802
302989.6603,1068772,161,0.9683,-0.3413,-0.2510,-7.4046,6.0305,14.9466
302989.6603,1068782,161,0.9727,-0.3352,-0.2537,-5.4198,4.4733,14.7939
302989.6603,1068792,161,0.9761,-0.3354,-0.2588,-3.5573,5.5267,14.4580
302989.6603,1068802,161,0.9724,-0.3308,-0.2700,-1.5725,7.4504,14.3359
302989.6603,1068812,161,0.9717,-0.3232,-0.2715,0.1069,8.2137,14.7328
302989.6603,1068822,161,0.9722,-0.3196,-0.2822,1.4809,7.7710,15.4351
302989.6603,1068832,161,0.9697,-0.3147,-0.2847,2.3664,7.4809,16.0305
302989.6603,1068842,161,0.9673,-0.3118,-0.2876,2.5802,7.8168,16.8702
302989.8394,1068852,162,0.9600,-0.3069,-0.2922,2.5191,8.2443,18.1069
302989.8394,1068862,162,0.9600,-0.2991,-0.2915,2.2901,8.3206,19.2977
302989.8394,1068872,162,0.9570,-0.2915,-0.3008,1.7710,8.0000,20.2595
302989.8394,1068882,162,0.9519,-0.2881,-0.3062,0.8702,7.7405,21.0382
302989.8394,1068892,162,0.9517,-0.2847,-0.3062,0.3664,7.0076,21.5725
302989.8394,1068902,162,0.9465,-0.2808,-0.3091,0.2595,6.2443,21.9237
302989.8394,1068912,162,0.9429,-0.2725,-0.3059,0.1832,5.7863,22.0000
302989.8394,1068922,162,0.9351,-0.2708,-0.3062,0.1832,5.3130,21.6183
302989.8394,1068932,162,0.9329,-0.2678,-0.3098,0.4580,4.5802,21.2672
302989.8394,1068942,162,0.9270,-0.2673,-0.3096,0.9618,3.7863,20.4275
302989.8410,1068952,163,0.9233,-0.2588,-0.3054,2.0458,3.0534,19.1908
302989.8410,1068962,163,0.9143,-0.2527,-0.3037,3.0382,2.2137,17.9389
302989.8410,1068972,163,0.9114,-0.2542,-0.3027,3.5420,1.0840,16.8397
302989.8410,1068982,163,0.9111,-0.2483,-0.2944,4.0458,0.2290,15.6794
302989.8410,1068992,163,0.9077,-0.2444,-0.2927,4.1832,-0.2901,14.4580
302989.8410,1069002,163,0.9048,-0.2385,-0.2900,3.9847,-0.9618,13.1603
302989.8410,1069012,163,0.9089,-0.2363,-0.2913,3.6489,-1.9695,11.9084
302989.8410,1069022,163,0.9146,-0.2351,-0.2856,3.1145,-2.9771,10.6565
302989.8410,1069032,163,0.9177,-0.2354,-0.2737,2.2595,-3.6947,9.1908
302989.8410,1069042,163,0.9221,-0.2327,-0.2681,1.4351,-4.0305,7.8321
302989.9602,1069052,164,0.9216,-0.2334,-0.2712,0.4122,-3.9695,6.4580
302989.9602,1069062,164,0.9275,-0.2346,-0.2681,-0.3664,-3.8626,4.8855
302989.9602,1069072,164,0.9268,-0.2336,-0.2690,-1.0076,-3.7252,3.4504
302989.9602,1069082,164,0.9292,-0.2358,-0.2751,-1.9237,-3.3282,2.0153
302989.9602,1069092,164,0.9285,-0.2437,-0.2751,-2.8702,-2.9008,0.3053
302989.9602,1069102,164,0.9290,-0.2502,-0.2825,-3.5573,-2.8550,-1.5725
302989.9602,1069112,164,0.9368,-0.2578,-0.2888,-3.9389,-3.1908,-3.1298
302989.9602,1069122,164,0.9358,-0.2668,-0.2866,-4.1679,-3.6336,-4.3817
302989.9602,1069132,164,0.9309,-0.2708,-0.2910,-4.0763,-3.7557,-5.4809
302989.9602,1069142,164,0.9282,-0.2764,-0.2939,-3.8626,-3.8626,-6.4733
302990.0799,1069152,165,0.9231,-0.2810,-0.2930,-3.4198,-4.2137,-7.7710
302990.0799,1069162,165,0.9194,-0.2883,-0.2925,-2.8550,-4.8855,-8.7634
302990.0799,1069172,165,0.9238,-0.2944,-0.2903,-2.0458,-5.9695,-9.9084
302990.0799,1069182,165,0.9260,-0.2922,-0.2849,-0.9160,-6.9313,-10.8244
302990.0799,1069192,165,0.9329,-0.2964,-0.2769,-0.0305,-7.6183,-11.5878
302990.0799,1069202,165,0.9336,-0.2930,-0.2703,0.5954,-7.8626,-12.4275
302990.0799,1069212,165,0.9414,-0.2881,-0.2700,0.8397,-7.5573,-13.1450
302990.0799,1069222,165,0.9451,-0.2871,-0.2681,0.7023,-6.9771,-13.7252
302990.0799,1069232,165,0.9456,-0.2959,-0.2651,0.1832,-6.3969,-14.2290
302990.0799,1069242,165,0.9417,-0.2947,-0.2646,-0.3817,-5.7863,-14.6260
302990.2594,1069252,166,0.9434,-0.2986,-0.2634,-1.0382,-5.3435,-14.8855
302990.2594,1069262,166,0.9426,-0.3040,-0.2668,-1.6336,-5.2214,-14.9771
302990.2594,1069272,166,0.9412,-0.3093,-0.2732,-2.3969,-5.1908,-14.9771
302990.2594,1069282,166,0.9443,-0.3162,-0.2756,-2.9771,-5.0076,-14.8550
302990.2594,1069292,166,0.9446,-0.3220,-0.2742,-3.3435,-4.7634,-14.5191
302990.2594,1069302,166,0.9434,-0.3247,-0.2739,-3.4351,-4.6107,-13.9237
302990.2594,1069312,166,0.9504,-0.3262,-0.2781,-3.5878,-4.5496,-13.1145
302990.2594,1069322,166,0.9551,-0.3271,-0.2830,-3.9084,-4.5191,-12.0916
302990.2594,1069332,166,0.9585,-0.3267,-0.2847,-4.5038,-4.0763,-10.8397
302990.2594,1069342,166,0.9578,-0.3257,-0.2891,-5.2977,-3.4809,-9.5725
302990.2612,1069352,167,0.9524,-0.3303,-0.2903,-6.2443,-2.9008,-8.1832
302990.2612,1069362,167,0.9473,-0.3347,-0.2959,-6.8855,-2.7939,-6.9008
302990.2612,1069372,167,0.9495,-0.3328,-0.3015,-7.0992,-3.2366,-5.6489
302990.2612,1069382,167,0.9556,-0.3320,-0.2974,-7.0992,-3.7557,-4.3053
302990.2612,1069392,167,0.9622,-0.3306,-0.2927,-7.1756,-4.1221,-2.7939
302990.2612,1069402,167,0.9731,-0.3186,-0.2842,-7.4809,-4.4733,-1.1298
302990.2612,1069412,167,0.9832,-0.3074,-0.2725,-8.7176,-4.8702,1.0382
302990.2612,1069422,167,0.9956,-0.3018,-0.2683,-11.0534,-4.7634,3.7863
302990.2612,1069432,167,1.0015,-0.2935,-0.2598,-13.9084,-3.8626,6.6260
302990.2612,1069442,167,1.0029,-0.2878,-0.2537,-17.5878,-2.6260,9.6794
302990.3788,1069452,168,1.0117,-0.2793,-0.2502,-21.9237,-1.5115,13.4656
302990.3788,1069462,168,1.0161,-0.2737,-0.2495,-26.4885,0.1221,17.2824
302990.3788,1069472,168,1.0125,-0.2717,-0.2544,-30.9924,2.3511,21.1298
302990.3788,1069482,168,1.0049,-0.2715,-0.2610,-35.6641,4.4275,24.8397
302990.3788,1069492,168,0.9907,-0.2722,-0.2725,-40.0916,6.0305,28.3206
302990.3788,1069502,168,0.9692,-0.2764,-0.2805,-43.4046,7.2824,31.3740
302990.3788,1069512,168,0.9492,-0.2805,-0.2844,-45.4656,7.4046,33.9237
302990.3788,1069522,168,0.9377,-0.2830,-0.2893,-46.3511,6.7939,35.8168
302990.3788,1069532,168,0.9263,-0.2861,-0.2852,-46.2137,6.0458,37.4198
302990.3788,1069542,168,0.9197,-0.2866,-0.2820,-45.1756,5.1908,38.5038
302990.5001,1069552,169,0.9084,-0.2849,-0.2815,-43.2824,4.7786,39.1145
302990.5001,1069562,169,0.8982,-0.2771,-0.2817,-41.0076,4.5802,39.1145
302990.5001,1069572,169,0.8948,-0.2686,-0.2793,-38.1832,4.2290,38.4733
302990.5001,1069582,169,0.8904,-0.2600,-0.2820,-35.6794,4.0153,37.2061
302990.5001,1069592,169,0.8909,-0.2644,-0.2837,-34.1679,3.3130,34.7939
302990.5001,1069602,169,0.8950,-0.2798,-0.2905,-33.1145,2.4733,31.8321
302990.5001,1069612,169,0.9014,-0.3069,-0.2927,-32.1832,2.0458,28.7939
302990.5001,1069622,169,0.8918,-0.3357,-0.2971,-30.5496,2.0305,25.7557
302990.5001,1069632,169,0.8691,-0.3547,-0.2969,-28.4275,1.7405,23.1450
302990.5001,1069642,169,0.8533,-0.3704,-0.2856,-26.3664,0.2595,20.4122
302990.5602,1069652,170,0.8481,-0.4019,-0.2759,-24.6718,-2.6412,17.9084
302990.5602,1069662,170,0.8611,-0.4143,-0.2615,-21.6489,-5.1450,16.8550
302990.5602,1069672,170,0.8826,-0.4031,-0.2429,-17.8321,-7.4198,17.8168
302990.5602,1069682,170,0.9177,-0.3691,-0.2290,-15.1756,-8.4580,19.6794
302990.5602,1069692,170,0.9575,-0.3176,-0.2300,-15.2824,-7.6641,21.2061
302990.5602,1069702,170,0.9902,-0.2620,-0.2390,-18.1221,-4.5954,20.9008
302990.5602,1069712,170,1.0044,-0.2332,-0.2717,-24.6260,0.3664,18.0305
302990.5602,1069722,170,0.9949,-0.2537,-0.3147,-32.9924,5.8473,12.7481
302990.5602,1069732,170,0.9751,-0.3081,-0.3513,-40.1679,11.0076,5.6794
302990.5602,1069742,170,0.9465,-0.3730,-0.3730,-44.0153,13.7710,-0.8550
302990.6802,1069752,171,0.9053,-0.4185,-0.3950,-42.7786,13.9084,-6.2290
302990.6802,1069762,171,0.9116,-0.4590,-0.3972,-38.4275,10.7328,-12.1832
302990.6802,1069772,171,0.9290,-0.5286,-0.4016,-34.8550,9.7557,-17.5878
302990.6802,1069782,171,0.9233,-0.5652,-0.3982,-28.5496,10.4885,-19.0076
302990.6802,1069792,171,0.9373,-0.5601,-0.3945,-20.5649,8.5802,-17.4656
302990.6802,1069802,171,0.9653,-0.5491,-0.3855,-14.6260,5.7405,-14.5954
302990.6802,1069812,171,0.9863,-0.5322,-0.3694,-10.8244,3.8626,-10.7634
302990.6802,1069822,171,0.9956,-0.5125,-0.3564,-8.6565,2.9466,-6.6260
302990.6802,1069832,171,0.9866,-0.4988,-0.3333,-7.4351,2.7786,-2.6260
302990.6802,1069842,171,0.9758,-0.4878,-0.3101,-5.5878,2.7176,-0.0458
302990.8006,1069852,172,0.9734,-0.4741,-0.2935,-2.6870,2.8550,0.8550
302990.8006,1069862,172,0.9744,-0.4575,-0.2720,0.3664,4.1221,1.4809
302990.8006,1069872,172,0.9744,-0.4360,-0.2495,2.7328,6.2443,3.0840
302990.8006,1069882,172,0.9719,-0.4077,-0.2378,3.4656,8.5954,5.5725
302990.8006,1069892,172,0.9668,-0.3701,-0.2185,2.1374,11.0992,8.5344
302990.8006,1069902,172,0.9619,-0.3269,-0.2085,-1.6489,13.3893,11.9847
302990.8006,1069912,172,0.9570,-0.2922,-0.1980,-8.1374,15.1756,15.3435
302990.8006,1069922,172,0.9558,-0.2646,-0.2000,-16.4275,16.6870,18.5954
302990.8006,1069932,172,0.9604,-0.2512,-0.2041,-24.9160,18.2595,20.8702
302990.8006,1069942,172,0.9617,-0.2429,-0.2136,-32.7328,20.8855,21.8626
302990.8602,1069952,173,0.9578,-0.2349,-0.2249,-38.4733,24.5191,21.4656
302990.8602,1069962,173,0.9583,-0.2451,-0.2495,-42.4122,28.4580,18.9313
302990.8602,1069972,173,0.9470,-0.2493,-0.2705,-44.3511,32.5496,15.2519
302990.8602,1069982,173,0.9321,-0.2507,-0.2954,-44.7481,35.9542,11.3130
302990.8602,1069992,173,0.9216,-0.2539,-0.3113,-44.4733,38.0305,7.6336
302990.8602,1070002,173,0.9077,-0.2568,-0.3259,-44.0763,39.2977,3.5573
302990.8602,1070012,173,0.8972,-0.2649,-0.3396,-43.4198,40.5649,-0.5649
302990.8602,1070022,173,0.8872,-0.2705,-0.3518,-43.2214,41.0382,-3.9237
302990.8602,1070032,173,0.8787,-0.2852,-0.3562,-44.0611,40.2443,-6.3359
302990.8602,1070042,173,0.8833,-0.3005,-0.3582,-44.3817,38.6107,-8.7023
302990.9804,1070052,174,0.9004,-0.3228,-0.3601,-43.8931,36.4275,-11.3282
302990.9804,1070062,174,0.9219,-0.3484,-0.3547,-42.6260,34.3511,-13.5725
302990.9804,1070072,174,0.9331,-0.3699,-0.3513,-40.0916,33.0076,-15.2061
302990.9804,1070082,174,0.9512,-0.3965,-0.3435,-36.3969,32.7328,-16.9008
302990.9804,1070092,174,0.9604,-0.4216,-0.3381,-30.8244,33.8321,-19.3893
302990.9804,1070102,174,0.9624,-0.4272,-0.3320,-23.7405,35.0992,-22.0153
302990.9804,1070112,174,0.9929,-0.4094,-0.3201,-16.0611,34.6260,-24.0153
302990.9804,1070122,174,1.0547,-0.3767,-0.3225,-9.8168,32.9008,-24.1832
302990.9804,1070132,174,1.0791,-0.3171,-0.3203,-6.4580,34.6718,-23.7405
302990.9804,1070142,174,1.0818,-0.2458,-0.3315,-7.2061,37.8626,-23.7099
302991.1018,1070152,175,1.0710,-0.2083,-0.3472,-13.9695,39.8779,-24.9160
302991.1018,1070162,175,1.0369,-0.2139,-0.3625,-24.8550,40.9618,-27.5267
302991.1018,1070172,175,0.9946,-0.2554,-0.3738,-35.6336,39.7710,-30.0611
302991.1018,1070182,175,0.9614,-0.3127,-0.3843,-43.3588,35.4809,-30.7023
302991.1018,1070192,175,0.9431,-0.3591,-0.3843,-46.1221,29.2824,-30.3511
302991.1018,1070202,175,0.9314,-0.3733,-0.3789,-45.6031,23.2214,-29.1450
302991.1018,1070212,175,0.9363,-0.3833,-0.3855,-44.8550,17.7710,-26.9008
302991.1018,1070222,175,0.9456,-0.3926,-0.3921,-43.4198,12.7939,-25.0992
302991.1018,1070232,175,0.9446,-0.4062,-0.3899,-39.8626,8.9924,-24.5496
302991.1018,1070242,175,0.9451,-0.4229,-0.3831,-33.8626,4.9466,-24.8244
302991.1591,1070252,176,0.9600,-0.4456,-0.3726,-25.2977,-0.0611,-25.4962
302991.1591,1070262,176,0.9683,-0.4587,-0.3562,-13.9237,-4.3053,-26.5649
302991.1591,1070272,176,0.9727,-0.4580,-0.3274,-0.1985,-7.2366,-26.9008
302991.1591,1070282,176,0.9763,-0.4346,-0.2969,14.0611,-9.0687,-26.1069
302991.1591,1070292,176,0.9790,-0.4009,-0.2639,26.4733,-9.7252,-24.6565
302991.1591,1070302,176,0.9749,-0.3557,-0.2412,35.6794,-10.0763,-22.3206
302991.1591,1070312,176,0.9810,-0.3069,-0.2087,41.0534,-10.7328,-19.3588
302991.1591,1070322,176,0.9834,-0.2668,-0.1726,42.7786,-11.0534,-15.4809
302991.1591,1070332,176,0.9832,-0.2273,-0.1528,41.4504,-10.9924,-10.8550
302991.1591,1070342,176,0.9836,-0.1980,-0.1282,37.2977,-10.7328,-5.2672
302991.2805,1070352,177,0.9919,-0.1741,-0.1057,30.9008,-10.0153,1.0534
302991.2805,1070362,177,0.9917,-0.1440,-0.0942,22.6412,-8.4427,7.6183
302991.2805,1070372,177,0.9941,-0.1287,-0.0913,12.9008,-6.7939,13.7710
302991.2805,1070382,177,0.9937,-0.1250,-0.0923,2.8855,-4.5344,18.6870
302991.2805,1070392,177,0.9851,-0.1328,-0.0991,-6.0000,-0.5649,22.2901
302991.2805,1070402,177,0.9753,-0.1428,-0.1140,-12.1679,4.5191,24.7328
302991.2805,1070412,177,0.9536,-0.1479,-0.1365,-15.7099,9.5267,26.3817
302991.2805,1070422,177,0.9297,-0.1479,-0.1619,-17.3588,13.7557,27.5573
302991.2805,1070432,177,0.9021,-0.1414,-0.1819,-17.3435,16.1221,27.9847
302991.2805,1070442,177,0.8782,-0.1333,-0.1975,-16.1679,16.2901,27.6336
302991.3991,1070452,178,0.8687,-0.1267,-0.2144,-14.7176,15.2824,26.6107
302991.3991,1070462,178,0.8618,-0.1121,-0.2219,-12.3969,14.5344,24.9313
302991.3991,1070472,178,0.8601,-0.0962,-0.2375,-9.5725,13.4962,22.4885
302991.3991,1070482,178,0.8674,-0.0850,-0.2444,-8.1985,12.4427,19.4809
302991.3991,1070492,178,0.8804,-0.0842,-0.2546,-7.5725,11.8931,15.4656
302991.3991,1070502,178,0.8926,-0.0981,-0.2607,-7.2977,11.1603,10.9618
302991.3991,1070512,178,0.9023,-0.1208,-0.2715,-7.0382,9.7557,6.8092
302991.3991,1070522,178,0.9084,-0.1497,-0.2834,-6.4122,8.1527,3.7252
302991.3991,1070532,178,0.9148,-0.1714,-0.2852,-4.9618,6.6107,2.1374
302991.3991,1070542,178,0.9182,-0.1858,-0.2852,-3.0382,4.9008,1.6947
302991.4596,1070552,179,0.9216,-0.1914,-0.2844,-1.1450,3.0992,1.6947
302991.4596,1070562,179,0.9238,-0.1990,-0.2854,0.3969,1.2672,1.4046
302991.4596,1070572,179,0.9248,-0.2083,-0.2854,1.8779,-0.7481,0.8397
302991.4596,1070582,179,0.9272,-0.2166,-0.2817,3.9084,-2.9008,0.1374
302991.4596,1070592,179,0.9326,-0.2263,-0.2825,6.6260,-4.9008,-0.6412
302991.4596,1070602,179,0.9421,-0.2375,-0.2776,9.8931,-6.6260,-1.6947
302991.4596,1070612,179,0.9490,-0.2524,-0.2737,13.5420,-8.1832,-2.9924
302991.4596,1070622,179,0.9583,-0.2747,-0.2627,17.6489,-9.5267,-4.6565
302991.4596,1070632,179,0.9697,-0.3025,-0.2559,22.5191,-10.4275,-6.4885
302991.4596,1070642,179,0.9780,-0.3354,-0.2393,28.0305,-10.6718,-7.3588
