host_time_s,device_ms,seq,ax_g,ay_g,az_g,gx_dps,gy_dps,gz_dps
302282.8650,361952,5,-0.6272,-0.0024,0.7856,0.1374,2.2595,0.1527
302282.8650,361962,5,-0.6326,-0.0005,0.7781,1.2366,1.5573,0.0458
302282.8650,361972,5,-0.6270,-0.0034,0.7742,2.8855,0.1985,-0.4427
302282.8650,361982,5,-0.6270,-0.0012,0.7717,4.1374,-1.2672,-0.9618
302282.8650,361992,5,-0.6270,-0.0137,0.7676,3.2824,-2.8550,-0.7023
302282.8650,362002,5,-0.6138,-0.0276,0.7764,2.9466,-4.4733,-0.1985
302282.8650,362012,5,-0.6033,-0.0378,0.7832,3.8321,-5.4656,0.4885
302282.8650,362022,5,-0.5955,-0.0386,0.8044,4.3817,-5.0840,2.0611
302282.8650,362032,5,-0.5906,-0.0400,0.8057,4.5344,-2.8855,4.3359
302282.8650,362042,5,-0.6033,-0.0315,0.7917,5.0229,-0.9160,6.4122
302282.9687,362052,6,-0.6121,-0.0188,0.7766,5.8168,-1.2366,7.7710
302282.9687,362062,6,-0.6123,0.0034,0.7812,6.2290,-2.4580,8.4580
302282.9687,362072,6,-0.6187,0.0193,0.7847,5.1603,-3.3282,8.8702
302282.9687,362082,6,-0.6199,0.0183,0.7839,3.5115,-4.8244,8.5038
302282.9687,362092,6,-0.5955,0.0085,0.7922,2.5038,-5.6183,8.1069
302282.9687,362102,6,-0.5994,0.0110,0.8032,4.6107,-3.3893,8.2901
302282.9687,362112,6,-0.6240,0.0337,0.7776,6.8702,-0.9771,8.0916
302282.9687,362122,6,-0.6406,0.0557,0.7708,6.5344,-1.3893,7.7252
302282.9687,362132,6,-0.6389,0.0720,0.7786,4.8397,-3.6031,6.9924
302282.9687,362142,6,-0.6304,0.0706,0.7773,2.4427,-5.0840,5.3740
302283.0594,362152,7,-0.6326,0.0613,0.7683,0.1069,-6.3511,3.4046
302283.0594,362162,7,-0.6370,0.0581,0.7661,-1.4504,-8.5038,1.8779
302283.0594,362172,7,-0.6235,0.0515,0.7742,-2.9924,-11.2214,0.8244
302283.0594,362182,7,-0.6069,0.0366,0.7954,-4.7939,-11.5267,0.2137
302283.0594,362192,7,-0.5898,0.0188,0.8132,-5.3893,-9.1298,0.0611
302283.0594,362202,7,-0.5994,0.0171,0.8262,-2.5038,-5.4809,-0.2290
302283.0594,362212,7,-0.6257,0.0317,0.8132,1.3282,-2.6260,-0.8855
302283.0594,362222,7,-0.6426,0.0466,0.8032,1.6641,-2.8397,-0.6412
302283.0594,362232,7,-0.6177,0.0518,0.8157,0.2595,-4.1679,-0.3359
302283.0594,362242,7,-0.6167,0.0491,0.8176,-0.1221,-2.1832,-0.7023
302283.1650,362252,8,-0.6255,0.0520,0.7983,-0.5954,-0.5802,-1.4198
302283.1650,362262,8,-0.6345,0.0354,0.7856,-2.1679,-1.1603,-2.0611
302283.1650,362272,8,-0.6323,0.0242,0.7720,-2.8397,-3.3893,-2.5191
302283.1650,362282,8,-0.6101,0.0073,0.7791,-2.6870,-6.7023,-2.1985
302283.1650,362292,8,-0.5884,0.0073,0.8079,-1.5115,-7.5267,-1.4809
302283.1650,362302,8,-0.5933,0.0149,0.8157,-1.1756,-5.3740,-0.4885
302283.1650,362312,8,-0.6086,0.0208,0.8008,-2.1832,-3.3588,0.7176
302283.1650,362322,8,-0.6238,0.0256,0.7864,-2.8702,-3.3282,1.5115
302283.1650,362332,8,-0.6248,0.0337,0.7883,-2.7176,-5.3893,1.8321
302283.1650,362342,8,-0.6067,0.0378,0.8005,-1.9084,-7.5573,1.5725
302283.2684,362352,9,-0.5935,0.0344,0.8093,-1.8168,-7.1756,1.2366
302283.2684,362362,9,-0.6021,0.0298,0.8027,-2.3206,-5.3588,1.3282
302283.2684,362372,9,-0.5981,0.0259,0.8015,-2.5954,-4.4733,2.0000
302283.2684,362382,9,-0.5957,0.0315,0.8010,-0.7328,-3.5420,2.3359
302283.2684,362392,9,-0.6035,0.0442,0.7998,0.6718,-3.0840,1.9084
302283.2684,362402,9,-0.6047,0.0449,0.7908,0.4733,-3.8779,1.3893
302283.2684,362412,9,-0.6006,0.0483,0.7954,0.7328,-4.2443,1.0229
302283.2684,362422,9,-0.6055,0.0544,0.7930,1.0534,-4.7023,0.7023
302283.2684,362432,9,-0.5864,0.0469,0.8027,0.3817,-5.3740,0.1221
302283.2684,362442,9,-0.5825,0.0337,0.8054,0.0916,-3.6489,-0.6412
302283.3593,362452,10,-0.5935,0.0242,0.7888,0.3969,-1.5420,-0.9008
302283.3593,362462,10,-0.6016,0.0208,0.7761,0.4427,-1.2824,-0.1832
302283.3593,362472,10,-0.5918,0.0198,0.7810,-0.0763,-1.8931,1.0382
302283.3593,362482,10,-0.5918,0.0222,0.7915,1.1603,-1.6794,1.7710
302283.3593,362492,10,-0.5979,0.0396,0.8020,2.9160,-1.5573,1.8321
302283.3593,362502,10,-0.5920,0.0540,0.8064,2.8092,-1.8321,1.8321
302283.3593,362512,10,-0.5896,0.0496,0.8086,1.8168,-1.4809,1.4198
302283.3593,362522,10,-0.6064,0.0510,0.7944,1.6641,-0.7939,0.4122
302283.3593,362532,10,-0.6079,0.0417,0.7861,0.5954,-2.2595,-0.4275
302283.3593,362542,10,-0.6057,0.0422,0.7910,-0.2443,-4.7023,-0.9618
302283.4645,362552,11,-0.5857,0.0347,0.8108,-1.1450,-6.2748,-1.2214
302283.4645,362562,11,-0.5840,0.0374,0.8179,-1.3740,-5.6947,-1.3740
302283.4645,362572,11,-0.5864,0.0347,0.8130,-1.8168,-4.7328,-1.4504
302283.4645,362582,11,-0.5903,0.0369,0.8152,-1.5573,-4.2595,-1.6031
302283.4645,362592,11,-0.5933,0.0359,0.8098,-1.4046,-4.0763,-1.7405
302283.4645,362602,11,-0.5950,0.0303,0.8127,-1.2061,-3.6031,-1.6947
302283.4645,362612,11,-0.5940,0.0310,0.8223,0.0763,-2.8397,-1.7252
302283.4645,362622,11,-0.5959,0.0195,0.8154,0.6107,-2.7634,-1.5725
302283.4645,362632,11,-0.5994,0.0254,0.8113,1.5115,-2.7481,-1.2366
302283.4645,362642,11,-0.6077,0.0344,0.8076,1.4656,-3.6183,-0.3359
302283.5684,362652,12,-0.6060,0.0505,0.8096,0.9160,-5.4351,0.3206
302283.5684,362662,12,-0.5889,0.0513,0.8220,0.9771,-6.5649,-0.1985
302283.5684,362672,12,-0.5808,0.0569,0.8291,1.1298,-4.1832,-0.9771
302283.5684,362682,12,-0.5989,0.0513,0.8074,-0.1221,-0.9771,-1.4351
302283.5684,362692,12,-0.6057,0.0322,0.7896,-0.6718,-1.2214,-1.8321
302283.5684,362702,12,-0.5916,0.0310,0.8074,0.2290,-3.5573,-1.6031
302283.5684,362712,12,-0.5684,0.0383,0.8350,1.4809,-3.4504,-1.2672
302283.5684,362722,12,-0.5781,0.0457,0.8381,1.0840,0.1069,-1.3282
302283.5684,362732,12,-0.6052,0.0378,0.8062,-0.8397,2.1069,-1.6031
302283.5684,362742,12,-0.6128,0.0288,0.7876,-1.9237,0.4427,-1.8168
302283.6582,362752,13,-0.5996,0.0193,0.7905,-1.1756,-2.4427,-2.0000
302283.6582,362762,13,-0.5891,0.0171,0.8015,0.7023,-3.9847,-2.3359
302283.6582,362772,13,-0.5891,0.0215,0.8101,2.0763,-3.9695,-2.1985
302283.6582,362782,13,-0.5955,0.0315,0.8059,2.1374,-3.4046,-1.5115
302283.6582,362792,13,-0.5918,0.0259,0.8098,1.0076,-2.9008,-1.0382
302283.6582,362802,13,-0.6003,0.0281,0.8069,1.2672,-2.7481,-1.4198
302283.6582,362812,13,-0.6045,0.0205,0.8069,0.8855,-3.8321,-1.6183
302283.6582,362822,13,-0.6021,0.0234,0.8181,0.2595,-5.0229,-0.7634
302283.6582,362832,13,-0.5962,0.0308,0.8352,0.5344,-5.2061,-0.2901
302283.6582,362842,13,-0.5874,0.0322,0.8450,0.7023,-4.0153,-0.5344
302283.7793,362852,14,-0.5901,0.0305,0.8499,1.1298,-1.9847,-0.9313
302283.7793,362862,14,-0.5969,0.0332,0.8401,1.7557,-0.9160,-1.5115
302283.7793,362872,14,-0.6079,0.0332,0.8228,1.6183,-0.9924,-2.0153
302283.7793,362882,14,-0.6064,0.0337,0.8184,0.9008,-2.0611,-2.0458
302283.7793,362892,14,-0.5959,0.0308,0.8213,0.5802,-2.7786,-2.0153
302283.7793,362902,14,-0.5938,0.0266,0.8215,0.9618,-1.8626,-2.1069
302283.7793,362912,14,-0.6055,0.0273,0.8027,1.1450,-0.9466,-2.0916
302283.7793,362922,14,-0.6099,0.0232,0.7871,1.1298,-2.0153,-1.7863
302283.7793,362932,14,-0.5977,0.0254,0.7986,1.4809,-4.3511,-1.6183
302283.7793,362942,14,-0.5654,0.0222,0.8391,1.6947,-5.1908,-1.5267
302283.8696,362952,15,-0.5637,0.0181,0.8479,1.4351,-2.4885,-1.3435
302283.8696,362962,15,-0.5886,0.0168,0.8342,0.5649,1.5725,-0.5038
302283.8696,362972,15,-0.6177,0.0273,0.8113,0.5038,2.9160,0.4885
302283.8696,362982,15,-0.6216,0.0391,0.8086,0.8550,1.0687,1.0229
302283.8696,362992,15,-0.6060,0.0459,0.8203,1.2824,-1.1145,0.9008
302283.8696,363002,15,-0.6045,0.0549,0.8262,1.5878,-1.9695,0.0305
302283.8696,363012,15,-0.5925,0.0481,0.8188,0.3053,-2.7786,-1.1450
302283.8696,363022,15,-0.5940,0.0308,0.8130,-0.7481,-2.3664,-1.8473
302283.8696,363032,15,-0.5991,0.0308,0.8057,0.4275,-2.2901,-2.4275
302283.8696,363042,15,-0.6035,0.0308,0.8105,1.2366,-2.8092,-3.0534
302283.9597,363052,16,-0.5947,0.0276,0.8140,0.7023,-3.0992,-2.9008
302283.9597,363062,16,-0.5938,0.0256,0.8071,0.7176,-2.3817,-2.6412
302283.9597,363072,16,-0.5928,0.0156,0.8103,0.8702,-2.1069,-2.5496
302283.9597,363082,16,-0.5837,0.0127,0.8140,1.2824,-2.3969,-2.0916
302283.9597,363092,16,-0.5713,0.0134,0.8271,1.8473,-2.0000,-1.3893
302283.9597,363102,16,-0.5808,0.0190,0.8289,1.6183,-0.2748,-0.5038
302283.9597,363112,16,-0.5967,0.0315,0.8098,1.0840,0.6412,-0.2901
302283.9597,363122,16,-0.5935,0.0322,0.7998,0.3206,-0.7481,-0.6412
302283.9597,363132,16,-0.5830,0.0322,0.7981,0.0763,-2.4427,-1.4198
302283.9597,363142,16,-0.5737,0.0198,0.8035,-0.5802,-3.2672,-2.2748
302284.0648,363152,17,-0.5618,0.0068,0.7957,-0.8397,-3.7557,-2.7481
302284.0648,363162,17,-0.5525,0.0051,0.7930,-0.4580,-3.2519,-2.3817
302284.0648,363172,17,-0.5547,0.0088,0.7861,0.0763,-1.9084,-2.1374
302284.0648,363182,17,-0.5547,-0.0037,0.7771,0.3206,-1.4809,-2.1679
302284.0648,363192,17,-0.5483,-0.0132,0.7720,0.2595,-2.3969,-1.9695
302284.0648,363202,17,-0.5459,-0.0281,0.7700,-0.2748,-3.2977,-1.0229
302284.0648,363212,17,-0.5542,-0.0322,0.7539,-0.0916,-3.3893,0.3206
302284.0648,363222,17,-0.5713,-0.0317,0.7422,-0.1069,-4.0000,2.0458
302284.0648,363232,17,-0.5581,-0.0127,0.7578,0.5344,-10.0611,3.7252
302284.0648,363242,17,-0.5581,-0.0127,0.7578,0.5344,-10.0611,3.7252
302284.1690,363252,18,-0.5295,-0.0171,0.7830,0.0305,-11.9847,3.8931
302284.1690,363262,18,-0.5156,-0.0269,0.7932,0.3359,-11.1450,3.6489
302284.1690,363272,18,-0.5176,-0.0247,0.7925,1.1603,-9.4962,3.3893
302284.1690,363282,18,-0.5229,-0.0293,0.7773,-0.1679,-8.2748,3.6489
302284.1690,363292,18,-0.5396,-0.0403,0.7537,-2.0916,-8.0916,4.0611
302284.1690,363302,18,-0.5356,-0.0547,0.7454,-3.1908,-10.6412,4.2595
302284.1690,363312,18,-0.5095,-0.0754,0.7556,-4.0763,-13.3282,4.8092
302284.1690,363322,18,-0.5073,-0.0940,0.7549,-4.6718,-13.9542,5.8626
302284.1690,363332,18,-0.5237,-0.1079,0.7551,-5.0992,-14.7786,7.6183
302284.1690,363342,18,-0.5334,-0.1089,0.7617,-4.5191,-16.1679,9.6794
302284.3041,363352,19,-0.5291,-0.1101,0.7871,-4.8550,-18.0305,11.0992
302284.3041,363362,19,-0.5237,-0.1309,0.8076,-6.6107,-19.3740,12.7634
302284.3041,363372,19,-0.5303,-0.1392,0.8215,-7.4198,-18.9924,15.2061
302284.3041,363382,19,-0.5356,-0.1433,0.8184,-8.4427,-18.7481,17.5573
302284.3041,363392,19,-0.5410,-0.1558,0.8176,-9.6031,-18.9160,19.8779
302284.3041,363402,19,-0.5532,-0.1594,0.8174,-9.9695,-19.0229,22.0916
302284.3041,363412,19,-0.5752,-0.1465,0.8293,-9.5878,-19.3435,25.0229
302284.3041,363422,19,-0.5864,-0.1267,0.8389,-9.4198,-20.3053,27.7099
302284.3041,363432,19,-0.5886,-0.1060,0.8621,-9.6336,-21.5420,29.6336
302284.3041,363442,19,-0.5918,-0.0781,0.8738,-9.8626,-21.2977,31.0229
302284.3636,363452,20,-0.6062,-0.0562,0.8850,-11.2214,-20.3817,31.9847
302284.3636,363462,20,-0.6101,-0.0403,0.8938,-13.2824,-20.2595,31.8015
302284.3636,363472,20,-0.6074,-0.0378,0.9092,-15.3282,-20.0000,31.3130
302284.3636,363482,20,-0.6143,-0.0288,0.9316,-17.1298,-18.7023,31.1756
302284.3636,363492,20,-0.6128,-0.0166,0.9626,-18.7328,-17.2977,30.9771
302284.3636,363502,20,-0.6050,-0.0144,0.9905,-19.8015,-15.1298,30.1069
302284.3636,363512,20,-0.6123,-0.0112,0.9919,-20.4580,-11.5725,28.8702
302284.3636,363522,20,-0.6248,-0.0190,0.9749,-22.3817,-9.2977,28.0916
302284.3636,363532,20,-0.6165,-0.0342,0.9724,-24.3511,-8.9008,28.0458
302284.3636,363542,20,-0.6023,-0.0378,0.9771,-24.4885,-8.2443,28.1069
302284.4841,363552,21,-0.6064,-0.0408,0.9690,-24.5496,-6.3511,28.7939
302284.4841,363562,21,-0.6077,-0.0347,0.9661,-25.3282,-4.8550,30.4885
302284.4841,363572,21,-0.6060,-0.0164,0.9709,-25.4809,-3.4656,32.5344
302284.4841,363582,21,-0.6067,0.0029,0.9888,-24.7023,-1.7710,33.5573
302284.4841,363592,21,-0.6123,0.0139,0.9893,-24.4275,-0.0763,33.3893
302284.4841,363602,21,-0.6221,0.0125,0.9810,-25.6183,1.2366,33.4504
302284.4841,363612,21,-0.6226,0.0095,0.9766,-26.7481,1.1450,33.9237
302284.4841,363622,21,-0.6086,0.0127,0.9988,-26.1832,1.0076,34.6565
302284.4841,363632,21,-0.5901,0.0242,1.0178,-24.9313,2.1832,34.9771
302284.4841,363642,21,-0.5833,0.0288,1.0188,-24.9466,5.0840,35.3130
302284.6071,363652,22,-0.5798,0.0273,1.0115,-25.6183,7.6489,36.0763
302284.6071,363662,22,-0.5791,0.0413,1.0083,-24.9160,9.4504,36.9160
302284.6071,363672,22,-0.5789,0.0642,1.0034,-24.2443,10.8092,37.7863
302284.6071,363682,22,-0.5737,0.0928,1.0112,-24.0916,12.5344,38.5496
302284.6071,363692,22,-0.5808,0.1128,0.9963,-24.0458,15.6641,38.5038
302284.6071,363702,22,-0.6052,0.1267,0.9668,-23.7557,18.6107,37.6031
302284.6071,363712,22,-0.6177,0.1287,0.9387,-24.0916,18.9313,36.5344
302284.6071,363722,22,-0.6172,0.1270,0.9365,-24.3969,18.2595,36.1069
302284.6071,363732,22,-0.6121,0.1311,0.9553,-23.2214,17.8473,36.3664
302284.6071,363742,22,-0.6082,0.1421,0.9758,-20.5038,18.7176,36.7481
302284.6641,363752,23,-0.6211,0.1626,0.9824,-17.8779,20.7939,36.5191
302284.6641,363762,23,-0.6318,0.1846,0.9861,-16.5344,22.2137,36.0611
302284.6641,363772,23,-0.6360,0.2073,0.9951,-15.3130,22.4427,35.2214
302284.6641,363782,23,-0.6306,0.2249,1.0129,-14.3206,22.5802,33.4809
302284.6641,363792,23,-0.6206,0.2412,1.0276,-13.9084,23.6947,31.1908
302284.6641,363802,23,-0.6201,0.2524,1.0308,-13.8015,26.3664,28.8397
302284.6641,363812,23,-0.6216,0.2595,1.0254,-13.4351,29.2519,25.9084
302284.6641,363822,23,-0.6292,0.2546,1.0076,-13.7710,31.7252,23.0229
302284.6641,363832,23,-0.6287,0.2283,0.9834,-13.7252,33.7252,20.8397
302284.6641,363842,23,-0.6294,0.2070,0.9656,-12.2748,35.0382,19.4198
302284.7844,363852,24,-0.6294,0.1941,0.9519,-10.3053,35.6489,19.0687
302284.7844,363862,24,-0.6233,0.1953,0.9478,-8.1985,35.9542,19.6641
302284.7844,363872,24,-0.6099,0.1973,0.9465,-5.8931,37.0992,20.1374
302284.7844,363882,24,-0.6165,0.2095,0.9297,-3.3740,39.0076,20.0305
302284.7844,363892,24,-0.6250,0.2168,0.9072,-1.9847,40.3969,19.6641
302284.7844,363902,24,-0.6301,0.2219,0.8826,-1.3588,40.8244,19.0534
302284.7844,363912,24,-0.6262,0.2104,0.8711,-0.2901,40.6260,17.9389
302284.7844,363922,24,-0.6333,0.2014,0.8596,1.4351,40.2748,17.0382
302284.7844,363932,24,-0.6304,0.1943,0.8496,3.3893,39.3893,17.2366
302284.7844,363942,24,-0.6338,0.1987,0.8550,6.9771,38.9008,17.8473
302284.9675,363952,25,-0.6301,0.2170,0.8682,10.9924,39.0076,18.2748
302284.9675,363962,25,-0.6335,0.2427,0.8706,13.8779,40.1985,18.5344
302284.9675,363972,25,-0.6433,0.2620,0.8643,15.6794,41.8626,18.1069
302284.9675,363982,25,-0.6504,0.2688,0.8508,16.8855,42.3969,16.9466
302284.9675,363992,25,-0.6465,0.2766,0.8462,18.5802,42.4580,15.6794
302284.9675,364002,25,-0.6411,0.2874,0.8398,20.6107,42.5191,14.5038
302284.9675,364012,25,-0.6428,0.2937,0.8320,21.9542,42.3206,13.2366
302284.9675,364022,25,-0.6377,0.3027,0.8271,23.4198,42.0458,11.6794
302284.9675,364032,25,-0.6238,0.3127,0.8301,25.1756,42.4275,10.1069
302284.9675,364042,25,-0.6155,0.3259,0.8250,27.4656,44.1221,8.0763
302284.9681,364052,26,-0.6316,0.3252,0.7952,28.7634,46.0153,5.8015
302284.9681,364062,26,-0.6506,0.3145,0.7646,28.7634,46.5954,4.5191
302284.9681,364072,26,-0.6611,0.3193,0.7507,30.1985,45.2366,4.1985
302284.9681,364082,26,-0.6484,0.3352,0.7715,32.7481,42.9313,3.7710
302284.9681,364092,26,-0.6340,0.3518,0.7937,36.1527,42.8092,2.5954
302284.9681,364102,26,-0.6357,0.3691,0.7979,38.6412,44.6260,0.8244
302284.9681,364112,26,-0.6365,0.3677,0.7805,39.1450,46.7176,-1.3130
302284.9681,364122,26,-0.6523,0.3591,0.7598,39.5573,47.9237,-3.6183
302284.9681,364132,26,-0.6592,0.3611,0.7466,40.3511,47.1450,-5.4351
302284.9681,364142,26,-0.6575,0.3594,0.7366,41.1908,46.0305,-7.0534
302285.0851,364152,27,-0.6521,0.3523,0.7229,42.0000,45.6336,-8.9771
302285.0851,364162,27,-0.6562,0.3367,0.6909,42.9771,46.1985,-10.9160
302285.0851,364172,27,-0.6675,0.3254,0.6580,44.0611,46.0458,-12.1069
302285.0851,364182,27,-0.6726,0.3259,0.6426,45.2366,43.5267,-12.3053
302285.0851,364192,27,-0.6726,0.3374,0.6353,46.7939,40.6870,-12.7634
302285.0851,364202,27,-0.6694,0.3496,0.6250,47.7405,38.5954,-14.2901
302285.0851,364212,27,-0.6709,0.3481,0.6196,48.4580,37.6489,-16.8702
302285.0851,364222,27,-0.6606,0.3359,0.6174,49.0534,36.7176,-19.5420
302285.0851,364232,27,-0.6431,0.2986,0.6199,48.3206,36.0153,-20.7328
302285.0851,364242,27,-0.6277,0.2683,0.6194,49.5420,36.5496,-20.5802
302285.2040,364252,28,-0.6313,0.2554,0.6140,54.2748,37.3282,-20.4885
302285.2040,364262,28,-0.6174,0.2637,0.6206,59.4504,36.7176,-20.0916
302285.2040,364272,28,-0.6255,0.2834,0.6074,62.6412,36.8855,-19.2214
302285.2040,364282,28,-0.6304,0.3010,0.5867,62.6718,37.0687,-18.5954
302285.2040,364292,28,-0.6316,0.3196,0.5642,61.7099,36.4885,-19.2214
302285.2040,364302,28,-0.6331,0.3271,0.5334,60.9008,35.5115,-21.7099
302285.2040,364312,28,-0.6382,0.3123,0.4998,59.8321,34.4885,-25.1450
302285.2040,364322,28,-0.6443,0.3035,0.4690,59.1145,31.9542,-27.7557
302285.2040,364332,28,-0.6433,0.2937,0.4424,58.4275,29.3282,-29.6031
302285.2040,364342,28,-0.6387,0.2859,0.4446,58.9313,27.0229,-31.8779
302285.2643,364352,29,-0.6113,0.2751,0.4548,58.1832,24.7634,-32.8855
302285.2643,364362,29,-0.6104,0.2686,0.4558,58.0611,24.9008,-33.5725
302285.2643,364372,29,-0.6125,0.2800,0.4517,58.1221,24.8397,-34.6107
302285.2643,364382,29,-0.6252,0.2688,0.4321,55.8015,23.6947,-35.8168
302285.2643,364392,29,-0.6433,0.2634,0.4048,53.4351,22.2901,-36.5954
302285.2643,364402,29,-0.6504,0.2571,0.3938,52.4885,19.2977,-38.2443
302285.2643,364412,29,-0.6428,0.2324,0.3933,52.6870,15.9237,-40.9771
302285.2643,364422,29,-0.6494,0.2097,0.3777,53.2061,14.1069,-43.3435
302285.2643,364432,29,-0.6584,0.1750,0.3542,52.4733,12.5038,-44.4733
302285.2643,364442,29,-0.6528,0.1492,0.3584,53.1756,9.7710,-43.6641
302285.3843,364452,30,-0.6477,0.1533,0.3782,54.8397,7.8168,-40.9466
302285.3843,364462,30,-0.6514,0.1711,0.3909,55.0076,7.3435,-38.2137
302285.3843,364472,30,-0.6711,0.1895,0.3855,55.6641,8.0763,-37.3588
302285.3843,364482,30,-0.6970,0.2104,0.3726,55.7405,8.3053,-38.0000
302285.3843,364492,30,-0.7100,0.2041,0.3562,53.0534,6.4885,-39.4962
302285.3843,364502,30,-0.7139,0.1738,0.3511,49.8015,4.1221,-41.2824
302285.3843,364512,30,-0.7117,0.1523,0.3596,47.9542,0.9771,-42.3664
302285.3843,364522,30,-0.7041,0.1379,0.3723,47.2366,-1.8626,-42.6260
302285.3843,364532,30,-0.6997,0.1335,0.3906,47.1603,-3.6947,-42.7328
302285.3843,364542,30,-0.7014,0.1345,0.3943,46.5496,-4.3359,-43.0840
302285.5031,364552,31,-0.7112,0.1191,0.3801,44.6870,-5.3588,-43.3435
302285.5031,364562,31,-0.7122,0.1082,0.3762,43.3588,-6.6107,-43.1908
302285.5031,364572,31,-0.7073,0.1038,0.3804,43.0840,-7.3435,-42.9924
302285.5031,364582,31,-0.7139,0.0906,0.3762,42.7176,-7.6794,-43.0534
302285.5031,364592,31,-0.7175,0.0845,0.3838,42.4122,-7.6183,-42.7634
302285.5031,364602,31,-0.7271,0.0891,0.3875,41.7557,-8.1679,-42.1985
302285.5031,364612,31,-0.7178,0.0896,0.3984,39.9695,-9.6183,-41.7710
302285.5031,364622,31,-0.6980,0.0696,0.4014,37.6183,-11.5878,-42.9160
302285.5031,364632,31,-0.6814,0.0408,0.3982,36.7023,-12.6260,-43.5420
302285.5031,364642,31,-0.6709,0.0151,0.3774,36.1832,-12.7328,-43.2672
302285.5639,364652,32,-0.6660,0.0054,0.3562,36.1221,-12.4122,-41.7863
302285.5639,364662,32,-0.6804,0.0078,0.3252,35.8931,-12.3053,-40.0916
302285.5639,364672,32,-0.7053,0.0176,0.2932,34.8702,-13.1603,-39.5267
302285.5639,364682,32,-0.7173,0.0178,0.2786,32.4580,-16.5344,-39.0382
302285.5639,364692,32,-0.7285,0.0134,0.2803,30.5038,-19.8931,-38.3053
302285.5639,364702,32,-0.7361,0.0100,0.2961,29.5725,-23.8321,-38.8550
302285.5639,364712,32,-0.7261,0.0039,0.3271,28.2748,-27.7557,-39.3435
302285.5639,364722,32,-0.7065,-0.0146,0.3538,27.3740,-30.0153,-39.4504
302285.5639,364732,32,-0.6980,-0.0291,0.3730,27.2214,-31.0229,-39.3740
302285.5639,364742,32,-0.6794,-0.0369,0.3955,26.9160,-32.2748,-38.2901
302285.6836,364752,33,-0.6792,-0.0391,0.3977,25.5878,-32.3969,-37.0992
302285.6836,364762,33,-0.6958,-0.0452,0.3879,23.1145,-32.1832,-36.1679
302285.6836,364772,33,-0.6985,-0.0508,0.3843,21.8931,-33.3893,-34.1221
302285.6836,364782,33,-0.7039,-0.0283,0.3865,24.0000,-34.1832,-32.2748
302285.6836,364792,33,-0.7192,-0.0037,0.3728,24.7481,-34.8855,-32.2901
302285.6836,364802,33,-0.7339,0.0127,0.3577,23.4046,-35.7710,-32.8397
302285.6836,364812,33,-0.7368,0.0361,0.3645,21.8473,-38.3664,-34.0916
302285.6836,364822,33,-0.7351,0.0449,0.3718,19.5725,-41.6489,-36.3817
302285.6836,364832,33,-0.7302,0.0295,0.3845,16.0305,-44.9924,-39.9389
302285.6836,364842,33,-0.7256,0.0022,0.3967,12.6718,-47.8015,-43.0382
302285.8044,364852,34,-0.7163,-0.0481,0.4028,9.8321,-50.0763,-45.0687
302285.8044,364862,34,-0.7026,-0.0881,0.4194,9.2214,-52.1527,-45.5420
302285.8044,364872,34,-0.6792,-0.1077,0.4465,11.1756,-54.2595,-43.7863
302285.8044,364882,34,-0.6846,-0.0828,0.4814,13.8931,-54.4427,-41.8779
302285.8044,364892,34,-0.6858,-0.0667,0.5010,13.1756,-55.1450,-41.0534
302285.8044,364902,34,-0.6919,-0.0815,0.5115,10.2443,-55.5267,-41.8473
302285.8044,364912,34,-0.7046,-0.1172,0.5024,7.3282,-55.5115,-43.3893
302285.8044,364922,34,-0.7012,-0.1538,0.4956,5.4962,-56.1985,-44.2443
302285.8044,364932,34,-0.6985,-0.1941,0.5037,4.8855,-58.0305,-44.1527
302285.8044,364942,34,-0.6851,-0.2156,0.5269,4.3511,-59.6031,-41.9847
302285.8643,364952,35,-0.6628,-0.2046,0.5649,4.3053,-61.5725,-38.7634
302285.8643,364962,35,-0.6167,-0.1704,0.6348,4.2443,-64.0763,-36.6870
302285.8643,364972,35,-0.5667,-0.1301,0.6970,1.7710,-64.4733,-36.6107
302285.8643,364982,35,-0.5752,-0.1487,0.6797,-3.2366,-60.0916,-38.6107
302285.8643,364992,35,-0.6326,-0.2183,0.6099,-8.6260,-54.0763,-40.9771
302285.8643,365002,35,-0.6636,-0.2832,0.5613,-11.1756,-54.3053,-40.4580
302285.8643,365012,35,-0.6594,-0.3416,0.5476,-9.7710,-58.9008,-37.8931
302285.8643,365022,35,-0.6440,-0.3635,0.5625,-5.3130,-62.2290,-32.9924
302285.8643,365032,35,-0.6458,-0.3296,0.6062,-0.9771,-63.6336,-25.8168
302285.8643,365042,35,-0.6340,-0.2874,0.6575,0.0763,-64.4122,-19.2977
302285.9852,365052,36,-0.6416,-0.2493,0.6951,-0.6412,-63.7557,-16.0305
302285.9852,365062,36,-0.6472,-0.2351,0.7083,-3.6489,-64.1374,-15.1298
302285.9852,365072,36,-0.6482,-0.2659,0.7002,-7.6641,-65.1756,-15.3588
302285.9852,365082,36,-0.6438,-0.3184,0.7136,-9.2672,-65.6183,-15.3588
302285.9852,365092,36,-0.6316,-0.3408,0.7285,-8.5038,-67.4504,-12.5496
302285.9852,365102,36,-0.6282,-0.3518,0.7505,-6.9313,-69.1145,-8.1221
302285.9852,365112,36,-0.6255,-0.3308,0.7742,-4.3817,-69.2366,-3.6031
302285.9852,365122,36,-0.6194,-0.2913,0.8018,-3.2214,-69.0076,1.0229
302285.9852,365132,36,-0.6206,-0.2678,0.8037,-4.5954,-67.8473,4.5038
302285.9852,365142,36,-0.6348,-0.2458,0.7976,-7.1298,-66.5649,5.8168
302286.1044,365152,37,-0.6196,-0.2324,0.8147,-9.5725,-68.5649,6.3359
302286.1044,365162,37,-0.6099,-0.2451,0.8286,-10.3359,-69.1908,6.2748
302286.1044,365172,37,-0.6252,-0.2656,0.8242,-10.7634,-68.0611,5.9237
302286.1044,365182,37,-0.6284,-0.2817,0.8350,-12.1679,-68.9008,8.0000
302286.1044,365192,37,-0.6216,-0.2786,0.8655,-11.3435,-69.4962,11.9084
302286.1044,365202,37,-0.6074,-0.2410,0.9011,-7.9695,-69.2214,15.0382
302286.1044,365212,37,-0.5962,-0.1956,0.9326,-7.2214,-68.2443,16.8855
302286.1044,365222,37,-0.5911,-0.1514,0.9492,-10.0153,-67.4656,18.5191
302286.1044,365232,37,-0.5977,-0.1316,0.9346,-14.4580,-66.7481,18.1679
302286.1044,365242,37,-0.6113,-0.1670,0.9182,-18.9313,-65.2366,15.5420
302286.1645,365252,38,-0.6248,-0.2161,0.9060,-20.5649,-64.1527,14.0305
302286.1645,365262,38,-0.5977,-0.2251,0.9385,-18.3359,-65.9389,15.3435
302286.1645,365272,38,-0.5574,-0.2102,0.9902,-15.4504,-67.2672,17.6336
302286.1645,365282,38,-0.5305,-0.1685,1.0178,-14.0153,-65.6183,19.3893
302286.1645,365292,38,-0.5149,-0.1335,1.0225,-16.0458,-62.3359,20.0153
302286.1645,365302,38,-0.5244,-0.1377,0.9978,-20.2748,-59.2366,19.5267
302286.1645,365312,38,-0.5452,-0.1545,0.9685,-23.7710,-56.5191,18.1374
302286.1645,365322,38,-0.5486,-0.1821,0.9663,-27.0229,-55.9847,17.6489
302286.1645,365332,38,-0.5442,-0.2046,0.9785,-28.2595,-56.7939,18.7328
302286.1645,365342,38,-0.5452,-0.1968,1.0034,-25.9847,-56.6107,20.0916
302286.2843,365352,39,-0.5308,-0.1870,1.0388,-24.5802,-57.1603,21.5267
302286.2843,365362,39,-0.5066,-0.1892,1.0552,-24.1069,-56.1069,23.0229
302286.2843,365372,39,-0.5105,-0.1902,1.0571,-22.9313,-53.0229,23.3893
302286.2843,365382,39,-0.4841,-0.2014,1.0701,-24.1527,-51.7863,24.1527
302286.2843,365392,39,-0.4585,-0.1997,1.0813,-25.7863,-49.8779,25.4962
302286.2843,365402,39,-0.4431,-0.2090,1.0876,-26.5496,-46.4733,27.0687
302286.2843,365412,39,-0.4592,-0.1887,1.0640,-25.5115,-42.1374,28.4427
302286.2843,365422,39,-0.4849,-0.1831,1.0305,-26.9466,-39.4656,29.0229
302286.2843,365432,39,-0.4768,-0.1987,1.0049,-28.8397,-40.6107,28.7328
302286.2843,365442,39,-0.4463,-0.2217,1.0020,-30.1832,-42.8855,28.1527
302286.4042,365452,40,-0.4197,-0.2747,1.0208,-32.1832,-44.5954,29.1756
302286.4042,365462,40,-0.4014,-0.3250,1.0364,-31.1603,-43.5267,32.9466
302286.4042,365472,40,-0.4214,-0.3267,1.0469,-25.6794,-40.1374,38.0458
302286.4042,365482,40,-0.4465,-0.2959,1.0627,-20.2290,-37.4351,44.2748
302286.4042,365492,40,-0.4626,-0.2388,1.0830,-16.1527,-35.8473,49.6794
302286.4042,365502,40,-0.4656,-0.1943,1.1084,-15.6641,-34.8092,53.1908
302286.4042,365512,40,-0.4644,-0.1775,1.1128,-18.1679,-34.4580,55.6947
302286.4042,365522,40,-0.4656,-0.1460,1.1194,-19.6031,-33.9695,57.2366
302286.4042,365532,40,-0.4678,-0.1196,1.1233,-20.9924,-34.3359,56.8702
302286.4042,365542,40,-0.4617,-0.1226,1.1370,-22.8397,-34.2748,55.7252
302286.4641,365552,41,-0.4641,-0.1055,1.1572,-22.9313,-31.9847,54.7481
302286.4641,365562,41,-0.4644,-0.0842,1.1746,-23.0992,-28.3664,54.8092
302286.4641,365572,41,-0.4688,-0.0476,1.1736,-22.3817,-23.7252,53.8779
302286.4641,365582,41,-0.4731,-0.0200,1.1658,-22.7023,-19.7863,50.9160
302286.4641,365592,41,-0.4744,-0.0300,1.1335,-26.1221,-17.1908,47.8015
302286.4641,365602,41,-0.4648,-0.0625,1.1069,-30.1679,-15.8779,44.4885
302286.4641,365612,41,-0.4639,-0.1125,1.0854,-33.3130,-15.4046,42.1832
302286.4641,365622,41,-0.4492,-0.1626,1.0854,-33.8626,-16.2901,41.9389
302286.4641,365632,41,-0.4226,-0.1836,1.1189,-31.7252,-16.9924,43.3130
302286.4641,365642,41,-0.4019,-0.1731,1.1433,-27.6336,-15.8473,46.3969
302286.5860,365652,42,-0.4082,-0.1379,1.1641,-24.1679,-12.1679,48.8397
302286.5860,365662,42,-0.4211,-0.0972,1.1633,-23.6641,-8.5496,50.4122
302286.5860,365672,42,-0.4365,-0.0647,1.1499,-24.1832,-5.6336,51.3282
302286.5860,365682,42,-0.4407,-0.0364,1.1426,-24.7939,-2.9771,50.0611
302286.5860,365692,42,-0.4492,-0.0288,1.1104,-27.1298,-0.5344,47.7405
302286.5860,365702,42,-0.4575,-0.0469,1.0667,-29.9695,1.4198,45.1603
302286.5860,365712,42,-0.4619,-0.0659,1.0430,-31.6336,1.8015,42.6107
302286.5860,365722,42,-0.4485,-0.1003,1.0413,-33.0382,-0.0916,42.2748
302286.5860,365732,42,-0.4255,-0.1218,1.0581,-31.8168,-1.8473,43.0076
302286.5860,365742,42,-0.3987,-0.1216,1.0789,-28.3969,-1.3893,43.9695
302286.7632,365752,43,-0.3828,-0.1262,1.0837,-25.4046,2.0916,45.4198
302286.7632,365762,43,-0.4092,-0.1089,1.0627,-22.3817,6.7786,46.5649
302286.7632,365772,43,-0.4265,-0.0737,1.0510,-21.1145,7.9084,47.7710
302286.7632,365782,43,-0.4302,-0.0383,1.0603,-21.0382,7.1450,47.2977
302286.7632,365792,43,-0.4209,-0.0242,1.0740,-22.2901,6.3206,44.3817
302286.7632,365802,43,-0.4043,-0.0486,1.0774,-24.5344,6.9008,40.6718
302286.7632,365812,43,-0.4133,-0.0857,1.0579,-25.8473,9.0687,37.4351
302286.7632,365822,43,-0.4165,-0.1204,1.0498,-26.6565,9.3130,36.4885
302286.7632,365832,43,-0.3982,-0.1375,1.0515,-26.3969,8.1832,37.0229
302286.7632,365842,43,-0.3806,-0.1570,1.0557,-25.9084,8.3053,37.9084
302286.7654,365852,44,-0.3777,-0.1804,1.0413,-24.6718,9.8626,39.5725
302286.7654,365862,44,-0.3811,-0.1826,1.0349,-22.5649,11.0840,42.4275
302286.7654,365872,44,-0.3760,-0.1570,1.0435,-19.8473,12.2901,45.8626
302286.7654,365882,44,-0.3921,-0.1172,1.0469,-17.4809,15.8168,48.5649
302286.7654,365892,44,-0.4221,-0.0625,1.0398,-14.7481,18.7481,49.1603
302286.7654,365902,44,-0.4438,-0.0208,1.0281,-14.3359,19.5420,47.0840
302286.7654,365912,44,-0.4448,-0.0193,1.0330,-16.9008,18.6412,43.4504
302286.7654,365922,44,-0.4341,-0.0532,1.0237,-19.6031,18.0000,39.9847
302286.7654,365932,44,-0.4458,-0.0979,1.0139,-21.4809,19.0687,37.4504
302286.7654,365942,44,-0.4495,-0.1265,1.0117,-22.3053,19.2519,37.6489
302286.8855,365952,45,-0.4419,-0.1162,1.0208,-20.3053,18.9008,39.8321
302286.8855,365962,45,-0.4446,-0.0874,1.0488,-17.1450,20.0763,40.7786
302286.8855,365972,45,-0.4478,-0.0549,1.0530,-15.5115,22.1679,40.6412
302286.8855,365982,45,-0.4695,-0.0281,1.0474,-15.6336,24.6870,39.8015
302286.8855,365992,45,-0.4822,-0.0232,1.0359,-16.9618,26.1527,37.8168
302286.8855,366002,45,-0.4822,-0.0391,1.0278,-17.8779,27.2977,35.5267
302286.8855,366012,45,-0.4873,-0.0544,1.0139,-17.3435,28.7023,34.1679
302286.8855,366022,45,-0.4929,-0.0535,1.0139,-16.2290,29.2519,33.8473
302286.8855,366032,45,-0.4902,-0.0498,1.0212,-15.3588,29.1298,34.0763
302286.8855,366042,45,-0.4934,-0.0420,1.0283,-13.4809,30.0458,34.1679
302287.0038,366052,46,-0.5034,-0.0229,1.0295,-11.6641,31.3282,34.0305
302287.0038,366062,46,-0.5168,-0.0024,1.0291,-11.1603,31.7099,33.9847
302287.0038,366072,46,-0.5195,0.0200,1.0383,-10.3817,32.0153,33.6183
302287.0038,366082,46,-0.5164,0.0471,1.0542,-9.0534,33.1298,32.2901
302287.0038,366092,46,-0.5168,0.0544,1.0574,-8.5954,35.6336,30.3664
302287.0038,366102,46,-0.5237,0.0645,1.0371,-7.8779,38.5954,27.9389
302287.0038,366112,46,-0.5352,0.0593,1.0142,-7.5420,41.1145,25.5267
302287.0038,366122,46,-0.5518,0.0518,0.9778,-7.5573,42.1832,23.7710
302287.0038,366132,46,-0.5496,0.0525,0.9780,-7.1298,41.4504,22.3664
302287.0038,366142,46,-0.5273,0.0454,0.9890,-6.6260,41.2672,20.8397
302287.0630,366152,47,-0.5298,0.0259,0.9756,-5.9084,43.6183,19.2214
302287.0630,366162,47,-0.5366,0.0139,0.9617,-4.3206,46.3206,18.5802
302287.0630,366172,47,-0.5554,0.0100,0.9387,-2.2595,47.5267,18.6107
302287.0630,366182,47,-0.5637,0.0015,0.9131,-0.3053,47.5267,18.5038
302287.0630,366192,47,-0.5688,0.0015,0.8999,2.0763,46.2290,18.5649
302287.0630,366202,47,-0.5674,0.0078,0.8982,4.0611,44.8702,19.0534
302287.0630,366212,47,-0.5637,0.0303,0.9082,5.8931,43.9847,19.2519
302287.0630,366222,47,-0.5698,0.0532,0.9026,7.1908,43.3740,18.3664
302287.0630,366232,47,-0.5793,0.0535,0.8972,7.3740,42.8855,16.4733
302287.0630,366242,47,-0.5891,0.0381,0.8772,7.4351,42.0458,14.6412
302287.1854,366252,48,-0.5681,0.0076,0.8828,7.9695,41.4351,13.4656
302287.1854,366262,48,-0.5557,-0.0127,0.9016,11.1145,43.3282,13.4046
302287.1854,366272,48,-0.5615,0.0051,0.9080,15.4504,46.2595,14.3817
302287.1854,366282,48,-0.5762,0.0271,0.8884,17.4351,48.1679,15.2519
302287.1854,366292,48,-0.5862,0.0337,0.8787,18.1221,49.2977,15.0229
302287.1854,366302,48,-0.5886,0.0425,0.8728,19.2519,49.4351,14.5802
302287.1854,366312,48,-0.5923,0.0466,0.8630,20.0458,49.4656,13.7863
302287.1854,366322,48,-0.5920,0.0535,0.8459,20.8550,49.0687,12.9771
302287.1854,366332,48,-0.5969,0.0706,0.8347,22.3206,48.5496,12.3817
302287.1854,366342,48,-0.5935,0.0947,0.8389,23.4962,48.6107,10.9771
302287.3033,366352,49,-0.5933,0.1030,0.8342,23.2519,49.7099,9.1603
302287.3033,366362,49,-0.6052,0.0986,0.8115,22.3511,51.2977,7.4504
302287.3033,366372,49,-0.6174,0.0955,0.7915,22.8397,51.4656,5.9237
302287.3033,366382,49,-0.6150,0.0908,0.7983,25.0687,50.2748,4.8092
302287.3033,366392,49,-0.6223,0.1072,0.7983,27.5878,50.4122,4.0763
302287.3033,366402,49,-0.6348,0.1130,0.7837,28.4733,50.7328,3.4656
302287.3033,366412,49,-0.6387,0.1182,0.7788,29.1908,50.0000,2.4733
302287.3033,366422,49,-0.6389,0.1262,0.7742,30.2443,48.9466,1.3435
302287.3033,366432,49,-0.6392,0.1304,0.7698,30.3359,49.0076,0.0305
302287.3033,366442,49,-0.6321,0.1274,0.7656,29.9237,49.8473,-1.1298
302287.3641,366452,50,-0.6384,0.1155,0.7471,31.1145,51.5878,-2.2443
302287.3641,366462,50,-0.6494,0.1145,0.7312,33.3435,52.4580,-3.2519
302287.3641,366472,50,-0.6494,0.1145,0.7168,35.6641,52.0611,-4.0458
302287.3641,366482,50,-0.6609,0.1189,0.7029,37.2824,52.0153,-4.9466
302287.3641,366492,50,-0.6621,0.1172,0.6843,37.3740,50.6565,-5.3740
302287.3641,366502,50,-0.6677,0.1177,0.6787,37.7710,48.9008,-6.2443
302287.3641,366512,50,-0.6626,0.1333,0.6807,38.3359,47.1298,-7.6947
302287.3641,366522,50,-0.6641,0.1355,0.6628,37.8015,45.7252,-9.2977
302287.3641,366532,50,-0.6743,0.1240,0.6501,37.5878,45.1298,-11.2519
302287.3641,366542,50,-0.6777,0.1206,0.6360,38.2443,43.7252,-12.5038
302287.4845,366552,51,-0.6716,0.1182,0.6328,39.0534,42.2137,-12.9771
302287.4845,366562,51,-0.6707,0.1155,0.6282,40.3969,41.5878,-13.7710
302287.4845,366572,51,-0.6582,0.1101,0.6304,42.0153,41.1298,-14.5038
302287.4845,366582,51,-0.6501,0.1165,0.6382,44.8702,42.0305,-14.6107
302287.4845,366592,51,-0.6577,0.1353,0.6145,46.7328,44.1679,-15.3435
302287.4845,366602,51,-0.6753,0.1467,0.5884,45.7405,44.9924,-16.6412
302287.4845,366612,51,-0.6736,0.1462,0.5652,43.7252,42.9160,-18.6718
302287.4845,366622,51,-0.6726,0.1267,0.5474,42.1527,41.0534,-20.5191
302287.4845,366632,51,-0.6719,0.1047,0.5322,41.7863,38.8550,-22.0763
302287.4845,366642,51,-0.6680,0.0911,0.5164,42.2290,36.6565,-22.7328
302287.6075,366652,52,-0.6538,0.0688,0.5105,43.3588,34.2748,-23.2061
302287.6075,366662,52,-0.6343,0.0588,0.5205,46.0458,32.5802,-22.6718
302287.6075,366672,52,-0.6218,0.0623,0.5266,49.1908,32.9618,-21.0076
302287.6075,366682,52,-0.6333,0.0740,0.5049,51.2214,34.8092,-19.8931
302287.6075,366692,52,-0.6455,0.0808,0.4741,51.9389,35.1908,-19.4656
302287.6075,366702,52,-0.6582,0.0881,0.4539,51.7557,33.6183,-19.9847
302287.6075,366712,52,-0.6487,0.0645,0.4412,49.2977,30.5038,-20.8702
302287.6075,366722,52,-0.6426,0.0383,0.4441,47.6031,27.5115,-20.6412
302287.6075,366732,52,-0.6375,0.0281,0.4429,48.2137,25.1603,-19.0840
302287.6075,366742,52,-0.6426,0.0308,0.4358,50.0458,24.7176,-17.0229
302287.6632,366752,53,-0.6550,0.0579,0.4241,52.8702,24.0305,-14.9313
302287.6632,366762,53,-0.6609,0.0920,0.4167,55.0076,22.3359,-13.4351
302287.6632,366772,53,-0.6694,0.1326,0.4072,56.0916,20.6565,-13.4046
302287.6632,366782,53,-0.6851,0.1533,0.3923,55.6794,19.3588,-14.4885
302287.6632,366792,53,-0.6890,0.1587,0.3708,54.5649,18.2443,-16.1221
302287.6632,366802,53,-0.7104,0.1648,0.3430,53.8626,17.3740,-18.4122
302287.6632,366812,53,-0.7249,0.1643,0.3271,52.9160,15.0687,-20.9618
302287.6632,366822,53,-0.7217,0.1614,0.3335,52.1069,11.2366,-23.7405
302287.6632,366832,53,-0.7104,0.1514,0.3445,51.5573,7.7405,-26.4427
302287.6632,366842,53,-0.7126,0.1331,0.3501,50.6107,5.5420,-29.0229
302287.7835,366852,54,-0.7112,0.1255,0.3621,50.2595,3.5115,-30.7176
302287.7835,366862,54,-0.7070,0.1152,0.3635,49.5573,1.8321,-31.9237
302287.7835,366872,54,-0.7112,0.1155,0.3647,49.0534,0.1221,-32.8855
302287.7835,366882,54,-0.7017,0.1045,0.3708,48.9618,-2.7328,-34.2595
302287.7835,366892,54,-0.6858,0.0972,0.3948,49.5573,-3.7863,-35.9084
302287.7835,366902,54,-0.6873,0.1038,0.3916,49.8779,-3.5267,-37.2824
302287.7835,366912,54,-0.6982,0.1021,0.3804,48.4122,-4.1679,-39.1298
302287.7835,366922,54,-0.6992,0.0867,0.3723,45.3588,-6.4580,-41.1756
302287.7835,366932,54,-0.6826,0.0593,0.3726,42.5344,-8.0153,-43.3588
302287.7835,366942,54,-0.6965,0.0171,0.3440,40.2443,-7.8779,-44.7634
302287.9041,366952,55,-0.7126,-0.0225,0.3044,40.0763,-8.9160,-45.1298
302287.9041,366962,55,-0.7192,-0.0369,0.3010,41.4656,-12.8702,-43.7405
302287.9041,366972,55,-0.7112,-0.0322,0.3215,43.8168,-17.8015,-41.8015
302287.9041,366982,55,-0.6992,-0.0107,0.3606,45.4962,-21.0076,-41.4351
302287.9041,366992,55,-0.6799,-0.0139,0.3796,43.9695,-23.3130,-41.9847
302287.9041,367002,55,-0.6887,-0.0537,0.3765,40.8092,-22.6412,-43.2977
302287.9041,367012,55,-0.7068,-0.0913,0.3611,39.4962,-22.2443,-43.8473
302287.9041,367022,55,-0.6931,-0.1135,0.3633,39.2672,-25.9847,-43.0687
302287.9041,367032,55,-0.6697,-0.1211,0.3877,38.9618,-29.6183,-41.4962
302287.9041,367042,55,-0.6431,-0.1211,0.4128,39.9847,-30.7328,-39.3130
302287.9641,367052,56,-0.6575,-0.1226,0.3936,40.8244,-28.9771,-38.2748
302287.9641,367062,56,-0.6702,-0.1279,0.3696,40.1679,-28.8550,-37.4962
302287.9641,367072,56,-0.6682,-0.1340,0.3489,38.7176,-31.3740,-36.8092
302287.9641,367082,56,-0.6655,-0.1350,0.3401,37.5115,-34.5649,-35.5267
302287.9641,367092,56,-0.6892,-0.1331,0.3301,35.8321,-37.5267,-34.8550
302287.9641,367102,56,-0.6897,-0.1277,0.3413,33.1603,-40.9771,-34.7176
302287.9641,367112,56,-0.6975,-0.1382,0.3567,30.2595,-44.9618,-35.2824
302287.9641,367122,56,-0.6958,-0.1567,0.3740,27.0229,-49.0534,-35.4962
302287.9641,367132,56,-0.6760,-0.1584,0.4187,26.4885,-53.2824,-35.6489
302287.9641,367142,56,-0.6497,-0.1621,0.4753,25.2672,-56.3817,-36.0458
302288.0851,367152,57,-0.6299,-0.1775,0.5205,23.4962,-57.0076,-35.6183
302288.0851,367162,57,-0.6206,-0.1658,0.5676,22.4885,-56.1985,-34.8092
302288.0851,367172,57,-0.6099,-0.1682,0.5903,20.5191,-55.1298,-34.3817
302288.0851,367182,57,-0.6387,-0.1890,0.5715,18.0763,-51.3893,-34.4733
302288.0851,367192,57,-0.6548,-0.1982,0.5515,16.1832,-48.9924,-32.8702
302288.0851,367202,57,-0.6531,-0.1914,0.5347,15.7710,-50.1985,-30.7176
302288.0851,367212,57,-0.6689,-0.1836,0.5225,14.5802,-50.1374,-29.7405
302288.0851,367222,57,-0.6877,-0.1580,0.5208,13.2061,-51.5420,-28.2137
302288.0851,367232,57,-0.6731,-0.1265,0.5474,12.0611,-55.4504,-27.2519
302288.0851,367242,57,-0.6528,-0.0969,0.5962,11.1145,-58.3969,-29.2061
302288.2041,367252,58,-0.6367,-0.0901,0.6174,7.6947,-59.1450,-31.9389
302288.2041,367262,58,-0.6599,-0.1411,0.5771,2.5954,-57.5420,-34.2748
302288.2041,367272,58,-0.6675,-0.1958,0.5432,0.2290,-58.3206,-35.3130
302288.2041,367282,58,-0.6255,-0.2192,0.5593,0.2137,-64.3359,-34.3053
302288.2041,367292,58,-0.5779,-0.2288,0.5967,0.8550,-67.5267,-33.0840
302288.2041,367302,58,-0.5532,-0.2305,0.6338,0.4733,-67.2061,-31.9084
302288.2041,367312,58,-0.5532,-0.2222,0.6460,-1.4504,-66.6412,-30.5344
302288.2041,367322,58,-0.5696,-0.2446,0.6379,-4.6870,-66.1985,-30.0763
302288.2041,367332,58,-0.5867,-0.2800,0.6426,-5.8931,-65.9695,-29.4198
302288.2041,367342,58,-0.5891,-0.2932,0.6487,-4.4275,-68.2137,-27.1145
302288.2644,367352,59,-0.5864,-0.3123,0.6636,-2.4733,-69.7863,-24.9313
302288.2644,367362,59,-0.5818,-0.3230,0.6770,1.0076,-70.1069,-22.0916
302288.2644,367372,59,-0.5706,-0.3057,0.7153,4.1527,-71.9237,-18.0305
302288.2644,367382,59,-0.5476,-0.2681,0.7676,4.4275,-74.7634,-13.6794
302288.2644,367392,59,-0.5303,-0.2246,0.8188,3.1756,-75.6183,-11.1450
302288.2644,367402,59,-0.5337,-0.1970,0.8342,0.0000,-73.2519,-10.5649
302288.2644,367412,59,-0.5537,-0.1985,0.8052,-4.8397,-70.6718,-12.0153
302288.2644,367422,59,-0.5852,-0.2725,0.7534,-10.4275,-69.9237,-14.8550
302288.2644,367432,59,-0.5933,-0.3540,0.7222,-12.7176,-73.0687,-16.0916
302288.2644,367442,59,-0.5632,-0.4202,0.7456,-11.6489,-79.5573,-12.1985
302288.3842,367452,60,-0.5063,-0.4246,0.8318,-6.8092,-84.2443,-5.2824
302288.3842,367462,60,-0.4465,-0.3599,0.9358,-0.1374,-84.9924,2.2901
302288.3842,367472,60,-0.4631,-0.2632,0.9858,3.3588,-78.9008,6.6718
302288.3842,367482,60,-0.4885,-0.1899,1.0066,-0.3359,-74.0000,7.5420
302288.3842,367492,60,-0.5002,-0.1514,1.0042,-9.1756,-72.9160,6.8244
302288.3842,367502,60,-0.5271,-0.1731,0.9795,-17.4504,-71.1450,1.4351
302288.3842,367512,60,-0.5588,-0.3037,0.9197,-22.7023,-68.9618,-4.8397
302288.3842,367522,60,-0.5820,-0.4312,0.8696,-23.8168,-69.1145,-5.4046
302288.3842,367532,60,-0.5386,-0.5032,0.8904,-20.6870,-74.9924,0.2137
302288.3842,367542,60,-0.4753,-0.5112,0.9587,-14.1527,-79.6031,9.0992
302288.5038,367552,61,-0.4446,-0.4626,1.0105,-7.2977,-78.8092,18.8092
302288.5038,367562,61,-0.4670,-0.3884,1.0532,-4.9924,-75.4809,27.2977
302288.5038,367572,61,-0.4602,-0.2961,1.1199,-5.1145,-73.7405,34.5038
302288.5038,367582,61,-0.4502,-0.1741,1.1951,-5.0840,-71.3282,36.6412
302288.5038,367592,61,-0.4302,-0.0977,1.2224,-9.5420,-67.3740,33.7405
302288.5038,367602,61,-0.4883,-0.1084,1.1501,-19.0992,-59.4046,27.7710
302288.5038,367612,61,-0.5566,-0.2014,1.0737,-27.2214,-53.2214,20.2901
302288.5038,367622,61,-0.5322,-0.3054,1.0486,-30.1832,-55.5420,17.9389
302288.5038,367632,61,-0.4617,-0.3706,1.0732,-27.6183,-58.9313,20.8855
302288.5038,367642,61,-0.4165,-0.3613,1.0979,-22.0000,-57.8626,26.0763
302288.5660,367652,62,-0.4229,-0.3079,1.1028,-17.1450,-53.9084,32.9771
302288.5660,367662,62,-0.4360,-0.2158,1.1003,-14.6412,-49.9389,38.4275
302288.5660,367672,62,-0.4343,-0.1394,1.1147,-15.8321,-48.6412,39.5267
302288.5660,367682,62,-0.4128,-0.1038,1.1431,-20.7023,-47.8168,37.1603
302288.5660,367692,62,-0.4175,-0.1072,1.1187,-25.9542,-43.4504,33.7405
302288.5660,367702,62,-0.4424,-0.1257,1.0718,-30.7176,-39.9542,29.5420
302288.5660,367712,62,-0.4473,-0.1865,1.0225,-35.7710,-41.4656,25.6489
302288.5660,367722,62,-0.4302,-0.2654,0.9995,-38.0305,-44.7634,23.8473
302288.5660,367732,62,-0.3938,-0.3337,1.0029,-36.8550,-48.5802,25.6794
302288.5660,367742,62,-0.3552,-0.3718,1.0195,-33.5267,-50.4733,30.7939
302288.6841,367752,63,-0.3337,-0.3672,1.0359,-28.0458,-49.3588,37.4656
302288.6841,367762,63,-0.3462,-0.3210,1.0432,-22.3969,-46.8550,44.0763
302288.6841,367772,63,-0.3521,-0.2583,1.0576,-19.8931,-46.6107,49.0687
302288.6841,367782,63,-0.3340,-0.2068,1.0891,-19.8779,-47.3740,51.8168
302288.6841,367792,63,-0.3347,-0.1731,1.1121,-21.0534,-45.6489,51.5267
302288.6841,367802,63,-0.3494,-0.1570,1.1221,-23.5267,-43.0229,49.3893
302288.6841,367812,63,-0.3599,-0.1758,1.1072,-28.0305,-41.6947,47.9084
302288.6841,367822,63,-0.3850,-0.1926,1.0896,-30.5038,-40.8092,46.7634
302288.6841,367832,63,-0.3777,-0.2097,1.0938,-30.1985,-42.1374,44.1527
302288.6841,367842,63,-0.3469,-0.2507,1.1021,-31.0840,-43.5420,43.1450
302288.8042,367852,64,-0.3259,-0.2683,1.1357,-30.2748,-42.2290,45.3893
302288.8042,367862,64,-0.3152,-0.2412,1.1614,-26.8550,-39.0840,48.6870
302288.8042,367872,64,-0.3120,-0.2078,1.1746,-24.4885,-35.3130,50.7328
302288.8042,367882,64,-0.3174,-0.1772,1.1658,-24.0916,-30.8702,50.6565
302288.8042,367892,64,-0.3386,-0.1677,1.1472,-25.7710,-27.6336,49.8015
302288.8042,367902,64,-0.3345,-0.1768,1.1333,-28.8397,-26.9313,49.4198
302288.8042,367912,64,-0.3188,-0.1792,1.1362,-29.9695,-27.2824,48.2595
302288.8042,367922,64,-0.3079,-0.1904,1.1367,-30.2443,-26.3359,47.6641
302288.8042,367932,64,-0.3154,-0.2053,1.1201,-30.1679,-24.1679,47.4962
302288.8042,367942,64,-0.3262,-0.2085,1.1157,-29.4962,-23.4198,47.8473
302288.8642,367952,65,-0.3118,-0.2134,1.1292,-28.5802,-23.6641,49.0076
302288.8642,367962,65,-0.3064,-0.2078,1.1375,-27.4504,-22.6870,49.9084
302288.8642,367972,65,-0.2888,-0.2053,1.1670,-26.5496,-21.2366,50.9618
302288.8642,367982,65,-0.2964,-0.1926,1.1736,-26.0611,-18.0916,52.3664
302288.8642,367992,65,-0.3198,-0.1853,1.1584,-25.9237,-14.5954,53.1450
302288.8642,368002,65,-0.3254,-0.1882,1.1541,-26.0916,-13.2061,53.0382
302288.8642,368012,65,-0.3157,-0.1926,1.1519,-25.7557,-12.3817,52.9618
302288.8642,368022,65,-0.3118,-0.2017,1.1506,-25.9237,-11.6031,52.6412
302288.8642,368032,65,-0.3030,-0.2292,1.1421,-26.5802,-10.6412,52.7328
302288.8642,368042,65,-0.2976,-0.2654,1.1287,-26.0916,-9.6031,53.2061
302288.9842,368052,66,-0.3088,-0.2725,1.1377,-24.3511,-9.0076,55.1298
302288.9842,368062,66,-0.3054,-0.2515,1.1726,-22.8550,-9.3740,59.1298
302288.9842,368072,66,-0.2847,-0.2114,1.2283,-20.4885,-8.3359,62.0153
302288.9842,368082,66,-0.2869,-0.1567,1.2542,-17.3130,-3.4198,63.1908
302288.9842,368092,66,-0.3152,-0.1038,1.2378,-15.7710,3.2061,61.8779
302288.9842,368102,66,-0.3374,-0.0798,1.1963,-19.2824,7.4656,58.8244
302288.9842,368112,66,-0.3350,-0.0991,1.1584,-24.4733,9.5115,55.3588
302288.9842,368122,66,-0.3311,-0.1343,1.1406,-27.4962,10.4885,52.2137
302288.9842,368132,66,-0.3206,-0.1829,1.1282,-28.4427,10.7176,50.7634
302288.9842,368142,66,-0.3206,-0.2195,1.1147,-27.2977,12.0458,51.1603
302289.1039,368152,67,-0.3435,-0.2202,1.1167,-24.3511,13.1298,53.3282
302289.1039,368162,67,-0.3435,-0.1890,1.1455,-21.6183,12.5954,56.8244
302289.1039,368172,67,-0.3267,-0.1355,1.1943,-18.8855,13.1145,58.7939
302289.1039,368182,67,-0.3127,-0.0994,1.2173,-17.2977,16.3511,57.6183
302289.1039,368192,67,-0.3386,-0.0659,1.1985,-17.9847,21.9389,56.0000
302289.1039,368202,67,-0.3589,-0.0518,1.1663,-19.7405,25.9542,53.7099
302289.1039,368212,67,-0.3645,-0.0640,1.1384,-20.9313,27.9084,49.6947
302289.1039,368222,67,-0.3643,-0.0969,1.1094,-22.1374,28.9160,46.2137
302289.1039,368232,67,-0.3745,-0.1165,1.1023,-22.9924,29.3435,45.2366
302289.1039,368242,67,-0.3762,-0.1177,1.1150,-22.6107,29.2366,46.4275
302289.1641,368252,68,-0.3704,-0.1033,1.1267,-20.6565,30.3664,47.4198
302289.1641,368262,68,-0.3877,-0.0730,1.1328,-17.7252,33.8168,46.8092
302289.1641,368272,68,-0.4094,-0.0542,1.1191,-16.3511,36.1985,45.4809
302289.1641,368282,68,-0.4224,-0.0562,1.1094,-16.5038,36.9160,43.8015
302289.1641,368292,68,-0.4219,-0.0657,1.1208,-16.0153,36.7176,42.4885
302289.1641,368302,68,-0.4158,-0.0642,1.1389,-13.7405,38.0305,41.5573
302289.1641,368312,68,-0.4287,-0.0488,1.1523,-11.5573,41.0382,40.1527
302289.1641,368322,68,-0.4417,-0.0405,1.1584,-11.6183,43.3588,39.1298
302289.1641,368332,68,-0.4375,-0.0332,1.1587,-11.4656,44.5954,37.6336
302289.1641,368342,68,-0.4412,-0.0310,1.1565,-10.6107,46.5496,35.3740
302289.2847,368352,69,-0.4485,-0.0408,1.1428,-11.0992,49.0229,33.2366
302289.2847,368362,69,-0.4448,-0.0532,1.1216,-11.4351,50.5038,31.4504
302289.2847,368372,69,-0.4421,-0.0728,1.1028,-10.9313,51.8779,30.0763
302289.2847,368382,69,-0.4290,-0.0906,1.0930,-9.3435,53.3740,29.2824
302289.2847,368392,69,-0.4207,-0.0994,1.0823,-6.3664,55.7557,29.5267
302289.2847,368402,69,-0.4316,-0.0989,1.0664,-3.5573,59.1908,29.9084
302289.2847,368412,69,-0.4460,-0.0776,1.0498,-1.1756,61.4198,30.4580
302289.2847,368422,69,-0.4473,-0.0500,1.0378,0.8244,62.1069,30.5954
302289.2847,368432,69,-0.4556,-0.0342,1.0278,2.0458,63.5573,29.2214
302289.2847,368442,69,-0.4651,-0.0405,1.0007,2.1221,64.3511,27.5573
302289.4041,368452,70,-0.4758,-0.0498,0.9768,2.5496,64.3053,26.4275
302289.4041,368462,70,-0.4807,-0.0422,0.9631,4.5496,64.0916,26.0916
302289.4041,368472,70,-0.4954,-0.0271,0.9565,6.9008,64.0153,25.8931
302289.4041,368482,70,-0.4961,-0.0149,0.9597,8.9924,64.2290,25.1756
302289.4041,368492,70,-0.5034,-0.0144,0.9548,11.2824,64.9924,24.7786
302289.4041,368502,70,-0.5190,0.0015,0.9431,13.9695,65.6794,24.3817
302289.4041,368512,70,-0.5190,0.0107,0.9380,16.3206,65.4046,23.9237
302289.4041,368522,70,-0.5100,0.0190,0.9348,18.8702,65.3130,23.1145
302289.4041,368532,70,-0.5103,0.0356,0.9253,21.8321,65.6489,22.1985
302289.4041,368542,70,-0.4871,0.0535,0.9189,24.3817,65.5267,21.0229
302289.4641,368552,71,-0.4854,0.0618,0.9102,26.3511,66.4275,19.1145
302289.4641,368562,71,-0.5139,0.0686,0.8608,27.3588,68.1527,17.5878
302289.4641,368572,71,-0.5366,0.0640,0.8223,27.4504,68.6260,16.5038
302289.4641,368582,71,-0.5596,0.0605,0.7927,28.9160,67.6641,15.3130
302289.4641,368592,71,-0.5723,0.0559,0.7786,31.4962,65.6183,14.6107
302289.4641,368602,71,-0.5776,0.0469,0.7781,35.1145,63.2519,14.0305
302289.4641,368612,71,-0.5769,0.0603,0.7861,39.5115,61.1603,13.8015
302289.4641,368622,71,-0.5686,0.0803,0.7988,42.9466,59.6031,13.5725
302289.4641,368632,71,-0.5693,0.1016,0.7974,45.2366,59.3435,12.0611
302289.4641,368642,71,-0.5630,0.1021,0.7971,45.8931,59.5725,10.0153
302289.5847,368652,72,-0.5708,0.1021,0.7664,46.3817,60.7328,7.5267
302289.5847,368662,72,-0.5972,0.0901,0.7297,45.8015,61.7252,5.0076
302289.5847,368672,72,-0.6069,0.0742,0.7056,45.8931,60.0305,2.9008
302289.5847,368682,72,-0.5991,0.0679,0.7056,47.4351,57.3893,0.8244
302289.5847,368692,72,-0.5911,0.0603,0.7019,48.6107,55.3893,-0.8855
302289.5847,368702,72,-0.5811,0.0659,0.7007,49.6489,54.1985,-2.4275
302289.5847,368712,72,-0.5740,0.0591,0.6902,49.8779,53.6336,-4.3817
302289.5847,368722,72,-0.5771,0.0461,0.6626,48.4885,53.5420,-5.7405
302289.5847,368732,72,-0.5715,0.0337,0.6370,47.6031,52.3664,-6.6107
302289.5847,368742,72,-0.5762,0.0293,0.6233,48.1221,51.2366,-7.2519
302289.7041,368752,73,-0.5779,0.0432,0.6045,49.2977,50.6107,-7.7252
302289.7041,368762,73,-0.5828,0.0530,0.5850,49.6336,49.1450,-8.5954
302289.7041,368772,73,-0.5840,0.0508,0.5710,48.7481,48.1679,-10.3053
302289.7041,368782,73,-0.5940,0.0547,0.5525,48.0153,46.9160,-11.7557
302289.7041,368792,73,-0.5872,0.0522,0.5437,48.2290,45.1450,-13.6641
302289.7041,368802,73,-0.5962,0.0425,0.5291,48.6718,43.9084,-15.7863
302289.7041,368812,73,-0.6052,0.0337,0.5010,48.5038,42.3511,-17.2214
302289.7041,368822,73,-0.6206,0.0276,0.4773,47.8321,40.7023,-18.3511
302289.7041,368832,73,-0.6204,0.0212,0.4731,46.2290,37.4046,-18.7176
302289.7041,368842,73,-0.6067,0.0149,0.4758,45.0076,33.6336,-18.4427
302289.7634,368852,74,-0.6055,0.0208,0.4880,45.3435,31.5420,-18.0458
302289.7634,368862,74,-0.6099,0.0264,0.4827,45.9084,31.0076,-18.0916
302289.7634,368872,74,-0.6396,0.0178,0.4568,46.2748,30.4275,-18.3206
302289.7634,368882,74,-0.6541,0.0176,0.4424,46.7634,27.8779,-18.1679
302289.7634,368892,74,-0.6606,0.0347,0.4495,47.9847,24.5191,-17.6794
302289.7634,368902,74,-0.6604,0.0601,0.4609,48.6565,21.4351,-17.7863
302289.7634,368912,74,-0.6553,0.0698,0.4773,47.3893,19.6183,-19.0534
302289.7634,368922,74,-0.6711,0.0613,0.4741,45.5573,19.6641,-20.3206
302289.7634,368932,74,-0.6904,0.0637,0.4678,45.0229,18.7328,-21.1145
302289.7634,368942,74,-0.6851,0.0728,0.4836,44.6565,15.4656,-22.3969
302289.8836,368952,75,-0.6667,0.0676,0.5020,43.2214,13.1603,-23.8626
302289.8836,368962,75,-0.6746,0.0542,0.5020,42.2290,13.5878,-24.9771
302289.8836,368972,75,-0.6929,0.0422,0.4902,41.8626,14.3511,-26.0153
302289.8836,368982,75,-0.6965,0.0334,0.4744,42.3359,12.8702,-26.3511
302289.8836,368992,75,-0.6946,0.0361,0.4829,43.5573,11.2672,-26.4275
302289.8836,369002,75,-0.7100,0.0496,0.4766,44.1832,10.5802,-26.7939
302289.8836,369012,75,-0.7297,0.0469,0.4639,42.4427,9.2824,-26.8397
302289.8836,369022,75,-0.7349,0.0317,0.4487,40.9160,7.0534,-26.8855
302289.8836,369032,75,-0.7292,0.0166,0.4541,41.3588,4.9771,-27.0534
302289.8836,369042,75,-0.7236,0.0166,0.4739,42.2748,3.7252,-25.9695
302290.0043,369052,76,-0.7236,0.0295,0.4875,43.3588,3.3740,-24.0000
302290.0043,369062,76,-0.7241,0.0520,0.5161,45.0229,3.4198,-23.2214
302290.0043,369072,76,-0.7029,0.0840,0.5383,46.6260,3.1450,-23.3435
302290.0043,369082,76,-0.7141,0.1094,0.5500,45.3740,5.1450,-23.8321
302290.0043,369092,76,-0.7200,0.1184,0.5393,42.5038,5.7557,-25.5267
302290.0043,369102,76,-0.7292,0.1101,0.5300,40.6870,5.6794,-27.9847
302290.0043,369112,76,-0.7515,0.0874,0.4905,39.0382,7.0840,-30.4580
302290.0043,369122,76,-0.7661,0.0715,0.4399,38.6260,8.4885,-31.5725
302290.0043,369132,76,-0.7900,0.0950,0.4182,39.8321,6.3206,-31.7710
302290.0043,369142,76,-0.7634,0.1016,0.4299,39.5420,1.2519,-32.9160
302290.0642,369152,77,-0.7324,0.1191,0.4729,39.9847,-1.6794,-35.5420
302290.0642,369162,77,-0.7192,0.0984,0.4839,37.3435,-1.6641,-39.0229
302290.0642,369172,77,-0.7214,0.0518,0.4695,33.5725,-1.0534,-42.6260
302290.0642,369182,77,-0.6904,0.0010,0.4719,31.1908,-3.5267,-44.2290
302290.0642,369192,77,-0.6594,-0.0371,0.4739,30.5649,-5.4504,-43.9695
302290.0642,369202,77,-0.6472,-0.0730,0.4695,30.9008,-4.1374,-42.8550
302290.0642,369212,77,-0.6489,-0.0823,0.4434,32.5344,-2.2443,-39.8626
302290.0642,369222,77,-0.6863,-0.0940,0.4016,34.7176,-1.0534,-36.6565
302290.0642,369232,77,-0.7292,-0.0884,0.3699,37.3740,-2.1221,-33.5267
302290.0642,369242,77,-0.7415,-0.0547,0.3730,40.3969,-7.3282,-30.7786
302290.1841,369252,78,-0.7573,-0.0049,0.3704,40.7176,-12.3053,-29.4656
302290.1841,369262,78,-0.7478,0.0142,0.3982,39.0687,-17.3893,-30.3359
302290.1841,369272,78,-0.7361,0.0447,0.4294,38.8550,-21.9389,-33.8321
302290.1841,369282,78,-0.7024,0.0159,0.4570,34.7939,-23.1298,-38.4580
302290.1841,369292,78,-0.6995,-0.0269,0.4663,30.3053,-22.6107,-42.0458
302290.1841,369302,78,-0.6714,-0.0669,0.4775,27.6947,-23.8321,-43.2672
302290.1841,369312,78,-0.6733,-0.1008,0.4717,26.8702,-22.9771,-43.3130
302290.1841,369322,78,-0.6826,-0.1255,0.4519,26.9160,-22.2595,-42.5649
302290.1841,369332,78,-0.6807,-0.1326,0.4443,28.2290,-23.1450,-41.0687
302290.1841,369342,78,-0.6853,-0.1260,0.4521,30.1679,-24.8855,-39.2672
302290.3040,369352,79,-0.6746,-0.0986,0.4675,31.4656,-27.4198,-37.9695
302290.3040,369362,79,-0.6675,-0.0632,0.4863,30.9466,-30.3053,-38.0611
302290.3040,369372,79,-0.6638,-0.0527,0.4922,27.3588,-32.0763,-39.2672
302290.3040,369382,79,-0.6733,-0.0652,0.4844,23.6641,-32.9008,-41.6641
302290.3040,369392,79,-0.6885,-0.0864,0.4639,20.7481,-33.2519,-44.3053
302290.3040,369402,79,-0.6975,-0.1296,0.4414,18.5191,-34.5649,-45.2977
302290.3040,369412,79,-0.7026,-0.1489,0.4343,18.6260,-37.0840,-45.7252
302290.3040,369422,79,-0.6956,-0.1543,0.4529,19.4962,-39.8779,-44.4275
302290.3040,369432,79,-0.6738,-0.1311,0.5037,22.2901,-43.0840,-43.2519
302290.3040,369442,79,-0.6516,-0.0850,0.5740,23.7252,-45.1450,-43.8931
302290.3639,369452,80,-0.6382,-0.0447,0.6143,20.7939,-45.2977,-45.3282
302290.3639,369462,80,-0.6411,-0.0359,0.6257,14.9466,-43.8321,-49.5267
302290.3639,369472,80,-0.6238,-0.0681,0.6340,8.5038,-41.5573,-55.3435
302290.3639,369482,80,-0.6272,-0.1401,0.6016,3.5420,-38.6870,-60.2748
302290.3639,369492,80,-0.6487,-0.2351,0.5444,-0.0153,-37.1298,-62.9008
302290.3639,369502,80,-0.6501,-0.3044,0.5093,-0.7634,-39.5267,-61.7710
302290.3639,369512,80,-0.6296,-0.3369,0.5173,2.1374,-44.1679,-58.1832
302290.3639,369522,80,-0.5935,-0.3328,0.5596,6.9466,-47.7405,-53.4198
302290.3639,369532,80,-0.5945,-0.2996,0.5845,11.2366,-48.7786,-49.3130
302290.3639,369542,80,-0.5999,-0.2878,0.5967,11.1298,-48.7481,-46.9618
302290.4844,369552,81,-0.5837,-0.2861,0.6206,9.7252,-50.2901,-44.8244
302290.4844,369562,81,-0.5632,-0.2625,0.6526,9.4656,-51.6489,-42.8092
302290.4844,369572,81,-0.5647,-0.2478,0.6621,8.6412,-51.0382,-42.6107
302290.4844,369582,81,-0.5586,-0.2671,0.6489,6.7481,-50.1221,-43.4504
302290.4844,369592,81,-0.5935,-0.3289,0.6089,5.3893,-47.1908,-43.6794
302290.4844,369602,81,-0.6248,-0.3726,0.5786,6.5038,-46.9008,-42.0153
302290.4844,369612,81,-0.6304,-0.4053,0.5588,8.1221,-51.5878,-39.0382
302290.4844,369622,81,-0.6108,-0.4287,0.5764,9.2977,-57.0229,-34.6565
302290.4844,369632,81,-0.5791,-0.4404,0.6042,11.6794,-61.5725,-29.3130
302290.4844,369642,81,-0.5769,-0.4436,0.6335,13.3740,-63.8321,-24.0763
302290.6037,369652,82,-0.5508,-0.4351,0.6875,14.1374,-66.8702,-18.3664
302290.6037,369662,82,-0.5117,-0.4006,0.7751,16.5496,-68.9160,-12.8702
302290.6037,369672,82,-0.4871,-0.3323,0.8665,18.5802,-67.6794,-9.6489
302290.6037,369682,82,-0.4785,-0.3018,0.9001,15.2519,-62.1832,-9.1145
302290.6037,369692,82,-0.5237,-0.3167,0.8728,9.5878,-54.9313,-10.5954
302290.6037,369702,82,-0.5623,-0.3474,0.8201,4.3817,-53.1908,-11.9542
302290.6037,369712,82,-0.5676,-0.3833,0.7874,-0.3053,-55.4962,-12.1679
302290.6037,369722,82,-0.5603,-0.4299,0.7729,-2.4885,-61.3893,-11.0076
302290.6037,369732,82,-0.4946,-0.4800,0.8118,-1.8931,-66.1679,-8.2748
302290.6037,369742,82,-0.4509,-0.5159,0.8435,1.6947,-63.9695,-3.0534
302290.6641,369752,83,-0.4856,-0.5015,0.8381,6.7176,-57.9847,3.3740
302290.6641,369762,83,-0.4841,-0.4536,0.8513,9.2672,-58.8397,9.0382
302290.6641,369772,83,-0.4680,-0.4070,0.8953,6.7328,-63.7710,14.9618
302290.6641,369782,83,-0.4390,-0.3655,0.9512,2.6870,-64.8397,19.9237
302290.6641,369792,83,-0.4678,-0.3477,0.9377,-0.5038,-60.7481,21.3588
302290.6641,369802,83,-0.5498,-0.3862,0.8572,-3.9084,-55.3740,20.8092
302290.6641,369812,83,-0.5916,-0.4338,0.8003,-5.1756,-57.5725,22.2137
302290.6641,369822,83,-0.5686,-0.4360,0.8159,-3.1756,-66.6260,25.9389
302290.6641,369832,83,-0.5161,-0.4009,0.8848,-0.9771,-74.5954,30.8092
302290.6641,369842,83,-0.4707,-0.3577,0.9661,-0.0763,-77.9542,34.1985
302290.7853,369852,84,-0.4458,-0.3228,1.0518,-0.8397,-75.8779,37.3435
302290.7853,369862,84,-0.4219,-0.2598,1.1118,-0.2595,-71.0382,39.5420
302290.7853,369872,84,-0.4294,-0.1853,1.1309,-2.6412,-65.0229,38.3206
302290.7853,369882,84,-0.4351,-0.1558,1.1055,-11.4809,-58.9618,34.1069
302290.7853,369892,84,-0.4587,-0.1826,1.0515,-21.7863,-53.9847,28.0153
302290.7853,369902,84,-0.4937,-0.2729,0.9651,-29.8626,-51.6489,22.3359
302290.7853,369912,84,-0.5254,-0.3972,0.8853,-33.6489,-52.2901,20.1374
302290.7853,369922,84,-0.4980,-0.4854,0.8555,-31.2214,-56.9466,23.7557
302290.7853,369932,84,-0.4641,-0.5266,0.8801,-23.9389,-61.9084,31.9695
302290.7853,369942,84,-0.4453,-0.4739,0.9419,-13.4656,-63.9084,43.0992
302290.9031,369952,85,-0.4395,-0.3457,1.0320,-4.6870,-64.8092,54.0000
302290.9031,369962,85,-0.4319,-0.2209,1.1067,-0.2748,-64.5649,59.4198
302290.9031,369972,85,-0.4167,-0.1279,1.1746,-0.9771,-63.1145,59.4656
302290.9031,369982,85,-0.4211,-0.0527,1.2209,-6.9466,-57.2061,57.0534
302290.9031,369992,85,-0.4338,-0.0071,1.2122,-15.5420,-49.3893,50.7634
302290.9031,370002,85,-0.4409,-0.0195,1.1807,-24.0916,-43.8321,41.0992
302290.9031,370012,85,-0.4465,-0.0796,1.1182,-32.1679,-40.9313,31.5115
302290.9031,370022,85,-0.4675,-0.1873,1.0386,-39.4504,-39.4351,25.5267
302290.9031,370032,85,-0.4631,-0.2927,0.9973,-42.3969,-41.5725,24.4733
302290.9031,370042,85,-0.4189,-0.3716,0.9868,-40.1832,-45.8626,26.9924
302290.9637,370052,86,-0.3884,-0.4133,0.9951,-34.3359,-46.6718,32.9618
302290.9637,370062,86,-0.3845,-0.3882,1.0210,-27.1450,-45.7557,41.4656
302290.9637,370072,86,-0.3845,-0.3179,1.0586,-21.6947,-45.1908,50.2137
302290.9637,370082,86,-0.3696,-0.2493,1.1201,-18.1985,-45.6947,55.4809
302290.9637,370092,86,-0.3616,-0.1663,1.1777,-15.9084,-42.9313,57.9237
302290.9637,370102,86,-0.3818,-0.0835,1.1899,-16.3664,-37.7252,57.1145
302290.9637,370112,86,-0.4080,-0.0437,1.1748,-20.5496,-34.0153,52.5496
302290.9637,370122,86,-0.4060,-0.0527,1.1509,-26.6565,-31.6489,46.6718
302290.9637,370132,86,-0.4031,-0.0935,1.1177,-32.3511,-30.4580,40.2748
302290.9637,370142,86,-0.3828,-0.1719,1.0903,-36.9008,-31.3435,35.3282
302291.0851,370152,87,-0.3616,-0.2600,1.0728,-38.5496,-32.1069,33.5725
302291.0851,370162,87,-0.3394,-0.3232,1.0747,-36.9618,-31.7557,35.4504
302291.0851,370172,87,-0.3254,-0.3552,1.0867,-33.1603,-30.5038,40.9466
302291.0851,370182,87,-0.3191,-0.3381,1.0991,-27.0992,-28.6107,47.2519
302291.0851,370192,87,-0.3337,-0.2810,1.1086,-22.0000,-26.5496,52.6260
302291.0851,370202,87,-0.3284,-0.2285,1.1274,-20.4122,-26.1679,56.0763
302291.0851,370212,87,-0.3210,-0.1926,1.1443,-20.9008,-24.9160,56.5191
302291.0851,370222,87,-0.3201,-0.1816,1.1428,-23.1145,-22.4580,55.2824
302291.0851,370232,87,-0.3306,-0.1926,1.1257,-25.9237,-20.4122,53.6489
302291.0851,370242,87,-0.3276,-0.2236,1.1111,-28.0458,-19.6641,52.5954
302291.2041,370252,88,-0.3152,-0.2502,1.1167,-28.9618,-20.1832,52.4580
302291.2041,370262,88,-0.3013,-0.2517,1.1338,-28.2901,-19.9237,54.5496
302291.2041,370272,88,-0.2974,-0.2402,1.1406,-25.9847,-18.0763,56.9160
302291.2041,370282,88,-0.2795,-0.2212,1.1492,-23.8931,-15.2214,57.8168
302291.2041,370292,88,-0.2942,-0.2075,1.1328,-23.4962,-10.5802,58.9160
302291.2041,370302,88,-0.3267,-0.2078,1.0996,-23.7557,-6.5038,58.9924
302291.2041,370312,88,-0.3296,-0.2163,1.0818,-24.1832,-6.5191,58.5344
302291.2041,370322,88,-0.3267,-0.2246,1.0813,-24.1069,-7.4504,59.1908
302291.2041,370332,88,-0.3296,-0.2166,1.0918,-22.7481,-7.3588,60.5191
302291.2041,370342,88,-0.3411,-0.1843,1.1123,-21.1450,-7.2824,62.1221
302291.2644,370352,89,-0.3359,-0.1409,1.1538,-20.0000,-7.1756,63.5115
302291.2644,370362,89,-0.3328,-0.1082,1.1802,-18.8397,-4.4733,62.7328
302291.2644,370372,89,-0.3613,-0.0830,1.1794,-19.0992,-0.1527,59.8931
302291.2644,370382,89,-0.3850,-0.0771,1.1704,-22.3053,2.3817,56.8397
302291.2644,370392,89,-0.3782,-0.0974,1.1836,-25.6947,2.6107,54.0763
302291.2644,370402,89,-0.3640,-0.1174,1.1980,-25.7863,4.0611,51.3435
302291.2644,370412,89,-0.3689,-0.1304,1.1877,-25.1145,7.5115,48.9313
302291.2644,370422,89,-0.3921,-0.1572,1.1677,-26.3817,10.5038,47.9695
302291.2644,370432,89,-0.3804,-0.1790,1.1628,-27.4962,11.1908,48.2290
302291.2644,370442,89,-0.3665,-0.1987,1.1765,-26.7786,11.4198,48.8550
302291.3847,370452,90,-0.3550,-0.1606,1.2063,-22.4733,17.4504,52.9618
302291.3847,370462,90,-0.3550,-0.1606,1.2063,-22.4733,17.4504,52.9618
302291.3847,370472,90,-0.3699,-0.1211,1.2151,-19.2366,22.2137,52.2748
302291.3847,370482,90,-0.3826,-0.1072,1.1873,-20.3664,26.1221,51.2519
302291.3847,370492,90,-0.3914,-0.1196,1.1455,-22.7176,30.7786,48.6107
302291.3847,370502,90,-0.3967,-0.1277,1.1125,-22.1985,32.5802,47.4351
302291.3847,370512,90,-0.4102,-0.1228,1.0935,-21.2977,33.6794,46.5038
302291.3847,370522,90,-0.4224,-0.1326,1.0759,-21.5267,33.1756,46.2290
302291.3847,370532,90,-0.4170,-0.1467,1.0867,-21.8168,31.4962,46.5954
302291.3847,370542,90,-0.3975,-0.1418,1.1230,-19.6489,30.6107,47.9847
302291.5040,370552,91,-0.3833,-0.1064,1.1514,-15.0076,32.7786,49.2824
302291.5040,370562,91,-0.4026,-0.0610,1.1519,-12.0000,37.6489,49.4504
302291.5040,370572,91,-0.4146,-0.0457,1.1296,-12.2748,42.0458,48.0916
302291.5040,370582,91,-0.4312,-0.0464,1.1052,-12.3817,45.8473,46.4275
302291.5040,370592,91,-0.4475,-0.0308,1.0850,-10.9618,47.7557,44.4427
302291.5040,370602,91,-0.4443,-0.0288,1.0640,-11.0840,48.6565,42.4275
302291.5040,370612,91,-0.4551,-0.0444,1.0452,-11.2672,49.4656,40.3359
302291.5040,370622,91,-0.4624,-0.0530,1.0261,-10.3969,49.5725,38.9618
302291.5040,370632,91,-0.4526,-0.0632,1.0269,-9.3588,48.8855,38.2901
302291.5040,370642,91,-0.4478,-0.0681,1.0310,-7.6031,48.7328,38.2595
302291.5647,370652,92,-0.4419,-0.0535,1.0349,-4.9313,50.1527,38.6260
302291.5647,370662,92,-0.4478,-0.0261,1.0293,-2.1832,51.7863,38.7023
302291.5647,370672,92,-0.4509,-0.0054,1.0264,0.2901,53.4656,37.4809
302291.5647,370682,92,-0.4641,-0.0022,0.9993,1.3740,56.0611,35.5573
302291.5647,370692,92,-0.4880,-0.0122,0.9600,1.0534,58.4275,33.7557
302291.5647,370702,92,-0.5100,-0.0295,0.9355,0.9924,58.6260,32.6260
302291.5647,370712,92,-0.5176,-0.0232,0.9338,3.1756,56.6565,32.5802
302291.5647,370722,92,-0.5137,0.0044,0.9526,6.6565,54.6260,32.3053
302291.5647,370732,92,-0.5193,0.0332,0.9626,9.1756,54.8397,31.1603
302291.5647,370742,92,-0.5217,0.0532,0.9580,9.9084,56.5954,28.9771
302291.6837,370752,93,-0.5212,0.0513,0.9546,9.8168,57.6183,26.3511
302291.6837,370762,93,-0.5208,0.0469,0.9417,10.1679,58.1832,23.4809
302291.6837,370772,93,-0.5208,0.0339,0.9307,10.7023,59.0687,21.0840
302291.6837,370782,93,-0.5249,0.0205,0.9143,11.3282,60.2290,19.7405
302291.6837,370792,93,-0.5303,0.0305,0.8928,13.2824,61.0534,19.3435
302291.6837,370802,93,-0.5366,0.0410,0.8799,15.2366,61.1145,18.5344
302291.6837,370812,93,-0.5496,0.0410,0.8550,16.5344,60.8244,17.1756
302291.6837,370822,93,-0.5513,0.0552,0.8381,18.3664,59.9084,16.0611
302291.6837,370832,93,-0.5435,0.0583,0.8303,20.3969,58.9466,14.3053
302291.6837,370842,93,-0.5469,0.0530,0.8196,22.6565,59.2366,12.3969
302291.8041,370852,94,-0.5554,0.0601,0.7979,24.7939,59.6031,11.4504
302291.8041,370862,94,-0.5571,0.0718,0.7981,26.7328,58.7176,10.9924
302291.8041,370872,94,-0.5591,0.0874,0.7961,29.1603,58.0458,9.7863
302291.8041,370882,94,-0.5669,0.0942,0.7861,30.1527,58.8092,7.4504
302291.8041,370892,94,-0.5740,0.0757,0.7654,29.4962,59.0382,5.0534
302291.8041,370902,94,-0.5803,0.0479,0.7480,29.5115,58.4885,3.7252
302291.8041,370912,94,-0.5840,0.0251,0.7354,31.5267,57.2061,2.9313
302291.8041,370922,94,-0.5894,0.0317,0.7249,35.1145,55.9847,3.3282
302291.8041,370932,94,-0.5950,0.0464,0.7224,38.0305,54.0916,4.2137
302291.8041,370942,94,-0.6008,0.0588,0.7168,40.1221,52.2290,3.8473
302291.8647,370952,95,-0.6130,0.0557,0.7051,41.0840,50.8550,2.5649
302291.8647,370962,95,-0.6245,0.0515,0.6907,41.6336,48.9160,1.9237
302291.8647,370972,95,-0.6111,0.0549,0.7026,43.6489,46.0916,1.4656
302291.8647,370982,95,-0.5925,0.0596,0.7214,46.2290,45.8321,0.6870
302291.8647,370992,95,-0.5962,0.0752,0.7134,48.2595,48.4427,0.0305
302291.8647,371002,95,-0.6208,0.0825,0.6877,48.5496,50.4580,-0.6718
302291.8647,371012,95,-0.6301,0.0928,0.6743,49.1298,49.6641,-1.2672
302291.8647,371022,95,-0.6311,0.1167,0.6685,50.7176,48.1069,-2.7481
302291.8647,371032,95,-0.6304,0.1277,0.6624,51.0382,47.4198,-5.2519
302291.8647,371042,95,-0.6233,0.1260,0.6523,49.6183,46.1832,-7.5267
302292.0440,371052,96,-0.6245,0.1167,0.6365,48.7176,45.4046,-9.0687
302292.0440,371062,96,-0.6265,0.1025,0.6108,49.1450,45.2672,-10.3664
302292.0440,371072,96,-0.6384,0.1106,0.5879,50.9924,44.4580,-11.2366
302292.0440,371082,96,-0.6399,0.1121,0.5698,52.2137,42.6870,-12.5191
302292.0440,371092,96,-0.6392,0.1099,0.5566,52.3817,41.2824,-13.6336
302292.0440,371102,96,-0.6479,0.1111,0.5474,52.5496,39.2672,-14.3664
302292.0440,371112,96,-0.6370,0.1162,0.5505,52.9160,37.1450,-15.1603
302292.0440,371122,96,-0.6382,0.1099,0.5386,53.4504,36.3206,-16.6412
302292.0440,371132,96,-0.6487,0.1160,0.5330,54.1527,35.6031,-18.1527
302292.0440,371142,96,-0.6462,0.1135,0.5320,54.3206,33.2214,-19.4198
302292.1042,371152,97,-0.6438,0.0923,0.5278,53.8473,31.7710,-20.9466
302292.1042,371162,97,-0.6746,0.0879,0.4968,53.7557,31.9847,-21.7099
302292.1042,371172,97,-0.6870,0.0671,0.4829,54.2748,29.6489,-22.2443
302292.1042,371182,97,-0.6897,0.0776,0.4949,56.5344,26.0916,-22.1069
302292.1042,371192,97,-0.6667,0.0955,0.5178,58.6718,23.2824,-22.7176
302292.1042,371202,97,-0.6746,0.1013,0.5261,58.5191,23.3893,-24.7328
302292.1042,371212,97,-0.6831,0.0986,0.5134,56.8550,22.7023,-26.2443
302292.1042,371222,97,-0.6843,0.0859,0.5151,54.9008,21.0534,-27.9847
302292.1042,371232,97,-0.6780,0.0576,0.5161,53.2061,20.2290,-29.0992
302292.1042,371242,97,-0.6680,0.0581,0.5183,53.8779,19.2977,-28.9618
302292.1640,371252,98,-0.6538,0.0764,0.5347,55.6183,18.1069,-28.8397
302292.1640,371262,98,-0.6448,0.0918,0.5322,56.1069,18.9771,-29.8779
302292.1640,371272,98,-0.6675,0.1035,0.4988,54.8092,20.9160,-31.5115
302292.1640,371282,98,-0.6941,0.0913,0.4551,50.9924,20.7176,-33.2214
302292.1640,371292,98,-0.6890,0.0703,0.4270,47.2366,17.8626,-34.9160
302292.1640,371302,98,-0.6833,0.0562,0.4236,45.7710,13.8779,-35.8626
302292.1640,371312,98,-0.6541,0.0142,0.4207,44.9160,10.7176,-36.2901
302292.1640,371322,98,-0.6526,0.0110,0.4204,47.5115,10.6565,-35.4198
302292.1640,371332,98,-0.6533,0.0364,0.4211,50.1374,9.7099,-34.0000
302292.1640,371342,98,-0.6680,0.0530,0.4138,49.4504,9.7710,-34.0458
302292.2842,371352,99,-0.6917,0.0696,0.4089,47.5420,8.7176,-35.2519
302292.2842,371362,99,-0.6719,0.0532,0.4087,44.9160,5.2519,-36.8092
302292.2842,371372,99,-0.6677,0.0227,0.4163,44.0305,4.1374,-39.0076
302292.2842,371382,99,-0.6782,0.0142,0.4219,44.4885,3.5420,-39.4046
302292.2842,371392,99,-0.6948,0.0183,0.4009,44.5649,2.3511,-38.6260
302292.2842,371402,99,-0.7097,0.0208,0.3882,44.5344,0.8244,-38.8092
302292.2842,371412,99,-0.7185,0.0242,0.3777,44.0458,-1.3282,-39.6947
302292.2842,371422,99,-0.7136,0.0203,0.3789,42.9924,-4.4275,-40.0763
302292.2842,371432,99,-0.6887,-0.0056,0.3857,42.4885,-7.1603,-40.7939
302292.2842,371442,99,-0.6877,-0.0142,0.3835,44.1527,-7.4046,-41.5115
302292.4039,371452,100,-0.6921,-0.0127,0.3811,44.7634,-7.7557,-41.8168
302292.4039,371462,100,-0.6990,-0.0115,0.3708,43.1145,-9.5267,-41.9084
302292.4039,371472,100,-0.6726,-0.0186,0.3823,41.7099,-13.0534,-42.7176
302292.4039,371482,100,-0.6716,-0.0225,0.3967,42.0611,-14.8397,-45.0382
302292.4039,371492,100,-0.6606,-0.0515,0.3779,39.1756,-16.5191,-46.1679
302292.4039,371502,100,-0.6624,-0.0774,0.3560,36.7939,-18.3359,-45.5267
302292.4039,371512,100,-0.6609,-0.0879,0.3508,37.3588,-21.1145,-45.2519
302292.4039,371522,100,-0.6538,-0.0828,0.3645,38.2595,-24.1527,-44.0763
302292.4039,371532,100,-0.6494,-0.0623,0.3718,38.8397,-26.5038,-42.6718
302292.4039,371542,100,-0.6660,-0.0515,0.3660,38.2443,-27.0992,-43.4962
302292.4640,371552,101,-0.6816,-0.0652,0.3403,36.2748,-28.3053,-45.2519
302292.4640,371562,101,-0.6821,-0.0793,0.3328,34.1221,-31.8321,-46.1527
302292.4640,371572,101,-0.6807,-0.1089,0.3459,32.1527,-36.8397,-46.8092
302292.4640,371582,101,-0.6882,-0.1401,0.3525,32.7481,-40.3359,-46.7328
302292.4640,371592,101,-0.6929,-0.1316,0.3743,36.0458,-41.8473,-46.3969
302292.4640,371602,101,-0.6765,-0.1375,0.4060,36.7176,-44.7634,-46.1527
302292.4640,371612,101,-0.6553,-0.1406,0.4304,35.8931,-47.2519,-44.6718
302292.4640,371622,101,-0.6592,-0.1177,0.4744,36.4275,-48.7481,-44.1221
302292.4640,371632,101,-0.6445,-0.0791,0.5229,35.5267,-51.5573,-44.1679
302292.4640,371642,101,-0.6125,-0.0410,0.5808,32.6412,-53.7405,-46.3511
302292.6429,371652,102,-0.5759,-0.0251,0.6152,27.4046,-53.5878,-50.4733
302292.6429,371662,102,-0.5623,-0.0564,0.6040,20.4122,-52.1527,-55.3893
302292.6429,371672,102,-0.5991,-0.1426,0.5452,13.7252,-48.5344,-60.2595
302292.6429,371682,102,-0.6267,-0.2573,0.4768,10.1679,-47.3893,-61.6183
302292.6429,371692,102,-0.6416,-0.3147,0.4475,12.7786,-49.9695,-58.4733
302292.6429,371702,102,-0.6211,-0.3113,0.4639,19.3740,-54.8397,-53.1908
302292.6429,371712,102,-0.5925,-0.2373,0.5122,25.2366,-57.6489,-47.6947
302292.6429,371722,102,-0.5906,-0.1470,0.5681,25.9237,-59.5115,-44.6260
302292.6429,371732,102,-0.5598,-0.0730,0.6338,20.6260,-62.8397,-45.5420
302292.6429,371742,102,-0.5273,-0.0435,0.6753,12.2443,-64.6260,-50.3359
302292.7040,371752,103,-0.5342,-0.1116,0.6536,3.1756,-62.8855,-58.4122
302292.7040,371762,103,-0.5833,-0.2327,0.5781,-2.7939,-58.8397,-65.4046
302292.7040,371772,103,-0.6099,-0.3503,0.5212,-4.8397,-59.4656,-66.1832
302292.7040,371782,103,-0.5881,-0.3970,0.5288,-0.9313,-65.6947,-63.4198
302292.7040,371792,103,-0.5305,-0.4099,0.5745,3.8626,-70.9160,-59.6489
302292.7040,371802,103,-0.4817,-0.4204,0.6265,6.0611,-73.4351,-55.8168
302292.7040,371812,103,-0.4602,-0.4048,0.6719,6.6870,-73.8779,-52.0611
302292.7040,371822,103,-0.4307,-0.3911,0.7170,4.5191,-75.1298,-49.0229
302292.7040,371832,103,-0.4319,-0.4143,0.7229,1.3282,-75.2061,-48.1985
302292.7040,371842,103,-0.4590,-0.4587,0.7209,-1.6489,-73.6947,-47.1756
302292.7633,371852,104,-0.4514,-0.4883,0.7253,-2.6870,-75.7710,-43.9542
302292.7633,371862,104,-0.4443,-0.5061,0.7424,-1.2366,-78.1985,-40.0305
302292.7633,371872,104,-0.4255,-0.4790,0.7654,1.2672,-79.9389,-35.7710
302292.7633,371882,104,-0.4031,-0.4580,0.7739,0.8092,-80.1679,-31.5115
302292.7633,371892,104,-0.4316,-0.4980,0.7178,-1.3588,-77.4656,-28.3969
302292.7633,371902,104,-0.4648,-0.5398,0.6824,-0.4885,-77.3740,-25.0840
302292.7633,371912,104,-0.4651,-0.5669,0.7046,2.0763,-82.8244,-19.4809
302292.7633,371922,104,-0.4277,-0.5701,0.7634,6.6412,-85.6336,-11.6336
302292.7633,371932,104,-0.4341,-0.5081,0.8213,13.2214,-85.4046,-4.3511
302292.7633,371942,104,-0.4473,-0.4265,0.8765,15.4198,-86.5344,1.4198
302292.8835,371952,105,-0.4509,-0.3755,0.9182,12.8855,-88.7939,4.1679
302292.8835,371962,105,-0.4539,-0.3481,0.9619,9.1450,-89.7252,3.7863
302292.8835,371972,105,-0.4353,-0.3474,0.9856,3.8626,-90.1527,1.1756
302292.8835,371982,105,-0.4160,-0.3699,0.9924,-1.5115,-89.3130,-1.4656
302292.8835,371992,105,-0.4229,-0.4033,0.9773,-5.9847,-87.8168,-2.3206
302292.8835,372002,105,-0.4126,-0.4482,0.9658,-9.1298,-86.3053,-0.9924
302292.8835,372012,105,-0.4119,-0.4709,0.9736,-8.1221,-86.5954,0.9618
302292.8835,372022,105,-0.3833,-0.4666,1.0034,-6.8855,-87.6031,5.3588
302292.8835,372032,105,-0.3660,-0.4382,1.0327,-4.9771,-86.3969,9.4962
302292.8835,372042,105,-0.3496,-0.4014,1.0532,-3.9847,-85.3435,11.1603
302293.0617,372052,106,-0.3391,-0.3840,1.0552,-6.6260,-84.1221,12.2901
302293.0617,372062,106,-0.3508,-0.3774,1.0491,-9.8779,-82.4885,13.1298
302293.0617,372072,106,-0.3726,-0.3816,1.0432,-12.0305,-81.5725,13.7099
302293.0617,372082,106,-0.3591,-0.3967,1.0481,-14.0153,-82.7023,13.9542
302293.0617,372092,106,-0.3337,-0.4390,1.0464,-16.6107,-82.7176,15.0992
302293.0617,372102,106,-0.3257,-0.4941,1.0247,-17.6641,-80.8702,17.7252
302293.0617,372112,106,-0.2993,-0.5283,1.0378,-15.8473,-82.0000,22.0916
302293.0617,372122,106,-0.2588,-0.5286,1.0742,-12.4427,-83.6947,29.6336
302293.0617,372132,106,-0.2585,-0.4707,1.1282,-8.0153,-82.1985,37.1450
302293.0617,372142,106,-0.2734,-0.3835,1.1726,-5.6641,-80.4580,42.8702
302293.0638,372152,107,-0.2849,-0.3228,1.2100,-5.8321,-78.1221,45.4198
302293.0638,372162,107,-0.2910,-0.2830,1.2336,-7.1603,-74.7328,44.0153
302293.0638,372172,107,-0.3052,-0.2666,1.2234,-11.9389,-70.3969,42.0763
302293.0638,372182,107,-0.3032,-0.2961,1.1853,-18.2443,-67.3435,38.7634
302293.0638,372192,107,-0.2778,-0.3508,1.1743,-22.9924,-67.3893,35.6489
302293.0638,372202,107,-0.2341,-0.3997,1.1716,-26.5038,-68.5496,36.4275
302293.0638,372212,107,-0.2014,-0.4302,1.1858,-27.3282,-68.3969,39.2977
302293.0638,372222,107,-0.1953,-0.4211,1.1987,-25.4198,-65.9084,43.5725
302293.0638,372232,107,-0.1965,-0.3762,1.2136,-22.5191,-62.5649,48.0000
302293.0638,372242,107,-0.1992,-0.3198,1.2297,-20.8855,-59.4046,50.3969
302293.1842,372252,108,-0.2102,-0.2820,1.2271,-21.8779,-55.7863,51.4198
302293.1842,372262,108,-0.2139,-0.2595,1.2217,-23.6794,-52.4122,50.4427
302293.1842,372272,108,-0.2258,-0.2400,1.2192,-25.6794,-49.4351,49.3893
302293.1842,372282,108,-0.2354,-0.2312,1.2100,-28.3359,-46.4733,48.8244
302293.1842,372292,108,-0.2493,-0.1948,1.2161,-30.0000,-44.6412,47.8321
302293.1842,372302,108,-0.2385,-0.1641,1.2273,-32.3969,-44.3053,46.2901
302293.1842,372312,108,-0.2307,-0.1489,1.2332,-34.8550,-42.0763,42.2137
302293.1842,372322,108,-0.2173,-0.1653,1.2319,-38.7328,-39.5878,36.3359
302293.1842,372332,108,-0.1995,-0.2385,1.1960,-44.0916,-36.3359,31.1603
302293.1842,372342,108,-0.2090,-0.3357,1.1472,-48.4733,-33.2977,28.2443
302293.3038,372352,109,-0.2083,-0.4241,1.1187,-49.7099,-33.9237,29.0229
302293.3038,372362,109,-0.1846,-0.4893,1.1160,-46.6260,-35.6794,33.2824
302293.3038,372372,109,-0.1692,-0.5105,1.1418,-39.5267,-35.7405,39.3282
302293.3038,372382,109,-0.1624,-0.4771,1.1782,-32.1221,-35.3588,46.9618
302293.3038,372392,109,-0.1638,-0.4072,1.2095,-27.0534,-33.9695,53.6947
302293.3038,372402,109,-0.1565,-0.3560,1.2358,-25.6336,-32.1527,56.4580
302293.3038,372412,109,-0.1528,-0.3315,1.2432,-26.2595,-29.5115,57.4198
302293.3038,372422,109,-0.1543,-0.3418,1.2322,-27.7099,-25.8015,57.4046
302293.3038,372432,109,-0.1477,-0.3567,1.2029,-28.0611,-22.4122,57.0076
302293.3038,372442,109,-0.1414,-0.3811,1.1646,-27.9847,-20.4122,57.3588
302293.3646,372452,110,-0.1221,-0.4358,1.1196,-28.5802,-19.9847,58.1985
302293.3646,372462,110,-0.1108,-0.4941,1.0972,-27.2824,-20.1527,61.2824
302293.3646,372472,110,-0.1067,-0.4856,1.1135,-22.9008,-20.6870,68.1679
302293.3646,372482,110,-0.1111,-0.4216,1.1584,-17.5420,-20.3511,76.3206
302293.3646,372492,110,-0.1045,-0.3267,1.1919,-11.7863,-18.1832,80.5649
302293.3646,372502,110,-0.1365,-0.2488,1.1909,-9.5725,-13.4962,79.1145
302293.3646,372512,110,-0.1787,-0.2424,1.1470,-14.3053,-10.2443,75.4809
302293.3646,372522,110,-0.1831,-0.3149,1.1062,-20.9313,-10.3969,71.4504
302293.3646,372532,110,-0.1567,-0.4116,1.0920,-23.6489,-11.9389,69.5725
302293.3646,372542,110,-0.1323,-0.4937,1.1016,-21.4198,-12.9160,72.3969
302293.4843,372552,111,-0.1116,-0.4929,1.1511,-15.1145,-12.3664,79.6336
302293.4843,372562,111,-0.1152,-0.4116,1.2163,-6.6107,-9.7863,89.1450
302293.4843,372572,111,-0.1199,-0.2754,1.2859,0.8244,-5.0992,94.5496
302293.4843,372582,111,-0.1504,-0.1450,1.3132,2.7481,1.8168,94.1527
302293.4843,372592,111,-0.2012,-0.0820,1.2854,-3.2214,8.3511,88.8397
302293.4843,372602,111,-0.2278,-0.1016,1.2327,-12.8855,12.5191,80.5191
302293.4843,372612,111,-0.2373,-0.1694,1.1902,-21.1145,13.8015,72.1832
302293.4843,372622,111,-0.2283,-0.2432,1.1597,-26.2290,13.3435,67.3282
302293.4843,372632,111,-0.2056,-0.3394,1.1335,-27.3282,13.5573,65.8931
302293.4843,372642,111,-0.2075,-0.3967,1.1455,-22.5496,14.3817,68.1679
302293.6088,372652,112,-0.2129,-0.3584,1.1729,-14.7634,14.6718,75.4351
302293.6088,372662,112,-0.2080,-0.2722,1.2246,-7.4504,16.1527,81.8168
302293.6088,372672,112,-0.2085,-0.1865,1.2710,-3.2366,20.9313,83.0076
302293.6088,372682,112,-0.2437,-0.1169,1.2764,-2.7481,27.6336,81.4351
302293.6088,372692,112,-0.2922,-0.0857,1.2456,-5.8168,33.6641,77.8626
302293.6088,372702,112,-0.2986,-0.0813,1.2327,-9.4656,35.4809,73.0840
302293.6088,372712,112,-0.2961,-0.0835,1.2256,-11.4351,36.1985,67.9389
302293.6088,372722,112,-0.2952,-0.1067,1.1990,-13.7405,38.6718,63.2366
302293.6088,372732,112,-0.2981,-0.1370,1.1697,-15.5878,40.7939,59.6336
302293.6088,372742,112,-0.2881,-0.1787,1.1548,-15.7557,41.5573,57.9695
302293.6640,372752,113,-0.2776,-0.2002,1.1458,-13.0840,43.3130,58.2595
302293.6640,372762,113,-0.2812,-0.1848,1.1497,-8.8855,45.1756,59.8626
302293.6640,372772,113,-0.2764,-0.1523,1.1519,-5.5878,47.1908,61.0382
302293.6640,372782,113,-0.2817,-0.1360,1.1328,-3.6183,51.3130,60.1679
302293.6640,372792,113,-0.3201,-0.1174,1.0999,-2.6260,55.1756,59.0076
302293.6640,372802,113,-0.3572,-0.0981,1.0708,-2.3511,56.5954,58.3969
302293.6640,372812,113,-0.3630,-0.0879,1.0654,-0.3969,55.7863,56.5802
302293.6640,372822,113,-0.3760,-0.0627,1.0776,2.6412,56.0305,53.9237
302293.6640,372832,113,-0.4058,-0.0359,1.0801,3.3130,56.9160,51.9237
302293.6640,372842,113,-0.4138,-0.0208,1.0923,2.8244,57.4046,49.0992
302293.7846,372852,114,-0.3960,-0.0198,1.1025,3.0382,58.5802,44.8702
302293.7846,372862,114,-0.4136,-0.0237,1.0935,3.4046,62.3817,40.3511
302293.7846,372872,114,-0.4226,-0.0547,1.0627,1.9695,64.5649,36.5649
302293.7846,372882,114,-0.4224,-0.0964,1.0430,1.5267,65.1298,33.9389
302293.7846,372892,114,-0.4202,-0.1328,1.0161,3.3893,65.6183,32.5344
302293.7846,372902,114,-0.4238,-0.1624,1.0002,6.0153,65.6794,31.9847
302293.7846,372912,114,-0.4243,-0.1807,0.9851,8.3359,64.8855,33.0534
302293.7846,372922,114,-0.4263,-0.1785,0.9858,11.4351,64.0153,35.6183
302293.7846,372932,114,-0.4275,-0.1577,1.0034,15.6947,63.4656,37.9847
302293.7846,372942,114,-0.4226,-0.1135,1.0154,20.2748,63.8473,39.0687
302293.9034,372952,115,-0.4377,-0.0798,1.0273,22.7634,67.0382,39.2519
302293.9034,372962,115,-0.4424,-0.0381,1.0330,24.8702,69.4504,37.9237
302293.9034,372972,115,-0.4646,0.0034,1.0225,26.0000,72.3053,35.9695
302293.9034,372982,115,-0.4805,0.0225,1.0103,25.2214,74.0458,32.4885
302293.9034,372992,115,-0.5000,0.0344,0.9897,23.9847,74.8397,29.0229
302293.9034,373002,115,-0.5085,0.0557,0.9753,23.3893,75.1603,26.0763
302293.9034,373012,115,-0.5085,0.0515,0.9519,22.1679,74.9618,21.7405
302293.9034,373022,115,-0.5105,0.0208,0.9287,21.0992,74.9313,18.1221
302293.9034,373032,115,-0.5293,-0.0105,0.8914,22.5191,75.4504,17.6641
302293.9034,373042,115,-0.5496,-0.0134,0.8638,27.7863,75.9542,19.3740
302293.9647,373052,116,-0.5527,0.0278,0.8667,35.4962,75.5115,21.5267
302293.9647,373062,116,-0.5356,0.0859,0.8774,42.4733,74.9466,22.1679
302293.9647,373072,116,-0.5154,0.1453,0.8894,47.3435,75.3435,20.1069
302293.9647,373082,116,-0.5154,0.1853,0.8726,47.8168,76.3206,15.8473
302293.9647,373092,116,-0.5310,0.1699,0.8337,44.5038,77.0534,9.8779
302293.9647,373102,116,-0.5413,0.1082,0.7952,41.2672,76.3817,3.6183
302293.9647,373112,116,-0.5459,0.0398,0.7744,40.2595,74.7481,-1.0382
302293.9647,373122,116,-0.5383,-0.0166,0.7559,41.6947,72.4122,-3.1450
302293.9647,373132,116,-0.5339,-0.0425,0.7461,44.6260,70.5496,-3.2824
302293.9647,373142,116,-0.5256,-0.0574,0.7439,47.6336,68.2443,-2.3969
302294.0837,373152,117,-0.5198,-0.0657,0.7397,50.6107,66.8702,-1.0534
302294.0837,373162,117,-0.5151,-0.0557,0.7400,54.1527,67.2214,0.5344
302294.0837,373172,117,-0.5273,-0.0315,0.7239,57.0840,68.3817,1.4046
302294.0837,373182,117,-0.5454,-0.0093,0.7017,58.0305,69.0382,1.1756
302294.0837,373192,117,-0.5430,0.0291,0.6870,58.5038,68.4275,0.4885
302294.0837,373202,117,-0.5601,0.0535,0.6641,56.9924,67.8168,-1.8779
302294.0837,373212,117,-0.5769,0.0549,0.6321,53.9237,67.4962,-5.3282
302294.0837,373222,117,-0.5884,0.0479,0.6047,51.5878,65.0076,-8.4733
302294.0837,373232,117,-0.5720,0.0142,0.5842,50.0000,62.1374,-11.4809
302294.0837,373242,117,-0.5667,-0.0198,0.5637,49.9237,60.5038,-12.9008
302294.2046,373252,118,-0.5642,-0.0139,0.5542,52.3206,59.0840,-12.4275
302294.2046,373262,118,-0.5701,0.0083,0.5508,54.4275,56.9313,-12.1832
302294.2046,373272,118,-0.5591,0.0422,0.5554,55.6794,54.2748,-12.9313
302294.2046,373282,118,-0.5527,0.0647,0.5576,55.3588,52.8244,-15.8168
302294.2046,373292,118,-0.5552,0.0281,0.5200,51.9695,54.7634,-18.9160
302294.2046,373302,118,-0.6184,0.0051,0.4500,49.0992,58.0153,-19.4198
302294.2046,373312,118,-0.6201,0.0166,0.4121,49.0076,53.2519,-19.8779
302294.2046,373322,118,-0.5933,0.0273,0.4209,49.9084,47.2061,-21.7863
302294.2046,373332,118,-0.5701,0.0403,0.4348,48.7023,42.8397,-23.5267
302294.2046,373342,118,-0.5505,0.0603,0.4351,46.6107,40.0305,-24.9008
302294.2651,373352,119,-0.5483,0.0652,0.4292,44.3053,37.6641,-27.9542
302294.2651,373362,119,-0.5417,0.0447,0.4033,41.1145,36.1069,-31.6947
302294.2651,373372,119,-0.5383,-0.0005,0.3672,37.9542,36.5344,-34.0916
302294.2651,373382,119,-0.5461,-0.0171,0.3359,38.2595,36.3359,-34.3053
302294.2651,373392,119,-0.5703,0.0029,0.3071,40.8092,34.9160,-34.0000
302294.2651,373402,119,-0.5898,0.0308,0.2803,42.0458,33.1603,-34.8244
302294.2651,373412,119,-0.6025,0.0557,0.2505,40.9313,29.7863,-36.8702
302294.2651,373422,119,-0.6057,0.0681,0.2336,37.7099,23.7405,-39.6031
302294.2651,373432,119,-0.5798,0.0483,0.2302,34.0458,16.3664,-44.0611
302294.2651,373442,119,-0.5754,-0.0103,0.2271,30.4733,11.1298,-48.4427
302294.3833,373452,120,-0.5698,-0.0581,0.2297,27.9695,6.0305,-50.2290
302294.3833,373462,120,-0.5579,-0.0867,0.2271,26.8092,1.3893,-49.7863
302294.3833,373472,120,-0.5811,-0.1165,0.2192,27.4504,0.2901,-48.4733
302294.3833,373482,120,-0.5750,-0.1294,0.2246,30.9008,-2.7023,-47.6489
302294.3833,373492,120,-0.5723,-0.1487,0.2454,33.9695,-5.0687,-46.7939
302294.3833,373502,120,-0.5842,-0.1426,0.2480,35.3130,-7.2672,-44.3664
302294.3833,373512,120,-0.5872,-0.1284,0.2603,36.2290,-11.7863,-43.1145
302294.3833,373522,120,-0.5823,-0.1467,0.2832,34.0916,-16.1679,-44.1221
302294.3833,373532,120,-0.5759,-0.1887,0.2971,30.5649,-20.0000,-44.7176
302294.3833,373542,120,-0.5813,-0.2280,0.2766,27.1603,-23.0229,-43.7557
302294.5038,373552,121,-0.5874,-0.2791,0.2620,24.9466,-26.2290,-42.0305
302294.5038,373562,121,-0.5837,-0.3198,0.2524,24.4885,-29.5878,-39.2977
302294.5038,373572,121,-0.5964,-0.3726,0.2449,25.3740,-32.5649,-34.8855
302294.5038,373582,121,-0.6174,-0.3855,0.2568,29.3282,-36.6260,-28.2290
302294.5038,373592,121,-0.5955,-0.3674,0.3008,33.8321,-43.6947,-21.6641
302294.5038,373602,121,-0.5820,-0.3442,0.3696,35.4656,-49.8931,-16.7176
302294.5038,373612,121,-0.5630,-0.3232,0.4050,34.1221,-53.4198,-12.8550
302294.5038,373622,121,-0.5615,-0.3091,0.4370,32.3817,-55.2519,-9.6947
302294.5038,373632,121,-0.5938,-0.3186,0.4282,28.7939,-56.9313,-8.1985
302294.5038,373642,121,-0.6292,-0.3386,0.3955,25.4351,-57.2824,-6.1985
302294.5644,373652,122,-0.6780,-0.3416,0.3894,23.8015,-58.3053,-2.6260
302294.5644,373662,122,-0.6982,-0.3281,0.4062,23.3893,-62.4122,0.2901
302294.5644,373672,122,-0.6929,-0.2971,0.4775,23.8168,-68.6718,2.0763
302294.5644,373682,122,-0.6746,-0.2485,0.5791,23.2977,-73.0382,3.2824
302294.5644,373692,122,-0.6687,-0.2153,0.6594,20.1069,-73.8473,2.5191
302294.5644,373702,122,-0.7227,-0.2500,0.6711,13.1298,-70.3664,0.6718
302294.5644,373712,122,-0.7769,-0.2849,0.6663,8.1527,-66.3053,0.4122
302294.5644,373722,122,-0.7839,-0.2769,0.7041,8.1221,-67.1756,1.7863
302294.5644,373732,122,-0.7585,-0.2559,0.7693,9.0534,-67.9389,2.5649
302294.5644,373742,122,-0.7585,-0.1960,0.8357,10.1069,-64.9313,3.7863
302294.6851,373752,123,-0.7695,-0.1174,0.8757,8.1679,-61.9542,3.7557
302294.6851,373762,123,-0.7693,-0.0845,0.8909,1.1603,-59.2672,0.4275
302294.6851,373772,123,-0.7451,-0.0750,0.9080,-7.4656,-56.7786,-5.0840
302294.6851,373782,123,-0.7253,-0.0955,0.9060,-16.2901,-52.5649,-11.8626
302294.6851,373792,123,-0.7217,-0.1497,0.8682,-25.8015,-46.5802,-17.4809
302294.6851,373802,123,-0.7480,-0.2351,0.7986,-33.2824,-41.5267,-20.7634
302294.6851,373812,123,-0.7786,-0.3372,0.7236,-35.3435,-38.8550,-21.1908
302294.6851,373822,123,-0.7727,-0.3835,0.7241,-31.4962,-40.9160,-17.5267
302294.6851,373832,123,-0.7439,-0.3706,0.7671,-25.2977,-43.5573,-11.0534
302294.6851,373842,123,-0.7346,-0.3169,0.8120,-19.8168,-42.2595,-4.7328
302294.8038,373852,124,-0.7622,-0.2539,0.8289,-17.2977,-39.5725,-0.3511
302294.8038,373862,124,-0.7864,-0.2048,0.8301,-18.5802,-38.4733,2.1527
302294.8038,373872,124,-0.7974,-0.1960,0.8381,-20.7176,-38.2290,3.4504
302294.8038,373882,124,-0.8062,-0.1885,0.8467,-19.6947,-37.1450,3.4198
302294.8038,373892,124,-0.8113,-0.1772,0.8630,-17.6794,-36.5954,3.5878
302294.8038,373902,124,-0.8020,-0.1755,0.8896,-16.2290,-36.3817,4.9160
302294.8038,373912,124,-0.7932,-0.1558,0.9177,-12.5344,-34.0000,6.1679
302294.8038,373922,124,-0.7869,-0.1238,0.9395,-9.3588,-30.8397,6.7328
302294.8038,373932,124,-0.7830,-0.1118,0.9316,-9.4504,-27.9389,6.9160
302294.8038,373942,124,-0.7649,-0.1301,0.9373,-8.7328,-25.1756,7.0229
302294.8644,373952,125,-0.7637,-0.1106,0.9404,-4.3817,-21.4504,5.9695
302294.8644,373962,125,-0.7903,-0.0967,0.9219,-5.1145,-17.9084,5.8321
302294.8644,373972,125,-0.7991,-0.0793,0.9165,-7.8168,-18.8702,6.9466
302294.8644,373982,125,-0.7959,-0.0498,0.9233,-8.5344,-20.3511,6.5038
302294.8644,373992,125,-0.8027,-0.0264,0.9211,-10.5191,-20.3053,4.7786
302294.8644,374002,125,-0.7900,-0.0164,0.9211,-13.4504,-21.0076,2.3969
302294.8644,374012,125,-0.7434,-0.0330,0.9360,-14.6107,-21.6794,-0.6718
302294.8644,374022,125,-0.6929,-0.0393,0.9644,-13.4046,-19.6183,-3.7099
302294.8644,374032,125,-0.6680,-0.0330,0.9709,-13.6031,-15.0992,-6.9160
302294.8644,374042,125,-0.6870,-0.0725,0.9221,-18.4580,-10.1374,-9.8321
302294.9842,374052,126,-0.7080,-0.1587,0.8706,-23.8626,-7.0992,-11.0687
302294.9842,374062,126,-0.6931,-0.2207,0.8608,-23.2977,-7.2366,-9.5573
302294.9842,374072,126,-0.6711,-0.2366,0.8691,-18.4122,-7.5420,-6.1221
302294.9842,374082,126,-0.6631,-0.2180,0.8770,-13.8168,-6.6412,-1.4962
302294.9842,374092,126,-0.6541,-0.1729,0.8657,-10.6870,-6.0153,3.1756
302294.9842,374102,126,-0.6572,-0.1243,0.8623,-8.8397,-5.7557,5.4656
302294.9842,374112,126,-0.6533,-0.0962,0.8555,-8.1679,-5.3740,4.8702
302294.9842,374122,126,-0.6553,-0.1006,0.8318,-8.8550,-4.2443,3.3130
302294.9842,374132,126,-0.6609,-0.1033,0.7983,-10.3206,-3.9542,2.2443
302294.9842,374142,126,-0.6479,-0.1074,0.7822,-11.2824,-5.8779,1.7557
302295.1040,374152,127,-0.6169,-0.1165,0.7925,-11.3893,-8.2901,0.8702
302295.1040,374162,127,-0.5852,-0.1401,0.7991,-11.0076,-7.6947,0.3817
302295.1040,374172,127,-0.5857,-0.1572,0.7842,-9.3130,-5.4809,0.4275
302295.1040,374182,127,-0.5815,-0.1807,0.7683,-7.8779,-5.4046,1.5573
302295.1040,374192,127,-0.5618,-0.2019,0.7686,-5.8473,-6.6107,3.2214
302295.1040,374202,127,-0.5444,-0.2166,0.7673,-2.4580,-6.1832,5.5725
302295.1040,374212,127,-0.5686,-0.2007,0.7498,0.8550,-4.5496,8.5038
302295.1040,374222,127,-0.5896,-0.1877,0.7314,1.7252,-4.6260,12.0458
302295.1040,374232,127,-0.6169,-0.1545,0.7283,3.2824,-6.3817,14.8855
302295.1040,374242,127,-0.6111,-0.1069,0.7544,5.2519,-10.2290,15.6183
302295.1638,374252,128,-0.6060,-0.0735,0.7952,5.0992,-13.0840,15.2061
302295.1638,374262,128,-0.6023,-0.0469,0.8313,3.2214,-13.1450,14.5344
302295.1638,374272,128,-0.6152,-0.0361,0.8564,1.2214,-11.6489,12.4427
302295.1638,374282,128,-0.6238,-0.0413,0.8601,0.0916,-10.4885,9.3588
302295.1638,374292,128,-0.6235,-0.0552,0.8679,-1.0534,-9.9542,6.8397
302295.1638,374302,128,-0.6228,-0.0684,0.8857,-1.8168,-8.8244,4.9924
302295.1638,374312,128,-0.6279,-0.0793,0.8860,-3.1908,-6.7634,3.8015
302295.1638,374322,128,-0.6230,-0.1155,0.8726,-4.7634,-5.8015,2.7328
302295.1638,374332,128,-0.6125,-0.1296,0.8757,-4.1679,-5.4962,2.5496
302295.1638,374342,128,-0.6045,-0.1287,0.8782,-2.4885,-4.5038,3.2977
302295.2850,374352,129,-0.6133,-0.1143,0.8711,-1.1603,-2.4733,4.4275
302295.2850,374362,129,-0.6106,-0.1084,0.8606,-1.0534,-1.4504,4.9771
302295.2850,374372,129,-0.6040,-0.0969,0.8542,-0.5954,-1.1908,4.8397
302295.2850,374382,129,-0.6064,-0.0798,0.8477,-0.6565,-0.6260,4.5802
302295.2850,374392,129,-0.6133,-0.0750,0.8354,-2.0153,-0.6107,4.0763
302295.2850,374402,129,-0.6040,-0.0728,0.8330,-3.2061,-1.6794,3.2214
302295.2850,374412,129,-0.5991,-0.0710,0.8335,-3.5573,-2.1374,2.0611
302295.2850,374422,129,-0.5894,-0.0815,0.8333,-4.3053,-2.0611,1.1756
302295.2850,374432,129,-0.5815,-0.0928,0.8206,-3.7710,-1.2672,0.5496
302295.2850,374442,129,-0.5906,-0.1006,0.8098,-2.0458,-0.1221,0.0305
302295.4042,374452,130,-0.5752,-0.1191,0.8047,-1.2366,-0.3969,0.4122
302295.4042,374462,130,-0.5767,-0.1306,0.7996,0.7786,0.3359,1.4046
302295.4042,374472,130,-0.6008,-0.1216,0.7820,2.9160,1.5420,2.6565
302295.4042,374482,130,-0.6018,-0.1038,0.7751,3.5267,0.2443,3.8931
302295.4042,374492,130,-0.5933,-0.0854,0.7854,3.7557,-1.4046,4.2443
302295.4042,374502,130,-0.5835,-0.0759,0.7891,2.7176,-2.1374,4.0916
302295.4042,374512,130,-0.5784,-0.0869,0.7964,1.8321,-2.0763,3.4656
302295.4042,374522,130,-0.5759,-0.0981,0.7925,2.6107,-1.3893,2.7023
302295.4042,374532,130,-0.5928,-0.1060,0.7842,3.7405,-0.6412,2.5038
302295.4042,374542,130,-0.6008,-0.1079,0.7778,4.4885,-1.5725,2.5649
302295.4642,374552,131,-0.5984,-0.1025,0.7878,5.4504,-3.3282,2.8702
302295.4642,374562,131,-0.5918,-0.0896,0.8005,6.2748,-4.6412,2.5802
302295.4642,374572,131,-0.5989,-0.0820,0.8071,5.6336,-4.9160,1.7099
302295.4642,374582,131,-0.5947,-0.0811,0.8223,3.5573,-5.4198,1.0687
302295.4642,374592,131,-0.5854,-0.0864,0.8337,1.8168,-4.5038,0.1069
302295.4642,374602,131,-0.5972,-0.1011,0.8213,0.2748,-2.9008,-1.1756
302295.4642,374612,131,-0.6062,-0.1213,0.8152,-0.7939,-2.9771,-1.9389
302295.4642,374622,131,-0.5969,-0.1418,0.8237,-0.1832,-3.8168,-1.8626
302295.4642,374632,131,-0.5872,-0.1362,0.8418,1.7252,-3.3588,-1.3130
302295.4642,374642,131,-0.5969,-0.1248,0.8406,1.9695,-1.9084,-0.9160
302295.5836,374652,132,-0.6060,-0.1226,0.8257,0.9618,-1.7557,-0.8092
302295.5836,374662,132,-0.5984,-0.1145,0.8350,0.7328,-2.2748,-0.8244
302295.5836,374672,132,-0.5898,-0.1021,0.8428,1.0076,-2.3053,-1.3130
302295.5836,374682,132,-0.5872,-0.1033,0.8359,0.8855,-0.9466,-2.3359
302295.5836,374692,132,-0.5952,-0.1118,0.8135,0.0153,0.2595,-3.0382
302295.5836,374702,132,-0.5876,-0.1255,0.8171,-0.4733,0.3664,-2.8855
302295.5836,374712,132,-0.5781,-0.1243,0.8169,0.3206,1.8473,-2.7939
302295.5836,374722,132,-0.5999,-0.1250,0.7947,0.2443,3.5420,-2.4885
302295.5836,374732,132,-0.6055,-0.1262,0.7761,-0.0458,2.7786,-2.0763
302295.5836,374742,132,-0.5889,-0.1287,0.7856,0.3817,0.2290,-1.6336
302295.7035,374752,133,-0.5813,-0.1277,0.7993,1.6336,-0.3664,-1.2366
302295.7035,374762,133,-0.5886,-0.1267,0.7969,2.3511,0.1985,-0.9924
302295.7035,374772,133,-0.5898,-0.1299,0.7964,2.6107,0.2137,-0.3664
302295.7035,374782,133,-0.5925,-0.1221,0.8064,3.5573,0.3053,0.3359
302295.7035,374792,133,-0.5920,-0.1108,0.8125,3.5878,0.5344,0.7481
302295.7035,374802,133,-0.5930,-0.1140,0.8193,2.3969,0.7023,1.0229
302295.7035,374812,133,-0.6030,-0.1062,0.8088,2.6870,0.9466,0.8092
302295.7035,374822,133,-0.6140,-0.0999,0.7954,2.8397,0.4733,0.4733
302295.7035,374832,133,-0.6133,-0.0986,0.7915,2.5344,-0.8702,0.1374
302295.7035,374842,133,-0.6079,-0.1052,0.7915,2.0153,-2.6565,-0.2748
302295.7640,374852,134,-0.6006,-0.1094,0.8010,1.9084,-3.5573,-0.6870
302295.7640,374862,134,-0.5908,-0.1123,0.8154,1.9847,-3.6031,-0.6565
302295.7640,374872,134,-0.5881,-0.1184,0.8210,2.2901,-2.8244,-0.7634
302295.7640,374882,134,-0.5918,-0.1138,0.8286,2.6870,-1.7405,-0.8855
302295.7640,374892,134,-0.5906,-0.1086,0.8308,2.5649,-0.5954,-0.7481
302295.7640,374902,134,-0.5920,-0.1050,0.8235,2.1374,0.5954,-1.0992
302295.7640,374912,134,-0.5994,-0.1121,0.8079,1.4198,1.4351,-1.6031
302295.7640,374922,134,-0.6038,-0.1179,0.7942,1.0992,1.4198,-1.8779
302295.7640,374932,134,-0.6011,-0.1255,0.7795,0.8855,0.6107,-1.4809
302295.7640,374942,134,-0.6047,-0.1218,0.7739,1.8626,-0.0458,-0.8550
302295.8851,374952,135,-0.5925,-0.1199,0.7708,2.9618,-0.9924,-0.4122
302295.8851,374962,135,-0.5894,-0.1255,0.7729,3.8015,-1.2519,-0.0458
302295.8851,374972,135,-0.6016,-0.1248,0.7708,4.4733,-1.2824,0.5496
302295.8851,374982,135,-0.5938,-0.1208,0.7812,4.5038,-3.0229,1.1603
302295.8851,374992,135,-0.5798,-0.1277,0.8010,4.5802,-4.5649,1.1298
302295.8851,375002,135,-0.5735,-0.1377,0.8076,4.4427,-4.1221,1.1756
302295.8851,375012,135,-0.5767,-0.1504,0.8074,4.8397,-2.5496,1.8931
302295.8851,375022,135,-0.5977,-0.1570,0.7915,5.8473,-1.2672,2.8092
302295.8851,375032,135,-0.6030,-0.1626,0.7847,6.7023,-2.1374,4.1985
302295.8851,375042,135,-0.6018,-0.1404,0.7991,8.3206,-3.6336,6.0763
302296.0040,375052,136,-0.5938,-0.1079,0.8167,9.5115,-4.1069,7.6183
302296.0040,375062,136,-0.6006,-0.0723,0.8232,9.6947,-2.9466,7.5420
302296.0040,375072,136,-0.6230,-0.0393,0.8181,8.3053,-2.1832,6.2595
302296.0040,375082,136,-0.6265,-0.0264,0.8203,5.1298,-2.7481,4.3206
302296.0040,375092,136,-0.6140,-0.0242,0.8235,1.7405,-4.0000,1.8779
302296.0040,375102,136,-0.5979,-0.0510,0.8381,-0.3053,-3.8473,-0.8244
302296.0040,375112,136,-0.5918,-0.0806,0.8406,-1.2672,-1.9542,-2.5038
302296.0040,375122,136,-0.6089,-0.0967,0.8228,-1.2977,0.0916,-2.3053
302296.0040,375132,136,-0.6106,-0.0989,0.8186,-0.1679,-0.1069,-1.5267
302296.0040,375142,136,-0.5981,-0.0850,0.8279,1.1450,-0.7786,-1.0229
302296.0643,375152,137,-0.5947,-0.0845,0.8291,1.2366,-0.1527,-1.1908
302296.0643,375162,137,-0.6011,-0.0874,0.8142,0.4580,0.5496,-1.4962
302296.0643,375172,137,-0.6018,-0.0928,0.7986,-0.5649,0.1069,-1.3588
302296.0643,375182,137,-0.6003,-0.1047,0.7952,-0.8092,-0.9008,-1.0076
302296.0643,375192,137,-0.5942,-0.0962,0.7988,0.2290,-1.3588,-0.2748
302296.0643,375202,137,-0.5884,-0.0737,0.8147,1.3282,-1.2061,0.1374
302296.0643,375212,137,-0.5869,-0.0608,0.8181,1.0229,-0.1679,0.0305
302296.0643,375222,137,-0.5999,-0.0535,0.8076,0.2595,1.2214,-0.5038
302296.0643,375232,137,-0.6072,-0.0547,0.7903,-0.7023,1.0229,-1.4351
302296.0643,375242,137,-0.5994,-0.0659,0.7839,-1.3130,-0.1832,-2.5344
302296.1843,375252,138,-0.5881,-0.0781,0.7842,-1.0382,-1.5115,-3.1145
302296.1843,375262,138,-0.5845,-0.0923,0.7834,-0.5496,-1.9084,-3.0076
302296.1843,375272,138,-0.5884,-0.0999,0.7825,0.3969,-1.8626,-2.4427
302296.1843,375282,138,-0.5881,-0.0972,0.7876,1.1450,-2.2901,-1.6641
302296.1843,375292,138,-0.5771,-0.1055,0.8037,1.3435,-3.0076,-0.9924
302296.1843,375302,138,-0.5693,-0.1003,0.8123,1.8931,-3.0076,-0.3511
302296.1843,375312,138,-0.5674,-0.0938,0.8086,2.3206,-2.5649,0.1832
302296.1843,375322,138,-0.5740,-0.0845,0.8000,2.4122,-1.8168,0.0458
302296.1843,375332,138,-0.5728,-0.0791,0.7903,1.9542,-2.1221,-0.1069
302296.1843,375342,138,-0.5750,-0.0850,0.7734,1.1298,-2.6260,-0.5954
302296.3031,375352,139,-0.5703,-0.1038,0.7554,0.8397,-3.2366,-1.4656
302296.3031,375362,139,-0.5706,-0.1284,0.7324,1.7710,-4.0000,-2.5802
302296.3031,375372,139,-0.5757,-0.1541,0.7112,2.1832,-4.3359,-3.7405
302296.3031,375382,139,-0.5891,-0.1799,0.6951,1.4351,-5.3740,-4.1527
302296.3031,375392,139,-0.5867,-0.2009,0.6973,-0.3359,-7.7557,-4.3511
302296.3031,375402,139,-0.5754,-0.2339,0.7153,-3.2519,-10.4580,-4.7328
302296.3031,375412,139,-0.5676,-0.2903,0.7402,-6.9008,-12.3206,-4.3206
302296.3031,375422,139,-0.5715,-0.3464,0.7380,-9.1756,-12.3206,-2.7328
302296.3031,375432,139,-0.5811,-0.4006,0.7437,-8.9771,-12.4275,0.0916
302296.3031,375442,139,-0.5889,-0.4194,0.7261,-7.1908,-12.3664,3.9695
302296.3638,375452,140,-0.6309,-0.4575,0.7058,-7.1298,-11.0534,9.1908
302296.3638,375462,140,-0.6833,-0.4619,0.6973,-5.8473,-13.1450,14.4275
302296.3638,375472,140,-0.7190,-0.4419,0.7241,-5.1450,-16.3206,20.1679
302296.3638,375482,140,-0.7388,-0.4211,0.7917,-5.0076,-20.9466,25.7099
302296.3638,375492,140,-0.7458,-0.3743,0.8933,-4.1985,-23.3740,29.7863
302296.3638,375502,140,-0.7507,-0.3413,0.9868,-6.0458,-22.3664,32.9313
302296.3638,375512,140,-0.7615,-0.3125,1.0640,-8.0916,-18.5038,36.0916
302296.3638,375522,140,-0.7825,-0.2710,1.1250,-9.2519,-12.8397,38.6107
302296.3638,375532,140,-0.8083,-0.2000,1.1758,-9.7557,-6.9618,41.0229
302296.3638,375542,140,-0.8354,-0.1260,1.2097,-10.1221,-1.0840,42.0458
302296.4842,375552,141,-0.8613,-0.0422,1.2371,-10.9466,5.2977,41.4046
302296.4842,375562,141,-0.8821,0.0278,1.2466,-13.5267,11.1756,39.2977
302296.4842,375572,141,-0.8943,0.0574,1.2288,-17.0382,16.5038,35.4504
302296.4842,375582,141,-0.8972,0.0593,1.2026,-19.0229,21.2519,31.4504
302296.4842,375592,141,-0.8877,0.0735,1.1943,-19.0992,24.4733,29.5115
302296.4842,375602,141,-0.8545,0.0977,1.1965,-18.5649,27.5725,28.7634
302296.4842,375612,141,-0.8411,0.1335,1.1973,-16.6107,32.6718,27.9237
302296.4842,375622,141,-0.8494,0.1877,1.1899,-13.5573,38.6565,27.0840
302296.4842,375632,141,-0.8579,0.2424,1.1714,-12.0763,43.3282,25.3130
302296.4842,375642,141,-0.8401,0.2712,1.1597,-11.9847,47.0840,22.0000
302296.6080,375652,142,-0.8389,0.2705,1.1282,-11.5420,51.1298,17.5420
302296.6080,375662,142,-0.8262,0.2288,1.0955,-10.0000,53.8015,14.0611
302296.6080,375672,142,-0.8127,0.1931,1.0798,-5.3130,55.7252,12.2901
302296.6080,375682,142,-0.7795,0.1777,1.0911,1.4809,56.5496,12.6565
302296.6080,375692,142,-0.7312,0.1990,1.1199,9.4198,55.7252,15.0229
302296.6080,375702,142,-0.6816,0.2427,1.1685,16.4885,56.2137,17.9847
302296.6080,375712,142,-0.6633,0.3220,1.1987,22.9160,60.7023,19.8931
302296.6080,375722,142,-0.6226,0.3953,1.2034,27.0840,65.9847,19.6641
302296.6080,375732,142,-0.6155,0.4656,1.2026,30.0000,73.3130,17.5725
302296.6080,375742,142,-0.5964,0.5420,1.1863,32.8397,79.8626,14.1069
302296.6644,375752,143,-0.5891,0.6094,1.1545,35.1908,85.6947,7.8779
302296.6644,375762,143,-0.5625,0.6626,1.1108,36.2595,89.0992,-0.9313
302296.6644,375772,143,-0.5398,0.6851,1.0327,35.3130,92.6412,-10.2595
302296.6644,375782,143,-0.5134,0.6824,0.9485,34.5038,95.2214,-20.3359
302296.6644,375792,143,-0.4861,0.6592,0.8657,34.3817,95.6794,-29.7099
302296.6644,375802,143,-0.4497,0.6318,0.7961,35.4962,94.3359,-37.2824
302296.6644,375812,143,-0.3970,0.5808,0.7312,38.9466,91.9542,-44.7939
302296.6644,375822,143,-0.3508,0.5195,0.6812,45.1756,89.9542,-51.5878
302296.6644,375832,143,-0.3003,0.4670,0.6284,51.7099,89.5573,-56.5649
302296.6644,375842,143,-0.2700,0.4263,0.5723,57.1908,89.8779,-60.1221
302296.7850,375852,144,-0.2424,0.3831,0.5066,61.9847,88.4275,-61.6641
302296.7850,375862,144,-0.2278,0.3645,0.4302,67.1756,86.4733,-62.2595
302296.7850,375872,144,-0.2000,0.3584,0.3689,72.3664,81.5267,-63.9847
302296.7850,375882,144,-0.1545,0.3491,0.3188,76.7328,75.2214,-66.9313
302296.7850,375892,144,-0.1196,0.3333,0.2471,80.2443,70.3053,-71.8626
302296.7850,375902,144,-0.1050,0.2952,0.1633,82.2137,65.0534,-77.9237
302296.7850,375912,144,-0.0747,0.2483,0.0818,83.1603,57.5573,-83.5573
302296.7850,375922,144,-0.0491,0.1946,0.0054,83.5420,48.7481,-88.1985
302296.7850,375932,144,-0.0117,0.1487,-0.0642,83.6336,38.3664,-91.2061
302296.7850,375942,144,0.0334,0.0938,-0.1064,84.2901,27.7405,-94.3206
302296.9041,375952,145,0.0789,0.0325,-0.1514,85.2824,18.6107,-97.4656
302296.9041,375962,145,0.0898,-0.0181,-0.2241,85.8473,9.7710,-99.0229
302296.9041,375972,145,0.0901,-0.0815,-0.2778,85.2061,-2.2901,-100.2443
302296.9041,375982,145,0.1028,-0.1497,-0.3027,84.0458,-16.1679,-101.3588
302296.9041,375992,145,0.1091,-0.2107,-0.3052,82.4580,-30.1679,-102.2290
302296.9041,376002,145,0.0999,-0.2876,-0.3098,80.2137,-44.8855,-103.3893
302296.9041,376012,145,0.0986,-0.3674,-0.2827,76.5649,-61.2214,-103.2519
302296.9041,376022,145,0.1116,-0.4602,-0.2285,72.1374,-78.9160,-101.0229
302296.9041,376032,145,0.1370,-0.5459,-0.1536,68.9160,-94.7634,-96.9924
302296.9041,376042,145,0.1541,-0.6196,-0.0723,67.5115,-107.9847,-91.3130
302296.9632,376052,146,0.1606,-0.7036,0.0105,67.6947,-119.8015,-84.3969
302296.9632,376062,146,0.1536,-0.7471,0.0813,68.9466,-127.0229,-77.1756
302296.9632,376072,146,0.1267,-0.7695,0.1331,67.7863,-132.6718,-70.2443
302296.9632,376082,146,0.0967,-0.8062,0.1758,64.1221,-141.5420,-64.1527
302296.9632,376092,146,0.1140,-0.8406,0.2715,59.9695,-153.8015,-59.6641
302296.9632,376102,146,0.1130,-0.9050,0.3552,54.8550,-164.4885,-54.6107
302296.9632,376112,146,0.0708,-0.9646,0.4248,50.8397,-169.8168,-48.7176
302296.9632,376122,146,0.0186,-1.0193,0.4897,46.5344,-176.5344,-42.4427
302296.9632,376132,146,-0.0171,-1.0801,0.5579,40.1985,-182.8092,-35.4046
302296.9632,376142,146,-0.0361,-1.1619,0.6294,32.0305,-187.6489,-28.6412
302297.0853,376152,147,-0.0315,-1.2803,0.7029,24.6412,-196.6412,-20.9313
302297.0853,376162,147,-0.0029,-1.3848,0.8203,22.8702,-205.8779,-10.0153
302297.0853,376172,147,-0.0059,-1.4287,0.9678,23.6031,-212.6565,4.5344
302297.0853,376182,147,-0.0327,-1.4524,1.0996,21.5725,-215.2672,22.7939
302297.0853,376192,147,-0.0889,-1.4092,1.2375,20.0458,-214.4733,40.9924
302297.0853,376202,147,-0.1431,-1.3374,1.3643,17.6947,-212.9618,58.3664
302297.0853,376212,147,-0.1589,-1.2361,1.4983,14.4885,-210.7176,71.6794
302297.0853,376222,147,-0.1758,-1.1509,1.6211,7.0992,-205.9389,81.7557
302297.0853,376232,147,-0.2319,-1.1211,1.6660,-4.8702,-195.5573,89.1756
302297.0853,376242,147,-0.2808,-1.1155,1.7295,-16.4580,-187.3435,95.2672
302297.2038,376252,148,-0.3242,-1.0864,1.7966,-25.1756,-181.7557,104.8092
302297.2038,376262,148,-0.3044,-1.0425,1.8840,-30.0763,-176.0611,113.8015
302297.2038,376272,148,-0.2979,-0.9919,1.9795,-34.6565,-167.9695,121.4198
302297.2038,376282,148,-0.3499,-0.9441,2.0356,-40.4275,-155.0382,130.8397
302297.2038,376292,148,-0.3821,-0.8694,2.1301,-43.0076,-142.4122,140.1832
302297.2038,376302,148,-0.3926,-0.7524,2.2271,-44.2595,-130.0000,149.2214
302297.2038,376312,148,-0.4202,-0.6511,2.2798,-47.8168,-115.5725,154.7328
302297.2038,376322,148,-0.4304,-0.5928,2.2937,-54.3206,-101.2672,154.8550
302297.2038,376332,148,-0.4331,-0.6155,2.3010,-62.3817,-87.5878,154.1374
302297.2038,376342,148,-0.4048,-0.6445,2.3037,-66.3359,-75.3893,158.6565
302297.2639,376352,149,-0.3545,-0.5193,2.3157,-59.0534,-47.7405,175.4962
302297.2639,376362,149,-0.3215,-0.3928,2.3108,-54.7634,-34.2901,184.3817
302297.2639,376372,149,-0.3311,-0.2659,2.2925,-51.4198,-19.7405,189.6336
302297.2639,376382,149,-0.3535,-0.1333,2.2593,-50.3817,-6.2748,191.7099
302297.2639,376392,149,-0.3694,-0.0425,2.2532,-51.9237,5.8931,189.4809
302297.2639,376402,149,-0.3542,0.0212,2.2737,-50.7786,16.3664,183.0687
302297.2639,376412,149,-0.3232,0.1108,2.3237,-45.5878,26.6718,176.6870
302297.2639,376422,149,-0.3022,0.1816,2.3518,-42.2748,37.8168,171.7405
302297.2639,376432,149,-0.2405,0.2900,2.4041,-38.4885,49.3588,167.6336
302297.2639,376442,149,-0.2009,0.4121,2.4258,-36.1527,65.4198,164.8092
302297.3834,376452,150,-0.1545,0.5178,2.4148,-36.0305,82.0611,160.2748
302297.3834,376462,150,-0.1206,0.6260,2.3701,-33.6489,100.0000,152.7939
302297.3834,376472,150,-0.1296,0.7131,2.2668,-32.1985,118.2901,142.7023
302297.3834,376482,150,-0.1611,0.7607,2.1348,-33.6489,133.0687,130.9618
302297.3834,376492,150,-0.1719,0.7671,2.0085,-33.5573,141.6336,118.5191
302297.3834,376502,150,-0.1685,0.7354,1.8894,-31.0687,146.8244,107.5878
302297.3834,376512,150,-0.1389,0.6892,1.7764,-25.4351,150.7786,99.1908
302297.3834,376522,150,-0.1301,0.6489,1.6682,-16.5496,154.8550,92.9618
302297.3834,376532,150,-0.1179,0.6282,1.5701,-5.7863,158.2137,88.3817
302297.3834,376542,150,-0.1062,0.6167,1.5017,5.3588,160.2137,83.7099
302297.5041,376552,151,-0.1001,0.6460,1.4431,16.7786,160.7481,80.3053
302297.5041,376562,151,-0.0774,0.6631,1.3979,26.3359,161.0687,74.8855
302297.5041,376572,151,-0.0647,0.6953,1.3425,33.5420,162.8092,67.5115
302297.5041,376582,151,-0.0874,0.7007,1.2600,37.1908,163.9237,58.8397
302297.5041,376592,151,-0.1028,0.6494,1.1619,37.8321,163.3588,47.2519
302297.5041,376602,151,-0.0969,0.6001,1.1050,39.4504,160.8092,36.5802
302297.5041,376612,151,-0.0742,0.5366,1.0615,41.6489,155.5725,29.0382
302297.5041,376622,151,-0.0503,0.4661,1.0242,47.9542,152.9466,21.9542
302297.5041,376632,151,-0.0181,0.4395,1.0081,58.8702,151.4351,15.5267
302297.5041,376642,151,0.0134,0.4519,0.9768,68.4733,150.2290,11.8779
302297.5642,376652,152,0.0193,0.4844,0.9360,74.6107,150.9618,8.3817
302297.5642,376662,152,0.0129,0.5085,0.8508,77.3282,152.7939,2.1069
302297.5642,376672,152,0.0054,0.5005,0.7603,76.0763,153.2214,-5.6336
302297.5642,376682,152,0.0012,0.4719,0.6807,75.0382,151.2824,-12.8702
302297.5642,376692,152,-0.0400,0.4543,0.5947,75.6641,149.4351,-18.9771
302297.5642,376702,152,-0.0759,0.4343,0.5254,75.7405,144.8397,-23.6336
302297.5642,376712,152,-0.0852,0.4265,0.4700,78.5191,136.8092,-28.3359
302297.5642,376722,152,-0.0991,0.4131,0.4236,83.3588,128.9771,-34.7023
302297.5642,376732,152,-0.1123,0.3997,0.3906,89.5267,121.0534,-41.5115
302297.5642,376742,152,-0.1096,0.4009,0.3767,96.1985,113.3130,-47.6641
302297.6854,376752,153,-0.0889,0.3923,0.3582,99.2519,107.0229,-53.2061
302297.6854,376762,153,-0.0854,0.3508,0.3374,99.8931,102.5649,-59.5573
302297.6854,376772,153,-0.0854,0.2966,0.3132,100.2595,98.6107,-64.6870
302297.6854,376782,153,-0.0920,0.2612,0.2888,102.0153,93.0992,-67.6641
302297.6854,376792,153,-0.0906,0.2322,0.2666,104.8550,86.1832,-70.4427
302297.6854,376802,153,-0.0901,0.2087,0.2310,108.3206,79.8015,-74.7328
302297.6854,376812,153,-0.0989,0.1670,0.1948,110.5038,74.4427,-79.8321
302297.6854,376822,153,-0.1101,0.1277,0.1462,111.3282,68.0153,-83.7710
302297.6854,376832,153,-0.1184,0.0691,0.1125,110.8244,60.9008,-86.4885
302297.6854,376842,153,-0.1172,0.0210,0.0906,110.6718,53.2214,-87.5878
302297.8041,376852,154,-0.1284,-0.0083,0.0627,111.3435,45.8473,-87.9542
302297.8041,376862,154,-0.1301,-0.0559,0.0405,111.1756,38.2595,-88.8397
302297.8041,376872,154,-0.1382,-0.1096,0.0022,111.9389,31.8473,-89.3893
302297.8041,376882,154,-0.1587,-0.1360,-0.0312,114.6565,24.4580,-89.6336
302297.8041,376892,154,-0.1531,-0.1843,-0.0476,115.5878,13.6489,-88.2595
302297.8041,376902,154,-0.1599,-0.2200,-0.0474,117.6489,3.2366,-85.4351
302297.8041,376912,154,-0.1790,-0.2656,-0.0459,118.9466,-5.4809,-81.6031
302297.8041,376922,154,-0.2039,-0.2769,-0.0466,121.4046,-11.6489,-78.0000
302297.8041,376932,154,-0.2136,-0.2832,-0.0308,122.1832,-19.5420,-75.3893
302297.8041,376942,154,-0.2063,-0.3005,-0.0278,120.0611,-30.2595,-73.4656
302297.8641,376952,155,-0.1951,-0.3049,0.0027,117.6336,-41.8931,-73.1145
302297.8641,376962,155,-0.1821,-0.3435,0.0061,112.7481,-54.5649,-73.3740
302297.8641,376972,155,-0.1997,-0.4084,-0.0027,107.6641,-61.8779,-73.6183
302297.8641,376982,155,-0.1892,-0.4585,-0.0054,104.9618,-70.8244,-73.2214
302297.8641,376992,155,-0.1401,-0.5095,0.0200,102.8855,-84.3511,-71.5573
302297.8641,377002,155,-0.1311,-0.5398,0.0676,101.2977,-95.2519,-68.1679
302297.8641,377012,155,-0.1562,-0.5464,0.0940,98.8702,-101.6489,-64.6870
302297.8641,377022,155,-0.2056,-0.5603,0.0842,94.6718,-104.8092,-63.6947
302297.8641,377032,155,-0.2510,-0.6025,0.0752,87.8015,-112.4427,-64.2595
302297.8641,377042,155,-0.2478,-0.6743,0.0928,79.5267,-126.4580,-63.0076
302297.9835,377052,156,-0.2104,-0.7183,0.1694,76.2748,-141.2519,-60.7176
302297.9835,377062,156,-0.1475,-0.7083,0.2957,75.7863,-155.3740,-56.8244
302297.9835,377072,156,-0.0796,-0.6765,0.4246,70.6107,-166.7176,-52.1679
302297.9835,377082,156,-0.0515,-0.6689,0.5159,61.7405,-171.6794,-50.2901
302297.9835,377092,156,-0.0698,-0.7107,0.5334,51.5878,-171.6336,-49.8473
302297.9835,377102,156,-0.1392,-0.8108,0.5015,40.6565,-166.4885,-48.0000
302297.9835,377112,156,-0.1709,-0.8401,0.5044,35.0992,-166.9466,-41.9542
302297.9835,377122,156,-0.1138,-0.8127,0.5823,33.4809,-174.8397,-35.5878
302297.9835,377132,156,-0.1196,-0.7798,0.6553,30.5191,-177.4962,-33.3588
302297.9835,377142,156,-0.1135,-0.7559,0.7454,20.8855,-181.4351,-31.8321
302298.1035,377152,157,-0.1365,-0.7834,0.8135,5.7557,-185.9237,-30.4885
302298.1035,377162,157,-0.1421,-0.8989,0.9077,-7.8015,-190.8092,-31.8779
302298.1035,377172,157,-0.1482,-1.0198,0.9983,-12.6718,-193.2214,-28.6870
302298.1035,377182,157,-0.2031,-1.0701,1.0884,-11.2824,-189.2824,-20.7634
302298.1035,377192,157,-0.1833,-1.0837,1.2129,-9.8779,-189.6641,-10.9466
302298.1035,377202,157,-0.1465,-1.0767,1.3313,-12.1985,-188.7328,0.6412
302298.1035,377212,157,-0.1479,-1.0286,1.4106,-15.3893,-181.6489,10.2290
302298.1035,377222,157,-0.2053,-1.0227,1.4365,-22.6260,-174.1985,16.5191
302298.1035,377232,157,-0.2817,-1.1025,1.4102,-31.3588,-167.3893,21.4351
302298.1035,377242,157,-0.3010,-1.1265,1.4751,-33.7099,-162.2595,29.0687
302298.1644,377252,158,-0.2681,-1.0295,1.5901,-29.0076,-159.1908,40.3359
302298.1644,377262,158,-0.2549,-0.8440,1.7310,-22.7481,-152.5802,45.3588
302298.1644,377272,158,-0.2227,-0.6965,1.8196,-24.2748,-145.1145,43.6947
302298.1644,377282,158,-0.3074,-0.6162,1.7866,-32.7023,-136.1069,36.9313
302298.1644,377292,158,-0.3892,-0.6965,1.6873,-52.2137,-127.5267,28.5954
302298.1644,377302,158,-0.4609,-0.8330,1.6143,-71.5878,-124.6260,25.4962
302298.1644,377312,158,-0.4805,-0.9807,1.6069,-82.4885,-132.2748,30.1069
302298.1644,377322,158,-0.4055,-1.0923,1.6814,-84.3206,-139.5420,38.8702
302298.1644,377332,158,-0.3000,-1.1660,1.7891,-82.2595,-139.5267,53.2977
302298.1644,377342,158,-0.2336,-1.2207,1.8521,-76.5649,-131.6031,71.3130
302298.2843,377352,159,-0.1985,-1.2559,1.9209,-66.6870,-120.2901,90.9466
302298.2843,377362,159,-0.1824,-1.2043,2.0083,-52.5802,-108.8397,115.9542
302298.2843,377372,159,-0.2061,-1.0398,2.1025,-34.9618,-92.6260,141.2824
302298.2843,377382,159,-0.2512,-0.8264,2.1816,-22.7481,-77.2061,159.9389
302298.2843,377392,159,-0.2798,-0.6157,2.2725,-18.8244,-66.0458,173.1603
302298.2843,377402,159,-0.2839,-0.4172,2.3337,-19.9695,-57.2061,181.8473
302298.2843,377412,159,-0.2861,-0.2612,2.3508,-24.4427,-44.1069,181.3435
302298.2843,377422,159,-0.3037,-0.2183,2.3281,-32.5496,-25.0840,172.4427
302298.2843,377432,159,-0.3186,-0.2515,2.2957,-40.5496,-8.5496,164.8702
302298.2843,377442,159,-0.3071,-0.2415,2.2949,-42.6565,2.7176,163.4351
302298.4032,377452,160,-0.2439,-0.2217,2.3142,-42.2595,13.4351,164.8702
302298.4032,377462,160,-0.2031,-0.1682,2.3291,-40.0000,28.6107,166.5802
302298.4032,377472,160,-0.2109,-0.0627,2.3052,-36.6107,46.3817,169.9695
302298.4032,377482,160,-0.2051,0.0774,2.2698,-34.6870,61.9542,171.1145
302298.4032,377492,160,-0.2058,0.2009,2.2222,-35.0840,75.2061,167.7863
302298.4032,377502,160,-0.2461,0.2600,2.1277,-37.4809,88.8397,160.0000
302298.4032,377512,160,-0.2590,0.2874,2.0286,-37.4504,99.7557,148.5344
302298.4032,377522,160,-0.2507,0.2668,1.9482,-38.5802,105.5267,139.0992
302298.4032,377532,160,-0.2126,0.2529,1.9058,-37.5267,110.5344,134.0458
302298.4032,377542,160,-0.1538,0.2815,1.8894,-31.9237,115.1603,130.9924
302298.5238,377552,161,-0.1260,0.3640,1.8628,-24.2443,123.0534,127.8931
302298.5238,377562,161,-0.0823,0.4290,1.8284,-18.9160,131.9542,122.3969
302298.5238,377572,161,-0.0972,0.4897,1.7354,-16.8855,143.1450,115.8626
302298.5238,377582,161,-0.1113,0.4724,1.5913,-17.2519,152.1221,105.7710
302298.5238,377592,161,-0.1367,0.4402,1.4656,-14.7939,157.0840,95.8626
302298.5238,377602,161,-0.1313,0.4202,1.3921,-11.9695,156.5802,89.4656
302298.5238,377612,161,-0.0850,0.4131,1.3574,-8.7786,153.8931,85.9237
302298.5238,377622,161,-0.0571,0.4009,1.2988,-4.9313,155.3282,82.5954
302298.5238,377632,161,-0.0657,0.4028,1.2258,0.9313,159.6031,80.9160
302298.5238,377642,161,-0.0776,0.3938,1.1516,9.5725,160.6412,79.7710
302298.5871,377652,162,-0.0769,0.4231,1.1243,23.2824,157.7863,79.2061
302298.5871,377662,162,-0.0513,0.4983,1.1145,36.3359,155.4351,78.1679
302298.5871,377672,162,-0.0571,0.5928,1.0747,47.8473,157.0687,74.6412
302298.5871,377682,162,-0.0935,0.6665,1.0159,56.5191,159.7863,64.3206
302298.5871,377692,162,-0.1094,0.7002,0.9448,60.4885,159.8015,50.2595
302298.5871,377702,162,-0.1245,0.6641,0.8516,58.4580,159.9847,36.3969
302298.5871,377712,162,-0.1631,0.5962,0.7317,56.1679,160.7328,24.9618
302298.5871,377722,162,-0.1748,0.5356,0.6399,58.0000,156.1985,16.2748
302298.5871,377732,162,-0.1533,0.5039,0.5962,64.2443,148.4122,9.5573
302298.5871,377742,162,-0.1414,0.4822,0.5481,71.9237,142.3359,2.5649
302298.7036,377752,163,-0.1394,0.4568,0.5005,78.0153,137.4198,-4.2290
302298.7036,377762,163,-0.1228,0.4417,0.4653,82.7634,130.9618,-9.8626
302298.7036,377772,163,-0.1021,0.4170,0.4341,86.1221,125.4504,-14.8244
302298.7036,377782,163,-0.0857,0.3867,0.4055,89.5420,122.4733,-20.4885
302298.7036,377792,163,-0.0955,0.3972,0.3738,93.4809,120.5191,-25.0534
302298.7036,377802,163,-0.1111,0.3708,0.3147,93.2977,117.2519,-30.0916
302298.7036,377812,163,-0.1296,0.3455,0.2527,93.3130,112.9771,-35.9389
302298.7036,377822,163,-0.1301,0.3320,0.2234,95.2977,105.9695,-41.5420
302298.7036,377832,163,-0.1160,0.2957,0.2026,97.1298,97.5267,-48.1679
302298.7036,377842,163,-0.1038,0.2632,0.1768,99.5115,89.9847,-54.7176
302298.8236,377852,164,-0.1025,0.2185,0.1482,100.8092,82.7481,-60.7481
302298.8236,377862,164,-0.0779,0.1438,0.1072,102.1832,75.8626,-66.4885
302298.8236,377872,164,-0.0701,0.1079,0.0869,106.4275,70.9618,-69.8015
302298.8236,377882,164,-0.0813,0.1064,0.0662,110.3969,64.6565,-70.4733
302298.8236,377892,164,-0.0977,0.1023,0.0334,110.5191,58.2595,-71.9847
302298.8236,377902,164,-0.0967,0.1033,0.0044,109.0992,51.9542,-75.4504
302298.8236,377912,164,-0.1106,0.0779,-0.0352,105.1756,44.5802,-80.3053
302298.8236,377922,164,-0.1274,0.0059,-0.0964,98.7634,35.7405,-87.0534
302298.8236,377932,164,-0.1326,-0.0994,-0.1506,93.8779,24.8855,-91.7557
302298.8236,377942,164,-0.1414,-0.1921,-0.1997,93.9542,13.3740,-93.7099
302298.8836,377952,165,-0.1433,-0.2710,-0.2244,97.6489,1.6336,-93.4198
302298.8836,377962,165,-0.1055,-0.3064,-0.1877,103.5573,-12.7786,-89.7405
302298.8836,377972,165,-0.0881,-0.3008,-0.1340,108.1832,-24.8092,-83.8015
302298.8836,377982,165,-0.0850,-0.2910,-0.0923,108.7786,-34.2443,-79.8321
302298.8836,377992,165,-0.0615,-0.2883,-0.0503,107.8168,-44.6718,-79.1603
302298.8836,378002,165,-0.0767,-0.3062,-0.0322,104.0305,-53.6641,-81.4809
302298.8836,378012,165,-0.0933,-0.3667,-0.0220,95.5725,-62.1527,-83.7099
302298.8836,378022,165,-0.0879,-0.4451,-0.0125,87.5267,-73.6947,-85.2214
302298.8836,378032,165,-0.1094,-0.5222,-0.0039,80.9771,-84.3206,-86.4733
302298.8836,378042,165,-0.0928,-0.6133,0.0261,76.8702,-97.2977,-87.7863
302299.0045,378052,166,-0.0884,-0.6982,0.0686,76.7328,-107.3130,-87.0687
302299.0045,378062,166,-0.1252,-0.7634,0.0962,75.2977,-112.2137,-83.0076
302299.0045,378072,166,-0.1252,-0.8079,0.1414,73.1298,-120.1374,-76.9924
302299.0045,378082,166,-0.1099,-0.8594,0.2144,70.6107,-131.9237,-69.7099
302299.0045,378092,166,-0.0852,-0.9153,0.2979,68.9160,-141.0382,-60.6260
302299.0045,378102,166,-0.0510,-0.8772,0.3967,72.6260,-146.0153,-50.9771
302299.0045,378112,166,-0.0679,-0.8379,0.4592,70.7328,-148.2901,-43.5420
302299.0045,378122,166,-0.0969,-0.8547,0.4858,61.2672,-150.0611,-38.1985
302299.0045,378132,166,-0.1155,-0.8818,0.5220,53.7557,-153.7252,-33.1145
302299.0045,378142,166,-0.1348,-0.9141,0.5791,47.4809,-158.1374,-29.0840
302299.0637,378152,167,-0.1338,-0.9839,0.6877,40.7176,-165.1450,-23.0992
302299.0637,378162,167,-0.0808,-0.9858,0.8408,41.6183,-169.1450,-16.0153
302299.0637,378172,167,-0.0664,-0.9966,0.9648,40.2748,-166.8702,-10.7328
302299.0637,378182,167,-0.1455,-1.1184,0.9536,30.1985,-158.3053,-5.1450
302299.0637,378192,167,-0.2437,-1.2253,0.9133,23.8168,-152.6718,3.9695
302299.0637,378202,167,-0.3591,-1.2627,0.9031,20.9313,-155.8931,17.6489
302299.0637,378212,167,-0.4402,-1.2646,0.9329,14.9466,-161.8168,33.6947
302299.0637,378222,167,-0.5522,-1.2019,1.0271,9.8015,-171.2672,49.2214
302299.0637,378232,167,-0.5955,-1.0708,1.1792,4.9618,-188.4885,63.7710
302299.0637,378242,167,-0.5571,-0.9573,1.4165,-1.3893,-201.6641,71.9847
302299.1844,378252,168,-0.5520,-0.9028,1.6096,-9.3588,-198.8702,76.2901
302299.1844,378262,168,-0.5579,-0.9226,1.7122,-19.8931,-186.8244,78.3511
302299.1844,378272,168,-0.5327,-0.9858,1.8015,-28.3664,-175.8015,80.3359
302299.1844,378282,168,-0.5181,-0.9878,1.8826,-30.9924,-160.9160,87.2672
302299.1844,378292,168,-0.5725,-0.9258,1.9324,-33.6031,-145.4198,97.8626
302299.1844,378302,168,-0.5459,-0.8035,2.0005,-37.0687,-135.3893,107.7710
302299.1844,378312,168,-0.5588,-0.6897,2.0491,-41.8931,-123.9237,111.2366
302299.1844,378322,168,-0.6116,-0.6282,2.0212,-51.2366,-109.6794,114.4885
302299.1844,378332,168,-0.6414,-0.5964,1.9434,-59.1450,-96.0458,115.7099
302299.1844,378342,168,-0.6614,-0.5950,1.8699,-63.5267,-85.7252,114.7328
302299.3036,378352,169,-0.6721,-0.6357,1.7881,-67.3130,-78.3053,117.2519
302299.3036,378362,169,-0.6533,-0.6487,1.7490,-66.2290,-72.7786,123.3435
302299.3036,378372,169,-0.6284,-0.6289,1.8140,-61.7863,-69.6641,132.4580
302299.3036,378382,169,-0.5837,-0.5500,1.9192,-54.4580,-64.4122,145.6183
302299.3036,378392,169,-0.5371,-0.4097,2.0288,-44.0611,-54.9924,158.0305
302299.3036,378402,169,-0.5315,-0.2285,2.1104,-36.0305,-40.6565,165.6489
302299.3036,378412,169,-0.5410,-0.0808,2.1362,-34.9618,-25.9237,169.0534
302299.3036,378422,169,-0.5273,0.0425,2.1162,-36.2748,-12.2137,168.1221
302299.3036,378432,169,-0.5317,0.1448,2.0923,-38.5038,1.4656,160.8550
302299.3036,378442,169,-0.5151,0.1938,2.0442,-42.8092,12.9313,150.9313
302299.3641,378452,170,-0.4727,0.1936,2.0005,-47.0992,22.1527,140.7328
302299.3641,378462,170,-0.4568,0.1711,1.9387,-49.4351,31.7557,131.9389
302299.3641,378472,170,-0.4412,0.1433,1.8687,-49.3130,41.1908,126.8550
302299.3641,378482,170,-0.4285,0.1680,1.8125,-44.5038,48.6107,123.0534
302299.3641,378492,170,-0.4138,0.1914,1.7820,-40.8244,55.0076,119.0687
302299.3641,378502,170,-0.3748,0.1755,1.7449,-40.3206,61.3740,116.4580
302299.3641,378512,170,-0.3826,0.1658,1.6919,-37.9084,70.6260,114.0000
302299.3641,378522,170,-0.4033,0.1270,1.6282,-33.9389,76.3206,111.7252
302299.3641,378532,170,-0.3923,0.1228,1.6138,-27.1145,79.7405,112.8855
302299.3641,378542,170,-0.3374,0.2266,1.6531,-16.7786,80.8855,116.8550
302299.4839,378552,171,-0.2729,0.2925,1.6809,-8.7786,83.8626,117.2672
302299.4839,378562,171,-0.2288,0.3926,1.6514,-2.6870,91.4962,114.2137
302299.4839,378572,171,-0.2517,0.4167,1.5210,-1.7405,100.6870,105.5420
302299.4839,378582,171,-0.3264,0.2759,1.3271,-6.8550,108.3511,95.4962
302299.4839,378592,171,-0.3521,0.2241,1.2236,-2.8702,105.8321,94.9008
302299.4839,378602,171,-0.2717,0.2727,1.2905,9.1145,93.8015,100.9160
302299.4839,378612,171,-0.1985,0.4138,1.4265,26.8702,88.3053,105.0534
302299.4839,378622,171,-0.1375,0.6021,1.5232,41.2672,88.5191,104.9313
302299.4839,378632,171,-0.0928,0.7654,1.5720,48.7023,91.5115,94.8855
302299.4839,378642,171,-0.0295,0.8274,1.6079,45.6947,103.1298,74.7786
302299.6031,378652,172,-0.0474,0.7598,1.5171,32.7328,127.6947,53.4809
302299.6031,378662,172,-0.1296,0.6624,1.3359,20.3359,147.8168,38.9313
302299.6031,378672,172,-0.1311,0.5581,1.2195,14.7481,149.9695,30.8244
302299.6031,378682,172,-0.0947,0.4966,1.1470,18.3969,146.7328,26.8397
302299.6031,378692,172,-0.0872,0.5066,1.0752,27.5420,147.2824,26.8702
302299.6031,378702,172,-0.1057,0.5317,0.9915,36.4275,149.3435,26.5954
302299.6031,378712,172,-0.1230,0.5654,0.9077,43.7863,149.4962,23.9237
302299.6031,378722,172,-0.1428,0.5879,0.8235,49.2977,146.9924,19.3588
302299.6031,378732,172,-0.1604,0.6133,0.7520,52.2290,141.9542,13.8168
302299.6031,378742,172,-0.1377,0.5981,0.6995,54.4733,134.0916,7.1145
302299.6641,378752,173,-0.1313,0.5769,0.6592,57.6947,134.0000,0.4427
302299.6641,378762,173,-0.1707,0.5864,0.5959,60.8244,137.2672,-4.5649
302299.6641,378772,173,-0.1885,0.5872,0.5403,61.4198,133.1450,-10.0458
302299.6641,378782,173,-0.1775,0.5498,0.4993,62.6107,125.9847,-17.8779
302299.6641,378792,173,-0.1760,0.4988,0.4651,67.4656,121.4198,-26.0611
302299.6641,378802,173,-0.1768,0.4663,0.4270,73.4198,117.9695,-31.9542
302299.6641,378812,173,-0.2073,0.4490,0.3782,76.4580,115.1603,-35.1298
302299.6641,378822,173,-0.2500,0.4358,0.3279,78.4733,110.3359,-37.8473
302299.6641,378832,173,-0.2705,0.4336,0.3000,81.8779,103.0534,-42.1374
302299.6641,378842,173,-0.2700,0.4373,0.2798,85.2519,94.1374,-48.8550
302299.7853,378852,174,-0.2886,0.3965,0.2544,84.6260,86.2137,-56.8855
302299.7853,378862,174,-0.2922,0.3289,0.2283,83.1450,77.8473,-63.8015
302299.7853,378872,174,-0.2534,0.2556,0.2366,83.3130,70.5191,-68.4733
302299.7853,378882,174,-0.2549,0.1973,0.2314,85.3435,65.9847,-69.9389
302299.7853,378892,174,-0.2432,0.1807,0.2468,88.6412,59.2977,-69.4046
302299.7853,378902,174,-0.2197,0.2043,0.2908,92.8092,53.7099,-71.0840
302299.7853,378912,174,-0.1819,0.2134,0.3228,92.0153,50.7176,-74.7634
302299.7853,378922,174,-0.1838,0.1619,0.2827,86.8092,50.7481,-78.8702
302299.7853,378932,174,-0.2244,0.1030,0.2178,83.5573,52.4580,-82.7176
302299.7853,378942,174,-0.2329,0.0811,0.1809,84.2595,48.3664,-84.6260
302299.9033,378952,175,-0.2498,0.0569,0.1301,85.0992,44.1069,-85.8015
302299.9033,378962,175,-0.2793,0.0625,0.0728,86.3053,41.2366,-86.7939
302299.9033,378972,175,-0.2830,0.0798,0.0298,86.7481,34.4580,-88.9313
302299.9033,378982,175,-0.2622,0.0532,-0.0024,85.4351,26.6260,-92.7481
302299.9033,378992,175,-0.2722,0.0205,-0.0547,84.1069,19.5420,-95.8015
302299.9033,379002,175,-0.2542,-0.0012,-0.0723,83.4198,10.6412,-98.5038
302299.9033,379012,175,-0.2180,-0.0691,-0.0684,82.4885,1.4656,-102.1985
302299.9033,379022,175,-0.2078,-0.1567,-0.1028,82.7328,-3.7557,-103.0229
302299.9033,379032,175,-0.2285,-0.1882,-0.1343,86.2901,-7.6031,-100.5038
302299.9033,379042,175,-0.2368,-0.1848,-0.1382,92.1069,-16.2595,-97.8779
302299.9630,379052,176,-0.2351,-0.1472,-0.1265,94.6565,-27.2214,-96.3206
302299.9630,379062,176,-0.2625,-0.1394,-0.1255,91.0076,-37.7252,-98.9771
302299.9630,379072,176,-0.2632,-0.1655,-0.1172,83.0840,-51.9847,-104.5802
302299.9630,379082,176,-0.2532,-0.2278,-0.1243,72.0763,-63.4198,-111.1603
302299.9630,379092,176,-0.2336,-0.3223,-0.1499,60.9008,-75.2366,-118.1679
302299.9630,379102,176,-0.2363,-0.4543,-0.1667,51.3282,-87.5115,-123.9695
302299.9630,379112,176,-0.2083,-0.6108,-0.1497,47.3740,-100.5954,-126.7786
302299.9630,379122,176,-0.1621,-0.7485,-0.0786,50.5954,-114.3969,-124.9618
302299.9630,379132,176,-0.0994,-0.7920,0.0596,58.4885,-126.2137,-117.1298
302299.9630,379142,176,-0.0417,-0.7498,0.2302,66.9313,-134.7939,-107.3130
302300.0831,379152,177,0.0659,-0.7400,0.4126,68.7176,-143.0992,-101.4504
302300.0831,379162,177,0.1440,-0.7817,0.5142,64.5191,-146.0458,-95.9542
302300.0831,379172,177,0.0520,-0.8254,0.4800,59.3740,-133.8473,-89.1603
302300.0831,379182,177,-0.0330,-0.8716,0.3799,55.7863,-123.7557,-81.3130
302300.0831,379192,177,-0.1125,-0.8696,0.2954,55.8931,-125.3435,-72.0000
302300.0831,379202,177,-0.1943,-0.8433,0.2422,54.8092,-131.7557,-63.1298
302300.0831,379212,177,-0.1914,-0.8081,0.2505,52.5954,-145.1145,-57.0687
302300.0831,379222,177,-0.1750,-0.7373,0.3462,51.8321,-159.7099,-53.6794
302300.0831,379232,177,-0.1423,-0.6892,0.4775,47.1298,-174.1679,-53.0382
302300.0831,379242,177,-0.0627,-0.7715,0.5793,36.7176,-182.5191,-55.8779
302300.2034,379252,178,-0.0938,-0.9116,0.6162,29.2824,-181.6336,-58.0000
302300.2034,379262,178,-0.1284,-1.0498,0.6384,24.7939,-182.8550,-53.3282
302300.2034,379272,178,-0.1267,-1.1184,0.6865,23.9237,-191.4046,-43.6947
302300.2034,379282,178,-0.0771,-1.1548,0.7856,23.3130,-201.1450,-33.6031
302300.2034,379292,178,-0.0574,-1.1501,0.9082,23.5878,-209.0382,-22.9313
302300.2034,379302,178,-0.0613,-1.1509,1.0166,21.8626,-213.3893,-12.5954
302300.2034,379312,178,-0.0698,-1.1394,1.1365,18.8550,-216.4580,-3.6641
302300.2034,379322,178,-0.0774,-1.1287,1.2463,14.4733,-217.7099,4.9771
302300.2034,379332,178,-0.0959,-1.1235,1.3679,7.9084,-213.6183,11.9847
302300.2034,379342,178,-0.1123,-1.1243,1.4409,1.4962,-205.6489,18.6412
302300.2642,379352,179,-0.1284,-1.1240,1.4973,-3.8626,-199.0534,23.9389
302300.2642,379362,179,-0.1104,-1.1675,1.5498,-11.0687,-196.0000,28.4427
302300.2642,379372,179,-0.1062,-1.2458,1.5596,-18.3511,-191.3435,35.3282
302300.2642,379382,179,-0.1230,-1.2900,1.6108,-21.4198,-186.9466,45.8168
302300.2642,379392,179,-0.1506,-1.2930,1.6782,-21.4962,-183.5115,60.7786
302300.2642,379402,179,-0.1248,-1.2737,1.7776,-19.2672,-178.0000,77.0992
302300.2642,379412,179,-0.1038,-1.2139,1.8623,-16.5038,-170.1527,91.7405
302300.2642,379422,179,-0.1069,-1.1692,1.9558,-16.6107,-161.8473,104.9160
302300.2642,379432,179,-0.1055,-1.1221,2.0330,-16.9008,-151.2824,118.5649
302300.2642,379442,179,-0.1108,-1.0391,2.0925,-14.7481,-138.3206,131.3740
302300.4445,379452,180,-0.1265,-0.9482,2.1626,-14.3817,-127.0534,141.5573
302300.4445,379462,180,-0.1641,-0.8362,2.2048,-16.3969,-114.1069,152.5038
302300.4445,379472,180,-0.1541,-0.7490,2.2390,-19.2061,-100.7939,160.4275
302300.4445,379482,180,-0.1460,-0.6948,2.2725,-21.4351,-86.6260,162.7023
302300.4445,379492,180,-0.1519,-0.6772,2.2673,-25.8321,-71.3588,164.7328
302300.4445,379502,180,-0.1433,-0.6743,2.2656,-28.9771,-57.8473,169.5573
302300.4445,379512,180,-0.1492,-0.6392,2.2678,-28.6412,-45.9084,177.2366
302300.4445,379522,180,-0.1211,-0.5789,2.2502,-25.0076,-32.3511,186.2290
302300.4445,379532,180,-0.1204,-0.5068,2.2405,-19.1908,-18.1221,193.1145
302300.4445,379542,180,-0.1443,-0.4128,2.2590,-14.3359,-4.2901,200.9466
302300.5040,379552,181,-0.1370,-0.2859,2.3171,-9.2366,7.2366,209.7863
302300.5040,379562,181,-0.0969,-0.1047,2.3940,-4.0611,18.7176,216.0611
302300.5040,379572,181,-0.0791,0.0952,2.4404,-1.0229,35.1450,216.5191
302300.5040,379582,181,-0.0703,0.2737,2.4248,-1.8015,56.2901,208.5344
302300.5040,379592,181,-0.0781,0.3640,2.3284,-9.5725,77.9084,192.6107
302300.5040,379602,181,-0.1040,0.3521,2.1750,-21.1145,97.0229,174.2595
302300.5040,379612,181,-0.1165,0.3193,2.0222,-29.3588,109.3740,162.5038
302300.5040,379622,181,-0.1221,0.3457,1.9353,-29.9084,115.8321,156.3664
302300.5040,379632,181,-0.1079,0.4368,1.8843,-24.4885,121.0992,150.9313
302300.5040,379642,181,-0.1143,0.5193,1.7949,-20.5802,128.7786,142.9771
302300.5647,379652,182,-0.1487,0.5642,1.6692,-21.1298,138.1679,131.1756
302300.5647,379662,182,-0.1851,0.5430,1.5593,-24.0763,143.2824,117.0992
302300.5647,379672,182,-0.1782,0.4795,1.4705,-26.2595,142.8702,106.0763
302300.5647,379682,182,-0.1309,0.4148,1.4265,-23.2214,140.6718,97.0687
302300.5647,379692,182,-0.0994,0.3796,1.4072,-15.5420,140.3969,90.5954
302300.5647,379702,182,-0.0652,0.4109,1.3777,-7.1756,141.9237,86.9618
302300.5647,379712,182,-0.0229,0.3987,1.3406,-1.4504,144.6412,81.5725
302300.5647,379722,182,-0.0264,0.3845,1.2690,4.7481,149.7863,74.3511
302300.5647,379732,182,-0.0349,0.3633,1.1782,8.8550,153.2672,68.5191
302300.5647,379742,182,-0.0583,0.3401,1.0959,12.9160,153.2672,65.1603
302300.6830,379752,183,-0.0508,0.3606,1.0583,19.6947,150.5649,63.4656
302300.6830,379762,183,-0.0532,0.4111,1.0134,26.5649,149.3893,61.1450
302300.6830,379772,183,-0.0659,0.4487,0.9592,31.9237,149.6641,55.3282
302300.6830,379782,183,-0.0767,0.4590,0.8989,34.1527,149.9695,47.1298
302300.6830,379792,183,-0.1150,0.4712,0.8032,34.9771,149.8626,39.9695
302300.6830,379802,183,-0.1362,0.4448,0.7302,33.7710,145.8931,31.9542
302300.6830,379812,183,-0.1260,0.3855,0.6794,33.7099,139.7099,23.6641
302300.6830,379822,183,-0.1191,0.3308,0.6240,36.4275,135.5420,17.7863
302300.6830,379832,183,-0.1147,0.2842,0.5676,40.7481,132.7176,13.2061
302300.6830,379842,183,-0.1321,0.2546,0.5215,45.4046,129.9695,10.4275
302300.8040,379852,184,-0.1372,0.2607,0.4805,51.0382,123.8473,9.4504
302300.8040,379862,184,-0.1394,0.2546,0.4478,55.1298,117.6183,6.8397
302300.8040,379872,184,-0.1462,0.2341,0.3975,57.7863,113.8931,3.3740
302300.8040,379882,184,-0.1660,0.2185,0.3372,60.6870,111.2977,0.9008
302300.8040,379892,184,-0.1912,0.2112,0.2859,64.5496,106.5344,-0.9618
302300.8040,379902,184,-0.1873,0.2261,0.2549,69.0382,98.1069,-2.6718
302300.8040,379912,184,-0.1748,0.2441,0.2285,72.3511,90.5954,-6.4275
302300.8040,379922,184,-0.1841,0.2456,0.1995,72.5954,86.0305,-11.6183
302300.8040,379932,184,-0.1951,0.2495,0.1479,71.0076,80.4580,-16.3664
302300.8040,379942,184,-0.2031,0.2354,0.1021,68.3664,73.4046,-22.0000
302300.8650,379952,185,-0.1958,0.2224,0.0916,65.2519,66.1221,-28.0916
302300.8650,379962,185,-0.1809,0.1921,0.0847,61.9847,59.7099,-34.1985
302300.8650,379972,185,-0.1885,0.1453,0.0486,58.7176,56.2443,-40.8397
302300.8650,379982,185,-0.2102,0.1030,0.0056,56.6718,51.2061,-46.6260
302300.8650,379992,185,-0.2173,0.0632,-0.0146,55.2061,41.0687,-50.9160
302300.8650,380002,185,-0.2129,0.0300,-0.0144,53.1450,29.7710,-54.5344
302300.8650,380012,185,-0.2307,-0.0015,-0.0217,50.7176,21.5878,-58.4580
302300.8650,380022,185,-0.2554,-0.0464,-0.0239,47.4198,13.7863,-63.2366
302300.8650,380032,185,-0.2830,-0.1309,-0.0405,42.7634,5.5115,-66.8855
302300.8650,380042,185,-0.3303,-0.2258,-0.0530,39.6336,-0.8244,-68.0000
302300.9853,380052,186,-0.3794,-0.2991,-0.0518,39.9695,-7.6183,-65.6031
302300.9853,380062,186,-0.4509,-0.3604,-0.0510,44.0000,-15.2672,-60.1221
302300.9853,380072,186,-0.5457,-0.3931,-0.0432,50.1527,-23.7099,-52.7481
302300.9853,380082,186,-0.6011,-0.3921,0.0059,55.9542,-35.2824,-44.6107
302300.9853,380092,186,-0.6428,-0.3630,0.0923,60.7328,-48.0458,-37.6794
302300.9853,380102,186,-0.6680,-0.2991,0.1958,63.8321,-59.3740,-33.8779
302300.9853,380112,186,-0.6436,-0.2952,0.3176,61.1145,-69.1298,-34.9466
302300.9853,380122,186,-0.6807,-0.3450,0.3904,53.4504,-70.4427,-34.8397
302300.9853,380132,186,-0.7336,-0.4001,0.4531,47.1298,-67.7252,-32.8855
302300.9853,380142,186,-0.7786,-0.4465,0.5005,43.4809,-66.7939,-31.0229
302301.1040,380152,187,-0.8235,-0.4551,0.5718,42.2901,-65.7099,-26.4427
302301.1040,380162,187,-0.8582,-0.4348,0.6567,42.4122,-66.0153,-21.3130
302301.1040,380172,187,-0.8716,-0.3684,0.7776,43.4962,-66.0458,-17.7557
302301.1040,380182,187,-0.8701,-0.3130,0.8757,39.8931,-64.7634,-15.2061
302301.1040,380192,187,-0.8628,-0.2625,0.9407,33.5420,-61.2672,-14.9313
302301.1040,380202,187,-0.8560,-0.2341,0.9854,26.3511,-56.4885,-16.6260
302301.1040,380212,187,-0.8357,-0.2349,0.9827,17.6947,-50.4733,-18.9924
302301.1040,380222,187,-0.8284,-0.2327,0.9666,9.0992,-43.2824,-20.2290
302301.1040,380232,187,-0.8103,-0.2473,0.9324,1.2214,-36.9771,-20.3511
302301.1040,380242,187,-0.7981,-0.2603,0.8923,-4.5649,-31.5420,-19.6947
302301.1640,380252,188,-0.7932,-0.2842,0.8474,-8.6718,-30.1069,-18.6107
302301.1640,380262,188,-0.7896,-0.3330,0.7891,-13.8321,-30.2443,-16.2290
302301.1640,380272,188,-0.7993,-0.3611,0.7556,-16.7939,-26.6718,-10.3969
302301.1640,380282,188,-0.7732,-0.3494,0.7537,-16.2443,-28.6565,-3.2977
302301.1640,380292,188,-0.7104,-0.3098,0.7805,-15.3282,-34.7786,3.6489
302301.1640,380302,188,-0.6448,-0.2664,0.8196,-17.0382,-36.4275,10.4580
302301.1640,380312,188,-0.5830,-0.2290,0.8586,-22.4885,-30.0153,18.0916
302301.1640,380322,188,-0.5498,-0.2529,0.8406,-26.9160,-11.4656,24.7786
302301.1640,380332,188,-0.6116,-0.1902,0.7639,-20.3053,8.5038,27.3282
302301.1640,380342,188,-0.6453,-0.1055,0.6926,-15.0534,15.2977,29.3740
302301.2843,380352,189,-0.6538,-0.0364,0.6316,-14.8092,14.0000,28.4733
302301.2843,380362,189,-0.7468,-0.0144,0.5427,-18.4580,11.3740,25.3893
302301.2843,380372,189,-0.7874,-0.0544,0.4575,-25.6947,5.2977,23.1756
302301.2843,380382,189,-0.7864,-0.0576,0.4609,-27.8168,-3.5420,22.0000
302301.2843,380392,189,-0.7869,-0.0762,0.4695,-28.4580,-16.6412,23.1145
302301.2843,380402,189,-0.7402,-0.0796,0.5425,-25.6031,-26.3969,24.1679
302301.2843,380412,189,-0.7229,-0.0283,0.5767,-19.7710,-23.0687,25.6489
302301.2843,380422,189,-0.7634,-0.0007,0.5950,-17.4962,-16.5649,28.0611
302301.2843,380432,189,-0.7668,0.0222,0.6108,-19.4046,-18.9313,30.1527
302301.2843,380442,189,-0.7766,0.0159,0.6001,-22.5038,-20.9313,30.6565
302301.5235,380452,190,-0.8311,0.0081,0.5955,-20.3664,-13.5115,27.7557
302301.5235,380462,190,-0.8699,0.0227,0.5869,-13.3588,-7.1756,21.6183
302301.5235,380472,190,-0.9192,0.0222,0.5994,-9.6183,-7.4656,16.1374
302301.5235,380482,190,-0.9216,-0.0386,0.6270,-12.2748,-12.2290,13.1450
302301.5235,380492,190,-0.9209,-0.0798,0.6624,-12.3969,-14.1069,11.4351
302301.5235,380502,190,-0.9233,-0.0957,0.6970,-10.9618,-14.6870,10.6412
302301.5235,380512,190,-0.8796,-0.0959,0.7244,-10.4427,-15.0382,10.7176
302301.5235,380522,190,-0.8706,-0.0715,0.7397,-10.2901,-11.5267,11.6183
302301.5235,380532,190,-0.8320,-0.0737,0.7576,-12.9160,-8.6718,11.8168
302301.5235,380542,190,-0.7703,-0.1123,0.7734,-17.9237,-4.7176,13.0229
302301.5857,380552,191,-0.7344,-0.1316,0.7676,-20.0611,5.0687,15.0687
302301.5857,380562,191,-0.7517,-0.1436,0.7139,-20.7939,14.3664,17.6794
302301.5857,380572,191,-0.8186,-0.1609,0.6382,-21.1298,19.0992,20.6260
302301.5857,380582,191,-0.8467,-0.1799,0.6306,-18.9466,18.0916,23.3588
302301.5857,380592,191,-0.7747,-0.1509,0.6548,-16.0611,11.8626,26.3817
302301.5857,380602,191,-0.7634,-0.1377,0.6641,-16.5344,8.9160,30.4122
302301.5857,380612,191,-0.7241,-0.0930,0.6799,-17.0076,6.2595,34.8397
302301.5857,380622,191,-0.6848,-0.0469,0.6699,-17.0382,4.4275,38.9771
302301.5857,380632,191,-0.6948,0.0203,0.6882,-14.6870,6.6565,40.6565
302301.5857,380642,191,-0.6709,0.0322,0.6890,-17.4046,4.4580,40.5038
302301.5863,380652,192,-0.6526,0.0386,0.6868,-20.8855,8.1832,40.4427
302301.5863,380662,192,-0.6782,0.0664,0.6484,-20.0000,17.6489,37.2366
302301.5863,380672,192,-0.6970,0.0947,0.6101,-19.2824,24.1221,31.0382
302301.5863,380682,192,-0.7219,0.1045,0.5522,-24.7328,26.6565,25.4046
302301.5863,380692,192,-0.7000,0.0615,0.5452,-33.6641,19.3282,21.1756
302301.5863,380702,192,-0.6255,-0.0056,0.5266,-39.8473,7.4809,16.7176
302301.5863,380712,192,-0.6487,-0.0330,0.5105,-40.2748,7.0687,16.6718
302301.5863,380722,192,-0.6514,-0.0366,0.5100,-39.9695,5.7863,18.4885
302301.5863,380732,192,-0.6633,-0.0549,0.5244,-41.2366,4.0458,19.1603
302301.5863,380742,192,-0.6416,-0.0911,0.5579,-42.3664,0.2443,18.5649
302301.7028,380752,193,-0.5957,-0.1428,0.6033,-43.1756,-7.4809,19.6794
302301.7028,380762,193,-0.5923,-0.1775,0.6033,-42.4275,-10.3817,23.6031
302301.7028,380772,193,-0.6245,-0.1731,0.6040,-39.8168,-11.5420,28.3359
302301.7028,380782,193,-0.6221,-0.1660,0.5933,-38.4580,-16.0458,32.2443
302301.7028,380792,193,-0.6609,-0.1375,0.5918,-37.6336,-15.9084,35.8931
302301.7028,380802,193,-0.7339,-0.1055,0.5564,-39.6947,-13.4046,36.5954
302301.7028,380812,193,-0.7927,-0.0984,0.5146,-44.2137,-15.1298,34.5954
302301.7028,380822,193,-0.8420,-0.1057,0.4890,-46.3817,-17.7557,29.1908
302301.7028,380832,193,-0.8560,-0.1106,0.4922,-46.7328,-23.1145,22.6107
302301.7028,380842,193,-0.8149,-0.1292,0.5107,-47.5115,-32.2290,18.0000
302301.7633,380852,194,-0.7993,-0.1318,0.5498,-46.3206,-35.9695,15.2366
302301.7633,380862,194,-0.7756,-0.1021,0.5928,-44.3359,-37.9237,12.9313
302301.7633,380872,194,-0.7654,-0.0732,0.6125,-44.7176,-38.4733,10.1985
302301.7633,380882,194,-0.8003,-0.0579,0.6111,-46.0763,-40.2137,6.1527
302301.7633,380892,194,-0.8157,-0.0461,0.6113,-45.8168,-48.1069,-0.0763
302301.7633,380902,194,-0.8323,-0.0283,0.6172,-44.7634,-59.1908,-7.9389
302301.7633,380912,194,-0.8494,-0.0139,0.6335,-44.6718,-69.9389,-17.1145
302301.7633,380922,194,-0.7886,-0.0137,0.6868,-46.5802,-78.5496,-26.9618
302301.7633,380932,194,-0.7192,-0.0569,0.7458,-51.8779,-80.8244,-35.0992
302301.7633,380942,194,-0.6360,-0.1350,0.7883,-57.6336,-77.7710,-39.1908
302301.9436,380952,195,-0.6299,-0.1785,0.8101,-58.3664,-69.5725,-40.7023
302301.9436,380962,195,-0.6045,-0.2056,0.8442,-55.6336,-65.5573,-43.0840
302301.9436,380972,195,-0.5874,-0.2241,0.8699,-52.0000,-62.7481,-45.6031
302301.9436,380982,195,-0.6101,-0.2400,0.8772,-50.5496,-56.6870,-46.6412
302301.9436,380992,195,-0.6050,-0.2595,0.8684,-51.2977,-51.7863,-46.8244
302301.9436,381002,195,-0.6462,-0.2937,0.8523,-52.1527,-45.0534,-46.4275
302301.9436,381012,195,-0.6611,-0.3008,0.8428,-50.9618,-44.0916,-45.9542
302301.9436,381022,195,-0.6277,-0.3206,0.8430,-50.7328,-48.7023,-45.2672
302301.9436,381032,195,-0.6062,-0.3328,0.8660,-49.7710,-49.8015,-43.6336
302301.9436,381042,195,-0.5713,-0.3386,0.8760,-49.6489,-48.8244,-41.0382
302302.0041,381052,196,-0.5618,-0.3589,0.8735,-49.5115,-45.0840,-38.4580
302302.0041,381062,196,-0.5818,-0.3691,0.8613,-46.2443,-41.3130,-37.1603
302302.0041,381072,196,-0.5745,-0.3640,0.8474,-42.6870,-41.8015,-36.5496
302302.0041,381082,196,-0.5693,-0.3811,0.8333,-41.1450,-42.0611,-35.3740
302302.0041,381092,196,-0.5959,-0.3933,0.8125,-39.1908,-41.2824,-32.7328
302302.0041,381102,196,-0.6023,-0.4011,0.8147,-36.2901,-45.0076,-29.1908
302302.0041,381112,196,-0.5725,-0.4048,0.8418,-31.6641,-50.4580,-25.8015
302302.0041,381122,196,-0.5405,-0.3901,0.9001,-24.3053,-51.9237,-23.1603
302302.0041,381132,196,-0.5303,-0.3381,0.9587,-18.2290,-50.1832,-20.9160
302302.0041,381142,196,-0.4978,-0.3101,0.9893,-18.6565,-44.8855,-19.8779
302302.0643,381152,197,-0.5322,-0.2954,0.9590,-21.0992,-35.9847,-19.0534
302302.0643,381162,197,-0.5793,-0.2886,0.9414,-22.4733,-33.0687,-18.6260
302302.0643,381172,197,-0.5427,-0.3103,0.9531,-22.0458,-37.8626,-20.7481
302302.0643,381182,197,-0.4800,-0.3501,0.9832,-20.4275,-40.2748,-23.3740
302302.0643,381192,197,-0.4463,-0.3835,0.9858,-18.8244,-35.8626,-24.0153
302302.0643,381202,197,-0.4597,-0.3811,0.9465,-17.7099,-27.3588,-22.5344
302302.0643,381212,197,-0.4956,-0.3882,0.8899,-17.0534,-22.0153,-20.3664
302302.0643,381222,197,-0.5212,-0.3755,0.8486,-14.5649,-22.3359,-18.6718
302302.0643,381232,197,-0.5156,-0.3594,0.8435,-10.9466,-26.5802,-16.9313
302302.0643,381242,197,-0.4558,-0.3479,0.8860,-2.6565,-30.8092,-16.7176
