host_time_s,device_ms,seq,ax_g,ay_g,az_g,gx_dps,gy_dps,gz_dps
302596.0627,675152,65,-0.5840,0.1011,0.8225,-4.2748,-6.7634,-4.1527
302596.0627,675162,65,-0.5781,0.1023,0.8479,0.3206,-2.9008,-4.7176
302596.0627,675172,65,-0.5942,0.1194,0.8259,3.4198,1.1603,-5.4656
302596.0627,675182,65,-0.6155,0.1206,0.7856,1.7099,2.5496,-4.8702
302596.0627,675192,65,-0.6128,0.1218,0.7693,-1.3893,0.9466,-4.0305
302596.0627,675202,65,-0.5881,0.1169,0.7781,-3.6947,-0.0611,-3.3282
302596.0627,675212,65,-0.5952,0.1121,0.7739,-5.0382,0.9924,-3.3282
302596.0627,675222,65,-0.6147,0.0916,0.7461,-6.8244,0.9466,-3.5115
302596.0627,675232,65,-0.6196,0.0706,0.7290,-7.7557,-1.4962,-2.9313
302596.0627,675242,65,-0.6038,0.0569,0.7241,-6.4885,-4.7481,-1.4046
302596.1530,675252,66,-0.5925,0.0500,0.7437,-2.2595,-5.7252,0.2443
302596.1530,675262,66,-0.6067,0.0793,0.7598,2.5802,-5.2519,1.0076
302596.1530,675272,66,-0.6138,0.0967,0.7632,3.6031,-4.9771,2.3511
302596.1530,675282,66,-0.6262,0.1218,0.7622,3.8015,-4.7634,3.0534
302596.1530,675292,66,-0.6235,0.1306,0.7734,3.8779,-5.3282,1.7252
302596.1530,675302,66,-0.6296,0.1340,0.7703,3.0076,-5.9695,-0.3969
302596.1530,675312,66,-0.6279,0.1306,0.7825,0.2443,-7.1145,-1.8168
302596.1530,675322,66,-0.6174,0.1145,0.7991,-3.4046,-7.6336,-2.1374
302596.1530,675332,66,-0.6196,0.1089,0.8044,-5.4351,-7.0992,-2.4733
302596.1530,675342,66,-0.6116,0.0942,0.8059,-6.4733,-6.4733,-2.8550
302596.2563,675352,67,-0.6165,0.0847,0.8057,-5.0534,-4.9160,-3.3435
302596.2563,675362,67,-0.6270,0.0918,0.8018,-2.4885,-4.4733,-4.1221
302596.2563,675372,67,-0.6318,0.0933,0.7908,-2.5954,-5.9389,-4.1374
302596.2563,675382,67,-0.5891,0.0833,0.8191,-4.2595,-6.8397,-3.5725
302596.2563,675392,67,-0.5872,0.0708,0.8394,-4.3053,-1.6489,-3.1603
302596.2563,675402,67,-0.6189,0.0801,0.8181,-2.4275,4.1527,-3.1145
302596.2563,675412,67,-0.6504,0.0974,0.7837,-2.5954,5.5725,-2.4580
302596.2563,675422,67,-0.6536,0.1025,0.7659,-4.1374,2.3817,-1.8473
302596.2563,675432,67,-0.6423,0.1035,0.7771,-4.8092,-1.6183,-2.2290
302596.2563,675442,67,-0.6106,0.0913,0.8101,-4.6870,-3.8168,-3.0534
302596.3623,675452,68,-0.6055,0.0837,0.8291,-3.2214,-2.1527,-3.2366
302596.3623,675462,68,-0.6270,0.0850,0.8096,-2.1832,0.2901,-3.2214
302596.3623,675472,68,-0.6396,0.0762,0.7759,-3.2061,0.1221,-2.2290
302596.3623,675482,68,-0.6335,0.0725,0.7761,-2.7328,-2.6412,-1.2366
302596.3623,675492,68,-0.6108,0.0813,0.8025,-1.7405,-4.6718,-0.4580
302596.3623,675502,68,-0.6130,0.0903,0.8066,-1.5115,-4.4885,0.1221
302596.3623,675512,68,-0.6184,0.0964,0.7917,-2.6718,-4.3511,0.6870
302596.3623,675522,68,-0.6321,0.0962,0.7803,-3.9847,-5.4198,1.0076
302596.3623,675532,68,-0.6121,0.0923,0.7825,-4.6565,-7.3282,1.3893
302596.3623,675542,68,-0.5989,0.0852,0.8044,-2.8550,-7.0382,1.7405
302596.4520,675552,69,-0.6069,0.1096,0.8130,0.4427,-5.1298,1.4351
302596.4520,675562,69,-0.6279,0.1248,0.7932,-0.2290,-3.8321,1.8626
302596.4520,675572,69,-0.6265,0.1235,0.7798,-2.4885,-5.2214,2.1221
302596.4520,675582,69,-0.6064,0.1250,0.8020,-2.0916,-7.4198,1.2672
302596.4520,675592,69,-0.5886,0.1301,0.8181,-1.0992,-5.7557,0.1221
302596.4520,675602,69,-0.6091,0.1287,0.8042,-2.5954,-1.4809,-0.5802
302596.4520,675612,69,-0.6162,0.1077,0.7881,-3.9389,-0.2137,-0.7634
302596.4520,675622,69,-0.6152,0.1064,0.7874,-2.2595,-0.5496,-0.8702
302596.4520,675632,69,-0.6206,0.1050,0.7869,-0.9618,-1.6336,-0.8550
302596.4520,675642,69,-0.6167,0.1064,0.7937,-0.1527,-3.1756,-0.7176
302596.5571,675652,70,-0.5969,0.1133,0.8198,-0.2290,-4.1069,-0.3817
302596.5571,675662,70,-0.5850,0.1021,0.8350,0.0763,-2.5344,-0.3511
302596.5571,675672,70,-0.5962,0.1111,0.8259,2.0916,0.6718,-1.3893
302596.5571,675682,70,-0.6147,0.1118,0.7937,1.8473,1.9084,-1.9847
302596.5571,675692,70,-0.6218,0.1074,0.7837,0.0458,0.5191,-1.6641
302596.5571,675702,70,-0.6130,0.1064,0.7798,-1.0382,-1.7099,-1.1145
302596.5571,675712,70,-0.5984,0.1069,0.7947,-1.4809,-2.8702,-0.9313
302596.5571,675722,70,-0.6016,0.1108,0.7861,-1.9847,-2.2901,-0.9618
302596.5571,675732,70,-0.6052,0.1050,0.7769,-2.7023,-2.5496,-1.1603
302596.5571,675742,70,-0.5986,0.0923,0.7837,-2.3969,-3.6794,-1.2214
302596.6628,675752,71,-0.5884,0.0908,0.7942,0.1374,-3.8779,-1.3893
302596.6628,675762,71,-0.5935,0.0969,0.8044,1.7710,-3.2824,-1.1603
302596.6628,675772,71,-0.5964,0.1023,0.8025,1.6336,-3.3588,-0.5802
302596.6628,675782,71,-0.5859,0.1011,0.8130,1.3588,-3.2061,-0.2901
302596.6628,675792,71,-0.5920,0.1072,0.8079,2.0458,-1.9542,-0.4427
302596.6628,675802,71,-0.6055,0.1165,0.7961,1.9542,-1.4656,-0.5954
302596.6628,675812,71,-0.6096,0.1169,0.7791,0.8092,-2.3664,-0.8397
302596.6628,675822,71,-0.6042,0.1152,0.7842,-0.5191,-3.8015,-1.1450
302596.6628,675832,71,-0.5942,0.1077,0.7886,-1.3130,-4.3511,-1.4198
302596.6628,675842,71,-0.5881,0.0986,0.7937,-0.7328,-3.5115,-1.7099
302596.7525,675852,72,-0.5986,0.1045,0.7878,0.3969,-2.3969,-1.9084
302596.7525,675862,72,-0.5947,0.1064,0.7935,0.7634,-2.6718,-1.4962
302596.7525,675872,72,-0.5991,0.0999,0.7983,1.6336,-2.5649,-1.3435
302596.7525,675882,72,-0.6040,0.1135,0.7927,3.2214,-2.5649,-1.8321
302596.7525,675892,72,-0.6006,0.1091,0.8008,2.7328,-2.6718,-1.9695
302596.7525,675902,72,-0.6001,0.1047,0.7954,1.9542,-3.1908,-2.1221
302596.7525,675912,72,-0.5964,0.0984,0.7976,1.6183,-3.7863,-1.8779
302596.7525,675922,72,-0.6025,0.1042,0.7974,2.1832,-4.1374,-1.7252
302596.7525,675932,72,-0.6067,0.1116,0.7881,2.1221,-4.9008,-1.9237
302596.7525,675942,72,-0.5898,0.1191,0.8010,1.3130,-5.9695,-2.2443
302596.8598,675952,73,-0.5745,0.1187,0.8232,-0.5802,-4.1374,-2.1527
302596.8598,675962,73,-0.5952,0.1067,0.8005,-1.5115,-0.3817,-2.6412
302596.8598,675972,73,-0.6145,0.0996,0.7788,-1.6641,0.1221,-3.3740
302596.8598,675982,73,-0.6099,0.0847,0.7878,-1.2366,-2.3359,-3.2672
302596.8598,675992,73,-0.6021,0.0854,0.8059,0.9160,-3.6794,-2.8855
302596.8598,676002,73,-0.6099,0.0996,0.8110,2.8092,-3.6031,-2.9618
302596.8598,676012,73,-0.6125,0.0942,0.8062,1.8473,-3.8779,-2.9008
302596.8598,676022,73,-0.6133,0.0940,0.8010,0.6565,-5.5420,-2.7939
302596.8598,676032,73,-0.5955,0.0879,0.8198,0.4427,-6.9924,-2.7786
302596.8598,676042,73,-0.5823,0.0894,0.8423,1.3130,-5.6183,-2.7939
302596.9625,676052,74,-0.5845,0.1045,0.8521,1.1450,-1.9237,-2.8397
302596.9625,676062,74,-0.5854,0.1033,0.8420,-1.8473,2.2595,-2.2748
302596.9625,676072,74,-0.6064,0.0940,0.8137,-4.4580,6.6565,-2.0458
302596.9625,676082,74,-0.6289,0.0852,0.7961,-4.8244,7.6031,-2.2595
302596.9625,676092,74,-0.6318,0.0811,0.7805,-2.7634,3.9542,-2.5802
302596.9625,676102,74,-0.6248,0.0833,0.7827,-0.9771,0.0305,-2.7023
302596.9625,676112,74,-0.6260,0.0837,0.7810,-0.6565,-3.1603,-2.4427
302596.9625,676122,74,-0.6091,0.0901,0.7949,-0.3664,-5.9847,-1.9847
302596.9625,676132,74,-0.5942,0.0881,0.8052,-0.0916,-6.8855,-1.4351
302596.9625,676142,74,-0.5803,0.0901,0.8188,2.1374,-5.4504,-2.0305
302597.0515,676152,75,-0.5857,0.0923,0.8167,4.0153,-1.4809,-2.2443
302597.0515,676162,75,-0.6184,0.1018,0.7795,3.7405,1.2977,-1.9389
302597.0515,676172,75,-0.6184,0.0913,0.7700,2.1985,-0.4427,-1.5878
302597.0515,676182,75,-0.6096,0.0906,0.7881,2.4122,-3.2366,-1.8015
302597.0515,676192,75,-0.6084,0.0928,0.8005,2.9618,-4.2748,-2.7023
302597.0515,676202,75,-0.6123,0.0920,0.7966,1.4656,-5.2672,-3.1908
302597.0515,676212,75,-0.6108,0.0784,0.7917,-0.7786,-6.7328,-3.2519
302597.0515,676222,75,-0.6047,0.0657,0.7952,-1.6336,-8.2901,-2.9160
302597.0515,676232,75,-0.5896,0.0688,0.8105,-0.3511,-9.4046,-2.3053
302597.0515,676242,75,-0.5642,0.0732,0.8381,0.3817,-8.5344,-1.1908
302597.1572,676252,76,-0.5564,0.0715,0.8538,1.2824,-3.7557,-0.0153
302597.1572,676262,76,-0.5867,0.0793,0.8406,3.0687,2.3817,0.4122
302597.1572,676272,76,-0.6155,0.0947,0.8032,3.5573,4.8244,0.9008
302597.1572,676282,76,-0.6267,0.1187,0.7866,2.8702,2.7786,1.2214
302597.1572,676292,76,-0.6174,0.1289,0.7920,1.1603,-0.8855,0.3053
302597.1572,676302,76,-0.5969,0.1174,0.8064,-1.1603,-3.7252,-1.4656
302597.1572,676312,76,-0.5818,0.1021,0.8093,-3.3130,-4.6260,-2.9771
302597.1572,676322,76,-0.5725,0.0789,0.8149,-4.1221,-3.9389,-3.5115
302597.1572,676332,76,-0.5879,0.0681,0.7896,-3.3588,-2.4733,-3.1908
302597.1572,676342,76,-0.5969,0.0571,0.7871,-1.9847,-2.5496,-1.9084
302597.2625,676352,77,-0.5913,0.0735,0.7993,0.6718,-3.8168,-0.4885
302597.2625,676362,77,-0.5828,0.0894,0.8149,2.5954,-4.1832,0.5191
302597.2625,676372,77,-0.5864,0.0977,0.8167,2.5191,-3.6947,0.6870
302597.2625,676382,77,-0.5918,0.0942,0.8123,1.3130,-3.2672,0.6870
302597.2625,676392,77,-0.5938,0.0957,0.8062,0.5038,-3.8473,0.8702
302597.2625,676402,77,-0.5908,0.1035,0.8154,0.0305,-4.9466,0.9771
302597.2625,676412,77,-0.5596,0.1079,0.8433,-0.0305,-4.7786,0.9924
302597.2625,676422,77,-0.5671,0.1104,0.8394,0.0000,-0.7328,0.4885
302597.2625,676432,77,-0.6050,0.1062,0.8015,-1.0687,2.3053,-0.2595
302597.2625,676442,77,-0.6194,0.0984,0.7715,-2.0305,0.8244,-0.1221
302597.3510,676452,78,-0.6128,0.0969,0.7798,-1.5725,-2.5802,0.1832
302597.3510,676462,78,-0.5889,0.0984,0.8093,-0.1069,-4.9924,0.3969
302597.3510,676472,78,-0.5886,0.1057,0.8293,1.8015,-4.2137,0.2290
302597.3510,676482,78,-0.6023,0.1111,0.8206,1.4046,-2.8244,0.2748
302597.3510,676492,78,-0.6091,0.1123,0.8223,0.5191,-3.4504,0.5649
302597.3510,676502,78,-0.5940,0.1147,0.8345,1.3282,-4.3359,0.1069
302597.3510,676512,78,-0.5940,0.1165,0.8423,1.4962,-3.7710,-0.9008
302597.3510,676522,78,-0.6042,0.1086,0.8298,-0.1069,-3.0534,-1.4046
302597.3510,676532,78,-0.6082,0.0938,0.8140,-1.8168,-3.6947,-1.4046
302597.3510,676542,78,-0.5977,0.0898,0.8237,-1.7099,-5.5115,-1.0076
302597.5022,676552,79,-0.5688,0.0933,0.8484,0.3053,-5.8931,-0.7634
302597.5022,676562,79,-0.5669,0.1062,0.8584,2.0153,-2.3053,-1.1603
302597.5022,676572,79,-0.5906,0.1104,0.8433,1.1145,1.7710,-1.4198
302597.5022,676582,79,-0.5999,0.1023,0.8188,-0.7939,2.3206,-1.3740
302597.5022,676592,79,-0.5876,0.0903,0.8171,-0.8702,1.0382,-1.5267
302597.5022,676602,79,-0.5828,0.0896,0.8167,0.7023,0.3817,-1.8779
302597.5022,676612,79,-0.5896,0.0918,0.8115,0.9313,0.1221,-1.6183
302597.5022,676622,79,-0.5801,0.0950,0.8093,0.3359,-1.1145,-0.9160
302597.5022,676632,79,-0.5698,0.0938,0.8113,0.5802,-0.8397,-1.1908
302597.5022,676642,79,-0.5737,0.0945,0.8076,0.0916,0.3206,-0.7786
302597.5626,676652,80,-0.5828,0.0967,0.7939,-0.0763,0.8397,-0.4885
302597.5626,676662,80,-0.5747,0.0979,0.7988,0.2595,0.0916,-0.1221
302597.5626,676672,80,-0.5754,0.1128,0.7942,1.0534,-0.1527,0.0916
302597.5626,676682,80,-0.5732,0.1199,0.7976,0.8092,0.0458,-0.4122
302597.5626,676692,80,-0.5808,0.1182,0.7915,-0.3359,0.8397,-1.0992
302597.5626,676702,80,-0.5908,0.1025,0.7671,-1.6183,0.7023,-1.8473
302597.5626,676712,80,-0.5952,0.0852,0.7510,-2.0305,-1.3282,-2.0153
302597.5626,676722,80,-0.5938,0.0862,0.7559,-0.9313,-4.7328,-1.8473
302597.5626,676732,80,-0.5759,0.0891,0.7825,0.1832,-7.6183,-2.0000
302597.5626,676742,80,-0.5615,0.0830,0.8118,0.5191,-7.6489,-1.3740
302597.6835,676752,81,-0.5710,0.0903,0.8098,0.6107,-5.7863,-0.9618
302597.6835,676762,81,-0.5754,0.0864,0.8022,-0.1985,-4.9466,-0.7023
302597.6835,676772,81,-0.5757,0.0828,0.7947,0.4580,-5.2519,-0.7328
302597.6835,676782,81,-0.5757,0.0854,0.8083,2.0000,-5.5420,-0.9771
302597.6835,676792,81,-0.5647,0.0891,0.8196,2.0000,-5.4198,-0.3206
302597.6835,676802,81,-0.5796,0.0989,0.8142,1.3740,-4.5496,-0.3664
302597.6835,676812,81,-0.5884,0.1028,0.8071,0.3817,-4.6870,-1.0076
302597.6835,676822,81,-0.5886,0.0996,0.8096,-0.2748,-5.9237,-1.6183
302597.6835,676832,81,-0.5757,0.0938,0.8191,-0.6412,-7.1756,-2.3664
302597.6835,676842,81,-0.5537,0.0818,0.8357,-1.3130,-7.2672,-2.5649
302597.8019,676852,82,-0.5493,0.0754,0.8408,-1.2366,-5.6641,-1.8626
302597.8019,676862,82,-0.5588,0.0767,0.8247,-0.4580,-3.7863,-1.5420
302597.8019,676872,82,-0.5593,0.0720,0.8137,-0.2290,-3.4656,-0.9771
302597.8019,676882,82,-0.5542,0.0747,0.8049,-0.2137,-4.0305,-0.3817
302597.8019,676892,82,-0.5393,0.0745,0.8098,0.1679,-4.3206,0.0458
302597.8019,676902,82,-0.5444,0.0850,0.7922,1.7252,-3.1908,0.0000
302597.8019,676912,82,-0.5623,0.0930,0.7715,1.6794,-2.3664,-0.5649
302597.8019,676922,82,-0.5752,0.0854,0.7480,-0.1832,-3.3130,-0.4122
302597.8019,676932,82,-0.5757,0.0862,0.7266,-1.3588,-6.2443,-0.1069
302597.8019,676942,82,-0.5583,0.0747,0.7268,-2.2137,-10.1527,-0.3664
302597.9195,676952,83,-0.5371,0.0500,0.7275,-2.8244,-13.6794,-1.2061
302597.9195,676962,83,-0.5173,0.0176,0.7317,-3.8931,-16.8244,-1.7557
302597.9195,676972,83,-0.4932,-0.0261,0.7339,-5.3435,-19.4962,-1.0840
302597.9195,676982,83,-0.4512,-0.0686,0.7766,-4.7939,-19.8015,1.0076
302597.9195,676992,83,-0.4402,-0.0808,0.7937,-1.3740,-16.3359,3.7252
302597.9195,677002,83,-0.4666,-0.0825,0.7666,0.3969,-12.5954,6.3206
302597.9195,677012,83,-0.4731,-0.0813,0.7568,-0.4733,-13.7557,9.3435
302597.9195,677022,83,-0.4546,-0.0776,0.7617,-2.2595,-17.6947,10.2443
302597.9195,677032,83,-0.4219,-0.1040,0.7688,-6.3359,-21.6641,8.6565
302597.9195,677042,83,-0.4148,-0.1494,0.7473,-12.3053,-23.0382,6.5954
302597.9827,677052,84,-0.4253,-0.2151,0.7109,-18.8855,-24.4122,5.2366
302597.9827,677062,84,-0.4607,-0.3125,0.6694,-24.7634,-26.2137,6.6718
302597.9827,677072,84,-0.4839,-0.3657,0.6772,-25.7863,-30.4580,13.4962
302597.9827,677082,84,-0.4951,-0.3906,0.7090,-22.5496,-34.0458,24.0763
302597.9827,677092,84,-0.5007,-0.3752,0.7603,-15.8321,-33.7710,34.9466
302597.9827,677102,84,-0.5437,-0.3208,0.7859,-9.2672,-30.3969,44.7023
302597.9827,677112,84,-0.5747,-0.2776,0.7876,-8.0763,-29.4351,53.1145
302597.9827,677122,84,-0.6238,-0.2148,0.8105,-8.5496,-30.5802,60.4122
302597.9827,677132,84,-0.6384,-0.1448,0.8586,-9.8321,-34.4580,66.1527
302597.9827,677142,84,-0.6311,-0.0896,0.9258,-12.3359,-38.4885,68.1832
302598.1014,677152,85,-0.6362,-0.0693,0.9736,-15.8931,-38.2748,66.6870
302598.1014,677162,85,-0.6396,-0.0737,1.0100,-20.1221,-36.7328,64.3817
302598.1014,677172,85,-0.6462,-0.0896,1.0488,-24.2290,-35.6031,63.9389
302598.1014,677182,85,-0.6472,-0.0835,1.0994,-25.4351,-33.7710,65.8321
302598.1014,677192,85,-0.6350,-0.0471,1.1521,-24.7786,-30.5344,68.3664
302598.1014,677202,85,-0.6409,0.0063,1.1829,-23.3588,-24.2901,70.2901
302598.1014,677212,85,-0.6702,0.0571,1.1877,-23.9084,-16.5802,71.2366
302598.1014,677222,85,-0.7166,0.0977,1.1785,-26.3511,-8.7023,71.5878
302598.1014,677232,85,-0.7549,0.1311,1.1826,-28.0763,-4.3511,71.4046
302598.1014,677242,85,-0.7656,0.1731,1.2166,-28.0000,-3.0534,70.7023
302598.2805,677252,86,-0.7581,0.2290,1.2749,-26.8092,-1.3435,69.9542
302598.2805,677262,86,-0.7468,0.2859,1.3320,-26.1679,2.9313,69.1298
302598.2805,677272,86,-0.7312,0.3564,1.3679,-25.4962,9.6031,66.9771
302598.2805,677282,86,-0.7378,0.4148,1.3782,-25.8931,17.6183,62.6565
302598.2805,677292,86,-0.7383,0.4617,1.3638,-27.1603,25.2366,56.2595
302598.2805,677302,86,-0.7375,0.4841,1.3391,-29.2061,31.3282,48.2595
302598.2805,677312,86,-0.7231,0.4741,1.3069,-32.6718,36.6565,40.3359
302598.2805,677322,86,-0.7136,0.4478,1.2954,-35.3435,41.7557,34.8702
302598.2805,677332,86,-0.6968,0.4570,1.2805,-34.7786,46.4122,32.4122
302598.2805,677342,86,-0.6699,0.4700,1.2751,-32.1985,51.1756,30.1527
302598.3403,677352,87,-0.6589,0.4907,1.2561,-28.7481,56.3511,26.3511
302598.3403,677362,87,-0.6445,0.5000,1.2378,-25.9695,61.2061,22.7023
302598.3403,677372,87,-0.6272,0.4956,1.2183,-22.8397,65.0382,19.1756
302598.3403,677382,87,-0.5930,0.4868,1.1987,-18.4580,67.2519,14.6565
302598.3403,677392,87,-0.5725,0.4717,1.1682,-15.5725,69.8473,11.1145
302598.3403,677402,87,-0.5686,0.4475,1.1191,-13.8626,72.2443,9.4656
302598.3403,677412,87,-0.5649,0.4219,1.0745,-11.1756,73.6641,8.3053
302598.3403,677422,87,-0.5684,0.4043,1.0398,-6.6260,73.1908,7.7557
302598.3403,677432,87,-0.5518,0.4045,1.0278,-1.5573,71.0840,8.4733
302598.3403,677442,87,-0.5359,0.4255,1.0425,3.5573,70.0305,9.7557
302598.4606,677452,88,-0.5232,0.4541,1.0417,8.0763,70.5038,10.7023
302598.4606,677462,88,-0.5103,0.4861,1.0330,12.5344,71.8321,10.6260
302598.4606,677472,88,-0.5120,0.5032,1.0247,16.4580,74.2901,8.9771
302598.4606,677482,88,-0.5093,0.5181,1.0198,19.0229,76.5344,6.6565
302598.4606,677492,88,-0.5024,0.5247,1.0083,19.7557,78.9466,5.9237
302598.4606,677502,88,-0.5083,0.5432,0.9741,22.2443,80.9618,5.8626
302598.4606,677512,88,-0.5127,0.5698,0.9475,26.6870,81.7863,3.5725
302598.4606,677522,88,-0.5061,0.5867,0.9099,32.1374,81.8168,-1.9237
302598.4606,677532,88,-0.5161,0.5818,0.8567,35.6794,82.8550,-8.9160
302598.4606,677542,88,-0.5198,0.5635,0.8042,36.7328,82.4580,-13.6031
302598.4635,677552,89,-0.5110,0.5544,0.7786,38.5954,78.8397,-16.0916
302598.4635,677562,89,-0.4858,0.5454,0.7710,41.7252,75.3740,-18.1679
302598.4635,677572,89,-0.4702,0.5334,0.7563,45.9542,74.1069,-20.6107
302598.4635,677582,89,-0.4500,0.5164,0.7468,50.2443,73.7710,-23.4809
302598.4635,677592,89,-0.4358,0.4993,0.7156,53.1298,74.4733,-25.8779
302598.4635,677602,89,-0.4370,0.4822,0.6802,55.4656,74.6107,-27.6641
302598.4635,677612,89,-0.4307,0.4553,0.6492,58.1221,72.9160,-29.1298
302598.4635,677622,89,-0.4321,0.4263,0.6169,61.0534,71.0687,-30.4733
302598.4635,677632,89,-0.4399,0.4033,0.5811,64.5954,68.9771,-30.9160
302598.4635,677642,89,-0.4333,0.4033,0.5693,68.1527,65.7405,-30.0611
302598.5840,677652,90,-0.4141,0.3918,0.5601,71.6794,62.8855,-29.4351
302598.5840,677662,90,-0.3958,0.3904,0.5686,74.5802,63.6336,-29.9084
302598.5840,677672,90,-0.3726,0.4065,0.5679,75.2824,66.2748,-28.2290
302598.5840,677682,90,-0.3608,0.4070,0.5408,74.2748,71.5420,-26.2595
302598.5840,677692,90,-0.4065,0.3984,0.4761,74.0153,75.4198,-25.6489
302598.5840,677702,90,-0.4226,0.4033,0.4270,77.6489,71.9237,-26.4885
302598.5840,677712,90,-0.4282,0.4055,0.3774,81.8931,64.3053,-29.4809
302598.5840,677722,90,-0.4373,0.3938,0.3330,83.1298,56.9466,-33.6794
302598.5840,677732,90,-0.4382,0.3687,0.2961,83.6336,49.0534,-37.5115
302598.5840,677742,90,-0.4194,0.3630,0.2803,86.0305,40.3817,-41.2366
302598.7021,677752,91,-0.3750,0.3489,0.2866,87.4809,34.3817,-45.2214
302598.7021,677762,91,-0.3774,0.3228,0.2686,85.4962,33.4656,-49.6336
302598.7021,677772,91,-0.3979,0.2925,0.2302,83.6794,31.4198,-54.7786
302598.7021,677782,91,-0.3916,0.2671,0.2131,80.9771,26.4885,-58.6260
302598.7021,677792,91,-0.3997,0.2419,0.1960,77.8015,20.4122,-61.2061
302598.7021,677802,91,-0.4028,0.2212,0.1797,74.9008,12.1374,-64.0916
302598.7021,677812,91,-0.4067,0.1826,0.1692,72.1832,2.0458,-67.0534
302598.7021,677822,91,-0.3962,0.1418,0.1709,71.3588,-7.7710,-70.2290
302598.7021,677832,91,-0.3965,0.1177,0.1807,70.4275,-13.4656,-72.3664
302598.7021,677842,91,-0.3901,0.0969,0.1882,67.6641,-17.9542,-73.0076
302598.8808,677852,92,-0.3855,0.0750,0.2146,64.6718,-21.7557,-73.6336
302598.8808,677862,92,-0.3740,0.0630,0.2495,63.4962,-25.2977,-74.2290
302598.8808,677872,92,-0.4053,0.0476,0.2327,61.7710,-26.3969,-76.2901
302598.8808,677882,92,-0.4363,-0.0039,0.1873,56.5649,-27.7405,-78.9466
302598.8808,677892,92,-0.4478,-0.0579,0.1624,52.7786,-34.4122,-80.0153
302598.8808,677902,92,-0.4180,-0.0935,0.1748,54.2443,-44.6412,-79.7557
302598.8808,677912,92,-0.3999,-0.1143,0.2095,56.5191,-53.5115,-79.3282
302598.8808,677922,92,-0.3752,-0.1184,0.2354,57.0382,-60.1069,-78.6565
302598.8808,677932,92,-0.3342,-0.1399,0.2654,53.9695,-65.9237,-76.7481
302598.8808,677942,92,-0.3740,-0.1809,0.2478,50.1221,-66.1527,-77.2061
302598.8831,677952,93,-0.4167,-0.2532,0.1899,44.9771,-66.3359,-79.0076
302598.8831,677962,93,-0.4387,-0.3450,0.1533,40.7176,-70.3206,-76.9160
302598.8831,677972,93,-0.4387,-0.3652,0.1711,40.6870,-78.1527,-69.9847
302598.8831,677982,93,-0.4121,-0.3582,0.2725,39.6336,-87.4504,-60.4427
302598.8831,677992,93,-0.3687,-0.2708,0.4092,40.1374,-94.9618,-51.8931
302598.8831,678002,93,-0.3608,-0.2188,0.5020,38.4122,-96.1679,-49.7405
302598.8831,678012,93,-0.3911,-0.1855,0.5637,33.0840,-93.2366,-52.4885
302598.8831,678022,93,-0.4224,-0.2861,0.5454,21.8473,-88.4885,-56.4733
302598.8831,678032,93,-0.5151,-0.4065,0.4741,13.4809,-80.0000,-58.1374
302598.8831,678042,93,-0.5786,-0.4729,0.4116,13.1908,-82.5802,-56.2901
302599.0022,678052,94,-0.6011,-0.5552,0.4102,14.8702,-91.1298,-52.4885
302599.0022,678062,94,-0.6255,-0.5601,0.4683,18.5802,-100.4580,-44.7481
302599.0022,678072,94,-0.5696,-0.4973,0.6243,21.8015,-110.5802,-32.5649
302599.0022,678082,94,-0.4939,-0.3911,0.8115,23.1908,-114.5191,-24.0000
302599.0022,678092,94,-0.4961,-0.3293,0.9255,21.9695,-112.4427,-23.8168
302599.0022,678102,94,-0.4888,-0.2983,0.9597,16.5191,-109.1450,-27.3740
302599.0022,678112,94,-0.5281,-0.3167,0.9390,5.0382,-103.8015,-30.4275
302599.0022,678122,94,-0.5049,-0.4094,0.8921,-7.5725,-102.3053,-32.7634
302599.0022,678132,94,-0.4836,-0.4902,0.8284,-13.2672,-99.6641,-34.5191
302599.0022,678142,94,-0.4639,-0.5432,0.7915,-15.8321,-99.5420,-34.5038
302599.1217,678152,95,-0.4661,-0.5991,0.7661,-20.3969,-96.4885,-29.8168
302599.1217,678162,95,-0.5063,-0.6047,0.7227,-21.3130,-92.0000,-19.8473
302599.1217,678172,95,-0.5317,-0.5542,0.7258,-18.5038,-94.1221,-10.3664
302599.1217,678182,95,-0.5171,-0.5112,0.7881,-16.8550,-98.3053,-3.2824
302599.1217,678192,95,-0.5012,-0.4485,0.8674,-15.6947,-100.5649,0.9618
302599.1217,678202,95,-0.5352,-0.4805,0.8867,-19.4809,-99.9084,0.7328
302599.1217,678212,95,-0.5735,-0.5508,0.8691,-24.0916,-97.2519,0.3206
302599.1217,678222,95,-0.5701,-0.5959,0.8867,-25.0229,-98.2901,4.6412
302599.1217,678232,95,-0.5173,-0.5928,0.9739,-23.5267,-103.0229,12.8092
302599.1217,678242,95,-0.5044,-0.5413,1.0532,-23.2824,-105.3435,22.6412
302599.1824,678252,96,-0.4753,-0.4722,1.1401,-24.7023,-105.6183,32.2443
302599.1824,678262,96,-0.4836,-0.4119,1.1941,-24.7023,-101.5115,37.8168
302599.1824,678272,96,-0.5237,-0.3599,1.1997,-26.9160,-94.2595,39.4809
302599.1824,678282,96,-0.5684,-0.3262,1.1719,-33.2977,-88.7176,39.2977
302599.1824,678292,96,-0.5872,-0.3308,1.1323,-41.0382,-85.8779,36.9618
302599.1824,678302,96,-0.5959,-0.3889,1.1077,-47.9695,-86.5496,33.1908
302599.1824,678312,96,-0.6143,-0.4424,1.1113,-54.0000,-89.7252,32.9924
302599.1824,678322,96,-0.6133,-0.4624,1.1411,-58.2137,-94.0000,39.0382
302599.1824,678332,96,-0.5762,-0.4673,1.2014,-58.7939,-96.7176,46.6412
302599.1824,678342,96,-0.5833,-0.4709,1.2234,-55.6794,-94.9771,51.2519
302599.3020,678352,97,-0.5837,-0.4956,1.2285,-53.5725,-93.1450,54.8092
302599.3020,678362,97,-0.5725,-0.5386,1.2673,-52.9160,-94.2443,59.7557
302599.3020,678372,97,-0.5271,-0.5605,1.3594,-49.3893,-92.8244,68.4122
302599.3020,678382,97,-0.5461,-0.4731,1.4587,-43.7557,-86.5954,80.0916
302599.3020,678392,97,-0.5581,-0.3613,1.5322,-40.8244,-81.3893,91.1450
302599.3020,678402,97,-0.5903,-0.2505,1.5757,-39.1756,-73.8931,96.5038
302599.3020,678412,97,-0.6328,-0.1665,1.5942,-39.7252,-65.1908,95.1908
302599.3020,678422,97,-0.6655,-0.1865,1.5627,-47.0382,-58.0000,90.6260
302599.3020,678432,97,-0.6770,-0.2693,1.5522,-55.1908,-52.8702,88.3206
302599.3020,678442,97,-0.6545,-0.2993,1.5974,-55.9389,-49.7099,91.7252
302599.3623,678452,98,-0.6179,-0.2522,1.6648,-50.4885,-44.5802,98.5191
302599.3623,678462,98,-0.5955,-0.1611,1.7117,-43.2519,-34.8092,103.2214
302599.3623,678472,98,-0.6040,-0.0762,1.7048,-39.7252,-22.9466,105.2366
302599.3623,678482,98,-0.6084,-0.0256,1.6648,-40.2290,-13.0382,104.4427
302599.3623,678492,98,-0.6003,-0.0225,1.6018,-43.7710,-6.1069,100.5191
302599.3623,678502,98,-0.5837,-0.0469,1.5667,-48.0458,-1.0534,97.2824
302599.3623,678512,98,-0.5769,-0.0640,1.5471,-50.5038,3.7557,97.2519
302599.3623,678522,98,-0.5667,-0.0535,1.5479,-48.2595,8.8092,98.4275
302599.3623,678532,98,-0.5789,-0.0032,1.5664,-44.1069,14.2901,98.9008
302599.3623,678542,98,-0.5676,0.0784,1.5908,-40.7634,19.4656,100.4885
302599.4831,678552,99,-0.5449,0.1565,1.6138,-38.4427,26.3359,100.1069
302599.4831,678562,99,-0.5642,0.2090,1.5881,-37.8473,35.9542,95.4656
302599.4831,678572,99,-0.5894,0.2188,1.5325,-39.1298,44.0763,88.5038
302599.4831,678582,99,-0.5986,0.1919,1.4744,-41.0076,48.0458,82.3969
302599.4831,678592,99,-0.5891,0.1868,1.4707,-40.1221,48.5344,78.6718
302599.4831,678602,99,-0.5513,0.2112,1.5034,-37.1450,48.9771,77.0992
302599.4831,678612,99,-0.5188,0.2495,1.5181,-34.1527,51.4809,75.0229
302599.4831,678622,99,-0.4702,0.2754,1.5398,-32.0153,55.9084,71.9389
302599.4831,678632,99,-0.4458,0.2859,1.5283,-30.6870,64.4427,68.1832
302599.4831,678642,99,-0.4690,0.2893,1.4790,-28.9008,74.2290,64.5496
302599.6616,678652,100,-0.4644,0.2734,1.4338,-26.2137,80.3664,61.6031
302599.6616,678662,100,-0.4580,0.2744,1.3843,-22.4733,85.7863,59.4809
302599.6616,678672,100,-0.4707,0.2769,1.3438,-17.9389,92.8550,58.7634
302599.6616,678682,100,-0.4968,0.3076,1.2908,-12.0763,98.2290,57.9542
302599.6616,678692,100,-0.5051,0.3398,1.2695,-7.0992,98.6260,56.5649
302599.6616,678702,100,-0.4922,0.3745,1.2498,-2.9466,95.7710,53.7252
302599.6616,678712,100,-0.4648,0.3689,1.2363,0.6260,94.4885,48.9466
302599.6616,678722,100,-0.4431,0.3679,1.2134,5.4198,95.8626,43.1908
302599.6616,678732,100,-0.4226,0.3616,1.1821,8.1527,98.4427,38.0763
302599.6616,678742,100,-0.3989,0.3367,1.1511,9.5725,101.5115,33.2824
302599.6626,678752,101,-0.3943,0.3018,1.1040,10.8244,104.9924,29.0076
302599.6626,678762,101,-0.3772,0.2744,1.0674,11.8626,108.1069,27.3893
302599.6626,678772,101,-0.3826,0.2615,1.0154,15.4198,110.2443,26.9313
302599.6626,678782,101,-0.3723,0.2522,0.9771,20.9008,109.4809,25.0229
302599.6626,678792,101,-0.3457,0.2378,0.9546,26.7328,108.9924,23.3435
302599.6626,678802,101,-0.3450,0.2419,0.8989,32.5344,109.8321,21.9237
302599.6626,678812,101,-0.3284,0.2175,0.8425,35.6031,108.8397,20.1832
302599.6626,678822,101,-0.3213,0.1865,0.8042,38.8855,107.2977,18.6718
302599.6626,678832,101,-0.3308,0.1716,0.7676,43.2366,106.6260,19.6183
302599.6626,678842,101,-0.3359,0.1814,0.7478,49.7557,103.9542,22.4580
302599.7842,678852,102,-0.3308,0.1924,0.7417,58.1374,101.5267,24.1374
302599.7842,678862,102,-0.3503,0.2402,0.7290,67.0534,101.4351,25.2366
302599.7842,678872,102,-0.3616,0.3115,0.7107,72.9771,99.8779,25.8168
302599.7842,678882,102,-0.3755,0.3655,0.6904,74.5649,97.6794,24.2901
302599.7842,678892,102,-0.3828,0.3994,0.6672,74.0305,95.6641,20.1985
302599.7842,678902,102,-0.3970,0.4150,0.6277,72.9313,93.7863,14.4580
302599.7842,678912,102,-0.3953,0.4121,0.5864,71.1298,90.2595,8.0305
302599.7842,678922,102,-0.3950,0.3818,0.5559,68.5649,86.7786,2.4733
302599.7842,678932,102,-0.3843,0.3523,0.5151,68.7939,83.7099,-1.0382
302599.7842,678942,102,-0.3770,0.3525,0.4988,72.6870,80.5344,-4.6565
302599.9609,678952,103,-0.3652,0.3477,0.4856,76.0153,77.3435,-8.0611
302599.9609,678962,103,-0.3640,0.3713,0.4614,80.2290,75.9389,-10.6870
302599.9609,678972,103,-0.3728,0.4072,0.4238,83.8321,75.6031,-15.1756
302599.9609,678982,103,-0.3975,0.4099,0.3623,82.1679,74.0305,-21.8168
302599.9609,678992,103,-0.4065,0.3948,0.3118,78.0305,70.0153,-28.6870
302599.9609,679002,103,-0.4062,0.3662,0.2896,74.4733,65.0382,-34.5496
302599.9609,679012,103,-0.4175,0.3398,0.2510,72.0000,60.4733,-39.8626
302599.9609,679022,103,-0.4297,0.2896,0.2053,70.1527,56.1527,-45.6336
302599.9609,679032,103,-0.4392,0.2686,0.1814,70.0153,50.2443,-49.8779
302599.9609,679042,103,-0.4163,0.2488,0.1814,70.3053,43.0534,-52.0000
302599.9630,679052,104,-0.4170,0.2373,0.1804,71.2977,38.6718,-54.4427
302599.9630,679062,104,-0.4197,0.2498,0.1865,72.6718,33.6489,-57.8015
302599.9630,679072,104,-0.4124,0.2388,0.1907,72.0305,27.1298,-61.4504
302599.9630,679082,104,-0.4058,0.2141,0.1970,70.3511,21.7405,-66.6412
302599.9630,679092,104,-0.3782,0.1548,0.2144,66.7939,17.0382,-71.0687
302599.9630,679102,104,-0.3892,0.0793,0.2036,63.1145,14.2595,-73.4962
302599.9630,679112,104,-0.4158,0.0215,0.1687,62.7786,12.2901,-74.0763
302599.9630,679122,104,-0.4429,-0.0247,0.1235,65.0992,7.3435,-72.2901
302599.9630,679132,104,-0.4814,-0.0459,0.1082,68.5649,0.7939,-69.3282
302599.9630,679142,104,-0.4705,-0.0063,0.1199,72.9924,-8.7176,-64.2137
302600.0842,679152,105,-0.4661,0.0107,0.1521,74.0916,-16.5802,-62.1374
302600.0842,679162,105,-0.4539,0.0137,0.1829,72.7634,-22.3511,-63.5725
302600.0842,679172,105,-0.4143,-0.0149,0.2151,69.8321,-29.2824,-64.4885
302600.0842,679182,105,-0.4023,-0.0352,0.2517,66.9618,-34.2443,-64.9466
302600.0842,679192,105,-0.4041,-0.0835,0.2512,62.5954,-36.5496,-65.2366
302600.0842,679202,105,-0.4194,-0.1436,0.2102,59.3893,-35.0687,-64.7939
302600.0842,679212,105,-0.4360,-0.1709,0.1838,60.4427,-36.1832,-63.2214
302600.0842,679222,105,-0.4358,-0.1846,0.1863,62.5038,-41.4809,-60.5038
302600.0842,679232,105,-0.4551,-0.1931,0.1824,63.6183,-45.9084,-58.9771
302600.0842,679242,105,-0.4551,-0.2065,0.1968,63.8015,-52.8397,-58.6412
302600.2020,679252,106,-0.4470,-0.2239,0.2319,62.1221,-61.0992,-58.8397
302600.2020,679262,106,-0.4216,-0.2725,0.2622,58.4580,-68.4427,-58.8855
302600.2020,679272,106,-0.4023,-0.3218,0.3101,56.3053,-73.7099,-58.6107
302600.2020,679282,106,-0.3484,-0.3362,0.3577,54.8702,-78.6870,-56.7634
302600.2020,679292,106,-0.3281,-0.3411,0.3857,52.5344,-79.3435,-53.7710
302600.2020,679302,106,-0.3638,-0.3308,0.3584,49.9389,-79.3893,-52.9160
302600.2020,679312,106,-0.4114,-0.3909,0.2942,44.2443,-82.8550,-54.3206
302600.2020,679322,106,-0.4717,-0.4663,0.2351,39.6794,-87.3740,-54.3969
302600.2020,679332,106,-0.5183,-0.5178,0.2180,38.8702,-95.7099,-50.3969
302600.2020,679342,106,-0.5149,-0.5291,0.2847,41.1145,-107.8321,-43.4962
302600.3216,679352,107,-0.4688,-0.4470,0.4260,45.1298,-117.8626,-35.4046
302600.3216,679362,107,-0.4368,-0.3801,0.5483,44.1221,-122.4580,-30.5191
302600.3216,679372,107,-0.4395,-0.3279,0.6655,39.1756,-122.1221,-31.3130
302600.3216,679382,107,-0.4343,-0.3103,0.7576,30.4275,-123.3893,-34.7786
302600.3216,679392,107,-0.4255,-0.3406,0.8054,17.8015,-122.7634,-38.9160
302600.3216,679402,107,-0.4421,-0.4321,0.7683,5.0382,-118.7176,-45.2061
302600.3216,679412,107,-0.4749,-0.6375,0.6799,-8.0611,-112.6412,-51.1603
302600.3216,679422,107,-0.5002,-0.8003,0.6228,-11.3740,-110.9771,-49.4046
302600.3216,679432,107,-0.4644,-0.9004,0.6265,-7.3130,-116.4733,-39.9084
302600.3216,679442,107,-0.4185,-0.9097,0.7029,-0.8092,-122.5344,-25.5267
302600.3837,679452,108,-0.3909,-0.7944,0.8052,5.2977,-127.8779,-8.5344
302600.3837,679462,108,-0.3987,-0.6309,0.8926,6.1527,-132.3511,4.3359
302600.3837,679472,108,-0.4360,-0.5508,0.9326,0.0458,-134.1221,8.6718
302600.3837,679482,108,-0.4495,-0.5557,0.9397,-8.7481,-132.7939,7.7252
302600.3837,679492,108,-0.4866,-0.6272,0.9128,-17.9389,-129.9542,7.2366
302600.3837,679502,108,-0.5005,-0.6895,0.9268,-22.8855,-129.9847,11.6336
302600.3837,679512,108,-0.5002,-0.6833,0.9746,-22.0916,-132.8550,19.3588
302600.3837,679522,108,-0.4797,-0.6382,1.0503,-20.5496,-134.7176,26.5496
302600.3837,679532,108,-0.4829,-0.5908,1.1375,-21.9237,-134.1374,31.7405
302600.3837,679542,108,-0.5073,-0.6067,1.1787,-27.3740,-129.2061,36.1221
302600.6283,679552,109,-0.5366,-0.6064,1.2051,-31.1908,-123.9695,40.8702
302600.6283,679562,109,-0.5286,-0.5974,1.2532,-33.4351,-123.4351,45.5420
302600.6283,679572,109,-0.5098,-0.6106,1.3003,-37.2214,-120.7023,49.8473
302600.6283,679582,109,-0.5244,-0.6062,1.3352,-40.7328,-114.5038,54.8855
302600.6283,679592,109,-0.5554,-0.5779,1.3582,-42.2595,-110.6107,61.3893
302600.6283,679602,109,-0.5647,-0.5408,1.4082,-41.2214,-109.0840,67.1756
302600.6283,679612,109,-0.5605,-0.4795,1.4858,-39.2061,-106.8244,72.2595
302600.6283,679622,109,-0.5601,-0.4224,1.5247,-39.2977,-100.8550,76.5191
302600.6283,679632,109,-0.5718,-0.3989,1.5510,-41.0382,-93.8931,78.0000
302600.6283,679642,109,-0.5693,-0.4004,1.5684,-43.2977,-88.0611,78.3817
302600.6288,679652,110,-0.5681,-0.3811,1.6050,-45.2977,-82.5954,80.6870
302600.6288,679662,110,-0.5591,-0.3137,1.6448,-45.7405,-76.7328,85.6947
302600.6288,679672,110,-0.5330,-0.2473,1.6755,-45.8321,-68.7328,88.3511
302600.6288,679682,110,-0.5564,-0.2017,1.6494,-47.1145,-56.8397,87.5115
302600.6288,679692,110,-0.5869,-0.1880,1.5916,-49.4962,-47.1756,84.8550
302600.6288,679702,110,-0.5649,-0.2273,1.5554,-53.2366,-43.3893,81.9237
302600.6288,679712,110,-0.5383,-0.2773,1.5698,-56.3664,-40.9466,81.9084
302600.6288,679722,110,-0.5073,-0.2556,1.6265,-56.0305,-38.1527,87.2519
302600.6288,679732,110,-0.4541,-0.1726,1.6904,-51.8626,-31.9695,93.3893
302600.6288,679742,110,-0.4470,-0.0784,1.7104,-48.6565,-19.8931,94.9008
302600.6833,679752,111,-0.4758,-0.0261,1.6445,-49.8015,-7.0992,93.5267
302600.6833,679762,111,-0.5146,-0.0100,1.5564,-52.2901,1.5573,90.3664
302600.6833,679772,111,-0.5198,-0.0264,1.5239,-53.0534,5.6947,86.6870
302600.6833,679782,111,-0.5144,-0.0312,1.5146,-51.8168,7.7405,84.6718
302600.6833,679792,111,-0.4880,-0.0217,1.5339,-50.3511,10.7023,85.1908
302600.6833,679802,111,-0.4675,-0.0066,1.5632,-47.8473,15.2977,85.2977
302600.6833,679812,111,-0.4502,0.0229,1.5632,-44.6718,21.2061,84.8702
302600.6833,679822,111,-0.4468,0.0505,1.5444,-42.9771,28.3206,84.3817
302600.6833,679832,111,-0.4414,0.0713,1.5039,-42.3817,34.8550,83.4504
302600.6833,679842,111,-0.4412,0.0808,1.4646,-41.6794,40.4275,82.4122
302600.8016,679852,112,-0.4404,0.0935,1.4202,-39.0229,45.7405,81.2519
302600.8016,679862,112,-0.4626,0.1064,1.3821,-36.4427,50.4427,79.2061
302600.8016,679872,112,-0.4712,0.1191,1.3618,-34.3817,52.8855,76.3511
302600.8016,679882,112,-0.4661,0.1365,1.3628,-31.5878,54.0916,73.1603
302600.8016,679892,112,-0.4419,0.1494,1.3799,-29.7710,55.0992,70.1985
302600.8016,679902,112,-0.4153,0.1448,1.3816,-28.6412,58.5344,67.0687
302600.8016,679912,112,-0.4004,0.1460,1.3650,-27.0382,64.4885,64.3053
302600.8016,679922,112,-0.4026,0.1584,1.3286,-24.7786,70.3969,62.0458
302600.8016,679932,112,-0.3909,0.1738,1.3015,-23.0687,75.0992,59.7099
302600.8016,679942,112,-0.3933,0.1812,1.2607,-21.8473,79.8473,56.9160
302600.9218,679952,113,-0.3911,0.1702,1.2095,-19.6489,83.3130,53.2672
302600.9218,679962,113,-0.4041,0.1577,1.1653,-17.4962,86.2748,50.1832
302600.9218,679972,113,-0.4121,0.1455,1.1221,-15.6947,86.8550,48.1679
302600.9218,679982,113,-0.4058,0.1289,1.0896,-12.8092,86.3511,46.3206
302600.9218,679992,113,-0.4065,0.1235,1.0764,-8.9466,86.5038,44.7786
302600.9218,680002,113,-0.4138,0.1409,1.0486,-5.8473,86.5344,45.0229
302600.9218,680012,113,-0.4202,0.1780,1.0347,-2.5802,85.0229,44.8702
302600.9218,680022,113,-0.3997,0.2073,1.0500,0.2290,84.5191,42.7176
302600.9218,680032,113,-0.4067,0.2041,1.0327,2.1374,87.3435,39.0992
302600.9218,680042,113,-0.4270,0.1975,1.0000,5.3588,89.9542,35.2214
302600.9825,680052,114,-0.4309,0.1826,0.9741,8.8702,90.6107,32.7634
302600.9825,680062,114,-0.4417,0.1865,0.9590,13.1603,91.0840,31.3740
302600.9825,680072,114,-0.4412,0.2041,0.9446,17.7405,89.9389,29.8015
302600.9825,680082,114,-0.4451,0.1953,0.9346,20.5496,89.2061,27.5573
302600.9825,680092,114,-0.4419,0.2117,0.9285,24.6107,89.3130,25.8321
302600.9825,680102,114,-0.4397,0.2295,0.9207,28.7328,89.4046,23.6794
302600.9825,680112,114,-0.4502,0.2283,0.8918,30.7023,90.6870,20.0916
302600.9825,680122,114,-0.4775,0.2297,0.8569,32.6412,91.0992,16.4885
302600.9825,680132,114,-0.4695,0.2319,0.8467,34.3969,89.2061,13.7863
302600.9825,680142,114,-0.4592,0.2112,0.8379,35.2366,88.9008,11.0382
302601.1021,680152,115,-0.4675,0.1729,0.8052,37.8321,90.2290,8.1527
302601.1021,680162,115,-0.4954,0.1560,0.7710,41.5115,90.7328,7.5725
302601.1021,680172,115,-0.5063,0.1440,0.7456,45.3588,88.3664,8.6412
302601.1021,680182,115,-0.5088,0.1316,0.7207,50.3664,85.5420,8.8855
302601.1021,680192,115,-0.5110,0.1418,0.7024,56.2901,83.2977,8.9466
302601.1021,680202,115,-0.5107,0.1609,0.6794,60.2901,80.3511,8.9160
302601.1021,680212,115,-0.5227,0.1646,0.6506,62.8092,76.6260,7.1298
302601.1021,680222,115,-0.5374,0.1519,0.6313,63.2061,72.8550,3.9695
302601.1021,680232,115,-0.5496,0.1216,0.6111,61.1298,66.9466,1.1908
302601.1021,680242,115,-0.5215,0.0684,0.6392,60.0763,59.0840,-0.6565
302601.1617,680252,116,-0.4653,0.0334,0.7046,63.0534,54.0916,-1.1145
302601.1617,680262,116,-0.4155,0.0347,0.7529,68.4580,55.7405,0.8550
302601.1617,680272,116,-0.4160,0.0713,0.7544,72.6260,62.6107,4.0305
302601.1617,680282,116,-0.4382,0.1211,0.7051,75.5267,68.9008,6.2595
302601.1617,680292,116,-0.4644,0.1746,0.6548,75.5115,74.2290,6.5496
302601.1617,680302,116,-0.4905,0.2151,0.5696,72.3817,77.0992,4.4733
302601.1617,680312,116,-0.5120,0.2139,0.4883,67.3435,76.3053,0.3053
302601.1617,680322,116,-0.5105,0.2144,0.4387,64.3511,71.9542,-3.2977
302601.1617,680332,116,-0.4929,0.2195,0.4045,64.1527,66.5802,-6.7634
302601.1617,680342,116,-0.4792,0.2173,0.3726,64.9466,62.0305,-10.9618
302601.3400,680352,117,-0.4783,0.2300,0.3345,66.2595,59.6947,-15.4656
302601.3400,680362,117,-0.4939,0.2288,0.2791,65.1298,57.0382,-19.7557
302601.3400,680372,117,-0.5120,0.2104,0.2354,63.5267,53.2977,-23.6183
302601.3400,680382,117,-0.5176,0.1980,0.2102,63.5420,48.9160,-26.4885
302601.3400,680392,117,-0.5137,0.2114,0.2007,66.0458,44.0458,-28.4122
302601.3400,680402,117,-0.5251,0.2185,0.1863,67.0840,40.3053,-30.8092
302601.3400,680412,117,-0.5574,0.2112,0.1594,66.1374,37.9847,-33.4656
302601.3400,680422,117,-0.5764,0.2043,0.1411,66.6870,33.1908,-35.2366
302601.3400,680432,117,-0.5991,0.2083,0.1384,68.3511,27.4198,-37.1756
302601.3400,680442,117,-0.6035,0.2544,0.1594,71.1298,20.2901,-38.5954
302601.4021,680452,118,-0.5940,0.2568,0.1768,72.3359,13.5573,-42.6565
302601.4021,680462,118,-0.6116,0.2234,0.1809,72.0153,10.9466,-49.0687
302601.4021,680472,118,-0.6189,0.2109,0.1870,71.4962,6.6107,-53.8473
302601.4021,680482,118,-0.5969,0.1711,0.2192,68.6870,-0.4275,-56.6718
302601.4021,680492,118,-0.5732,0.1484,0.2581,68.0916,-5.8779,-59.6641
302601.4021,680502,118,-0.5452,0.1316,0.2996,68.4885,-11.3893,-62.7176
302601.4021,680512,118,-0.5173,0.0925,0.3208,66.2901,-15.7252,-65.3282
302601.4021,680522,118,-0.4788,0.0371,0.3408,64.0916,-16.7023,-67.2214
302601.4021,680532,118,-0.4658,0.0251,0.3462,64.8397,-15.6794,-68.7176
302601.4021,680542,118,-0.4392,0.0176,0.3433,64.2901,-15.4351,-69.6031
302601.4623,680552,119,-0.4668,-0.0037,0.2874,60.9618,-14.0153,-71.1298
302601.4623,680562,119,-0.5325,-0.0400,0.1885,55.1145,-12.2290,-73.4504
302601.4623,680572,119,-0.5596,-0.1028,0.1091,49.8015,-16.2443,-76.3206
302601.4623,680582,119,-0.5476,-0.1802,0.0786,47.0840,-26.5344,-78.8244
302601.4623,680592,119,-0.5164,-0.2283,0.1082,47.8015,-37.5725,-79.2519
302601.4623,680602,119,-0.4792,-0.2588,0.1572,49.6641,-46.8244,-77.3588
302601.4623,680612,119,-0.4543,-0.2717,0.1985,51.0229,-54.4580,-75.4504
302601.4623,680622,119,-0.4158,-0.2832,0.2810,49.8168,-60.9008,-73.6336
302601.4623,680632,119,-0.3870,-0.3208,0.3220,45.7863,-64.0305,-70.8855
302601.4623,680642,119,-0.4204,-0.3567,0.3013,42.2443,-59.2366,-67.9084
302601.6403,680652,120,-0.4412,-0.3491,0.2761,42.2901,-58.3359,-64.1985
302601.6403,680662,120,-0.4468,-0.3459,0.2639,42.7939,-62.9160,-61.3588
302601.6403,680672,120,-0.4570,-0.3125,0.2917,44.6260,-66.8092,-59.4809
302601.6403,680682,120,-0.4609,-0.2786,0.3015,43.2977,-73.0076,-58.4885
302601.6403,680692,120,-0.4688,-0.2954,0.3137,37.2366,-78.1679,-59.0687
302601.6403,680702,120,-0.4519,-0.2930,0.3589,32.8855,-84.5649,-59.1603
302601.6403,680712,120,-0.4263,-0.3047,0.3945,28.7634,-88.5496,-59.2672
302601.6403,680722,120,-0.4316,-0.3152,0.4006,25.0229,-86.5496,-59.2366
302601.6403,680732,120,-0.4597,-0.3157,0.3835,24.4733,-87.8015,-58.5649
302601.6403,680742,120,-0.4846,-0.3386,0.3650,24.5802,-90.1527,-58.8855
302601.7010,680752,121,-0.5154,-0.3337,0.3669,25.5267,-94.1221,-59.3282
302601.7010,680762,121,-0.5039,-0.3643,0.3733,23.3435,-103.2977,-59.6336
302601.7010,680772,121,-0.4766,-0.3975,0.4272,20.3511,-112.2748,-60.9618
302601.7010,680782,121,-0.4177,-0.4099,0.5166,16.8855,-121.0534,-60.7481
302601.7010,680792,121,-0.3616,-0.4014,0.6272,13.2366,-127.0382,-58.5954
302601.7010,680802,121,-0.3015,-0.3845,0.7463,10.6718,-130.1679,-59.0229
302601.7010,680812,121,-0.2830,-0.4207,0.7781,6.3817,-128.6565,-63.3435
302601.7010,680822,121,-0.3269,-0.5369,0.7390,-1.8779,-122.2901,-67.6031
302601.7010,680832,121,-0.3828,-0.7207,0.6665,-10.3511,-120.7481,-66.5344
302601.7010,680842,121,-0.4097,-0.8909,0.6138,-9.6947,-122.6107,-60.5496
302601.7627,680852,122,-0.4019,-0.9656,0.6455,-0.1527,-128.0611,-48.5802
302601.7627,680862,122,-0.3289,-0.9421,0.7437,10.9771,-136.5038,-31.1298
302601.7627,680872,122,-0.2661,-0.8037,0.9055,21.3588,-141.8779,-14.7023
302601.7627,680882,122,-0.2192,-0.6372,1.0618,24.2748,-143.7099,-3.7710
302601.7627,680892,122,-0.2190,-0.5037,1.1306,17.7710,-139.8931,0.6412
302601.7627,680902,122,-0.3176,-0.4922,1.0830,2.4885,-133.2977,-2.8702
302601.7627,680912,122,-0.3589,-0.6147,0.9875,-14.4733,-129.2672,-10.9618
302601.7627,680922,122,-0.3857,-0.7939,0.9243,-25.0534,-129.9695,-15.3893
302601.7627,680932,122,-0.3862,-0.9946,0.8882,-28.1832,-135.4351,-11.8931
302601.7627,680942,122,-0.3628,-1.1301,0.9092,-22.2290,-139.6489,-1.9389
302601.9411,680952,123,-0.3438,-1.1411,1.0078,-11.3588,-145.1756,15.1603
302601.9411,680962,123,-0.2930,-1.0518,1.1572,-1.0992,-149.4198,38.1374
302601.9411,680972,123,-0.2644,-0.8855,1.3433,6.9313,-149.2214,56.2595
302601.9411,680982,123,-0.2805,-0.7549,1.4700,6.2137,-143.0992,68.6412
302601.9411,680992,123,-0.2903,-0.6648,1.5256,-0.3359,-133.7557,77.3282
302601.9411,681002,123,-0.3157,-0.5864,1.5720,-6.5038,-124.3206,79.7252
302601.9411,681012,123,-0.3506,-0.5850,1.5608,-13.7252,-113.8626,77.4198
302601.9411,681022,123,-0.3870,-0.6370,1.5176,-21.6489,-104.3359,74.4885
302601.9411,681032,123,-0.4065,-0.6482,1.5117,-27.3282,-101.3130,77.4198
302601.9411,681042,123,-0.3643,-0.6116,1.5488,-29.7252,-101.0534,85.1145
302602.1235,681052,124,-0.3459,-0.5571,1.5952,-28.7328,-97.6031,88.7634
302602.1235,681062,124,-0.3633,-0.5234,1.5740,-29.3588,-88.7786,91.1756
302602.1235,681072,124,-0.3945,-0.5283,1.5298,-32.8550,-81.2366,92.6565
302602.1235,681082,124,-0.4014,-0.5698,1.5159,-37.2366,-78.0000,95.0534
302602.1235,681092,124,-0.3652,-0.5928,1.5332,-38.5954,-74.7634,101.3740
302602.1235,681102,124,-0.3650,-0.5715,1.5725,-35.6183,-70.3206,108.9160
302602.1235,681112,124,-0.3713,-0.4712,1.6216,-30.3969,-65.0076,118.9771
302602.1235,681122,124,-0.3525,-0.3569,1.6685,-25.7099,-59.2366,126.2137
302602.1235,681132,124,-0.3481,-0.2600,1.6882,-24.7786,-51.8626,128.0763
302602.1235,681142,124,-0.3420,-0.2285,1.6636,-28.4122,-44.5191,128.1221
302602.1249,681152,125,-0.3364,-0.2239,1.6306,-32.0916,-38.0458,126.1374
302602.1249,681162,125,-0.3357,-0.2366,1.5996,-34.6412,-33.2519,124.4580
302602.1249,681172,125,-0.3113,-0.2373,1.5762,-33.4656,-28.4122,125.0534
302602.1249,681182,125,-0.3201,-0.2119,1.5776,-30.8702,-23.3588,125.6336
302602.1249,681192,125,-0.3247,-0.1587,1.5710,-28.7176,-20.9771,128.8550
302602.1249,681202,125,-0.3162,-0.1028,1.5835,-24.8702,-20.9008,131.3435
302602.1249,681212,125,-0.3130,0.0078,1.6206,-19.6336,-20.5344,131.0382
302602.1249,681222,125,-0.2549,0.0950,1.6562,-20.6260,-16.4580,129.1756
302602.1249,681232,125,-0.2554,0.1318,1.6389,-26.3664,-2.4427,123.3435
302602.1249,681242,125,-0.2944,0.1282,1.5837,-34.0916,14.2748,112.7023
302602.1824,681252,126,-0.3159,0.0476,1.5159,-43.1908,26.6107,104.0305
302602.1824,681262,126,-0.3328,-0.0312,1.4836,-46.7023,32.0763,98.5038
302602.1824,681272,126,-0.3162,-0.0664,1.5027,-45.5115,32.0916,98.1985
302602.1824,681282,126,-0.2817,-0.0532,1.5112,-40.8702,33.8168,100.6870
302602.1824,681292,126,-0.2595,-0.0134,1.5027,-36.9618,39.1450,102.2290
302602.1824,681302,126,-0.2437,-0.0005,1.4543,-35.5573,44.1832,101.6489
302602.1824,681312,126,-0.2358,-0.0129,1.3992,-34.4733,48.9008,98.1374
302602.1824,681322,126,-0.2234,-0.0476,1.3462,-33.2672,55.1450,94.2595
302602.1824,681332,126,-0.2432,-0.0872,1.3057,-28.8855,64.1679,93.4504
302602.1824,681342,126,-0.2761,-0.0439,1.2971,-19.6336,68.5496,95.4504
302602.3020,681352,127,-0.2778,0.0403,1.3088,-11.9389,67.8931,98.8092
302602.3020,681362,127,-0.2866,0.1384,1.3301,-6.9618,68.5649,100.2443
302602.3020,681372,127,-0.2812,0.2356,1.3350,-3.8168,69.6794,97.4962
302602.3020,681382,127,-0.2625,0.2815,1.3232,-6.3206,73.4198,91.4351
302602.3020,681392,127,-0.2896,0.2559,1.2249,-10.3664,86.4275,71.4046
302602.3020,681402,127,-0.2896,0.2559,1.2249,-10.3664,86.4275,71.4046
302602.3020,681412,127,-0.2986,0.2437,1.1921,-8.6260,88.8244,64.5344
302602.3020,681422,127,-0.3140,0.2637,1.1619,-5.8473,89.8779,59.7710
302602.3020,681432,127,-0.3042,0.2634,1.1396,-4.9008,90.3511,55.0076
302602.3020,681442,127,-0.3049,0.2610,1.1055,-3.4198,92.1069,49.3588
302602.3628,681452,128,-0.3110,0.2395,1.0732,-1.9847,92.1679,43.6489
302602.3628,681462,128,-0.2981,0.2158,1.0488,0.1374,91.9847,39.3588
302602.3628,681472,128,-0.3037,0.1875,1.0249,3.0534,92.9466,36.6260
302602.3628,681482,128,-0.3174,0.1753,0.9907,6.9313,93.3435,35.4198
302602.3628,681492,128,-0.3193,0.1892,0.9705,11.4656,92.2443,36.2595
302602.3628,681502,128,-0.3159,0.2114,0.9482,17.3282,90.6565,35.8779
302602.3628,681512,128,-0.3184,0.2620,0.9407,24.7023,90.0458,32.6718
302602.3628,681522,128,-0.3545,0.3032,0.9131,27.7252,90.0153,27.8168
302602.3628,681532,128,-0.3765,0.2974,0.8772,26.0458,89.0687,22.7786
302602.3628,681542,128,-0.3892,0.2791,0.8477,25.6336,87.2366,16.5344
302602.4828,681552,129,-0.3796,0.2644,0.8379,26.4733,84.3664,11.2672
302602.4828,681562,129,-0.3625,0.2163,0.8237,26.3206,81.4656,7.4504
302602.4828,681572,129,-0.3481,0.1863,0.8247,27.8779,80.4580,4.0305
302602.4828,681582,129,-0.3271,0.1719,0.8418,29.1603,79.5267,4.5038
302602.4828,681592,129,-0.3066,0.1636,0.8386,30.8397,79.8779,6.5802
302602.4828,681602,129,-0.3198,0.2036,0.8306,34.7939,83.4046,6.5649
302602.4828,681612,129,-0.3167,0.2275,0.8108,36.0611,83.5267,5.6947
302602.4828,681622,129,-0.3286,0.2341,0.7834,36.3511,83.5573,3.2519
302602.4828,681632,129,-0.3650,0.2478,0.7251,37.2519,84.7939,-1.3282
302602.4828,681642,129,-0.4150,0.2214,0.6462,34.0763,84.7328,-7.5115
302602.6095,681652,130,-0.4436,0.1799,0.5955,31.6336,82.2748,-13.4656
302602.6095,681662,130,-0.4641,0.1328,0.5520,31.9237,77.8473,-17.9847
302602.6095,681672,130,-0.4800,0.1060,0.5295,35.1908,74.0153,-20.8702
302602.6095,681682,130,-0.4927,0.0901,0.5261,38.3359,69.4198,-22.1221
302602.6095,681692,130,-0.4690,0.0735,0.5513,40.4580,66.5954,-22.6260
302602.6095,681702,130,-0.4802,0.0542,0.5530,44.8397,68.1679,-23.5267
302602.6095,681712,130,-0.5076,0.0654,0.5325,50.2748,68.7023,-24.8550
302602.6095,681722,130,-0.5317,0.0483,0.4973,51.6947,68.0305,-24.9618
302602.6095,681732,130,-0.5767,0.0581,0.4683,53.3740,67.8779,-25.3588
302602.6095,681742,130,-0.5947,0.0835,0.4448,55.0076,62.2901,-25.6641
302602.6623,681752,131,-0.5850,0.0815,0.4392,54.4275,54.5038,-27.9389
302602.6623,681762,131,-0.5635,0.0723,0.4419,53.9542,47.7099,-32.1221
302602.6623,681772,131,-0.5508,0.0645,0.4517,54.1069,41.6031,-35.1298
302602.6623,681782,131,-0.5310,0.0347,0.4570,51.8779,36.3817,-38.2137
302602.6623,681792,131,-0.4705,-0.0261,0.4802,49.1298,34.2443,-40.1221
302602.6623,681802,131,-0.4724,-0.0764,0.4617,50.2443,36.5954,-40.1985
302602.6623,681812,131,-0.5029,-0.1096,0.4148,51.8626,39.5267,-39.6489
302602.6623,681822,131,-0.5244,-0.1035,0.3857,52.7328,37.4962,-34.9008
302602.6623,681832,131,-0.5388,-0.0688,0.3638,56.0611,32.0000,-29.7099
302602.6623,681842,131,-0.5544,-0.0193,0.3528,59.4809,28.6565,-29.1450
302602.8417,681852,132,-0.5662,0.0098,0.3225,59.2977,23.5267,-31.6794
302602.8417,681862,132,-0.5740,-0.0010,0.3066,55.6794,17.1908,-35.4962
302602.8417,681872,132,-0.5525,-0.0242,0.3184,51.2824,12.7634,-37.9695
302602.8417,681882,132,-0.5425,-0.0505,0.3284,48.5344,11.9542,-38.2901
302602.8417,681892,132,-0.5605,-0.0535,0.3362,48.4122,10.1679,-39.2519
302602.8417,681902,132,-0.5532,-0.0579,0.3472,47.7710,5.5725,-39.7099
302602.8417,681912,132,-0.5540,-0.0842,0.3474,46.9771,3.6336,-40.9771
302602.8417,681922,132,-0.5669,-0.0977,0.3418,46.8244,3.6031,-41.6641
302602.8417,681932,132,-0.5715,-0.0962,0.3208,46.2290,-0.9771,-40.2290
302602.8417,681942,132,-0.5544,-0.0986,0.3411,45.2214,-7.2672,-39.7099
302602.9028,681952,133,-0.5029,-0.0911,0.3862,44.1679,-15.0229,-40.5496
302602.9028,681962,133,-0.4617,-0.0908,0.4468,40.7481,-22.9618,-41.6947
302602.9028,681972,133,-0.4106,-0.1611,0.4492,32.0458,-29.5725,-43.5115
302602.9028,681982,133,-0.4609,-0.2625,0.4072,22.6412,-23.3740,-42.5954
302602.9028,681992,133,-0.5396,-0.3232,0.3408,19.9847,-18.1985,-40.2901
302602.9028,682002,133,-0.6272,-0.3975,0.2656,18.9008,-18.4275,-35.6947
302602.9028,682012,133,-0.6567,-0.4116,0.2554,25.4351,-19.7099,-28.3817
302602.9028,682022,133,-0.7053,-0.3457,0.2883,36.3053,-21.5725,-21.8015
302602.9028,682032,133,-0.7170,-0.2766,0.3293,41.8321,-26.8855,-17.3282
302602.9028,682042,133,-0.7300,-0.2258,0.4009,42.2137,-34.2748,-16.6412
302602.9629,682052,134,-0.7285,-0.2124,0.4497,37.9695,-41.6794,-18.5954
302602.9629,682062,134,-0.7283,-0.2144,0.5276,32.0611,-45.2519,-20.9160
302602.9629,682072,134,-0.6753,-0.2659,0.5957,24.8855,-48.7328,-23.6947
302602.9629,682082,134,-0.6750,-0.3618,0.6440,19.4656,-42.7939,-24.8550
302602.9629,682092,134,-0.7297,-0.3743,0.6389,20.6565,-34.5649,-22.5802
302602.9629,682102,134,-0.7612,-0.3638,0.6355,21.0992,-34.3359,-17.2061
302602.9629,682112,134,-0.7683,-0.3108,0.6599,22.3206,-36.7023,-12.4122
302602.9629,682122,134,-0.7979,-0.2422,0.6624,22.6412,-36.7786,-11.0992
302602.9629,682132,134,-0.8359,-0.2202,0.6377,18.2595,-38.1069,-12.0305
302602.9629,682142,134,-0.8474,-0.2126,0.6211,12.5344,-41.0687,-13.9695
302603.0810,682152,135,-0.8252,-0.2112,0.6501,7.4962,-45.9695,-16.2748
302603.0810,682162,135,-0.7510,-0.2444,0.7102,2.2443,-49.7252,-17.2824
302603.0810,682172,135,-0.7102,-0.2603,0.7717,1.2366,-45.5420,-16.9618
302603.0810,682182,135,-0.7476,-0.2676,0.7634,2.7939,-37.3435,-16.2137
302603.0810,682192,135,-0.7605,-0.2690,0.7529,3.2824,-32.2137,-13.8015
302603.0810,682202,135,-0.7695,-0.2400,0.7461,3.6489,-31.5878,-10.9313
302603.0810,682212,135,-0.7644,-0.2166,0.7295,2.1221,-34.7786,-8.4275
302603.0810,682222,135,-0.7563,-0.2061,0.7227,-0.2595,-38.0611,-7.4351
302603.0810,682232,135,-0.7617,-0.2375,0.6980,-3.5420,-38.5802,-7.1450
302603.0810,682242,135,-0.8188,-0.2664,0.6570,-6.1985,-37.6031,-3.7405
302603.2604,682252,136,-0.8696,-0.2520,0.6555,-6.0611,-41.8931,3.4198
302603.2604,682262,136,-0.8713,-0.2126,0.7070,-3.3282,-53.1298,10.0305
302603.2604,682272,136,-0.8215,-0.1392,0.8193,1.8015,-58.7786,14.8702
302603.2604,682282,136,-0.7993,-0.0684,0.8992,5.7252,-51.8168,16.9008
302603.2604,682292,136,-0.8284,0.0015,0.9280,7.1450,-40.9313,12.3511
302603.2604,682302,136,-0.8191,0.0149,0.9426,3.5420,-32.0916,6.0000
302603.2604,682312,136,-0.8044,0.0017,0.9663,-1.8626,-22.5649,0.0000
302603.2604,682322,136,-0.7673,-0.0420,0.9780,-9.7099,-16.6260,-4.1679
302603.2604,682332,136,-0.7593,-0.1177,0.9575,-15.7252,-11.1145,-5.0382
302603.2604,682342,136,-0.7681,-0.1621,0.9189,-15.0076,-4.5802,-4.0611
302603.2626,682352,137,-0.7900,-0.1765,0.8762,-10.0305,-1.6183,-1.9695
302603.2626,682362,137,-0.8020,-0.1699,0.8467,-4.4275,-3.4962,0.9313
302603.2626,682372,137,-0.8000,-0.1643,0.8296,1.3588,-6.1374,4.2595
302603.2626,682382,137,-0.7983,-0.1211,0.8193,7.5115,-8.9618,6.6718
302603.2626,682392,137,-0.7795,-0.0942,0.8284,9.8626,-12.4427,8.2443
302603.2626,682402,137,-0.7610,-0.0759,0.8477,9.9389,-14.4733,9.6794
302603.2626,682412,137,-0.7505,-0.0403,0.8608,10.4733,-12.7328,10.3969
302603.2626,682422,137,-0.7537,-0.0085,0.8569,8.4275,-8.0916,9.4198
302603.2626,682432,137,-0.7427,0.0012,0.8511,3.9237,-4.3969,7.4656
302603.2626,682442,137,-0.7280,-0.0298,0.8335,-1.2061,-1.4962,5.1756
302603.3824,682452,138,-0.7356,-0.0649,0.8164,-3.0687,1.0382,3.3282
302603.3824,682462,138,-0.7383,-0.0640,0.7979,-1.1298,1.9847,3.1298
302603.3824,682472,138,-0.7397,-0.0476,0.7742,-0.3053,1.6794,3.6183
302603.3824,682482,138,-0.7236,-0.0320,0.7651,-1.0687,-0.3359,3.5878
302603.3824,682492,138,-0.6770,-0.0317,0.7871,-1.6794,-2.5649,2.9008
302603.3824,682502,138,-0.6721,-0.0544,0.7783,-1.5725,0.0458,0.4733
302603.3824,682512,138,-0.6946,-0.0789,0.7446,-3.2824,3.6031,-0.5802
302603.3824,682522,138,-0.6804,-0.0901,0.7327,-4.2748,4.4580,1.0382
302603.3824,682532,138,-0.6511,-0.0620,0.7490,-1.8473,4.9466,2.1527
302603.3824,682542,138,-0.6626,-0.0757,0.7373,-2.7634,8.1069,2.5954
302603.5021,682552,139,-0.7004,-0.0728,0.7007,-1.7405,9.5878,3.1908
302603.5021,682562,139,-0.7039,-0.0583,0.6841,-0.8855,4.8244,3.9542
302603.5021,682572,139,-0.6819,-0.0586,0.7026,-0.1832,-0.0305,4.2748
302603.5021,682582,139,-0.6868,-0.0508,0.7122,1.4962,-1.8626,3.2061
302603.5021,682592,139,-0.6973,-0.0481,0.7034,1.0992,-3.3588,2.7176
302603.5021,682602,139,-0.7119,-0.0461,0.6938,-0.0763,-6.4580,2.4122
302603.5021,682612,139,-0.6885,-0.0564,0.7251,-1.3282,-10.9771,1.6031
302603.5021,682622,139,-0.6118,-0.0884,0.8040,-0.6412,-13.1298,1.6641
302603.5021,682632,139,-0.5842,-0.0762,0.8503,3.4046,-5.7405,2.0305
302603.5021,682642,139,-0.6492,-0.0618,0.8081,2.4427,5.6947,3.6031
302603.5623,682652,140,-0.6921,-0.0525,0.7600,-0.3817,8.5191,4.4733
302603.5623,682662,140,-0.6851,-0.0498,0.7432,-1.6794,6.2137,4.1832
302603.5623,682672,140,-0.6875,-0.0535,0.7288,-1.2672,4.0305,2.4427
302603.5623,682682,140,-0.6978,-0.0588,0.7156,-1.9084,1.8015,0.3359
302603.5623,682692,140,-0.7029,-0.0608,0.6956,-3.6641,-2.2595,0.2595
302603.5623,682702,140,-0.6990,-0.0569,0.6960,-5.2061,-6.9466,0.4275
302603.5623,682712,140,-0.6465,-0.0920,0.7400,-6.1069,-10.5038,0.5649
302603.5623,682722,140,-0.6345,-0.0903,0.7715,-1.8626,-7.5878,0.4275
302603.5623,682732,140,-0.6636,-0.0774,0.7590,-0.3206,-3.2366,0.9618
302603.5623,682742,140,-0.6777,-0.0715,0.7468,-2.4580,-2.7328,3.0992
302603.6854,682752,141,-0.6572,-0.0759,0.7571,-1.8779,-3.4046,4.3359
302603.6854,682762,141,-0.6516,-0.0598,0.7778,1.4046,-2.1832,3.5878
302603.6854,682772,141,-0.6677,-0.0435,0.7693,2.0763,-0.5496,3.2672
302603.6854,682782,141,-0.7004,-0.0383,0.7358,-0.4275,-0.5344,3.6336
302603.6854,682792,141,-0.7021,-0.0312,0.7451,-2.6565,-3.2519,3.4962
302603.6854,682802,141,-0.6624,-0.0361,0.7825,-3.7099,-5.8015,2.8244
302603.6854,682812,141,-0.6482,-0.0369,0.7932,-3.8015,-3.8321,1.7252
302603.6854,682822,141,-0.6707,-0.0449,0.7700,-4.8550,-0.3817,1.2214
302603.6854,682832,141,-0.6970,-0.0432,0.7432,-5.6947,0.4733,1.7557
302603.6854,682842,141,-0.6716,-0.0330,0.7595,-5.0534,-1.3588,2.3817
302603.8017,682852,142,-0.6565,-0.0374,0.7725,-3.0382,-0.7786,1.5725
302603.8017,682862,142,-0.6819,-0.0291,0.7485,-1.5725,1.9389,0.2290
302603.8017,682872,142,-0.7051,-0.0430,0.7180,-3.2214,1.9542,0.2137
302603.8017,682882,142,-0.6934,-0.0535,0.7153,-3.6794,-1.3435,0.2137
302603.8017,682892,142,-0.6543,-0.0640,0.7544,-1.6489,-2.8855,0.2748
302603.8017,682902,142,-0.6643,-0.0542,0.7507,0.2748,0.0305,0.3359
302603.8017,682912,142,-0.6887,-0.0415,0.7332,-0.2137,1.6031,0.8092
302603.8017,682922,142,-0.6841,-0.0408,0.7341,-1.4198,0.2137,1.5725
302603.8017,682932,142,-0.6741,-0.0337,0.7441,-0.4275,-1.0840,1.3893
302603.8017,682942,142,-0.6785,-0.0256,0.7483,0.9618,-0.9771,-0.0153
302603.8610,682952,143,-0.6941,-0.0322,0.7373,-0.3206,-1.2672,-0.9618
302603.8610,682962,143,-0.6963,-0.0576,0.7263,-2.2137,-2.9924,-1.2824
302603.8610,682972,143,-0.6711,-0.0723,0.7515,-1.9847,-5.5115,-1.2366
302603.8610,682982,143,-0.6416,-0.0718,0.7881,-0.6870,-4.8855,-0.3206
302603.8610,682992,143,-0.6604,-0.0569,0.7849,-0.0153,-0.7481,0.5954
302603.8610,683002,143,-0.6772,-0.0457,0.7698,-0.4275,1.5878,1.3130
302603.8610,683012,143,-0.6755,-0.0488,0.7629,-0.8855,1.0840,1.2824
302603.8610,683022,143,-0.6619,-0.0437,0.7712,0.6260,0.9466,0.5038
302603.8610,683032,143,-0.6619,-0.0378,0.7625,0.8550,2.1679,-0.0153
302603.8610,683042,143,-0.6775,-0.0354,0.7375,-0.7328,2.8092,-0.2595
302604.0399,683052,144,-0.6768,-0.0371,0.7280,-1.9389,1.7099,-0.1832
302604.0399,683062,144,-0.6697,-0.0408,0.7329,-2.1527,0.9618,-0.3817
302604.0399,683072,144,-0.6731,-0.0383,0.7346,-1.5878,1.6947,-1.1756
302604.0399,683082,144,-0.6821,-0.0454,0.7253,-2.0153,2.2748,-1.6489
302604.0399,683092,144,-0.6680,-0.0515,0.7380,-2.6565,2.2443,-1.2519
302604.0399,683102,144,-0.6428,-0.0530,0.7666,-2.6718,4.5649,-0.5649
302604.0399,683112,144,-0.6592,-0.0493,0.7625,-2.3511,10.6107,-0.3664
302604.0399,683122,144,-0.6934,-0.0483,0.7351,-2.0000,13.4351,-0.9160
302604.0399,683132,144,-0.6948,-0.0557,0.7256,-1.7863,10.2595,-1.2214
302604.0399,683142,144,-0.6875,-0.0557,0.7178,-0.9771,5.9847,-1.0840
302604.1617,683152,145,-0.6865,-0.0530,0.7126,-0.2137,1.8779,-1.1450
302604.1617,683162,145,-0.6704,-0.0500,0.7285,-0.2748,-1.0076,-0.9771
302604.1617,683172,145,-0.6582,-0.0583,0.7292,-1.0992,-1.6794,-0.2443
302604.1617,683182,145,-0.6624,-0.0632,0.7258,-0.9618,-0.7328,0.1832
302604.1617,683192,145,-0.6726,-0.0508,0.7222,0.6412,0.0458,0.5954
302604.1617,683202,145,-0.6853,-0.0391,0.7095,1.4809,-0.0305,0.5649
302604.1617,683212,145,-0.6829,-0.0386,0.7085,1.4504,-1.7557,0.2290
302604.1617,683222,145,-0.6741,-0.0327,0.7180,1.9084,-3.4656,-0.3664
302604.1617,683232,145,-0.6726,-0.0215,0.7249,1.7405,-4.2443,-0.7634
302604.1617,683242,145,-0.6582,-0.0283,0.7334,0.4122,-4.2595,-1.0534
302604.1636,683252,146,-0.6614,-0.0435,0.7266,0.1527,-2.5954,-1.5878
302604.1636,683262,146,-0.6716,-0.0457,0.7166,1.2977,-1.1145,-2.0763
302604.1636,683272,146,-0.6719,-0.0505,0.7126,1.2672,-1.4809,-2.0000
302604.1636,683282,146,-0.6641,-0.0522,0.7178,0.3817,-2.4733,-1.4656
302604.1636,683292,146,-0.6619,-0.0615,0.7183,-0.3511,-2.7023,-1.1298
302604.1636,683302,146,-0.6602,-0.0603,0.7209,-0.7176,-3.3282,-0.5802
302604.1636,683312,146,-0.6536,-0.0608,0.7292,0.6107,-3.1756,0.1069
302604.1636,683322,146,-0.6646,-0.0461,0.7317,3.2061,-1.3130,-0.2137
302604.1636,683332,146,-0.6848,-0.0364,0.7122,3.2214,0.1832,-0.2901
302604.1636,683342,146,-0.6985,-0.0303,0.6963,1.9542,-1.1145,-0.3359
302604.2819,683352,147,-0.6890,-0.0271,0.7058,0.6718,-4.3359,-0.5802
302604.2819,683362,147,-0.6592,-0.0427,0.7319,-0.0305,-6.6718,-1.0992
302604.2819,683372,147,-0.6577,-0.0461,0.7429,0.8397,-5.8626,-1.8931
302604.2819,683382,147,-0.6699,-0.0466,0.7334,0.3969,-4.7481,-1.7405
302604.2819,683392,147,-0.6772,-0.0505,0.7156,-0.4122,-5.0687,-1.3588
302604.2819,683402,147,-0.6770,-0.0566,0.7141,-0.5954,-6.6718,-1.5725
302604.2819,683412,147,-0.6582,-0.0588,0.7358,-0.3053,-8.0458,-1.4656
302604.2819,683422,147,-0.6594,-0.0686,0.7471,-0.0305,-7.1298,-0.7634
302604.2819,683432,147,-0.6726,-0.0674,0.7441,0.1527,-5.5878,-0.1069
302604.2819,683442,147,-0.6672,-0.0740,0.7488,0.2443,-5.7557,0.9771
302604.4030,683452,148,-0.6621,-0.0696,0.7627,1.7252,-5.3282,1.5573
302604.4030,683462,148,-0.6763,-0.0652,0.7627,2.7939,-3.3893,2.1069
302604.4030,683472,148,-0.6882,-0.0603,0.7549,2.6718,-2.2290,3.0534
302604.4030,683482,148,-0.6997,-0.0430,0.7488,2.7328,-2.5496,4.0000
302604.4030,683492,148,-0.7029,-0.0164,0.7573,3.2977,-3.6183,3.8931
302604.4030,683502,148,-0.6929,-0.0083,0.7766,3.0992,-4.3664,2.6718
302604.4030,683512,148,-0.6982,-0.0032,0.7786,2.5954,-3.4656,1.0229
302604.4030,683522,148,-0.7024,-0.0098,0.7683,0.7634,-2.8397,-0.2901
302604.4030,683532,148,-0.7012,-0.0212,0.7634,-0.9313,-3.4504,-0.9160
302604.4030,683542,148,-0.6887,-0.0361,0.7605,-1.4504,-3.8321,-1.5267
302604.4631,683552,149,-0.6863,-0.0520,0.7488,-1.4046,-3.4504,-1.8473
302604.4631,683562,149,-0.6719,-0.0542,0.7571,-1.6794,-3.3282,-1.3588
302604.4631,683572,149,-0.6462,-0.0654,0.7727,-1.5573,-1.4046,0.0763
302604.4631,683582,149,-0.6663,-0.0493,0.7500,0.7023,3.2977,0.9771
302604.4631,683592,149,-0.6941,-0.0339,0.7200,1.3588,5.0687,1.1603
302604.4631,683602,149,-0.7061,-0.0374,0.7014,0.1374,2.9313,0.9313
302604.4631,683612,149,-0.6912,-0.0457,0.7039,0.1069,-0.2290,0.3511
302604.4631,683622,149,-0.6711,-0.0513,0.7156,1.0534,-2.5649,-0.0763
302604.4631,683632,149,-0.6733,-0.0510,0.7224,1.3130,-3.3435,-0.3053
302604.4631,683642,149,-0.6870,-0.0488,0.7166,0.7481,-3.8473,0.2443
302604.5830,683652,150,-0.6687,-0.0403,0.7339,0.4427,-5.4656,0.8550
302604.5830,683662,150,-0.6487,-0.0330,0.7593,1.2519,-5.5267,0.3053
302604.5830,683672,150,-0.6550,-0.0344,0.7688,1.2977,-3.2977,-1.1298
302604.5830,683682,150,-0.6719,-0.0503,0.7466,-0.5496,-0.6107,-1.6183
302604.5830,683692,150,-0.6809,-0.0608,0.7339,-1.8321,-0.7023,-1.0840
302604.5830,683702,150,-0.6721,-0.0688,0.7358,-1.6336,-2.4122,-0.3969
302604.5830,683712,150,-0.6646,-0.0642,0.7490,-0.6565,-2.6718,0.2137
302604.5830,683722,150,-0.6648,-0.0698,0.7510,-0.6107,-1.4962,0.9618
302604.5830,683732,150,-0.6780,-0.0737,0.7400,-0.7481,-0.5649,1.3588
302604.5830,683742,150,-0.6792,-0.0750,0.7390,-0.4427,-1.4656,2.1832
302604.7019,683752,151,-0.6746,-0.0571,0.7515,1.0687,-2.2443,3.5573
302604.7019,683762,151,-0.6804,-0.0310,0.7654,2.4885,-2.5344,3.8779
302604.7019,683772,151,-0.6836,-0.0122,0.7695,1.7863,-2.0916,3.1145
302604.7019,683782,151,-0.6877,-0.0085,0.7593,-0.3969,-2.0000,2.2443
302604.7019,683792,151,-0.6892,-0.0085,0.7551,-2.2901,-2.4427,1.1145
302604.7019,683802,151,-0.6743,-0.0212,0.7598,-3.2824,-3.2214,-0.1069
302604.7019,683812,151,-0.6697,-0.0339,0.7649,-3.6641,-2.3664,-1.0382
302604.7019,683822,151,-0.6655,-0.0571,0.7524,-4.1527,-0.7481,-0.9160
302604.7019,683832,151,-0.6775,-0.0635,0.7412,-3.1908,0.1221,-0.2290
302604.7019,683842,151,-0.6765,-0.0566,0.7373,-2.2290,-0.5191,0.9160
302604.7627,683852,152,-0.6592,-0.0457,0.7451,-1.2366,-1.3435,1.8931
302604.7627,683862,152,-0.6609,-0.0356,0.7461,-0.2595,-0.4580,1.6489
302604.7627,683872,152,-0.6741,-0.0327,0.7334,-0.6565,0.7023,1.3435
302604.7627,683882,152,-0.6821,-0.0264,0.7236,-1.2061,0.6260,1.8321
302604.7627,683892,152,-0.6790,-0.0198,0.7280,-0.8702,-0.3359,1.6031
302604.7627,683902,152,-0.6741,-0.0188,0.7251,-0.6718,-1.1908,0.6260
302604.7627,683912,152,-0.6807,-0.0178,0.7197,-1.2672,-1.6031,-0.0305
302604.7627,683922,152,-0.6741,-0.0295,0.7244,-2.1527,-2.5802,-0.2137
302604.7627,683932,152,-0.6609,-0.0464,0.7354,-2.5496,-2.6260,-0.2748
302604.7627,683942,152,-0.6697,-0.0652,0.7302,-2.0611,-1.6336,-0.4122
302604.8831,683952,153,-0.6738,-0.0708,0.7214,-1.4351,-1.8473,0.3206
302604.8831,683962,153,-0.6682,-0.0701,0.7383,-0.8550,-2.7634,1.8321
302604.8831,683972,153,-0.6609,-0.0537,0.7544,0.2137,-3.1450,3.0229
302604.8831,683982,153,-0.6653,-0.0293,0.7598,0.9771,-2.5038,3.3130
302604.8831,683992,153,-0.6733,-0.0225,0.7546,0.2443,-2.1679,2.7939
302604.8831,684002,153,-0.6770,-0.0305,0.7485,-1.0229,-2.2443,2.1374
302604.8831,684012,153,-0.6838,-0.0442,0.7427,-1.6183,-2.6870,1.6641
302604.8831,684022,153,-0.6826,-0.0503,0.7461,-1.3740,-3.7557,1.5878
302604.8831,684032,153,-0.6731,-0.0471,0.7556,-1.1603,-4.9313,1.8931
302604.8831,684042,153,-0.6599,-0.0435,0.7729,-1.2061,-4.5038,2.1985
302605.0020,684052,154,-0.6675,-0.0391,0.7666,-1.0534,-2.3969,2.1832
302605.0020,684062,154,-0.6821,-0.0393,0.7583,-1.5420,-1.2519,2.2748
302605.0020,684072,154,-0.6816,-0.0408,0.7561,-2.1374,-1.6947,2.4580
302605.0020,684082,154,-0.6624,-0.0496,0.7690,-2.0153,-1.2519,2.5496
302605.0020,684092,154,-0.6697,-0.0554,0.7610,-0.8397,1.0992,2.5954
302605.0020,684102,154,-0.6873,-0.0557,0.7439,-0.2137,1.7557,3.1603
302605.0020,684112,154,-0.6924,-0.0464,0.7412,-0.1221,0.2290,4.4122
302605.0020,684122,154,-0.6814,-0.0266,0.7603,0.3511,-1.9695,5.0840
302605.0020,684132,154,-0.6711,-0.0090,0.7742,0.5038,-3.1756,4.7023
302605.0020,684142,154,-0.6748,-0.0100,0.7793,-0.9160,-2.7786,3.6641
302605.0621,684152,155,-0.6748,-0.0178,0.7793,-2.7176,-2.0305,3.2824
302605.0621,684162,155,-0.6812,-0.0254,0.7661,-2.2443,-1.1298,3.4504
302605.0621,684172,155,-0.6829,-0.0347,0.7693,-0.9160,-0.0305,3.2824
302605.0621,684182,155,-0.6902,-0.0383,0.7639,0.4885,1.9695,4.1221
302605.0621,684192,155,-0.7073,-0.0298,0.7576,2.3817,2.9313,5.5420
302605.0621,684202,155,-0.7051,-0.0161,0.7712,3.8626,2.0000,6.8092
302605.0621,684212,155,-0.7026,0.0125,0.7900,5.3588,0.7176,7.2366
302605.0621,684222,155,-0.6946,0.0251,0.8079,5.0687,0.0611,7.1298
302605.0621,684232,155,-0.6890,0.0137,0.8245,4.5038,0.7481,6.4427
302605.0621,684242,155,-0.6963,0.0059,0.8149,4.6260,2.6565,6.0763
302605.1827,684252,156,-0.7031,-0.0088,0.8074,4.9466,3.5115,6.7328
302605.1827,684262,156,-0.7048,-0.0100,0.8086,6.5649,3.2824,7.5725
302605.1827,684272,156,-0.6865,-0.0044,0.8196,8.7328,3.1756,9.1450
302605.1827,684282,156,-0.6892,0.0164,0.8215,11.2977,4.4580,10.5954
302605.1827,684292,156,-0.6968,0.0376,0.8298,12.7328,5.8779,11.4962
302605.1827,684302,156,-0.6992,0.0569,0.8293,13.1908,6.5649,12.3206
302605.1827,684312,156,-0.7048,0.0620,0.8279,13.5420,7.2214,12.2901
302605.1827,684322,156,-0.7024,0.0583,0.8381,14.5954,7.9847,11.8015
302605.1827,684332,156,-0.7009,0.0464,0.8328,15.8626,8.2901,11.5725
302605.1827,684342,156,-0.6978,0.0232,0.8293,17.6183,8.7939,12.4275
302605.3021,684352,157,-0.6882,0.0298,0.8450,21.8168,9.0076,13.3435
302605.3021,684362,157,-0.6589,0.0293,0.8557,24.4733,9.7252,15.5725
302605.3021,684372,157,-0.6460,0.0481,0.8613,26.3664,12.9771,18.7328
302605.3021,684382,157,-0.6389,0.0808,0.8477,27.7405,14.1374,21.3282
302605.3021,684392,157,-0.6265,0.1228,0.8401,29.2672,14.5344,22.6107
302605.3021,684402,157,-0.6279,0.1653,0.8406,31.5115,16.3511,22.6565
302605.3021,684412,157,-0.6250,0.2266,0.8259,33.3740,19.2977,21.9847
302605.3021,684422,157,-0.6367,0.2905,0.8135,34.4885,22.7176,20.1985
302605.3021,684432,157,-0.6440,0.3533,0.7986,34.3359,24.7939,17.3893
302605.3021,684442,157,-0.6382,0.4060,0.7769,33.4504,25.7557,13.4809
302605.3624,684452,158,-0.6338,0.4426,0.7542,32.5649,26.6870,7.3588
302605.3624,684462,158,-0.6279,0.4561,0.7124,30.4122,27.3740,-0.5191
302605.3624,684472,158,-0.6179,0.4453,0.6641,26.7634,27.6336,-8.0153
302605.3624,684482,158,-0.6021,0.4304,0.6169,23.5115,26.0763,-14.1069
302605.3624,684492,158,-0.5737,0.4209,0.5776,22.6260,23.8015,-19.5115
302605.3624,684502,158,-0.5347,0.4146,0.5454,22.2595,22.0305,-25.5267
302605.3624,684512,158,-0.5054,0.4023,0.5005,21.5725,21.6183,-31.1450
302605.3624,684522,158,-0.4897,0.3904,0.4355,21.8473,20.7481,-36.9618
302605.3624,684532,158,-0.4680,0.3738,0.3845,21.2977,18.1679,-42.7023
302605.3624,684542,158,-0.4421,0.3408,0.3372,21.0687,15.1908,-47.3893
302605.4830,684552,159,-0.4478,0.3154,0.2686,21.4504,11.8321,-52.7786
302605.4830,684562,159,-0.4368,0.2573,0.2195,19.3588,5.3740,-57.9389
302605.4830,684572,159,-0.4053,0.1997,0.1904,18.8092,-3.3282,-61.6031
302605.4830,684582,159,-0.3877,0.1414,0.1731,18.5496,-11.6641,-63.5115
302605.4830,684592,159,-0.3740,0.0735,0.1741,17.9389,-19.1908,-64.0458
302605.4830,684602,159,-0.3716,0.0322,0.1765,20.0000,-26.2748,-63.4962
302605.4830,684612,159,-0.3792,-0.0029,0.1848,23.7863,-33.5420,-63.1603
302605.4830,684622,159,-0.3772,-0.0305,0.2024,26.9771,-43.1450,-63.3588
302605.4830,684632,159,-0.3711,-0.0542,0.2434,27.3893,-54.7481,-63.3893
302605.4830,684642,159,-0.3369,-0.1003,0.3040,24.7023,-66.4275,-62.5344
302605.6084,684652,160,-0.3013,-0.1636,0.3552,23.0687,-76.3359,-61.5420
302605.6084,684662,160,-0.2952,-0.2439,0.3989,24.5496,-87.7557,-58.7023
302605.6084,684672,160,-0.2446,-0.2893,0.4561,27.8168,-99.9389,-52.3969
302605.6084,684682,160,-0.2378,-0.3225,0.5071,30.5649,-106.9924,-44.8397
302605.6084,684692,160,-0.2585,-0.3254,0.5337,33.5725,-110.8244,-39.1756
302605.6084,684702,160,-0.2935,-0.3350,0.5366,33.1908,-111.5115,-36.7176
302605.6084,684712,160,-0.3267,-0.3743,0.5410,28.3664,-112.5344,-36.6718
302605.6084,684722,160,-0.2996,-0.4148,0.5559,21.3740,-114.5802,-33.4809
302605.6084,684732,160,-0.3086,-0.4866,0.5957,10.9618,-115.0229,-34.5954
302605.6084,684742,160,-0.3130,-0.5730,0.6467,2.7481,-112.9618,-32.8244
302605.6625,684752,161,-0.3076,-0.6194,0.7004,1.3435,-111.5420,-28.6718
302605.6625,684762,161,-0.3123,-0.6658,0.7378,0.0153,-112.0458,-24.8702
302605.6625,684772,161,-0.3516,-0.7024,0.7856,-3.4046,-110.3969,-18.7023
302605.6625,684782,161,-0.3833,-0.7366,0.8438,-5.5878,-110.5954,-10.9771
302605.6625,684792,161,-0.4067,-0.7600,0.9265,-6.6107,-111.1450,-2.3053
302605.6625,684802,161,-0.4097,-0.7319,1.0225,-5.2366,-111.7252,6.5954
302605.6625,684812,161,-0.4080,-0.6831,1.1147,-5.8168,-112.1679,14.3206
302605.6625,684822,161,-0.4131,-0.6252,1.1804,-9.9237,-110.0305,20.0916
302605.6625,684832,161,-0.4270,-0.6003,1.2046,-17.7252,-105.9847,23.7405
302605.6625,684842,161,-0.4399,-0.6067,1.2224,-25.3893,-100.2901,26.5038
302605.7821,684852,162,-0.4614,-0.6033,1.2305,-29.4962,-95.3282,30.1221
302605.7821,684862,162,-0.5020,-0.5662,1.2336,-31.1145,-90.2137,34.7023
302605.7821,684872,162,-0.5142,-0.5208,1.2385,-33.3740,-87.6183,39.6031
302605.7821,684882,162,-0.5283,-0.4766,1.2349,-36.5802,-85.1450,43.4046
302605.7821,684892,162,-0.5374,-0.4570,1.2244,-39.6489,-82.3664,46.6565
302605.7821,684902,162,-0.5391,-0.4482,1.2126,-42.8855,-80.4733,48.3359
302605.7821,684912,162,-0.5315,-0.4663,1.2141,-47.1298,-80.2137,50.0458
302605.7821,684922,162,-0.5017,-0.4968,1.2439,-51.4962,-81.5115,54.3511
302605.7821,684932,162,-0.4783,-0.4917,1.2871,-52.6565,-81.3130,61.3740
302605.7821,684942,162,-0.4731,-0.4424,1.3364,-51.0076,-78.9008,68.6107
302605.9020,684952,163,-0.4690,-0.3779,1.3818,-50.0916,-74.7634,73.7405
302605.9020,684962,163,-0.4443,-0.3567,1.3982,-50.4122,-69.1603,76.9618
302605.9020,684972,163,-0.4421,-0.3521,1.4065,-49.0382,-61.2214,77.4962
302605.9020,684982,163,-0.4656,-0.3416,1.3845,-48.2137,-54.6718,78.5191
302605.9020,684992,163,-0.4785,-0.3245,1.3887,-48.7939,-51.3282,81.7863
302605.9020,685002,163,-0.4712,-0.2893,1.4377,-49.5115,-49.9389,85.6794
302605.9020,685012,163,-0.4377,-0.2693,1.4883,-49.5878,-47.8779,88.5802
302605.9020,685022,163,-0.4241,-0.2563,1.5266,-48.3969,-42.2901,89.8779
302605.9020,685032,163,-0.4229,-0.2375,1.5554,-47.1298,-35.6947,92.3359
302605.9020,685042,163,-0.4177,-0.2117,1.5767,-45.7405,-28.1985,95.6183
302605.9626,685052,164,-0.4407,-0.1804,1.5852,-45.1298,-20.5191,98.0458
302605.9626,685062,164,-0.4548,-0.1438,1.5959,-44.9466,-13.9084,100.5038
302605.9626,685072,164,-0.4578,-0.0974,1.6201,-43.1603,-8.3664,101.9695
302605.9626,685082,164,-0.4370,-0.0542,1.6399,-40.8092,-3.9084,101.5878
302605.9626,685092,164,-0.4148,-0.0159,1.6572,-39.8626,1.2366,100.5038
302605.9626,685102,164,-0.4009,0.0183,1.6621,-39.1298,7.9084,100.0153
302605.9626,685112,164,-0.4036,0.0488,1.6577,-38.5954,15.3435,97.6336
302605.9626,685122,164,-0.4209,0.0645,1.6367,-39.4504,22.0153,95.0687
302605.9626,685132,164,-0.4229,0.0676,1.6252,-39.2366,27.0229,92.6718
302605.9626,685142,164,-0.4021,0.0667,1.6306,-36.5496,31.9237,90.6260
302606.0819,685152,165,-0.3936,0.0784,1.6218,-31.6183,39.8321,87.7252
302606.0819,685162,165,-0.4165,0.1086,1.5918,-27.0840,49.2519,85.2366
302606.0819,685172,165,-0.4385,0.1382,1.5645,-24.5802,55.7557,82.7481
302606.0819,685182,165,-0.4299,0.1436,1.5623,-24.7939,60.0305,79.9237
302606.0819,685192,165,-0.4053,0.1318,1.5601,-24.5496,63.6641,76.7023
302606.0819,685202,165,-0.3809,0.1226,1.5544,-22.6870,68.1985,73.9695
302606.0819,685212,165,-0.3574,0.1230,1.5405,-20.2595,73.8779,72.8855
302606.0819,685222,165,-0.3320,0.1221,1.5195,-16.0458,78.4122,72.3664
302606.0819,685232,165,-0.3174,0.1445,1.4807,-9.0382,82.3359,71.8473
302606.0819,685242,165,-0.3037,0.2026,1.4697,-1.7863,86.3969,71.8779
302606.2021,685252,166,-0.2969,0.2549,1.4504,2.7328,91.6031,71.0382
302606.2021,685262,166,-0.3181,0.3137,1.4106,5.8168,97.0840,68.7481
302606.2021,685272,166,-0.3447,0.3787,1.3711,8.6260,100.3053,65.1145
302606.2021,685282,166,-0.3499,0.4148,1.3386,10.7023,102.5191,59.2977
302606.2021,685292,166,-0.3486,0.4441,1.3032,12.9618,104.2901,52.0153
302606.2021,685302,166,-0.3503,0.4497,1.2632,13.9237,104.6565,44.6107
302606.2021,685312,166,-0.3538,0.4233,1.2166,14.4275,104.7939,37.6031
302606.2021,685322,166,-0.3452,0.4045,1.1917,17.6183,103.4351,31.9237
302606.2021,685332,166,-0.3291,0.3936,1.1746,21.1756,101.8015,27.4809
302606.2021,685342,166,-0.2993,0.3882,1.1719,25.0076,100.6718,23.2824
302606.3202,685352,167,-0.2676,0.3816,1.1826,28.6412,101.5115,20.2595
302606.3202,685362,167,-0.2410,0.3796,1.1770,32.3206,104.2443,17.7557
302606.3202,685372,167,-0.2312,0.4014,1.1511,35.9542,108.5344,15.3435
302606.3202,685382,167,-0.2251,0.4089,1.1096,37.1450,112.4427,13.2214
302606.3202,685392,167,-0.2251,0.4070,1.0581,38.5038,116.9313,9.7405
302606.3202,685402,167,-0.2449,0.4041,0.9810,42.6107,120.2748,4.8702
302606.3202,685412,167,-0.2683,0.4026,0.8999,46.6718,120.4733,0.4733
302606.3202,685422,167,-0.2849,0.3867,0.8242,49.3588,117.4504,-3.2366
302606.3202,685432,167,-0.2812,0.3674,0.7744,52.5191,112.7328,-6.8092
302606.3202,685442,167,-0.2773,0.3457,0.7292,56.7634,107.6947,-10.9160
302606.4417,685452,168,-0.2903,0.3247,0.6787,60.9771,102.9008,-14.7176
302606.4417,685462,168,-0.2788,0.3037,0.6663,63.9084,98.0458,-16.9313
302606.4417,685472,168,-0.2573,0.2820,0.6619,67.2061,97.4656,-17.3435
302606.4417,685482,168,-0.2861,0.2888,0.6252,72.1985,98.6260,-17.6489
302606.4417,685492,168,-0.3035,0.2773,0.5857,75.2977,96.7634,-19.0076
302606.4417,685502,168,-0.3047,0.2683,0.5652,80.0458,92.5496,-21.3588
302606.4417,685512,168,-0.3120,0.2791,0.5461,84.7328,88.8397,-22.7634
302606.4417,685522,168,-0.3145,0.3057,0.5173,87.7252,84.4580,-23.8168
302606.4417,685532,168,-0.3279,0.3035,0.4958,88.3206,79.9237,-28.1374
302606.4417,685542,168,-0.3181,0.2991,0.4817,87.5115,75.4351,-32.8855
302606.5617,685552,169,-0.3030,0.2642,0.4509,86.4733,72.8244,-36.8397
302606.5617,685562,169,-0.3184,0.2393,0.4058,86.7023,71.1450,-42.1832
302606.5617,685572,169,-0.3242,0.2202,0.3655,86.4275,67.1145,-45.4656
302606.5617,685582,169,-0.3179,0.2112,0.3311,86.5954,60.7328,-48.3817
302606.5617,685592,169,-0.3203,0.1902,0.2993,85.4198,55.3130,-52.4427
302606.5617,685602,169,-0.3252,0.1687,0.2722,83.3588,48.8092,-56.0458
302606.5617,685612,169,-0.3088,0.1326,0.2588,81.9542,42.0000,-58.1679
302606.5617,685622,169,-0.3147,0.0991,0.2449,82.5649,37.3588,-60.9008
302606.5617,685632,169,-0.3276,0.0830,0.2209,82.7481,32.2748,-62.7939
302606.5617,685642,169,-0.3301,0.0593,0.2185,81.0076,26.7634,-62.5344
302606.6224,685652,170,-0.3293,0.0530,0.2200,79.5725,22.9466,-60.2748
302606.6224,685662,170,-0.3530,0.0435,0.2041,79.4809,19.5725,-59.2061
302606.6224,685672,170,-0.3525,0.0496,0.2004,81.3130,14.4427,-60.3359
302606.6224,685682,170,-0.3420,0.0466,0.1963,81.1908,7.9084,-61.2824
302606.6224,685692,170,-0.3215,0.0146,0.2034,79.1908,2.5191,-62.5344
302606.6224,685702,170,-0.3298,-0.0120,0.1912,78.4733,-0.7481,-63.4504
302606.6224,685712,170,-0.3320,-0.0129,0.1655,78.6260,-4.3053,-63.4962
302606.6224,685722,170,-0.3784,-0.0293,0.1301,77.6031,-7.9237,-65.4809
302606.6224,685732,170,-0.4041,-0.0601,0.0984,75.5573,-13.7405,-68.1069
302606.6224,685742,170,-0.4202,-0.0876,0.0837,73.1145,-21.3588,-68.5344
302606.6826,685752,171,-0.4409,-0.1360,0.0796,70.1527,-30.3511,-68.3817
302606.6826,685762,171,-0.4441,-0.1638,0.1023,69.9542,-37.6183,-67.0840
302606.6826,685772,171,-0.4355,-0.1680,0.1262,71.0229,-46.2443,-65.8931
302606.6826,685782,171,-0.4053,-0.1575,0.1907,71.0687,-56.0763,-64.3969
302606.6826,685792,171,-0.3430,-0.1506,0.2896,70.0000,-64.8702,-64.5038
302606.6826,685802,171,-0.3103,-0.1743,0.3633,66.9924,-69.5115,-64.9466
302606.6826,685812,171,-0.3567,-0.2065,0.3538,63.3588,-67.1756,-66.1832
302606.6826,685822,171,-0.4021,-0.2573,0.3157,59.4962,-67.2672,-66.2748
302606.6826,685832,171,-0.4321,-0.2937,0.2888,59.1450,-72.6565,-64.6718
302606.6826,685842,171,-0.4448,-0.3069,0.2957,59.7252,-78.5802,-62.5954
302606.8017,685852,172,-0.4324,-0.3042,0.3154,59.2519,-84.8397,-60.4885
302606.8017,685862,172,-0.4180,-0.2996,0.3376,56.0611,-89.3282,-58.6107
302606.8017,685872,172,-0.3579,-0.2754,0.3982,51.4962,-95.4504,-56.9618
302606.8017,685882,172,-0.3149,-0.2705,0.4546,45.3893,-97.5115,-57.8779
302606.8017,685892,172,-0.3059,-0.2925,0.4719,36.6412,-98.2901,-61.0840
302606.8017,685902,172,-0.3452,-0.4253,0.4211,25.4046,-97.4962,-64.8397
302606.8017,685912,172,-0.4119,-0.5349,0.3782,18.7634,-96.1069,-66.3664
302606.8017,685922,172,-0.4561,-0.6445,0.3667,16.3053,-103.8168,-65.0382
302606.8017,685932,172,-0.4272,-0.7153,0.4109,16.7481,-116.8550,-59.6947
302606.8017,685942,172,-0.3848,-0.7180,0.4915,18.9160,-127.9389,-53.2061
302606.8614,685952,173,-0.2886,-0.7092,0.6113,16.4275,-138.1985,-46.5038
302606.8614,685962,173,-0.2358,-0.7261,0.7166,9.5115,-139.4656,-40.7786
302606.8614,685972,173,-0.2266,-0.7578,0.7761,2.3511,-137.5267,-36.7786
302606.8614,685982,173,-0.2539,-0.8237,0.7773,-5.2366,-135.0992,-32.4275
302606.8614,685992,173,-0.2896,-0.8728,0.7568,-11.7252,-132.9924,-26.2443
302606.8614,686002,173,-0.2998,-0.9216,0.7432,-16.1527,-136.7939,-18.4580
302606.8614,686012,173,-0.2981,-0.9749,0.7456,-17.2061,-141.9847,-10.1985
302606.8614,686022,173,-0.2983,-0.9985,0.7793,-15.4656,-144.1985,-0.6107
302606.8614,686032,173,-0.3542,-0.9922,0.7883,-13.2061,-145.6336,10.9313
302606.8614,686042,173,-0.3745,-0.9797,0.8325,-11.8931,-148.3969,24.0000
302606.9833,686052,174,-0.3796,-0.8870,0.9375,-8.5344,-152.5344,38.8397
302606.9833,686062,174,-0.3586,-0.7529,1.0718,-5.7557,-155.5115,52.3817
302606.9833,686072,174,-0.3340,-0.5981,1.2185,-7.3893,-154.2595,59.2214
302606.9833,686082,174,-0.3687,-0.5171,1.2786,-17.2672,-150.1832,59.8168
302606.9833,686092,174,-0.4519,-0.5798,1.2651,-32.7481,-144.8092,55.2672
302606.9833,686102,174,-0.4983,-0.6887,1.2676,-44.0305,-141.2214,52.2137
302606.9833,686112,174,-0.4915,-0.7800,1.3298,-47.8015,-144.8855,55.1145
302606.9833,686122,174,-0.4312,-0.8289,1.4338,-46.5191,-145.4656,64.0153
302606.9833,686132,174,-0.3787,-0.7930,1.5483,-40.8550,-139.2366,75.9084
302606.9833,686142,174,-0.3684,-0.6763,1.6511,-34.8702,-130.5038,87.3740
302607.1013,686152,175,-0.3738,-0.5913,1.7051,-33.6489,-120.6412,96.2443
302607.1013,686162,175,-0.4131,-0.4893,1.7432,-36.2748,-111.1298,102.5344
302607.1013,686172,175,-0.4497,-0.3916,1.7634,-40.7023,-103.3282,106.9008
302607.1013,686182,175,-0.4856,-0.3423,1.7581,-46.3359,-97.3740,103.7863
302607.1013,686192,175,-0.5115,-0.3772,1.7410,-55.4962,-93.2061,97.9084
302607.1013,686202,175,-0.5300,-0.4448,1.7429,-63.8473,-87.3435,96.1374
302607.1013,686212,175,-0.5010,-0.4751,1.7673,-65.4962,-82.0611,99.1298
302607.1013,686222,175,-0.4705,-0.4780,1.8120,-61.8015,-74.6107,103.8779
302607.1013,686232,175,-0.4709,-0.4077,1.8518,-55.4351,-64.1069,110.8092
302607.1013,686242,175,-0.4568,-0.3118,1.8945,-50.0305,-53.0534,118.2748
302607.2213,686252,176,-0.4851,-0.2163,1.8906,-48.9160,-40.7786,123.0687
302607.2213,686262,176,-0.4666,-0.1252,1.8630,-49.9847,-30.4427,124.2748
302607.2213,686272,176,-0.4534,-0.0859,1.8301,-53.3893,-22.3511,120.2137
302607.2213,686282,176,-0.4321,-0.1101,1.7747,-58.1374,-16.1069,113.6031
302607.2213,686292,176,-0.3721,-0.1814,1.7573,-60.4427,-11.6947,108.0763
302607.2213,686302,176,-0.3223,-0.2480,1.7458,-59.5115,-7.2519,107.0076
302607.2213,686312,176,-0.2825,-0.2854,1.7302,-55.7710,-0.3969,110.2443
302607.2213,686322,176,-0.2622,-0.3064,1.7153,-50.0305,6.2137,113.7863
302607.2213,686332,176,-0.2632,-0.2822,1.7212,-42.1832,12.6870,119.7557
302607.2213,686342,176,-0.2407,-0.1807,1.7444,-32.9008,19.1756,128.5191
302607.2825,686352,177,-0.2263,-0.0664,1.7832,-25.6794,27.0992,133.4809
302607.2825,686362,177,-0.2290,0.0408,1.7795,-22.8397,36.2443,135.4198
302607.2825,686372,177,-0.2324,0.1235,1.7566,-20.8702,46.2137,133.0992
302607.2825,686382,177,-0.2290,0.1863,1.7412,-18.8244,53.6031,124.7939
302607.2825,686392,177,-0.2078,0.2021,1.7163,-20.1069,58.9924,115.8626
302607.2825,686402,177,-0.1921,0.2065,1.6799,-22.1832,64.5954,110.0153
302607.2825,686412,177,-0.1909,0.2419,1.6411,-21.2977,69.8779,106.4885
302607.2825,686422,177,-0.1570,0.2620,1.6277,-19.2061,76.0763,102.4275
302607.2825,686432,177,-0.1555,0.2888,1.6047,-15.9695,85.1603,98.0153
302607.2825,686442,177,-0.1750,0.3242,1.5642,-13.4504,93.1756,94.0763
302607.4018,686452,178,-0.1960,0.3364,1.5154,-12.1527,98.5496,89.4046
302607.4018,686462,178,-0.2097,0.3369,1.4673,-9.8168,101.6031,84.4885
302607.4018,686472,178,-0.2053,0.3528,1.4326,-5.0992,103.3893,80.3664
302607.4018,686482,178,-0.2095,0.3745,1.3955,0.2748,104.8702,75.8168
302607.4018,686492,178,-0.2212,0.4126,1.3572,5.1603,105.9084,71.5573
302607.4018,686502,178,-0.2095,0.4265,1.3250,8.7786,106.4885,66.7023
302607.4018,686512,178,-0.1909,0.4426,1.3074,12.5038,108.2290,61.3588
302607.4018,686522,178,-0.1741,0.4424,1.2971,15.1908,111.5725,56.5802
302607.4018,686532,178,-0.1797,0.4595,1.2583,18.4885,117.0076,52.1527
302607.4018,686542,178,-0.2148,0.4548,1.1880,20.5649,122.2595,46.3359
302607.4623,686552,179,-0.2429,0.4153,1.1155,23.0382,124.1527,40.3053
302607.4623,686562,179,-0.2610,0.4019,1.0698,29.5878,123.9237,36.7786
302607.4623,686572,179,-0.2537,0.4246,1.0425,38.4733,121.2519,33.8015
302607.4623,686582,179,-0.2615,0.4312,1.0127,44.6870,119.7099,29.4656
302607.4623,686592,179,-0.2607,0.4443,0.9927,49.8168,118.1679,25.4351
302607.4623,686602,179,-0.2576,0.4543,0.9651,55.6794,115.9542,20.9466
302607.4623,686612,179,-0.2708,0.4897,0.9434,61.4656,114.1221,15.2366
302607.4623,686622,179,-0.2395,0.5012,0.9202,62.4427,112.9771,9.0382
302607.4623,686632,179,-0.2510,0.4688,0.8638,59.9695,116.6260,0.7634
302607.4623,686642,179,-0.2734,0.4106,0.7969,58.8550,117.3130,-7.2824
302607.5830,686652,180,-0.2786,0.3672,0.7656,60.5954,112.7023,-11.7557
302607.5830,686662,180,-0.2598,0.3701,0.7512,66.9160,106.6107,-13.0992
302607.5830,686672,180,-0.2385,0.3816,0.7385,75.2519,102.7481,-16.7481
302607.5830,686682,180,-0.2314,0.3948,0.7080,83.0992,102.2595,-23.1908
302607.5830,686692,180,-0.2344,0.3914,0.6562,87.4351,102.5191,-28.6718
302607.5830,686702,180,-0.2456,0.3904,0.5908,87.9389,102.6260,-32.6565
302607.5830,686712,180,-0.2759,0.3862,0.5107,86.2443,100.2748,-36.6107
302607.5830,686722,180,-0.2969,0.3723,0.4487,82.5954,95.3893,-41.0229
302607.5830,686732,180,-0.2864,0.3533,0.4187,79.4198,88.7481,-45.9237
302607.5830,686742,180,-0.2854,0.3152,0.3989,77.0382,84.5649,-51.4351
302607.7614,686752,181,-0.2927,0.2744,0.3875,76.1221,81.1450,-56.3817
302607.7614,686762,181,-0.2764,0.2412,0.3843,77.2977,74.6412,-59.6031
302607.7614,686772,181,-0.2686,0.1926,0.3696,78.2443,69.6794,-61.3130
302607.7614,686782,181,-0.2703,0.1738,0.3530,82.2137,66.8092,-62.8855
302607.7614,686792,181,-0.2971,0.1682,0.3259,86.5038,63.7099,-64.5191
302607.7614,686802,181,-0.3145,0.1663,0.3005,88.6718,58.3817,-65.7099
302607.7614,686812,181,-0.3157,0.1562,0.3030,90.5344,51.0534,-66.4580
302607.7614,686822,181,-0.3015,0.1992,0.3152,94.3206,43.8321,-68.4275
302607.7614,686832,181,-0.2986,0.2209,0.3091,92.8244,38.4275,-72.7176
302607.7614,686842,181,-0.3142,0.1848,0.2747,86.0611,33.7863,-79.2672
302607.7632,686852,182,-0.3240,0.1350,0.2612,79.4809,28.1527,-83.6489
302607.7632,686862,182,-0.2864,0.0945,0.2627,76.3511,20.9008,-85.3740
302607.7632,686872,182,-0.2639,0.0405,0.2600,75.0687,18.2595,-89.0076
302607.7632,686882,182,-0.2688,-0.0056,0.2251,74.7481,17.5420,-91.7252
302607.7632,686892,182,-0.2852,-0.0505,0.1687,75.9084,14.6260,-92.7634
302607.7632,686902,182,-0.3113,-0.0876,0.1167,77.3435,9.7099,-93.3130
302607.7632,686912,182,-0.3208,-0.0959,0.0742,78.6565,1.8473,-92.1069
302607.7632,686922,182,-0.3235,-0.0911,0.0427,79.1298,-6.6565,-91.1756
302607.7632,686932,182,-0.3196,-0.0742,0.0469,77.9695,-16.7634,-94.0611
302607.7632,686942,182,-0.2839,-0.0757,0.0723,71.9084,-28.8397,-99.2366
302607.8825,686952,183,-0.2368,-0.1399,0.0796,61.6641,-39.7863,-103.9084
302607.8825,686962,183,-0.2666,-0.2209,0.0964,54.0611,-46.3206,-108.3511
302607.8825,686972,183,-0.2795,-0.3743,0.0776,48.8550,-52.4427,-112.5344
302607.8825,686982,183,-0.3064,-0.5149,0.0601,50.6718,-55.2061,-111.2672
302607.8825,686992,183,-0.3154,-0.5913,0.0950,60.8244,-61.4962,-103.5420
302607.8825,687002,183,-0.2722,-0.6079,0.1792,72.7786,-71.8473,-89.7252
302607.8825,687012,183,-0.2161,-0.5393,0.3025,81.7405,-78.9618,-74.1832
302607.8825,687022,183,-0.2173,-0.4360,0.3879,85.7252,-82.1374,-62.6870
302607.8825,687032,183,-0.2488,-0.3647,0.4077,83.9389,-82.0458,-58.0153
302607.8825,687042,183,-0.2771,-0.3169,0.4124,77.2672,-83.6031,-57.3435
302608.0022,687052,184,-0.3359,-0.3318,0.3806,66.1985,-87.7710,-58.5038
302608.0022,687062,184,-0.3621,-0.3557,0.3501,57.9084,-92.0153,-60.5802
302608.0022,687072,184,-0.3940,-0.4338,0.3179,54.0763,-98.1679,-66.1527
302608.0022,687082,184,-0.3894,-0.5310,0.3303,51.8321,-107.6489,-69.9084
302608.0022,687092,184,-0.3025,-0.5891,0.4285,51.6489,-118.7328,-67.2672
302608.0022,687102,184,-0.1748,-0.6245,0.5786,53.5267,-122.5954,-60.9771
302608.0022,687112,184,-0.1348,-0.5908,0.6824,59.6183,-112.4885,-54.5802
302608.0022,687122,184,-0.1641,-0.5269,0.7136,61.2977,-97.6183,-51.2672
302608.0022,687132,184,-0.2061,-0.5583,0.6621,54.4885,-86.1527,-50.1527
302608.0022,687142,184,-0.3491,-0.6123,0.5469,46.0611,-75.8168,-51.0840
302608.0625,687152,185,-0.4277,-0.6746,0.4644,37.5115,-83.6031,-50.1527
302608.0625,687162,185,-0.4150,-0.7356,0.4746,32.1985,-106.6412,-48.8092
302608.0625,687172,185,-0.3362,-0.7671,0.5857,27.4504,-130.8397,-45.7710
302608.0625,687182,185,-0.2844,-0.7795,0.6963,18.6565,-150.8550,-39.4504
302608.0625,687192,185,-0.2092,-0.8696,0.8057,10.1374,-164.0153,-32.9466
302608.0625,687202,185,-0.1663,-0.9551,0.9033,11.4809,-160.2901,-27.2977
302608.0625,687212,185,-0.1943,-0.9973,0.9348,15.2824,-149.4046,-19.0992
302608.0625,687222,185,-0.2441,-1.0144,0.9429,16.2901,-144.7328,-6.6260
302608.0625,687232,185,-0.2561,-0.9824,0.9912,18.7481,-147.0076,5.8626
302608.0625,687242,185,-0.2644,-0.9294,1.0872,17.3435,-152.9008,17.0687
302608.1809,687252,186,-0.3037,-0.9045,1.1323,10.4275,-156.8855,27.2061
302608.1809,687262,186,-0.3274,-0.8860,1.1987,2.7023,-159.5725,34.7328
302608.1809,687272,186,-0.3088,-0.8718,1.3015,-3.8626,-164.5954,41.9084
302608.1809,687282,186,-0.2722,-0.8730,1.4087,-8.2595,-163.3435,48.9924
302608.1809,687292,186,-0.2471,-0.8469,1.5039,-9.8931,-158.5802,54.0153
302608.1809,687302,186,-0.2070,-0.8198,1.5950,-13.6489,-152.0000,62.4275
302608.1809,687312,186,-0.2017,-0.7722,1.6382,-15.4504,-137.7557,71.4198
302608.1809,687322,186,-0.2686,-0.7024,1.6260,-16.1374,-124.4122,76.3969
302608.1809,687332,186,-0.3074,-0.6682,1.5837,-20.8244,-117.8015,81.7099
302608.1809,687342,186,-0.3081,-0.6345,1.5793,-26.7176,-115.1450,86.4580
302608.3020,687352,187,-0.3186,-0.6462,1.5593,-32.2290,-114.4885,90.6107
302608.3020,687362,187,-0.3201,-0.6638,1.5505,-35.1756,-112.4427,95.5420
302608.3020,687372,187,-0.3445,-0.6423,1.5598,-35.5878,-112.9313,103.7252
302608.3020,687382,187,-0.3088,-0.5703,1.5891,-31.5420,-115.8779,114.9466
302608.3020,687392,187,-0.2673,-0.4380,1.7070,-23.8321,-114.1985,122.2290
302608.3020,687402,187,-0.2449,-0.3005,1.7847,-22.7023,-105.6183,127.7710
302608.3020,687412,187,-0.2439,-0.2334,1.7886,-28.7481,-92.0458,128.8550
302608.3020,687422,187,-0.2891,-0.2556,1.7615,-36.7481,-78.8702,123.6336
302608.3020,687432,187,-0.3191,-0.3613,1.6970,-45.8779,-70.6565,122.2137
302608.3020,687442,187,-0.2817,-0.4343,1.7090,-47.6641,-69.1908,127.6183
302608.3620,687452,188,-0.2229,-0.4133,1.7793,-39.6336,-68.9618,136.2290
302608.3620,687462,188,-0.1460,-0.3376,1.8455,-26.6718,-62.8702,145.7710
302608.3620,687472,188,-0.1372,-0.1885,1.9060,-15.8626,-48.2443,152.5802
302608.3620,687482,188,-0.1614,-0.0342,1.8997,-12.6107,-32.7634,157.7863
302608.3620,687492,188,-0.1511,0.0667,1.8772,-13.2366,-20.3664,156.4427
302608.3620,687502,188,-0.1953,0.1331,1.8154,-16.0611,-5.2214,146.2443
302608.3620,687512,188,-0.2471,0.0911,1.6895,-24.7634,7.5878,133.8779
302608.3620,687522,188,-0.2786,-0.0239,1.6038,-32.9924,12.9008,125.9084
302608.3620,687532,188,-0.2722,-0.1074,1.5884,-33.9389,10.6870,125.4504
302608.3620,687542,188,-0.1890,-0.1338,1.6455,-26.4885,8.4733,129.4656
302608.4828,687552,189,-0.1067,-0.0867,1.7231,-14.0000,13.0534,133.3740
302608.4828,687562,189,-0.0659,0.0029,1.7759,-5.1603,25.0076,136.8092
302608.4828,687572,189,-0.0750,0.1123,1.7827,-2.3053,39.1908,139.8015
302608.4828,687582,189,-0.0615,0.2122,1.7832,-2.2595,52.7023,139.3130
302608.4828,687592,189,-0.0847,0.2939,1.7356,-3.7099,67.1603,132.7481
302608.4828,687602,189,-0.1377,0.3225,1.6389,-8.3664,79.5115,121.5267
302608.4828,687612,189,-0.1772,0.3096,1.5554,-14.5802,85.4504,111.8321
302608.4828,687622,189,-0.1860,0.3020,1.4937,-19.5573,86.7023,104.8092
302608.4828,687632,189,-0.1682,0.2891,1.4714,-22.3359,86.5802,99.4809
302608.4828,687642,189,-0.1467,0.3003,1.4602,-21.2214,87.4962,95.6794
302608.6057,687652,190,-0.1226,0.3269,1.4460,-16.5954,90.5191,91.2214
302608.6057,687662,190,-0.1265,0.3628,1.4146,-11.8473,94.9618,85.8473
302608.6057,687672,190,-0.1199,0.3845,1.4011,-10.3511,99.5267,80.2595
302608.6057,687682,190,-0.1206,0.3936,1.3677,-9.2824,105.9237,73.7557
302608.6057,687692,190,-0.1384,0.3828,1.3140,-7.9389,112.6260,66.0458
302608.6057,687702,190,-0.1667,0.3845,1.2505,-5.9389,115.6489,59.5267
302608.6057,687712,190,-0.1880,0.3647,1.1892,-5.4198,116.4885,53.6641
302608.6057,687722,190,-0.2080,0.3394,1.1431,-4.3664,116.1221,49.0534
302608.6057,687732,190,-0.2061,0.3428,1.1196,-0.3664,113.8321,46.2137
302608.6057,687742,190,-0.1890,0.3486,1.1101,4.0000,112.6870,41.6031
302608.6622,687752,191,-0.1958,0.3296,1.0938,7.2061,115.0687,36.7023
302608.6622,687762,191,-0.1946,0.3320,1.0667,10.8855,118.7176,34.0763
302608.6622,687772,191,-0.2295,0.3123,1.0137,14.1985,122.9160,30.7328
302608.6622,687782,191,-0.2620,0.3176,0.9690,19.6489,125.1603,26.8855
302608.6622,687792,191,-0.3018,0.3262,0.9290,23.6947,124.9924,23.2214
302608.6622,687802,191,-0.3101,0.3184,0.9131,25.5878,119.6947,19.8321
302608.6622,687812,191,-0.2986,0.3027,0.9021,28.9618,111.8473,16.0458
302608.6622,687822,191,-0.2883,0.3101,0.9004,33.8626,107.4656,12.3817
302608.6622,687832,191,-0.3110,0.3123,0.8735,37.1756,105.4809,8.2595
302608.6622,687842,191,-0.3123,0.3101,0.8550,39.2061,103.4198,3.9542
302608.7880,687852,192,-0.2996,0.2932,0.8340,40.4885,101.3130,-0.0305
302608.7880,687862,192,-0.2917,0.2671,0.8169,41.8779,101.3130,-3.4504
302608.7880,687872,192,-0.2930,0.2651,0.7866,45.5267,101.5267,-5.9542
302608.7880,687882,192,-0.3044,0.2673,0.7446,48.1832,101.1603,-9.1603
302608.7880,687892,192,-0.3186,0.2563,0.6904,48.9771,99.7099,-13.1450
302608.7880,687902,192,-0.3579,0.2314,0.6382,48.8550,97.8321,-16.9008
302608.7880,687912,192,-0.3708,0.2200,0.5962,49.4198,93.3893,-18.5802
302608.7880,687922,192,-0.3591,0.2090,0.5811,51.7099,86.9466,-20.8092
302608.7880,687932,192,-0.3542,0.2048,0.5696,54.9771,83.2366,-25.0840
302608.7880,687942,192,-0.3608,0.1934,0.5413,56.5344,80.4122,-28.8397
302608.9024,687952,193,-0.3584,0.1685,0.5203,57.1603,76.1527,-31.4809
302608.9024,687962,193,-0.3484,0.1392,0.5151,58.0305,72.1374,-34.0916
302608.9024,687972,193,-0.3271,0.1274,0.5295,60.7634,68.2290,-35.0840
302608.9024,687982,193,-0.3298,0.1416,0.5142,63.5267,66.9008,-36.7939
302608.9024,687992,193,-0.3535,0.1357,0.4807,61.7252,67.2977,-39.2672
302608.9024,688002,193,-0.3738,0.1367,0.4397,59.0076,64.5038,-41.6336
302608.9024,688012,193,-0.3745,0.1387,0.4119,56.6107,59.1450,-44.9008
302608.9024,688022,193,-0.3757,0.1067,0.3838,52.3359,53.1603,-49.9084
302608.9024,688032,193,-0.3909,0.0403,0.3403,48.2290,48.6718,-55.0992
302608.9024,688042,193,-0.4055,-0.0264,0.3022,47.6947,44.8092,-58.8244
302608.9612,688052,194,-0.4270,-0.0876,0.2798,47.3740,40.8397,-58.2443
302608.9612,688062,194,-0.4512,-0.1030,0.2610,49.3588,36.2290,-54.0611
302608.9612,688072,194,-0.4641,-0.0898,0.2639,52.6412,30.6870,-50.1679
302608.9612,688082,194,-0.4644,-0.0615,0.2847,55.5573,24.8550,-47.8321
302608.9612,688092,194,-0.4790,-0.0640,0.2876,56.2443,20.1832,-48.6260
302608.9612,688102,194,-0.5010,-0.0876,0.2803,54.1374,16.5496,-49.6794
302608.9612,688112,194,-0.5154,-0.1111,0.2896,51.8015,10.8855,-49.5420
302608.9612,688122,194,-0.4893,-0.1155,0.3235,50.2290,4.2748,-49.2366
302608.9612,688132,194,-0.4724,-0.1406,0.3562,47.8015,0.5038,-49.5115
302608.9612,688142,194,-0.4932,-0.1836,0.3523,44.5802,0.1679,-50.9771
302609.0830,688152,195,-0.5251,-0.2383,0.3320,40.9008,0.0000,-50.3969
302609.0830,688162,195,-0.5588,-0.2861,0.2998,40.1374,-1.6489,-48.0916
302609.0830,688172,195,-0.5845,-0.3010,0.2908,42.0611,-5.7557,-45.3130
302609.0830,688182,195,-0.5928,-0.3088,0.3066,43.1756,-11.8321,-40.7786
302609.0830,688192,195,-0.5747,-0.2729,0.3574,44.8550,-17.6489,-34.9466
302609.0830,688202,195,-0.5696,-0.2344,0.3982,45.0992,-22.4885,-31.4351
302609.0830,688212,195,-0.5645,-0.2388,0.4326,42.5496,-22.7023,-30.8244
302609.0830,688222,195,-0.5908,-0.2424,0.4233,39.4198,-21.4351,-30.1985
302609.0830,688232,195,-0.6287,-0.2654,0.3979,34.5191,-23.4046,-28.7786
302609.0830,688242,195,-0.6172,-0.2803,0.3992,31.1450,-25.7252,-26.0611
302609.2012,688252,196,-0.6130,-0.2612,0.4102,32.3511,-27.8473,-24.1527
302609.2012,688262,196,-0.6116,-0.2463,0.4343,32.5496,-30.3359,-23.3893
302609.2012,688272,196,-0.6389,-0.2285,0.4478,31.3893,-33.0382,-23.5725
302609.2012,688282,196,-0.6865,-0.2456,0.4346,27.6947,-34.9466,-24.5496
302609.2012,688292,196,-0.7083,-0.2788,0.4377,24.2595,-36.6565,-24.5802
302609.2012,688302,196,-0.7410,-0.2876,0.4375,23.4046,-39.7557,-24.0763
302609.2012,688312,196,-0.7158,-0.3022,0.4709,22.2443,-44.5344,-20.9771
302609.2012,688322,196,-0.7136,-0.2678,0.5151,24.8855,-46.6718,-18.3664
302609.2012,688332,196,-0.7263,-0.2554,0.5444,25.6183,-47.4046,-17.4504
302609.2012,688342,196,-0.7585,-0.2385,0.5640,23.2824,-46.9924,-16.3664
302609.3214,688352,197,-0.8210,-0.2239,0.5962,19.1298,-49.6183,-15.4656
302609.3214,688362,197,-0.8594,-0.2322,0.6521,13.4046,-54.3359,-15.1603
302609.3214,688372,197,-0.8936,-0.2478,0.7019,9.6183,-56.0458,-16.2137
302609.3214,688382,197,-0.9211,-0.2693,0.7539,7.5725,-57.4351,-16.9008
302609.3214,688392,197,-0.9275,-0.2922,0.8071,6.6718,-59.0076,-15.5725
302609.3214,688402,197,-0.9109,-0.2854,0.8892,8.9924,-57.5573,-12.3969
302609.3214,688412,197,-0.9011,-0.2212,0.9795,12.1527,-51.9084,-8.4733
302609.3214,688422,197,-0.9019,-0.1707,1.0400,11.1603,-44.3969,-5.4351
302609.3214,688432,197,-0.9390,-0.0947,1.0725,7.1603,-29.4656,-5.6336
302609.3214,688442,197,-0.9380,-0.0764,1.0767,2.0153,-24.7176,-7.2519
302609.3835,688452,198,-0.9253,-0.0820,1.0720,-3.0687,-20.5649,-10.4122
302609.3835,688462,198,-0.8987,-0.1062,1.0559,-6.9924,-16.2290,-13.1603
302609.3835,688472,198,-0.8833,-0.1169,1.0276,-8.6412,-11.4198,-14.5344
302609.3835,688482,198,-0.8672,-0.1243,0.9949,-10.1069,-7.2977,-14.2137
302609.3835,688492,198,-0.8513,-0.1318,0.9583,-10.8244,-3.4504,-12.8092
302609.3835,688502,198,-0.8350,-0.1389,0.9114,-9.3282,0.3664,-11.7710
302609.3835,688512,198,-0.8303,-0.1230,0.8711,-7.7710,3.1145,-10.3969
302609.3835,688522,198,-0.8142,-0.1218,0.8323,-8.5344,4.3817,-7.7405
302609.3835,688532,198,-0.7666,-0.1375,0.8259,-7.6183,5.1908,-5.4198
302609.3835,688542,198,-0.7231,-0.1401,0.8242,-3.6641,8.5954,-3.5420
302609.5026,688552,199,-0.7358,-0.1157,0.7830,0.2443,13.1756,-1.6947
302609.5026,688562,199,-0.7451,-0.0898,0.7483,0.5649,14.2290,0.8550
302609.5026,688572,199,-0.7175,-0.0652,0.7324,-0.4885,11.8626,2.2443
302609.5026,688582,199,-0.6890,-0.0684,0.7161,-2.9313,10.7481,2.2901
302609.5026,688592,199,-0.7007,-0.0825,0.6768,-4.4580,10.9618,1.6794
302609.5026,688602,199,-0.7148,-0.0879,0.6389,-5.7863,9.6641,2.2443
302609.5026,688612,199,-0.7109,-0.0847,0.6182,-5.7557,5.7710,3.1603
302609.5026,688622,199,-0.7007,-0.0823,0.6257,-3.5115,1.5115,3.0534
302609.5026,688632,199,-0.6777,-0.0735,0.6406,-0.4733,-1.4656,2.7328
302609.5026,688642,199,-0.6550,-0.0720,0.6672,0.8702,-1.1603,3.4198
302609.5648,688652,200,-0.6653,-0.0623,0.6636,1.7405,1.9237,4.0000
302609.5648,688662,200,-0.6804,-0.0518,0.6543,1.5573,2.6565,4.4885
302609.5648,688672,200,-0.6892,-0.0425,0.6526,0.5038,1.3893,4.8397
302609.5648,688682,200,-0.6958,-0.0388,0.6519,-0.9160,-0.0153,4.1985
302609.5648,688692,200,-0.6885,-0.0430,0.6572,-2.8244,-2.1679,3.2366
302609.5648,688702,200,-0.6660,-0.0586,0.6804,-4.4122,-3.8473,2.4733
302609.5648,688712,200,-0.6694,-0.0698,0.6890,-4.9618,-2.3817,1.9695
302609.5648,688722,200,-0.6997,-0.0881,0.6638,-5.5420,-1.0229,1.9542
302609.5648,688732,200,-0.7014,-0.0979,0.6538,-4.7786,-2.9466,2.8855
302609.5648,688742,200,-0.6921,-0.0872,0.6753,-1.4809,-5.1603,3.5420
302609.6825,688752,201,-0.6926,-0.0659,0.6870,1.8168,-5.3893,3.4656
302609.6825,688762,201,-0.7039,-0.0437,0.6841,1.7557,-5.3130,3.4046
302609.6825,688772,201,-0.7156,-0.0366,0.6814,-0.2748,-6.4427,3.2977
302609.6825,688782,201,-0.7024,-0.0449,0.6960,-1.9237,-8.2137,2.5802
302609.6825,688792,201,-0.6885,-0.0532,0.7156,-1.9389,-8.0305,1.5573
302609.6825,688802,201,-0.7002,-0.0659,0.7151,-2.7634,-6.9008,0.8550
302609.6825,688812,201,-0.7048,-0.0786,0.7124,-3.7557,-6.8702,1.4809
302609.6825,688822,201,-0.6868,-0.0720,0.7378,-3.2977,-7.5725,2.1221
302609.6825,688832,201,-0.6746,-0.0642,0.7520,-3.8168,-5.8473,2.6107
302609.6825,688842,201,-0.6943,-0.0747,0.7344,-5.3130,-2.7023,2.9924
302609.8017,688852,202,-0.7092,-0.0808,0.7156,-4.7176,-1.9084,3.1756
302609.8017,688862,202,-0.7036,-0.0754,0.7263,-2.3359,-2.9313,3.4504
302609.8017,688872,202,-0.7009,-0.0574,0.7393,-0.0153,-2.9160,3.0840
302609.8017,688882,202,-0.7114,-0.0544,0.7312,-0.2137,-2.1832,2.9771
302609.8017,688892,202,-0.7212,-0.0510,0.7188,-1.5725,-2.7786,3.2366
302609.8017,688902,202,-0.7126,-0.0439,0.7236,-1.9847,-4.5496,2.8702
302609.8017,688912,202,-0.6904,-0.0352,0.7417,-2.3664,-5.2519,2.0305
302609.8017,688922,202,-0.6970,-0.0469,0.7412,-3.9695,-3.6183,1.9847
302609.8017,688932,202,-0.7019,-0.0522,0.7280,-4.5344,-2.8702,2.0916
302609.8017,688942,202,-0.6863,-0.0498,0.7385,-3.4198,-3.2672,1.9389
302609.9220,688952,203,-0.6802,-0.0444,0.7463,-2.1374,-2.1374,1.6031
302609.9220,688962,203,-0.7058,-0.0410,0.7292,-1.9237,-0.2748,1.2824
302609.9220,688972,203,-0.7126,-0.0386,0.7202,-2.7786,-0.9771,1.3282
302609.9220,688982,203,-0.6921,-0.0457,0.7290,-3.1603,-3.2672,1.0229
302609.9220,688992,203,-0.6775,-0.0583,0.7456,-2.0763,-3.2519,0.6565
302609.9220,689002,203,-0.6821,-0.0498,0.7407,-0.6718,-1.6489,0.7023
302609.9220,689012,203,-0.6965,-0.0403,0.7229,-0.9618,-0.9313,1.3740
302609.9220,689022,203,-0.6997,-0.0342,0.7087,-1.5573,-1.9695,1.5420
302609.9220,689032,203,-0.6919,-0.0359,0.7190,-1.6947,-3.3130,1.1756
302609.9220,689042,203,-0.6755,-0.0300,0.7263,-1.9847,-3.4656,0.5802
302609.9829,689052,204,-0.6799,-0.0444,0.7136,-3.1603,-2.2748,0.4580
302609.9829,689062,204,-0.6799,-0.0530,0.7078,-2.9618,-2.2137,0.7481
302609.9829,689072,204,-0.6643,-0.0388,0.7261,-0.7786,-3.1756,1.0687
302609.9829,689082,204,-0.6467,-0.0261,0.7510,0.8855,-2.2595,0.3664
302609.9829,689092,204,-0.6653,-0.0295,0.7312,-0.0611,0.8397,-0.3511
302609.9829,689102,204,-0.6951,-0.0381,0.7007,-2.3053,1.9237,0.0000
302609.9829,689112,204,-0.6926,-0.0330,0.6963,-2.3664,-0.5344,0.0916
302609.9829,689122,204,-0.6794,-0.0334,0.7002,-1.2366,-2.2595,-0.7939
302609.9829,689132,204,-0.6853,-0.0417,0.6934,-1.1908,-1.8779,-1.5878
302609.9829,689142,204,-0.7017,-0.0488,0.6848,-1.9084,-2.3206,-1.1603
302610.1030,689152,205,-0.6958,-0.0483,0.6897,-1.5725,-4.4275,-0.6260
302610.1030,689162,205,-0.6663,-0.0386,0.7280,-0.4733,-5.2366,-0.5496
302610.1030,689172,205,-0.6736,-0.0251,0.7290,0.3359,-3.0687,-1.1756
302610.1030,689182,205,-0.6943,-0.0339,0.7188,-0.4580,-1.5725,-2.3817
302610.1030,689192,205,-0.6978,-0.0476,0.7075,-1.2824,-2.6260,-3.0992
302610.1030,689202,205,-0.6978,-0.0640,0.7061,-1.4656,-3.9542,-3.6336
302610.1030,689212,205,-0.6895,-0.0750,0.7126,-0.8244,-4.9008,-3.5115
302610.1030,689222,205,-0.6848,-0.0815,0.7139,0.2137,-5.5420,-3.0382
302610.1030,689232,205,-0.6816,-0.0789,0.7224,0.6412,-5.2824,-2.3359
302610.1030,689242,205,-0.6814,-0.0752,0.7273,0.4885,-4.1527,-1.1908
302610.1623,689252,206,-0.6929,-0.0796,0.7224,-0.0153,-3.7557,-0.9924
302610.1623,689262,206,-0.6838,-0.0857,0.7273,-0.0611,-3.9695,-0.8092
302610.1623,689272,206,-0.6865,-0.0789,0.7297,0.2443,-3.8779,-0.5191
302610.1623,689282,206,-0.6882,-0.0852,0.7261,0.1985,-3.6031,-0.0763
302610.1623,689292,206,-0.6987,-0.0793,0.7302,0.6870,-3.8015,0.1679
302610.1623,689302,206,-0.6934,-0.0737,0.7336,0.6718,-4.7328,0.1527
302610.1623,689312,206,-0.6733,-0.0786,0.7554,0.6870,-5.3588,-0.1069
302610.1623,689322,206,-0.6926,-0.0913,0.7559,0.5954,-3.2672,-0.4580
302610.1623,689332,206,-0.6904,-0.0981,0.7310,-0.4733,-1.9695,0.0000
302610.1623,689342,206,-0.7002,-0.1130,0.7214,-0.8092,-1.6183,1.2519
302610.2817,689352,207,-0.6995,-0.0972,0.7280,0.3817,-2.3969,2.4580
302610.2817,689362,207,-0.6968,-0.0886,0.7246,0.8550,-2.5496,2.9160
302610.2817,689372,207,-0.7102,-0.0764,0.7124,0.8855,-2.2137,3.0076
302610.2817,689382,207,-0.7168,-0.0759,0.7012,0.0458,-2.6565,3.0840
302610.2817,689392,207,-0.7156,-0.0811,0.6907,-0.8092,-3.8931,2.6260
302610.2817,689402,207,-0.7075,-0.0837,0.7007,-0.8855,-5.0840,2.2901
302610.2817,689412,207,-0.7092,-0.0798,0.7014,-0.6412,-5.1908,2.3511
302610.2817,689422,207,-0.7061,-0.0898,0.7080,-0.6260,-5.0534,2.5649
302610.2817,689432,207,-0.7080,-0.0801,0.7161,0.2137,-4.9313,2.5191
302610.2817,689442,207,-0.7122,-0.0776,0.7234,-0.3511,-4.8092,2.6870
302610.4019,689452,208,-0.7065,-0.0894,0.7288,-2.2443,-4.8550,3.0076
302610.4019,689462,208,-0.7002,-0.0986,0.7285,-2.5496,-4.3511,3.1908
302610.4019,689472,208,-0.7102,-0.1067,0.7231,-1.8626,-3.4504,2.7481
302610.4019,689482,208,-0.7229,-0.1147,0.7166,-2.1374,-3.1298,3.3282
302610.4019,689492,208,-0.7161,-0.1062,0.7180,-2.3359,-4.0458,4.9160
302610.4019,689502,208,-0.7268,-0.0957,0.7244,-2.4885,-4.1069,5.9084
302610.4019,689512,208,-0.7271,-0.0813,0.7354,-2.8092,-4.5649,6.4275
302610.4019,689522,208,-0.7205,-0.0725,0.7495,-2.6870,-5.1603,6.9313
302610.4019,689532,208,-0.7241,-0.0676,0.7644,-2.3053,-4.1221,6.5344
302610.4019,689542,208,-0.7288,-0.0596,0.7668,-2.4275,-2.8855,6.8092
302610.4636,689552,209,-0.7327,-0.0496,0.7654,-2.2748,-2.1985,7.1145
302610.4636,689562,209,-0.7368,-0.0322,0.7778,-1.8779,-1.6794,6.1069
302610.4636,689572,209,-0.7249,-0.0266,0.7891,-2.9008,-1.4046,5.3740
302610.4636,689582,209,-0.7300,-0.0308,0.7849,-4.7176,-0.2901,4.7634
302610.4636,689592,209,-0.7319,-0.0549,0.7812,-5.7863,0.6412,4.0458
302610.4636,689602,209,-0.7407,-0.0698,0.7739,-5.1908,1.0076,4.6412
302610.4636,689612,209,-0.7434,-0.0735,0.7778,-3.2824,0.5344,6.1985
302610.4636,689622,209,-0.7441,-0.0540,0.7930,-0.4733,0.2595,8.0458
302610.4636,689632,209,-0.7461,-0.0215,0.8240,1.6947,0.7023,10.2595
302610.4636,689642,209,-0.7405,0.0247,0.8572,3.8015,2.0916,12.1221
302610.5828,689652,210,-0.7468,0.0686,0.8840,5.8626,5.8931,12.4427
302610.5828,689662,210,-0.7761,0.1101,0.8726,6.9924,10.1527,11.0534
302610.5828,689672,210,-0.7913,0.1343,0.8589,7.0382,11.7099,8.9313
302610.5828,689682,210,-0.7913,0.1519,0.8660,6.7939,11.1450,6.5038
302610.5828,689692,210,-0.7737,0.1562,0.8682,6.5344,10.5954,4.2137
302610.5828,689702,210,-0.7639,0.1526,0.8667,7.1145,11.4656,1.0229
302610.5828,689712,210,-0.7607,0.1350,0.8623,7.6183,12.6870,-1.6947
302610.5828,689722,210,-0.7520,0.1284,0.8623,8.6565,13.3435,-2.6718
302610.5828,689732,210,-0.7283,0.1287,0.8816,10.4733,14.4122,-2.7481
302610.5828,689742,210,-0.7124,0.1438,0.8977,13.1908,16.7023,-3.1756
302610.7020,689752,211,-0.7017,0.1641,0.9006,16.1221,19.3588,-4.0763
302610.7020,689762,211,-0.7024,0.1936,0.8896,18.0305,22.1832,-4.9618
302610.7020,689772,211,-0.6953,0.2087,0.8777,18.0916,24.2595,-6.7634
302610.7020,689782,211,-0.6848,0.2156,0.8655,17.9237,25.6183,-9.0076
302610.7020,689792,211,-0.6587,0.2258,0.8574,18.3206,26.5038,-11.0382
302610.7020,689802,211,-0.6372,0.2251,0.8337,19.8473,28.6565,-13.6947
302610.7020,689812,211,-0.6252,0.2310,0.8022,21.5878,31.0076,-16.2137
302610.7020,689822,211,-0.6123,0.2444,0.7632,22.7939,32.5496,-18.0458
302610.7020,689832,211,-0.5859,0.2434,0.7329,23.5725,33.1756,-20.6260
302610.7020,689842,211,-0.5618,0.2461,0.7136,24.5496,33.7557,-23.7710
302610.7622,689852,212,-0.5500,0.2378,0.6760,25.0840,34.2901,-26.1374
302610.7622,689862,212,-0.5452,0.2317,0.6296,26.5038,35.4351,-28.5954
302610.7622,689872,212,-0.5447,0.2390,0.5798,28.6412,35.0382,-31.8931
302610.7622,689882,212,-0.5237,0.2446,0.5359,29.5115,32.7023,-34.8702
302610.7622,689892,212,-0.4880,0.2476,0.4893,29.1603,29.8779,-38.4733
302610.7622,689902,212,-0.4619,0.2336,0.4392,27.8473,27.6794,-42.9924
302610.7622,689912,212,-0.4175,0.1917,0.3818,25.4809,25.3588,-46.9160
302610.7622,689922,212,-0.3833,0.1509,0.3213,24.7634,23.3588,-50.3053
302610.7622,689932,212,-0.3645,0.1108,0.2515,24.5344,19.9695,-53.3740
302610.7622,689942,212,-0.3457,0.0884,0.1890,24.1069,14.4885,-55.3740
302610.8829,689952,213,-0.3447,0.0579,0.1211,22.6565,9.8626,-58.1527
302610.8829,689962,213,-0.3386,0.0054,0.0601,19.7863,4.0153,-62.1221
302610.8829,689972,213,-0.2981,-0.0791,0.0293,16.1985,-5.5573,-65.6031
302610.8829,689982,213,-0.3076,-0.1760,-0.0042,12.5649,-12.5191,-65.7557
302610.8829,689992,213,-0.3291,-0.2363,-0.0161,13.2061,-20.5496,-63.9084
302610.8829,690002,213,-0.3188,-0.2625,0.0205,17.3435,-32.9313,-60.2748
302610.8829,690012,213,-0.2852,-0.2441,0.0859,22.6870,-44.6565,-55.9084
302610.8829,690022,213,-0.2822,-0.2134,0.1453,25.6031,-53.9389,-55.1908
302610.8829,690032,213,-0.2498,-0.2434,0.1848,22.3817,-63.2214,-56.6260
302610.8829,690042,213,-0.2319,-0.2969,0.2222,17.9237,-69.8321,-57.8626
302611.0018,690052,214,-0.2100,-0.3584,0.2725,16.2748,-76.3206,-59.4351
302611.0018,690062,214,-0.2036,-0.4177,0.3232,16.9618,-79.4351,-60.5802
302611.0018,690072,214,-0.2100,-0.4521,0.3796,19.7099,-81.7557,-60.5038
302611.0018,690082,214,-0.2217,-0.4878,0.4207,18.4122,-84.4275,-57.5420
302611.0018,690092,214,-0.2471,-0.5061,0.4370,14.6870,-86.7023,-53.0382
302611.0018,690102,214,-0.2661,-0.5366,0.4287,10.0611,-92.5954,-48.8244
302611.0018,690112,214,-0.2595,-0.5732,0.4475,7.8473,-100.9008,-45.1908
302611.0018,690122,214,-0.2717,-0.6084,0.4624,8.2443,-109.2672,-41.0992
302611.0018,690132,214,-0.3091,-0.6094,0.4666,11.8931,-116.2748,-36.1832
302611.0018,690142,214,-0.3074,-0.6084,0.5115,16.1832,-129.0534,-31.2061
302611.0623,690152,215,-0.2463,-0.6079,0.6025,15.1603,-142.5802,-24.7634
302611.0623,690162,215,-0.2209,-0.5974,0.6851,10.8244,-146.8550,-18.7634
302611.0623,690172,215,-0.2266,-0.5886,0.7500,6.0611,-148.3359,-15.3130
302611.0623,690182,215,-0.2185,-0.5688,0.8210,-0.3817,-150.0000,-13.4198
302611.0623,690192,215,-0.2290,-0.5728,0.8708,-11.0229,-151.8168,-12.0153
302611.0623,690202,215,-0.2654,-0.6382,0.8955,-22.3359,-151.1756,-12.4427
302611.0623,690212,215,-0.2878,-0.7129,0.9238,-29.0687,-150.4580,-13.7405
302611.0623,690222,215,-0.2734,-0.8291,0.9590,-33.3740,-153.4504,-12.5191
302611.0623,690232,215,-0.2747,-0.9053,1.0225,-31.9847,-152.1221,-8.6412
302611.0623,690242,215,-0.3013,-0.9453,1.0771,-29.1756,-150.8092,-0.9771
302611.1829,690252,216,-0.3254,-0.9578,1.1492,-25.1603,-150.7023,10.0916
302611.1829,690262,216,-0.3457,-0.8979,1.2549,-18.6718,-149.8473,22.1221
302611.1829,690272,216,-0.3518,-0.7864,1.3472,-15.6947,-150.2748,33.1298
302611.1829,690282,216,-0.3552,-0.7480,1.4209,-19.3282,-148.1832,40.7481
302611.1829,690292,216,-0.3384,-0.7336,1.4907,-23.8779,-145.2061,44.3664
302611.1829,690302,216,-0.3523,-0.7520,1.5203,-27.6336,-139.4962,48.3664
302611.1829,690312,216,-0.3396,-0.7913,1.5264,-28.8855,-132.8550,53.2977
302611.1829,690322,216,-0.3384,-0.8228,1.5293,-27.8473,-126.9008,59.0534
302611.1829,690332,216,-0.3340,-0.8645,1.5505,-25.4351,-122.9160,67.8779
302611.1829,690342,216,-0.3435,-0.8276,1.6091,-19.7252,-117.7099,81.9389
302611.3016,690352,217,-0.3296,-0.7341,1.6892,-13.0534,-112.7328,96.4580
302611.3016,690362,217,-0.3125,-0.5896,1.7500,-8.2595,-105.4962,108.7328
302611.3016,690372,217,-0.2898,-0.4553,1.7896,-6.3053,-96.0305,116.7023
302611.3016,690382,217,-0.3176,-0.3718,1.7837,-7.1756,-84.1069,117.1603
302611.3016,690392,217,-0.3271,-0.3306,1.7612,-11.8321,-72.8855,116.9618
302611.3016,690402,217,-0.3223,-0.3496,1.7278,-17.4962,-64.5649,115.3893
302611.3016,690412,217,-0.3105,-0.4258,1.7061,-21.3740,-57.4504,112.4122
302611.3016,690422,217,-0.3042,-0.4998,1.7166,-22.4580,-51.9389,114.4427
302611.3016,690432,217,-0.2808,-0.4556,1.7810,-17.3740,-48.1679,123.8015
302611.3016,690442,217,-0.2249,-0.3618,1.8503,-8.0763,-40.7328,131.9237
302611.3627,690452,218,-0.2126,-0.2327,1.8889,-0.5649,-26.9466,134.6107
302611.3627,690462,218,-0.2483,-0.1509,1.8633,0.2595,-11.8779,136.0458
302611.3627,690472,218,-0.2681,-0.0935,1.8367,0.6260,0.1374,134.2901
302611.3627,690482,218,-0.2798,-0.0564,1.8196,1.0229,8.7634,130.6870
302611.3627,690492,218,-0.2617,0.0037,1.8269,1.2824,15.6489,128.0611
302611.3627,690502,218,-0.2278,0.0598,1.8389,-0.2595,23.5267,125.5115
302611.3627,690512,218,-0.2131,0.1191,1.8416,-2.6718,33.9084,121.9542
302611.3627,690522,218,-0.2178,0.1787,1.8333,-4.9313,45.5420,116.6107
302611.3627,690532,218,-0.2366,0.2246,1.8005,-8.6565,54.9618,110.0611
302611.3627,690542,218,-0.2324,0.2454,1.7681,-12.2443,63.4504,104.0611
302611.4819,690552,219,-0.2258,0.2627,1.7195,-13.0534,71.5267,97.2977
302611.4819,690562,219,-0.2305,0.2710,1.6733,-14.0305,78.6870,89.9695
302611.4819,690572,219,-0.2236,0.2588,1.6360,-16.2443,85.7405,84.1527
302611.4819,690582,219,-0.2314,0.2463,1.5933,-17.4351,93.3282,80.0153
302611.4819,690592,219,-0.1982,0.2463,1.5737,-15.7405,98.3359,76.6718
302611.4819,690602,219,-0.1807,0.2617,1.5513,-11.8321,103.4809,72.8702
302611.4819,690612,219,-0.1775,0.2742,1.5159,-8.0916,108.0611,69.2061
302611.4819,690622,219,-0.1667,0.2859,1.4736,-3.7252,111.2824,65.8168
302611.4819,690632,219,-0.1797,0.3176,1.4321,2.9771,114.6107,61.1450
302611.4819,690642,219,-0.1946,0.3521,1.3823,8.1069,116.5191,56.5496
302611.6018,690652,220,-0.1843,0.3525,1.3445,10.8550,116.8244,51.3588
302611.6018,690662,220,-0.1777,0.3794,1.3237,15.4046,118.9313,46.3664
302611.6018,690672,220,-0.1824,0.3877,1.2825,18.5191,121.6031,41.4198
302611.6018,690682,220,-0.2004,0.3860,1.2312,20.6260,124.0763,36.0000
302611.6018,690692,220,-0.2014,0.3738,1.1956,22.1069,125.1145,31.3588
302611.6018,690702,220,-0.2041,0.3513,1.1538,24.1374,126.4885,27.7405
302611.6018,690712,220,-0.2148,0.3345,1.1262,28.5191,126.9924,24.4580
302611.6018,690722,220,-0.1946,0.3433,1.1184,34.6870,124.5802,22.4275
302611.6018,690732,220,-0.1589,0.3689,1.1162,41.5725,123.4656,20.0458
302611.6018,690742,220,-0.1545,0.3806,1.0923,47.1908,127.0076,16.1069
302611.6623,690752,221,-0.1816,0.4062,1.0276,51.8779,130.5954,11.8168
302611.6623,690762,221,-0.2122,0.4214,0.9521,54.9924,130.7328,6.4885
302611.6623,690772,221,-0.2336,0.3982,0.8755,55.3130,128.6565,0.3359
302611.6623,690782,221,-0.2490,0.3469,0.8157,54.8550,124.6870,-4.7023
302611.6623,690792,221,-0.2483,0.3049,0.7751,56.7328,119.6336,-8.0458
302611.6623,690802,221,-0.2397,0.2932,0.7644,61.5725,114.2137,-9.8779
302611.6623,690812,221,-0.2087,0.2993,0.7637,67.4198,110.2137,-11.8168
302611.6623,690822,221,-0.2107,0.2783,0.7451,70.5802,109.9237,-14.5191
302611.6623,690832,221,-0.2148,0.2815,0.7205,74.2748,109.3588,-16.0763
302611.6623,690842,221,-0.2275,0.2856,0.6782,79.6489,108.2137,-18.6260
302611.7840,690852,222,-0.2583,0.2537,0.6187,82.9924,108.3206,-22.7786
302611.7840,690862,222,-0.2742,0.2500,0.5630,88.1374,104.6412,-24.3206
302611.7840,690872,222,-0.2766,0.2607,0.5156,93.4046,99.0687,-24.9313
302611.7840,690882,222,-0.2795,0.2571,0.4688,97.0687,94.4122,-26.4885
302611.7840,690892,222,-0.2935,0.2573,0.4128,101.7863,90.3969,-28.3206
302611.7840,690902,222,-0.3108,0.2759,0.3831,107.0076,84.8397,-32.0458
302611.7840,690912,222,-0.3384,0.2810,0.3618,108.2595,77.6336,-35.4656
302611.7840,690922,222,-0.3267,0.2808,0.3662,107.2672,70.5038,-38.6260
302611.7840,690932,222,-0.3271,0.2671,0.3669,105.4504,65.9542,-43.9084
302611.7840,690942,222,-0.3362,0.2261,0.3523,102.0916,62.1069,-49.2214
302611.9018,690952,223,-0.3423,0.2156,0.3569,100.8244,56.5649,-52.7481
302611.9018,690962,223,-0.3113,0.2085,0.3748,100.9313,48.9008,-56.1985
302611.9018,690972,223,-0.2896,0.1833,0.3831,100.0611,44.5496,-61.1756
302611.9018,690982,223,-0.3020,0.1714,0.3606,98.0000,42.9313,-65.6947
302611.9018,690992,223,-0.3232,0.1370,0.3152,92.9008,39.9084,-69.8015
302611.9018,691002,223,-0.3376,0.0872,0.2690,87.0992,36.1221,-73.6336
302611.9018,691012,223,-0.3372,0.0518,0.2368,84.1374,29.7099,-76.4275
302611.9018,691022,223,-0.3208,0.0186,0.2241,82.8092,22.1527,-79.1756
302611.9018,691032,223,-0.3225,0.0068,0.2268,80.8855,15.2977,-80.5649
302611.9018,691042,223,-0.2825,0.0063,0.2510,78.1527,7.9237,-80.6107
302611.9627,691052,224,-0.2437,-0.0310,0.2791,74.8397,3.3282,-82.3817
302611.9627,691062,224,-0.2358,-0.0869,0.2793,70.9008,3.1450,-84.1221
302611.9627,691072,224,-0.2698,-0.1187,0.2507,67.0229,2.4580,-82.9160
302611.9627,691082,224,-0.2817,-0.1462,0.1909,64.5954,-1.6183,-79.7710
302611.9627,691092,224,-0.3523,-0.1672,0.1406,64.3511,-3.7710,-79.2824
302611.9627,691102,224,-0.3625,-0.1853,0.0996,64.4580,-10.7023,-80.0000
302611.9627,691112,224,-0.3467,-0.2302,0.0825,63.6794,-19.8321,-79.0229
302611.9627,691122,224,-0.3401,-0.2517,0.0879,64.5496,-27.5878,-77.7710
302611.9627,691132,224,-0.3298,-0.2847,0.1001,65.4504,-37.2519,-76.4122
302611.9627,691142,224,-0.3169,-0.3171,0.1147,65.1145,-45.8473,-74.8550
302612.1416,691152,225,-0.3064,-0.3447,0.1362,63.2977,-53.4962,-71.9542
302612.1416,691162,225,-0.3054,-0.3633,0.1484,61.4809,-60.7023,-67.3282
302612.1416,691172,225,-0.3115,-0.3921,0.1536,60.5038,-65.4351,-63.3130
302612.1416,691182,225,-0.3293,-0.4182,0.1377,60.7023,-69.7863,-60.3664
302612.1416,691192,225,-0.3621,-0.4402,0.1226,61.0382,-75.7252,-56.8397
302612.1416,691202,225,-0.3682,-0.4277,0.1257,61.3588,-82.6260,-52.2595
302612.1416,691212,225,-0.3538,-0.3901,0.1650,60.0611,-92.4580,-47.4656
302612.1416,691222,225,-0.3279,-0.3723,0.2231,57.0687,-102.6412,-45.8931
302612.1416,691232,225,-0.2668,-0.3555,0.3184,54.0763,-112.1832,-47.1603
302612.1416,691242,225,-0.2563,-0.3882,0.3760,46.8092,-117.9847,-48.1221
302612.2020,691252,226,-0.2827,-0.4973,0.3955,37.6031,-118.7023,-48.0916
302612.2020,691262,226,-0.3235,-0.6008,0.4221,34.3664,-119.4656,-45.9695
302612.2020,691272,226,-0.3616,-0.6658,0.4351,36.6260,-121.6031,-40.6718
302612.2020,691282,226,-0.3774,-0.6638,0.4629,40.7634,-124.6870,-32.2595
302612.2020,691292,226,-0.3428,-0.6123,0.5405,42.1985,-132.9008,-23.8321
302612.2020,691302,226,-0.2810,-0.5356,0.6582,38.8702,-139.6031,-16.3511
302612.2020,691312,226,-0.2866,-0.4812,0.7510,33.3740,-141.4351,-13.6183
302612.2020,691322,226,-0.3328,-0.5100,0.8003,24.7328,-141.9084,-14.5954
302612.2020,691332,226,-0.3872,-0.5574,0.8577,16.8855,-143.3588,-15.6641
302612.2020,691342,226,-0.4387,-0.6504,0.9045,10.0611,-147.6031,-15.7557
302612.2622,691352,227,-0.4399,-0.7229,0.9585,5.1298,-150.5802,-12.0153
302612.2622,691362,227,-0.3572,-0.7595,1.0532,1.3282,-157.1908,-5.3893
302612.2622,691372,227,-0.2266,-0.7378,1.2102,-1.6794,-161.6641,2.9771
302612.2622,691382,227,-0.1240,-0.6790,1.3564,-5.5420,-159.6489,9.9389
302612.2622,691392,227,-0.0964,-0.5847,1.4333,-11.5115,-152.1832,14.8702
302612.2622,691402,227,-0.2251,-0.5903,1.3533,-24.7939,-137.3740,17.0687
302612.2622,691412,227,-0.3879,-0.6516,1.2280,-37.3740,-121.1756,16.4427
302612.2622,691422,227,-0.4819,-0.7417,1.1331,-42.5191,-113.6183,18.1679
302612.2622,691432,227,-0.4844,-0.7461,1.1094,-39.6641,-116.2748,22.2748
302612.2622,691442,227,-0.3892,-0.7522,1.1497,-37.8779,-123.2519,28.9466
302612.3832,691452,228,-0.3066,-0.7217,1.2322,-37.2824,-125.9847,37.4504
302612.3832,691462,228,-0.2522,-0.6538,1.3218,-38.6870,-125.8931,47.2824
302612.3832,691472,228,-0.2778,-0.5891,1.3906,-43.6031,-121.6794,56.7023
302612.3832,691482,228,-0.3569,-0.5569,1.3916,-47.5267,-114.4885,59.9695
302612.3832,691492,228,-0.4199,-0.5371,1.3882,-48.6718,-110.3511,59.6489
302612.3832,691502,228,-0.4465,-0.5505,1.3826,-48.9618,-109.8931,59.7405
302612.3832,691512,228,-0.4382,-0.5845,1.3789,-49.1908,-110.3511,61.3893
302612.3832,691522,228,-0.4031,-0.6104,1.3772,-49.3130,-112.7328,65.5725
302612.3832,691532,228,-0.3469,-0.6279,1.4236,-48.3511,-113.0382,74.0916
302612.3832,691542,228,-0.3074,-0.5894,1.5020,-43.2672,-109.0382,83.5420
302612.5014,691552,229,-0.2563,-0.5134,1.6008,-38.3359,-101.8321,92.0763
302612.5014,691562,229,-0.2458,-0.4182,1.6724,-37.4046,-93.6336,99.2061
302612.5014,691572,229,-0.2588,-0.3350,1.7095,-39.3282,-83.9084,104.0458
302612.5014,691582,229,-0.2827,-0.2825,1.7090,-42.7023,-75.5115,103.6336
302612.5014,691592,229,-0.3010,-0.2942,1.6809,-47.3435,-67.8168,99.5878
302612.5014,691602,229,-0.3335,-0.3821,1.6238,-52.1069,-62.5649,95.9695
302612.5014,691612,229,-0.3232,-0.4937,1.5964,-54.7023,-61.0382,97.6489
302612.5014,691622,229,-0.2620,-0.5483,1.6265,-49.6489,-61.5725,104.8244
302612.5014,691632,229,-0.1946,-0.5073,1.6956,-37.8931,-59.8321,114.8550
302612.5014,691642,229,-0.1599,-0.4307,1.7507,-26.5496,-52.7328,124.3511
302612.5611,691652,230,-0.1582,-0.3225,1.7915,-18.2901,-42.4275,132.5191
302612.5611,691662,230,-0.1726,-0.1953,1.8076,-13.2061,-32.3969,138.5802
302612.5611,691672,230,-0.1663,-0.0930,1.8193,-11.6641,-23.2366,140.2748
302612.5611,691682,230,-0.1863,-0.0229,1.7998,-13.0992,-13.0534,139.2214
302612.5611,691692,230,-0.2092,0.0112,1.7649,-16.0458,-4.4885,135.4809
302612.5611,691702,230,-0.2083,0.0298,1.7510,-19.5267,1.9847,131.2824
302612.5611,691712,230,-0.2036,0.0525,1.7405,-21.0840,7.6489,128.4885
302612.5611,691722,230,-0.1958,0.0828,1.7478,-21.4656,14.0153,125.6641
302612.5611,691732,230,-0.2012,0.1250,1.7590,-20.5191,21.6489,123.0840
302612.5611,691742,230,-0.1924,0.1790,1.7739,-18.3511,29.2214,119.2061
302612.6826,691752,231,-0.2053,0.2161,1.7620,-18.6870,38.6260,113.3130
302612.6826,691762,231,-0.2290,0.2231,1.7217,-20.9618,48.9924,106.9924
302612.6826,691772,231,-0.2393,0.2019,1.6807,-22.3969,57.2061,101.1756
302612.6826,691782,231,-0.2349,0.1892,1.6572,-21.6183,62.7939,95.4351
302612.6826,691792,231,-0.2043,0.1780,1.6594,-19.9847,66.1679,91.6489
302612.6826,691802,231,-0.1733,0.2192,1.6663,-16.7939,70.5954,89.9237
302612.6826,691812,231,-0.1609,0.2500,1.6499,-14.5954,77.6794,87.7252
302612.6826,691822,231,-0.1541,0.2676,1.6174,-12.5649,84.7176,82.9313
302612.6826,691832,231,-0.1377,0.2634,1.5830,-10.4122,90.1985,77.1908
302612.6826,691842,231,-0.1230,0.2319,1.5486,-8.3817,96.3664,71.9542
302612.8019,691852,232,-0.1167,0.2263,1.5056,-5.6336,101.9847,69.1756
302612.8019,691862,232,-0.1060,0.2256,1.4619,-2.3664,106.8702,68.6870
302612.8019,691872,232,-0.1174,0.2573,1.4131,3.4504,110.6107,66.8550
302612.8019,691882,232,-0.1318,0.2908,1.3647,7.4809,111.8473,64.0916
302612.8019,691892,232,-0.1633,0.3074,1.3191,9.3588,112.1985,61.4504
302612.8019,691902,232,-0.1580,0.3372,1.2849,12.0153,110.3817,58.6565
302612.8019,691912,232,-0.1558,0.3547,1.2583,14.3969,110.7939,56.3206
302612.8019,691922,232,-0.1631,0.3931,1.2144,18.0611,111.2824,53.2824
302612.8019,691932,232,-0.1450,0.4214,1.1755,20.8092,111.3588,49.0687
302612.8019,691942,232,-0.1340,0.4319,1.1345,24.2595,114.4427,43.6947
302612.9196,691952,233,-0.1409,0.4229,1.0811,28.2595,119.7863,37.0076
302612.9196,691962,233,-0.1724,0.4207,1.0212,31.1145,123.4198,31.5420
302612.9196,691972,233,-0.2014,0.3787,0.9648,32.5191,124.7328,26.8092
302612.9196,691982,233,-0.2390,0.3481,0.9048,36.0153,123.9542,22.3664
302612.9196,691992,233,-0.2539,0.3350,0.8767,41.3740,119.6641,18.9924
302612.9196,692002,233,-0.2690,0.3323,0.8713,47.1298,114.5344,14.5954
302612.9196,692012,233,-0.2461,0.3313,0.8813,51.8168,109.6183,10.6107
302612.9196,692022,233,-0.2251,0.3237,0.8804,55.5878,106.7176,6.3511
302612.9196,692032,233,-0.2271,0.2632,0.8586,56.8397,107.5420,1.1145
302612.9196,692042,233,-0.2393,0.2222,0.8269,60.3053,110.0153,-2.2290
302613.0397,692052,234,-0.2546,0.2344,0.8127,65.8168,110.0000,-2.2290
302613.0397,692062,234,-0.2646,0.2646,0.7969,70.5649,106.9618,-2.4580
302613.0397,692072,234,-0.2632,0.2883,0.7888,73.9084,104.5344,-5.5573
302613.0397,692082,234,-0.2698,0.3145,0.7693,76.2137,103.9695,-9.6336
302613.0397,692092,234,-0.2898,0.3115,0.7339,75.6183,102.8092,-14.5649
302613.0397,692102,234,-0.3066,0.3069,0.6924,73.8626,100.3817,-19.2366
302613.0397,692112,234,-0.3064,0.3135,0.6562,73.2519,96.9924,-23.3435
302613.0397,692122,234,-0.2971,0.3206,0.6174,73.2977,93.6794,-28.5649
302613.0397,692132,234,-0.3020,0.3174,0.5845,71.4809,90.8244,-34.7939
302613.0397,692142,234,-0.3223,0.2683,0.5161,67.5573,88.4122,-39.6336
302613.1012,692152,235,-0.3242,0.2173,0.4653,65.0840,88.8855,-43.6641
302613.1012,692162,235,-0.3345,0.1682,0.4077,64.5038,85.5267,-45.7557
302613.1012,692172,235,-0.3174,0.1365,0.3889,66.9313,77.9695,-46.2137
302613.1012,692182,235,-0.2920,0.1602,0.4067,72.1374,71.7099,-45.8931
302613.1012,692192,235,-0.2861,0.1794,0.3970,76.7176,70.0305,-46.2748
302613.1012,692202,235,-0.3508,0.1987,0.3447,78.1221,72.0916,-49.0229
302613.1012,692212,235,-0.4133,0.1899,0.2739,75.9542,68.8092,-51.0992
302613.1012,692222,235,-0.4380,0.2007,0.2480,74.7939,60.8397,-52.5954
302613.1012,692232,235,-0.4207,0.2087,0.2651,76.0153,50.0305,-55.3130
302613.1012,692242,235,-0.3787,0.2339,0.2888,79.4198,42.0611,-60.8244
302613.1623,692252,236,-0.3650,0.2278,0.2896,78.0916,37.8015,-66.4275
302613.1623,692262,236,-0.3550,0.1963,0.2751,73.5420,34.0763,-70.0153
302613.1623,692272,236,-0.3435,0.1438,0.2598,70.6718,30.9466,-73.3435
302613.1623,692282,236,-0.3501,0.1228,0.2400,70.5038,30.0458,-76.8855
302613.1623,692292,236,-0.3501,0.1091,0.2068,68.7176,27.7405,-78.7786
302613.1623,692302,236,-0.3606,0.0750,0.1765,66.0153,25.5267,-80.2748
302613.1623,692312,236,-0.3821,0.0688,0.1367,65.3893,22.5496,-82.3511
302613.1623,692322,236,-0.4023,0.0452,0.0813,63.7863,16.0916,-83.9847
302613.1623,692332,236,-0.4497,0.0037,0.0449,61.9847,8.5649,-85.8473
302613.1623,692342,236,-0.4431,0.0012,0.0500,63.5420,-3.4809,-85.4809
302613.2823,692352,237,-0.3853,0.0203,0.0850,66.7786,-17.6641,-85.1298
302613.2823,692362,237,-0.3328,0.0457,0.1404,68.5344,-28.0000,-88.1832
302613.2823,692372,237,-0.2932,0.0435,0.1685,64.4427,-32.8092,-92.3511
302613.2823,692382,237,-0.2952,-0.0305,0.1350,54.0000,-31.5420,-95.8168
302613.2823,692392,237,-0.3076,-0.1401,0.0847,45.4351,-33.3282,-98.3969
302613.2823,692402,237,-0.3147,-0.2708,0.0627,42.8702,-38.0611,-100.2443
302613.2823,692412,237,-0.3545,-0.3528,0.0339,44.8702,-42.2595,-99.2214
302613.2823,692422,237,-0.3835,-0.4343,0.0344,47.8321,-51.1450,-95.6031
302613.2823,692432,237,-0.3916,-0.4604,0.0710,53.7099,-61.4962,-91.0534
302613.2823,692442,237,-0.3540,-0.4585,0.1382,59.1756,-73.7405,-86.3053
302613.4019,692452,238,-0.3064,-0.4333,0.2256,62.2443,-86.7023,-81.6336
302613.4019,692462,238,-0.2170,-0.3745,0.3435,63.2061,-96.3359,-79.2366
302613.4019,692472,238,-0.1458,-0.3540,0.4272,58.4885,-101.3740,-80.4275
302613.4019,692482,238,-0.1338,-0.4321,0.4438,48.7481,-100.9466,-82.8244
302613.4019,692492,238,-0.2117,-0.5520,0.3835,42.6107,-98.1832,-83.3130
302613.4019,692502,238,-0.2412,-0.6265,0.3513,40.5649,-97.9084,-79.7099
302613.4019,692512,238,-0.2520,-0.6948,0.3376,41.2824,-103.8779,-73.4351
302613.4019,692522,238,-0.2305,-0.6934,0.3560,44.6107,-110.6260,-64.7023
302613.4019,692532,238,-0.2031,-0.6372,0.3850,47.5115,-117.5267,-57.3435
302613.4019,692542,238,-0.1604,-0.5781,0.4377,45.7710,-126.4885,-52.7023
302613.4621,692552,239,-0.1931,-0.5593,0.4434,38.6412,-133.9695,-51.4198
302613.4621,692562,239,-0.2346,-0.6401,0.4314,29.1298,-140.9466,-52.5954
302613.4621,692572,239,-0.2651,-0.7385,0.4497,23.8015,-150.2137,-51.5267
302613.4621,692582,239,-0.2727,-0.8503,0.5095,23.1450,-160.6718,-46.1527
302613.4621,692592,239,-0.2593,-0.8984,0.5835,28.4427,-169.0076,-36.1985
302613.4621,692602,239,-0.2339,-0.8911,0.6812,37.1145,-180.9618,-23.8473
302613.4621,692612,239,-0.1648,-0.8657,0.7944,43.0840,-197.7710,-10.7939
302613.4621,692622,239,-0.0776,-0.8042,0.9341,44.2290,-205.7252,-0.7481
302613.4621,692632,239,-0.0859,-0.8213,1.0002,36.7481,-198.3511,3.7863
302613.4621,692642,239,-0.1760,-0.8921,1.0527,26.1374,-184.1527,9.5267
302613.5818,692652,240,-0.2336,-0.9080,1.1089,22.2443,-178.7786,21.3435
302613.5818,692662,240,-0.2563,-0.8577,1.1956,23.4351,-177.7405,32.9771
302613.5818,692672,240,-0.2034,-0.7830,1.3198,24.8855,-178.4885,41.8168
302613.5818,692682,240,-0.1599,-0.7153,1.4124,21.4198,-174.6718,49.7252
302613.5818,692692,240,-0.1511,-0.6614,1.4697,14.1679,-166.5344,55.1145
302613.5818,692702,240,-0.1682,-0.6055,1.5312,4.6107,-161.2824,59.5115
302613.5818,692712,240,-0.1582,-0.5449,1.5784,-4.7939,-157.7710,64.3511
302613.5818,692722,240,-0.1946,-0.5295,1.5969,-14.0153,-149.4351,64.9771
302613.5818,692732,240,-0.2449,-0.5508,1.5808,-22.8855,-137.9237,64.9160
302613.5818,692742,240,-0.2656,-0.5588,1.5691,-28.0611,-129.0992,66.2290
302613.7019,692752,241,-0.2131,-0.5667,1.5952,-31.2519,-125.8168,67.7099
302613.7019,692762,241,-0.1509,-0.5916,1.6077,-34.4427,-121.3130,70.3359
302613.7019,692772,241,-0.1477,-0.5842,1.6313,-37.1145,-113.8779,75.5573
302613.7019,692782,241,-0.1489,-0.5327,1.6389,-37.5573,-106.4733,84.0153
302613.7019,692792,241,-0.1821,-0.5254,1.6243,-38.3206,-97.8931,88.4580
302613.7019,692802,241,-0.2178,-0.5190,1.5979,-40.0763,-92.1679,91.6641
302613.7019,692812,241,-0.2246,-0.5234,1.6013,-40.1374,-89.5420,96.0611
302613.7019,692822,241,-0.1787,-0.5105,1.6443,-37.6183,-88.5344,100.5191
302613.7019,692832,241,-0.1125,-0.5068,1.6812,-35.8779,-84.6412,104.7481
302613.7019,692842,241,-0.0950,-0.5149,1.6841,-35.2519,-76.6870,109.0840
302613.7627,692852,242,-0.1208,-0.5132,1.6887,-33.4046,-68.0916,114.5191
302613.7627,692862,242,-0.0916,-0.4766,1.7351,-27.8473,-63.0534,121.5115
302613.7627,692872,242,-0.0437,-0.4060,1.7917,-19.6489,-56.1527,128.4427
302613.7627,692882,242,-0.0190,-0.3220,1.8062,-12.9008,-46.4885,132.7328
302613.7627,692892,242,-0.0396,-0.2727,1.7551,-10.7481,-35.3282,134.7176
302613.7627,692902,242,-0.0430,-0.2766,1.6824,-11.9084,-25.8931,134.5344
302613.7627,692912,242,-0.0264,-0.3203,1.6399,-14.1985,-19.9542,134.3053
302613.7627,692922,242,-0.0173,-0.3706,1.6240,-14.9618,-16.3206,138.5038
302613.7627,692932,242,0.0312,-0.3882,1.6565,-7.7252,-13.8779,147.5573
302613.7627,692942,242,0.0635,-0.2913,1.7241,8.2443,-7.6947,157.9542
302613.8826,692952,243,0.0518,-0.1157,1.7695,24.2901,1.9389,166.4580
302613.8826,692962,243,0.0029,0.0847,1.8037,32.1832,13.5420,170.1374
302613.8826,692972,243,-0.0327,0.2476,1.8220,30.4275,24.6565,170.8550
302613.8826,692982,243,-0.0735,0.3806,1.8545,24.2137,32.5038,167.5725
302613.8826,692992,243,-0.0850,0.5164,1.8899,18.7328,39.4962,162.2290
302613.8826,693002,243,-0.0994,0.6484,1.8923,16.0916,50.2443,150.3664
302613.8826,693012,243,-0.1331,0.7119,1.8455,9.1908,64.0000,129.1603
302613.8826,693022,243,-0.1792,0.6892,1.7512,-5.0076,77.5267,107.6489
302613.8826,693032,243,-0.1980,0.6111,1.6584,-19.7252,84.9771,91.3588
302613.8826,693042,243,-0.1602,0.5168,1.6162,-27.5267,89.1450,78.8244
302614.0047,693052,244,-0.1235,0.4536,1.5757,-27.5878,95.1298,68.1069
302614.0047,693062,244,-0.1318,0.3892,1.4949,-26.6565,104.0153,58.5802
302614.0047,693072,244,-0.1650,0.3147,1.4031,-27.6489,111.5420,50.8092
302614.0047,693082,244,-0.1726,0.2239,1.3389,-28.6260,113.4351,45.7252
302614.0047,693092,244,-0.1606,0.1370,1.3088,-26.3969,111.1603,44.6870
302614.0047,693102,244,-0.1226,0.0969,1.3071,-18.5191,108.4427,46.0458
302614.0047,693112,244,-0.0864,0.1064,1.3169,-6.7786,109.7557,47.6947
302614.0047,693122,244,-0.0874,0.1541,1.3032,3.4198,114.1985,48.6870
302614.0047,693132,244,-0.1255,0.1926,1.2583,7.8473,118.2748,48.6718
302614.0047,693142,244,-0.1699,0.2295,1.2073,9.4962,119.9389,48.4275
302614.1222,693152,245,-0.1826,0.2441,1.1682,10.9466,118.9008,45.7252
302614.1222,693162,245,-0.1948,0.2402,1.1323,12.1832,117.1603,40.5344
302614.1222,693172,245,-0.2134,0.2168,1.0857,12.5038,115.6336,36.3511
302614.1222,693182,245,-0.2405,0.1887,1.0420,13.1145,113.7405,33.2672
302614.1222,693192,245,-0.2305,0.1357,0.9988,15.3435,110.6718,29.9695
302614.1222,693202,245,-0.2039,0.0854,0.9785,20.8702,108.4580,28.8397
302614.1222,693212,245,-0.1841,0.0591,0.9495,29.1603,108.0153,30.3664
302614.1222,693222,245,-0.1721,0.0740,0.9329,39.1908,108.2137,33.6641
302614.1222,693232,245,-0.1650,0.1348,0.9248,49.5267,106.9008,36.4580
302614.1222,693242,245,-0.2036,0.1919,0.8875,55.8931,107.6031,38.4580
302614.1827,693252,246,-0.2563,0.2681,0.8494,60.2595,108.3511,38.2137
302614.1827,693262,246,-0.3022,0.3208,0.8232,61.7863,105.0229,34.7481
302614.1827,693272,246,-0.3025,0.3411,0.8218,60.5191,99.0992,28.6260
302614.1827,693282,246,-0.3171,0.3357,0.8127,58.3664,95.2672,22.6718
302614.1827,693292,246,-0.3169,0.3308,0.8098,58.1679,91.9084,18.1527
302614.1827,693302,246,-0.3154,0.3438,0.8198,60.7176,89.0382,13.3740
302614.1827,693312,246,-0.3020,0.3650,0.8374,63.0840,87.4198,7.5420
302614.1827,693322,246,-0.2961,0.3633,0.8281,63.1450,88.6260,1.0534
302614.1827,693332,246,-0.3171,0.3657,0.8096,61.9084,91.0229,-4.8092
302614.1827,693342,246,-0.3237,0.3738,0.8032,60.0611,89.6794,-10.0305
302614.3017,693352,247,-0.3049,0.3667,0.8059,57.7557,89.5267,-17.2519
302614.3017,693362,247,-0.3218,0.3384,0.7678,54.1069,93.5420,-23.4656
302614.3017,693372,247,-0.3643,0.3191,0.7058,50.7634,95.6641,-28.2137
302614.3017,693382,247,-0.3906,0.2954,0.6689,48.4122,92.8550,-33.0229
302614.3017,693392,247,-0.3711,0.2754,0.6528,46.8397,88.4427,-37.9542
302614.3017,693402,247,-0.3469,0.2595,0.6365,45.0076,85.4656,-42.3053
302614.3017,693412,247,-0.3608,0.2131,0.5947,41.8473,84.5496,-46.7481
302614.3017,693422,247,-0.3989,0.1509,0.5264,39.7099,84.8397,-50.6260
302614.3017,693432,247,-0.4343,0.1194,0.4712,39.5878,82.6718,-52.1985
302614.3017,693442,247,-0.4214,0.1021,0.4553,39.8015,75.9542,-52.5649
302614.3627,693452,248,-0.3875,0.1086,0.4658,40.4275,68.5191,-52.6718
302614.3627,693462,248,-0.3630,0.1255,0.4673,39.6031,63.6031,-54.9160
302614.3627,693472,248,-0.3640,0.0930,0.4368,34.7023,61.1298,-58.6870
302614.3627,693482,248,-0.3853,0.0381,0.3870,28.4275,58.7328,-61.9084
302614.3627,693492,248,-0.3843,-0.0303,0.3545,22.8550,53.6031,-64.3053
302614.3627,693502,248,-0.3904,-0.1162,0.3201,18.2901,48.3511,-64.7023
302614.3627,693512,248,-0.3770,-0.1833,0.2891,18.9618,44.7634,-63.2672
302614.3627,693522,248,-0.3979,-0.2383,0.2397,22.7328,45.3893,-58.5954
302614.3627,693532,248,-0.4368,-0.2556,0.2004,29.3130,44.5954,-51.6183
302614.3627,693542,248,-0.4897,-0.2458,0.1626,36.7634,41.7863,-45.1145
302614.4840,693552,249,-0.5007,-0.1987,0.1658,44.0153,35.3130,-39.7710
302614.4840,693562,249,-0.5156,-0.1567,0.1733,46.4122,28.3359,-36.1221
302614.4840,693572,249,-0.5461,-0.1597,0.1741,43.2672,22.6565,-35.0229
302614.4840,693582,249,-0.5601,-0.1858,0.1807,39.0382,15.0687,-33.5115
302614.4840,693592,249,-0.5747,-0.2078,0.2041,36.9466,7.6794,-31.5420
302614.4840,693602,249,-0.5754,-0.2292,0.2200,36.2443,0.8397,-29.5725
302614.4840,693612,249,-0.5818,-0.2283,0.2434,37.3435,-3.2977,-25.6947
302614.4840,693622,249,-0.5818,-0.1948,0.2810,39.5115,-7.0687,-21.4046
302614.4840,693632,249,-0.5840,-0.1572,0.3164,40.4122,-9.9389,-18.9466
302614.4840,693642,249,-0.5986,-0.1406,0.3325,40.2901,-11.4504,-19.2824
302614.6605,693652,250,-0.6343,-0.1599,0.3125,37.3893,-11.8473,-20.0000
302614.6605,693662,250,-0.6641,-0.1738,0.2952,33.5725,-14.9313,-18.6870
302614.6605,693672,250,-0.6682,-0.1841,0.3098,31.2366,-21.4504,-16.4885
302614.6605,693682,250,-0.6567,-0.1736,0.3533,31.1603,-25.7710,-15.2366
302614.6605,693692,250,-0.6697,-0.1467,0.3684,30.6107,-26.6718,-13.6794
302614.6605,693702,250,-0.7065,-0.1213,0.3704,27.8626,-27.5420,-13.0687
302614.6605,693712,250,-0.7590,-0.1279,0.3735,23.4198,-30.0916,-13.4809
302614.6605,693722,250,-0.7520,-0.1323,0.4209,20.6718,-35.9237,-14.1374
302614.6605,693732,250,-0.7705,-0.1375,0.4680,19.3588,-38.6565,-14.9466
302614.6605,693742,250,-0.8123,-0.1487,0.4829,17.0534,-38.3511,-15.8931
302614.6624,693752,251,-0.8538,-0.1545,0.4875,14.8092,-39.4046,-15.5420
302614.6624,693762,251,-0.8850,-0.1558,0.5034,13.5115,-42.9618,-15.2672
302614.6624,693772,251,-0.8955,-0.1514,0.5413,13.2366,-47.7405,-15.1756
302614.6624,693782,251,-0.8772,-0.1284,0.6013,13.6031,-51.2672,-15.2519
302614.6624,693792,251,-0.8630,-0.1094,0.6685,11.4656,-51.9542,-16.1069
302614.6624,693802,251,-0.8293,-0.1179,0.7427,6.2137,-49.9847,-17.1145
302614.6624,693812,251,-0.8367,-0.1306,0.7749,2.1679,-44.2595,-18.2137
302614.6624,693822,251,-0.8660,-0.1436,0.7971,-0.6565,-40.0458,-19.9389
302614.6624,693832,251,-0.8838,-0.1694,0.8159,-3.8779,-37.9695,-21.0534
302614.6624,693842,251,-0.8933,-0.1975,0.8308,-6.3969,-35.2977,-20.7481
302614.7844,693852,252,-0.8894,-0.2144,0.8425,-7.1908,-31.6947,-18.4580
302614.7844,693862,252,-0.8970,-0.2041,0.8428,-5.2977,-27.6031,-15.2977
302614.7844,693872,252,-0.8845,-0.1724,0.8523,-2.5038,-23.8015,-12.3511
302614.7844,693882,252,-0.8752,-0.1333,0.8582,0.1069,-19.5267,-9.9084
302614.7844,693892,252,-0.8853,-0.0906,0.8481,1.0992,-15.2214,-8.7176
302614.7844,693902,252,-0.9023,-0.0776,0.8237,-1.7863,-13.2214,-7.9695
302614.7844,693912,252,-0.8821,-0.0769,0.8203,-3.8626,-13.1450,-7.6489
302614.7844,693922,252,-0.8574,-0.0723,0.8369,-3.5420,-11.4046,-8.3664
302614.7844,693932,252,-0.8577,-0.0771,0.8176,-4.2137,-6.9466,-8.7176
302614.7844,693942,252,-0.8821,-0.0952,0.7700,-6.2901,-3.1756,-7.8931
302614.9017,693952,253,-0.8750,-0.1160,0.7446,-6.9466,-3.7710,-6.0763
302614.9017,693962,253,-0.8269,-0.1304,0.7534,-4.9160,-5.4809,-4.1374
302614.9017,693972,253,-0.8154,-0.1177,0.7571,-1.0382,-3.0382,-2.3969
302614.9017,693982,253,-0.8245,-0.0999,0.7271,0.5649,-0.3969,0.2748
302614.9017,693992,253,-0.8196,-0.0837,0.7102,1.2519,-1.0992,2.8092
302614.9017,694002,253,-0.7825,-0.0623,0.7278,2.8092,-2.8397,3.6641
302614.9017,694012,253,-0.7532,-0.0393,0.7471,3.6336,-1.5420,3.5878
302614.9017,694022,253,-0.7773,-0.0210,0.7236,1.4962,1.6031,3.9542
302614.9017,694032,253,-0.7803,-0.0149,0.7080,-1.6489,1.1298,4.8855
302614.9017,694042,253,-0.7566,-0.0066,0.7090,-2.3359,-0.0916,4.0458
302615.0207,694052,254,-0.7402,0.0020,0.7068,-2.3969,2.4122,2.4885
302615.0207,694062,254,-0.7634,-0.0056,0.6699,-4.2748,5.7557,1.6183
302615.0207,694072,254,-0.7815,-0.0195,0.6272,-5.6183,5.7863,1.4962
302615.0207,694082,254,-0.7698,-0.0195,0.6167,-4.4885,2.7634,1.6183
302615.0207,694092,254,-0.7488,-0.0195,0.6387,-2.4275,0.9466,1.1908
302615.0207,694102,254,-0.7544,-0.0134,0.6294,-1.2061,1.3435,0.8092
302615.0207,694112,254,-0.7717,-0.0193,0.6123,-1.8168,0.7328,0.5649
302615.0207,694122,254,-0.7681,-0.0317,0.6208,-2.7786,-2.7634,0.4275
302615.0207,694132,254,-0.7434,-0.0356,0.6536,-2.8550,-6.8092,0.5802
302615.0207,694142,254,-0.7144,-0.0396,0.6836,-2.6565,-7.9542,0.4580
302615.0840,694152,255,-0.7065,-0.0466,0.6956,-2.9466,-6.4275,0.2443
302615.0840,694162,255,-0.7078,-0.0481,0.6909,-3.4809,-5.2672,0.5344
302615.0840,694172,255,-0.6919,-0.0464,0.7007,-4.4885,-4.5191,1.1298
302615.0840,694182,255,-0.6772,-0.0583,0.6838,-5.3130,-2.4427,1.7710
302615.0840,694192,255,-0.7014,-0.0596,0.6443,-3.8779,1.2366,2.3511
302615.0840,694202,255,-0.7339,-0.0410,0.5999,-1.3130,2.3511,3.2366
302615.0840,694212,255,-0.7439,-0.0212,0.5718,1.1756,0.6412,3.8321
302615.0840,694222,255,-0.7483,0.0112,0.5613,3.0229,-1.8321,3.9542
302615.0840,694232,255,-0.7559,0.0127,0.5483,2.7023,-4.5038,4.2443
302615.0840,694242,255,-0.7578,0.0339,0.5654,3.9389,-8.4885,3.1145
302615.2020,694252,0,-0.7490,0.0469,0.6060,4.1221,-11.7710,1.5420
302615.2020,694262,0,-0.7107,0.0317,0.6616,1.5878,-13.6336,0.8092
302615.2020,694272,0,-0.7046,0.0178,0.6990,0.2595,-12.3969,0.1374
302615.2020,694282,0,-0.6917,-0.0017,0.7314,0.2595,-11.3282,-0.3817
302615.2020,694292,0,-0.7109,-0.0166,0.7434,1.0229,-8.1221,-1.1450
302615.2020,694302,0,-0.7209,-0.0210,0.7480,1.4046,-6.5496,-0.9313
302615.2020,694312,0,-0.7229,-0.0283,0.7539,0.9924,-6.5954,-0.5191
302615.2020,694322,0,-0.7136,-0.0383,0.7664,0.4733,-5.7099,0.0153
302615.2020,694332,0,-0.7166,-0.0386,0.7639,0.3206,-4.0611,0.2137
302615.2020,694342,0,-0.7256,-0.0376,0.7351,-0.9618,-3.1756,0.5649
302615.2623,694352,1,-0.7297,-0.0356,0.7224,-0.9313,-3.3282,0.8550
302615.2623,694362,1,-0.7239,-0.0278,0.7227,-0.0458,-3.1298,1.0534
302615.2623,694372,1,-0.7236,-0.0176,0.7214,0.1374,-2.4885,1.2977
302615.2623,694382,1,-0.7190,-0.0132,0.7124,-0.2595,-1.4504,1.5115
302615.2623,694392,1,-0.7119,-0.0020,0.7031,-0.2595,-0.4427,1.4656
302615.2623,694402,1,-0.7073,0.0029,0.6946,-1.1450,0.9466,1.4809
302615.2623,694412,1,-0.7119,0.0093,0.6768,-1.6183,1.6336,1.1298
302615.2623,694422,1,-0.7053,0.0120,0.6638,-1.3588,1.2977,0.3053
302615.2623,694432,1,-0.7053,0.0088,0.6433,-1.4809,1.1298,-0.5496
302615.2623,694442,1,-0.7124,0.0085,0.6140,-1.4504,1.1756,-0.8702
302615.3828,694452,2,-0.7234,0.0081,0.5857,-1.2214,-0.3053,-1.1603
302615.3828,694462,2,-0.7153,0.0022,0.5708,-0.9313,-3.6489,-1.5115
302615.3828,694472,2,-0.7107,-0.0051,0.5657,0.0000,-6.8855,-1.8931
302615.3828,694482,2,-0.7122,-0.0098,0.5674,1.3588,-9.5725,-1.8626
302615.3828,694492,2,-0.7017,-0.0110,0.5847,2.7786,-12.1374,-1.8015
302615.3828,694502,2,-0.6733,-0.0149,0.6316,4.2901,-12.5344,-2.0153
302615.3828,694512,2,-0.6782,-0.0217,0.6553,4.7481,-10.4733,-1.8168
302615.3828,694522,2,-0.6936,-0.0264,0.6770,4.1374,-9.7252,-1.0229
302615.3828,694532,2,-0.7009,-0.0229,0.6997,3.1145,-9.9847,-0.1832
302615.3828,694542,2,-0.7053,-0.0317,0.7158,1.6947,-10.1527,0.0763
302615.5019,694552,3,-0.7170,-0.0491,0.7317,0.6107,-10.2595,0.1527
302615.5019,694562,3,-0.7202,-0.0625,0.7422,1.1450,-10.9618,0.5496
302615.5019,694572,3,-0.7212,-0.0562,0.7529,3.0382,-10.9466,1.5878
302615.5019,694582,3,-0.7234,-0.0322,0.7581,4.9160,-10.0916,2.7939
302615.5019,694592,3,-0.7339,-0.0017,0.7588,5.6031,-8.6107,3.1756
302615.5019,694602,3,-0.7449,0.0129,0.7412,4.4427,-7.6183,2.9466
302615.5019,694612,3,-0.7434,0.0186,0.7378,3.4046,-6.8244,2.1527
302615.5019,694622,3,-0.7405,0.0312,0.7336,3.1756,-5.7099,0.8550
302615.5019,694632,3,-0.7488,0.0266,0.7141,1.1603,-4.3817,-0.1527
302615.5019,694642,3,-0.7495,0.0139,0.7017,-0.4427,-4.0763,-0.7023
302615.5631,694652,4,-0.7212,0.0095,0.7231,-0.4122,-3.8779,-1.0382
302615.5631,694662,4,-0.7205,0.0066,0.7229,-0.5191,-1.6031,-1.6489
302615.5631,694672,4,-0.7437,-0.0161,0.6941,-1.3893,0.0916,-2.3511
302615.5631,694682,4,-0.7493,-0.0242,0.6833,-1.7099,-1.2519,-2.1374
302615.5631,694692,4,-0.7334,-0.0383,0.6936,-1.4962,-3.9084,-1.6641
302615.5631,694702,4,-0.7188,-0.0413,0.7029,0.0000,-4.7023,-1.5115
302615.5631,694712,4,-0.7239,-0.0271,0.7114,1.2366,-4.8550,-0.9008
302615.5631,694722,4,-0.7224,-0.0088,0.7153,1.4504,-5.5725,-0.3511
302615.5631,694732,4,-0.7129,-0.0105,0.7214,1.6641,-5.6183,-0.7328
302615.5631,694742,4,-0.7183,-0.0034,0.7227,2.3664,-4.5344,-1.6641
302615.6835,694752,5,-0.7205,-0.0107,0.7195,1.7710,-3.8321,-1.8321
302615.6835,694762,5,-0.7239,-0.0227,0.7163,0.7634,-3.8321,-1.7099
302615.6835,694772,5,-0.6980,-0.0203,0.7371,0.5496,-4.1832,-1.1298
302615.6835,694782,5,-0.6819,-0.0271,0.7390,0.3969,-2.1527,-0.5496
302615.6835,694792,5,-0.7041,-0.0283,0.7195,0.5954,0.6412,-0.4122
302615.6835,694802,5,-0.7197,-0.0266,0.6958,0.0916,1.0840,0.6260
302615.6835,694812,5,-0.7229,-0.0273,0.6926,0.1985,-0.1527,1.5573
302615.6835,694822,5,-0.7144,-0.0200,0.6902,1.8931,-1.1603,1.7863
302615.6835,694832,5,-0.7175,-0.0007,0.6926,3.2672,-1.6336,2.1527
302615.6835,694842,5,-0.7188,0.0188,0.6973,3.2519,-2.1374,2.1527
302615.8010,694852,6,-0.7156,0.0259,0.7019,2.1374,-2.4885,1.2061
302615.8010,694862,6,-0.7114,0.0173,0.7004,-0.1985,-2.1985,0.5344
302615.8010,694872,6,-0.7161,0.0083,0.6973,-1.8626,-2.1832,-0.2748
302615.8010,694882,6,-0.7083,-0.0112,0.6978,-2.7176,-2.7634,-1.0076
302615.8010,694892,6,-0.6968,-0.0283,0.7029,-2.1221,-3.1450,-1.1908
302615.8010,694902,6,-0.6965,-0.0273,0.7070,-0.3969,-2.4275,-0.9618
302615.8010,694912,6,-0.7014,-0.0283,0.7000,0.4275,-1.3588,-0.4427
302615.8010,694922,6,-0.7153,-0.0339,0.6885,0.8397,-0.7939,0.0305
302615.8010,694932,6,-0.7134,-0.0310,0.6833,1.3130,-1.4504,0.8397
302615.8010,694942,6,-0.7095,-0.0198,0.6824,1.8321,-2.1679,1.3740
302615.8612,694952,7,-0.7136,-0.0095,0.6775,1.6489,-2.9466,1.5267
302615.8612,694962,7,-0.7136,-0.0034,0.6726,0.9618,-4.2137,1.1908
302615.8612,694972,7,-0.7085,-0.0059,0.6804,-0.1221,-5.7252,0.8244
302615.8612,694982,7,-0.7080,-0.0098,0.6897,-1.0382,-6.5344,0.9466
302615.8612,694992,7,-0.7036,-0.0142,0.6992,-0.9008,-6.7176,0.8855
302615.8612,695002,7,-0.6919,-0.0085,0.7129,-0.3664,-6.1832,0.7481
302615.8612,695012,7,-0.6992,-0.0190,0.7178,-1.2519,-4.1221,0.9771
302615.8612,695022,7,-0.7092,-0.0247,0.7085,-1.2061,-2.5649,1.0687
302615.8612,695032,7,-0.7158,-0.0249,0.7109,0.0153,-2.7939,1.0229
302615.8612,695042,7,-0.7141,-0.0222,0.7156,0.5954,-3.7099,1.1908
302615.9833,695052,8,-0.7168,-0.0315,0.7156,0.3664,-4.0000,1.4809
302615.9833,695062,8,-0.7212,-0.0400,0.7175,0.5038,-4.2443,1.7863
302615.9833,695072,8,-0.7236,-0.0364,0.7207,0.9618,-4.9160,2.7023
302615.9833,695082,8,-0.7131,-0.0325,0.7349,1.4962,-5.2366,3.6183
302615.9833,695092,8,-0.7051,-0.0164,0.7566,2.1527,-4.4275,4.3664
302615.9833,695102,8,-0.7012,-0.0032,0.7642,1.7863,-2.9313,5.0382
302615.9833,695112,8,-0.7202,0.0049,0.7581,0.6870,-0.9618,4.9771
302615.9833,695122,8,-0.7271,-0.0005,0.7456,-0.1527,-0.2748,4.5802
302615.9833,695132,8,-0.7327,0.0029,0.7437,-0.1985,-0.2748,4.4122
302615.9833,695142,8,-0.7271,0.0051,0.7461,0.0305,-0.4733,4.2595
302616.1018,695152,9,-0.7253,0.0125,0.7463,0.1221,0.1679,3.8321
302616.1018,695162,9,-0.7339,0.0088,0.7380,-0.1069,0.9618,3.3282
302616.1018,695172,9,-0.7478,0.0042,0.7307,-0.4427,0.9008,3.2214
302616.1018,695182,9,-0.7456,-0.0012,0.7368,-0.6107,0.5038,3.6947
302616.1018,695192,9,-0.7546,-0.0127,0.7351,-0.4885,1.4809,4.1374
302616.1018,695202,9,-0.7703,-0.0186,0.7236,0.0000,1.6794,5.3282
302616.1018,695212,9,-0.7888,-0.0159,0.7246,1.2977,1.1450,6.8244
302616.1018,695222,9,-0.7939,-0.0129,0.7368,3.0992,0.3206,8.7939
302616.1018,695232,9,-0.7957,0.0168,0.7610,6.6260,0.1221,10.5496
302616.1018,695242,9,-0.7891,0.0603,0.7810,10.2290,0.2748,11.2366
302616.1626,695252,10,-0.7866,0.0957,0.8093,11.8779,0.9008,10.1985
302616.1626,695262,10,-0.7852,0.1162,0.8264,11.2061,1.6794,8.3206
302616.1626,695272,10,-0.7749,0.1101,0.8359,8.6565,2.1221,6.2443
302616.1626,695282,10,-0.7495,0.0828,0.8423,5.7863,4.1527,4.3206
302616.1626,695292,10,-0.7432,0.0410,0.8342,4.2748,8.1679,3.4351
302616.1626,695302,10,-0.7542,0.0186,0.8096,5.3740,11.5115,3.7863
302616.1626,695312,10,-0.7576,0.0244,0.7952,8.3053,12.3511,5.2366
302616.1626,695322,10,-0.7449,0.0466,0.7976,11.2672,12.1679,7.3893
302616.1626,695332,10,-0.7358,0.0742,0.7942,13.5267,13.1298,8.9313
302616.1626,695342,10,-0.7412,0.1040,0.7810,15.6031,14.7481,8.8855
302616.2823,695352,11,-0.7527,0.1323,0.7605,16.8550,15.5267,8.2290
302616.2823,695362,11,-0.7578,0.1575,0.7478,17.7252,15.4962,7.3435
302616.2823,695372,11,-0.7576,0.1873,0.7441,18.5954,14.6107,6.3359
302616.2823,695382,11,-0.7527,0.2195,0.7512,18.5954,13.7863,4.9008
302616.2823,695392,11,-0.7466,0.2471,0.7612,17.4656,14.3969,2.9618
302616.2823,695402,11,-0.7375,0.2615,0.7659,16.0305,15.7252,0.9008
302616.2823,695412,11,-0.7292,0.2727,0.7769,15.8779,16.7176,-0.6870
302616.2823,695422,11,-0.7068,0.2783,0.7954,17.7557,17.3282,-2.1527
302616.2823,695432,11,-0.7031,0.3088,0.8157,20.8702,18.7481,-1.7557
302616.2823,695442,11,-0.7004,0.3767,0.8245,24.3969,20.4275,-0.6565
302616.4017,695452,12,-0.6731,0.4338,0.8506,27.8321,21.4809,-3.7557
302616.4017,695462,12,-0.6443,0.4861,0.8352,30.4733,23.9847,-9.3130
302616.4017,695472,12,-0.6501,0.5129,0.7942,29.2824,28.4427,-15.7557
302616.4017,695482,12,-0.6316,0.5227,0.7588,27.8931,29.9084,-22.9160
302616.4017,695492,12,-0.6064,0.5332,0.7180,27.9237,32.2443,-31.9847
302616.4017,695502,12,-0.5999,0.5002,0.6589,23.9237,35.9847,-41.4656
302616.4017,695512,12,-0.5884,0.4534,0.6069,18.7786,35.7710,-47.0382
302616.4017,695522,12,-0.5452,0.4233,0.5757,18.2748,33.9389,-51.0840
302616.4017,695532,12,-0.5010,0.3765,0.5476,19.6489,32.8855,-56.0305
302616.4017,695542,12,-0.4819,0.3308,0.5024,21.1756,32.1527,-60.0916
302616.5195,695552,13,-0.4663,0.2974,0.4529,22.2137,30.2901,-61.2672
302616.5195,695562,13,-0.4351,0.2654,0.4072,24.7939,26.1985,-62.2290
302616.5195,695572,13,-0.4099,0.2498,0.3706,29.3130,22.1069,-64.6565
302616.5195,695582,13,-0.4009,0.2168,0.3110,31.3893,17.8321,-66.9466
302616.5195,695592,13,-0.4026,0.1384,0.2356,31.0992,15.0382,-69.0076
302616.5195,695602,13,-0.4084,0.0779,0.1736,33.5725,13.2824,-69.2977
302616.5195,695612,13,-0.4180,0.0427,0.1270,37.7252,8.3053,-67.5573
302616.5195,695622,13,-0.4255,0.0071,0.0969,40.4580,-0.7634,-65.6641
302616.5195,695632,13,-0.3948,-0.0044,0.1233,44.2748,-13.0992,-64.7023
302616.5195,695642,13,-0.3506,0.0000,0.1865,47.5115,-26.0611,-63.0687
302616.5821,695652,14,-0.2769,0.0020,0.2708,47.6947,-35.6794,-62.3359
302616.5821,695662,14,-0.2371,-0.0413,0.3264,45.3588,-38.7328,-63.8931
302616.5821,695672,14,-0.2705,-0.1069,0.3118,43.3130,-38.3053,-65.7099
302616.5821,695682,14,-0.3291,-0.1609,0.2722,40.8397,-38.1832,-65.0840
302616.5821,695692,14,-0.3154,-0.2446,0.2512,38.1221,-43.8931,-62.6718
302616.5821,695702,14,-0.3076,-0.3259,0.2554,38.7176,-46.7634,-59.1603
302616.5821,695712,14,-0.3706,-0.3557,0.2212,43.0534,-47.6641,-52.8244
302616.5821,695722,14,-0.3857,-0.3645,0.2173,46.4580,-56.4122,-45.6183
302616.5821,695732,14,-0.3831,-0.3167,0.2769,50.4580,-69.1298,-39.2824
302616.5821,695742,14,-0.3774,-0.2607,0.3584,51.9695,-81.8779,-35.6641
302616.7018,695752,15,-0.4082,-0.2393,0.4172,47.9389,-88.0153,-35.7557
302616.7018,695762,15,-0.4482,-0.2593,0.4495,40.9924,-92.5954,-38.3206
302616.7018,695772,15,-0.4294,-0.3052,0.5046,36.4427,-100.3053,-41.5115
302616.7018,695782,15,-0.4167,-0.3184,0.5691,35.1450,-105.6947,-43.7557
302616.7018,695792,15,-0.3640,-0.3203,0.6626,31.5725,-112.1221,-43.5725
302616.7018,695802,15,-0.2979,-0.3218,0.7556,25.6794,-115.9389,-43.9237
302616.7018,695812,15,-0.2461,-0.3601,0.7966,19.5267,-114.2137,-45.8321
302616.7018,695822,15,-0.3169,-0.4028,0.7498,15.3435,-107.1298,-48.0458
302616.7018,695832,15,-0.4048,-0.4988,0.6580,8.5802,-103.4656,-48.3817
302616.7018,695842,15,-0.4307,-0.6116,0.6079,4.9008,-105.5725,-45.6183
302616.7623,695852,16,-0.4153,-0.6570,0.6008,9.4809,-110.2290,-40.4733
302616.7623,695862,16,-0.3774,-0.6433,0.6321,12.3359,-117.4656,-33.7710
302616.7623,695872,16,-0.3157,-0.6118,0.6907,10.7176,-127.5115,-25.1603
302616.7623,695882,16,-0.2458,-0.5989,0.7979,5.6947,-134.8550,-18.8702
302616.7623,695892,16,-0.1902,-0.5615,0.9138,-0.8855,-137.8321,-13.9542
302616.7623,695902,16,-0.1592,-0.5552,0.9934,-10.0611,-136.5802,-11.6336
302616.7623,695912,16,-0.2183,-0.5684,0.9766,-21.4656,-127.1756,-8.5802
302616.7623,695922,16,-0.3237,-0.6536,0.8948,-28.9771,-121.0076,-9.1908
302616.7623,695932,16,-0.4180,-0.8257,0.8142,-33.2824,-122.2290,-8.4122
302616.7623,695942,16,-0.4214,-0.9021,0.8201,-30.5344,-131.8931,1.3893
302616.8810,695952,17,-0.3416,-0.9434,0.9163,-23.3893,-142.9008,13.7710
302616.8810,695962,17,-0.2556,-0.9114,1.0461,-15.4504,-147.2977,27.3435
302616.8810,695972,17,-0.2310,-0.8188,1.1731,-11.9847,-145.7863,41.8473
302616.8810,695982,17,-0.2178,-0.7102,1.2773,-11.8473,-141.2977,54.7023
302616.8810,695992,17,-0.2310,-0.5942,1.3706,-10.5649,-133.0076,60.3817
302616.8810,696002,17,-0.2800,-0.5232,1.3936,-13.7557,-121.8931,61.2366
302616.8810,696012,17,-0.3477,-0.4956,1.3726,-22.6412,-113.3893,60.9771
302616.8810,696022,17,-0.3853,-0.5300,1.3279,-34.6718,-112.2290,60.4122
302616.8810,696032,17,-0.3752,-0.6125,1.3142,-44.1527,-116.5802,59.8626
302616.8810,696042,17,-0.3408,-0.6794,1.3557,-47.2824,-121.7863,63.3130
302617.0024,696052,18,-0.2915,-0.6555,1.4485,-42.2290,-122.4275,71.3740
302617.0024,696062,18,-0.2651,-0.5613,1.5518,-33.8015,-116.8702,78.6107
302617.0024,696072,18,-0.2847,-0.4546,1.6084,-29.8015,-107.0687,84.3664
302617.0024,696082,18,-0.2598,-0.3816,1.6655,-29.6489,-98.8550,88.9466
302617.0024,696092,18,-0.2905,-0.3022,1.7002,-31.6031,-88.9008,88.9466
302617.0024,696102,18,-0.2749,-0.2725,1.7129,-39.0229,-79.5573,84.8397
302617.0024,696112,18,-0.2849,-0.3040,1.6938,-49.5878,-69.7863,79.9542
302617.0024,696122,18,-0.2749,-0.3831,1.6716,-58.2137,-62.2901,76.6107
302617.0024,696132,18,-0.2407,-0.4602,1.6746,-60.6260,-57.6641,76.9618
302617.0024,696142,18,-0.1956,-0.4976,1.6787,-57.2214,-52.1527,81.1298
302617.0623,696152,19,-0.1621,-0.4946,1.6614,-51.4351,-44.7481,87.1756
302617.0623,696162,19,-0.1592,-0.4712,1.6294,-46.9924,-37.8015,94.3359
302617.0623,696172,19,-0.1367,-0.4514,1.6018,-44.0000,-31.5878,101.5267
302617.0623,696182,19,-0.1484,-0.4211,1.5791,-40.5802,-26.0916,107.6336
302617.0623,696192,19,-0.1458,-0.3782,1.5720,-36.8855,-22.8092,114.5802
302617.0623,696202,19,-0.1328,-0.3308,1.5952,-32.0000,-19.3740,119.6794
302617.0623,696212,19,-0.1682,-0.2524,1.6084,-27.2519,-14.1679,124.0611
302617.0623,696222,19,-0.1746,-0.1841,1.6311,-24.3511,-9.3130,125.9542
302617.0623,696232,19,-0.1604,-0.1384,1.6619,-23.7557,-4.6412,125.5725
302617.0623,696242,19,-0.1414,-0.1208,1.6914,-25.0992,1.8779,125.3893
302617.1816,696252,20,-0.1145,-0.1406,1.6968,-25.7405,11.1908,125.6947
302617.1816,696262,20,-0.1304,-0.1360,1.6821,-21.6031,22.8855,125.6947
302617.1816,696272,20,-0.1494,-0.0742,1.6516,-16.6260,31.0229,125.8779
302617.1816,696282,20,-0.1428,-0.0374,1.6345,-16.2290,36.1832,126.8702
302617.1816,696292,20,-0.1228,-0.0005,1.6377,-15.6031,41.1450,125.9695
302617.1816,696302,20,-0.1384,0.0161,1.6101,-15.1298,48.2290,123.8015
302617.1816,696312,20,-0.1821,0.0342,1.5649,-15.0534,55.2977,121.6183
302617.1816,696322,20,-0.1990,0.0535,1.5562,-14.1221,58.9771,119.0687
302617.1816,696332,20,-0.1997,0.0618,1.5559,-12.7481,61.5878,117.0687
302617.1816,696342,20,-0.2024,0.0784,1.5564,-9.0992,65.9542,114.9160
302617.3012,696352,21,-0.2144,0.1270,1.5554,-4.5802,71.0229,113.1145
302617.3012,696362,21,-0.2139,0.1782,1.5554,-1.4046,76.3817,111.5420
302617.3012,696372,21,-0.2056,0.2380,1.5532,1.6489,82.4427,109.1603
302617.3012,696382,21,-0.2075,0.3015,1.5320,4.0611,88.7786,104.8397
302617.3012,696392,21,-0.2268,0.3389,1.4927,5.0534,95.8473,97.2214
302617.3012,696402,21,-0.2419,0.3564,1.4468,3.9847,101.4809,88.3511
302617.3012,696412,21,-0.2571,0.3362,1.3979,1.1145,104.4885,79.8321
302617.3012,696422,21,-0.2595,0.2925,1.3772,-1.2977,106.5802,73.2519
302617.3012,696432,21,-0.2507,0.2788,1.3647,0.6565,107.1908,67.7252
302617.3012,696442,21,-0.2271,0.2771,1.3674,3.5878,108.6870,63.9847
302617.3644,696452,22,-0.2046,0.2917,1.3430,7.6794,111.8626,60.6565
302617.3644,696462,22,-0.2317,0.2722,1.2783,11.4046,117.8473,55.5115
302617.3644,696472,22,-0.2549,0.2656,1.2097,14.8702,121.2519,52.4885
302617.3644,696482,22,-0.2598,0.2881,1.1738,18.7786,120.9618,50.5038
302617.3644,696492,22,-0.2642,0.3113,1.1533,22.7328,120.4275,47.3740
302617.3644,696502,22,-0.2732,0.3401,1.1296,26.0611,120.8702,43.7099
302617.3644,696512,22,-0.2822,0.3418,1.1030,28.1527,121.0992,38.6565
302617.3644,696522,22,-0.2817,0.3208,1.0762,29.9389,121.7710,33.6947
302617.3644,696532,22,-0.2893,0.2876,1.0513,31.4504,122.8092,29.6947
302617.3644,696542,22,-0.3103,0.2717,1.0271,34.4733,122.6412,27.6031
302617.4820,696552,23,-0.2979,0.2866,1.0266,40.1985,119.6489,26.6260
302617.4820,696562,23,-0.2664,0.2961,1.0200,47.3435,118.4885,24.0153
302617.4820,696572,23,-0.2715,0.3000,0.9810,53.0382,120.3817,20.5954
302617.4820,696582,23,-0.2866,0.3147,0.9336,57.1298,121.5878,18.5802
302617.4820,696592,23,-0.2888,0.3350,0.8953,61.4962,120.5344,15.6641
302617.4820,696602,23,-0.3000,0.3467,0.8513,65.0840,119.3130,11.7405
302617.4820,696612,23,-0.3064,0.3777,0.8037,67.5573,116.6107,7.9084
302617.4820,696622,23,-0.3110,0.4004,0.7605,68.3206,112.6718,1.8168
302617.4820,696632,23,-0.2991,0.3650,0.7231,66.6870,109.5115,-5.4351
302617.4820,696642,23,-0.2971,0.3462,0.6775,66.7176,107.5115,-11.4656
302617.6032,696652,24,-0.3054,0.2937,0.6094,65.6794,105.3130,-16.2748
302617.6032,696662,24,-0.2837,0.2473,0.5908,65.5115,102.8092,-19.0382
302617.6032,696672,24,-0.2827,0.2302,0.5654,69.1908,100.5344,-18.7939
302617.6032,696682,24,-0.2898,0.2495,0.5320,75.6336,98.2443,-19.0687
302617.6032,696692,24,-0.2979,0.2781,0.5020,80.4122,95.3588,-21.1908
302617.6032,696702,24,-0.3210,0.2883,0.4612,81.6336,93.8779,-24.7786
302617.6032,696712,24,-0.3496,0.2695,0.4082,80.0000,89.7557,-27.4962
302617.6032,696722,24,-0.3591,0.2715,0.3992,80.0153,83.9237,-30.6260
302617.6032,696732,24,-0.3760,0.2544,0.3716,79.5115,77.2519,-33.8779
302617.6032,696742,24,-0.3689,0.2380,0.3560,80.1527,70.9618,-38.0153
302617.6625,696752,25,-0.3638,0.2166,0.3613,80.9313,66.7481,-41.0840
302617.6625,696762,25,-0.3494,0.2222,0.3687,81.7252,62.7634,-41.5878
302617.6625,696772,25,-0.3379,0.2292,0.3542,83.3893,59.4046,-43.0229
302617.6625,696782,25,-0.3484,0.2192,0.3291,84.6260,58.0763,-47.4809
302617.6625,696792,25,-0.3760,0.2102,0.2849,85.0229,56.5496,-50.3664
302617.6625,696802,25,-0.3958,0.2273,0.2522,84.9008,52.8855,-51.9237
302617.6625,696812,25,-0.3994,0.2278,0.2273,83.9237,45.8168,-55.5420
302617.6625,696822,25,-0.3965,0.2080,0.2168,81.3435,39.0992,-61.0076
302617.6625,696832,25,-0.3987,0.1699,0.1985,76.7786,32.9924,-65.3130
302617.6625,696842,25,-0.4082,0.1357,0.1738,72.1527,26.5954,-67.9237
302617.7812,696852,26,-0.3953,0.0730,0.1753,70.7939,21.5267,-70.2901
302617.7812,696862,26,-0.4038,0.0479,0.1755,75.4809,19.0382,-73.2061
302617.7812,696872,26,-0.4219,0.0542,0.1501,78.9160,15.7557,-73.7405
302617.7812,696882,26,-0.4583,0.0393,0.1128,77.8015,11.0840,-73.0229
302617.7812,696892,26,-0.4658,0.0432,0.1023,78.3969,4.0611,-72.8855
302617.7812,696902,26,-0.4690,0.0317,0.1189,78.2901,-3.7557,-74.5344
302617.7812,696912,26,-0.4612,-0.0042,0.1372,76.8397,-11.4198,-77.4504
302617.7812,696922,26,-0.4648,-0.0835,0.1304,74.3664,-17.2519,-79.4962
302617.7812,696932,26,-0.4893,-0.1428,0.1284,74.0153,-22.1985,-80.0305
302617.7812,696942,26,-0.4722,-0.1812,0.1621,74.9313,-31.1756,-78.1374
302617.9023,696952,27,-0.4377,-0.1890,0.2310,76.5802,-39.8473,-74.1985
302617.9023,696962,27,-0.3889,-0.2117,0.2913,77.3130,-46.5649,-72.1374
302617.9023,696972,27,-0.3972,-0.2444,0.3130,77.4656,-46.1832,-70.5954
302617.9023,696982,27,-0.4348,-0.2651,0.2852,77.8931,-44.4275,-67.9084
302617.9023,696992,27,-0.4551,-0.2485,0.2917,78.6412,-48.1985,-63.4962
302617.9023,697002,27,-0.4426,-0.1914,0.3350,80.6565,-55.8473,-58.3817
302617.9023,697012,27,-0.4565,-0.1252,0.3665,81.6947,-59.5115,-58.5496
302617.9023,697022,27,-0.4883,-0.0789,0.3604,77.4962,-61.8473,-62.3511
302617.9023,697032,27,-0.5547,-0.1104,0.3079,66.3664,-65.4962,-67.6947
302617.9023,697042,27,-0.5605,-0.2080,0.2781,54.9160,-70.2901,-72.3969
302617.9610,697052,28,-0.5439,-0.2725,0.2944,50.5344,-75.1603,-74.2137
302617.9610,697062,28,-0.5063,-0.3164,0.3513,50.5038,-82.0763,-74.4885
302617.9610,697072,28,-0.4370,-0.3125,0.4551,51.9084,-88.3817,-74.8244
302617.9610,697082,28,-0.4226,-0.3113,0.5198,49.6794,-89.8473,-74.8092
302617.9610,697092,28,-0.4468,-0.3345,0.5217,42.9008,-86.6565,-75.2977
302617.9610,697102,28,-0.4561,-0.3821,0.5144,37.3588,-85.3435,-76.2443
302617.9610,697112,28,-0.4951,-0.4324,0.4800,34.3969,-84.1679,-78.0763
302617.9610,697122,28,-0.5181,-0.4604,0.4587,31.2061,-86.6565,-77.9389
302617.9610,697132,28,-0.5271,-0.4636,0.4749,27.7252,-92.8397,-76.2443
302617.9610,697142,28,-0.5115,-0.4531,0.5339,22.9466,-99.6794,-76.2137
302618.0811,697152,29,-0.4629,-0.4688,0.6025,15.9084,-106.3206,-78.1374
302618.0811,697162,29,-0.4277,-0.5259,0.6548,9.1756,-110.0305,-81.0382
302618.0811,697172,29,-0.3887,-0.5891,0.7073,3.8321,-110.6260,-82.3206
302618.0811,697182,29,-0.3474,-0.6418,0.7390,-0.3206,-108.9160,-80.6718
302618.0811,697192,29,-0.3760,-0.7261,0.7007,-3.3282,-103.6031,-78.8397
302618.0811,697202,29,-0.3975,-0.7812,0.6777,-3.8779,-100.8550,-75.1145
302618.0811,697212,29,-0.3987,-0.8252,0.6858,-3.5420,-103.3282,-68.8397
302618.0811,697222,29,-0.4075,-0.8503,0.7092,-3.8015,-106.0305,-61.9084
302618.0811,697232,29,-0.4141,-0.8601,0.7385,-5.1145,-108.5496,-54.4733
302618.0811,697242,29,-0.4268,-0.8748,0.7578,-8.3359,-110.1527,-46.3664
302618.2014,697252,30,-0.4241,-0.9116,0.7734,-11.9847,-110.7023,-37.6794
302618.2014,697262,30,-0.4106,-0.9165,0.8086,-11.6641,-111.4046,-27.6183
302618.2014,697272,30,-0.3816,-0.8723,0.8364,-8.0305,-112.4733,-18.6718
302618.2014,697282,30,-0.3560,-0.8462,0.8555,-4.8855,-113.0534,-11.2977
302618.2014,697292,30,-0.3149,-0.8152,0.8943,-3.3130,-114.1832,-4.8092
302618.2014,697302,30,-0.2927,-0.7969,0.9028,-5.0382,-114.2137,1.8931
302618.2014,697312,30,-0.2727,-0.7937,0.9128,-8.7634,-114.5649,8.0916
302618.2014,697322,30,-0.2576,-0.7749,0.9302,-11.2061,-115.9389,14.8550
302618.2014,697332,30,-0.2485,-0.7312,0.9529,-12.4580,-116.5954,21.7099
302618.2014,697342,30,-0.2957,-0.7131,0.9404,-15.1908,-115.3740,26.3969
302618.2627,697352,31,-0.3174,-0.7346,0.9158,-19.1908,-113.7557,31.6336
302618.2627,697362,31,-0.3169,-0.7539,0.9146,-20.1832,-116.7481,37.3588
302618.2627,697372,31,-0.3030,-0.7361,0.9507,-18.7176,-121.4046,43.7099
302618.2627,697382,31,-0.2854,-0.7126,0.9968,-18.3206,-125.8168,49.1756
302618.2627,697392,31,-0.3027,-0.6831,1.0425,-18.9160,-127.2824,55.3282
302618.2627,697402,31,-0.3086,-0.6514,1.1128,-20.0305,-127.6489,60.9008
302618.2627,697412,31,-0.3232,-0.6345,1.1875,-21.9542,-126.9618,65.2977
302618.2627,697422,31,-0.3374,-0.6013,1.2437,-21.3740,-123.9237,70.3664
302618.2627,697432,31,-0.3398,-0.5671,1.3047,-20.4122,-121.7099,72.0000
302618.2627,697442,31,-0.3157,-0.5750,1.3745,-23.4046,-120.5191,72.4122
302618.3842,697452,32,-0.3059,-0.5911,1.4426,-25.9695,-116.9160,73.7863
302618.3842,697462,32,-0.3008,-0.5991,1.5217,-27.6489,-111.9237,77.0382
302618.3842,697472,32,-0.3020,-0.5615,1.5989,-28.5802,-105.8931,83.0382
302618.3842,697482,32,-0.3186,-0.4851,1.6472,-28.9618,-96.6870,88.4733
302618.3842,697492,32,-0.3545,-0.3936,1.6792,-29.8015,-87.3588,89.0076
302618.3842,697502,32,-0.3799,-0.3555,1.6733,-35.9237,-77.9237,86.0611
302618.3842,697512,32,-0.4165,-0.3835,1.6396,-45.6641,-70.4733,80.8550
302618.3842,697522,32,-0.4048,-0.4583,1.6128,-54.3817,-66.5038,76.9466
302618.3842,697532,32,-0.3813,-0.5569,1.6177,-59.9389,-63.8626,76.1374
302618.3842,697542,32,-0.3445,-0.6270,1.6233,-60.3817,-59.6641,80.8397
302618.5020,697552,33,-0.2913,-0.6575,1.6445,-54.9466,-54.2443,86.8855
302618.5020,697562,33,-0.2651,-0.6458,1.6448,-48.0916,-47.2214,93.7863
302618.5020,697572,33,-0.2292,-0.6453,1.6335,-43.4351,-40.6412,102.5344
302618.5020,697582,33,-0.2129,-0.6006,1.6326,-38.2443,-34.5191,111.8015
302618.5020,697592,33,-0.1877,-0.5237,1.6191,-33.4962,-28.4275,121.3435
302618.5020,697602,33,-0.1863,-0.4382,1.6013,-29.1298,-20.9466,126.8855
302618.5020,697612,33,-0.2065,-0.3450,1.5757,-25.5420,-13.3588,131.1145
302618.5020,697622,33,-0.2156,-0.2578,1.5459,-23.0534,-5.9084,133.3893
302618.5020,697632,33,-0.2410,-0.1785,1.5193,-22.1985,1.3588,132.2290
302618.5020,697642,33,-0.2678,-0.1423,1.4819,-24.2137,6.7481,129.6947
302618.5625,697652,34,-0.2832,-0.1248,1.4707,-25.9695,10.0000,126.1069
302618.5625,697662,34,-0.2922,-0.1208,1.4778,-26.5802,12.3817,122.3053
302618.5625,697672,34,-0.2830,-0.1289,1.4905,-26.2137,15.2214,120.2901
302618.5625,697682,34,-0.2756,-0.1208,1.5161,-23.4046,19.9389,119.5420
302618.5625,697692,34,-0.2610,-0.0610,1.5615,-18.1527,24.5954,119.0229
302618.5625,697702,34,-0.2463,0.0261,1.5996,-14.2290,31.8779,117.3435
302618.5625,697712,34,-0.2444,0.0798,1.5989,-15.5420,41.1298,113.1756
302618.5625,697722,34,-0.2571,0.0967,1.5720,-18.4733,50.8244,106.4580
302618.5625,697732,34,-0.2913,0.0950,1.5164,-20.5038,58.8855,98.6718
302618.5625,697742,34,-0.3110,0.0691,1.4604,-23.0992,64.0763,93.2061
302618.6826,697752,35,-0.3269,0.0400,1.4126,-22.3511,67.4962,89.4809
302618.6826,697762,35,-0.3315,0.0627,1.3972,-16.9160,69.7099,87.4656
302618.6826,697772,35,-0.3335,0.1118,1.3999,-11.3893,70.5496,85.4962
302618.6826,697782,35,-0.3220,0.1404,1.4026,-8.0000,71.8015,82.5038
302618.6826,697792,35,-0.3076,0.1770,1.4106,-4.6260,74.5038,78.7786
302618.6826,697802,35,-0.2759,0.1780,1.4119,-1.8931,77.7863,74.0000
302618.6826,697812,35,-0.2554,0.1860,1.3987,1.4809,83.3130,68.7176
302618.6826,697822,35,-0.2324,0.1978,1.3853,3.7710,88.8092,64.6412
302618.6826,697832,35,-0.2275,0.1953,1.3479,3.5725,96.3359,61.2824
302618.6826,697842,35,-0.2605,0.1853,1.2771,3.9237,102.6718,57.6336
302618.8014,697852,36,-0.2766,0.1785,1.2200,5.8015,104.9160,54.6718
302618.8014,697862,36,-0.2844,0.1736,1.1797,9.1756,105.0382,51.8626
302618.8014,697872,36,-0.2898,0.1863,1.1492,13.5878,104.4427,49.5573
302618.8014,697882,36,-0.3003,0.1848,1.1023,18.3817,104.7481,47.4504
302618.8014,697892,36,-0.3164,0.2168,1.0750,25.1450,104.4733,45.1145
302618.8014,697902,36,-0.3267,0.2529,1.0430,30.7786,102.6565,42.8244
302618.8014,697912,36,-0.3196,0.2727,1.0132,35.3740,100.4122,38.5191
302618.8014,697922,36,-0.2935,0.2888,0.9897,40.3511,98.2137,33.1450
302618.8014,697932,36,-0.3020,0.3125,0.9595,43.6031,99.5573,27.2061
302618.8014,697942,36,-0.2891,0.3171,0.9436,41.8626,100.9313,21.8015
302618.9204,697952,37,-0.2964,0.2883,0.9050,38.4275,102.7481,17.1145
302618.9204,697962,37,-0.3201,0.2632,0.8574,39.0382,101.9237,12.1832
302618.9204,697972,37,-0.3237,0.2141,0.8303,41.5115,98.2137,8.1527
302618.9204,697982,37,-0.3206,0.1790,0.8303,47.4198,95.7710,5.8779
302618.9204,697992,37,-0.3313,0.1914,0.8230,55.3435,94.5191,4.9313
302618.9204,698002,37,-0.3472,0.2139,0.8083,60.6412,94.0916,4.0458
302618.9204,698012,37,-0.3550,0.2485,0.7725,64.0916,93.4504,1.3893
302618.9204,698022,37,-0.3608,0.2515,0.7539,66.4885,93.9847,-3.1908
302618.9204,698032,37,-0.3806,0.2195,0.7048,67.1145,94.9313,-9.7710
302618.9204,698042,37,-0.4067,0.2139,0.6619,68.3664,94.3206,-13.9695
302618.9817,698052,38,-0.4077,0.1919,0.6199,68.0916,90.0458,-16.4733
302618.9817,698062,38,-0.3872,0.1670,0.6104,70.0916,87.1450,-20.2290
302618.9817,698072,38,-0.4114,0.1531,0.5784,74.4733,85.9847,-24.4427
302618.9817,698082,38,-0.4182,0.1494,0.5518,77.4656,82.0458,-27.4504
302618.9817,698092,38,-0.4268,0.1243,0.5242,77.2977,77.4504,-30.2595
302618.9817,698102,38,-0.4087,0.0898,0.5166,77.4504,72.6412,-32.3053
302618.9817,698112,38,-0.3926,0.0581,0.5146,79.6947,68.6870,-33.1450
302618.9817,698122,38,-0.3877,0.0464,0.4954,83.2366,66.9008,-33.2061
302618.9817,698132,38,-0.4026,0.0613,0.4817,87.9847,65.8931,-32.3969
302618.9817,698142,38,-0.3992,0.0974,0.4678,91.7557,64.3511,-31.4504
302619.1017,698152,39,-0.4199,0.1350,0.4431,93.7863,63.7863,-31.8779
302619.1017,698162,39,-0.4316,0.1704,0.4197,94.3053,61.4656,-35.2672
302619.1017,698172,39,-0.4370,0.1665,0.3833,91.8779,56.8550,-40.3817
302619.1017,698182,39,-0.4197,0.1265,0.3628,87.2061,51.2824,-45.5267
302619.1017,698192,39,-0.4116,0.0691,0.3455,84.4275,46.0916,-48.5802
302619.1017,698202,39,-0.3760,0.0232,0.3523,85.3435,41.6183,-50.7939
302619.1017,698212,39,-0.3862,0.0293,0.3394,88.9466,40.9313,-50.8550
302619.1017,698222,39,-0.4170,0.0449,0.3005,90.1985,39.1450,-51.0687
302619.1017,698232,39,-0.4482,0.0510,0.2754,88.6718,35.5573,-51.6031
302619.1017,698242,39,-0.4690,0.0706,0.2458,88.1832,30.5802,-52.7328
302619.1630,698252,40,-0.4902,0.0640,0.2224,87.0229,24.0000,-56.5649
302619.1630,698262,40,-0.4795,0.0327,0.2197,84.7939,17.1756,-60.5191
302619.1630,698272,40,-0.4775,-0.0139,0.2078,83.2519,10.6718,-62.6107
302619.1630,698282,40,-0.4456,-0.0496,0.2258,84.0611,2.9008,-63.8931
302619.1630,698292,40,-0.4136,-0.0789,0.2444,85.8779,-1.8626,-64.1985
302619.1630,698302,40,-0.4314,-0.0669,0.2354,87.4656,-3.2824,-63.4656
302619.1630,698312,40,-0.4458,-0.0564,0.2239,85.2519,-6.5649,-62.6870
302619.1630,698322,40,-0.4373,-0.0793,0.2192,82.1832,-11.0076,-63.8321
302619.1630,698332,40,-0.4680,-0.1064,0.1917,80.6260,-13.4962,-66.9924
302619.1630,698342,40,-0.4946,-0.1519,0.1770,77.6336,-18.5496,-69.1298
302619.2830,698352,41,-0.5049,-0.1946,0.1714,74.6412,-26.1527,-70.9160
302619.2830,698362,41,-0.4878,-0.2373,0.1951,72.8397,-35.1145,-72.8855
302619.2830,698372,41,-0.4814,-0.2683,0.2161,70.4733,-44.4733,-73.8473
302619.2830,698382,41,-0.4763,-0.3154,0.2300,66.3206,-53.1756,-73.4809
302619.2830,698392,41,-0.4463,-0.3633,0.2668,62.8550,-60.4122,-73.0840
302619.2830,698402,41,-0.3784,-0.4285,0.3291,60.6870,-66.2901,-71.7710
302619.2830,698412,41,-0.3655,-0.4785,0.3557,59.0687,-65.6183,-67.7099
302619.2830,698422,41,-0.3677,-0.5054,0.3679,58.6107,-65.2519,-62.5649
302619.2830,698432,41,-0.3833,-0.5039,0.3811,59.9542,-66.5802,-57.2214
302619.2830,698442,41,-0.3867,-0.4695,0.3984,61.2824,-69.2214,-52.4275
302619.4023,698452,42,-0.3796,-0.4402,0.4260,60.5038,-71.2977,-49.2672
302619.4023,698462,42,-0.4233,-0.4099,0.4060,56.7634,-69.8168,-46.4275
302619.4023,698472,42,-0.4844,-0.3877,0.3650,50.7328,-71.7557,-45.7710
302619.4023,698482,42,-0.4832,-0.3899,0.3472,43.6336,-80.1221,-45.5573
302619.4023,698492,42,-0.4646,-0.3772,0.3748,37.7099,-88.8244,-46.1374
302619.4023,698502,42,-0.4463,-0.3921,0.3933,29.1756,-95.3282,-46.8702
302619.4023,698512,42,-0.4319,-0.4355,0.4084,20.6107,-101.1908,-47.8473
302619.4023,698522,42,-0.4485,-0.5269,0.4219,15.3130,-106.9924,-48.9466
302619.4023,698532,42,-0.4700,-0.5881,0.4434,13.2977,-110.8092,-47.4809
302619.4023,698542,42,-0.4402,-0.6348,0.5181,11.9237,-116.8702,-43.0687
302619.4629,698552,43,-0.3894,-0.6367,0.6011,13.0382,-120.6565,-36.4580
302619.4629,698562,43,-0.3594,-0.5818,0.6804,15.2214,-122.5038,-31.0992
302619.4629,698572,43,-0.3315,-0.5137,0.7517,13.9237,-124.9618,-27.4198
302619.4629,698582,43,-0.3191,-0.4460,0.8013,7.0382,-125.5115,-25.7863
302619.4629,698592,43,-0.3428,-0.4448,0.7979,-5.3740,-123.0229,-27.0534
302619.4629,698602,43,-0.3894,-0.5127,0.7388,-17.5267,-119.5420,-29.0687
302619.4629,698612,43,-0.4536,-0.6150,0.6648,-24.6870,-117.7710,-30.7176
302619.4629,698622,43,-0.4919,-0.7246,0.6311,-26.4580,-121.1908,-28.7023
302619.4629,698632,43,-0.4563,-0.7566,0.6831,-21.0229,-131.4962,-21.3893
302619.4629,698642,43,-0.3723,-0.7288,0.8113,-12.0000,-142.0763,-13.8473
302619.5841,698652,44,-0.3035,-0.6545,0.9626,-6.3053,-147.1603,-7.8015
302619.5841,698662,44,-0.2651,-0.6228,1.0596,-9.0076,-147.2824,-2.3359
302619.5841,698672,44,-0.2810,-0.5903,1.1064,-14.5344,-142.7939,0.8397
302619.5841,698682,44,-0.3088,-0.6128,1.1240,-21.2824,-139.5725,1.9695
302619.5841,698692,44,-0.3376,-0.6877,1.1265,-27.6183,-135.5725,2.1679
302619.5841,698702,44,-0.3440,-0.7986,1.1016,-32.1069,-131.7099,5.2214
302619.5841,698712,44,-0.3257,-0.8909,1.0989,-31.9847,-131.6336,11.7252
302619.5841,698722,44,-0.2932,-0.9226,1.1494,-28.2595,-132.9313,21.1756
302619.5841,698732,44,-0.2341,-0.8855,1.2461,-22.9313,-133.8626,35.0687
302619.5841,698742,44,-0.2085,-0.7783,1.3245,-18.0763,-131.6183,47.9542
302619.7020,698752,45,-0.2236,-0.6951,1.3713,-18.1069,-125.2977,55.1298
302619.7020,698762,45,-0.2756,-0.6570,1.3806,-22.3969,-117.7099,60.9771
302619.7020,698772,45,-0.2781,-0.6187,1.4138,-26.7939,-113.2061,66.5954
302619.7020,698782,45,-0.2549,-0.6047,1.4556,-29.7252,-110.5802,68.9924
302619.7020,698792,45,-0.2642,-0.6226,1.4648,-32.8702,-105.7252,69.9847
302619.7020,698802,45,-0.2742,-0.6399,1.4712,-35.8626,-101.4656,73.1298
302619.7020,698812,45,-0.2339,-0.6326,1.5217,-37.0992,-100.5344,78.2901
302619.7020,698822,45,-0.2026,-0.5977,1.5920,-37.6641,-97.4656,84.5802
302619.7020,698832,45,-0.1973,-0.5308,1.6292,-37.4962,-89.4656,91.7252
302619.7020,698842,45,-0.2175,-0.4539,1.6370,-37.2519,-80.3359,96.8550
302619.7617,698852,46,-0.2439,-0.3787,1.6233,-38.9008,-71.5573,100.5191
302619.7617,698862,46,-0.2825,-0.2808,1.6392,-40.6260,-64.0611,100.0458
302619.7617,698872,46,-0.3018,-0.1965,1.6699,-46.8397,-59.3893,98.4733
302619.7617,698882,46,-0.2915,-0.1255,1.6934,-56.4885,-54.7328,94.4580
302619.7617,698892,46,-0.2688,-0.1008,1.6887,-67.4504,-47.2519,85.6489
302619.7617,698902,46,-0.2905,-0.1917,1.6265,-78.5649,-37.0840,73.8779
302619.7617,698912,46,-0.3037,-0.3430,1.5244,-85.2061,-28.8244,66.7786
302619.7617,698922,46,-0.3164,-0.4673,1.4644,-84.1985,-25.6031,66.7176
302619.7617,698932,46,-0.3047,-0.5544,1.4497,-77.8168,-25.9847,71.7099
302619.7617,698942,46,-0.2571,-0.5881,1.4875,-68.1374,-25.4656,80.0458
302619.8824,698952,47,-0.2278,-0.5728,1.5366,-58.5038,-23.0992,89.9084
302619.8824,698962,47,-0.2156,-0.4937,1.5840,-49.8626,-18.5496,101.1756
302619.8824,698972,47,-0.1877,-0.4006,1.6265,-43.0992,-12.4122,109.0229
302619.8824,698982,47,-0.1814,-0.3152,1.6299,-38.9771,-3.8473,111.2366
302619.8824,698992,47,-0.1934,-0.2798,1.5935,-38.7939,4.7176,111.0076
302619.8824,699002,47,-0.1919,-0.2747,1.5562,-39.6794,10.7023,109.6489
302619.8824,699012,47,-0.1892,-0.2859,1.5107,-40.1374,16.3053,108.7023
302619.8824,699022,47,-0.1902,-0.3247,1.4563,-39.0534,21.5725,109.4809
302619.8824,699032,47,-0.2031,-0.3210,1.4475,-32.8702,24.4580,112.6870
302619.8824,699042,47,-0.2002,-0.2268,1.4785,-24.0153,26.1832,117.2519
302620.0016,699052,48,-0.1917,-0.1077,1.5188,-18.0000,30.0611,119.6641
302620.0016,699062,48,-0.1753,-0.0449,1.5327,-16.9771,36.1221,117.2672
302620.0016,699072,48,-0.2263,-0.0037,1.5046,-19.8626,44.7176,113.7252
302620.0016,699082,48,-0.2664,0.0261,1.4558,-22.8855,51.4046,108.9618
302620.0016,699092,48,-0.2649,-0.0046,1.4160,-24.9771,54.6565,100.9160
302620.0016,699102,48,-0.2507,-0.0420,1.3948,-25.2519,57.4962,95.2061
302620.0016,699112,48,-0.2529,-0.0664,1.3645,-24.7023,60.5954,93.3282
302620.0016,699122,48,-0.2493,-0.0674,1.3401,-22.7328,63.0382,93.3282
302620.0016,699132,48,-0.2371,-0.0701,1.3303,-18.3969,65.6947,93.0992
302620.0016,699142,48,-0.2388,-0.0300,1.3245,-11.2061,69.7252,92.8092
302620.1210,699152,49,-0.2537,0.0327,1.3167,-5.1298,73.4504,92.3511
302620.1210,699162,49,-0.2637,0.0972,1.3044,-1.5725,77.3740,89.4962
302620.1210,699172,49,-0.2710,0.1313,1.2896,-1.7099,81.4962,83.7557
302620.1210,699182,49,-0.2888,0.1379,1.2512,-4.9618,85.2519,78.6412
302620.1210,699192,49,-0.3164,0.0974,1.2092,-7.8168,87.5573,73.4046
302620.1210,699202,49,-0.3303,0.0471,1.1807,-6.0305,88.4733,68.0611
302620.1210,699212,49,-0.3320,0.0422,1.1699,-0.5496,88.1069,65.8779
302620.1210,699222,49,-0.3274,0.0764,1.1726,5.2366,87.7099,65.8473
302620.1210,699232,49,-0.3171,0.1257,1.1797,10.4427,88.5802,63.6794
302620.1210,699242,49,-0.3008,0.1619,1.1731,14.5344,90.7328,59.1756
302620.3011,699252,50,-0.2883,0.1860,1.1545,16.8397,93.5420,54.2137
302620.3011,699262,50,-0.2932,0.1841,1.1204,17.5267,98.6870,48.4122
302620.3011,699272,50,-0.3142,0.1819,1.0615,17.8473,103.0992,43.3740
302620.3011,699282,50,-0.3142,0.1694,1.0107,18.6107,103.5267,38.7481
302620.3011,699292,50,-0.3044,0.1768,0.9861,20.5038,102.4885,34.3359
302620.3011,699302,50,-0.2942,0.2031,0.9741,22.3664,101.0992,30.9008
302620.3011,699312,50,-0.3044,0.2236,0.9443,22.7634,101.2977,27.0687
302620.3011,699322,50,-0.3276,0.2241,0.9204,22.4885,102.5344,22.5038
302620.3011,699332,50,-0.3376,0.2476,0.8821,23.6641,103.1450,18.4122
302620.3011,699342,50,-0.3403,0.2615,0.8374,23.1908,104.6565,13.1603
302620.3030,699352,51,-0.3364,0.2515,0.7866,20.9008,105.6947,6.3664
302620.3030,699362,51,-0.3542,0.2097,0.7146,19.2214,107.4046,-1.4809
302620.3030,699372,51,-0.3926,0.1174,0.6169,18.3664,107.2977,-7.8779
302620.3030,699382,51,-0.4319,0.0544,0.5464,22.1832,104.2290,-11.4809
302620.3030,699392,51,-0.4541,0.0127,0.5068,28.0763,96.8397,-12.7023
302620.3030,699402,51,-0.4431,-0.0042,0.5386,41.1450,81.0840,-11.3893
302620.3030,699412,51,-0.4431,-0.0042,0.5386,41.1450,81.0840,-11.3893
302620.3030,699422,51,-0.4265,0.0500,0.5854,47.9389,76.1221,-10.2443
302620.3030,699432,51,-0.4106,0.0686,0.6045,50.0153,73.7557,-12.9008
302620.3030,699442,51,-0.4263,0.0623,0.6072,50.3664,75.9389,-16.7023
302620.3615,699452,52,-0.4534,0.0508,0.5759,50.4885,77.9084,-20.6870
302620.3615,699462,52,-0.4756,0.0249,0.5391,49.6641,78.4885,-23.8626
302620.3615,699472,52,-0.4795,0.0120,0.5115,49.3282,77.2061,-25.6641
302620.3615,699482,52,-0.4780,-0.0105,0.4736,49.9542,74.3664,-28.2443
302620.3615,699492,52,-0.4771,-0.0261,0.4536,51.6947,70.7481,-31.8168
302620.3615,699502,52,-0.4751,-0.0544,0.4216,51.2061,66.0153,-34.7176
302620.3615,699512,52,-0.4775,-0.1030,0.3899,49.7863,61.5573,-36.4275
302620.3615,699522,52,-0.4753,-0.1538,0.3689,50.4122,57.0382,-36.3511
302620.3615,699532,52,-0.4702,-0.1633,0.3564,53.8015,52.7634,-34.2290
302620.3615,699542,52,-0.4475,-0.1555,0.3459,57.6336,49.7252,-30.6718
302620.4828,699552,53,-0.4768,-0.1289,0.3154,60.3664,49.0382,-27.6336
302620.4828,699562,53,-0.5181,-0.0820,0.2783,62.3053,48.0153,-26.3817
302620.4828,699572,53,-0.5505,-0.0496,0.2427,62.9924,44.9313,-27.8779
302620.4828,699582,53,-0.5737,-0.0659,0.1882,61.2366,39.5267,-31.3893
302620.4828,699592,53,-0.5964,-0.0872,0.1614,58.9160,32.5649,-34.9008
302620.4828,699602,53,-0.5757,-0.1208,0.1636,57.2214,22.8702,-37.7099
302620.4828,699612,53,-0.5620,-0.1670,0.1838,57.1145,15.9389,-39.0229
302620.4828,699622,53,-0.5820,-0.1772,0.1841,58.6107,12.6260,-38.7939
302620.4828,699632,53,-0.5894,-0.1895,0.2026,57.8931,7.2824,-37.9847
302620.4828,699642,53,-0.5850,-0.2075,0.2285,57.1450,1.2061,-37.6794
302620.6017,699652,54,-0.5872,-0.2373,0.2473,56.0000,-2.8855,-37.7863
302620.6017,699662,54,-0.6040,-0.2754,0.2473,54.7023,-5.8779,-36.6107
302620.6017,699672,54,-0.6213,-0.2915,0.2461,55.9084,-8.7328,-34.7023
302620.6017,699682,54,-0.6316,-0.3074,0.2529,56.4275,-12.5649,-32.6107
302620.6017,699692,54,-0.6479,-0.2861,0.2512,58.3511,-17.2824,-29.8015
302620.6017,699702,54,-0.6606,-0.2478,0.2844,58.7939,-23.6183,-27.8015
302620.6017,699712,54,-0.6443,-0.2197,0.3208,56.6107,-30.2748,-27.3130
302620.6017,699722,54,-0.6294,-0.2229,0.3569,52.8550,-34.3969,-28.9313
302620.6017,699732,54,-0.6155,-0.2559,0.3799,48.1679,-37.0687,-31.1145
302620.6017,699742,54,-0.6128,-0.2891,0.4011,44.2290,-38.6565,-31.3588
302620.6623,699752,55,-0.6011,-0.3047,0.4282,41.2366,-39.9084,-29.9084
302620.6623,699762,55,-0.5930,-0.3320,0.4480,38.6870,-40.0000,-28.3817
302620.6623,699772,55,-0.5920,-0.3350,0.4646,39.6489,-38.9008,-26.8855
302620.6623,699782,55,-0.6096,-0.3142,0.4705,39.8015,-37.9695,-25.6183
302620.6623,699792,55,-0.6292,-0.3176,0.4622,36.0000,-38.2290,-24.0611
302620.6623,699802,55,-0.6460,-0.3130,0.4705,32.9771,-40.3359,-22.8397
302620.6623,699812,55,-0.6470,-0.3215,0.4773,30.6565,-43.4504,-21.9084
302620.6623,699822,55,-0.6477,-0.3257,0.5010,28.0458,-44.9924,-20.4885
302620.6623,699832,55,-0.6399,-0.3337,0.5073,25.8626,-46.3664,-18.1221
302620.6623,699842,55,-0.6440,-0.3262,0.5144,25.0534,-46.9924,-16.5038
302620.7822,699852,56,-0.6355,-0.3247,0.5383,23.8626,-49.5420,-14.8855
302620.7822,699862,56,-0.6335,-0.2991,0.5630,22.8550,-49.5267,-12.7939
302620.7822,699872,56,-0.6621,-0.2935,0.5488,20.4122,-48.3511,-11.5420
302620.7822,699882,56,-0.6953,-0.3169,0.5315,18.4733,-49.0840,-11.7405
302620.7822,699892,56,-0.7300,-0.3132,0.5339,19.2061,-50.5344,-10.5802
302620.7822,699902,56,-0.7605,-0.2993,0.5605,19.4962,-53.0534,-7.6641
302620.7822,699912,56,-0.7900,-0.2705,0.6030,20.1832,-56.4427,-6.1832
302620.7822,699922,56,-0.8105,-0.2339,0.6619,20.5649,-60.4122,-6.6412
302620.7822,699932,56,-0.8232,-0.2178,0.7371,17.0534,-64.1221,-6.9160
302620.7822,699942,56,-0.8130,-0.2229,0.8328,12.9924,-66.4733,-6.7786
302620.9017,699952,57,-0.7935,-0.2358,0.9448,12.6260,-64.6412,-6.9924
302620.9017,699962,57,-0.8030,-0.2212,1.0273,13.2672,-58.2748,-6.8397
302620.9017,699972,57,-0.8113,-0.2156,1.0916,12.0000,-50.9008,-4.7786
302620.9017,699982,57,-0.8477,-0.1929,1.1174,11.5115,-42.8855,-4.1832
302620.9017,699992,57,-0.8630,-0.1741,1.1243,10.2901,-37.1756,-5.2519
302620.9017,700002,57,-0.8792,-0.1587,1.1169,6.6412,-32.9466,-6.7634
302620.9017,700012,57,-0.8840,-0.1790,1.1064,0.3359,-30.0305,-7.8168
302620.9017,700022,57,-0.8584,-0.1914,1.1096,-3.4504,-27.5420,-8.4427
302620.9017,700032,57,-0.8342,-0.2053,1.1111,-5.0382,-23.2366,-9.0382
302620.9017,700042,57,-0.8157,-0.2273,1.0774,-6.3359,-17.5115,-8.3969
302620.9622,700052,58,-0.8071,-0.2285,1.0469,-4.9160,-12.3511,-7.1908
302620.9622,700062,58,-0.7881,-0.2107,1.0388,-3.5573,-7.9084,-5.1145
302620.9622,700072,58,-0.7690,-0.1865,1.0171,-2.9924,-2.6565,-3.1450
302620.9622,700082,58,-0.7661,-0.1729,0.9753,-3.1145,2.9618,-2.2748
302620.9622,700092,58,-0.7712,-0.1614,0.9185,-3.7099,6.2443,-1.9695
302620.9622,700102,58,-0.7522,-0.1548,0.8777,-4.1069,7.0229,-1.4351
302620.9622,700112,58,-0.7383,-0.1538,0.8408,-4.7939,7.3740,-1.2672
302620.9622,700122,58,-0.7275,-0.1531,0.8047,-5.3130,7.7099,-0.8855
302620.9622,700132,58,-0.7227,-0.1521,0.7795,-5.5878,6.9924,-0.3359
302620.9622,700142,58,-0.6868,-0.1614,0.7852,-5.2519,5.6947,0.1985
302621.0827,700152,59,-0.6545,-0.1543,0.7871,-3.5573,6.7481,1.0534
302621.0827,700162,59,-0.6594,-0.1562,0.7690,-2.7634,9.4504,2.5191
302621.0827,700172,59,-0.6633,-0.1465,0.7444,-1.1298,10.5954,3.8779
302621.0827,700182,59,-0.6638,-0.1304,0.7354,0.4275,10.1985,4.2137
302621.0827,700192,59,-0.6538,-0.1208,0.7285,0.0458,9.0382,4.5344
302621.0827,700202,59,-0.6384,-0.1211,0.7246,-1.1450,7.6947,4.5344
302621.0827,700212,59,-0.6370,-0.1284,0.7219,-2.1374,7.4809,4.4580
302621.0827,700222,59,-0.6479,-0.1245,0.6982,-2.6565,6.9008,4.9771
302621.0827,700232,59,-0.6562,-0.1121,0.6855,-2.2290,5.2214,5.2214
302621.0827,700242,59,-0.6584,-0.0991,0.6836,-1.5878,3.3282,4.8244
302621.2010,700252,60,-0.6538,-0.0933,0.6978,-1.6641,0.3359,3.3435
302621.2010,700262,60,-0.6353,-0.1006,0.7170,-1.1298,0.1221,2.7328
302621.2010,700272,60,-0.6338,-0.1033,0.7356,0.5802,2.3359,2.5802
302621.2010,700282,60,-0.6592,-0.0896,0.7229,2.1985,4.4275,2.6412
302621.2010,700292,60,-0.6692,-0.0725,0.7222,1.9389,3.2672,2.8397
302621.2010,700302,60,-0.6667,-0.0635,0.7341,0.9313,1.3435,2.1679
302621.2010,700312,60,-0.6663,-0.0674,0.7366,-0.8244,0.0305,0.6107
302621.2010,700322,60,-0.6655,-0.0896,0.7268,-3.0992,-1.0229,-1.0382
302621.2010,700332,60,-0.6553,-0.1184,0.7253,-3.8321,-1.9084,-1.8931
302621.2010,700342,60,-0.6450,-0.1277,0.7356,-3.1756,-2.2443,-1.6336
302621.2625,700352,61,-0.6528,-0.1404,0.7346,-2.5649,-1.5878,-0.9313
302621.2625,700362,61,-0.6545,-0.1355,0.7388,-1.0687,-1.6947,-0.0611
302621.2625,700372,61,-0.6396,-0.1135,0.7642,0.8550,-1.5267,0.6718
302621.2625,700382,61,-0.6514,-0.0923,0.7598,0.7634,0.2137,0.8702
302621.2625,700392,61,-0.6653,-0.0942,0.7346,-0.2290,1.4351,0.1527
302621.2625,700402,61,-0.6592,-0.1018,0.7358,-0.8550,0.6870,-0.5954
302621.2625,700412,61,-0.6492,-0.1182,0.7319,-1.0229,0.7023,-1.2214
302621.2625,700422,61,-0.6743,-0.1228,0.7180,-0.8244,1.6183,-1.4504
302621.2625,700432,61,-0.6855,-0.1226,0.7000,-1.2519,0.0153,-0.4733
302621.2625,700442,61,-0.6672,-0.1272,0.7114,-0.8092,-2.8397,-0.2748
302621.3824,700452,62,-0.6460,-0.1284,0.7346,0.9924,-4.3053,-0.4427
302621.3824,700462,62,-0.6338,-0.1279,0.7454,2.1832,-2.9618,-0.5038
302621.3824,700472,62,-0.6631,-0.1418,0.7153,1.0382,-0.6107,0.2748
302621.3824,700482,62,-0.6802,-0.1436,0.6995,0.9466,-1.2061,1.6336
302621.3824,700492,62,-0.6685,-0.1362,0.7097,2.4733,-3.5420,2.4580
302621.3824,700502,62,-0.6714,-0.1235,0.7249,3.5878,-4.4885,2.8550
302621.3824,700512,62,-0.6787,-0.0986,0.7354,3.8015,-4.9313,3.4046
302621.3824,700522,62,-0.6750,-0.0798,0.7446,2.8855,-5.8168,2.9008
302621.3824,700532,62,-0.6536,-0.0925,0.7554,1.2061,-5.5878,1.4809
302621.3824,700542,62,-0.6658,-0.1106,0.7493,0.4122,-3.4046,0.2290
302621.5018,700552,63,-0.6846,-0.1260,0.7256,0.1069,-2.5954,0.1679
302621.5018,700562,63,-0.6853,-0.1238,0.7234,0.3664,-3.9237,0.4427
302621.5018,700572,63,-0.6775,-0.1157,0.7327,1.1298,-5.6183,0.5802
302621.5018,700582,63,-0.6650,-0.1111,0.7498,1.3740,-6.5496,0.3206
302621.5018,700592,63,-0.6484,-0.1296,0.7632,1.2214,-5.7405,-0.1069
302621.5018,700602,63,-0.6655,-0.1367,0.7534,1.7252,-3.3893,0.1832
302621.5018,700612,63,-0.6753,-0.1399,0.7378,2.3511,-2.7176,1.3130
302621.5018,700622,63,-0.6741,-0.1306,0.7393,3.1450,-2.9618,1.9542
302621.5018,700632,63,-0.6687,-0.1260,0.7402,3.1450,-3.3435,2.2443
302621.5018,700642,63,-0.6733,-0.1204,0.7434,3.1908,-3.3893,2.1221
302621.6219,700652,64,-0.6628,-0.1064,0.7566,2.3664,-2.7328,2.1985
302621.6219,700662,64,-0.6775,-0.1030,0.7446,0.5496,-1.3282,1.7252
302621.6219,700672,64,-0.6833,-0.1140,0.7295,-0.3664,-1.5573,0.7023
302621.6219,700682,64,-0.6782,-0.1152,0.7349,-0.3511,-2.7328,-0.0916
302621.6219,700692,64,-0.6614,-0.1182,0.7483,-0.6412,-3.0534,-0.4275
302621.6219,700702,64,-0.6697,-0.1230,0.7434,-1.5725,-1.9847,-0.4122
302621.6219,700712,64,-0.6689,-0.1270,0.7368,-2.1221,-1.8473,-0.0458
302621.6219,700722,64,-0.6667,-0.1328,0.7358,-1.8168,-2.3053,-0.2595
302621.6219,700732,64,-0.6548,-0.1404,0.7437,-1.3282,-2.2443,-0.1985
302621.6219,700742,64,-0.6545,-0.1396,0.7488,-0.3817,-0.9924,0.1679
302621.6832,700752,65,-0.6694,-0.1287,0.7310,-0.0916,-0.1374,0.3817
302621.6832,700762,65,-0.6748,-0.1233,0.7229,-0.6260,-1.1145,0.7481
302621.6832,700772,65,-0.6675,-0.1238,0.7256,-1.6183,-2.5954,0.5344
302621.6832,700782,65,-0.6604,-0.1313,0.7258,-2.1985,-3.6336,0.7023
302621.6832,700792,65,-0.6658,-0.1230,0.7339,-1.6947,-3.8931,0.5802
302621.6832,700802,65,-0.6628,-0.1147,0.7432,-1.5420,-4.0916,0.3664
302621.6832,700812,65,-0.6614,-0.1130,0.7466,-1.8015,-3.6489,0.4427
302621.6832,700822,65,-0.6606,-0.1138,0.7578,-2.7481,-2.8855,0.3969
302621.6832,700832,65,-0.6494,-0.1218,0.7632,-4.0305,-2.1069,0.4122
302621.6832,700842,65,-0.6646,-0.1377,0.7434,-4.6565,-0.7176,0.7023
302621.8019,700852,66,-0.6702,-0.1460,0.7383,-4.0763,-0.7786,1.4809
302621.8019,700862,66,-0.6643,-0.1467,0.7429,-2.7634,-1.7710,2.1832
302621.8019,700872,66,-0.6584,-0.1409,0.7427,-1.8779,-2.1069,3.0687
302621.8019,700882,66,-0.6687,-0.1213,0.7393,-1.1450,-1.9084,3.9542
302621.8019,700892,66,-0.6755,-0.1062,0.7388,-1.0687,-2.5038,3.8473
302621.8019,700902,66,-0.6633,-0.1082,0.7410,-1.7863,-3.2672,3.1756
302621.8019,700912,66,-0.6619,-0.1084,0.7393,-2.2290,-3.0229,2.8244
302621.8019,700922,66,-0.6677,-0.1096,0.7356,-2.4122,-2.6718,2.4580
302621.8019,700932,66,-0.6716,-0.1233,0.7334,-2.4885,-2.9771,1.8168
302621.8019,700942,66,-0.6692,-0.1372,0.7341,-2.7481,-3.1145,2.1221
302621.8611,700952,67,-0.6724,-0.1350,0.7380,-2.5191,-2.7481,3.3893
302621.8611,700962,67,-0.6816,-0.1255,0.7363,-1.7405,-2.8855,3.8321
302621.8611,700972,67,-0.6824,-0.1257,0.7427,-1.3130,-3.2519,3.8473
302621.8611,700982,67,-0.6797,-0.1199,0.7415,-1.2824,-3.6183,4.3053
302621.8611,700992,67,-0.6792,-0.1082,0.7493,-1.1298,-4.0000,4.6107
302621.8611,701002,67,-0.6768,-0.1023,0.7625,-1.0382,-4.2901,3.8321
302621.8611,701012,67,-0.6624,-0.1189,0.7666,-2.0305,-3.5878,2.9008
302621.8611,701022,67,-0.6689,-0.1401,0.7595,-3.1145,-1.8015,2.9771
302621.8611,701032,67,-0.6790,-0.1433,0.7527,-2.9924,-1.5725,3.7863
302621.8611,701042,67,-0.6694,-0.1399,0.7600,-2.3359,-2.3664,4.5649
302621.9832,701052,68,-0.6682,-0.1301,0.7625,-1.3740,-2.1374,4.6565
302621.9832,701062,68,-0.6760,-0.1223,0.7566,-1.5725,-1.7405,4.8702
302621.9832,701072,68,-0.6868,-0.1216,0.7483,-2.7176,-2.1985,5.2061
302621.9832,701082,68,-0.6790,-0.1331,0.7434,-3.4198,-2.7481,5.1756
302621.9832,701092,68,-0.6797,-0.1379,0.7361,-2.7481,-3.2519,5.2061
302621.9832,701102,68,-0.6785,-0.1333,0.7383,-1.9389,-3.9237,5.6336
302621.9832,701112,68,-0.6804,-0.1187,0.7473,-1.8168,-4.9313,6.2137
302621.9832,701122,68,-0.6851,-0.0801,0.7678,-2.9160,-6.1679,6.5191
302621.9832,701132,68,-0.6797,-0.0698,0.7786,-6.5649,-8.1527,5.5267
302621.9832,701142,68,-0.6812,-0.0569,0.7883,-11.1450,-6.2901,3.3893
302622.1015,701152,69,-0.6948,-0.1064,0.7705,-16.5802,-4.0611,1.4656
302622.1015,701162,69,-0.6868,-0.1658,0.7578,-17.1603,-4.3359,0.4427
302622.1015,701172,69,-0.6667,-0.2217,0.7649,-12.2443,-4.6870,0.8092
302622.1015,701182,69,-0.6689,-0.2100,0.7622,-5.5573,-3.3435,4.4580
302622.1015,701192,69,-0.6880,-0.2085,0.7637,-1.7863,-1.7252,9.2824
302622.1015,701202,69,-0.6895,-0.1672,0.7749,2.2137,-3.1298,12.3053
302622.1015,701212,69,-0.6865,-0.1233,0.7986,4.5038,-3.5725,14.1374
302622.1015,701222,69,-0.6777,-0.1216,0.8074,2.5191,-3.3130,15.3435
302622.1015,701232,69,-0.6667,-0.1113,0.8210,3.5878,-2.3817,15.6489
302622.1015,701242,69,-0.7136,-0.0908,0.8130,4.5344,0.7939,16.2137
302622.1626,701252,70,-0.7100,-0.0811,0.8042,4.8244,-0.3664,16.9466
302622.1626,701262,70,-0.7192,-0.0479,0.8333,8.0916,-0.2443,16.0153
302622.1626,701272,70,-0.7275,-0.0249,0.8430,7.4656,-0.0305,16.2137
302622.1626,701282,70,-0.7234,-0.0247,0.8621,7.1756,-0.2137,16.0458
302622.1626,701292,70,-0.7292,0.0017,0.8831,9.8015,0.7023,15.5420
302622.1626,701302,70,-0.7295,0.0151,0.8999,10.4275,2.5191,15.7405
302622.1626,701312,70,-0.7397,0.0237,0.9001,11.2214,5.0992,16.0458
302622.1626,701322,70,-0.7468,0.0461,0.9045,13.4351,7.1756,16.4885
302622.1626,701332,70,-0.7473,0.0557,0.9116,15.7099,7.6794,16.6107
302622.1626,701342,70,-0.7375,0.0696,0.9336,18.9618,8.4275,17.1450
302622.3409,701352,71,-0.7222,0.0923,0.9624,22.6565,9.7099,18.2595
302622.3409,701362,71,-0.6924,0.1155,0.9946,27.2214,12.1679,19.6947
302622.3409,701372,71,-0.6765,0.1663,1.0110,33.7099,16.1374,19.8015
302622.3409,701382,71,-0.6792,0.2192,1.0115,38.3817,20.9466,18.0458
302622.3409,701392,71,-0.6682,0.2610,0.9951,39.8626,24.6107,16.1679
302622.3409,701402,71,-0.6545,0.2981,0.9736,39.6031,27.3282,13.7557
302622.3409,701412,71,-0.6465,0.3240,0.9387,39.0076,30.1069,10.2595
302622.3409,701422,71,-0.6282,0.3350,0.8979,38.6412,32.8702,5.8321
302622.3409,701432,71,-0.6147,0.3325,0.8479,38.3817,35.5725,0.5038
302622.3409,701442,71,-0.6028,0.3123,0.8027,37.3740,36.9771,-3.8321
302622.4622,701452,72,-0.5833,0.3057,0.7593,37.7252,37.6489,-7.3435
302622.4622,701462,72,-0.5635,0.3110,0.7253,39.2061,38.6107,-10.7023
302622.4622,701472,72,-0.5356,0.3025,0.6948,40.9466,39.6031,-14.1069
302622.4622,701482,72,-0.5208,0.3057,0.6543,44.5038,41.5115,-17.9847
302622.4622,701492,72,-0.5037,0.3254,0.6150,47.1603,42.8244,-21.7252
302622.4622,701502,72,-0.4746,0.3342,0.5723,46.8092,43.4351,-25.9847
302622.4622,701512,72,-0.4490,0.3020,0.5288,45.1450,44.2290,-30.9924
302622.4622,701522,72,-0.4446,0.2788,0.4575,44.5191,44.0458,-35.3130
302622.4622,701532,72,-0.4360,0.2529,0.3955,45.7405,41.9084,-39.9237
302622.4622,701542,72,-0.4180,0.2195,0.3340,46.6107,36.9160,-45.5115
302622.4642,701552,73,-0.4136,0.1797,0.2710,45.7099,31.3893,-49.6183
302622.4642,701562,73,-0.4207,0.1431,0.1968,43.8015,24.7023,-51.8168
302622.4642,701572,73,-0.4084,0.0977,0.1477,42.5191,17.0382,-53.3435
302622.4642,701582,73,-0.3647,0.0530,0.1301,43.2824,8.1221,-54.5802
302622.4642,701592,73,-0.3569,0.0217,0.1143,45.1298,1.2824,-55.3588
302622.4642,701602,73,-0.3418,-0.0154,0.1179,46.0305,-7.5115,-56.1985
302622.4642,701612,73,-0.2957,-0.0708,0.1699,44.8855,-18.5802,-56.4275
302622.4642,701622,73,-0.2449,-0.1208,0.2385,43.5573,-26.1069,-54.9313
302622.4642,701632,73,-0.2505,-0.1619,0.2593,42.3969,-29.3588,-53.4351
302622.4642,701642,73,-0.2529,-0.2263,0.2888,39.8015,-33.6641,-52.0000
302622.5831,701652,74,-0.2708,-0.2690,0.3152,38.0458,-40.3206,-48.7176
302622.5831,701662,74,-0.2788,-0.3076,0.3433,37.6031,-47.2672,-45.1145
302622.5831,701672,74,-0.2964,-0.3066,0.3396,38.4885,-52.5954,-41.4809
302622.5831,701682,74,-0.3235,-0.2803,0.3457,40.1985,-54.7481,-38.7328
302622.5831,701692,74,-0.3643,-0.2605,0.3591,40.8092,-59.0687,-39.0382
302622.5831,701702,74,-0.3511,-0.2361,0.4001,38.0305,-64.3359,-40.6718
302622.5831,701712,74,-0.3347,-0.2537,0.4368,30.2137,-70.1069,-42.0000
302622.5831,701722,74,-0.3713,-0.2781,0.4482,21.5573,-73.1450,-43.2977
302622.5831,701732,74,-0.3579,-0.3118,0.4844,16.1985,-78.7786,-44.8244
302622.5831,701742,74,-0.3665,-0.3547,0.5161,13.7710,-82.9771,-46.3206
302622.7020,701752,75,-0.3596,-0.3970,0.5444,11.4809,-84.8244,-47.2366
302622.7020,701762,75,-0.3970,-0.4775,0.5537,7.7099,-85.3130,-45.4351
302622.7020,701772,75,-0.3906,-0.5432,0.5881,8.1221,-88.8244,-42.0763
302622.7020,701782,75,-0.3716,-0.5696,0.6589,12.6107,-91.2519,-37.1908
302622.7020,701792,75,-0.3572,-0.5596,0.7129,16.9771,-91.3893,-30.5191
302622.7020,701802,75,-0.3909,-0.5337,0.7407,17.3740,-90.1374,-23.3282
302622.7020,701812,75,-0.4194,-0.4656,0.7795,16.0000,-91.3282,-16.8397
302622.7020,701822,75,-0.4731,-0.4172,0.7952,11.8015,-92.2748,-13.1908
302622.7020,701832,75,-0.5127,-0.3877,0.8049,5.7099,-95.6947,-13.7710
302622.7020,701842,75,-0.5137,-0.4141,0.8328,-2.9618,-102.7023,-15.3282
302622.7611,701852,76,-0.5137,-0.4700,0.8538,-11.5115,-108.8092,-15.6947
302622.7611,701862,76,-0.4797,-0.5081,0.9124,-16.5649,-115.0534,-15.4809
302622.7611,701872,76,-0.4507,-0.5491,0.9666,-19.1145,-118.1221,-14.6565
302622.7611,701882,76,-0.4492,-0.6160,1.0010,-21.7405,-119.5267,-12.3969
302622.7611,701892,76,-0.4343,-0.6460,1.0449,-23.3282,-122.2901,-6.8855
302622.7611,701902,76,-0.3977,-0.6621,1.1074,-23.2824,-123.9084,0.8855
302622.7611,701912,76,-0.4189,-0.6836,1.1355,-22.7634,-120.8244,8.5038
302622.7611,701922,76,-0.4844,-0.7075,1.1211,-22.6107,-116.3206,17.1603
302622.7611,701932,76,-0.5034,-0.6860,1.1560,-21.3282,-118.4275,26.4122
302622.7611,701942,76,-0.4805,-0.6660,1.2153,-22.6718,-123.2519,36.0611
302622.9421,701952,77,-0.4292,-0.6377,1.3169,-23.6641,-123.9237,44.2595
302622.9421,701962,77,-0.3740,-0.6001,1.4099,-24.3817,-121.9084,50.7481
302622.9421,701972,77,-0.3899,-0.6309,1.4307,-28.9924,-114.8092,58.1679
302622.9421,701982,77,-0.3818,-0.6099,1.4690,-28.3359,-108.4885,63.9847
302622.9421,701992,77,-0.3916,-0.5696,1.4893,-28.0305,-102.0611,69.8015
302622.9421,702002,77,-0.4075,-0.5615,1.4893,-32.5802,-94.6718,76.0916
302622.9421,702012,77,-0.4131,-0.5693,1.4612,-37.2519,-90.1221,80.9008
302622.9421,702022,77,-0.3884,-0.5718,1.4675,-40.1679,-88.5649,85.8931
302622.9421,702032,77,-0.3538,-0.5515,1.4912,-41.4198,-85.3282,93.3588
302622.9421,702042,77,-0.3469,-0.4778,1.5049,-38.5802,-77.7557,100.3511
302623.0016,702052,78,-0.3577,-0.4094,1.5120,-37.4198,-70.3206,104.6260
302623.0016,702062,78,-0.3486,-0.3645,1.5110,-39.5573,-65.1145,107.5725
302623.0016,702072,78,-0.3376,-0.3743,1.5159,-42.4733,-60.0153,108.8397
302623.0016,702082,78,-0.3232,-0.4221,1.5146,-44.6565,-55.4198,111.1450
302623.0016,702092,78,-0.3098,-0.4419,1.5364,-42.8244,-51.7710,116.0000
302623.0016,702102,78,-0.2979,-0.4158,1.5735,-38.2290,-48.1985,123.3588
302623.0016,702112,78,-0.2988,-0.3423,1.6216,-32.3511,-43.4962,131.6336
302623.0016,702122,78,-0.2578,-0.2222,1.6831,-26.3511,-38.0763,137.5267
302623.0016,702132,78,-0.2598,-0.0886,1.7073,-24.0153,-28.1221,140.6718
302623.0016,702142,78,-0.3035,0.0154,1.6938,-27.3282,-17.6794,139.8321
302623.0619,702152,79,-0.3467,0.1057,1.6790,-32.8092,-11.5115,135.2366
302623.0619,702162,79,-0.3423,0.1694,1.6838,-37.7710,-6.8397,128.2901
302623.0619,702172,79,-0.3677,0.2000,1.6641,-43.7405,1.7710,117.3282
302623.0619,702182,79,-0.4155,0.1763,1.6226,-53.3893,9.2672,108.3817
302623.0619,702192,79,-0.4219,0.1343,1.6277,-58.2290,13.1756,101.0076
302623.0619,702202,79,-0.4001,0.1230,1.6672,-55.9084,17.3130,94.2595
302623.0619,702212,79,-0.3809,0.1387,1.7024,-54.0153,23.0229,90.1374
302623.0619,702222,79,-0.3325,0.1099,1.7402,-55.3435,28.1527,87.0076
302623.0619,702232,79,-0.2798,0.0901,1.7683,-55.4809,36.0763,84.7939
302623.0619,702242,79,-0.2666,0.0996,1.7656,-54.8855,47.2672,82.3511
302623.1830,702252,80,-0.2812,0.0654,1.7188,-54.7634,59.7557,77.4504
302623.1830,702262,80,-0.3069,0.0352,1.6501,-53.9389,70.0458,71.8321
302623.1830,702272,80,-0.3008,-0.0127,1.5996,-52.4427,74.9160,70.1527
302623.1830,702282,80,-0.2666,-0.0312,1.5933,-48.8550,75.8473,72.6260
302623.1830,702292,80,-0.2051,0.0088,1.6270,-41.4809,77.5267,77.1298
302623.1830,702302,80,-0.1682,0.1304,1.6543,-32.0153,85.2061,80.7176
302623.1830,702312,80,-0.2363,0.1719,1.5620,-28.9466,95.3130,82.1221
302623.1830,702322,80,-0.2815,0.2302,1.4800,-25.6641,104.0000,78.6565
302623.1830,702332,80,-0.2839,0.2649,1.4441,-23.2366,105.5420,76.8397
302623.1830,702342,80,-0.2407,0.2854,1.4209,-20.9618,106.3053,74.6718
302623.3013,702352,81,-0.2610,0.2817,1.3779,-17.6794,109.4809,73.4198
302623.3013,702362,81,-0.2661,0.3325,1.3469,-8.9924,113.0687,70.0763
302623.3013,702372,81,-0.2500,0.3691,1.3196,-2.0916,115.1298,66.5496
302623.3013,702382,81,-0.2585,0.4170,1.2837,4.6718,118.3359,61.8779
302623.3013,702392,81,-0.2554,0.4714,1.2542,9.6489,120.5649,55.3130
302623.3013,702402,81,-0.2688,0.4893,1.2124,11.4809,122.5954,48.2901
302623.3013,702412,81,-0.2886,0.4919,1.1543,13.0076,124.0305,40.5344
302623.3013,702422,81,-0.3035,0.4717,1.0928,15.0076,123.0382,31.6336
302623.3013,702432,81,-0.3252,0.4189,1.0322,17.9542,121.1145,23.0076
302623.3013,702442,81,-0.3267,0.3428,0.9729,22.5038,117.4656,16.1527
302623.3609,702452,82,-0.3203,0.2947,0.9417,30.1221,113.4351,12.4275
302623.3609,702462,82,-0.2732,0.2776,0.9744,39.8321,105.8015,11.8626
302623.3609,702472,82,-0.1797,0.3108,1.0203,48.7786,100.6718,12.7176
302623.3609,702482,82,-0.1846,0.3362,1.0061,53.0992,107.5115,13.6794
302623.3609,702492,82,-0.2300,0.3513,0.9360,55.7252,115.6183,12.0153
302623.3609,702502,82,-0.2856,0.3469,0.8682,57.5725,118.8092,8.7786
302623.3609,702512,82,-0.2988,0.3391,0.8083,60.3511,116.9618,4.5038
302623.3609,702522,82,-0.3010,0.3240,0.7700,64.1374,112.5191,-0.9008
302623.3609,702532,82,-0.3118,0.3125,0.7363,67.6947,108.9313,-6.3206
302623.3609,702542,82,-0.3237,0.2866,0.6821,69.3893,105.2672,-10.7023
302623.4836,702552,83,-0.3281,0.2463,0.6504,70.7634,100.1832,-14.0153
302623.4836,702562,83,-0.3137,0.2180,0.6401,74.1985,94.0611,-16.2901
302623.4836,702572,83,-0.2673,0.2141,0.6687,77.9695,89.2519,-17.7863
302623.4836,702582,83,-0.2676,0.2085,0.6689,79.8321,90.3359,-18.4885
302623.4836,702592,83,-0.2791,0.2329,0.6396,82.4122,91.5115,-19.0534
302623.4836,702602,83,-0.2854,0.2839,0.6187,84.8702,90.1832,-21.1145
302623.4836,702612,83,-0.2820,0.3271,0.5886,83.7405,87.1298,-25.8779
302623.4836,702622,83,-0.2947,0.3340,0.5298,78.6412,85.0534,-32.0458
302623.4836,702632,83,-0.3103,0.2993,0.4756,73.1603,83.2519,-39.2672
302623.4836,702642,83,-0.3274,0.2485,0.4185,70.9924,80.3206,-47.7710
302623.6096,702652,84,-0.3647,0.1721,0.3562,69.3588,76.2595,-53.7557
302623.6096,702662,84,-0.3892,0.1260,0.3416,70.3817,70.1374,-56.0305
302623.6096,702672,84,-0.3555,0.1160,0.3582,74.3511,61.9847,-55.5573
302623.6096,702682,84,-0.3462,0.1238,0.3765,79.0229,57.3435,-56.7786
302623.6096,702692,84,-0.3391,0.1421,0.3813,82.1832,54.9008,-59.2977
302623.6096,702702,84,-0.3345,0.1699,0.3806,82.6260,53.4504,-61.9695
302623.6096,702712,84,-0.3318,0.1584,0.3579,80.2443,51.9847,-66.5649
302623.6096,702722,84,-0.3389,0.1284,0.3269,77.3588,50.7328,-72.3664
302623.6096,702732,84,-0.3506,0.0837,0.2759,75.5573,47.3893,-78.9008
302623.6096,702742,84,-0.3779,0.0098,0.2078,72.4580,44.8550,-85.1603
302623.6622,702752,85,-0.4065,-0.0803,0.1479,68.9618,39.7863,-87.5725
302623.6622,702762,85,-0.4109,-0.1265,0.1118,69.6336,32.0458,-85.7863
302623.6622,702772,85,-0.4104,-0.1538,0.1218,75.2519,24.7328,-82.3511
302623.6622,702782,85,-0.4099,-0.1519,0.1384,82.1527,17.4504,-79.7710
302623.6622,702792,85,-0.4207,-0.1353,0.1343,86.5191,12.7939,-77.7252
302623.6622,702802,85,-0.4480,-0.1370,0.1257,87.2977,7.6336,-77.6641
302623.6622,702812,85,-0.4666,-0.1548,0.1226,85.0229,1.4351,-77.9237
302623.6622,702822,85,-0.4832,-0.1772,0.1328,82.4427,-5.4962,-77.8931
302623.6622,702832,85,-0.4482,-0.2273,0.1653,80.9771,-15.9084,-78.4885
302623.6622,702842,85,-0.4189,-0.2595,0.2092,81.5420,-23.5267,-77.9847
302623.7817,702852,86,-0.4023,-0.2634,0.2532,82.4427,-29.0382,-76.2595
302623.7817,702862,86,-0.3674,-0.2661,0.3008,81.2672,-35.0992,-74.7939
302623.7817,702872,86,-0.3376,-0.2769,0.3313,78.8702,-38.7481,-73.0840
302623.7817,702882,86,-0.3579,-0.2673,0.3350,77.5725,-39.3435,-73.6641
302623.7817,702892,86,-0.4038,-0.2664,0.2856,73.9542,-37.5725,-74.5344
302623.7817,702902,86,-0.4443,-0.2483,0.2168,69.1908,-37.2519,-76.2901
302623.7817,702912,86,-0.4536,-0.2573,0.1577,62.0000,-43.2366,-80.1221
302623.7817,702922,86,-0.4182,-0.3066,0.1467,54.6565,-53.8321,-86.2901
302623.7817,702932,86,-0.3621,-0.3552,0.1687,48.5954,-64.3206,-92.9008
302623.7817,702942,86,-0.3318,-0.4338,0.2036,41.1603,-72.8244,-97.7099
302623.9017,702952,87,-0.3242,-0.5193,0.2419,33.2977,-77.9389,-101.2214
302623.9017,702962,87,-0.3176,-0.6216,0.2788,27.0992,-81.0076,-102.1985
302623.9017,702972,87,-0.2954,-0.7153,0.3086,25.5115,-81.9695,-99.2672
302623.9017,702982,87,-0.3433,-0.7871,0.3203,26.2290,-78.0000,-93.1756
302623.9017,702992,87,-0.3779,-0.8604,0.2964,27.3435,-77.6031,-83.9542
302623.9017,703002,87,-0.4270,-0.8718,0.2812,32.6718,-81.8321,-73.4504
302623.9017,703012,87,-0.4138,-0.8259,0.3308,38.1985,-92.8397,-63.7405
302623.9017,703022,87,-0.3735,-0.7749,0.4089,38.0305,-106.4580,-56.1374
302623.9017,703032,87,-0.3198,-0.7292,0.4998,34.0305,-116.2595,-52.5191
302623.9017,703042,87,-0.2529,-0.7197,0.5942,25.4962,-122.1679,-51.3740
302623.9623,703052,88,-0.2256,-0.7566,0.6519,14.8092,-121.0840,-49.8473
302623.9623,703062,88,-0.2886,-0.8364,0.6250,6.7023,-114.3206,-47.4962
302623.9623,703072,88,-0.3748,-0.9202,0.5667,3.4656,-111.2061,-42.5649
302623.9623,703082,88,-0.4082,-0.9690,0.5466,4.8550,-114.6565,-33.4198
302623.9623,703092,88,-0.3943,-0.9492,0.5781,9.6794,-122.4885,-20.9313
302623.9623,703102,88,-0.3474,-0.8672,0.6699,15.6641,-130.9771,-9.0382
302623.9623,703112,88,-0.3147,-0.7698,0.7644,18.9008,-135.9389,1.1603
302623.9623,703122,88,-0.3284,-0.6848,0.8286,18.5496,-138.3969,8.6260
302623.9623,703132,88,-0.3406,-0.5911,0.8999,14.5344,-142.4733,15.4962
302623.9623,703142,88,-0.3318,-0.4780,0.9875,8.3664,-142.9618,17.0229
302624.0824,703152,89,-0.3550,-0.4619,1.0151,-2.7176,-139.1298,11.2061
302624.0824,703162,89,-0.4246,-0.5447,0.9741,-15.3740,-129.7252,3.7863
302624.0824,703172,89,-0.4839,-0.6711,0.9167,-24.6107,-123.6489,-1.0992
302624.0824,703182,89,-0.4685,-0.8091,0.8955,-27.4351,-126.8702,-0.1985
302624.0824,703192,89,-0.4255,-0.8801,0.9119,-23.4656,-132.1374,5.8931
302624.0824,703202,89,-0.3799,-0.8965,0.9883,-17.8321,-137.4656,16.3817
302624.0824,703212,89,-0.3325,-0.8726,1.0938,-12.1985,-142.1527,28.6260
302624.0824,703222,89,-0.3313,-0.8074,1.1875,-7.2519,-143.5267,41.6489
302624.0824,703232,89,-0.2913,-0.7087,1.2900,-3.2977,-144.2137,51.0992
302624.0824,703242,89,-0.2854,-0.6340,1.3518,-3.6641,-137.4198,56.2901
302624.2013,703252,90,-0.3069,-0.6038,1.3564,-7.8168,-128.5954,57.9695
302624.2013,703262,90,-0.3618,-0.5791,1.3311,-12.9771,-121.7710,59.4656
302624.2013,703272,90,-0.3794,-0.5903,1.3167,-19.0229,-120.0916,62.5802
302624.2013,703282,90,-0.3496,-0.6125,1.3408,-23.6336,-119.9542,65.6031
302624.2013,703292,90,-0.3303,-0.6218,1.3748,-24.3053,-117.6031,68.2748
302624.2013,703302,90,-0.3196,-0.6648,1.4014,-25.5725,-113.2519,72.8244
302624.2013,703312,90,-0.2896,-0.6909,1.4597,-23.6336,-110.2748,78.2290
302624.2013,703322,90,-0.2500,-0.6567,1.5403,-19.1603,-106.5802,86.0305
302624.2013,703332,90,-0.2700,-0.6130,1.5781,-15.4198,-96.5191,94.8244
302624.2013,703342,90,-0.2944,-0.5425,1.5869,-12.3511,-86.2748,100.7634
302624.2621,703352,91,-0.3059,-0.4863,1.5933,-12.6412,-79.6794,104.1985
302624.2621,703362,91,-0.3264,-0.4543,1.5913,-15.6489,-73.5267,107.8626
302624.2621,703372,91,-0.3259,-0.4321,1.6030,-17.9847,-68.4733,109.9847
302624.2621,703382,91,-0.3198,-0.4126,1.6423,-19.6489,-64.3969,110.9771
302624.2621,703392,91,-0.2759,-0.3984,1.6887,-19.3893,-58.7023,113.5878
302624.2621,703402,91,-0.2644,-0.3672,1.7146,-16.5191,-48.8244,113.5878
302624.2621,703412,91,-0.2754,-0.3650,1.6924,-17.0992,-38.7481,112.6412
302624.2621,703422,91,-0.2883,-0.3594,1.6667,-19.5420,-30.8702,113.2061
302624.2621,703432,91,-0.2786,-0.3291,1.6631,-21.4046,-25.7710,116.5191
302624.2621,703442,91,-0.2410,-0.2935,1.6826,-21.4504,-18.7634,118.3969
302624.3828,703452,92,-0.2620,-0.2480,1.6677,-20.9008,-7.8779,119.1908
302624.3828,703462,92,-0.2888,-0.2112,1.6265,-22.2443,1.7710,119.3282
302624.3828,703472,92,-0.3110,-0.1853,1.6025,-23.0687,8.7634,117.4809
302624.3828,703482,92,-0.3079,-0.1694,1.5933,-24.2901,13.6336,115.3893
302624.3828,703492,92,-0.3005,-0.1743,1.5879,-26.0458,19.0992,114.2137
302624.3828,703502,92,-0.3035,-0.1638,1.5828,-25.0076,26.2443,113.7405
302624.3828,703512,92,-0.2954,-0.1143,1.5913,-21.8779,33.5267,113.7405
302624.3828,703522,92,-0.2834,-0.0540,1.5901,-20.2748,40.0153,113.4504
302624.3828,703532,92,-0.2927,-0.0017,1.5786,-21.0382,46.3969,111.8626
302624.3828,703542,92,-0.2966,0.0271,1.5642,-21.5420,53.3130,109.0076
302624.5016,703552,93,-0.2832,0.0454,1.5525,-20.0763,59.2672,102.8397
302624.5016,703562,93,-0.3044,0.0396,1.5242,-21.2824,65.5725,97.2366
302624.5016,703572,93,-0.2998,0.0281,1.4929,-23.2824,70.8855,95.2824
302624.5016,703582,93,-0.3066,0.0388,1.4756,-21.2214,74.6260,93.4656
302624.5016,703592,93,-0.3066,0.0757,1.4731,-17.0229,77.3282,92.1985
302624.5016,703602,93,-0.2908,0.1167,1.4695,-12.9466,79.4351,90.8244
302624.5016,703612,93,-0.2634,0.1614,1.4680,-8.9008,82.1679,87.0687
302624.5016,703622,93,-0.2605,0.1958,1.4521,-6.4885,86.9924,82.7023
302624.5016,703632,93,-0.2588,0.2124,1.4233,-4.5191,91.4962,76.9924
302624.5016,703642,93,-0.2554,0.2224,1.3840,-2.6412,96.2595,69.9847
302624.5623,703652,94,-0.2720,0.2078,1.3271,-3.1756,99.9847,64.2137
302624.5623,703662,94,-0.2830,0.2007,1.2668,-3.3130,100.5191,60.0611
302624.5623,703672,94,-0.2993,0.1875,1.2012,-2.1374,99.5420,57.1450
302624.5623,703682,94,-0.3125,0.1880,1.1533,0.7023,96.8244,55.0687
302624.5623,703692,94,-0.3284,0.2107,1.1121,4.1527,91.9084,53.9695
302624.5623,703702,94,-0.3315,0.2415,1.0818,7.6489,85.3130,52.9618
302624.5623,703712,94,-0.2693,0.2612,1.0989,13.9084,78.4733,49.4962
302624.5623,703722,94,-0.2349,0.2822,1.1255,23.5267,77.7710,43.3130
302624.5623,703732,94,-0.2146,0.3032,1.1238,30.8855,83.2824,37.8626
302624.5623,703742,94,-0.2268,0.2952,1.0935,33.1450,90.0305,34.1374
302624.6810,703752,95,-0.2417,0.2783,1.0593,36.2290,97.2977,31.0382
302624.6810,703762,95,-0.3054,0.2708,1.0000,40.7786,102.3817,29.3282
302624.6810,703772,95,-0.2949,0.2769,0.9756,46.9924,100.3053,27.6947
302624.6810,703782,95,-0.2703,0.2866,0.9700,54.2443,99.0229,25.0840
302624.6810,703792,95,-0.2424,0.3040,0.9521,58.6718,99.6794,22.6870
302624.6810,703802,95,-0.2385,0.3098,0.9167,61.5420,103.0992,19.0840
302624.6810,703812,95,-0.2461,0.3196,0.8667,65.0840,105.0992,13.7557
302624.6810,703822,95,-0.2478,0.2817,0.8118,67.5878,106.1679,6.8855
302624.6810,703832,95,-0.2810,0.2671,0.7500,71.5420,107.8168,1.6489
302624.6810,703842,95,-0.2954,0.2520,0.6721,74.7023,106.1221,-0.5649
302624.8606,703852,96,-0.3032,0.2273,0.6262,79.6794,101.7405,-3.4046
302624.8606,703862,96,-0.2830,0.2239,0.6060,86.9618,95.3893,-6.9618
302624.8606,703872,96,-0.2461,0.2344,0.6079,93.0992,89.4656,-9.6947
302624.8606,703882,96,-0.2258,0.2393,0.5898,96.1069,86.9313,-12.9466
302624.8606,703892,96,-0.2266,0.2427,0.5674,95.1145,87.0992,-15.7099
302624.8606,703902,96,-0.2468,0.2454,0.5183,90.9466,87.2061,-16.8092
302624.8606,703912,96,-0.2847,0.2461,0.4536,86.9618,86.7786,-19.1450
302624.8606,703922,96,-0.3257,0.2339,0.3860,84.5649,83.6794,-23.3130
302624.8606,703932,96,-0.3477,0.2080,0.3367,84.8702,77.6794,-28.1527
302624.8606,703942,96,-0.3596,0.1760,0.3010,86.5802,70.9771,-32.5038
302624.9834,703952,97,-0.3862,0.1609,0.2693,89.8015,63.7557,-35.0840
302624.9834,703962,97,-0.3926,0.1748,0.2725,93.1756,55.2519,-35.6031
302624.9834,703972,97,-0.3845,0.2161,0.3052,94.8702,47.9695,-35.5115
302624.9834,703982,97,-0.3806,0.2480,0.3230,94.2901,42.9313,-37.2977
302624.9834,703992,97,-0.3882,0.2761,0.3267,91.8015,39.4351,-41.5267
302624.9834,704002,97,-0.3818,0.2749,0.3308,87.3893,34.5038,-46.8855
302624.9834,704012,97,-0.3792,0.2419,0.3259,82.5496,30.7786,-53.0382
302624.9834,704022,97,-0.3845,0.1787,0.3005,79.1756,29.1603,-57.8473
302624.9834,704032,97,-0.3960,0.1514,0.2798,80.6107,26.9160,-60.5649
302624.9834,704042,97,-0.4158,0.1387,0.2549,83.6183,23.6183,-63.4809
302624.9838,704052,98,-0.4167,0.1321,0.2588,84.5954,18.2137,-66.1832
302624.9838,704062,98,-0.4272,0.1345,0.2595,83.5725,10.7786,-68.1221
302624.9838,704072,98,-0.3835,0.1379,0.2729,81.5573,0.3817,-71.1908
302624.9838,704082,98,-0.3594,0.1287,0.2991,76.7481,-5.4962,-73.4809
302624.9838,704092,98,-0.3398,0.0854,0.2925,70.7939,-7.1908,-75.8931
302624.9838,704102,98,-0.3613,0.0491,0.2571,67.9389,-4.3359,-79.6489
302624.9838,704112,98,-0.3982,-0.0210,0.2188,66.2290,-3.4198,-85.3282
302624.9838,704122,98,-0.4180,-0.0815,0.1963,66.7023,-8.7786,-89.3435
302624.9838,704132,98,-0.4170,-0.1057,0.2007,67.7252,-17.6336,-89.1145
302624.9838,704142,98,-0.3625,-0.0903,0.2588,68.0916,-28.2901,-88.8092
302625.1014,704152,99,-0.3257,-0.0884,0.3057,65.0992,-34.2137,-90.0305
302625.1014,704162,99,-0.3252,-0.1001,0.3040,60.5038,-35.9542,-93.6489
302625.1014,704172,99,-0.3726,-0.1453,0.2729,53.7710,-37.0992,-99.5267
302625.1014,704182,99,-0.3767,-0.2339,0.2122,45.9695,-43.6489,-106.1374
302625.1014,704192,99,-0.3569,-0.3665,0.1858,41.3435,-53.6794,-111.0229
302625.1014,704202,99,-0.3333,-0.4949,0.1714,41.6641,-64.6565,-113.8626
302625.1014,704212,99,-0.3145,-0.5867,0.1775,44.5954,-74.5802,-109.3588
302625.1014,704222,99,-0.3091,-0.6272,0.1802,48.0458,-84.0000,-99.9237
302625.1014,704232,99,-0.3220,-0.6179,0.2034,51.4809,-90.5954,-89.8779
302625.1014,704242,99,-0.3433,-0.5911,0.2217,53.8015,-97.2366,-80.0763
302625.2220,704252,100,-0.3494,-0.5764,0.2629,54.5038,-105.4656,-73.8779
302625.2220,704262,100,-0.3230,-0.5354,0.3494,53.7863,-115.0992,-68.9313
302625.2220,704272,100,-0.3008,-0.5076,0.4355,49.7405,-122.3969,-64.9618
302625.2220,704282,100,-0.2905,-0.5063,0.5083,44.0916,-127.9237,-64.2137
302625.2220,704292,100,-0.2971,-0.5618,0.5464,37.4809,-132.0153,-65.1298
302625.2220,704302,100,-0.2986,-0.6223,0.5947,33.2214,-135.7557,-65.1450
302625.2220,704312,100,-0.2378,-0.6809,0.6575,29.8015,-141.8931,-61.2061
302625.2220,704322,100,-0.2290,-0.6951,0.7119,28.9771,-141.9695,-54.9160
302625.2220,704332,100,-0.2498,-0.6814,0.7324,26.6260,-142.3969,-47.7099
302625.2220,704342,100,-0.2688,-0.6636,0.7646,22.2748,-144.8550,-42.1069
302625.2838,704352,101,-0.2429,-0.6812,0.8120,15.9695,-147.9847,-36.9008
302625.2838,704362,101,-0.3015,-0.7273,0.8218,10.8855,-146.2443,-31.5420
302625.2838,704372,101,-0.3796,-0.7200,0.8206,8.5038,-144.1527,-25.2519
302625.2838,704382,101,-0.3765,-0.7046,0.8809,6.7328,-148.7481,-19.0229
302625.2838,704392,101,-0.3611,-0.7085,0.9441,5.5115,-153.2061,-15.8626
302625.2838,704402,101,-0.3418,-0.7295,1.0305,2.7634,-156.2748,-13.8473
302625.2838,704412,101,-0.3071,-0.7236,1.1260,0.7481,-158.4275,-9.4351
302625.2838,704422,101,-0.2705,-0.7043,1.2253,-2.3664,-156.0763,-3.9237
302625.2838,704432,101,-0.2583,-0.6992,1.2996,-8.8702,-150.3969,0.3511
302625.2838,704442,101,-0.2993,-0.7231,1.3008,-16.5191,-140.5496,4.8397
302625.4015,704452,102,-0.3535,-0.7478,1.3069,-21.6489,-133.0076,7.4809
302625.4015,704462,102,-0.3545,-0.8206,1.3118,-25.9542,-130.1374,13.1756
302625.4015,704472,102,-0.3430,-0.8674,1.3323,-24.6107,-125.7099,21.0229
302625.4015,704482,102,-0.3291,-0.8555,1.3491,-20.5344,-123.2214,30.2595
302625.4015,704492,102,-0.2886,-0.8511,1.3772,-18.5038,-122.2290,39.8168
302625.4015,704502,102,-0.2495,-0.8333,1.3901,-17.3740,-119.6183,49.6336
302625.4015,704512,102,-0.2498,-0.8071,1.4089,-17.4962,-115.5267,58.8092
302625.4015,704522,102,-0.2134,-0.8030,1.4424,-19.7557,-111.4809,69.1145
302625.4015,704532,102,-0.2422,-0.7778,1.4583,-19.7557,-102.3664,80.4580
302625.4015,704542,102,-0.2759,-0.7117,1.4683,-17.4809,-97.2519,90.7786
302625.4623,704552,103,-0.2749,-0.6360,1.4883,-15.4198,-94.6260,98.8244
302625.4623,704562,103,-0.2639,-0.5825,1.5093,-16.3511,-90.9313,103.9695
302625.4623,704572,103,-0.2639,-0.5503,1.5210,-18.5802,-87.7863,108.3969
302625.4623,704582,103,-0.2634,-0.5020,1.5403,-19.8015,-83.6641,113.6794
302625.4623,704592,103,-0.2427,-0.4453,1.5879,-20.6412,-80.1069,118.4580
302625.4623,704602,103,-0.1985,-0.3594,1.6362,-21.0534,-73.9237,123.8626
302625.4623,704612,103,-0.2056,-0.2764,1.6426,-21.2824,-63.2824,126.4733
302625.4623,704622,103,-0.2344,-0.2041,1.6343,-22.8244,-53.7252,124.5496
302625.4623,704632,103,-0.2295,-0.1897,1.6221,-26.8092,-46.6412,119.7252
302625.4623,704642,103,-0.2295,-0.2249,1.5891,-31.6947,-39.3282,115.3130
302625.5825,704652,104,-0.2146,-0.2986,1.5427,-35.9847,-34.0305,112.8397
302625.5825,704662,104,-0.1968,-0.3733,1.5129,-37.4962,-31.3740,113.9847
302625.5825,704672,104,-0.1772,-0.3938,1.4924,-35.1145,-29.4809,119.7405
302625.5825,704682,104,-0.1633,-0.3872,1.4939,-30.6718,-28.5038,127.7710
302625.5825,704692,104,-0.1494,-0.2961,1.5168,-24.3511,-28.0000,137.2519
302625.5825,704702,104,-0.1536,-0.1497,1.5547,-20.5344,-26.9313,148.0611
302625.5825,704712,104,-0.1487,-0.0452,1.5828,-22.3511,-25.2519,152.8397
302625.5825,704722,104,-0.1226,0.0315,1.5869,-31.5725,-23.9695,153.8015
302625.5825,704732,104,-0.0947,0.0291,1.5635,-46.8702,-19.8168,157.5115
302625.5825,704742,104,-0.0327,-0.0195,1.5759,-50.6718,-11.4962,155.0229
302625.7018,704752,105,-0.0601,-0.0244,1.5837,-41.6336,-0.8397,143.9847
302625.7018,704762,105,-0.0903,-0.0017,1.5911,-29.5725,7.1298,130.3359
302625.7018,704772,105,-0.0996,0.0547,1.6023,-19.1298,14.7939,120.3664
302625.7018,704782,105,-0.1050,0.0955,1.5981,-14.4885,22.3053,113.6489
302625.7018,704792,105,-0.1213,0.0977,1.5618,-15.3130,30.0305,108.4427
302625.7018,704802,105,-0.1360,0.1252,1.5417,-18.1985,36.5954,105.0076
302625.7018,704812,105,-0.1338,0.1575,1.5303,-22.9618,43.8931,102.0611
302625.7018,704822,105,-0.1472,0.1763,1.5051,-27.9237,51.0229,97.0992
302625.7018,704832,105,-0.1433,0.1580,1.4832,-32.4885,55.4198,89.6183
302625.7018,704842,105,-0.1255,0.1191,1.4573,-36.0611,60.5344,83.2977
302625.7627,704852,106,-0.1228,0.0872,1.4539,-37.5878,68.6718,79.7099
302625.7627,704862,106,-0.1113,0.0371,1.4500,-33.6183,74.8855,76.4885
302625.7627,704872,106,-0.1133,0.0469,1.4558,-23.6489,79.7405,72.4885
302625.7627,704882,106,-0.1318,0.0679,1.4248,-17.8321,84.0916,71.2519
302625.7627,704892,106,-0.1558,0.0991,1.3772,-13.9084,88.9771,71.0534
302625.7627,704902,106,-0.2029,0.1394,1.3308,-10.8855,93.0534,68.6565
302625.7627,704912,106,-0.2180,0.1521,1.2854,-10.7023,94.1985,65.6031
302625.7627,704922,106,-0.2129,0.1448,1.2585,-10.1832,94.2443,61.5878
302625.7627,704932,106,-0.2373,0.1414,1.2249,-8.1832,95.1908,57.5267
302625.7627,704942,106,-0.2207,0.1335,1.2236,-6.0458,95.6031,54.3206
302625.8840,704952,107,-0.1919,0.1301,1.2273,-3.2519,96.7634,52.8702
302625.8840,704962,107,-0.1951,0.1445,1.2095,0.7176,100.2290,51.2214
302625.8840,704972,107,-0.2092,0.1616,1.1841,4.9618,103.0076,48.1221
302625.8840,704982,107,-0.2161,0.1763,1.1580,7.5267,103.9847,44.7786
302625.8840,704992,107,-0.2124,0.1882,1.1343,9.2214,104.6870,41.2977
302625.8840,705002,107,-0.2188,0.1956,1.0991,10.7481,106.6565,36.6870
302625.8840,705012,107,-0.2356,0.1838,1.0527,11.8321,106.9160,30.8550
302625.8840,705022,107,-0.2407,0.1658,1.0168,13.5725,104.8855,27.0534
302625.8840,705032,107,-0.2620,0.1592,0.9758,15.8321,103.5573,25.2977
302625.8840,705042,107,-0.2952,0.1643,0.9414,19.1298,102.0458,23.8473
302626.0018,705052,108,-0.2974,0.1848,0.9246,23.2214,97.8626,22.6718
302626.0018,705062,108,-0.3096,0.2097,0.9092,27.0840,94.4733,20.9160
302626.0018,705072,108,-0.3069,0.2339,0.9116,29.1603,92.2290,17.9237
302626.0018,705082,108,-0.2820,0.2542,0.9131,30.0458,91.7099,15.5115
302626.0018,705092,108,-0.2913,0.2571,0.8835,31.1603,94.1679,12.9313
302626.0018,705102,108,-0.2981,0.2849,0.8486,33.8626,95.8779,9.7557
302626.0018,705112,108,-0.3091,0.2993,0.8049,36.2137,96.7328,4.3511
302626.0018,705122,108,-0.3198,0.3020,0.7405,36.3206,97.5878,-3.1756
302626.0018,705132,108,-0.3357,0.2324,0.6736,32.8550,97.6641,-8.4733
302626.0018,705142,108,-0.3535,0.1743,0.6243,35.6489,95.2672,-14.0763
302626.0628,705152,109,-0.3547,0.1526,0.6057,44.0916,90.8855,-19.4809
302626.0628,705162,109,-0.3564,0.1301,0.5940,50.3359,86.7786,-22.5191
302626.0628,705172,109,-0.3477,0.1108,0.6042,54.6718,84.8092,-23.7405
302626.0628,705182,109,-0.3555,0.1243,0.5884,58.2137,83.8931,-23.0992
302626.0628,705192,109,-0.3794,0.1348,0.5574,59.9084,83.8931,-24.6260
302626.0628,705202,109,-0.4172,0.1326,0.5173,59.8321,82.2901,-27.8321
302626.0628,705212,109,-0.4360,0.1365,0.4768,59.4046,78.6718,-31.6031
302626.0628,705222,109,-0.4424,0.1096,0.4451,57.5420,72.8702,-35.7710
302626.0628,705232,109,-0.4304,0.0750,0.4224,57.2824,67.4504,-40.2595
302626.0628,705242,109,-0.4285,0.0432,0.4141,58.1832,62.8244,-43.2672
302626.1826,705252,110,-0.4265,0.0195,0.3882,59.7710,58.4580,-45.6336
302626.1826,705262,110,-0.4224,-0.0039,0.3850,61.2366,54.0611,-48.4122
302626.1826,705272,110,-0.4155,-0.0374,0.3816,61.1145,48.7176,-50.2595
302626.1826,705282,110,-0.4043,-0.0750,0.3816,61.3130,44.3664,-51.2977
302626.1826,705292,110,-0.3862,-0.1179,0.3828,61.0534,41.2672,-52.1832
302626.1826,705302,110,-0.3784,-0.1768,0.3723,59.5725,39.0382,-50.2595
302626.1826,705312,110,-0.3953,-0.1833,0.3477,60.1527,37.1450,-46.4885
302626.1826,705322,110,-0.4094,-0.1953,0.3323,59.1298,33.9084,-42.9924
302626.1826,705332,110,-0.3940,-0.2266,0.3186,57.4504,29.9084,-40.3359
302626.1826,705342,110,-0.3909,-0.2544,0.3005,58.9008,26.9924,-39.5115
302626.3017,705352,111,-0.4128,-0.2778,0.2751,58.7786,23.1145,-38.6412
302626.3017,705362,111,-0.4297,-0.3357,0.2349,54.5038,19.2977,-36.0000
302626.3017,705372,111,-0.4734,-0.3892,0.1848,50.8702,16.1221,-29.5573
302626.3017,705382,111,-0.5142,-0.4021,0.1565,52.7786,11.2824,-21.6336
302626.3017,705392,111,-0.5564,-0.3762,0.1370,56.8702,5.1603,-14.7481
302626.3017,705402,111,-0.5789,-0.3562,0.1519,58.7023,-4.1985,-8.7023
302626.3017,705412,111,-0.5698,-0.3210,0.1812,60.0916,-14.3206,-3.7405
302626.3017,705422,111,-0.5767,-0.2686,0.2380,61.2214,-22.1374,-1.3130
302626.3017,705432,111,-0.5867,-0.2278,0.2854,61.4962,-28.6870,-0.0611
302626.3017,705442,111,-0.6084,-0.1758,0.3398,62.9008,-33.2519,-2.0611
302626.3621,705452,112,-0.6152,-0.1511,0.3916,59.2366,-37.5725,-5.3893
302626.3621,705462,112,-0.6240,-0.1289,0.4248,52.2901,-39.7863,-7.8473
302626.3621,705472,112,-0.6414,-0.1335,0.4436,44.2137,-40.7023,-10.3817
302626.3621,705482,112,-0.6650,-0.1455,0.4636,36.3511,-42.8244,-12.5344
302626.3621,705492,112,-0.6602,-0.1470,0.5081,29.9542,-45.9695,-13.4504
302626.3621,705502,112,-0.6487,-0.1555,0.5554,24.3664,-48.3053,-13.0840
302626.3621,705512,112,-0.6704,-0.1501,0.5864,20.1679,-47.5878,-13.3893
302626.3621,705522,112,-0.6980,-0.1433,0.6067,17.5420,-45.8626,-15.5878
302626.3621,705532,112,-0.7212,-0.1365,0.6060,14.8092,-44.8092,-17.9542
302626.3621,705542,112,-0.7346,-0.1189,0.6108,12.2595,-44.4885,-20.7176
302626.4826,705552,113,-0.7305,-0.1406,0.6199,6.5496,-46.9008,-23.5878
302626.4826,705562,113,-0.7083,-0.1777,0.6357,1.8779,-49.6031,-26.0916
302626.4826,705572,113,-0.7092,-0.2288,0.6509,0.0763,-48.4885,-27.3282
302626.4826,705582,113,-0.7571,-0.2488,0.6384,0.2443,-46.6260,-25.9695
302626.4826,705592,113,-0.7830,-0.2407,0.6499,0.7328,-48.7634,-21.4962
302626.4826,705602,113,-0.7966,-0.2175,0.6780,2.5038,-51.7405,-17.6336
302626.4826,705612,113,-0.8167,-0.1689,0.7075,4.7634,-53.5573,-14.9618
302626.4826,705622,113,-0.8472,-0.1411,0.7349,4.3817,-55.6183,-12.9160
302626.4826,705632,113,-0.8865,-0.1228,0.7590,2.4733,-60.1527,-12.1374
302626.4826,705642,113,-0.8894,-0.1343,0.8115,-0.0305,-63.5878,-12.0153
302626.6072,705652,114,-0.9141,-0.1357,0.8655,-1.2061,-63.6947,-11.6947
302626.6072,705662,114,-0.8889,-0.1665,0.9597,-1.6183,-65.3435,-9.2824
302626.6072,705672,114,-0.8625,-0.1353,1.0574,2.5954,-61.7710,-4.9924
302626.6072,705682,114,-0.8557,-0.0913,1.1272,5.4046,-51.4962,-1.9237
302626.6072,705692,114,-0.8782,-0.0713,1.1470,4.7176,-42.0611,-0.9924
302626.6072,705702,114,-0.8787,-0.0664,1.1550,2.1985,-35.4046,-1.0840
302626.6072,705712,114,-0.8696,-0.0635,1.1560,-0.2443,-30.0763,-1.2824
302626.6072,705722,114,-0.8538,-0.0659,1.1643,-2.5344,-25.1145,-2.6870
302626.6072,705732,114,-0.8071,-0.0613,1.1775,-2.9924,-20.0611,-4.0916
302626.6072,705742,114,-0.7839,-0.0432,1.1699,-2.1832,-11.6947,-5.4504
302626.6617,705752,115,-0.7866,-0.0232,1.1279,-2.2443,-2.7176,-7.8015
302626.6617,705762,115,-0.7837,-0.0259,1.0752,-3.9695,4.3053,-10.0305
302626.6617,705772,115,-0.7861,-0.0432,1.0156,-5.1298,9.7252,-11.8931
302626.6617,705782,115,-0.7717,-0.0771,0.9614,-5.6336,12.6260,-12.9008
302626.6617,705792,115,-0.7476,-0.0994,0.9155,-5.3893,14.4580,-12.1374
302626.6617,705802,115,-0.7346,-0.0989,0.8647,-4.0305,16.3511,-10.4580
302626.6617,705812,115,-0.7161,-0.0918,0.8203,-3.0382,17.1450,-9.0992
302626.6617,705822,115,-0.6863,-0.0974,0.7859,-3.4198,16.6412,-8.2443
302626.6617,705832,115,-0.6526,-0.1084,0.7612,-4.1069,17.0229,-6.8550
302626.6617,705842,115,-0.6404,-0.1165,0.7305,-3.7710,18.7328,-5.5725
302626.7832,705852,116,-0.6436,-0.1147,0.6951,-3.3740,19.8473,-4.4427
302626.7832,705862,116,-0.6450,-0.1123,0.6719,-3.8626,19.5267,-2.7176
302626.7832,705872,116,-0.6533,-0.1218,0.6370,-4.2595,18.3206,-1.5573
302626.7832,705882,116,-0.6548,-0.1289,0.6238,-2.9160,16.1527,-0.8397
302626.7832,705892,116,-0.6602,-0.1248,0.6172,-1.0534,12.1069,0.6107
302626.7832,705902,116,-0.6570,-0.1155,0.6279,0.3511,6.5191,2.5191
302626.7832,705912,116,-0.6418,-0.0916,0.6509,2.6718,2.1832,3.8321
302626.7832,705922,116,-0.6458,-0.0623,0.6641,4.1069,0.3206,3.6183
302626.7832,705932,116,-0.6606,-0.0452,0.6685,2.8092,-0.5649,3.0382
302626.7832,705942,116,-0.6545,-0.0532,0.6848,-0.7176,-1.9542,2.4427
302626.9016,705952,117,-0.6375,-0.0740,0.7039,-2.8855,-2.9466,2.0763
302626.9016,705962,117,-0.6362,-0.0723,0.7219,-1.3130,-2.9313,1.6489
302626.9016,705972,117,-0.6482,-0.0630,0.7290,-0.4122,-2.5191,1.2824
302626.9016,705982,117,-0.6626,-0.0527,0.7217,-0.9160,-2.8702,1.0229
302626.9016,705992,117,-0.6494,-0.0579,0.7314,-1.8473,-4.4122,0.0458
302626.9016,706002,117,-0.6384,-0.0703,0.7427,-2.0763,-5.0076,-0.8702
302626.9016,706012,117,-0.6479,-0.0796,0.7397,-1.9084,-4.0153,-1.4656
302626.9016,706022,117,-0.6519,-0.0828,0.7422,-2.0916,-3.3130,-1.0382
302626.9016,706032,117,-0.6462,-0.0818,0.7532,-2.3664,-2.0153,0.2901
302626.9016,706042,117,-0.6736,-0.0686,0.7373,-1.3740,-0.5191,0.2137
302626.9622,706052,118,-0.6799,-0.0454,0.7456,-1.1450,-1.2366,0.5496
302626.9622,706062,118,-0.6687,-0.0383,0.7610,-2.1527,-1.8015,0.9008
302626.9622,706072,118,-0.6743,-0.0403,0.7544,-2.2137,-1.0992,-0.5344
302626.9622,706082,118,-0.6855,-0.0474,0.7439,-2.7176,-1.5420,-1.3893
302626.9622,706092,118,-0.6843,-0.0530,0.7415,-3.2977,-2.5191,-1.4351
302626.9622,706102,118,-0.6865,-0.0649,0.7405,-4.0305,-3.8779,-1.1298
302626.9622,706112,118,-0.6821,-0.0676,0.7500,-4.2443,-5.3435,-0.7328
302626.9622,706122,118,-0.6663,-0.0771,0.7627,-4.1069,-6.7634,-0.2748
302626.9622,706132,118,-0.6438,-0.0786,0.7803,-3.9389,-6.9771,0.4427
302626.9622,706142,118,-0.6199,-0.0786,0.8066,-2.6260,-4.5649,1.3130
302627.0830,706152,119,-0.6746,-0.0425,0.7795,-0.3817,0.9313,1.8626
302627.0830,706162,119,-0.6777,-0.0242,0.7690,-1.3893,0.1374,1.9237
302627.0830,706172,119,-0.6699,-0.0244,0.7644,-3.1603,-0.7176,1.3740
302627.0830,706182,119,-0.6658,-0.0366,0.7585,-3.8473,-1.2061,-0.1069
302627.0830,706192,119,-0.6597,-0.0508,0.7498,-3.8626,-1.9847,-0.8855
302627.0830,706202,119,-0.6523,-0.0598,0.7537,-3.8626,-2.4885,-0.3817
302627.0830,706212,119,-0.6296,-0.0564,0.7688,-2.7939,-1.5878,0.4275
302627.0830,706222,119,-0.6357,-0.0525,0.7678,-2.4275,0.7176,0.5802
302627.0830,706232,119,-0.6421,-0.0530,0.7512,-2.3359,1.9847,0.7023
302627.0830,706242,119,-0.6562,-0.0447,0.7332,-2.2443,2.2595,0.3053
302627.2016,706252,120,-0.6592,-0.0598,0.7175,-2.7634,1.0687,0.1985
302627.2016,706262,120,-0.6533,-0.0591,0.7114,-1.5878,-0.6565,0.4733
302627.2016,706272,120,-0.6523,-0.0505,0.7021,-0.6565,-2.3053,0.4580
302627.2016,706282,120,-0.6545,-0.0469,0.6931,-0.8702,-4.1069,0.5038
302627.2016,706292,120,-0.6594,-0.0474,0.6890,-0.8550,-6.3511,0.4275
302627.2016,706302,120,-0.6455,-0.0583,0.6929,-0.3817,-8.6107,0.2901
302627.2016,706312,120,-0.6436,-0.0759,0.7085,0.7786,-10.0153,0.0611
302627.2016,706322,120,-0.6428,-0.0789,0.7200,2.3969,-10.3969,0.4427
302627.2016,706332,120,-0.6221,-0.0730,0.7439,2.8092,-9.1756,2.7176
302627.2016,706342,120,-0.6406,-0.0596,0.7583,4.1985,-6.5038,3.9389
302627.2622,706352,121,-0.6562,-0.0427,0.7610,5.1756,-5.6489,3.6031
302627.2622,706362,121,-0.6714,-0.0322,0.7644,4.3206,-6.0000,3.4046
302627.2622,706372,121,-0.6731,-0.0203,0.7751,2.5802,-7.0076,2.8244
302627.2622,706382,121,-0.6646,-0.0310,0.7849,0.9771,-7.7863,1.5725
302627.2622,706392,121,-0.6641,-0.0483,0.7883,0.2443,-7.9237,0.0611
302627.2622,706402,121,-0.6658,-0.0596,0.7827,-0.5496,-7.8015,-0.2290
302627.2622,706412,121,-0.6699,-0.0674,0.7847,-0.6718,-7.8779,-0.0153
302627.2622,706422,121,-0.6646,-0.0706,0.7913,0.2901,-7.4046,0.1374
302627.2622,706432,121,-0.6653,-0.0625,0.7927,1.4656,-6.4733,0.4885
302627.2622,706442,121,-0.6633,-0.0559,0.7993,1.8931,-5.4046,0.6412
302627.3830,706452,122,-0.6592,-0.0667,0.7949,0.9466,-3.1298,1.5115
302627.3830,706462,122,-0.6812,-0.0610,0.7759,1.0229,-1.0687,2.2137
302627.3830,706472,122,-0.6956,-0.0486,0.7651,1.6183,-1.2824,2.8855
302627.3830,706482,122,-0.6946,-0.0457,0.7634,1.3282,-3.2519,2.9466
302627.3830,706492,122,-0.6746,-0.0493,0.7744,1.3435,-4.9313,2.6870
302627.3830,706502,122,-0.6682,-0.0432,0.7808,2.4580,-5.0534,1.8626
302627.3830,706512,122,-0.6721,-0.0435,0.7815,1.7405,-4.8092,1.6336
302627.3830,706522,122,-0.6638,-0.0486,0.7883,0.3817,-5.3435,1.6183
302627.3830,706532,122,-0.6394,-0.0605,0.8027,-0.1069,-5.0229,1.4809
302627.3830,706542,122,-0.6270,-0.0583,0.8130,-0.1221,-2.7786,1.8473
302627.5018,706552,123,-0.6306,-0.0552,0.8003,-0.0458,0.8244,2.3664
302627.5018,706562,123,-0.6575,-0.0396,0.7737,0.2748,3.1298,2.0000
302627.5018,706572,123,-0.6658,-0.0393,0.7517,-0.8244,2.3359,1.7099
302627.5018,706582,123,-0.6562,-0.0500,0.7371,-1.5878,0.4427,1.2824
302627.5018,706592,123,-0.6538,-0.0559,0.7310,-1.3282,-1.1908,1.2061
302627.5018,706602,123,-0.6521,-0.0564,0.7334,-0.8702,-2.7176,1.7557
302627.5018,706612,123,-0.6365,-0.0479,0.7449,-0.1985,-3.8473,2.4427
302627.5018,706622,123,-0.6238,-0.0410,0.7632,1.1450,-3.2366,2.3664
302627.5018,706632,123,-0.6299,-0.0315,0.7549,1.5725,-1.0992,1.8015
302627.5018,706642,123,-0.6467,-0.0347,0.7410,0.1679,0.0611,1.8015
302627.5622,706652,124,-0.6460,-0.0554,0.7312,-1.4504,-1.1450,1.7710
302627.5622,706662,124,-0.6396,-0.0786,0.7361,-1.1145,-2.5191,1.9237
302627.5622,706672,124,-0.6382,-0.0667,0.7507,0.1985,-2.9008,2.7786
302627.5622,706682,124,-0.6501,-0.0549,0.7490,0.4122,-3.0687,3.8168
302627.5622,706692,124,-0.6436,-0.0469,0.7576,0.0611,-4.1069,4.0763
302627.5622,706702,124,-0.6360,-0.0430,0.7656,-0.2748,-4.4275,4.0458
302627.5622,706712,124,-0.6384,-0.0471,0.7659,-1.2214,-4.0305,3.7557
302627.5622,706722,124,-0.6406,-0.0520,0.7686,-1.6336,-3.3435,4.1527
302627.5622,706732,124,-0.6482,-0.0481,0.7578,-0.3053,-2.8397,4.5038
302627.5622,706742,124,-0.6460,-0.0347,0.7686,1.5115,-3.2214,4.7176
302627.6811,706752,125,-0.6494,-0.0217,0.7703,2.2748,-3.3435,4.5496
302627.6811,706762,125,-0.6494,-0.0264,0.7712,1.2672,-3.5115,4.2137
302627.6811,706772,125,-0.6589,-0.0381,0.7617,-0.2137,-2.7939,4.3359
302627.6811,706782,125,-0.6697,-0.0454,0.7556,-0.4580,-3.1908,4.7634
302627.6811,706792,125,-0.6672,-0.0388,0.7639,0.7176,-4.9466,5.0382
302627.6811,706802,125,-0.6580,-0.0325,0.7842,1.8931,-6.2137,5.1603
302627.6811,706812,125,-0.6567,-0.0193,0.7959,2.7176,-6.1069,5.2061
302627.6811,706822,125,-0.6445,-0.0039,0.8101,2.1221,-5.3435,5.1298
302627.6811,706832,125,-0.6440,-0.0110,0.8130,0.5954,-3.8931,4.7328
302627.6811,706842,125,-0.6509,-0.0161,0.8035,-0.0305,-2.5649,3.9237
302627.8013,706852,126,-0.6494,-0.0181,0.8052,-0.1221,-1.9542,3.4504
302627.8013,706862,126,-0.6489,-0.0149,0.8018,-0.2290,-1.3435,3.4198
302627.8013,706872,126,-0.6553,-0.0081,0.7954,-0.5954,-0.8397,2.9466
302627.8013,706882,126,-0.6541,0.0007,0.7869,-1.2824,-1.0382,2.0153
302627.8013,706892,126,-0.6519,-0.0088,0.7830,-2.9924,-1.6336,1.1298
302627.8013,706902,126,-0.6501,-0.0229,0.7754,-4.5954,-2.2137,0.2290
302627.8013,706912,126,-0.6411,-0.0444,0.7776,-5.2519,-2.6870,-0.1832
302627.8013,706922,126,-0.6294,-0.0508,0.7817,-4.5802,-2.2748,0.4427
302627.8013,706932,126,-0.6250,-0.0601,0.7820,-3.6489,-0.6107,1.6183
302627.8013,706942,126,-0.6284,-0.0574,0.7798,-1.9542,1.1298,2.4580
302627.8619,706952,127,-0.6475,-0.0391,0.7754,1.1603,1.9237,2.3206
302627.8619,706962,127,-0.6482,-0.0203,0.7749,2.1069,1.1756,2.3664
302627.8619,706972,127,-0.6580,-0.0095,0.7676,0.9160,0.6870,2.7328
302627.8619,706982,127,-0.6584,-0.0117,0.7649,-0.9313,-0.1374,2.9618
302627.8619,706992,127,-0.6523,-0.0120,0.7698,-1.4198,-1.5573,2.7328
302627.8619,707002,127,-0.6467,-0.0078,0.7808,-0.9466,-2.7023,2.1527
302627.8619,707012,127,-0.6348,-0.0063,0.7871,-1.2824,-2.4122,2.0458
302627.8619,707022,127,-0.6372,-0.0225,0.7817,-1.6794,-1.0992,1.9084
302627.8619,707032,127,-0.6465,-0.0317,0.7773,-0.9313,-0.0458,2.0763
302627.8619,707042,127,-0.6421,-0.0322,0.7849,0.6565,0.0000,3.1145
302627.9827,707052,128,-0.6438,-0.0171,0.7878,2.7023,0.5954,3.6641
302627.9827,707062,128,-0.6492,-0.0046,0.7910,3.3435,1.4046,3.8473
302627.9827,707072,128,-0.6584,0.0015,0.7832,3.2214,1.3130,3.7710
302627.9827,707082,128,-0.6631,0.0127,0.7842,3.0992,0.5191,3.0687
302627.9827,707092,128,-0.6667,0.0127,0.7937,2.1221,-0.3817,2.3969
302627.9827,707102,128,-0.6624,0.0103,0.7935,0.8855,-0.7786,1.8931
302627.9827,707112,128,-0.6460,-0.0044,0.8123,0.1069,-0.2290,1.3588
302627.9827,707122,128,-0.6426,-0.0173,0.8088,1.0534,1.3282,0.6412
302627.9827,707132,128,-0.6599,-0.0242,0.7966,1.7710,3.1908,0.3664
302627.9827,707142,128,-0.6653,-0.0295,0.7781,1.9389,3.0534,1.0229
302628.1620,707152,129,-0.6616,-0.0420,0.7695,2.2443,2.2137,1.3130
302628.1620,707162,129,-0.6655,-0.0549,0.7573,3.0229,1.4198,2.1221
302628.1620,707172,129,-0.6646,-0.0603,0.7463,4.2595,0.4275,3.4198
302628.1620,707182,129,-0.6677,-0.0627,0.7473,5.6031,-0.6107,4.8244
302628.1620,707192,129,-0.6672,-0.0601,0.7629,6.6870,-1.6031,6.6260
302628.1620,707202,129,-0.6479,-0.0483,0.7883,7.9847,-2.1985,8.5802
302628.1620,707212,129,-0.6482,-0.0269,0.8101,9.9389,-0.9008,9.8168
302628.1620,707222,129,-0.6587,-0.0024,0.8218,10.7481,1.0382,10.3511
302628.1620,707232,129,-0.6741,0.0156,0.8057,10.1374,2.3664,10.3664
302628.1620,707242,129,-0.6882,0.0237,0.8042,9.1145,2.6718,10.1832
302628.1645,707252,130,-0.6753,0.0300,0.8047,8.1985,2.1374,9.7710
302628.1645,707262,130,-0.6768,0.0259,0.8132,7.3740,2.8702,9.0534
302628.1645,707272,130,-0.6865,0.0342,0.8093,7.1756,4.0305,9.2824
302628.1645,707282,130,-0.6833,0.0483,0.8162,8.2290,4.4122,9.4198
302628.1645,707292,130,-0.6755,0.0581,0.8320,9.3740,5.6489,8.4733
302628.1645,707302,130,-0.6914,0.0659,0.8311,9.9542,7.9695,8.2137
302628.1645,707312,130,-0.6958,0.0806,0.8318,10.4427,9.5878,8.5954
302628.1645,707322,130,-0.6934,0.1106,0.8538,11.1450,12.7023,9.5420
302628.1645,707332,130,-0.7090,0.1252,0.8420,12.9008,11.9237,8.5496
302628.1645,707342,130,-0.7000,0.1694,0.8687,16.2748,10.4580,6.1679
302628.2833,707352,131,-0.6951,0.2170,0.8826,15.6183,12.3511,5.5878
302628.2833,707362,131,-0.7058,0.2434,0.8843,14.3511,15.5420,4.1221
302628.2833,707372,131,-0.6846,0.2607,0.8882,15.1603,17.3588,0.0763
302628.2833,707382,131,-0.7007,0.2866,0.8691,14.6412,20.2137,-2.8092
302628.2833,707392,131,-0.7002,0.2915,0.8525,13.7863,20.4885,-6.7023
302628.2833,707402,131,-0.6782,0.2849,0.8447,13.3588,20.7939,-10.9008
302628.2833,707412,131,-0.6604,0.2661,0.8376,13.5115,22.3359,-14.2137
302628.2833,707422,131,-0.6431,0.2573,0.8237,15.1908,23.8473,-16.7634
302628.2833,707432,131,-0.6504,0.2710,0.7939,17.3435,26.0611,-18.9160
302628.2833,707442,131,-0.6448,0.2698,0.7637,17.8626,25.8626,-20.9771
302628.4023,707452,132,-0.6245,0.2749,0.7444,18.9313,24.6260,-23.2214
302628.4023,707462,132,-0.5981,0.2837,0.7354,20.2290,23.3740,-26.5802
302628.4023,707472,132,-0.5789,0.2734,0.7087,20.7634,23.3893,-30.5344
302628.4023,707482,132,-0.5610,0.2581,0.6838,20.9924,24.2901,-33.9542
302628.4023,707492,132,-0.5581,0.2380,0.6499,20.3206,25.5878,-36.4580
302628.4023,707502,132,-0.5537,0.2222,0.6138,21.1298,25.4046,-38.7786
302628.4023,707512,132,-0.5464,0.2209,0.5884,22.6412,23.6947,-41.4809
302628.4023,707522,132,-0.5222,0.2144,0.5662,23.2061,21.3893,-43.6947
302628.4023,707532,132,-0.5024,0.2175,0.5471,24.5802,19.3893,-46.6565
302628.4023,707542,132,-0.4802,0.1943,0.5256,24.3664,17.0534,-50.7634
302628.5220,707552,133,-0.4570,0.1689,0.4946,23.1756,14.9771,-53.6489
302628.5220,707562,133,-0.4382,0.1384,0.4707,22.9466,12.1527,-55.5878
302628.5220,707572,133,-0.4102,0.1321,0.4539,24.3359,9.3282,-57.3893
302628.5220,707582,133,-0.3921,0.1108,0.4287,24.7328,7.6031,-59.5267
302628.5220,707592,133,-0.3887,0.0857,0.3933,24.1832,5.6336,-62.4122
302628.5220,707602,133,-0.3928,0.0334,0.3372,22.8397,3.7405,-65.6794
302628.5220,707612,133,-0.4058,-0.0222,0.2764,20.4275,0.6412,-67.0382
302628.5220,707622,133,-0.4045,-0.0881,0.2388,18.3511,-6.0763,-66.4122
302628.5220,707632,133,-0.3796,-0.1460,0.2261,20.7634,-15.3740,-65.1145
302628.5220,707642,133,-0.3450,-0.1477,0.2466,25.7557,-23.7252,-62.5802
302628.6419,707652,134,-0.3242,-0.1304,0.2703,27.3435,-30.7939,-59.4351
302628.6419,707662,134,-0.2913,-0.1355,0.2998,25.9695,-38.8702,-57.8168
302628.6419,707672,134,-0.2817,-0.1338,0.3201,26.2443,-44.3511,-58.7023
302628.6419,707682,134,-0.2932,-0.1575,0.3167,24.6412,-47.1298,-60.6565
302628.6419,707692,134,-0.3020,-0.1953,0.3245,21.1908,-51.4198,-63.2366
302628.6419,707702,134,-0.2954,-0.2751,0.3127,16.6412,-57.9542,-65.5115
302628.6419,707712,134,-0.3333,-0.3386,0.2932,13.8321,-61.2214,-64.4885
302628.6419,707722,134,-0.3589,-0.4060,0.2979,12.6565,-68.2595,-61.1145
302628.6419,707732,134,-0.3506,-0.4695,0.3196,15.4504,-77.8473,-56.7481
302628.6419,707742,134,-0.3645,-0.4851,0.3726,21.2214,-86.6565,-52.2137
302628.7018,707752,135,-0.3247,-0.4800,0.4490,24.3511,-97.3435,-47.1908
302628.7018,707762,135,-0.2830,-0.4856,0.5371,23.5573,-103.8473,-41.7405
302628.7018,707772,135,-0.2178,-0.5000,0.6438,23.0534,-106.9771,-37.3740
302628.7018,707782,135,-0.2300,-0.4866,0.7153,23.7252,-103.7557,-34.7939
302628.7018,707792,135,-0.2820,-0.4995,0.7283,17.8015,-101.4504,-32.2137
302628.7018,707802,135,-0.3210,-0.5198,0.7292,9.9695,-104.1832,-29.6031
302628.7018,707812,135,-0.3225,-0.5261,0.7498,3.3282,-109.6794,-27.8321
302628.7018,707822,135,-0.3289,-0.5605,0.7522,-3.5725,-114.9008,-26.9924
302628.7018,707832,135,-0.3459,-0.6384,0.7327,-9.5573,-118.2290,-26.0458
302628.7018,707842,135,-0.3496,-0.7139,0.7483,-9.9084,-122.0000,-22.7328
302628.7687,707852,136,-0.3254,-0.7561,0.8237,-3.0534,-125.4351,-15.5420
302628.7687,707862,136,-0.3098,-0.7341,0.8997,8.2748,-125.0687,-7.0992
302628.7687,707872,136,-0.3108,-0.6479,0.9900,17.7557,-122.7328,-0.8244
302628.7687,707882,136,-0.3230,-0.5764,1.0623,18.1374,-120.5954,2.8244
302628.7687,707892,136,-0.3564,-0.5410,1.0925,9.0992,-116.6718,8.0458
302628.7687,707902,136,-0.3750,-0.5361,1.1013,-1.5573,-115.0992,9.8779
302628.7687,707912,136,-0.3730,-0.6235,1.1104,-13.7710,-115.4962,10.3817
302628.7687,707922,136,-0.3689,-0.7253,1.1155,-22.0000,-115.0992,13.1756
302628.7687,707932,136,-0.3435,-0.8074,1.1570,-24.3053,-114.9160,20.6718
302628.7687,707942,136,-0.3071,-0.8196,1.2278,-19.6489,-110.2443,32.0153
302628.9406,707952,137,-0.3071,-0.7690,1.2986,-13.0229,-104.6870,45.0076
302628.9406,707962,137,-0.3330,-0.6624,1.3384,-8.6870,-99.5420,56.6565
302628.9406,707972,137,-0.3750,-0.5576,1.3638,-9.1756,-97.3130,63.8015
302628.9406,707982,137,-0.4153,-0.4783,1.3979,-15.6947,-99.0687,68.5038
302628.9406,707992,137,-0.4329,-0.4373,1.4319,-24.2901,-101.0992,70.9771
302628.9406,708002,137,-0.4165,-0.4446,1.4763,-32.6107,-101.8779,70.4427
302628.9406,708012,137,-0.3984,-0.4707,1.5103,-39.4351,-100.3969,69.6336
302628.9406,708022,137,-0.3550,-0.5261,1.5520,-46.3511,-98.1985,70.3817
302628.9406,708032,137,-0.3115,-0.5845,1.6116,-50.1679,-94.6260,74.4733
302628.9406,708042,137,-0.2727,-0.5789,1.6631,-47.8168,-88.6412,81.2977
302629.0025,708052,138,-0.2590,-0.5532,1.6980,-45.3435,-80.1832,88.5496
302629.0025,708062,138,-0.2439,-0.5361,1.7170,-42.8550,-70.9466,96.0000
302629.0025,708072,138,-0.2515,-0.4858,1.7234,-39.5267,-61.0534,102.8702
302629.0025,708082,138,-0.2434,-0.4255,1.7256,-36.9466,-52.4885,109.0840
302629.0025,708092,138,-0.2239,-0.3647,1.7329,-34.1832,-43.8473,113.1908
302629.0025,708102,138,-0.2339,-0.2949,1.7385,-30.7939,-34.3359,116.5649
302629.0025,708112,138,-0.2676,-0.2095,1.7327,-29.3130,-25.5725,120.1985
302629.0025,708122,138,-0.2896,-0.1355,1.7295,-29.9542,-18.1832,122.3511
302629.0025,708132,138,-0.2915,-0.0791,1.7397,-30.6718,-12.2290,120.9008
302629.0025,708142,138,-0.2947,-0.0298,1.7402,-33.2824,-6.5954,118.5038
302629.0622,708152,139,-0.2876,-0.0283,1.7427,-38.3053,-0.6565,115.3588
302629.0622,708162,139,-0.2690,-0.0115,1.7473,-40.9008,5.5573,112.4733
302629.0622,708172,139,-0.2607,0.0305,1.7593,-42.0916,13.2824,111.9084
302629.0622,708182,139,-0.2341,0.0896,1.7705,-41.9237,20.6260,111.1145
302629.0622,708192,139,-0.2339,0.1323,1.7617,-43.0076,30.1527,107.4809
302629.0622,708202,139,-0.2483,0.1631,1.7288,-44.7786,41.2061,100.0305
302629.0622,708212,139,-0.2681,0.1372,1.6885,-47.9084,49.9389,90.6107
302629.0622,708222,139,-0.2520,0.0762,1.6636,-50.8702,55.0992,83.9237
302629.0622,708232,139,-0.2432,0.0254,1.6357,-51.8626,60.2443,81.3740
302629.0622,708242,139,-0.2449,0.0037,1.6011,-49.5878,65.8931,81.6947
302629.1831,708252,140,-0.2400,0.0032,1.5813,-43.1450,71.3893,83.6641
302629.1831,708262,140,-0.2390,0.0547,1.5667,-33.9084,77.0687,84.5496
302629.1831,708272,140,-0.2375,0.0947,1.5452,-28.3969,81.6794,85.0229
302629.1831,708282,140,-0.2324,0.1243,1.5198,-24.4427,85.2214,84.0153
302629.1831,708292,140,-0.2107,0.1472,1.4917,-20.8550,88.0611,81.6183
302629.1831,708302,140,-0.1943,0.1519,1.4548,-18.0000,92.6412,78.7634
302629.1831,708312,140,-0.1970,0.1711,1.4185,-14.8244,97.9847,75.5725
302629.1831,708322,140,-0.2063,0.1707,1.3660,-13.3588,102.7786,73.0687
302629.1831,708332,140,-0.1968,0.1775,1.3220,-10.1374,105.2214,71.6489
302629.1831,708342,140,-0.1819,0.2063,1.3008,-4.1221,107.1145,69.2366
302629.3615,708352,141,-0.1760,0.2305,1.2424,0.4733,108.0000,65.4351
302629.3615,708362,141,-0.1682,0.2341,1.1958,3.0534,107.1450,61.1603
302629.3615,708372,141,-0.1550,0.2336,1.1467,6.5954,105.5115,57.2061
302629.3615,708382,141,-0.1482,0.2349,1.1052,12.2290,104.4427,52.6412
302629.3615,708392,141,-0.1621,0.2422,1.0681,17.2824,101.4504,48.5191
302629.3615,708402,141,-0.1643,0.2292,1.0464,20.8092,98.1985,45.9542
302629.3615,708412,141,-0.1628,0.2366,1.0354,27.2214,98.1985,44.5191
302629.3615,708422,141,-0.1694,0.2434,1.0073,33.6336,99.0534,43.4351
302629.3615,708432,141,-0.1750,0.2566,0.9824,39.4351,101.4198,43.2672
302629.3615,708442,141,-0.1960,0.2778,0.9302,45.6794,105.0229,43.0992
302629.3639,708452,142,-0.2480,0.2976,0.8694,52.6107,107.5573,42.0611
302629.3639,708462,142,-0.2920,0.3328,0.8179,59.6947,106.4122,40.0611
302629.3639,708472,142,-0.3098,0.3472,0.7798,65.3435,101.7099,36.3664
302629.3639,708482,142,-0.3608,0.3691,0.7444,70.2443,97.5878,31.9237
302629.3639,708492,142,-0.3372,0.3833,0.7366,74.9008,90.6260,27.6031
302629.3639,708502,142,-0.3352,0.3645,0.7366,83.0229,86.3817,21.0076
302629.3639,708512,142,-0.3018,0.3743,0.7512,94.0153,84.5191,12.7481
302629.3639,708522,142,-0.3086,0.3845,0.7314,100.8244,86.8092,6.3511
302629.3639,708532,142,-0.3457,0.3669,0.6821,103.0229,89.6641,0.5344
302629.3639,708542,142,-0.3787,0.3599,0.6460,107.1145,88.7634,-5.7557
302629.4827,708552,143,-0.3948,0.3735,0.6240,112.1679,84.3969,-11.6183
302629.4827,708562,143,-0.3984,0.3787,0.6165,113.8015,79.5267,-16.7481
302629.4827,708572,143,-0.3784,0.3638,0.6086,113.2214,74.7023,-20.9160
302629.4827,708582,143,-0.3809,0.3616,0.5969,113.2061,72.0153,-24.5649
302629.4827,708592,143,-0.3967,0.3416,0.5598,112.7176,70.5802,-28.9771
302629.4827,708602,143,-0.3926,0.3298,0.5403,113.0992,67.9084,-33.1603
302629.4827,708612,143,-0.3936,0.3318,0.5186,114.5954,64.1374,-36.6412
302629.4827,708622,143,-0.3945,0.3440,0.5015,115.5725,60.2595,-40.7786
302629.4827,708632,143,-0.3877,0.3457,0.4888,113.9695,54.9771,-45.4504
302629.4827,708642,143,-0.3784,0.3489,0.4683,111.7863,49.3130,-50.6412
302629.6020,708652,144,-0.3679,0.3379,0.4570,108.0153,43.6794,-56.8550
302629.6020,708662,144,-0.3284,0.3169,0.4438,102.6870,39.0687,-64.0305
302629.6020,708672,144,-0.3320,0.2668,0.4136,95.2061,39.0992,-70.6565
302629.6020,708682,144,-0.3406,0.2083,0.3713,89.5878,37.9542,-76.6718
302629.6020,708692,144,-0.3591,0.1558,0.3286,86.3817,34.5802,-81.2061
302629.6020,708702,144,-0.3640,0.1277,0.3022,85.5420,28.7634,-82.9466
302629.6020,708712,144,-0.3616,0.1230,0.3020,85.5725,22.0763,-84.5649
302629.6020,708722,144,-0.3418,0.1230,0.3196,84.5191,14.9160,-87.0840
302629.6020,708732,144,-0.3027,0.0874,0.3330,81.1603,9.3435,-90.8397
302629.6020,708742,144,-0.3008,0.0369,0.3142,77.3588,7.3130,-94.4427
302629.6629,708752,145,-0.3130,-0.0261,0.2783,73.1603,5.6489,-97.2672
302629.6629,708762,145,-0.3059,-0.0779,0.2395,71.1145,1.5573,-98.0458
302629.6629,708772,145,-0.2883,-0.1189,0.2153,70.5802,-3.8473,-99.0229
302629.6629,708782,145,-0.2676,-0.1555,0.1960,69.9695,-10.8244,-97.5267
302629.6629,708792,145,-0.2288,-0.1428,0.2012,72.3664,-17.1756,-94.9771
302629.6629,708802,145,-0.1975,-0.1248,0.2026,72.6260,-21.5878,-94.7939
302629.6629,708812,145,-0.1794,-0.1494,0.1926,69.0534,-24.6870,-96.8702
302629.6629,708822,145,-0.2021,-0.1792,0.1472,65.5573,-25.9542,-98.9466
302629.6629,708832,145,-0.2605,-0.2085,0.0928,63.0534,-29.2824,-101.6183
302629.6629,708842,145,-0.2981,-0.2781,0.0715,58.9313,-38.2748,-103.3740
302629.7833,708852,146,-0.3083,-0.2896,0.0605,57.2519,-49.3435,-101.6794
302629.7833,708862,146,-0.2981,-0.3232,0.0916,52.6718,-62.0000,-98.3969
302629.7833,708872,146,-0.2566,-0.3706,0.1560,46.7939,-75.1450,-95.9237
302629.7833,708882,146,-0.2095,-0.4148,0.2354,42.1679,-85.0534,-93.8626
302629.7833,708892,146,-0.1509,-0.4819,0.3223,37.4504,-91.8931,-91.1603
302629.7833,708902,146,-0.1194,-0.5667,0.3792,33.0076,-94.4122,-87.0840
302629.7833,708912,146,-0.1350,-0.6487,0.3906,31.6794,-93.9847,-81.0687
302629.7833,708922,146,-0.1685,-0.6782,0.3865,35.3130,-95.4656,-73.5267
302629.7833,708932,146,-0.1985,-0.6970,0.3875,37.5115,-98.9771,-64.1069
302629.7833,708942,146,-0.2197,-0.6890,0.3999,39.7557,-104.6870,-55.4504
302629.9012,708952,147,-0.2080,-0.6494,0.4407,39.4656,-111.5115,-48.2901
302629.9012,708962,147,-0.2119,-0.6062,0.4844,34.7328,-118.0763,-41.8779
302629.9012,708972,147,-0.2222,-0.5769,0.5278,28.2290,-125.4198,-38.4427
302629.9012,708982,147,-0.2217,-0.5654,0.5815,20.1985,-131.8931,-37.7557
302629.9012,708992,147,-0.2656,-0.6465,0.5837,11.8015,-135.9847,-38.1374
302629.9012,709002,147,-0.3276,-0.7800,0.5720,6.8092,-138.7176,-37.8931
302629.9012,709012,147,-0.2876,-0.8613,0.6428,8.1527,-147.4656,-32.3359
302629.9012,709022,147,-0.2224,-0.8889,0.7659,12.7176,-152.7939,-23.3435
302629.9012,709032,147,-0.2034,-0.8799,0.8528,16.1069,-151.6794,-12.3817
302629.9012,709042,147,-0.2253,-0.8364,0.9290,16.2137,-151.2214,-2.0916
302630.0220,709052,148,-0.2227,-0.7566,1.0430,14.5496,-156.5954,7.4046
302630.0220,709062,148,-0.2214,-0.7046,1.1414,9.4656,-157.7710,15.1756
302630.0220,709072,148,-0.2476,-0.6995,1.1794,2.1527,-154.3359,18.2443
302630.0220,709082,148,-0.3081,-0.7607,1.1675,-6.9924,-150.3511,22.1527
302630.0220,709092,148,-0.3413,-0.7988,1.1665,-12.5496,-149.9084,28.2137
302630.0220,709102,148,-0.3044,-0.7969,1.2026,-13.6641,-153.7863,35.3588
302630.0220,709112,148,-0.2693,-0.7603,1.2708,-14.8855,-156.0305,44.0763
302630.0220,709122,148,-0.2148,-0.7085,1.3716,-16.9618,-153.3282,54.1069
302630.0220,709132,148,-0.2769,-0.6343,1.4263,-19.6336,-144.9618,62.9466
302630.0220,709142,148,-0.3445,-0.5632,1.4563,-23.2824,-136.7481,68.6107
302630.0829,709152,149,-0.4094,-0.5029,1.4907,-26.2137,-130.7176,70.9618
302630.0829,709162,149,-0.4219,-0.4727,1.5325,-31.4504,-128.5344,71.6031
302630.0829,709172,149,-0.4036,-0.4900,1.5688,-37.4046,-126.5038,70.5038
302630.0829,709182,149,-0.3657,-0.5498,1.5852,-42.0153,-124.1832,69.1908
302630.0829,709192,149,-0.3118,-0.6172,1.6167,-44.3817,-121.4504,71.4504
302630.0829,709202,149,-0.2622,-0.6296,1.6804,-42.0153,-116.2137,78.6565
302630.0829,709212,149,-0.2441,-0.5542,1.7327,-36.7634,-107.2519,88.7328
302630.0829,709222,149,-0.2681,-0.4990,1.7429,-35.0534,-96.5344,96.5344
302630.0829,709232,149,-0.2852,-0.4648,1.7380,-34.7328,-86.8092,102.8855
302630.0829,709242,149,-0.2983,-0.4048,1.7439,-33.4504,-78.3206,108.0611
302630.2016,709252,150,-0.2871,-0.3494,1.7673,-32.8092,-72.5344,111.0840
302630.2016,709262,150,-0.2920,-0.3035,1.7646,-33.3740,-65.6336,113.9542
302630.2016,709272,150,-0.3049,-0.2778,1.7495,-34.8550,-58.2748,114.8244
302630.2016,709282,150,-0.2900,-0.2537,1.7546,-36.0153,-52.1069,116.6718
302630.2016,709292,150,-0.2793,-0.2429,1.7537,-35.5115,-44.8702,118.4580
302630.2016,709302,150,-0.2659,-0.2336,1.7598,-33.1298,-37.4198,119.5573
302630.2016,709312,150,-0.2561,-0.1897,1.7666,-30.8702,-30.5191,123.0076
302630.2016,709322,150,-0.2429,-0.1497,1.7886,-29.6336,-22.9771,126.6870
302630.2016,709332,150,-0.2314,-0.0874,1.8176,-28.7176,-15.4198,128.8855
302630.2016,709342,150,-0.2192,-0.0354,1.8167,-28.1527,-5.6641,129.2366
302630.2623,709352,151,-0.2241,-0.0068,1.7861,-28.5191,4.8855,126.9466
302630.2623,709362,151,-0.2329,0.0029,1.7700,-29.0229,13.5267,123.2977
302630.2623,709372,151,-0.2344,0.0247,1.7402,-27.9389,21.4809,121.1756
302630.2623,709382,151,-0.2515,0.0610,1.7078,-25.6336,30.3969,119.1756
302630.2623,709392,151,-0.2776,0.0940,1.6846,-24.4580,38.0153,116.0763
302630.2623,709402,151,-0.2869,0.1201,1.6794,-24.3359,43.4809,113.9389
302630.2623,709412,151,-0.2810,0.1558,1.6853,-22.3053,48.6718,111.2519
302630.2623,709422,151,-0.2703,0.2029,1.7041,-21.1908,54.5802,107.1756
302630.2623,709432,151,-0.2451,0.2515,1.7139,-21.9542,60.0916,102.0458
302630.2623,709442,151,-0.2256,0.2932,1.7068,-23.8626,68.0153,96.3206
302630.3825,709452,152,-0.2246,0.2996,1.6753,-26.4580,77.2366,88.6870
302630.3825,709462,152,-0.2368,0.2866,1.6355,-28.7939,84.8397,80.0305
302630.3825,709472,152,-0.2139,0.2249,1.5928,-31.9084,89.2214,72.0153
302630.3825,709482,152,-0.2026,0.1580,1.5469,-32.6870,94.5649,67.8779
302630.3825,709492,152,-0.1890,0.1345,1.5093,-28.7328,99.1450,67.2366
302630.3825,709502,152,-0.1909,0.1416,1.4678,-22.5344,103.4046,67.7710
302630.3825,709512,152,-0.1833,0.1658,1.4373,-15.8931,105.9847,67.5115
302630.3825,709522,152,-0.1953,0.1936,1.3962,-10.8855,109.0229,67.7863
302630.3825,709532,152,-0.2100,0.2380,1.3533,-6.7939,111.5573,68.1679
302630.3825,709542,152,-0.2046,0.2905,1.3276,-2.2748,112.0611,66.7786
302630.5013,709552,153,-0.1877,0.3403,1.3215,2.3511,112.9771,63.4656
302630.5013,709562,153,-0.2046,0.3757,1.2886,6.1221,116.8550,58.5191
302630.5013,709572,153,-0.2256,0.3884,1.2371,8.0611,119.8626,53.2061
302630.5013,709582,153,-0.2466,0.3813,1.1865,10.2137,120.2443,45.9084
302630.5013,709592,153,-0.2646,0.3635,1.1448,12.5191,118.1069,38.8702
302630.5013,709602,153,-0.2634,0.3398,1.1028,14.6412,115.8168,34.5496
302630.5013,709612,153,-0.2334,0.3010,1.1055,18.2443,115.1450,31.2214
302630.5013,709622,153,-0.2317,0.2788,1.0974,24.9466,116.7939,30.2748
302630.5013,709632,153,-0.2192,0.2966,1.0925,34.4122,117.5725,29.8168
302630.5013,709642,153,-0.2261,0.3599,1.1040,44.7634,119.9389,29.7863
302630.5621,709652,154,-0.2385,0.4507,1.0981,53.6031,122.5496,27.9847
302630.5621,709662,154,-0.2727,0.4841,1.0481,58.7634,127.5725,20.8397
302630.5621,709672,154,-0.3230,0.4661,0.9541,60.5344,131.8015,10.1527
302630.5621,709682,154,-0.3579,0.3872,0.8491,58.9618,132.1832,1.2519
302630.5621,709692,154,-0.3633,0.3030,0.7761,59.1756,127.9695,-4.1985
302630.5621,709702,154,-0.3545,0.2556,0.7317,64.3053,120.6870,-7.3282
302630.5621,709712,154,-0.3030,0.2200,0.7461,71.0229,112.4122,-10.8550
302630.5621,709722,154,-0.2649,0.1951,0.7510,76.3969,107.0992,-11.4656
302630.5621,709732,154,-0.2600,0.1912,0.7368,80.7634,105.5573,-11.4809
302630.5621,709742,154,-0.2510,0.1602,0.7214,83.5267,103.8168,-12.3053
302630.6827,709752,155,-0.2344,0.1680,0.7117,88.3664,102.2290,-12.7786
302630.6827,709762,155,-0.2485,0.1760,0.6758,91.3435,102.0000,-13.5725
302630.6827,709772,155,-0.2642,0.1895,0.6318,92.5191,101.7099,-14.3359
302630.6827,709782,155,-0.2878,0.1733,0.5710,93.4198,100.5191,-16.5344
302630.6827,709792,155,-0.3176,0.1812,0.5195,95.2977,98.5191,-19.0687
302630.6827,709802,155,-0.3325,0.2017,0.4814,96.8855,92.8092,-21.1450
302630.6827,709812,155,-0.3269,0.2009,0.4480,96.5649,86.5649,-24.6718
302630.6827,709822,155,-0.3198,0.1611,0.4011,95.1756,81.6183,-29.4656
302630.6827,709832,155,-0.3362,0.1516,0.3579,95.2519,77.0840,-32.4122
302630.6827,709842,155,-0.3076,0.1409,0.3394,96.2290,69.5115,-35.3740
302630.8020,709852,156,-0.2876,0.1096,0.3318,95.1145,64.4122,-37.9237
302630.8020,709862,156,-0.2791,0.1306,0.3086,95.1450,61.3588,-38.2137
302630.8020,709872,156,-0.3064,0.1450,0.2739,92.9008,59.1756,-39.1450
302630.8020,709882,156,-0.3259,0.1790,0.2546,90.4275,54.3053,-41.0534
302630.8020,709892,156,-0.3149,0.2146,0.2500,88.6718,47.6947,-44.3053
302630.8020,709902,156,-0.3342,0.2209,0.2197,85.6794,44.2443,-50.9771
302630.8020,709912,156,-0.3611,0.2053,0.1748,80.4122,39.9847,-57.9542
302630.8020,709922,156,-0.3682,0.1523,0.1382,74.5191,32.9008,-63.0229
302630.8020,709932,156,-0.3721,0.1050,0.1194,72.6565,25.6794,-67.1450
302630.8020,709942,156,-0.3843,0.0818,0.1074,73.2519,18.6565,-69.8931
302630.9209,709952,157,-0.3674,0.0798,0.0957,74.1221,9.0534,-72.5191
302630.9209,709962,157,-0.3535,0.0481,0.1033,73.4198,3.5115,-75.1298
302630.9209,709972,157,-0.3748,0.0496,0.0969,72.9771,2.0611,-76.3359
302630.9209,709982,157,-0.4099,0.0310,0.0508,69.8931,-1.6031,-77.3588
302630.9209,709992,157,-0.4478,-0.0149,0.0298,66.6260,-7.4198,-79.0992
302630.9209,710002,157,-0.4297,-0.0034,0.0627,67.2214,-16.7481,-79.3893
302630.9209,710012,157,-0.4563,0.0178,0.0876,65.6489,-24.3053,-80.0763
302630.9209,710022,157,-0.4678,-0.0034,0.0967,60.3664,-31.9389,-84.0000
302630.9209,710032,157,-0.4668,-0.0142,0.1301,56.4733,-41.9237,-87.7099
302630.9209,710042,157,-0.4353,-0.0217,0.1902,53.5878,-52.7176,-91.5725
302630.9809,710052,158,-0.3770,-0.0603,0.2729,49.3893,-61.0992,-97.1450
302630.9809,710062,158,-0.3164,-0.1533,0.3206,44.3664,-66.2901,-102.4427
302630.9809,710072,158,-0.3149,-0.2488,0.3369,41.8473,-65.8473,-104.7634
302630.9809,710082,158,-0.3374,-0.3013,0.3252,42.2748,-67.6794,-104.9008
302630.9809,710092,158,-0.3196,-0.4082,0.3269,42.6260,-72.6260,-105.0229
302630.9809,710102,158,-0.3281,-0.4451,0.3069,45.5573,-71.8168,-100.7634
302630.9809,710112,158,-0.3635,-0.4617,0.2830,45.7252,-73.0992,-93.9695
302630.9809,710122,158,-0.3455,-0.4880,0.2861,44.3053,-82.2137,-88.2748
302630.9809,710132,158,-0.2903,-0.4338,0.3374,45.0076,-92.1985,-83.6031
302630.9809,710142,158,-0.2429,-0.3896,0.3926,41.7405,-98.1985,-80.4885
302631.1010,710152,159,-0.2478,-0.3706,0.4158,34.7481,-99.6336,-80.6260
302631.1010,710162,159,-0.2830,-0.4187,0.3789,24.9313,-101.3282,-81.6947
302631.1010,710172,159,-0.2942,-0.5435,0.3379,18.3359,-105.5573,-82.8397
302631.1010,710182,159,-0.2888,-0.6292,0.3367,22.1985,-112.9313,-80.7939
302631.1010,710192,159,-0.2974,-0.6287,0.3723,32.8397,-119.4962,-77.0076
302631.1010,710202,159,-0.3118,-0.5776,0.4106,40.2443,-128.2443,-72.3359
302631.1010,710212,159,-0.2515,-0.5005,0.5137,42.7328,-139.6336,-67.6489
302631.1010,710222,159,-0.1873,-0.4377,0.6340,39.4962,-149.7099,-64.1221
302631.1010,710232,159,-0.1902,-0.4517,0.6653,30.3969,-153.4351,-63.7710
302631.1010,710242,159,-0.2534,-0.5315,0.6387,18.4733,-148.0458,-67.9084
302631.1622,710252,160,-0.3108,-0.7017,0.6123,7.8931,-148.2290,-69.0382
302631.1622,710262,160,-0.3228,-0.8459,0.6206,8.2901,-152.0458,-65.8321
302631.1622,710272,160,-0.2881,-0.9180,0.7117,18.3817,-155.2061,-57.1756
302631.1622,710282,160,-0.2170,-0.8997,0.8494,30.3206,-162.0000,-46.5954
302631.1622,710292,160,-0.1523,-0.8374,1.0051,33.3282,-164.8550,-33.3435
302631.1622,710302,160,-0.1204,-0.7251,1.1475,28.5802,-165.2214,-19.7710
302631.1622,710312,160,-0.0652,-0.5808,1.2734,20.9771,-162.9160,-11.5878
302631.1622,710322,160,-0.0488,-0.4749,1.3440,9.5573,-155.4504,-11.6031
302631.1622,710332,160,-0.1758,-0.5789,1.2449,-6.5191,-141.8015,-18.7176
302631.1622,710342,160,-0.3237,-0.7432,1.1265,-18.6412,-129.4809,-23.4809
302631.2834,710352,161,-0.3364,-0.9114,1.0549,-23.7252,-133.0076,-20.2443
302631.2834,710362,161,-0.2971,-1.0432,1.0513,-20.8397,-137.9084,-12.4427
302631.2834,710372,161,-0.2002,-1.1250,1.0908,-12.1832,-143.6794,1.7557
302631.2834,710382,161,-0.1445,-1.0293,1.1758,-0.3053,-144.6565,21.5115
302631.2834,710392,161,-0.1199,-0.8953,1.2749,5.2519,-143.8473,40.6870
302631.2834,710402,161,-0.1194,-0.7405,1.3955,6.6260,-142.7023,53.4656
302631.2834,710412,161,-0.1169,-0.6028,1.4858,4.3511,-136.7328,62.1069
302631.2834,710422,161,-0.2278,-0.5359,1.4666,-5.4656,-125.2672,65.7710
302631.2834,710432,161,-0.3081,-0.5242,1.4165,-14.4733,-119.0687,63.2214
302631.2834,710442,161,-0.2695,-0.5671,1.4304,-19.9084,-120.4885,57.6641
302631.4017,710452,162,-0.2104,-0.6650,1.4651,-24.7634,-120.2443,57.1145
302631.4017,710462,162,-0.1736,-0.7271,1.4924,-25.6794,-117.6794,61.2672
302631.4017,710472,162,-0.1519,-0.7249,1.5500,-23.6641,-114.9008,68.9466
302631.4017,710482,162,-0.1497,-0.6785,1.6052,-20.1985,-109.8931,79.4046
302631.4017,710492,162,-0.1458,-0.6196,1.6489,-15.7405,-101.6031,87.7863
302631.4017,710502,162,-0.1467,-0.5452,1.6807,-12.9618,-92.7023,95.0687
302631.4017,710512,162,-0.1863,-0.4880,1.6633,-14.8550,-83.4351,101.2214
302631.4017,710522,162,-0.2053,-0.4644,1.6372,-17.0076,-76.6718,103.0992
302631.4017,710532,162,-0.1763,-0.4792,1.6287,-19.0992,-73.5267,102.9618
302631.4017,710542,162,-0.1416,-0.5247,1.6306,-22.1527,-69.7099,105.0229
302631.4621,710552,163,-0.1064,-0.5654,1.6401,-22.7634,-63.9237,111.1603
302631.4621,710562,163,-0.1018,-0.5515,1.6660,-19.4198,-57.4962,119.9237
302631.4621,710572,163,-0.0891,-0.4641,1.7029,-12.5038,-51.4809,130.2137
302631.4621,710582,163,-0.0447,-0.3652,1.7378,-6.9771,-43.6641,138.3664
302631.4621,710592,163,-0.0474,-0.2629,1.7334,-4.9618,-32.7176,143.5267
302631.4621,710602,163,-0.0752,-0.1782,1.6770,-4.8702,-20.3817,144.3511
302631.4621,710612,163,-0.1072,-0.1377,1.6162,-7.5573,-12.5802,140.7481
302631.4621,710622,163,-0.1091,-0.1506,1.5735,-12.3206,-6.8702,135.8168
302631.4621,710632,163,-0.0835,-0.1990,1.5271,-15.9847,-3.7099,133.9084
302631.4621,710642,163,-0.0684,-0.2146,1.5205,-14.9618,-0.5954,133.1298
302631.5826,710652,164,-0.0464,-0.1992,1.5166,-12.1374,3.1756,135.2824
302631.5826,710662,164,-0.0151,-0.1680,1.5115,-8.7481,8.0763,137.9237
302631.5826,710672,164,0.0044,-0.1299,1.5117,-5.8931,13.8931,138.9160
302631.5826,710682,164,-0.0078,-0.0757,1.5117,-3.7557,20.9771,140.0305
302631.5826,710692,164,-0.0430,0.0193,1.5049,-1.1298,28.6870,140.6412
302631.5826,710702,164,-0.0801,0.1006,1.4995,-0.4733,34.7786,136.8397
302631.5826,710712,164,-0.1038,0.1648,1.5071,-2.6260,38.9924,131.0840
302631.5826,710722,164,-0.1155,0.2280,1.5186,-6.4427,44.1985,122.5802
302631.5826,710732,164,-0.1260,0.2212,1.5112,-12.8550,50.9466,111.4351
302631.5826,710742,164,-0.1392,0.1809,1.4890,-19.2672,56.8244,101.7099
302631.7018,710752,165,-0.1533,0.1523,1.4673,-22.1832,61.4656,95.6947
302631.7018,710762,165,-0.1423,0.1504,1.4512,-22.4580,64.9924,91.2977
302631.7018,710772,165,-0.1160,0.1208,1.4414,-21.7710,68.9466,86.3817
302631.7018,710782,165,-0.0891,0.1260,1.4436,-18.5496,74.9466,82.1679
302631.7018,710792,165,-0.1028,0.1416,1.3965,-17.0992,82.3053,79.3893
302631.7018,710802,165,-0.1294,0.1497,1.3335,-18.1221,88.0611,76.6718
302631.7018,710812,165,-0.1470,0.1448,1.2820,-19.0076,90.0611,73.0076
302631.7018,710822,165,-0.1555,0.1433,1.2458,-18.1679,90.7328,69.6031
302631.7018,710832,165,-0.1665,0.1477,1.2156,-15.5267,91.2214,65.1298
302631.7018,710842,165,-0.1782,0.1565,1.1829,-13.8931,91.2672,60.7481
302631.7623,710852,166,-0.1907,0.1384,1.1506,-13.4198,91.6794,58.0153
302631.7623,710862,166,-0.2146,0.1301,1.1226,-10.2748,92.6870,55.4046
302631.7623,710872,166,-0.2273,0.1428,1.1125,-5.2672,92.3511,52.6718
302631.7623,710882,166,-0.2454,0.1433,1.1003,-1.9237,92.5649,50.1527
302631.7623,710892,166,-0.2351,0.1467,1.0911,2.1527,93.2366,47.8168
302631.7623,710902,166,-0.2644,0.1763,1.0781,6.9771,94.4122,45.2977
302631.7623,710912,166,-0.2803,0.1946,1.0613,9.1145,92.4885,41.9389
302631.7623,710922,166,-0.2834,0.1941,1.0469,10.5496,89.3282,36.5802
302631.7623,710932,166,-0.2876,0.1831,1.0283,11.2977,88.0305,31.5573
302631.7623,710942,166,-0.2854,0.1567,0.9973,11.4504,87.4504,27.3740
302631.8824,710952,167,-0.3108,0.1292,0.9766,13.1603,86.5038,23.5267
302631.8824,710962,167,-0.3069,0.1272,0.9695,16.7634,83.5573,20.9618
302631.8824,710972,167,-0.2754,0.1306,0.9932,19.8473,82.7939,18.5954
302631.8824,710982,167,-0.2512,0.1331,0.9944,22.0611,86.0611,16.1221
302631.8824,710992,167,-0.2771,0.1238,0.9656,23.1298,90.5802,13.7099
302631.8824,711002,167,-0.2930,0.1135,0.9180,25.0687,93.0992,10.6565
302631.8824,711012,167,-0.3403,0.0935,0.8591,25.9389,96.7786,7.7863
302631.8824,711022,167,-0.3557,0.0789,0.8035,26.5802,95.3893,6.9771
302631.8824,711032,167,-0.3645,0.0542,0.7690,29.7099,91.2977,5.0534
302631.8824,711042,167,-0.3818,0.0454,0.7495,34.0000,88.5954,2.6870
302632.0013,711052,168,-0.3899,0.0344,0.7368,36.1679,85.9695,2.3053
302632.0013,711062,168,-0.3948,0.0378,0.7327,37.8321,83.6031,3.1450
302632.0013,711072,168,-0.3889,0.0430,0.7400,40.8397,80.7328,2.5344
302632.0013,711082,168,-0.3933,0.0459,0.7439,43.7863,79.6947,-0.1832
302632.0013,711092,168,-0.3987,0.0361,0.7368,44.6107,80.0305,-2.2595
302632.0013,711102,168,-0.4202,-0.0107,0.7039,45.1908,80.7176,-3.9695
302632.0013,711112,168,-0.4807,-0.0667,0.6416,46.6412,82.6107,-3.8321
302632.0013,711122,168,-0.5356,-0.1094,0.5828,50.6412,81.5878,-0.5496
302632.0013,711132,168,-0.5562,-0.1245,0.5596,58.4427,77.1450,4.0153
302632.0013,711142,168,-0.5479,-0.0889,0.5728,68.3359,70.6412,9.1145
302632.1213,711152,169,-0.5305,-0.0034,0.5928,78.0763,64.5802,13.5725
302632.1213,711162,169,-0.5071,0.0933,0.6182,84.5038,59.8626,13.3435
302632.1213,711172,169,-0.4912,0.1589,0.6367,84.8702,56.5954,9.4046
302632.1213,711182,169,-0.4919,0.2053,0.6370,80.2137,55.6489,5.1603
302632.1213,711192,169,-0.4778,0.2407,0.6265,72.9466,54.3817,-0.0611
302632.1213,711202,169,-0.4646,0.2581,0.6301,65.1756,52.9771,-8.2443
302632.1213,711212,169,-0.4583,0.2566,0.6113,57.8473,51.9847,-17.2824
302632.1213,711222,169,-0.4551,0.2144,0.5720,50.3053,52.3511,-26.8550
302632.1213,711232,169,-0.4736,0.1562,0.5120,43.2519,53.6489,-35.2824
302632.1213,711242,169,-0.4888,0.0815,0.4343,37.3893,53.9389,-41.0534
302632.1822,711252,170,-0.5044,0.0261,0.3777,34.9771,50.3206,-44.5649
302632.1822,711262,170,-0.4661,-0.0063,0.3738,35.3893,43.2519,-44.9313
302632.1822,711272,170,-0.4263,-0.0042,0.3794,37.6031,39.0687,-43.5878
302632.1822,711282,170,-0.4524,-0.0251,0.3508,38.2290,40.0305,-43.9389
302632.1822,711292,170,-0.4810,-0.0308,0.2915,38.2595,40.6107,-43.8931
302632.1822,711302,170,-0.5020,-0.0203,0.2512,37.5878,36.2137,-43.5115
302632.1822,711312,170,-0.4897,-0.0286,0.2476,35.2061,28.9924,-44.1221
302632.1822,711322,170,-0.4846,-0.0225,0.2512,33.2977,22.9771,-45.2672
302632.1822,711332,170,-0.4836,-0.0239,0.2495,30.7786,16.8550,-46.8702
302632.1822,711342,170,-0.4900,-0.0408,0.2576,26.9313,11.5420,-49.0382
302632.3017,711352,171,-0.5078,-0.0605,0.2490,23.7252,7.9237,-50.6565
302632.3017,711362,171,-0.5515,-0.0879,0.2129,21.1756,4.5954,-52.8702
302632.3017,711372,171,-0.5930,-0.1370,0.1987,17.6641,0.1832,-55.2824
302632.3017,711382,171,-0.5911,-0.1753,0.2039,14.9771,-7.5420,-55.3588
302632.3017,711392,171,-0.5793,-0.2346,0.2383,13.2824,-15.4962,-55.6336
302632.3017,711402,171,-0.5415,-0.2739,0.2869,13.5420,-23.1603,-53.4046
302632.3017,711412,171,-0.5034,-0.2649,0.3596,16.6870,-27.7710,-49.9389
302632.3017,711422,171,-0.4866,-0.2432,0.4309,17.8779,-29.1298,-47.4351
302632.3017,711432,171,-0.4910,-0.2373,0.4661,16.1832,-28.8092,-45.9695
302632.3017,711442,171,-0.5322,-0.2903,0.4517,11.6947,-25.8168,-45.9389
302632.3620,711452,172,-0.5942,-0.3401,0.4148,8.1374,-23.3282,-43.2519
302632.3620,711462,172,-0.6570,-0.3628,0.3845,7.7557,-25.8015,-38.2748
302632.3620,711472,172,-0.7024,-0.3760,0.3909,11.0840,-31.6336,-33.5573
302632.3620,711482,172,-0.7214,-0.3364,0.4250,17.2366,-36.1832,-29.1298
302632.3620,711492,172,-0.7747,-0.3066,0.4697,20.8397,-38.0153,-23.6183
302632.3620,711502,172,-0.8220,-0.2725,0.5083,24.4275,-40.5038,-19.5420
302632.3620,711512,172,-0.9011,-0.2166,0.5420,26.7481,-40.8855,-17.2672
302632.3620,711522,172,-0.9475,-0.1951,0.5933,24.2137,-45.0840,-15.9542
302632.3620,711532,172,-0.9473,-0.1860,0.6824,21.6031,-50.7634,-15.1145
302632.3620,711542,172,-0.9360,-0.1738,0.7957,21.7252,-53.0229,-15.1603
302632.4827,711552,173,-0.9297,-0.1628,0.9038,22.0153,-52.5649,-16.8702
302632.4827,711562,173,-0.9158,-0.1670,0.9866,20.3664,-49.2977,-18.0611
302632.4827,711572,173,-0.9121,-0.1694,1.0339,17.2824,-43.9847,-18.7939
302632.4827,711582,173,-0.8992,-0.1763,1.0654,12.9313,-39.3130,-18.3817
302632.4827,711592,173,-0.8865,-0.1704,1.0798,10.4885,-33.6794,-18.2748
302632.4827,711602,173,-0.8806,-0.1812,1.0776,7.9847,-27.1908,-19.0687
302632.4827,711612,173,-0.8496,-0.2058,1.0652,5.5573,-20.0305,-19.1756
302632.4827,711622,173,-0.8442,-0.2061,1.0388,6.0763,-11.7252,-18.8092
302632.4827,711632,173,-0.8572,-0.1995,0.9868,5.7099,-4.6870,-17.6947
302632.4827,711642,173,-0.8691,-0.1890,0.9333,3.7863,-0.7176,-15.8321
302632.6020,711652,174,-0.8455,-0.2026,0.9011,1.8931,0.2901,-14.9313
302632.6020,711662,174,-0.8201,-0.2109,0.8743,2.9008,1.9084,-14.3664
302632.6020,711672,174,-0.8083,-0.2073,0.8413,3.7863,4.2290,-13.3282
302632.6020,711682,174,-0.8162,-0.2041,0.7957,2.9466,5.8015,-10.8550
302632.6020,711692,174,-0.8101,-0.1951,0.7561,2.1374,5.2061,-8.2137
302632.6020,711702,174,-0.7629,-0.2000,0.7563,2.0916,3.6031,-6.6107
302632.6020,711712,174,-0.7263,-0.1926,0.7571,3.6031,5.6336,-5.0992
302632.6020,711722,174,-0.7495,-0.1799,0.7273,3.7099,9.8015,-2.7481
302632.6020,711732,174,-0.7695,-0.1655,0.6885,3.1603,10.9008,-0.0611
302632.6020,711742,174,-0.7410,-0.1538,0.6873,3.9237,8.6107,0.8550
302632.6620,711752,175,-0.7136,-0.1499,0.6931,5.2977,7.3588,0.4885
302632.6620,711762,175,-0.7148,-0.1438,0.6897,5.7710,7.8931,0.8244
302632.6620,711772,175,-0.7207,-0.1292,0.6746,6.0153,7.6031,1.6794
302632.6620,711782,175,-0.6953,-0.1135,0.6772,5.2061,6.7023,1.9542
302632.6620,711792,175,-0.6775,-0.1147,0.6687,3.1908,7.6336,2.1832
302632.6620,711802,175,-0.6978,-0.1189,0.6384,2.6565,9.8779,1.5420
302632.6620,711812,175,-0.7212,-0.1272,0.6055,1.6641,9.6947,1.2519
302632.6620,711822,175,-0.7188,-0.1274,0.5938,0.3969,6.7481,2.0763
302632.6620,711832,175,-0.7043,-0.1357,0.6060,-0.4885,3.3282,3.2214
302632.6620,711842,175,-0.6729,-0.1416,0.6262,0.3206,0.9618,4.0916
302632.8425,711852,176,-0.6719,-0.1372,0.6274,1.4046,1.0229,4.6260
302632.8425,711862,176,-0.6824,-0.1321,0.6255,1.5267,1.0840,5.5267
302632.8425,711872,176,-0.6733,-0.1270,0.6318,1.1756,0.3206,6.6260
302632.8425,711882,176,-0.6782,-0.1243,0.6284,1.6641,0.1985,6.9466
302632.8425,711892,176,-0.6963,-0.1079,0.6233,2.7939,-0.0458,7.0534
302632.8425,711902,176,-0.7068,-0.0918,0.6250,3.8626,-1.1298,6.7328
302632.8425,711912,176,-0.6965,-0.0857,0.6409,4.1374,-2.2290,6.3053
302632.8425,711922,176,-0.7087,-0.0779,0.6433,3.8626,-1.5267,6.1985
302632.8425,711932,176,-0.7249,-0.0667,0.6436,3.0229,-1.8931,6.1679
302632.8425,711942,176,-0.7319,-0.0728,0.6458,1.7252,-3.9847,5.4809
302632.9019,711952,177,-0.7278,-0.0750,0.6597,1.0229,-5.6641,5.2214
302632.9019,711962,177,-0.7207,-0.0745,0.6836,0.7481,-6.7328,5.4962
302632.9019,711972,177,-0.7153,-0.0818,0.6958,0.4122,-6.5191,5.6031
302632.9019,711982,177,-0.7202,-0.0803,0.7046,1.4198,-5.0076,5.7557
302632.9019,711992,177,-0.7285,-0.0745,0.7083,2.9008,-3.4504,6.0153
302632.9019,712002,177,-0.7405,-0.0559,0.7107,3.6489,-2.9618,6.3817
302632.9019,712012,177,-0.7412,-0.0327,0.7151,3.4046,-3.0992,6.1527
302632.9019,712022,177,-0.7280,-0.0283,0.7212,1.9237,-2.6260,5.0229
302632.9019,712032,177,-0.7346,-0.0339,0.7124,0.0763,-1.1908,3.7557
302632.9019,712042,177,-0.7427,-0.0491,0.6951,-1.4656,-0.8397,2.2595
302632.9621,712052,178,-0.7185,-0.0789,0.6877,-1.6489,-2.3359,1.0076
302632.9621,712062,178,-0.7185,-0.0789,0.6877,-1.6489,-2.3359,1.0076
302632.9621,712072,178,-0.7239,-0.0903,0.6882,-0.3511,-2.5496,1.8779
302632.9621,712082,178,-0.7080,-0.0750,0.7070,0.6107,-3.1298,2.7939
302632.9621,712092,178,-0.6914,-0.0688,0.7197,1.2214,-1.6947,2.9160
302632.9621,712102,178,-0.7004,-0.0603,0.7068,1.1908,0.5496,2.7634
302632.9621,712112,178,-0.7056,-0.0552,0.6987,0.7023,1.9389,2.7328
302632.9621,712122,178,-0.7219,-0.0540,0.6821,0.3206,2.4580,2.2901
302632.9621,712132,178,-0.7151,-0.0549,0.6794,-0.6260,1.6183,2.3511
302632.9621,712142,178,-0.7092,-0.0635,0.6697,-1.9237,1.1145,2.5496
302633.0809,712152,179,-0.7075,-0.0708,0.6548,-2.9466,1.1298,2.6107
302633.0809,712162,179,-0.7122,-0.0784,0.6492,-3.0992,0.7176,2.7023
302633.0809,712172,179,-0.7078,-0.0737,0.6448,-2.6107,0.0000,2.8855
302633.0809,712182,179,-0.7080,-0.0771,0.6370,-2.5496,-1.1756,3.2519
302633.0809,712192,179,-0.7085,-0.0757,0.6252,-1.7710,-4.0763,3.8931
302633.0809,712202,179,-0.6843,-0.0681,0.6406,-0.3053,-5.9695,4.4580
302633.0809,712212,179,-0.6892,-0.0757,0.6235,0.0000,-5.6336,4.9160
302633.0809,712222,179,-0.7190,-0.0674,0.6011,0.6565,-5.6183,6.0458
302633.0809,712232,179,-0.7065,-0.0962,0.6025,1.5573,-9.4809,6.1679
302633.0809,712242,179,-0.7349,-0.0828,0.6118,3.2366,-11.0992,7.8626
302633.2016,712252,180,-0.6467,-0.1069,0.6936,1.7557,-17.6031,10.9008
302633.2016,712262,180,-0.5642,-0.1826,0.8003,-1.0534,-22.6260,14.1527
302633.2016,712272,180,-0.5317,-0.2158,0.8381,-2.5191,-21.1450,25.1603
302633.2016,712282,180,-0.5654,-0.1633,0.8557,0.3053,-8.0305,37.0840
302633.2016,712292,180,-0.6846,-0.1497,0.7876,-1.3588,5.7557,47.1603
302633.2016,712302,180,-0.7646,-0.0754,0.7043,4.3511,8.6870,49.8931
302633.2016,712312,180,-0.8037,0.0151,0.7053,14.0000,5.5420,44.6718
302633.2016,712322,180,-0.7891,0.0908,0.7192,17.9237,0.2443,35.8626
302633.2016,712332,180,-0.7700,0.1238,0.7158,13.4351,1.6183,27.6031
302633.2016,712342,180,-0.7974,0.1182,0.6777,5.0840,4.9008,21.6641
302633.2624,712352,181,-0.8164,0.1094,0.6382,-0.8244,4.5954,16.8550
302633.2624,712362,181,-0.8193,0.1082,0.6333,-1.4351,1.5420,11.7863
302633.2624,712372,181,-0.8389,0.1270,0.6255,0.8244,-1.3588,5.3435
302633.2624,712382,181,-0.8257,0.1191,0.6294,-0.5344,-5.4809,-1.0076
302633.2624,712392,181,-0.7683,0.0583,0.6602,-4.3664,-10.5649,-5.5267
302633.2624,712402,181,-0.7080,0.0205,0.6926,-3.6031,-11.4046,-7.6489
302633.2624,712412,181,-0.7261,0.0212,0.6997,-1.9847,-7.6336,-8.8702
302633.2624,712422,181,-0.6914,-0.0110,0.7136,-3.8779,-6.7786,-9.2061
302633.2624,712432,181,-0.6895,-0.0376,0.7131,-4.7023,-3.6641,-7.9389
302633.2624,712442,181,-0.6934,-0.0564,0.7158,-3.3740,-1.2214,-5.5878
302633.3834,712452,182,-0.7107,-0.0386,0.7126,-1.4504,-0.5649,-4.1985
302633.3834,712462,182,-0.7170,-0.0579,0.7039,-3.7252,-2.3053,-2.3817
302633.3834,712472,182,-0.7051,-0.0637,0.7083,-3.6947,-4.6870,-0.5954
302633.3834,712482,182,-0.7031,-0.0449,0.7100,-2.0763,-5.0382,0.9466
302633.3834,712492,182,-0.6987,-0.0457,0.7104,-2.0153,-5.0382,2.1374
302633.3834,712502,182,-0.6946,-0.0332,0.7173,-0.3664,-4.5191,2.3817
302633.3834,712512,182,-0.6975,-0.0127,0.7126,1.4351,-3.6336,1.8168
302633.3834,712522,182,-0.7129,0.0010,0.6982,1.0992,-2.8702,1.4504
302633.3834,712532,182,-0.7100,0.0085,0.6917,-0.2595,-3.5573,1.1908
302633.3834,712542,182,-0.6985,0.0027,0.6921,-2.5802,-3.5725,0.5344
302633.5006,712552,183,-0.7107,-0.0137,0.6794,-4.5954,-2.8702,0.1985
302633.5006,712562,183,-0.7173,-0.0208,0.6631,-5.0076,-3.8321,0.2290
302633.5006,712572,183,-0.7056,-0.0334,0.6716,-5.1908,-6.1527,0.2595
302633.5006,712582,183,-0.6902,-0.0579,0.6812,-4.5802,-7.5115,1.1145
302633.5006,712592,183,-0.6919,-0.0461,0.6765,-2.1221,-6.8550,2.7786
302633.5006,712602,183,-0.6995,-0.0349,0.6870,-0.2748,-6.5344,3.8779
302633.5006,712612,183,-0.6919,-0.0261,0.6953,0.6870,-6.6412,4.7634
302633.5006,712622,183,-0.6938,0.0034,0.7144,2.0611,-5.2366,5.1298
302633.5006,712632,183,-0.6958,0.0198,0.7288,2.7023,-4.6412,4.1069
302633.5006,712642,183,-0.6953,0.0247,0.7329,0.9313,-3.5420,3.5115
302633.5606,712652,184,-0.7004,0.0220,0.7188,-1.8931,-1.2672,3.2824
302633.5606,712662,184,-0.7185,0.0112,0.7021,-4.2137,0.1679,2.4122
302633.5606,712672,184,-0.7261,0.0012,0.6804,-4.9313,-0.7634,1.1603
302633.5606,712682,184,-0.7178,-0.0117,0.6841,-4.8397,-3.0229,0.3053
302633.5606,712692,184,-0.7036,-0.0168,0.6875,-4.3511,-4.6565,-0.2137
302633.5606,712702,184,-0.7017,-0.0271,0.6792,-3.8015,-5.0687,-0.4580
302633.5606,712712,184,-0.6982,-0.0378,0.6809,-2.8855,-5.5573,-0.0763
302633.5606,712722,184,-0.7014,-0.0364,0.6851,-1.8473,-6.1069,0.3511
302633.5606,712732,184,-0.6997,-0.0471,0.6860,-1.0992,-5.6489,1.0076
302633.5606,712742,184,-0.7112,-0.0459,0.6855,0.0611,-5.3740,1.4046
302633.7405,712752,185,-0.7124,-0.0461,0.6782,0.5649,-6.2595,2.1985
302633.7405,712762,185,-0.7097,-0.0461,0.6860,1.1145,-7.6489,3.2061
302633.7405,712772,185,-0.7070,-0.0356,0.6963,2.1679,-8.9008,3.8626
302633.7405,712782,185,-0.7112,-0.0293,0.6987,2.3969,-9.6794,4.3817
302633.7405,712792,185,-0.7046,-0.0210,0.7119,2.4580,-10.4427,4.8702
302633.7405,712802,185,-0.6987,-0.0105,0.7292,2.4275,-10.6107,4.6565
302633.7405,712812,185,-0.6868,-0.0168,0.7349,0.6260,-9.0992,4.6412
302633.7405,712822,185,-0.7034,-0.0256,0.7222,-0.9618,-6.7786,4.7786
302633.7405,712832,185,-0.7085,-0.0354,0.7065,-1.5115,-6.4733,5.0076
302633.7405,712842,185,-0.7158,-0.0393,0.6951,-1.1450,-6.6107,5.0687
302633.8019,712852,186,-0.7144,-0.0432,0.6926,-1.0076,-6.6870,5.8168
302633.8019,712862,186,-0.7305,-0.0554,0.6597,-1.0534,-5.6183,6.8244
302633.8019,712872,186,-0.7302,-0.0569,0.6624,0.9160,-5.6183,7.5420
302633.8019,712882,186,-0.7463,-0.0754,0.6470,0.5038,-7.5573,7.4351
302633.8019,712892,186,-0.7302,-0.0938,0.6423,0.5649,-6.5344,9.4504
302633.8019,712902,186,-0.7622,-0.0906,0.6482,4.4885,-1.4351,10.3817
302633.8019,712912,186,-0.7812,-0.1023,0.6365,6.3969,-3.3740,11.6336
302633.8019,712922,186,-0.7520,-0.1069,0.6694,8.7328,-7.6641,13.9237
302633.8019,712932,186,-0.7344,-0.0942,0.7148,10.4427,-8.4275,18.4733
302633.8019,712942,186,-0.7107,-0.0833,0.7473,13.0687,-8.5802,24.8092
302633.8623,712952,187,-0.7395,-0.0337,0.7644,18.4275,-5.1145,28.4275
302633.8623,712962,187,-0.7695,0.0200,0.7437,22.2748,0.8550,31.4198
302633.8623,712972,187,-0.8501,0.0886,0.7087,26.0611,9.9695,31.6641
302633.8623,712982,187,-0.8572,0.1279,0.7219,29.7710,14.0458,29.0229
302633.8623,712992,187,-0.8416,0.1709,0.7695,33.5420,17.3893,25.5725
302633.8623,713002,187,-0.7556,0.1919,0.8562,32.1832,19.8015,23.6183
302633.8623,713012,187,-0.7644,0.2078,0.8865,29.3740,28.6107,22.2443
302633.8623,713022,187,-0.7656,0.2380,0.8906,27.0687,33.6183,21.0229
302633.8623,713032,187,-0.7910,0.2544,0.8979,26.2137,32.2748,20.8244
302633.8623,713042,187,-0.7532,0.2766,0.9512,29.8321,24.2137,18.5649
302633.9838,713052,188,-0.7556,0.3298,0.9812,32.5649,23.4656,17.2366
302633.9838,713062,188,-0.7361,0.3513,0.9900,31.5267,25.6183,18.4122
302633.9838,713072,188,-0.7478,0.4055,0.9875,36.1832,30.3664,18.3359
302633.9838,713082,188,-0.7688,0.4692,0.9600,41.6641,34.8550,14.1679
302633.9838,713092,188,-0.7749,0.5125,0.9353,41.1908,37.1603,8.9924
302633.9838,713102,188,-0.7563,0.5410,0.9204,38.7023,38.9618,3.2824
302633.9838,713112,188,-0.7302,0.5364,0.9143,36.3664,44.0916,-3.4809
302633.9838,713122,188,-0.7217,0.5342,0.8909,34.2290,51.6031,-10.6870
302633.9838,713132,188,-0.7275,0.5085,0.8352,29.4809,56.4885,-16.1679
302633.9838,713142,188,-0.7261,0.4680,0.7754,25.5267,56.8092,-20.0305
302634.1612,713152,189,-0.7373,0.4514,0.7434,26.3969,54.3206,-23.8779
302634.1612,713162,189,-0.6809,0.4324,0.7197,28.2290,49.1145,-26.7023
302634.1612,713172,189,-0.6399,0.4473,0.7046,31.0992,46.8397,-28.6718
302634.1612,713182,189,-0.6167,0.4485,0.6660,32.5954,47.7710,-30.3817
302634.1612,713192,189,-0.6204,0.4512,0.5967,33.2214,48.0458,-32.9924
302634.1612,713202,189,-0.6055,0.4277,0.5437,33.3282,46.1832,-36.2443
302634.1612,713212,189,-0.5769,0.4160,0.5327,37.2672,44.1527,-39.8779
302634.1612,713222,189,-0.5740,0.4138,0.5063,39.9084,42.2748,-43.4656
302634.1612,713232,189,-0.5527,0.3911,0.4690,39.8168,37.3588,-47.0382
302634.1612,713242,189,-0.5210,0.3696,0.4487,40.7328,29.8779,-51.8931
302634.1635,713252,190,-0.4795,0.3418,0.4373,40.8550,23.2824,-56.4427
302634.1635,713262,190,-0.4426,0.3274,0.4207,38.8550,18.5038,-59.8015
302634.1635,713272,190,-0.4194,0.2896,0.3845,34.6107,14.8092,-63.3130
302634.1635,713282,190,-0.3923,0.2419,0.3413,33.2977,10.4427,-67.6641
302634.1635,713292,190,-0.3762,0.1938,0.2983,35.2366,5.8168,-72.0458
302634.1635,713302,190,-0.3704,0.1406,0.2466,35.8626,0.7328,-75.0229
302634.1635,713312,190,-0.3513,0.0884,0.2083,34.6718,-5.9695,-75.8779
302634.1635,713322,190,-0.3228,0.0461,0.1760,35.0687,-13.2366,-75.4198
302634.1635,713332,190,-0.3105,0.0281,0.1555,36.9466,-20.2443,-74.7786
302634.1635,713342,190,-0.2996,-0.0051,0.1274,36.2748,-29.0229,-74.5802
302634.2830,713352,191,-0.2886,-0.0371,0.1094,34.6412,-37.5267,-75.5878
302634.2830,713362,191,-0.2749,-0.0818,0.1082,32.3359,-47.8931,-76.7634
302634.2830,713372,191,-0.2336,-0.1348,0.1335,29.7099,-58.9313,-77.4351
302634.2830,713382,191,-0.1650,-0.1833,0.2134,27.9237,-64.6718,-77.4046
302634.2830,713392,191,-0.1499,-0.2395,0.2361,24.5191,-64.2901,-75.5115
302634.2830,713402,191,-0.1890,-0.3120,0.2185,21.2214,-62.1985,-72.3969
302634.2830,713412,191,-0.2146,-0.3550,0.2000,23.0687,-65.0687,-68.7481
302634.2830,713422,191,-0.2341,-0.3591,0.1909,27.7557,-70.6412,-65.5267
302634.2830,713432,191,-0.2490,-0.3313,0.1958,30.6565,-77.4809,-63.2977
302634.2830,713442,191,-0.2551,-0.3152,0.2100,27.7557,-87.6183,-61.5878
302634.4018,713452,192,-0.2739,-0.3230,0.2236,21.9847,-97.7557,-60.9313
302634.4018,713462,192,-0.2939,-0.3892,0.2571,16.4733,-107.6031,-63.5267
302634.4018,713472,192,-0.3489,-0.5098,0.2410,11.4962,-114.3969,-66.0458
302634.4018,713482,192,-0.3679,-0.6038,0.2793,10.0611,-123.1603,-64.5649
302634.4018,713492,192,-0.3271,-0.6887,0.3579,9.4351,-138.8397,-58.8855
302634.4018,713502,192,-0.2327,-0.7512,0.4839,11.0992,-151.1908,-49.0840
302634.4018,713512,192,-0.1829,-0.7429,0.5996,16.3511,-154.9466,-38.2748
302634.4018,713522,192,-0.1494,-0.6956,0.6877,19.3130,-157.4046,-29.0687
302634.4018,713532,192,-0.1550,-0.6284,0.7827,18.5344,-157.5420,-22.2137
302634.4018,713542,192,-0.1733,-0.5181,0.8569,15.5267,-156.1221,-16.9618
302634.4620,713552,193,-0.2151,-0.4155,0.8901,9.7099,-152.7023,-15.4962
302634.4620,713562,193,-0.3376,-0.4221,0.8381,-0.6107,-148.4733,-21.4504
302634.4620,713572,193,-0.4304,-0.5500,0.7771,-13.9389,-146.0611,-29.7099
302634.4620,713582,193,-0.4226,-0.7021,0.8008,-20.9160,-151.0992,-31.5573
302634.4620,713592,193,-0.3245,-0.7983,0.8982,-21.5267,-160.1832,-25.5573
302634.4620,713602,193,-0.2263,-0.8420,1.0095,-20.2748,-162.4122,-15.0382
302634.4620,713612,193,-0.1978,-0.8406,1.1189,-19.6489,-160.6107,-3.9389
302634.4620,713622,193,-0.1831,-0.7986,1.2205,-20.7634,-159.8931,8.1221
302634.4620,713632,193,-0.1912,-0.7307,1.3020,-22.9008,-156.5038,19.3588
302634.4620,713642,193,-0.2561,-0.6943,1.3337,-26.5496,-150.7328,24.5038
302634.6467,713652,194,-0.3108,-0.7278,1.3396,-33.1603,-145.4656,27.2214
302634.6467,713662,194,-0.3323,-0.7512,1.3723,-37.5115,-142.3817,32.7328
302634.6467,713672,194,-0.3433,-0.7761,1.4204,-37.8015,-138.9924,39.0992
302634.6467,713682,194,-0.3879,-0.7942,1.4482,-36.3817,-133.0382,45.5267
302634.6467,713692,194,-0.3931,-0.8120,1.5044,-36.1221,-130.5954,54.5649
302634.6467,713702,194,-0.3896,-0.8020,1.5823,-32.8855,-126.0458,66.5191
302634.6467,713712,194,-0.3882,-0.7412,1.6626,-27.7710,-120.1527,76.1985
302634.6467,713722,194,-0.3821,-0.6943,1.7551,-28.1527,-114.9008,84.8397
302634.6467,713732,194,-0.3899,-0.6587,1.8196,-29.3740,-105.4046,94.9771
302634.6467,713742,194,-0.4468,-0.5793,1.8525,-26.3969,-93.3740,102.1679
302634.7623,713752,195,-0.4978,-0.5530,1.8374,-27.0840,-84.5496,106.8855
302634.7623,713762,195,-0.5168,-0.5635,1.8147,-28.3969,-76.1374,111.2061
302634.7623,713772,195,-0.4700,-0.5911,1.8147,-28.4275,-69.3282,117.0229
302634.7623,713782,195,-0.4167,-0.6345,1.8176,-27.2366,-64.8702,125.3588
302634.7623,713792,195,-0.3535,-0.6030,1.8616,-21.2366,-59.3740,138.9313
302634.7623,713802,195,-0.3003,-0.4722,1.9197,-10.3969,-52.2443,154.4122
302634.7623,713812,195,-0.2695,-0.2754,1.9663,0.1832,-40.2901,165.9389
302634.7623,713822,195,-0.2986,-0.0916,1.9480,3.6183,-24.1985,172.0763
302634.7623,713832,195,-0.3384,0.0417,1.8948,0.6565,-10.6107,171.8015
302634.7623,713842,195,-0.3552,0.1077,1.8601,-5.0534,-0.6870,166.0000
302634.7641,713852,196,-0.3735,0.1611,1.8279,-11.4656,8.7939,159.7405
302634.7641,713862,196,-0.3613,0.1863,1.8064,-16.8855,17.4656,152.1679
302634.7641,713872,196,-0.3706,0.2004,1.7688,-19.9389,26.7176,143.1756
302634.7641,713882,196,-0.3584,0.1990,1.7417,-21.9847,35.7863,135.1145
302634.7641,713892,196,-0.3533,0.1926,1.7173,-22.9618,43.9237,128.2443
302634.7641,713902,196,-0.3220,0.2000,1.7234,-22.7634,51.6794,123.1603
302634.7641,713912,196,-0.2937,0.2422,1.7158,-20.9771,61.4809,118.6718
302634.7641,713922,196,-0.2922,0.2737,1.6772,-21.1450,71.8015,112.1679
302634.7641,713932,196,-0.3013,0.2749,1.6257,-23.7710,79.9847,104.2443
302634.7641,713942,196,-0.2900,0.2559,1.5718,-26.4122,84.7939,95.6794
302634.8824,713952,197,-0.2820,0.2073,1.5247,-29.5725,88.7176,87.4809
302634.8824,713962,197,-0.2654,0.1370,1.4771,-32.2595,91.7863,81.8473
302634.8824,713972,197,-0.2324,0.0786,1.4551,-31.9237,94.1374,79.6794
302634.8824,713982,197,-0.2104,0.0713,1.4329,-25.7863,96.0763,79.5878
302634.8824,713992,197,-0.1885,0.0942,1.4180,-17.2672,98.3053,80.5649
302634.8824,714002,197,-0.1814,0.1404,1.4055,-9.1298,103.2519,81.4809
302634.8824,714012,197,-0.2073,0.2039,1.3530,-2.4427,108.8397,81.2061
302634.8824,714022,197,-0.2361,0.2532,1.3042,1.0687,111.2214,79.7099
302634.8824,714032,197,-0.2493,0.3076,1.2744,3.4504,110.4733,77.1298
302634.8824,714042,197,-0.2576,0.3289,1.2507,4.5802,108.7023,72.4885
302635.0022,714052,198,-0.2725,0.3330,1.2231,5.3282,106.8244,66.9771
302635.0022,714062,198,-0.2634,0.3330,1.2205,6.3664,103.7099,62.3359
302635.0022,714072,198,-0.2336,0.3411,1.2488,9.8321,101.3130,59.4504
302635.0022,714082,198,-0.2056,0.3674,1.2664,15.4504,103.9847,58.0153
302635.0022,714092,198,-0.2117,0.4209,1.2483,21.2519,108.6718,56.1679
302635.0022,714102,198,-0.2136,0.4763,1.2244,25.9542,110.5954,52.6870
302635.0022,714112,198,-0.2085,0.5046,1.1873,30.4275,111.2977,47.4046
302635.0022,714122,198,-0.2212,0.5281,1.1450,37.6641,112.2290,39.1298
302635.0022,714132,198,-0.2273,0.5662,1.1074,43.5115,111.8779,30.3664
302635.0022,714142,198,-0.2139,0.5779,1.0708,44.8702,112.3053,23.4809
302635.0627,714152,199,-0.2310,0.5703,1.0149,45.3435,114.9618,16.3511
302635.0627,714162,199,-0.2644,0.5657,0.9580,46.9160,115.5420,8.4580
302635.0627,714172,199,-0.2766,0.5396,0.9124,47.5115,113.4198,2.0916
302635.0627,714182,199,-0.2732,0.5300,0.8862,49.2214,110.8397,-2.3664
302635.0627,714192,199,-0.2673,0.5198,0.8745,52.9771,109.4962,-6.9008
302635.0627,714202,199,-0.2629,0.4976,0.8469,57.5115,109.1756,-12.9924
302635.0627,714212,199,-0.2698,0.4780,0.8142,61.3740,109.1450,-18.5344
302635.0627,714222,199,-0.3013,0.4487,0.7473,64.5038,108.0153,-22.7786
302635.0627,714232,199,-0.3098,0.4324,0.6956,68.5191,103.8779,-27.6031
302635.0627,714242,199,-0.3035,0.4175,0.6719,72.0153,99.0382,-32.4733
302635.1826,714252,200,-0.2905,0.3696,0.6379,72.2137,95.8168,-36.5649
302635.1826,714262,200,-0.2969,0.3184,0.6064,73.8779,94.5954,-39.4962
302635.1826,714272,200,-0.2917,0.2908,0.5811,78.3206,91.9237,-40.7939
302635.1826,714282,200,-0.2900,0.2854,0.5496,82.2137,89.6183,-41.7557
302635.1826,714292,200,-0.2700,0.2710,0.5281,83.6031,87.3740,-42.7634
302635.1826,714302,200,-0.2739,0.2395,0.4814,85.0840,86.2595,-45.2977
302635.1826,714312,200,-0.2712,0.2136,0.4470,87.3130,85.2672,-48.0763
302635.1826,714322,200,-0.2681,0.1794,0.3816,88.6565,81.9847,-50.7939
302635.1826,714332,200,-0.2969,0.1277,0.3123,89.9542,79.2519,-53.9389
302635.1826,714342,200,-0.2927,0.0950,0.2683,93.4656,72.1374,-55.8779
302635.3009,714352,201,-0.2864,0.0808,0.2363,96.3969,63.4351,-55.0687
302635.3009,714362,201,-0.2871,0.0710,0.2102,98.5038,55.6183,-53.1450
302635.3009,714372,201,-0.3066,0.0918,0.1760,102.0458,49.0534,-52.3664
302635.3009,714382,201,-0.2822,0.1267,0.1885,105.0229,39.9695,-53.8015
302635.3009,714392,201,-0.2419,0.1370,0.2043,103.2977,33.5573,-57.3893
302635.3009,714402,201,-0.2576,0.0906,0.1729,96.0458,31.6794,-60.9466
302635.3009,714412,201,-0.2444,0.0574,0.1550,92.0000,27.9237,-63.7557
302635.3009,714422,201,-0.2610,0.0452,0.1262,89.5573,23.5267,-67.0992
302635.3009,714432,201,-0.2637,0.0308,0.1079,84.4275,16.7328,-69.9084
302635.3009,714442,201,-0.2646,-0.0071,0.0735,79.6947,9.2824,-73.3130
302635.3623,714452,202,-0.2773,-0.0552,0.0427,75.6794,3.1145,-77.4962
302635.3623,714462,202,-0.2922,-0.1243,0.0002,72.6565,-4.2137,-80.0305
302635.3623,714472,202,-0.3076,-0.1702,-0.0337,73.8779,-11.9695,-79.1603
302635.3623,714482,202,-0.3108,-0.1729,-0.0110,78.3053,-22.3053,-78.0000
302635.3623,714492,202,-0.2859,-0.1587,0.0525,80.4122,-34.1985,-76.5954
302635.3623,714502,202,-0.2119,-0.1562,0.1196,78.9924,-45.2366,-75.4504
302635.3623,714512,202,-0.2029,-0.1829,0.1614,74.6565,-50.3053,-76.5649
302635.3623,714522,202,-0.2305,-0.2327,0.1555,68.4885,-52.7786,-78.2137
302635.3623,714532,202,-0.2537,-0.2817,0.1426,63.8626,-56.1374,-77.6641
302635.3623,714542,202,-0.3020,-0.3079,0.1118,62.0305,-61.0534,-76.7023
302635.4823,714552,203,-0.3423,-0.3472,0.0811,59.6794,-67.1908,-74.9160
302635.4823,714562,203,-0.3320,-0.3765,0.0930,59.6183,-74.0763,-71.6031
302635.4823,714572,203,-0.3345,-0.3857,0.1257,62.0763,-80.1221,-67.6641
302635.4823,714582,203,-0.3779,-0.3865,0.1562,63.6183,-86.5344,-64.5344
302635.4823,714592,203,-0.3904,-0.3613,0.2097,64.2748,-96.1985,-61.7557
302635.4823,714602,203,-0.3718,-0.3149,0.3083,62.6870,-109.2366,-60.2901
302635.4823,714612,203,-0.3196,-0.2976,0.4236,56.9771,-120.3359,-60.0000
302635.4823,714622,203,-0.2988,-0.3118,0.4978,49.0382,-125.3588,-62.1069
302635.4823,714632,203,-0.3159,-0.3684,0.5334,41.5420,-125.6336,-65.8626
302635.4823,714642,203,-0.3171,-0.4365,0.5571,34.7939,-126.3359,-68.7176
302635.6092,714652,204,-0.3171,-0.5225,0.5745,28.5344,-126.1221,-68.2595
302635.6092,714662,204,-0.3530,-0.5730,0.5813,24.6870,-125.5420,-65.1908
302635.6092,714672,204,-0.3875,-0.6392,0.5771,21.0229,-126.9924,-61.4504
302635.6092,714682,204,-0.4041,-0.6523,0.6426,19.3282,-131.8015,-55.6794
302635.6092,714692,204,-0.4407,-0.6304,0.7217,19.0992,-138.2595,-46.5191
302635.6092,714702,204,-0.4014,-0.5156,0.8965,19.1756,-145.3282,-40.7939
302635.6092,714712,204,-0.4204,-0.5039,0.9741,10.4275,-146.4427,-37.6336
302635.6092,714722,204,-0.4326,-0.5164,1.0212,1.4351,-142.6870,-38.8702
302635.6092,714732,204,-0.4194,-0.5364,1.0854,-6.1679,-138.8855,-41.7405
302635.6092,714742,204,-0.3867,-0.6331,1.1145,-16.1527,-137.8473,-42.0458
302635.6613,714752,205,-0.3772,-0.7354,1.1257,-21.6489,-133.0534,-40.3053
302635.6613,714762,205,-0.3828,-0.7888,1.1431,-23.3740,-128.2137,-34.7786
302635.6613,714772,205,-0.3975,-0.7991,1.1775,-24.3359,-126.7176,-24.4733
302635.6613,714782,205,-0.4119,-0.7595,1.2224,-22.9771,-123.2366,-13.8626
302635.6613,714792,205,-0.4312,-0.6936,1.2375,-23.1756,-118.3511,-6.1527
302635.6613,714802,205,-0.4685,-0.6794,1.2058,-26.6107,-113.1450,-1.7863
302635.6613,714812,205,-0.5100,-0.6804,1.1624,-30.6870,-108.9771,0.3969
302635.6613,714822,205,-0.4866,-0.7051,1.1519,-36.8244,-110.6260,3.5420
302635.6613,714832,205,-0.4106,-0.7549,1.1687,-42.7634,-113.6489,6.5038
302635.6613,714842,205,-0.3462,-0.8418,1.1958,-46.8092,-113.2061,10.4427
302635.7832,714852,206,-0.3408,-0.9177,1.2119,-47.8626,-107.7099,18.6260
302635.7832,714862,206,-0.3560,-0.9656,1.2129,-47.7557,-98.5649,31.7099
302635.7832,714872,206,-0.3682,-0.9731,1.2190,-45.0382,-91.9542,48.1832
302635.7832,714882,206,-0.3503,-0.9106,1.2729,-37.0840,-90.4885,64.5496
302635.7832,714892,206,-0.3293,-0.8206,1.3188,-31.5878,-87.6794,78.4427
302635.7832,714902,206,-0.3457,-0.7412,1.3384,-31.7710,-84.9618,88.7939
302635.7832,714912,206,-0.3630,-0.6707,1.3616,-34.0611,-85.9084,95.2061
302635.7832,714922,206,-0.4194,-0.6492,1.3840,-37.8015,-88.5802,98.2901
302635.7832,714932,206,-0.4695,-0.6431,1.4163,-40.1069,-93.2977,102.9008
302635.7832,714942,206,-0.4663,-0.6023,1.5005,-38.4122,-99.6183,108.1221
302635.9013,714952,207,-0.4102,-0.5879,1.5913,-36.5038,-102.8702,112.7328
302635.9013,714962,207,-0.3762,-0.5708,1.6633,-34.0305,-97.6794,118.3817
302635.9013,714972,207,-0.3762,-0.5120,1.6997,-31.3893,-86.4275,126.4122
302635.9013,714982,207,-0.3870,-0.4504,1.7317,-30.0611,-74.2748,135.2214
302635.9013,714992,207,-0.4082,-0.3291,1.7690,-26.2748,-63.3893,143.5420
302635.9013,715002,207,-0.4341,-0.1809,1.7893,-22.8397,-53.5115,149.6794
302635.9013,715012,207,-0.4558,-0.0405,1.7981,-22.8397,-44.9618,147.8779
302635.9013,715022,207,-0.4668,0.0078,1.7874,-28.7481,-36.9771,139.2672
302635.9013,715032,207,-0.4736,-0.0149,1.7695,-37.1298,-29.3740,127.9389
302635.9013,715042,207,-0.4626,-0.0815,1.7832,-43.4809,-25.1908,119.6947
302635.9622,715052,208,-0.4167,-0.1040,1.8293,-43.8168,-22.9313,118.2901
302635.9622,715062,208,-0.3555,-0.0525,1.8694,-37.9084,-15.8321,120.3053
302635.9622,715072,208,-0.3386,0.0452,1.8694,-32.8092,-1.5878,120.2748
302635.9622,715082,208,-0.3684,0.1182,1.8020,-32.5496,14.0458,117.5573
302635.9622,715092,208,-0.4006,0.1584,1.7097,-34.4733,26.1985,111.4656
302635.9622,715102,208,-0.4275,0.1377,1.6262,-38.2137,33.2672,103.6641
302635.9622,715112,208,-0.4285,0.0845,1.5811,-41.0687,35.2519,97.0382
302635.9622,715122,208,-0.4075,0.0535,1.5757,-38.2443,33.6794,94.0458
302635.9622,715132,208,-0.3933,0.0476,1.5718,-29.8931,30.1221,93.2061
302635.9622,715142,208,-0.3452,0.1021,1.6038,-17.1756,26.7939,93.0382
302636.0835,715152,209,-0.2686,0.2039,1.6536,-7.1298,28.7786,91.6641
302636.0835,715162,209,-0.2209,0.2747,1.6538,-6.6260,40.4427,86.3664
302636.0835,715172,209,-0.1975,0.2847,1.6279,-14.1679,60.6718,80.7634
302636.0835,715182,209,-0.2327,0.2410,1.5520,-24.7176,81.3130,77.4809
302636.0835,715192,209,-0.2708,0.2090,1.4766,-28.3969,92.1832,75.4962
302636.0835,715202,209,-0.2688,0.2500,1.4497,-25.0687,94.5496,74.5344
302636.0835,715212,209,-0.2637,0.2698,1.4229,-23.2672,96.8702,72.8397
302636.0835,715222,209,-0.2754,0.2998,1.3765,-22.3817,99.4046,70.1985
302636.0835,715232,209,-0.2839,0.3181,1.3438,-23.1145,99.1908,67.3740
302636.0835,715242,209,-0.2722,0.3098,1.3040,-26.3206,95.1603,64.7634
302636.2014,715252,210,-0.2395,0.2478,1.2812,-27.1145,92.3359,62.4885
302636.2014,715262,210,-0.2136,0.2251,1.2625,-16.3053,92.9618,60.1527
302636.2014,715272,210,-0.1765,0.2493,1.2822,-0.7023,96.9313,58.7634
302636.2014,715282,210,-0.1738,0.3357,1.2822,11.8015,106.8244,60.9924
302636.2014,715292,210,-0.2102,0.3943,1.2324,15.9695,117.5573,62.1985
302636.2014,715302,210,-0.2595,0.4277,1.1536,18.7939,125.8473,59.0687
302636.2014,715312,210,-0.2976,0.4548,1.0864,22.3511,129.3130,52.4275
302636.2014,715322,210,-0.3354,0.4077,1.0100,22.1527,129.3435,45.6336
302636.2014,715332,210,-0.3672,0.3457,0.9453,23.4351,126.6565,39.0076
302636.2014,715342,210,-0.3760,0.3018,0.9070,28.9160,122.0611,36.8702
302636.2619,715352,211,-0.3757,0.2688,0.8779,37.6641,114.0916,36.8855
302636.2619,715362,211,-0.3340,0.2805,0.8923,51.2824,105.6794,36.3206
302636.2619,715372,211,-0.2979,0.3179,0.9346,64.8855,102.5496,35.1756
302636.2619,715382,211,-0.2825,0.3760,0.9385,74.5954,102.6412,33.2061
302636.2619,715392,211,-0.2886,0.4143,0.9231,77.7252,104.0458,28.8244
302636.2619,715402,211,-0.2961,0.4314,0.8911,77.6947,105.8473,22.0000
302636.2619,715412,211,-0.3140,0.3945,0.8262,76.5802,108.6565,12.3511
302636.2619,715422,211,-0.3726,0.3308,0.7371,78.0305,112.8855,1.8931
302636.2619,715432,211,-0.4050,0.3005,0.6736,82.6412,113.7099,-6.0153
302636.2619,715442,211,-0.3911,0.2715,0.6438,86.1069,109.2214,-11.2366
302636.3818,715452,212,-0.3599,0.2632,0.6458,87.1756,101.4962,-13.1298
302636.3818,715462,212,-0.3154,0.2593,0.6531,88.3206,91.3282,-12.9771
302636.3818,715472,212,-0.2742,0.2705,0.6694,90.7634,85.9542,-15.5267
302636.3818,715482,212,-0.2380,0.2527,0.6675,89.7252,87.0687,-19.1756
302636.3818,715492,212,-0.2593,0.2310,0.6006,88.0305,90.5649,-22.7939
302636.3818,715502,212,-0.2625,0.2249,0.5256,87.1756,90.7176,-26.7634
302636.3818,715512,212,-0.2490,0.2283,0.4800,87.0229,87.1908,-29.6489
302636.3818,715522,212,-0.2332,0.2883,0.4463,88.8702,81.6947,-31.8168
302636.3818,715532,212,-0.2341,0.3489,0.4133,88.4580,76.5649,-36.6260
302636.3818,715542,212,-0.2434,0.3975,0.3789,84.5802,72.2290,-46.0763
302636.5018,715552,213,-0.2449,0.3984,0.3408,77.3130,67.0840,-57.5878
302636.5018,715562,213,-0.2544,0.3533,0.2622,70.6870,61.1756,-69.6489
302636.5018,715572,213,-0.3005,0.2859,0.1802,65.4351,57.9389,-82.3359
302636.5018,715582,213,-0.2876,0.1738,0.1306,59.2672,51.0229,-92.2901
302636.5018,715592,213,-0.2515,0.0720,0.1169,55.7405,45.0992,-94.8702
302636.5018,715602,213,-0.2556,-0.0205,0.0767,56.6870,47.5267,-90.2290
302636.5018,715612,213,-0.3140,-0.0400,0.0088,65.0229,48.7939,-85.3435
302636.5018,715622,213,-0.3315,-0.0088,-0.0012,75.0382,39.8473,-82.5802
302636.5018,715632,213,-0.3235,0.0439,0.0171,80.8397,27.7557,-80.4275
302636.5018,715642,213,-0.3057,0.0632,0.0469,81.6031,17.2366,-81.3435
302636.5650,715652,214,-0.3047,0.0461,0.0713,78.3206,8.6412,-85.0992
302636.5650,715662,214,-0.2937,0.0056,0.0823,73.9237,-0.8092,-88.9160
302636.5650,715672,214,-0.2856,-0.0571,0.0981,70.4733,-9.6794,-92.2443
302636.5650,715682,214,-0.2681,-0.1206,0.1006,68.4427,-18.2443,-94.5344
302636.5650,715692,214,-0.2349,-0.1865,0.1282,67.8779,-25.2366,-94.5802
302636.5650,715702,214,-0.2258,-0.2207,0.1567,69.9695,-26.6870,-91.5725
302636.5650,715712,214,-0.2446,-0.2439,0.1628,71.8168,-27.6794,-87.9237
302636.5650,715722,214,-0.2761,-0.2190,0.1575,73.9695,-30.6565,-84.5496
302636.5650,715732,214,-0.2908,-0.1755,0.1721,74.7939,-38.8244,-83.7710
302636.5650,715742,214,-0.2803,-0.1492,0.2129,71.6794,-48.7786,-85.9695
302636.6836,715752,215,-0.3174,-0.1694,0.2092,64.9466,-54.6718,-90.2901
302636.6836,715762,215,-0.3267,-0.2512,0.1853,57.4351,-61.4656,-96.2290
302636.6836,715772,215,-0.3008,-0.3367,0.2017,54.4427,-70.7634,-100.3053
302636.6836,715782,215,-0.2893,-0.4250,0.2153,54.3969,-77.8931,-100.5038
302636.6836,715792,215,-0.3335,-0.4744,0.1995,56.0000,-80.5802,-98.0611
302636.6836,715802,215,-0.3591,-0.5142,0.1777,54.7786,-88.7786,-94.3664
302636.6836,715812,215,-0.3901,-0.5586,0.1736,52.8397,-98.7634,-89.7252
302636.6836,715822,215,-0.4072,-0.5920,0.2224,51.4198,-111.6489,-85.7405
302636.6836,715832,215,-0.3914,-0.6628,0.3125,48.2290,-126.8092,-81.6794
302636.6836,715842,215,-0.3757,-0.7327,0.3992,48.2290,-137.3588,-77.1298
302636.8017,715852,216,-0.3755,-0.7646,0.5046,50.6107,-145.3435,-71.2977
302636.8017,715862,216,-0.3340,-0.7588,0.6323,51.7863,-154.8244,-63.3588
302636.8017,715872,216,-0.2437,-0.7407,0.8113,52.8702,-159.8168,-55.9237
302636.8017,715882,216,-0.2129,-0.7019,0.9534,51.0687,-154.8244,-49.0382
302636.8017,715892,216,-0.2642,-0.6702,1.0049,44.6870,-141.6641,-41.2519
302636.8017,715902,216,-0.3440,-0.6062,1.0115,37.7710,-131.4198,-36.4733
302636.8017,715912,216,-0.3682,-0.6113,1.0073,27.6336,-128.2748,-34.7634
302636.8017,715922,216,-0.3938,-0.6279,0.9939,19.7252,-125.9542,-35.5420
302636.8017,715932,216,-0.3994,-0.6624,0.9709,12.2595,-125.5115,-36.2901
302636.8017,715942,216,-0.3918,-0.7263,0.9509,5.4962,-125.6031,-34.4427
302636.8612,715952,217,-0.3596,-0.7683,0.9878,3.1603,-126.8855,-30.4580
302636.8612,715962,217,-0.3477,-0.7502,1.0078,4.0305,-124.8092,-22.7634
302636.8612,715972,217,-0.3950,-0.6985,1.0095,4.3053,-120.1985,-15.1145
302636.8612,715982,217,-0.4751,-0.6567,0.9714,2.5038,-118.3664,-10.0458
302636.8612,715992,217,-0.4929,-0.6667,0.9563,-1.7557,-120.5191,-7.2977
302636.8612,716002,217,-0.4578,-0.7063,0.9668,-5.7405,-125.5267,-5.0382
302636.8612,716012,217,-0.4106,-0.7803,0.9768,-7.9389,-130.0000,-1.9542
302636.8612,716022,217,-0.3584,-0.8118,1.0186,-7.8168,-133.2366,4.0916
302636.8612,716032,217,-0.2942,-0.7874,1.0986,-6.7176,-135.6641,14.9466
302636.8612,716042,217,-0.2783,-0.7004,1.1865,-6.4733,-132.1985,26.7328
302636.9842,716052,218,-0.2603,-0.6233,1.2769,-8.7023,-128.6565,34.0763
302636.9842,716062,218,-0.2905,-0.5825,1.3135,-15.4962,-123.2061,40.2748
302636.9842,716072,218,-0.3792,-0.5686,1.2827,-21.1298,-112.0000,41.9542
302636.9842,716082,218,-0.4673,-0.6353,1.2261,-25.9542,-104.4275,40.3969
302636.9842,716092,218,-0.4824,-0.7019,1.2041,-27.4351,-106.1832,42.9008
302636.9842,716102,218,-0.4243,-0.7498,1.2454,-26.0458,-112.0305,49.6336
302636.9842,716112,218,-0.3445,-0.7634,1.3293,-22.0305,-114.5954,58.8855
302636.9842,716122,218,-0.2834,-0.7275,1.4202,-16.5954,-111.2977,70.3359
302636.9842,716132,218,-0.2622,-0.6340,1.4937,-11.3435,-104.1985,83.6031
302636.9842,716142,218,-0.2781,-0.5156,1.5479,-8.1221,-95.9237,93.4198
302637.1014,716152,219,-0.2986,-0.4026,1.5789,-9.8931,-87.1298,97.9695
302637.1014,716162,219,-0.3140,-0.3145,1.5911,-15.6641,-78.8855,99.0076
302637.1014,716172,219,-0.3250,-0.2986,1.5632,-22.0305,-70.5191,95.0076
302637.1014,716182,219,-0.3704,-0.3215,1.4897,-28.5954,-61.4962,88.9618
302637.1014,716192,219,-0.4087,-0.3618,1.4290,-35.5878,-57.9084,85.5267
302637.1014,716202,219,-0.3884,-0.4121,1.4126,-40.1069,-60.9160,85.5878
302637.1014,716212,219,-0.3342,-0.4448,1.4648,-40.6565,-65.3893,86.9160
302637.1014,716222,219,-0.2639,-0.4421,1.5466,-38.6107,-67.4046,91.8168
302637.1014,716232,219,-0.2180,-0.3867,1.6111,-32.9466,-60.0916,97.9237
302637.1014,716242,219,-0.2485,-0.3081,1.6140,-30.4580,-46.7939,100.4427
302637.1610,716252,220,-0.2688,-0.2764,1.6018,-34.9313,-34.8550,102.4733
302637.1610,716262,220,-0.2847,-0.2668,1.5715,-38.9771,-24.9160,103.0534
302637.1610,716272,220,-0.2810,-0.2590,1.5537,-40.2443,-18.5344,101.4198
302637.1610,716282,220,-0.2803,-0.2520,1.5361,-41.6794,-13.8473,100.0611
302637.1610,716292,220,-0.2832,-0.2473,1.5117,-43.7863,-9.8931,99.7863
302637.1610,716302,220,-0.2761,-0.2598,1.4907,-46.1374,-7.8931,99.4351
302637.1610,716312,220,-0.2273,-0.2925,1.4910,-46.6107,-7.2672,98.7939
302637.1610,716322,220,-0.2131,-0.2983,1.5027,-44.7328,-3.2977,100.4580
302637.1610,716332,220,-0.1899,-0.2820,1.5117,-41.8321,3.8473,104.0763
302637.1610,716342,220,-0.1877,-0.2449,1.4963,-37.1603,12.9313,105.7710
302637.2841,716352,221,-0.2163,-0.1909,1.4817,-33.3435,20.9313,105.5115
302637.2841,716362,221,-0.2444,-0.1465,1.4636,-32.0153,27.4198,105.6336
302637.2841,716372,221,-0.2500,-0.1250,1.4492,-32.1221,32.0611,102.6412
302637.2841,716382,221,-0.2517,-0.1436,1.4297,-34.5191,35.2519,98.6107
302637.2841,716392,221,-0.2585,-0.1562,1.4180,-36.3206,38.1679,97.0382
302637.2841,716402,221,-0.2480,-0.1528,1.4102,-36.1679,39.7863,96.7328
302637.2841,716412,221,-0.2402,-0.1167,1.4077,-34.3206,41.0382,96.0458
302637.2841,716422,221,-0.2234,-0.0901,1.4060,-33.7099,41.4504,95.3740
302637.2841,716432,221,-0.2000,-0.0691,1.4114,-31.0382,42.5038,93.5267
302637.2841,716442,221,-0.1731,-0.0208,1.4136,-26.7023,46.5496,90.2443
302637.4010,716452,222,-0.1619,-0.0066,1.3904,-27.4809,56.5954,85.9847
302637.4010,716462,222,-0.2163,-0.0266,1.3162,-30.7328,69.2824,81.3893
302637.4010,716472,222,-0.2532,-0.0620,1.2407,-31.6641,73.9695,79.2214
302637.4010,716482,222,-0.2700,-0.0713,1.2048,-28.7939,72.9313,78.4885
302637.4010,716492,222,-0.2678,-0.0544,1.2000,-24.2901,70.7634,78.7023
302637.4010,716502,222,-0.2573,-0.0317,1.2058,-20.1679,69.9542,79.4504
302637.4010,716512,222,-0.2666,0.0217,1.2122,-15.2214,71.6794,80.9313
302637.4010,716522,222,-0.2759,0.0610,1.2129,-9.9084,73.2977,81.4809
302637.4010,716532,222,-0.2539,0.1211,1.2471,-2.7786,75.6489,79.6489
302637.4010,716542,222,-0.2544,0.1929,1.2385,3.2672,79.8015,75.4504
302637.4608,716552,223,-0.2898,0.2314,1.2107,3.1756,85.0840,68.7176
302637.4608,716562,223,-0.3215,0.2312,1.1545,-0.0153,87.8779,61.2672
302637.4608,716572,223,-0.3313,0.2227,1.1182,-1.4962,87.0229,54.6718
302637.4608,716582,223,-0.3376,0.2104,1.0881,-1.1450,85.1298,48.4733
302637.4608,716592,223,-0.3462,0.1873,1.0476,-0.7634,83.0382,42.3511
302637.4608,716602,223,-0.3486,0.1631,1.0110,-0.4580,80.4885,38.3511
302637.4608,716612,223,-0.3518,0.1455,0.9949,2.2290,78.0153,36.9924
302637.4608,716622,223,-0.3428,0.1572,1.0000,10.0611,75.3740,35.0840
302637.4608,716632,223,-0.3269,0.1953,1.0217,18.0153,75.2061,32.2595
302637.4608,716642,223,-0.3171,0.1948,1.0144,20.5802,78.1832,29.9237
302637.6419,716652,224,-0.3333,0.2119,0.9895,23.4504,82.7481,26.3053
302637.6419,716662,224,-0.3542,0.1941,0.9592,24.3359,85.1908,22.3969
302637.6419,716672,224,-0.3625,0.1572,0.9175,25.1908,85.7099,18.7176
302637.6419,716682,224,-0.3855,0.1597,0.8923,29.0229,85.2061,16.3664
302637.6419,716692,224,-0.3994,0.1604,0.8733,31.8473,81.2824,14.7634
302637.6419,716702,224,-0.4199,0.1570,0.8601,35.9695,76.7786,12.1985
302637.6419,716712,224,-0.4429,0.1892,0.8455,40.8244,69.9542,9.9389
302637.6419,716722,224,-0.4578,0.2080,0.8276,43.7710,58.5191,7.4656
302637.6419,716732,224,-0.4326,0.2427,0.8408,47.2214,47.2366,2.7634
302637.6419,716742,224,-0.3867,0.2817,0.8750,48.1221,41.2061,-2.5344
302637.7010,716752,225,-0.3293,0.2927,0.9026,45.0992,45.3588,-9.0534
302637.7010,716762,225,-0.3062,0.2798,0.8816,41.0076,57.2672,-17.4962
302637.7010,716772,225,-0.2856,0.2207,0.8289,36.6260,71.7710,-26.5496
302637.7010,716782,225,-0.2935,0.1199,0.7666,32.7176,85.2977,-33.6336
302637.7010,716792,225,-0.3181,0.0283,0.6982,31.9847,91.6489,-35.5420
302637.7010,716802,225,-0.3359,-0.0039,0.6384,35.7557,91.6794,-32.7176
302637.7010,716812,225,-0.3433,0.0085,0.6055,40.3664,90.0000,-30.1527
302637.7010,716822,225,-0.3579,0.0347,0.5740,42.6718,90.4275,-28.0916
302637.7010,716832,225,-0.3667,0.0496,0.5188,45.1603,88.5038,-28.5038
302637.7010,716842,225,-0.3984,0.0540,0.4556,47.3893,85.5725,-32.7786
302637.7625,716852,226,-0.4131,0.0454,0.4041,46.8855,79.7710,-36.8702
302637.7625,716862,226,-0.4023,0.0159,0.3672,44.9466,73.0992,-40.1679
302637.7625,716872,226,-0.4075,-0.0288,0.3398,43.9237,70.1985,-43.5573
302637.7625,716882,226,-0.4148,-0.0542,0.3179,44.8397,68.2443,-44.6718
302637.7625,716892,226,-0.4333,-0.0547,0.2917,46.9924,66.2901,-44.0458
302637.7625,716902,226,-0.4578,-0.0598,0.2678,47.8321,61.4046,-45.1756
302637.7625,716912,226,-0.4426,-0.0752,0.2715,48.2443,51.7252,-46.5496
302637.7625,716922,226,-0.4111,-0.1130,0.2864,48.4733,43.9695,-46.9771
302637.7625,716932,226,-0.4290,-0.1494,0.2788,49.4504,41.1450,-47.1908
302637.7625,716942,226,-0.4485,-0.1655,0.2686,51.0687,36.8550,-45.5420
302637.8823,716952,227,-0.4570,-0.1538,0.2703,53.3588,30.4733,-43.1450
302637.8823,716962,227,-0.4485,-0.1333,0.3086,54.9771,25.7863,-42.3053
302637.8823,716972,227,-0.4316,-0.1536,0.3342,54.0763,24.9771,-41.5267
302637.8823,716982,227,-0.4890,-0.1404,0.3262,54.5038,28.8550,-41.1603
302637.8823,716992,227,-0.5308,-0.1467,0.2998,54.1832,27.5573,-41.9695
302637.8823,717002,227,-0.5613,-0.1536,0.2874,53.3435,20.9466,-43.6947
302637.8823,717012,227,-0.5803,-0.1782,0.2773,51.1145,11.8779,-45.5267
302637.8823,717022,227,-0.6123,-0.2009,0.2710,48.0153,4.2901,-46.6412
302637.8823,717032,227,-0.6265,-0.2207,0.2642,45.2519,-5.5573,-47.3282
302637.8823,717042,227,-0.5981,-0.2561,0.3049,43.6947,-16.3817,-48.5191
302638.0029,717052,228,-0.5764,-0.2812,0.3440,43.6489,-22.7023,-49.2366
302638.0029,717062,228,-0.5317,-0.2947,0.4087,42.7634,-25.5573,-48.4580
302638.0029,717072,228,-0.5112,-0.3435,0.4497,39.2672,-22.9466,-46.4427
302638.0029,717082,228,-0.5242,-0.3872,0.4641,36.8244,-17.2366,-42.7328
302638.0029,717092,228,-0.6038,-0.3914,0.4304,37.1298,-11.6794,-38.4885
302638.0029,717102,228,-0.6492,-0.3916,0.4048,37.8321,-13.1756,-37.0687
302638.0029,717112,228,-0.6580,-0.4048,0.4019,38.1985,-19.8931,-36.7481
302638.0029,717122,228,-0.6597,-0.4453,0.4053,37.5878,-25.7557,-36.4427
302638.0029,717132,228,-0.6658,-0.4958,0.4082,36.1069,-29.4046,-34.3969
302638.0029,717142,228,-0.6758,-0.5139,0.4329,35.6336,-35.7863,-29.7863
302638.0657,717152,229,-0.6448,-0.5098,0.4895,35.6794,-44.9160,-23.0229
302638.0657,717162,229,-0.6064,-0.4666,0.5732,37.2824,-49.8626,-16.9008
302638.0657,717172,229,-0.6018,-0.4258,0.6372,36.7481,-47.8626,-11.2672
302638.0657,717182,229,-0.6396,-0.3794,0.6445,34.8855,-40.9466,-7.3740
302638.0657,717192,229,-0.7173,-0.3354,0.6138,31.1908,-34.9771,-5.5267
302638.0657,717202,229,-0.7686,-0.3145,0.5881,25.4656,-35.5573,-4.5038
302638.0657,717212,229,-0.7903,-0.2886,0.6028,21.6794,-38.8855,-4.5191
302638.0657,717222,229,-0.8257,-0.2524,0.6187,19.6641,-43.8168,-6.1221
302638.0657,717232,229,-0.8447,-0.2400,0.6460,16.2748,-49.6336,-8.4427
302638.0657,717242,229,-0.8284,-0.2402,0.7178,13.6947,-54.7786,-10.8092
302638.1809,717252,230,-0.8149,-0.2432,0.7905,11.7863,-56.3053,-13.2366
302638.1809,717262,230,-0.7964,-0.2581,0.8728,8.6718,-53.4656,-13.7405
302638.1809,717272,230,-0.8118,-0.2725,0.9160,6.6412,-45.4962,-13.0534
302638.1809,717282,230,-0.8438,-0.2722,0.9507,6.5649,-37.5878,-12.8855
302638.1809,717292,230,-0.8430,-0.2769,0.9858,5.9237,-32.1985,-11.7557
302638.1809,717302,230,-0.8772,-0.2659,0.9985,4.2595,-26.0458,-9.8321
302638.1809,717312,230,-0.8860,-0.2588,1.0137,2.1221,-20.9771,-9.0840
302638.1809,717322,230,-0.8882,-0.2634,1.0134,-0.5649,-17.6489,-8.5496
302638.1809,717332,230,-0.8801,-0.2737,1.0217,-2.6870,-14.6718,-8.5954
302638.1809,717342,230,-0.8540,-0.2773,1.0227,-3.4962,-12.2901,-8.6565
302638.3017,717352,231,-0.8462,-0.2869,1.0049,-4.3664,-7.8931,-7.6641
302638.3017,717362,231,-0.8320,-0.2976,0.9810,-5.0687,-3.3740,-6.4580
302638.3017,717372,231,-0.8201,-0.2917,0.9648,-4.1985,0.6412,-3.4656
302638.3017,717382,231,-0.8311,-0.2583,0.9326,-1.6641,4.9771,-0.7023
302638.3017,717392,231,-0.8384,-0.2349,0.8970,-1.0534,8.1985,1.0687
302638.3017,717402,231,-0.8188,-0.2153,0.8752,-1.6336,10.6412,2.6718
302638.3017,717412,231,-0.8274,-0.2085,0.7874,-6.0305,13.3130,4.0153
302638.3017,717422,231,-0.8274,-0.2085,0.7874,-6.0305,13.3130,4.0153
302638.3017,717432,231,-0.8193,-0.1978,0.7600,-6.4580,10.8092,4.2595
302638.3017,717442,231,-0.8027,-0.1926,0.7390,-7.0229,7.5725,4.5802
302638.3636,717452,232,-0.7783,-0.1860,0.7268,-7.2519,3.8168,5.1450
302638.3636,717462,232,-0.7205,-0.1851,0.7480,-6.1679,-0.0305,6.0000
302638.3636,717472,232,-0.6536,-0.1567,0.7927,-1.7252,4.0305,6.7176
302638.3636,717482,232,-0.6809,-0.1223,0.7595,0.2901,14.4427,6.0611
302638.3636,717492,232,-0.7256,-0.1389,0.6877,-2.4427,20.0916,6.0305
302638.3636,717502,232,-0.7371,-0.1421,0.6492,-2.5802,18.6565,5.4504
302638.3636,717512,232,-0.7190,-0.1465,0.6514,-2.1374,14.4427,5.7252
302638.3636,717522,232,-0.7107,-0.1460,0.6475,-2.0000,11.7405,6.1679
302638.3636,717532,232,-0.7117,-0.1443,0.6355,-2.8092,9.1145,6.3969
302638.3636,717542,232,-0.6824,-0.1511,0.6575,-2.9618,5.8473,6.5038
302638.4823,717552,233,-0.6587,-0.1348,0.6802,-0.9771,5.5573,5.9695
302638.4823,717562,233,-0.6816,-0.1326,0.6592,-1.6336,8.1221,5.3740
302638.4823,717572,233,-0.7136,-0.1448,0.6233,-3.5878,8.0763,5.5420
302638.4823,717582,233,-0.7014,-0.1533,0.6125,-3.3893,4.1374,5.6794
302638.4823,717592,233,-0.6636,-0.1453,0.6443,-0.9313,1.8168,5.3282
302638.4823,717602,233,-0.6653,-0.1299,0.6399,-0.1374,3.8473,5.4504
302638.4823,717612,233,-0.7080,-0.1177,0.6108,-1.4962,5.0534,5.8168
302638.4823,717622,233,-0.7249,-0.1064,0.5999,-2.7786,1.5267,5.7863
302638.4823,717632,233,-0.6821,-0.1077,0.6311,-3.4962,-4.8397,5.0534
302638.4823,717642,233,-0.6274,-0.1133,0.6892,-2.3969,-6.3817,3.7710
302638.6095,717652,234,-0.6367,-0.1096,0.6997,-1.3435,-0.7481,2.7634
302638.6095,717662,234,-0.6917,-0.1089,0.6523,-2.6412,4.4122,2.7939
302638.6095,717672,234,-0.7144,-0.1213,0.6279,-4.5191,2.9008,2.9771
302638.6095,717682,234,-0.7075,-0.1292,0.6353,-4.3969,-1.1450,2.7634
302638.6095,717692,234,-0.7043,-0.1377,0.6494,-3.1145,-4.3511,2.7939
302638.6095,717702,234,-0.6914,-0.1238,0.6746,-1.1756,-6.3359,2.9313
302638.6095,717712,234,-0.6829,-0.1172,0.6946,-0.4427,-5.3740,3.5267
302638.6095,717722,234,-0.6970,-0.1033,0.6965,-0.7328,-3.7863,3.7099
302638.6095,717732,234,-0.6873,-0.1108,0.7178,-1.4962,-3.8321,3.7252
302638.6095,717742,234,-0.7019,-0.1072,0.7104,-0.5496,-2.6412,2.8092
302638.6624,717752,235,-0.7197,-0.1094,0.6970,-0.8397,-1.4198,2.1527
302638.6624,717762,235,-0.7217,-0.1262,0.6868,-1.8931,-2.1069,2.1832
302638.6624,717772,235,-0.7024,-0.1362,0.7029,-0.6565,-3.5573,2.6107
302638.6624,717782,235,-0.7136,-0.1138,0.7048,2.3664,-3.3435,2.9466
302638.6624,717792,235,-0.7283,-0.0901,0.7100,2.4885,-3.3588,2.8397
302638.6624,717802,235,-0.7061,-0.0947,0.7283,0.8244,-3.5573,2.7786
302638.6624,717812,235,-0.7124,-0.0977,0.7322,0.9008,-1.4962,1.9237
302638.6624,717822,235,-0.7314,-0.1050,0.7183,0.3053,-0.5191,0.9924
302638.6624,717832,235,-0.7483,-0.1040,0.7034,-0.4733,-1.5267,0.9160
302638.6624,717842,235,-0.7229,-0.1211,0.7117,-1.4198,-3.4046,1.1603
302638.7821,717852,236,-0.7112,-0.1270,0.7209,-0.0153,-3.1298,1.4198
302638.7821,717862,236,-0.7090,-0.1123,0.7153,2.1069,-1.9847,1.4809
302638.7821,717872,236,-0.7261,-0.1047,0.6973,1.3740,-1.0534,1.9695
302638.7821,717882,236,-0.7095,-0.1040,0.6985,1.1450,-1.8626,1.9695
302638.7821,717892,236,-0.7014,-0.0957,0.7063,2.5191,-1.9695,0.7023
302638.7821,717902,236,-0.7092,-0.0977,0.6914,2.2595,-1.4351,-0.6107
302638.7821,717912,236,-0.7239,-0.1001,0.6709,0.6718,-1.8321,-0.4580
302638.7821,717922,236,-0.6987,-0.1143,0.6860,0.2137,-3.9847,-0.2595
302638.7821,717932,236,-0.6694,-0.1033,0.7156,2.2901,-3.3740,-1.1603
302638.7821,717942,236,-0.6907,-0.1052,0.6941,2.2137,-0.4122,-1.6947
302638.9016,717952,237,-0.6921,-0.1411,0.6904,-0.8855,-2.5344,-1.1908
302638.9016,717962,237,-0.6921,-0.1411,0.6904,-0.8855,-2.5344,-1.1908
302638.9016,717972,237,-0.6589,-0.1438,0.7202,0.3969,-1.5725,-0.0153
302638.9016,717982,237,-0.7175,-0.1172,0.6763,1.0382,3.5878,1.0534
302638.9016,717992,237,-0.7278,-0.1128,0.6597,0.0305,1.1756,1.0687
302638.9016,718002,237,-0.7009,-0.1177,0.6699,-0.4733,-2.2595,1.0534
302638.9016,718012,237,-0.6843,-0.1150,0.6865,1.2366,-2.9618,0.0458
302638.9016,718022,237,-0.7000,-0.1001,0.6646,2.0305,-1.4351,-0.9924
302638.9016,718032,237,-0.7234,-0.1021,0.6355,0.8244,-1.8321,-0.9466
302638.9016,718042,237,-0.7112,-0.1057,0.6462,0.2748,-5.2214,-1.0687
302638.9621,718052,238,-0.6758,-0.1121,0.6782,0.7176,-7.2366,-1.7405
302638.9621,718062,238,-0.6899,-0.1248,0.6694,0.5954,-5.3588,-2.0916
302638.9621,718072,238,-0.7119,-0.1355,0.6604,0.3206,-4.7023,-1.7099
302638.9621,718082,238,-0.6960,-0.1323,0.6853,1.2824,-6.6107,-1.0382
302638.9621,718092,238,-0.6765,-0.1240,0.7234,1.4809,-6.4122,-0.5802
302638.9621,718102,238,-0.6821,-0.1326,0.7227,-0.0763,-2.9771,-0.1527
302638.9621,718112,238,-0.7092,-0.1431,0.7009,-0.9771,-0.9771,0.1679
302638.9621,718122,238,-0.7161,-0.1333,0.7036,0.1832,-1.7710,0.7328
302638.9621,718132,238,-0.7122,-0.1233,0.7119,1.2519,-2.8550,0.8702
302638.9621,718142,238,-0.7153,-0.1194,0.7056,1.6031,-2.6107,0.6412
302639.0839,718152,239,-0.7214,-0.1155,0.6948,1.6641,-2.7786,0.4275
302639.0839,718162,239,-0.7212,-0.1082,0.6917,1.9084,-3.5878,0.1069
302639.0839,718172,239,-0.7129,-0.1111,0.6941,1.8015,-4.1527,-0.0763
302639.0839,718182,239,-0.7190,-0.1057,0.6907,1.8779,-3.9237,-0.3511
302639.0839,718192,239,-0.7122,-0.1079,0.6953,1.5267,-4.8855,-0.5038
302639.0839,718202,239,-0.6868,-0.1111,0.7227,1.5420,-4.1527,-0.9924
302639.0839,718212,239,-0.6973,-0.1133,0.7092,1.0076,-1.2061,-1.0992
302639.0839,718222,239,-0.7263,-0.1150,0.6880,-0.7939,0.1985,-0.5496
302639.0839,718232,239,-0.7249,-0.1292,0.6802,-1.8015,-1.6489,-0.3664
302639.0839,718242,239,-0.7107,-0.1350,0.6877,-0.9771,-3.4351,-0.3969
302639.2023,718252,240,-0.7070,-0.1392,0.6887,0.3359,-3.6947,0.2290
302639.2023,718262,240,-0.7180,-0.1294,0.6804,1.5267,-3.6031,1.3740
302639.2023,718272,240,-0.7129,-0.1099,0.6887,2.4122,-4.5649,2.1374
302639.2023,718282,240,-0.6877,-0.0964,0.7051,2.4885,-4.2595,2.2443
302639.2023,718292,240,-0.7007,-0.0850,0.7029,1.8931,-2.2901,1.8779
302639.2023,718302,240,-0.7039,-0.0901,0.6846,0.8855,-1.7252,1.4046
302639.2023,718312,240,-0.7073,-0.0869,0.6858,0.1679,-1.7710,0.7939
302639.2023,718322,240,-0.7004,-0.1047,0.6826,-0.8244,-1.5725,0.2901
302639.2023,718332,240,-0.7183,-0.1147,0.6694,-1.0840,-1.1145,0.1527
302639.2023,718342,240,-0.7136,-0.1228,0.6699,-0.4580,-2.7176,0.7176
302639.2628,718352,241,-0.7036,-0.1118,0.6868,1.2061,-4.7328,1.2214
302639.2628,718362,241,-0.6909,-0.1018,0.6987,2.0611,-5.5115,1.3588
302639.2628,718372,241,-0.6919,-0.1003,0.6978,1.9542,-5.4046,1.2519
302639.2628,718382,241,-0.6799,-0.1045,0.7009,1.2672,-5.1298,1.1756
302639.2628,718392,241,-0.6780,-0.1057,0.6973,1.5115,-3.7405,1.4809
302639.2628,718402,241,-0.6951,-0.1013,0.6865,1.8931,-2.4885,2.0916
302639.2628,718412,241,-0.6960,-0.0969,0.6787,1.0840,-3.2366,2.8855
302639.2628,718422,241,-0.6804,-0.0916,0.6912,1.3282,-4.5038,3.1298
302639.2628,718432,241,-0.6619,-0.0854,0.7056,1.3893,-4.5496,3.3740
302639.2628,718442,241,-0.6597,-0.0903,0.6992,0.7939,-3.4504,3.6794
302639.3812,718452,242,-0.6682,-0.0862,0.6902,0.9313,-2.4885,3.8626
302639.3812,718462,242,-0.6699,-0.0840,0.6836,0.4275,-2.8550,4.3053
302639.3812,718472,242,-0.6636,-0.0918,0.6797,-0.5191,-3.7405,4.8244
302639.3812,718482,242,-0.6545,-0.0945,0.6753,-0.8702,-4.4427,5.4962
302639.3812,718492,242,-0.6360,-0.1042,0.6777,-1.0687,-5.0076,6.8244
302639.3812,718502,242,-0.6316,-0.0986,0.6863,-0.5954,-4.1985,8.1679
302639.3812,718512,242,-0.6279,-0.1013,0.6816,-0.7634,-4.1527,9.5267
302639.3812,718522,242,-0.6121,-0.0940,0.6931,-1.2672,-4.6565,11.3130
302639.3812,718532,242,-0.5916,-0.0789,0.6953,-1.8321,-4.5191,12.8397
302639.3812,718542,242,-0.5869,-0.0688,0.6829,-2.8855,-3.5573,13.9847
302639.5019,718552,243,-0.5891,-0.0522,0.6497,-3.4504,-3.0992,14.8855
302639.5019,718562,243,-0.5796,-0.0286,0.6267,-4.3664,-4.0763,15.2824
302639.5019,718572,243,-0.5659,-0.0156,0.5972,-5.6794,-5.9847,14.9466
302639.5019,718582,243,-0.5549,-0.0037,0.5679,-6.5038,-8.2290,14.0305
302639.5019,718592,243,-0.5498,0.0071,0.5427,-8.2901,-11.3282,13.3282
302639.5019,718602,243,-0.5283,-0.0056,0.5310,-11.2214,-14.9313,12.9618
302639.5019,718612,243,-0.5312,-0.0171,0.5137,-9.6794,-15.9389,13.2366
302639.5019,718622,243,-0.5439,0.0276,0.5076,-3.9542,-17.7710,13.4351
302639.5019,718632,243,-0.5266,0.0637,0.5205,-1.2824,-19.4656,13.1908
302639.5019,718642,243,-0.5483,0.1057,0.5120,-0.8092,-19.3588,12.2443
302639.5610,718652,244,-0.5334,0.1213,0.5100,-2.1527,-22.7634,9.7710
302639.5610,718662,244,-0.5286,0.1111,0.5190,-4.3664,-27.0382,6.0611
302639.5610,718672,244,-0.5244,0.0938,0.5168,-7.1603,-31.4962,2.4885
302639.5610,718682,244,-0.5237,0.0635,0.5269,-11.2672,-37.8779,-0.7328
302639.5610,718692,244,-0.4976,0.0215,0.5286,-16.1832,-45.5420,-3.0076
302639.5610,718702,244,-0.4985,0.0027,0.5261,-20.1374,-51.3130,-3.6641
302639.5610,718712,244,-0.4624,-0.0085,0.5339,-24.0153,-59.9084,-3.8168
302639.5610,718722,244,-0.4497,-0.0186,0.5164,-28.1832,-69.3740,-2.7634
302639.5610,718732,244,-0.4629,0.0061,0.4983,-31.6183,-76.3664,-0.1832
302639.5610,718742,244,-0.5146,0.0483,0.4595,-32.9618,-85.9389,3.9237
302639.6818,718752,245,-0.5107,0.0898,0.4597,-31.9695,-99.9389,4.1679
302639.6818,718762,245,-0.4578,0.1003,0.5046,-32.1069,-111.0076,2.9313
302639.6818,718772,245,-0.4023,0.0667,0.5864,-27.3435,-105.4351,0.0611
302639.6818,718782,245,-0.3970,0.1157,0.6316,-16.5802,-89.4504,-6.2748
302639.6818,718792,245,-0.4370,0.1494,0.6270,-14.8855,-76.1985,-10.8702
302639.6818,718802,245,-0.5144,0.1143,0.5569,-22.1985,-68.6412,-13.4351
302639.6818,718812,245,-0.5229,0.1069,0.5566,-28.6260,-72.0916,-16.5038
302639.6818,718822,245,-0.5134,0.0667,0.5679,-35.7710,-81.6336,-18.4885
302639.6818,718832,245,-0.5044,0.0161,0.6028,-41.4809,-95.1756,-20.8550
302639.6818,718842,245,-0.4753,-0.0537,0.6545,-45.1145,-108.1832,-22.3206
302639.8017,718852,246,-0.4160,-0.1248,0.6987,-48.0763,-118.9771,-23.2366
302639.8017,718862,246,-0.3574,-0.2036,0.7124,-47.9542,-116.5344,-22.1069
302639.8017,718872,246,-0.4209,-0.2244,0.6951,-38.4733,-97.5573,-21.0229
302639.8017,718882,246,-0.4539,-0.1987,0.6912,-26.8092,-86.2137,-21.5573
302639.8017,718892,246,-0.4873,-0.1970,0.6643,-22.3359,-86.9008,-21.4809
302639.8017,718902,246,-0.4968,-0.1899,0.6973,-21.3740,-90.4275,-20.6718
302639.8017,718912,246,-0.3777,-0.2227,0.7937,-26.1679,-109.7863,-17.1450
302639.8017,718922,246,-0.3606,-0.2932,0.8184,-33.7863,-128.0916,-6.9160
302639.8017,718932,246,-0.3347,-0.2734,0.8625,-34.9313,-137.7557,2.6260
302639.8017,718942,246,-0.3506,-0.2725,0.9084,-37.7252,-142.6260,12.7176
302639.8633,718952,247,-0.3428,-0.2261,0.9641,-37.1450,-139.2061,17.4351
302639.8633,718962,247,-0.2898,-0.2087,1.0251,-36.1069,-127.9237,14.0458
302639.8633,718972,247,-0.2832,-0.2114,1.0886,-30.9466,-107.2824,2.0305
302639.8633,718982,247,-0.2969,-0.2261,1.1230,-24.3053,-91.2977,-13.6794
302639.8633,718992,247,-0.2935,-0.2380,1.1387,-21.8473,-82.0458,-22.7634
302639.8633,719002,247,-0.3149,-0.2417,1.1494,-23.3130,-71.1145,-25.4351
302639.8633,719012,247,-0.3740,-0.2512,1.1499,-25.9542,-64.5649,-26.1985
302639.8633,719022,247,-0.3855,-0.2520,1.1438,-25.2672,-65.2214,-28.0305
302639.8633,719032,247,-0.3650,-0.2534,1.1714,-20.9466,-69.2977,-32.9618
302639.8633,719042,247,-0.3311,-0.2615,1.2097,-15.5878,-73.8321,-38.1527
302639.9838,719052,248,-0.2874,-0.2759,1.2607,-10.4427,-75.8931,-42.8550
302639.9838,719062,248,-0.2415,-0.2966,1.3196,-5.4046,-72.4733,-47.4962
302639.9838,719072,248,-0.2173,-0.2844,1.3572,0.9466,-61.4504,-51.0840
302639.9838,719082,248,-0.2366,-0.2595,1.3594,3.8321,-44.1069,-55.1756
302639.9838,719092,248,-0.2451,-0.2942,1.3552,0.5038,-29.8931,-59.6794
302639.9838,719102,248,-0.1938,-0.3601,1.3647,-3.6489,-22.0000,-62.2901
302639.9838,719112,248,-0.1614,-0.4214,1.3760,-5.0382,-12.2748,-62.1221
302639.9838,719122,248,-0.1099,-0.4653,1.3943,-3.5420,0.5496,-63.3130
302639.9838,719132,248,-0.0571,-0.5293,1.3889,-3.4351,15.9084,-62.1374
302639.9838,719142,248,-0.1274,-0.5483,1.3406,-0.9466,33.5878,-57.3588
302640.1013,719152,249,-0.1694,-0.5381,1.2910,1.6031,39.0076,-53.4504
302640.1013,719162,249,-0.1472,-0.5544,1.2739,0.9924,34.4427,-48.1679
302640.1013,719172,249,-0.1580,-0.5679,1.2576,1.5573,28.0458,-42.4122
302640.1013,719182,249,-0.1562,-0.5708,1.2507,4.6565,20.4580,-37.2366
302640.1013,719192,249,-0.0889,-0.5632,1.2830,10.3359,16.6412,-31.6336
302640.1013,719202,249,-0.0579,-0.5264,1.2979,16.8855,23.0992,-26.6107
302640.1013,719212,249,-0.1091,-0.4685,1.2539,19.7863,36.5344,-22.8397
302640.1013,719222,249,-0.1726,-0.4175,1.1841,16.8244,42.1374,-20.0763
302640.1013,719232,249,-0.1887,-0.4253,1.1338,11.6031,38.3817,-17.7863
302640.1013,719242,249,-0.1848,-0.4324,1.1028,12.1221,31.7099,-16.5344
302640.1625,719252,250,-0.1899,-0.4099,1.0894,16.1221,22.6107,-16.2595
302640.1625,719262,250,-0.1614,-0.3826,1.0879,17.7252,12.9466,-14.6260
302640.1625,719272,250,-0.1382,-0.3582,1.0852,17.1298,9.4809,-12.9771
302640.1625,719282,250,-0.1357,-0.3496,1.0718,14.4733,8.7786,-13.3588
302640.1625,719292,250,-0.1072,-0.3650,1.0718,12.8855,7.9237,-13.0840
302640.1625,719302,250,-0.0999,-0.3423,1.0767,13.8779,8.4580,-13.0992
302640.1625,719312,250,-0.1145,-0.3398,1.0635,10.7328,9.7099,-12.7634
302640.1625,719322,250,-0.1345,-0.3440,1.0398,5.6183,8.5191,-11.1603
302640.1625,719332,250,-0.1414,-0.3462,1.0220,1.3588,3.6489,-9.4656
302640.1625,719342,250,-0.1345,-0.3411,1.0198,-1.5725,-3.0229,-8.3969
302640.2822,719352,251,-0.1140,-0.3369,1.0164,-3.7405,-9.2519,-8.2443
302640.2822,719362,251,-0.0940,-0.3296,1.0156,-5.4656,-13.0687,-8.6565
302640.2822,719372,251,-0.0735,-0.3596,1.0217,-6.1985,-13.7863,-9.0534
302640.2822,719382,251,-0.0576,-0.3650,1.0396,-2.3053,-11.7710,-10.6565
302640.2822,719392,251,0.0098,-0.3713,1.0950,2.6107,-10.3359,-12.0000
302640.2822,719402,251,0.0076,-0.3713,1.1016,5.3588,-4.3817,-10.1069
302640.2822,719412,251,-0.0518,-0.3376,1.0798,6.5649,1.3740,-7.8931
302640.2822,719422,251,-0.0789,-0.3071,1.0625,6.3511,1.7405,-5.9084
302640.2822,719432,251,-0.0994,-0.2849,1.0564,5.4351,0.1069,-5.7710
302640.2822,719442,251,-0.0881,-0.2673,1.0640,5.2672,-2.5496,-7.2977
302640.4018,719452,252,-0.0801,-0.2529,1.0566,4.7328,-3.7710,-9.3893
302640.4018,719462,252,-0.0754,-0.2571,1.0488,2.4275,-3.2519,-11.2824
302640.4018,719472,252,-0.0894,-0.2659,1.0281,0.0763,-2.1221,-12.3817
302640.4018,719482,252,-0.1208,-0.2744,1.0046,-0.4275,-2.4580,-13.1603
302640.4018,719492,252,-0.0913,-0.2749,1.0261,1.2214,-5.9695,-14.2595
302640.4018,719502,252,-0.0474,-0.2678,1.0469,2.9160,-5.7557,-14.2595
302640.4018,719512,252,-0.0637,-0.2625,1.0361,2.2443,1.1145,-13.0076
302640.4018,719522,252,-0.1108,-0.2717,0.9944,0.8550,5.3893,-12.6718
302640.4018,719532,252,-0.1379,-0.2771,0.9709,0.5496,2.8397,-13.2214
302640.4018,719542,252,-0.1023,-0.2993,0.9727,2.0000,-2.6718,-13.8321
302640.4622,719552,253,-0.0940,-0.2981,0.9863,6.5954,-4.2443,-13.7252
302640.4622,719562,253,-0.1067,-0.2810,0.9990,10.7939,-5.0382,-12.4885
302640.4622,719572,253,-0.1101,-0.2400,0.9917,12.7786,-6.7786,-12.0916
302640.4622,719582,253,-0.1121,-0.2170,0.9824,10.4580,-7.6489,-12.0611
302640.4622,719592,253,-0.1277,-0.2139,0.9592,6.9618,-6.7023,-12.2901
302640.4622,719602,253,-0.1409,-0.2026,0.9514,8.5344,-6.1985,-14.2748
302640.4622,719612,253,-0.1414,-0.1716,0.9539,11.9695,-5.4809,-18.0305
302640.4622,719622,253,-0.1375,-0.1616,0.9595,10.8397,-3.3588,-20.6260
302640.4622,719632,253,-0.1414,-0.1667,0.9561,7.5725,1.2061,-22.6718
302640.4622,719642,253,-0.1414,-0.1943,0.9521,5.5878,3.8931,-25.7710
