host_time_s,device_ms,seq,ax_g,ay_g,az_g,gx_dps,gy_dps,gz_dps
302436.9590,516052,10,0.7271,-0.7961,0.0417,-63.6794,58.0305,15.0992
302436.9590,516062,10,0.7197,-0.8208,0.0032,-46.7176,45.7863,2.3359
302436.9590,516072,10,0.7388,-0.8787,-0.0449,-36.2137,33.1756,-4.3359
302436.9590,516082,10,0.7114,-0.8748,-0.0898,-31.3588,21.7863,-1.4504
302436.9590,516092,10,0.6606,-0.8657,-0.1172,-29.5573,9.7252,5.5725
302436.9590,516102,10,0.6428,-0.8040,-0.1147,-26.9924,-2.9466,12.2901
302436.9590,516112,10,0.6108,-0.7800,-0.0886,-25.8168,-9.3740,12.8092
302436.9590,516122,10,0.6348,-0.7576,-0.0603,-19.9542,-16.2443,7.3588
302436.9590,516132,10,0.6746,-0.7329,-0.0320,-9.9847,-23.2061,-1.6794
302436.9590,516142,10,0.7207,-0.7581,-0.0020,-4.1679,-30.7176,-10.1985
302437.0625,516152,11,0.7476,-0.7886,-0.0266,-2.9008,-37.7405,-12.3969
302437.0625,516162,11,0.7278,-0.8008,-0.0962,0.7481,-44.2748,-12.0763
302437.0625,516172,11,0.6741,-0.7742,-0.1689,7.5725,-54.9924,-13.0840
302437.0625,516182,11,0.6714,-0.7410,-0.2100,13.7405,-75.3130,-15.8779
302437.0625,516192,11,0.6287,-0.7249,-0.2747,15.7710,-103.1298,-20.9008
302437.0625,516202,11,0.6455,-0.6748,-0.2231,10.4885,-134.5954,-29.4809
302437.0625,516212,11,0.7769,-0.8481,-0.3020,4.3359,-158.8244,-36.0611
302437.0625,516222,11,0.8635,-0.9790,-0.2253,27.4351,-167.1756,-38.7786
302437.0625,516232,11,1.0688,-0.9756,-0.0872,52.1832,-160.9008,-27.5573
302437.0625,516242,11,1.0310,-0.9114,-0.0828,63.1298,-119.4809,-21.3893
302437.1664,516252,12,0.8486,-0.8489,-0.1748,71.4198,-85.1145,-19.6336
302437.1664,516262,12,0.8564,-0.4224,0.2080,68.6565,-77.0687,-19.3588
302437.1664,516272,12,0.7251,-0.5491,-0.0342,22.6260,-38.7176,-54.5802
302437.1664,516282,12,0.8235,-0.5850,0.0261,7.5878,-43.7863,-57.3893
302437.1664,516292,12,0.7410,-0.5032,-0.0100,7.4198,-39.0382,-51.2824
302437.1664,516302,12,0.6106,-0.4565,-0.0681,-5.4504,-40.1985,-44.9466
302437.1664,516312,12,0.6917,-0.4978,-0.1184,-22.2137,-49.4351,-41.8473
302437.1664,516322,12,0.8337,-0.6162,-0.0811,-17.6489,-37.0687,-43.9237
302437.1664,516332,12,0.9038,-0.6399,-0.0581,-12.6718,-21.8015,-35.0534
302437.1664,516342,12,0.8877,-0.6045,-0.0588,-13.4809,-13.1145,-23.2519
302437.2574,516352,13,0.8374,-0.6187,-0.1030,-17.8779,-12.1832,-21.2061
302437.2574,516362,13,0.9038,-0.5601,-0.0183,-9.9389,-4.4733,-23.8626
302437.2574,516372,13,0.9138,-0.5959,-0.0222,-14.4733,2.0458,-10.5802
302437.2574,516382,13,0.8340,-0.6443,-0.0776,-26.0458,3.1145,2.0916
302437.2574,516392,13,0.9031,-0.7192,-0.1318,-32.0305,-1.6794,9.2519
302437.2574,516402,13,0.8831,-0.7488,-0.1721,-26.6870,1.7405,14.0153
302437.2574,516412,13,0.9209,-0.7490,-0.1882,-19.4504,4.3511,17.6947
302437.2574,516422,13,0.9038,-0.6780,-0.1511,-12.3664,10.0000,20.9160
302437.2574,516432,13,0.8716,-0.6594,-0.1401,-11.6336,13.7099,24.7634
302437.2574,516442,13,0.8413,-0.6011,-0.1099,-11.5573,17.1450,24.4122
302437.3629,516452,14,0.8779,-0.5894,-0.0598,-14.3817,17.2824,19.4656
302437.3629,516462,14,0.8523,-0.6011,-0.0454,-17.3435,19.1756,21.0382
302437.3629,516472,14,0.8015,-0.5735,-0.0256,-16.4580,21.2824,20.9924
302437.3629,516482,14,0.8171,-0.5693,-0.0168,-14.2290,18.9618,18.9466
302437.3629,516492,14,0.8127,-0.5952,-0.0371,-12.5954,17.2214,17.6641
302437.3629,516502,14,0.7810,-0.6428,-0.0789,-10.9618,15.0840,14.0611
302437.3629,516512,14,0.7913,-0.6753,-0.1143,-9.0076,8.8702,12.1527
302437.3629,516522,14,0.8530,-0.7095,-0.1270,-5.9084,1.9237,11.0840
302437.3629,516532,14,0.8645,-0.7468,-0.1367,-0.5344,0.3969,12.5191
302437.3629,516542,14,0.8425,-0.7502,-0.1536,6.0458,0.5038,13.6336
302437.4532,516552,15,0.8801,-0.7859,-0.1853,10.5191,-1.8015,14.0305
302437.4532,516562,15,0.9387,-0.8296,-0.2180,15.5573,-2.3664,14.5344
302437.4532,516572,15,0.9548,-0.8774,-0.2458,22.4427,-1.4962,15.9542
302437.4532,516582,15,0.9663,-0.8689,-0.2502,31.0687,-1.7710,16.2901
302437.4532,516592,15,0.9644,-0.8530,-0.2542,38.8244,-2.3664,15.7863
302437.4532,516602,15,0.9873,-0.8284,-0.2495,43.8626,-4.8702,16.4122
302437.4532,516612,15,0.9868,-0.8206,-0.2830,47.4962,-6.1374,15.8779
302437.4532,516622,15,0.9666,-0.7913,-0.3027,49.6031,-7.6336,15.8473
302437.4532,516632,15,0.9197,-0.7661,-0.3237,49.3893,-10.0458,17.2061
302437.4532,516642,15,0.8591,-0.7349,-0.3484,49.2366,-11.6336,17.5725
302437.5723,516652,16,0.8499,-0.7910,-0.3586,48.2901,-16.2595,17.2824
302437.5723,516662,16,0.8452,-0.8076,-0.3831,52.9466,-21.5420,15.0534
302437.5723,516672,16,0.8699,-0.8494,-0.4043,56.4275,-26.0611,16.8397
302437.5723,516682,16,0.8735,-0.8843,-0.3643,66.1221,-27.0229,15.2977
302437.5723,516692,16,0.9128,-0.9104,-0.3359,77.2824,-27.8779,13.8931
302437.5723,516702,16,0.9436,-0.9204,-0.3264,90.0458,-26.1679,12.4733
302437.5723,516712,16,0.9272,-0.8721,-0.3025,101.6947,-23.2519,12.2137
302437.5723,516722,16,0.8494,-0.7617,-0.3105,111.8168,-18.2137,11.4351
302437.5723,516732,16,0.7771,-0.6387,-0.3362,113.8626,-17.0382,10.4580
302437.5723,516742,16,0.6846,-0.5295,-0.3784,105.6031,-19.8015,12.3817
302437.6636,516752,17,0.5930,-0.5261,-0.4316,87.2366,-27.8626,15.9084
302437.6636,516762,17,0.5562,-0.5999,-0.4360,65.6031,-41.0382,18.7634
302437.6636,516772,17,0.6211,-0.7212,-0.4185,47.4962,-54.9008,20.9466
302437.6636,516782,17,0.6631,-0.8254,-0.3809,38.4122,-63.1756,21.6489
302437.6636,516792,17,0.6697,-0.8916,-0.3503,37.7252,-66.6412,20.3511
302437.6636,516802,17,0.6753,-0.9453,-0.3235,46.7634,-67.9695,16.1374
302437.6636,516812,17,0.6533,-0.9092,-0.2947,62.3053,-68.5191,10.7176
302437.6636,516822,17,0.6506,-0.9131,-0.2949,69.0229,-70.1527,10.1374
302437.6636,516832,17,0.6628,-0.8784,-0.2766,78.2137,-69.3282,7.0840
302437.6636,516842,17,0.6377,-0.8342,-0.2656,85.6031,-64.8397,3.8015
302437.7533,516852,18,0.5588,-0.7961,-0.2361,89.4504,-62.4122,1.2824
302437.7533,516862,18,0.5527,-0.7532,-0.1985,88.8244,-66.0916,-1.1908
302437.7533,516872,18,0.5657,-0.7432,-0.1841,84.3817,-70.1985,-0.6565
302437.7533,516882,18,0.5715,-0.7639,-0.1982,77.2672,-73.0992,2.2443
302437.7533,516892,18,0.5337,-0.7371,-0.2002,71.8473,-72.0916,3.3130
302437.7533,516902,18,0.5054,-0.6873,-0.2014,64.3053,-72.8550,4.7176
302437.7533,516912,18,0.4453,-0.6787,-0.2195,54.9618,-73.3435,6.8092
302437.7533,516922,18,0.4180,-0.7090,-0.2183,45.7405,-77.2061,7.2672
302437.7533,516932,18,0.4612,-0.7292,-0.1897,38.7786,-84.2290,7.8931
302437.7533,516942,18,0.4712,-0.7849,-0.1809,35.3282,-87.2366,10.8397
302437.8578,516952,19,0.4880,-0.8184,-0.1309,34.6565,-90.6260,10.5496
302437.8578,516962,19,0.5598,-0.8503,-0.0706,35.9847,-95.6183,9.2824
302437.8578,516972,19,0.5615,-0.8633,-0.0251,41.1298,-94.4275,12.2137
302437.8578,516982,19,0.5496,-0.8047,0.0171,49.3740,-89.6947,13.1908
302437.8578,516992,19,0.5286,-0.7712,0.0190,54.8702,-85.2977,12.4580
302437.8578,517002,19,0.5032,-0.7432,0.0024,56.8702,-83.1603,13.1450
302437.8578,517012,19,0.5000,-0.7144,-0.0396,56.9618,-81.4046,13.9695
302437.8578,517022,19,0.4585,-0.7119,-0.0527,53.3740,-82.2290,13.6183
302437.8578,517032,19,0.4912,-0.7019,-0.0518,48.0000,-86.3053,15.0840
302437.8578,517042,19,0.5081,-0.7429,-0.0713,42.0458,-88.6412,17.5878
302437.9638,517052,20,0.5391,-0.7617,-0.0664,36.9924,-91.5725,18.7023
302437.9638,517062,20,0.5559,-0.7739,-0.0571,33.2519,-93.7099,20.7023
302437.9638,517072,20,0.5469,-0.7700,-0.0493,31.8015,-92.9160,22.6107
302437.9638,517082,20,0.5593,-0.7515,-0.0303,31.7405,-92.4427,21.8626
302437.9638,517092,20,0.5422,-0.7466,-0.0103,31.4351,-92.0916,21.6947
302437.9638,517102,20,0.5583,-0.7480,0.0295,30.4885,-94.7023,20.8855
302437.9638,517112,20,0.5862,-0.7437,0.0537,31.0534,-96.6718,19.1450
302437.9638,517122,20,0.6201,-0.7688,0.0642,31.2977,-96.5802,18.4580
302437.9638,517132,20,0.6292,-0.7671,0.0676,31.9542,-94.9618,17.7405
302437.9638,517142,20,0.6230,-0.7583,0.0686,33.6183,-91.5420,16.9008
302438.0835,517152,21,0.5974,-0.7324,0.0579,34.6718,-88.0458,16.9008
302438.0835,517162,21,0.5596,-0.6860,0.0435,33.9542,-84.5649,16.4275
302438.0835,517172,21,0.5681,-0.7283,0.0215,31.0992,-82.4733,13.8473
302438.0835,517182,21,0.5698,-0.7407,0.0493,28.7481,-83.0229,11.1603
302438.0835,517192,21,0.6135,-0.7341,0.0811,25.8168,-86.5344,10.6412
302438.0835,517202,21,0.6606,-0.7566,0.1023,22.4122,-87.2977,11.0382
302438.0835,517212,21,0.6667,-0.7639,0.1138,20.6870,-84.7786,11.6489
302438.0835,517222,21,0.6589,-0.7742,0.1052,20.2290,-80.1679,11.5115
302438.0835,517232,21,0.6499,-0.7720,0.0833,20.5038,-74.1069,10.4885
302438.0835,517242,21,0.6016,-0.7791,0.0593,19.6183,-68.0458,10.9618
302438.2032,517252,22,0.5793,-0.7546,0.0522,19.1298,-64.0458,10.1679
302438.2032,517262,22,0.5776,-0.7192,0.0713,17.7863,-63.7405,7.5725
302438.2032,517272,22,0.5938,-0.7288,0.0750,14.9160,-64.5496,5.9847
302438.2032,517282,22,0.6440,-0.7551,0.0784,11.7405,-66.0763,4.6412
302438.2032,517292,22,0.6924,-0.7898,0.0813,8.9008,-66.9618,3.8626
302438.2032,517302,22,0.7412,-0.8296,0.0698,7.9542,-64.7634,3.2214
302438.2032,517312,22,0.6963,-0.8496,0.0549,12.5191,-52.1985,1.4962
302438.2032,517322,22,0.6963,-0.8496,0.0549,12.5191,-52.1985,1.4962
302438.2032,517332,22,0.6450,-0.8354,0.0417,16.3359,-43.8931,-1.4656
302438.2032,517342,22,0.6296,-0.8281,0.0620,20.2290,-37.3588,-5.9847
302438.2636,517352,23,0.6589,-0.8914,0.0630,31.4504,-24.6565,-10.3664
302438.2636,517362,23,0.6589,-0.8914,0.0630,31.4504,-24.6565,-10.3664
302438.2636,517372,23,0.6628,-0.8340,0.0918,35.5420,-24.0611,-6.9008
302438.2636,517382,23,0.6973,-0.8896,0.0930,32.4122,-26.2443,-4.0458
302438.2636,517392,23,0.7698,-0.8740,0.1589,31.3893,-26.4885,-4.2443
302438.2636,517402,23,0.7280,-0.9060,0.1348,37.6336,-17.7252,-8.0611
302438.2636,517412,23,0.7029,-0.8894,0.1252,42.1069,-10.7634,-9.4046
302438.2636,517422,23,0.6514,-0.8667,0.1174,37.4504,-10.0916,-8.2443
302438.2636,517432,23,0.6243,-0.8521,0.0845,31.8626,-13.8931,-7.5878
302438.2636,517442,23,0.6628,-0.9224,0.0244,28.6107,-18.5191,-6.0000
302438.3835,517452,24,0.7009,-0.9309,0.0229,30.3817,-23.1756,3.1450
302438.3835,517462,24,0.6958,-0.9307,-0.0093,23.8931,-23.6031,17.5115
302438.3835,517472,24,0.6995,-0.9421,-0.0439,21.2366,-21.2977,27.6031
302438.3835,517482,24,0.6501,-1.0039,-0.0818,24.4885,-14.8702,30.5038
302438.3835,517492,24,0.6560,-0.9680,-0.0952,30.1985,-12.3359,33.8168
302438.3835,517502,24,0.6953,-0.9993,0.0115,33.6183,-21.0534,47.2061
302438.3835,517512,24,0.6470,-1.0237,-0.0376,48.1374,-13.6031,48.0916
302438.3835,517522,24,0.5764,-0.9192,0.0696,48.7176,-28.0916,56.0000
302438.3835,517532,24,0.6001,-0.8401,0.1062,43.4198,-42.8855,61.0687
302438.3835,517542,24,0.4749,-0.7263,0.1216,37.2366,-53.8626,65.1145
302438.5042,517552,25,0.4404,-0.6602,0.1741,28.0000,-66.4580,66.8702
302438.5042,517562,25,0.6248,-0.6448,0.3508,12.8397,-72.6412,68.1374
302438.5042,517572,25,0.5286,-0.8538,0.1970,-7.2977,-63.6794,72.1832
302438.5042,517582,25,0.6785,-0.6162,0.5120,4.0763,-60.9924,66.3664
302438.5042,517592,25,0.4099,-0.5549,0.5420,-0.8244,-17.6183,50.5649
302438.5042,517602,25,0.2627,-0.6650,0.3684,-13.5420,55.8931,-3.0687
302438.5042,517612,25,0.2844,-0.8315,0.1694,-24.3053,81.6183,-28.4427
302438.5042,517622,25,0.3638,-0.8291,0.1570,-22.7176,79.5878,-21.1756
302438.5042,517632,25,0.4268,-0.8198,0.1926,-35.7405,70.5038,1.4656
302438.5042,517642,25,0.3296,-0.9246,0.0417,-58.6565,72.7634,17.7557
302438.5635,517652,26,0.3318,-1.0725,-0.1404,-60.0916,82.3053,11.8931
302438.5635,517662,26,0.4236,-1.1443,-0.2251,-44.2443,88.9618,8.7634
302438.5635,517672,26,0.3828,-1.1619,-0.2822,-30.1221,92.7176,23.5420
302438.5635,517682,26,0.3562,-1.1479,-0.3179,-21.9847,85.7710,42.0611
302438.5635,517692,26,0.3115,-1.2080,-0.3572,-22.4122,73.9084,65.8931
302438.5635,517702,26,0.3567,-1.2898,-0.3972,-20.8855,57.2366,78.6565
302438.5635,517712,26,0.4119,-1.3210,-0.3943,-11.0992,37.3435,95.0534
302438.5635,517722,26,0.4167,-1.2490,-0.3784,-1.8015,16.9771,119.3130
302438.5635,517732,26,0.3586,-1.1858,-0.3870,3.3588,-3.9389,136.3817
302438.5635,517742,26,0.3142,-1.1272,-0.3643,10.3664,-24.3817,137.0534
302438.6850,517752,27,0.3372,-1.0505,-0.3318,18.3969,-41.5878,128.8855
302438.6850,517762,27,0.3232,-1.0059,-0.3047,26.5649,-49.9084,118.8550
302438.6850,517772,27,0.2961,-0.9727,-0.2681,34.2137,-56.9160,106.9466
302438.6850,517782,27,0.3208,-0.9871,-0.2258,39.0687,-69.8931,97.2977
302438.6850,517792,27,0.3303,-0.9680,-0.1616,42.8397,-79.7099,92.9313
302438.6850,517802,27,0.6653,-0.5950,0.1638,43.6336,-92.6260,102.5496
302438.6850,517812,27,0.1301,-1.1265,-0.0964,18.7939,-83.6489,132.0000
302438.6850,517822,27,0.2859,-0.9844,-0.0991,54.3053,-83.2824,78.1374
302438.6850,517832,27,0.3245,-0.9399,-0.1025,70.1679,-104.1679,98.7634
302438.6850,517842,27,0.1648,-1.0520,-0.3149,84.2901,-87.7557,81.1145
302438.8033,517852,28,0.3306,-0.6787,0.2568,136.1985,-100.2290,57.0229
302438.8033,517862,28,0.3359,-0.9275,-0.0012,106.0763,-94.5496,58.6412
302438.8033,517872,28,0.1243,-1.0100,-0.2788,88.2901,-65.2519,47.3282
302438.8033,517882,28,0.0579,-0.6477,0.1897,101.1908,-81.0687,48.8550
302438.8033,517892,28,0.1392,-0.9470,-0.0037,30.9008,-103.8015,58.3053
302438.8033,517902,28,0.1042,-1.1016,-0.0820,-1.5115,-89.7252,54.4122
302438.8033,517912,28,0.0391,-1.1794,-0.1494,-2.8397,-76.2290,54.0305
302438.8033,517922,28,0.0852,-1.2036,-0.1179,8.2595,-82.3359,42.1679
302438.8033,517932,28,0.1677,-1.1638,-0.0518,29.5267,-88.5191,26.9618
302438.8033,517942,28,0.2043,-1.1104,0.0283,51.9847,-80.4580,9.3435
302438.8628,517952,29,0.3110,-1.0417,0.1802,76.3359,-65.6031,-20.4885
302438.8628,517962,29,0.3140,-1.0591,0.1826,85.4351,-37.4351,-42.8702
302438.8628,517972,29,0.1541,-1.0493,0.1050,87.5420,-5.8473,-46.7328
302438.8628,517982,29,0.0454,-1.0886,0.1050,86.9466,-5.7863,-38.2443
302438.8628,517992,29,0.2034,-1.1587,0.2095,87.1756,-28.9924,-22.6565
302438.8628,518002,29,0.3328,-1.1704,0.2471,89.4351,-38.9466,1.7405
302438.8628,518012,29,0.2520,-1.2424,0.1929,89.3740,-22.3053,22.4733
302438.8628,518022,29,0.2703,-1.3064,0.2390,106.3359,-11.9389,27.7710
302438.8628,518032,29,0.4216,-1.2466,0.3616,133.2519,-4.9313,24.0763
302438.8628,518042,29,0.4705,-1.1807,0.3669,138.0763,15.6183,28.1527
302438.9831,518052,30,0.2861,-1.1428,0.3723,137.2824,48.5649,36.0916
302438.9831,518062,30,0.1633,-0.9832,0.3696,154.8550,55.3435,42.9160
302438.9831,518072,30,0.0249,-0.9509,0.3884,154.7481,53.9237,52.2137
302438.9831,518082,30,-0.0093,-0.9414,0.4094,153.8015,38.8855,68.0611
302438.9831,518092,30,-0.0125,-0.8989,0.4331,154.9466,28.7023,77.6336
302438.9831,518102,30,0.0193,-0.8330,0.4985,157.7099,26.1679,77.7557
302438.9831,518112,30,0.0750,-0.8037,0.5410,157.0840,35.2672,66.2748
302438.9831,518122,30,0.0732,-0.8098,0.5291,155.5115,58.2901,46.8397
302438.9831,518132,30,-0.0020,-0.8306,0.4438,157.7405,85.6641,26.4122
302438.9831,518142,30,-0.1426,-0.7788,0.3618,168.8092,109.4656,4.2290
302439.1033,518152,31,-0.3567,-0.6848,0.3015,183.0840,115.9847,-5.6794
302439.1033,518162,31,-0.4924,-0.5090,0.2544,197.5878,101.4962,-3.8473
302439.1033,518172,31,-0.5601,-0.3447,0.2812,208.3511,78.4885,-1.1603
302439.1033,518182,31,-0.5012,-0.2363,0.3782,209.0229,53.8473,-3.9542
302439.1033,518192,31,-0.4023,-0.2578,0.4597,192.4122,31.6794,-1.3740
302439.1033,518202,31,-0.2952,-0.3660,0.4863,166.5496,11.8473,6.5191
302439.1033,518212,31,-0.2363,-0.5063,0.4587,138.2137,-3.2061,18.5802
302439.1033,518222,31,-0.2310,-0.6294,0.4119,113.3435,-13.2519,27.8473
302439.1033,518232,31,-0.2793,-0.7100,0.3579,96.8702,-21.6794,32.7328
302439.1033,518242,31,-0.3145,-0.7498,0.3230,90.7939,-31.5573,25.9084
302439.1637,518252,32,-0.3232,-0.7949,0.3054,98.6260,-37.4504,1.0687
302439.1637,518262,32,-0.2974,-0.7766,0.3457,117.1298,-42.3511,-26.5954
302439.1637,518272,32,0.1599,-0.4182,0.4370,122.8092,-48.6260,-41.4962
302439.1637,518282,32,-0.0793,-0.8120,0.7092,64.4427,-36.1069,-21.8779
302439.1637,518292,32,-0.2712,-0.7683,0.4990,44.6412,-48.7481,29.2366
302439.1637,518302,32,-0.1211,-0.9055,0.4507,33.8779,-71.6183,24.0763
302439.1637,518312,32,-0.1946,-0.8130,0.5435,42.7176,-70.5038,8.8397
302439.1637,518322,32,-0.0315,-0.6580,0.7405,41.1298,-81.5115,7.9695
302439.1637,518332,32,0.2280,-0.7258,0.8672,26.5344,-82.3817,15.0534
302439.1637,518342,32,0.1748,-0.6865,0.8696,23.1908,-60.8550,13.8779
302439.2826,518352,33,0.0710,-0.5220,0.8962,20.1527,-47.4046,15.2366
302439.2826,518362,33,0.1125,-0.3459,0.9922,7.7252,-49.2519,20.0153
302439.2826,518372,33,0.1985,-0.3079,1.0393,-11.5420,-48.6870,18.9618
302439.2826,518382,33,0.2161,-0.3186,1.0181,-31.3893,-38.5954,15.3893
302439.2826,518392,33,0.1743,-0.2974,0.9773,-49.0992,-26.1221,13.4504
302439.2826,518402,33,0.0750,-0.2998,0.9358,-67.3588,-16.8397,13.9542
302439.2826,518412,33,0.0371,-0.3867,0.8708,-86.7786,-16.3511,13.0534
302439.2826,518422,33,0.0432,-0.5356,0.7556,-100.3511,-18.9160,7.8168
302439.2826,518432,33,0.0835,-0.7415,0.6780,-105.6794,-20.4733,4.9771
302439.2826,518442,33,0.0732,-0.7817,0.6631,-101.3588,-19.6794,9.0534
302439.4038,518452,34,0.0632,-0.7649,0.6799,-95.2061,-16.9771,10.5344
302439.4038,518462,34,0.0359,-0.7786,0.6702,-92.2748,-14.1374,9.2519
302439.4038,518472,34,0.0686,-0.8142,0.6558,-91.7405,-15.6794,9.8015
302439.4038,518482,34,0.0742,-0.8237,0.6790,-90.1985,-14.6870,11.5725
302439.4038,518492,34,0.0876,-0.8130,0.7073,-87.2519,-12.5191,12.0000
302439.4038,518502,34,0.0754,-0.7422,0.7502,-86.3511,-8.6870,12.9313
302439.4038,518512,34,0.0508,-0.6794,0.7500,-89.6641,-2.8397,8.9160
302439.4038,518522,34,0.0220,-0.6384,0.7253,-99.5115,1.0992,5.6489
302439.4038,518532,34,-0.0376,-0.6296,0.6487,-113.2214,3.6183,3.1908
302439.4038,518542,34,0.0288,-0.8066,0.5886,-126.7939,5.8321,1.2366
302439.4634,518552,35,-0.0464,-0.8745,0.5176,-130.0763,7.8626,3.6947
302439.4634,518562,35,-0.0356,-0.9189,0.4932,-126.9618,6.7634,-0.3053
302439.4634,518572,35,-0.0452,-0.9468,0.4639,-122.7023,4.3053,-2.3206
302439.4634,518582,35,-0.0479,-0.9082,0.4612,-121.3282,-1.4351,2.8092
302439.4634,518592,35,-0.0325,-0.8340,0.4819,-123.7099,-5.0382,4.7023
302439.4634,518602,35,-0.0688,-0.8320,0.4221,-129.5878,-3.5115,0.4885
302439.4634,518612,35,-0.1201,-0.8093,0.3398,-135.7863,-2.7176,-1.9695
302439.4634,518622,35,-0.1694,-0.7419,0.3047,-143.5115,-3.4198,-4.7786
302439.4634,518632,35,-0.2168,-0.7454,0.2219,-155.6031,-7.6947,-7.5725
302439.4634,518642,35,-0.2778,-0.7788,0.1428,-170.4885,-18.4275,-2.8702
302439.5836,518652,36,-0.1980,-0.8364,0.1025,-187.6641,-33.8473,4.7328
302439.5836,518662,36,-0.2053,-0.9487,0.0364,-192.8702,-41.9847,1.8779
302439.5836,518672,36,-0.0566,-1.0220,0.1294,-186.1832,-44.9466,-7.0076
302439.5836,518682,36,0.1501,-1.1125,0.1924,-180.9160,-39.3893,-14.3817
302439.5836,518692,36,0.1179,-1.2527,0.1448,-171.5725,-22.0000,-18.0763
302439.5836,518702,36,0.0269,-1.3489,0.0864,-152.8855,-10.5038,-13.9237
302439.5836,518712,36,0.0054,-1.4221,0.0698,-122.4275,-7.0992,-17.2977
302439.5836,518722,36,0.0676,-1.4509,0.1033,-84.1679,-7.8931,-25.4656
302439.5836,518732,36,0.1560,-1.3660,0.2090,-47.5420,-7.7099,-32.0000
302439.5836,518742,36,0.1450,-1.2168,0.2781,-22.5038,-5.6183,-39.0229
302439.7046,518752,37,0.1602,-1.0811,0.3235,-14.3664,-8.2443,-44.2443
302439.7046,518762,37,0.1980,-1.1001,0.3110,-21.0840,-13.4198,-42.4580
302439.7046,518772,37,0.2334,-1.1833,0.2588,-29.1298,-17.2061,-37.3130
302439.7046,518782,37,0.2776,-1.2026,0.2314,-29.0687,-16.7634,-32.0916
302439.7046,518792,37,0.2573,-1.1377,0.2197,-25.0840,-11.1603,-27.4962
302439.7046,518802,37,0.1772,-1.1274,0.1416,-22.1679,-4.5038,-25.5115
302439.7046,518812,37,0.0891,-1.1309,0.0508,-17.6183,-2.0763,-23.2214
302439.7046,518822,37,0.0583,-1.1108,0.0125,-11.1145,-5.4351,-21.9084
302439.7046,518832,37,0.0383,-1.1084,-0.0271,-3.7863,-9.6183,-23.6794
302439.7046,518842,37,0.0300,-1.0908,-0.0149,3.8168,-16.6412,-24.3817
302439.8235,518852,38,0.0515,-1.0293,0.0125,9.1450,-23.9389,-22.0763
302439.8235,518862,38,0.0315,-0.8997,0.0193,8.1069,-28.3359,-18.1221
302439.8235,518872,38,-0.0610,-0.9900,0.0618,-9.8168,-34.0305,-9.1145
302439.8235,518882,38,0.0918,-0.8909,0.0945,-10.7328,-42.7786,-12.9160
302439.8235,518892,38,0.0527,-0.8445,0.1177,-12.2137,-40.9008,-10.6565
302439.8235,518902,38,0.1172,-0.9424,0.1580,-18.7786,-39.9542,-11.7557
302439.8235,518912,38,0.1167,-0.9180,0.1724,-7.6641,-36.3511,-15.2214
302439.8235,518922,38,0.1162,-0.8989,0.2117,-6.7786,-35.3740,-17.7863
302439.8235,518932,38,0.1887,-0.8843,0.2712,-11.4962,-37.2977,-17.1908
302439.8235,518942,38,0.1943,-0.8860,0.2744,-18.2901,-34.4733,-17.1908
302439.9419,518952,39,0.2014,-0.8882,0.2942,-28.9313,-32.7023,-12.2595
302439.9419,518962,39,0.2546,-0.9429,0.2922,-40.7176,-31.4809,-7.5267
302439.9419,518972,39,0.2517,-0.9663,0.2761,-49.7405,-24.7634,-2.1069
302439.9419,518982,39,0.2102,-0.9482,0.2537,-56.7481,-15.2366,2.3664
302439.9419,518992,39,0.1506,-0.9351,0.2256,-61.9847,-8.2595,4.1832
302439.9419,519002,39,0.1523,-0.9368,0.2234,-67.9237,-8.3969,8.7481
302439.9419,519012,39,0.2024,-0.9485,0.2056,-73.1145,-7.7557,12.2901
302439.9419,519022,39,0.1907,-0.9958,0.1946,-75.2061,-0.4122,15.9695
302439.9419,519032,39,0.1809,-0.9985,0.1597,-77.3588,4.9313,21.3588
302439.9419,519042,39,0.1565,-0.9482,0.1418,-78.2290,10.1221,25.4656
302440.0032,519052,40,0.1272,-0.9211,0.1313,-81.9084,11.8779,29.0687
302440.0032,519062,40,0.1416,-0.9592,0.0889,-89.8626,10.1832,32.4885
302440.0032,519072,40,0.1343,-1.0266,0.0081,-95.9695,10.4275,33.4046
302440.0032,519082,40,0.0928,-1.0759,-0.0645,-98.9160,9.9084,34.4275
302440.0032,519092,40,0.1382,-1.1248,-0.0940,-100.5038,6.3206,36.9771
302440.0032,519102,40,0.2109,-1.2227,-0.1460,-100.4733,6.4733,43.6947
302440.0032,519112,40,0.1575,-1.2634,-0.1797,-96.6107,13.7710,51.8168
302440.0032,519122,40,0.0901,-1.2729,-0.2261,-95.2366,15.1908,62.5802
302440.0032,519132,40,0.0535,-1.2656,-0.2625,-95.1756,10.7176,70.3817
302440.0032,519142,40,0.0334,-1.2866,-0.2898,-94.3969,5.3435,71.7863
302440.1227,519152,41,0.0088,-1.3149,-0.3293,-87.3588,3.0229,63.9847
302440.1227,519162,41,-0.0449,-1.3367,-0.3806,-74.1985,2.3206,54.1679
302440.1227,519172,41,-0.0647,-1.2925,-0.3945,-56.9618,0.6107,45.9084
302440.1227,519182,41,-0.0713,-1.2219,-0.3809,-40.3359,-1.2366,39.5573
302440.1227,519192,41,-0.0820,-1.1470,-0.3547,-28.0305,-2.2901,36.8550
302440.1227,519202,41,-0.1001,-1.1011,-0.3442,-21.5725,-3.8473,39.0076
302440.1227,519212,41,-0.1221,-1.0745,-0.3376,-18.2595,-5.5115,41.3130
302440.1227,519222,41,-0.1414,-1.0552,-0.3450,-16.7634,-8.4733,43.6489
302440.1227,519232,41,-0.1609,-1.0105,-0.3452,-16.6565,-13.1908,46.4580
302440.1227,519242,41,-0.1650,-0.9436,-0.3240,-18.0916,-18.2443,44.7481
302440.1840,519252,42,-0.1592,-0.9741,-0.3364,-22.4733,-23.0534,39.0076
302440.1840,519262,42,-0.1558,-1.0361,-0.3696,-25.1145,-26.0458,32.5802
302440.1840,519272,42,-0.1716,-1.0527,-0.3816,-23.4809,-28.0916,27.5878
302440.1840,519282,42,-0.1633,-1.0425,-0.3899,-20.4580,-29.5573,23.1298
302440.1840,519292,42,-0.1741,-1.0457,-0.3970,-17.8779,-29.1145,19.7863
302440.1840,519302,42,-0.1824,-1.0522,-0.4087,-14.9924,-29.0229,18.9466
302440.1840,519312,42,-0.1858,-1.0457,-0.4199,-11.5878,-30.6260,20.2901
302440.1840,519322,42,-0.1777,-1.0161,-0.4119,-8.1221,-33.3740,22.5954
302440.1840,519332,42,-0.1829,-0.9912,-0.4001,-6.5802,-36.3664,26.4122
302440.1840,519342,42,-0.1963,-0.9414,-0.3601,-6.4885,-39.8626,29.4656
302440.3022,519352,43,-0.1780,-0.9089,-0.3257,-8.8244,-43.4656,29.4504
302440.3022,519362,43,-0.1841,-0.9253,-0.3323,-12.7786,-45.8168,28.7481
302440.3022,519372,43,-0.1963,-0.9106,-0.3489,-15.1145,-47.8473,28.3664
302440.3022,519382,43,-0.2029,-0.9080,-0.3613,-15.6489,-51.1908,27.6183
302440.3022,519392,43,-0.2295,-0.8896,-0.3469,-14.0611,-54.4580,26.2290
302440.3022,519402,43,-0.2156,-0.8689,-0.2954,-12.0000,-59.3893,24.6107
302440.3022,519412,43,-0.1799,-0.8574,-0.2485,-10.3053,-63.2519,22.4427
302440.3022,519422,43,-0.1365,-0.8420,-0.2180,-8.6260,-64.2290,19.5573
302440.3022,519432,43,-0.1597,-0.8218,-0.1892,-7.0840,-62.3053,18.0153
302440.3022,519442,43,-0.1704,-0.7651,-0.1536,-5.4809,-60.7481,16.7939
302440.3632,519452,44,-0.1636,-0.7388,-0.1216,-5.8321,-60.7023,15.2519
302440.3632,519462,44,-0.1655,-0.7388,-0.1067,-7.0687,-60.1221,12.7481
302440.3632,519472,44,-0.1611,-0.7551,-0.1091,-8.5496,-60.7939,11.0534
302440.3632,519482,44,-0.1589,-0.7468,-0.0818,-9.1450,-61.0382,8.6107
302440.3632,519492,44,-0.0999,-0.7454,-0.0378,-10.4275,-60.2748,6.0305
302440.3632,519502,44,-0.0264,-0.7981,-0.0020,-11.4656,-55.3130,6.3359
302440.3632,519512,44,-0.0317,-0.8396,0.0020,-8.2137,-43.8473,7.3588
302440.3632,519522,44,-0.0442,-0.8193,0.0007,-2.1985,-32.1221,6.8550
302440.3632,519532,44,-0.0811,-0.7859,-0.0115,0.0458,-23.6489,9.0992
302440.3632,519542,44,-0.1455,-0.7563,-0.0295,-2.5344,-19.3893,11.6947
302440.4825,519552,45,-0.1736,-0.7483,-0.0645,-8.9160,-20.5038,11.8321
302440.4825,519562,45,-0.2092,-0.7402,-0.0923,-16.7176,-23.7252,10.1527
302440.4825,519572,45,-0.1992,-0.7380,-0.1138,-26.7176,-28.2901,8.2901
302440.4825,519582,45,-0.1951,-0.7893,-0.1545,-36.9618,-33.1908,8.4733
302440.4825,519592,45,-0.1951,-0.8333,-0.2051,-43.7710,-36.4885,7.8626
302440.4825,519602,45,-0.1985,-0.8589,-0.2305,-46.5191,-38.3817,4.0000
302440.4825,519612,45,-0.2163,-0.9016,-0.2646,-46.0153,-38.0763,-0.5954
302440.4825,519622,45,-0.2288,-0.9346,-0.3020,-42.3664,-36.4733,-4.7786
302440.4825,519632,45,-0.2544,-0.9631,-0.3340,-35.7863,-33.4504,-6.2290
302440.4825,519642,45,-0.2688,-0.9507,-0.3394,-26.1527,-30.7481,-6.6565
302440.6049,519652,46,-0.2590,-0.9216,-0.3147,-17.7405,-29.8779,-5.4809
302440.6049,519662,46,-0.2368,-0.9011,-0.2769,-12.8550,-29.0840,-2.3817
302440.6049,519672,46,-0.1802,-0.9294,-0.2471,-11.6947,-27.3282,2.4733
302440.6049,519682,46,-0.1687,-0.9468,-0.2324,-9.4198,-23.0229,7.1450
302440.6049,519692,46,-0.1133,-0.9514,-0.1943,-8.3206,-20.5038,12.0000
302440.6049,519702,46,-0.2373,-0.9993,-0.1995,-12.7023,-14.0916,27.4504
302440.6049,519712,46,-0.2019,-1.0002,-0.2063,-14.9313,-18.8397,37.9695
302440.6049,519722,46,-0.2012,-0.9795,-0.2397,-14.5649,-18.9313,36.3817
302440.6049,519732,46,-0.1997,-0.9795,-0.2278,-14.2137,-20.5038,30.0916
302440.6049,519742,46,-0.1511,-0.9963,-0.2271,-12.3969,-18.0458,27.4046
302440.7805,519752,47,-0.2065,-0.9551,-0.2522,-8.7023,-11.9237,23.9084
302440.7805,519762,47,-0.2358,-0.9041,-0.2773,-8.7634,-8.9008,17.7252
302440.7805,519772,47,-0.2397,-0.8740,-0.2820,-11.9389,-8.0611,15.5573
302440.7805,519782,47,-0.2344,-0.8911,-0.3113,-14.1069,-4.3969,12.8397
302440.7805,519792,47,-0.2839,-0.9253,-0.3550,-12.1069,1.1298,8.4885
302440.7805,519802,47,-0.3088,-0.9028,-0.3423,-7.7405,2.2901,5.7710
302440.7805,519812,47,-0.3127,-0.8694,-0.3220,-4.3511,1.4809,3.5267
302440.7805,519822,47,-0.2920,-0.8740,-0.2859,-0.7328,0.1527,1.1603
302440.7805,519832,47,-0.2593,-0.8630,-0.2480,2.6412,1.0840,-0.6107
302440.7805,519842,47,-0.2312,-0.8621,-0.2234,0.9313,2.5344,-1.6336
302440.7824,519852,48,-0.2798,-0.8403,-0.2476,-2.1374,6.8550,-1.1450
302440.7824,519862,48,-0.3123,-0.8218,-0.2722,-5.2824,6.7023,0.5802
302440.7824,519872,48,-0.3176,-0.8000,-0.2856,-7.1298,4.1985,4.4122
302440.7824,519882,48,-0.3438,-0.8340,-0.2910,-9.6947,1.6336,8.3817
302440.7824,519892,48,-0.3176,-0.8381,-0.2876,-10.0305,3.3130,2.6107
302440.7824,519902,48,-0.3159,-0.8772,-0.3037,-11.0076,4.8397,-1.2672
302440.7824,519912,48,-0.3333,-0.9033,-0.3367,-10.2901,6.0763,-4.0916
302440.7824,519922,48,-0.3232,-0.9023,-0.3384,-6.6260,5.8779,-8.7939
302440.7824,519932,48,-0.2715,-0.8921,-0.2939,-2.7328,5.4656,-14.8550
302440.7824,519942,48,-0.2595,-0.9333,-0.3145,-4.4122,4.4580,-15.2366
302440.9035,519952,49,-0.2246,-0.9690,-0.2979,-3.2519,4.0000,-13.5878
302440.9035,519962,49,-0.1934,-0.9453,-0.2681,1.5267,8.4733,-15.4351
302440.9035,519972,49,-0.1746,-0.9353,-0.2527,3.9084,12.5191,-18.8244
302440.9035,519982,49,-0.1765,-0.9436,-0.2554,4.2748,16.5191,-20.1069
302440.9035,519992,49,-0.1846,-0.9561,-0.2600,3.5725,18.9771,-18.1985
302440.9035,520002,49,-0.1716,-0.9531,-0.2688,4.6260,20.5649,-17.9389
302440.9035,520012,49,-0.1606,-0.9458,-0.2676,5.9695,22.1527,-17.2672
302440.9035,520022,49,-0.1436,-0.9246,-0.2581,6.4580,24.2901,-14.7023
302440.9035,520032,49,-0.1477,-0.9224,-0.2510,6.5344,27.2366,-13.0382
302440.9035,520042,49,-0.1262,-0.9321,-0.2341,6.1069,28.4733,-12.1985
302440.9634,520052,50,-0.1152,-0.9490,-0.2322,4.6565,29.3893,-8.9771
302440.9634,520062,50,-0.0935,-0.9629,-0.2305,4.2595,30.7481,-6.8397
302440.9634,520072,50,-0.0764,-0.9282,-0.2065,6.1374,33.8626,-7.0229
302440.9634,520082,50,-0.0383,-0.9326,-0.2114,3.2977,38.0000,-2.0153
302440.9634,520092,50,-0.0642,-0.9180,-0.2146,2.0458,43.2977,3.1145
302440.9634,520102,50,-0.0664,-0.8960,-0.2056,2.9924,47.4351,5.7405
302440.9634,520112,50,-0.0010,-0.8708,-0.1565,3.7710,51.7252,8.5191
302440.9634,520122,50,0.0508,-0.8186,-0.1455,0.4733,59.9084,15.5878
302440.9634,520132,50,0.1340,-0.8977,-0.1453,-5.6794,71.1298,24.0763
302440.9634,520142,50,0.0886,-0.8833,-0.1514,0.5191,90.8244,25.1603
302441.0845,520152,51,0.0667,-0.9248,-0.1831,1.3282,111.1603,28.5802
302441.0845,520162,51,0.0378,-0.9128,-0.2764,10.6260,131.1145,21.3435
302441.0845,520172,51,-0.1079,-0.9089,-0.4304,22.1069,146.4427,14.6260
302441.0845,520182,51,-0.2520,-0.8606,-0.5408,36.8092,151.0076,16.9160
302441.0845,520192,51,-0.3452,-0.7979,-0.6204,55.2672,151.3435,12.9618
302441.0845,520202,51,-0.4263,-0.7542,-0.6855,71.8626,149.2977,1.8321
302441.0845,520212,51,-0.4814,-0.6775,-0.7112,86.9160,145.0840,-10.6107
302441.0845,520222,51,-0.5085,-0.6401,-0.7231,95.1908,137.2366,-18.3359
302441.0845,520232,51,-0.5598,-0.5969,-0.7195,100.1679,127.8321,-29.9542
302441.0845,520242,51,-0.5774,-0.6167,-0.7051,95.9389,113.4351,-39.5420
302441.2035,520252,52,-0.5791,-0.6399,-0.6682,87.6183,94.3359,-44.5649
302441.2035,520262,52,-0.5640,-0.6721,-0.6162,77.3588,73.5267,-48.1221
302441.2035,520272,52,-0.5188,-0.7219,-0.5657,64.7176,49.9084,-52.3359
302441.2035,520282,52,-0.4424,-0.7678,-0.4829,54.1374,26.5954,-59.8321
302441.2035,520292,52,-0.3379,-0.8074,-0.3960,46.0916,8.4427,-70.1527
302441.2035,520302,52,-0.2039,-0.8877,-0.3269,40.8702,-1.8321,-82.0611
302441.2035,520312,52,-0.0999,-0.9580,-0.2656,43.3130,-2.9771,-90.3053
302441.2035,520322,52,-0.0454,-1.0012,-0.2246,50.8855,4.1221,-94.1527
302441.2035,520332,52,0.0002,-1.0332,-0.1860,58.6718,13.0076,-93.0382
302441.2035,520342,52,0.0371,-1.0327,-0.1514,66.3664,22.7786,-88.5954
302441.2625,520352,53,0.0498,-1.0271,-0.1228,72.3969,32.4427,-82.1221
302441.2625,520362,53,0.0366,-0.9976,-0.0803,79.4809,40.1985,-74.6870
302441.2625,520372,53,0.0605,-0.9688,-0.0510,83.1756,45.2977,-71.5878
302441.2625,520382,53,0.0684,-0.9329,-0.0234,83.0840,48.3053,-68.1527
302441.2625,520392,53,0.0920,-0.9128,0.0007,81.8473,49.9237,-65.7252
302441.2625,520402,53,0.0686,-0.9133,0.0095,78.2595,52.2595,-62.3359
302441.2625,520412,53,0.0776,-0.8928,0.0059,74.9160,52.1985,-59.8779
302441.2625,520422,53,0.0874,-0.8914,0.0093,70.3359,50.4122,-57.7099
302441.2625,520432,53,-0.1238,-0.7507,0.2158,55.4351,41.8168,-30.4122
302441.2625,520442,53,0.1982,-0.8826,0.0520,13.0840,30.0458,-42.1374
302441.3825,520452,54,0.2434,-1.0413,-0.0583,-1.4198,11.2214,-36.1832
302441.3825,520462,54,0.0754,-1.0532,-0.0120,-14.6565,7.6794,-3.7405
302441.3825,520472,54,0.1785,-1.0659,-0.0242,-20.3664,0.7176,-2.1221
302441.3825,520482,54,0.0798,-1.3394,-0.0408,-2.7786,1.3740,-1.5115
302441.3825,520492,54,0.2881,-1.0417,-0.0757,57.1908,8.5496,-21.7252
302441.3825,520502,54,0.1738,-1.0654,-0.0801,67.5725,38.6107,-34.6718
302441.3825,520512,54,0.1348,-1.1213,-0.1631,63.2977,57.6336,-43.8168
302441.3825,520522,54,0.1311,-1.1177,-0.1431,69.3588,62.4427,-53.6947
302441.3825,520532,54,0.0764,-1.1140,-0.1152,73.0229,60.3053,-49.8168
302441.3825,520542,54,0.0662,-1.1255,-0.1150,71.0076,52.4580,-45.7863
302441.5031,520552,55,0.1245,-1.1345,0.0132,67.2214,36.4733,-35.9237
302441.5031,520562,55,0.1624,-1.1077,-0.0352,68.1374,35.8321,-24.8855
302441.5031,520572,55,0.2021,-1.0105,0.1685,71.7099,38.2443,-17.0382
302441.5031,520582,55,0.3950,-0.9736,0.1245,57.7099,64.8550,-8.9618
302441.5031,520592,55,0.0779,-1.0498,0.1367,53.2977,117.6336,-15.8015
302441.5031,520602,55,0.0737,-0.8267,0.2534,28.5344,119.6794,-47.0382
302441.5031,520612,55,0.2976,-1.1045,-0.0977,-10.6260,140.7328,-94.9618
302441.5031,520622,55,0.0315,-1.1748,-0.1907,10.5954,138.3206,-62.0916
302441.5031,520632,55,-0.0098,-1.0732,-0.1255,30.7328,106.5802,-44.7481
302441.5031,520642,55,0.1152,-0.9741,-0.0059,28.9618,59.7557,-35.4046
302441.6217,520652,56,0.1982,-0.9546,0.0710,11.5878,27.1145,-24.9924
302441.6217,520662,56,0.2368,-0.9617,0.1133,-9.2672,8.9313,-15.3435
302441.6217,520672,56,0.2529,-0.9934,0.1045,-28.3206,0.7481,-5.6947
302441.6217,520682,56,0.2502,-1.0083,0.0779,-39.3893,-0.6718,1.1603
302441.6217,520692,56,0.2561,-1.0066,0.0745,-42.9008,-1.0076,4.8092
302441.6217,520702,56,0.2791,-1.0005,0.0803,-43.5725,0.6260,5.7710
302441.6217,520712,56,0.2883,-1.0020,0.0657,-42.1985,7.2824,4.0458
302441.6217,520722,56,0.2664,-1.0334,0.0596,-39.8015,14.0153,0.0916
302441.6217,520732,56,0.2695,-1.0723,0.0701,-36.9466,15.6183,-4.7634
302441.6217,520742,56,0.2937,-1.0881,0.0703,-34.1069,16.5496,-6.3511
302441.7428,520752,57,0.3186,-1.0908,0.0884,-31.5878,18.8397,-4.0153
302441.7428,520762,57,0.3354,-1.0925,0.0959,-28.5649,23.6183,-0.1374
302441.7428,520772,57,0.3044,-1.1277,0.0322,-22.8702,36.9466,2.9924
302441.7428,520782,57,0.2456,-1.1912,-0.0271,-9.9695,57.6336,2.1679
302441.7428,520792,57,0.2529,-1.1484,-0.0315,6.4275,68.4275,4.1985
302441.7428,520802,57,0.2703,-1.0740,-0.0168,18.3206,64.4122,14.5802
302441.7428,520812,57,0.2629,-1.0276,-0.0051,28.4275,62.1374,18.1832
302441.7428,520822,57,0.2478,-1.0244,-0.0227,38.1985,70.1527,12.8244
302441.7428,520832,57,0.2285,-1.0271,-0.0522,44.0458,83.5420,9.0229
302441.7428,520842,57,0.1550,-1.1223,-0.1580,45.8931,97.9847,7.7710
302441.8036,520852,58,0.0916,-1.0884,-0.1824,57.0687,106.3664,9.2519
302441.8036,520862,58,0.1055,-1.0544,-0.1768,69.0076,98.6565,15.4656
302441.8036,520872,58,0.1433,-1.0056,-0.1367,78.7939,90.3053,20.4275
302441.8036,520882,58,0.1604,-0.9758,-0.0581,79.6947,83.4351,24.8397
302441.8036,520892,58,0.1824,-1.0015,0.0122,67.2824,69.2977,32.2443
302441.8036,520902,58,0.1682,-1.0708,0.0256,54.0153,55.8779,40.5496
302441.8036,520912,58,0.1353,-1.1084,0.0425,52.6565,41.4504,46.0305
302441.8036,520922,58,0.1343,-1.0894,0.1292,56.3969,19.2061,50.3359
302441.8036,520932,58,0.1646,-1.0779,0.2036,56.8702,0.8397,51.4046
302441.8036,520942,58,0.1799,-1.1094,0.2393,57.2519,-1.5267,48.9160
302441.8638,520952,59,0.1833,-1.1084,0.2546,62.5802,4.5802,47.4656
302441.8638,520962,59,0.1450,-1.0190,0.2966,69.6183,10.6718,48.4733
302441.8638,520972,59,0.1235,-1.0039,0.3071,71.9389,12.4427,45.7863
302441.8638,520982,59,0.0974,-1.0251,0.2859,71.2672,11.6794,42.9313
302441.8638,520992,59,0.0676,-0.9866,0.2930,70.0611,7.5267,44.0305
302441.8638,521002,59,0.0527,-0.9075,0.3030,62.1679,0.8855,46.3359
302441.8638,521012,59,0.0381,-0.8872,0.2788,47.0687,-6.7481,47.7252
302441.8638,521022,59,0.0171,-0.8750,0.2788,33.2977,-13.4198,49.4198
302441.8638,521032,59,0.0342,-0.8840,0.2771,25.3588,-16.5191,50.0153
302441.8638,521042,59,-0.0100,-0.8582,0.2876,26.8702,-11.8931,48.1374
302441.9844,521052,60,-0.0051,-0.8123,0.3062,33.8931,-8.8397,44.1527
302441.9844,521062,60,0.2773,-0.3184,0.8635,31.9542,6.3664,30.6260
302441.9844,521072,60,-0.0278,-0.6982,0.4080,-10.0916,66.1374,-5.2519
302441.9844,521082,60,-0.0100,-0.7222,0.4172,-7.5878,58.1985,-8.9008
302441.9844,521092,60,-0.0122,-0.8103,0.3315,-17.2061,47.4962,-5.2977
302441.9844,521102,60,-0.1318,-0.9058,0.2664,-31.0076,49.1908,1.1450
302441.9844,521112,60,-0.1265,-0.9739,0.2505,-46.4122,43.8168,6.7939
302441.9844,521122,60,-0.0625,-0.9854,0.2825,-50.7634,35.2366,8.6718
302441.9844,521132,60,0.0088,-0.9866,0.2944,-41.4962,34.7481,3.5725
302441.9844,521142,60,0.0286,-0.9973,0.3340,-23.2519,38.0763,-2.5802
302442.1624,521152,61,0.0688,-0.9011,0.4050,-5.6641,39.8626,-7.8626
302442.1624,521162,61,0.0413,-0.8621,0.3867,-4.2137,45.4198,-7.5267
302442.1624,521172,61,0.0029,-0.8137,0.3645,-13.2672,47.3893,-5.6489
302442.1624,521182,61,-0.0203,-0.8303,0.3401,-31.2214,42.2748,-6.3053
302442.1624,521192,61,-0.0642,-0.8638,0.3005,-50.3817,33.6183,-9.5267
302442.1624,521202,61,-0.1033,-0.9333,0.2334,-67.3130,29.3740,-10.9313
302442.1624,521212,61,-0.0508,-0.9944,0.2544,-74.6260,25.7252,-11.4656
302442.1624,521222,61,0.0200,-1.0320,0.2715,-64.0611,25.7710,-13.3435
302442.1624,521232,61,-0.0308,-0.9778,0.2561,-46.4122,31.9237,-14.0305
302442.1624,521242,61,-0.0139,-0.9246,0.2512,-43.0382,28.8244,-13.8321
302442.1641,521252,62,0.0056,-0.8606,0.2634,-45.1298,25.2519,-15.0687
302442.1641,521262,62,0.0046,-0.8218,0.2588,-53.0382,23.1908,-15.5115
302442.1641,521272,62,0.0071,-0.8250,0.2158,-63.6794,24.5344,-17.1908
302442.1641,521282,62,0.0005,-0.8657,0.1816,-74.3053,27.0382,-19.8015
302442.1641,521292,62,0.0913,-0.9597,0.1882,-76.2748,28.1527,-24.5038
302442.1641,521302,62,0.0959,-0.9792,0.1333,-69.2366,35.7099,-29.7099
302442.1641,521312,62,0.0854,-0.9607,0.1321,-65.4504,44.6412,-31.6489
302442.1641,521322,62,0.1243,-0.9045,0.1733,-62.3359,47.2824,-34.4275
302442.1641,521332,62,0.1206,-0.8479,0.2219,-64.6260,44.7328,-31.7863
302442.1641,521342,62,0.1326,-1.0825,0.1074,-81.4046,34.6412,-21.0382
302442.2828,521352,63,-0.0237,-1.1960,0.0518,-91.0076,29.9695,-5.4504
302442.2828,521362,63,0.1467,-1.2432,0.0574,-70.6870,24.8550,-6.0916
302442.2828,521372,63,0.1599,-1.2610,0.0391,-50.8397,31.2672,-4.7023
302442.2828,521382,63,0.1497,-1.2058,0.0015,-30.2443,34.7023,-10.3359
302442.2828,521392,63,0.0708,-1.0327,0.0139,-12.7023,39.9237,-13.2672
302442.2828,521402,63,0.0439,-0.9937,0.0012,-8.8092,36.4885,-13.0229
302442.2828,521412,63,0.0422,-1.0186,-0.0493,-17.0382,26.4427,-4.9466
302442.2828,521422,63,0.0649,-1.0251,-0.0327,-20.0763,18.3053,2.6718
302442.2828,521432,63,0.0623,-1.0603,-0.0706,-22.5954,12.1679,8.5954
302442.2828,521442,63,0.0740,-1.0300,-0.0806,-18.4885,11.2366,10.4122
302442.4029,521452,64,0.0620,-0.9883,-0.0698,-15.1603,13.0992,9.2061
302442.4029,521462,64,0.0435,-0.9856,-0.0520,-17.9847,14.5954,3.3282
302442.4029,521472,64,-0.0161,-1.0256,-0.0850,-24.9008,17.8779,-0.8092
302442.4029,521482,64,-0.0454,-1.0444,-0.0740,-25.8015,20.4427,-6.4885
302442.4029,521492,64,0.0652,-1.1021,-0.0005,-23.7863,16.4580,-14.3206
302442.4029,521502,64,0.1199,-1.2217,0.0059,-24.4885,17.8015,-14.0153
302442.4029,521512,64,0.1609,-1.2869,0.0366,-20.4580,22.1679,-8.3053
302442.4029,521522,64,0.1418,-1.3135,0.0044,-12.6412,29.3740,0.1985
302442.4029,521532,64,0.1079,-1.2747,-0.0144,-1.3588,34.9771,11.9084
302442.4029,521542,64,0.0708,-1.1802,0.0112,11.4809,39.0992,22.6718
302442.4624,521552,65,0.0273,-1.0779,0.0249,21.3740,42.4122,31.0687
302442.4624,521562,65,-0.0281,-0.9895,0.0308,26.2901,44.8550,34.0763
302442.4624,521572,65,-0.0486,-0.9192,0.0378,28.5954,45.4198,31.8015
302442.4624,521582,65,-0.0857,-0.8508,0.0640,29.0076,44.5496,28.2443
302442.4624,521592,65,-0.0925,-0.8169,0.0747,25.2824,39.5725,23.6794
302442.4624,521602,65,-0.0913,-0.7832,0.0518,18.3817,34.5649,17.3435
302442.4624,521612,65,-0.1018,-0.7842,0.0083,8.5344,31.2672,9.9847
302442.4624,521622,65,-0.0735,-0.8477,0.0042,0.2443,28.5038,-1.3893
302442.4624,521632,65,-0.0137,-0.9529,-0.0063,-4.2137,28.2901,-11.0534
302442.4624,521642,65,0.0461,-1.0378,-0.0020,-0.7634,33.6794,-16.3206
302442.5840,521652,66,0.0703,-1.1084,-0.0198,6.7634,45.9084,-14.8855
302442.5840,521662,66,0.0022,-1.0940,-0.0859,21.1450,62.7481,-6.5038
302442.5840,521672,66,-0.0752,-1.0293,-0.0969,43.2366,69.9237,-1.5420
302442.5840,521682,66,-0.1030,-0.9609,-0.1152,60.9313,68.3359,0.3206
302442.5840,521692,66,-0.1069,-0.8647,-0.0679,77.5115,65.1908,2.1832
302442.5840,521702,66,0.0000,-0.8135,0.0330,79.4198,59.2519,2.4733
302442.5840,521712,66,0.0193,-0.8044,0.0488,71.6947,64.3053,5.9542
302442.5840,521722,66,-0.0393,-0.8086,0.0935,62.6260,73.0229,7.6336
302442.5840,521732,66,-0.0142,-0.9211,0.0862,47.5420,74.8397,6.2595
302442.5840,521742,66,-0.0530,-0.9536,0.0574,45.6641,80.1679,0.9160
302442.7024,521752,67,-0.1199,-0.8965,0.0627,47.3740,83.3435,-8.1832
302442.7024,521762,67,-0.1558,-0.9812,0.0361,40.3817,76.5802,-11.9084
302442.7024,521772,67,-0.1306,-1.0017,0.1023,44.6565,65.4046,-12.1527
302442.7024,521782,67,-0.0037,-1.0618,0.1809,55.3282,57.1298,-8.7939
302442.7024,521792,67,0.0103,-1.0654,0.1394,75.8015,61.4046,-4.0153
302442.7024,521802,67,-0.0261,-0.8606,0.1499,103.7099,69.5573,-0.7023
302442.7024,521812,67,-0.1052,-0.6655,0.1543,110.5802,68.6565,-3.5878
302442.7024,521822,67,-0.0540,-0.5676,0.1887,91.9542,51.0382,-16.0916
302442.7024,521832,67,-0.0117,-0.6477,0.1833,57.6489,34.6412,-29.6794
302442.7024,521842,67,-0.0164,-0.8540,0.1431,27.2366,25.4962,-36.7786
302442.7637,521852,68,0.0107,-1.0151,0.1042,20.7481,19.8168,-43.3893
302442.7637,521862,68,-0.0063,-1.1860,0.0840,22.6260,14.2595,-49.2824
302442.7637,521872,68,0.0161,-1.3455,0.0918,31.2214,1.2214,-45.8321
302442.7637,521882,68,0.1030,-1.3652,0.1724,54.5802,-19.0534,-39.2366
302442.7637,521892,68,0.1675,-1.2886,0.2268,77.4504,-35.2366,-29.6641
302442.7637,521902,68,0.1470,-1.2075,0.2285,91.1450,-37.0840,-19.8779
302442.7637,521912,68,0.1462,-1.0754,0.2617,101.1450,-37.4198,-11.6183
302442.7637,521922,68,0.1792,-0.9226,0.3081,105.1450,-39.0840,-7.4504
302442.7637,521932,68,0.1772,-0.8196,0.3372,94.7023,-38.2748,-5.9237
302442.7637,521942,68,0.1743,-0.8284,0.3452,78.0611,-34.9160,-10.0000
302442.8852,521952,69,0.1431,-0.8469,0.3877,63.3130,-27.8473,-13.5420
302442.8852,521962,69,0.1008,-0.8928,0.4124,52.3511,-22.5191,-13.1450
302442.8852,521972,69,0.0691,-0.9255,0.4563,47.8931,-23.2672,-13.8168
302442.8852,521982,69,0.1033,-0.8901,0.5012,47.3435,-30.7023,-17.6794
302442.8852,521992,69,0.1418,-0.8896,0.5103,41.6641,-36.9466,-22.6260
302442.8852,522002,69,0.1680,-0.8677,0.5291,32.7634,-38.6107,-24.1221
302442.8852,522012,69,0.2146,-0.9019,0.5225,21.7252,-39.2366,-22.4427
302442.8852,522022,69,0.2231,-0.9502,0.5156,12.2595,-34.9771,-22.9771
302442.8852,522032,69,0.2209,-0.9438,0.5010,8.8092,-29.2824,-25.6641
302442.8852,522042,69,0.1929,-0.8943,0.4963,6.7481,-24.7939,-26.9771
302443.0633,522052,70,0.1934,-0.9053,0.4880,0.7481,-26.1374,-26.8092
302443.0633,522062,70,0.1758,-0.9165,0.4666,-4.9618,-30.7328,-27.1145
302443.0633,522072,70,0.1597,-0.9302,0.4705,-9.4809,-35.9389,-28.7481
302443.0633,522082,70,0.1597,-0.9644,0.4729,-13.9847,-40.2290,-29.3282
302443.0633,522092,70,0.1875,-1.0117,0.4387,-16.2901,-44.5344,-30.9466
302443.0633,522102,70,0.2385,-1.0354,0.4150,-14.1527,-47.7405,-36.7939
302443.0633,522112,70,0.2632,-1.0215,0.3979,-10.6260,-46.2748,-43.7099
302443.0633,522122,70,0.3035,-1.0273,0.3921,-8.5344,-43.0382,-49.2672
302443.0633,522132,70,0.3203,-1.0339,0.3865,-7.9847,-39.0840,-49.4351
302443.0633,522142,70,0.3479,-1.0361,0.4202,-7.5878,-35.4351,-48.3053
302443.0656,522152,71,0.4009,-1.0166,0.4502,-9.0992,-37.7099,-41.9084
302443.0656,522162,71,0.3936,-1.0464,0.4360,-14.1221,-36.1527,-34.3053
302443.0656,522172,71,0.3760,-1.0920,0.3943,-18.4733,-34.9160,-28.5038
302443.0656,522182,71,0.3665,-1.1067,0.3748,-17.3740,-36.7786,-27.0229
302443.0656,522192,71,0.3435,-1.1016,0.3423,-14.6107,-37.1603,-28.8092
302443.0656,522202,71,0.3005,-1.1191,0.2942,-10.9924,-35.0076,-30.3053
302443.0656,522212,71,0.2649,-1.1138,0.2712,-4.6718,-34.7328,-30.7023
302443.0656,522222,71,0.2473,-1.1050,0.2698,3.8015,-36.1985,-29.1603
302443.0656,522232,71,0.2737,-1.0850,0.2480,14.0305,-41.2519,-26.2901
302443.0656,522242,71,0.3152,-1.0203,0.2815,27.4809,-45.8473,-27.1756
302443.2430,522252,72,0.3699,-0.9775,0.3164,37.1603,-50.2290,-29.3435
302443.2430,522262,72,0.4263,-0.8948,0.3816,44.6870,-58.4275,-29.5267
302443.2430,522272,72,0.4438,-0.8560,0.3997,42.7481,-58.5344,-29.5725
302443.2430,522282,72,0.4280,-0.8604,0.3823,35.2214,-55.8015,-26.0305
302443.2430,522292,72,0.3960,-0.8545,0.3474,28.5191,-53.6489,-21.0229
302443.2430,522302,72,0.3345,-0.8945,0.3215,24.3511,-49.7252,-14.7481
302443.2430,522312,72,0.3171,-0.9373,0.2957,22.7176,-51.0076,-12.4885
302443.2430,522322,72,0.5239,-1.2642,0.6516,26.3817,-55.3435,-14.1832
302443.2430,522332,72,1.0615,-1.8030,0.2817,-12.3664,-73.9847,41.3435
302443.2430,522342,72,0.6479,-1.3135,0.2522,38.6107,-18.1832,70.6412
302443.3617,522352,73,0.1401,-0.9490,0.4229,81.7710,25.3893,22.5496
302443.3617,522362,73,0.3047,-0.7974,0.4202,74.9924,-13.0382,3.9084
302443.3617,522372,73,0.4539,-0.6978,0.4214,58.9771,-28.9771,6.5038
302443.3617,522382,73,0.3137,-0.6443,0.4253,33.9389,-16.9466,14.7328
302443.3617,522392,73,0.3108,-0.6804,0.4260,5.7863,-24.8550,12.3511
302443.3617,522402,73,0.3762,-0.7393,0.4226,-15.6794,-39.5573,11.9389
302443.3617,522412,73,0.4263,-0.8169,0.4346,-28.1374,-49.7710,10.1527
302443.3617,522422,73,0.4980,-0.9658,0.4092,-34.2748,-59.3282,10.2443
302443.3617,522432,73,0.6218,-1.0361,0.4609,-21.2977,-73.0840,3.9695
302443.3617,522442,73,0.6736,-1.0417,0.5100,7.5725,-77.3130,-10.7176
302443.3638,522452,74,0.5896,-0.9358,0.5635,48.3969,-73.0992,-36.4580
302443.3638,522462,74,0.8479,-0.6218,1.0859,73.0229,-58.5496,-68.2748
302443.3638,522472,74,0.9592,-0.7131,0.9727,49.5878,-35.1298,-74.8855
302443.3638,522482,74,0.8264,-0.7666,0.9915,40.0458,5.7557,-84.0305
302443.3638,522492,74,0.8521,-0.8823,1.0361,36.5191,11.3588,-74.9771
302443.3638,522502,74,0.9592,-1.0269,1.0244,34.6260,0.4275,-54.6718
302443.3638,522512,74,1.0039,-1.1121,1.0264,52.7481,1.2519,-36.3359
302443.3638,522522,74,0.9971,-1.0837,0.9900,92.5344,21.1756,-29.0382
302443.3638,522532,74,0.8989,-0.9656,0.9324,141.9237,66.0305,-29.9389
302443.3638,522542,74,0.7871,-0.8298,0.8823,183.8015,122.3511,-31.6183
302443.4838,522552,75,0.6675,-0.6724,0.7881,212.7939,187.5725,-37.3130
302443.4838,522562,75,0.4976,-0.6077,0.6694,225.3282,252.1527,-40.9313
302443.4838,522572,75,0.3083,-0.6335,0.5251,233.9847,299.7710,-36.4122
302443.4838,522582,75,0.1489,-0.5435,0.4136,252.6412,318.2137,-17.9237
302443.4838,522592,75,-0.0925,-0.4324,0.3354,256.5954,330.1679,-2.6718
302443.4838,522602,75,-0.2234,-0.5120,0.2222,242.2901,317.8015,-6.9160
302443.4838,522612,75,-0.2861,-0.5837,0.1672,239.8321,291.8168,-11.4351
302443.4838,522622,75,-0.3445,-0.6016,0.1802,252.5802,263.1145,-9.0992
302443.4838,522632,75,-0.3557,-0.5283,0.2676,270.2748,235.7099,-6.0305
302443.4838,522642,75,-0.3408,-0.4299,0.3206,272.2443,214.4580,-0.8855
302443.6024,522652,76,-0.2805,-0.3647,0.3711,247.8626,186.7634,8.5649
302443.6024,522662,76,-0.1804,-0.4180,0.4299,206.7328,155.4656,17.6489
302443.6024,522672,76,-0.2273,-0.4683,0.4727,170.8092,134.2595,18.4275
302443.6024,522682,76,-0.1936,-0.5571,0.5525,141.8473,108.9313,13.9237
302443.6024,522692,76,-0.1682,-0.6953,0.6348,117.8321,86.7328,16.3359
302443.6024,522702,76,-0.1406,-0.8186,0.7573,105.5573,65.9542,20.3206
302443.6024,522712,76,-0.0872,-0.8796,0.8528,106.7023,46.9924,24.5038
302443.6024,522722,76,-0.0574,-0.8911,0.9309,114.5802,30.0611,33.9237
302443.6024,522732,76,0.0298,-0.7981,1.0146,121.2214,13.6489,45.2366
302443.6024,522742,76,0.0889,-0.6953,1.0408,116.8092,9.9389,61.0534
302443.6637,522752,77,0.0522,-0.5208,1.0266,109.0382,15.3130,63.8931
302443.6637,522762,77,-0.0483,-0.4246,0.9768,100.5038,23.7099,54.6107
302443.6637,522772,77,-0.0740,-0.3584,0.9048,90.7939,19.1145,43.2824
302443.6637,522782,77,-0.0769,-0.3230,0.8745,80.3817,13.0229,33.4504
302443.6637,522792,77,-0.1096,-0.2917,0.8518,71.6489,10.6412,24.3359
302443.6637,522802,77,-0.1260,-0.2654,0.8220,64.5802,2.5954,17.6031
302443.6637,522812,77,-0.1157,-0.2197,0.8320,58.3053,-11.4351,10.9466
302443.6637,522822,77,0.0134,-0.1968,0.9675,49.0687,-27.6489,5.9542
302443.6637,522832,77,0.1536,-0.1982,1.0640,35.1450,-32.0153,4.9008
302443.6637,522842,77,0.0183,-0.2458,1.0974,16.6107,-21.1298,1.1145
302443.7826,522852,78,-0.0796,-0.3657,1.1401,2.4733,-24.1985,-2.7176
302443.7826,522862,78,-0.1797,-0.5430,1.2217,3.0840,-33.5267,-7.6641
302443.7826,522872,78,0.2048,-0.4431,1.3806,28.5802,-46.8397,-7.8473
302443.7826,522882,78,0.3960,-0.2344,1.3972,42.5954,-41.6031,0.9466
302443.7826,522892,78,0.2427,-0.1670,1.2180,22.1832,-17.3588,3.7099
302443.7826,522902,78,0.0249,-0.2637,1.0107,-9.1603,-2.0000,1.6031
302443.7826,522912,78,-0.0735,-0.2905,0.8445,-17.7710,-9.8015,2.5802
302443.7826,522922,78,-0.0862,-0.2817,0.7944,-10.2443,-21.0076,4.0611
302443.7826,522932,78,-0.0583,-0.2173,0.8413,0.1985,-29.3740,11.4504
302443.7826,522942,78,0.0579,-0.1157,0.9817,10.5038,-43.7710,17.7863
302443.9035,522952,79,0.2212,-0.0542,1.1428,9.3435,-54.3817,19.2366
302443.9035,522962,79,0.3115,-0.0608,1.3489,-1.0534,-53.5115,19.3740
302443.9035,522972,79,0.3501,-0.1890,1.4336,2.9008,-41.8779,8.7023
302443.9035,522982,79,0.2913,-0.1072,1.3872,26.4733,-20.3817,-4.0153
302443.9035,522992,79,0.1814,-0.0703,1.2056,26.7023,-1.2824,-4.1374
302443.9035,523002,79,0.0215,-0.1396,0.9509,6.9008,8.4427,0.7176
302443.9035,523012,79,-0.0967,-0.2271,0.8281,-1.9084,5.8168,7.9542
302443.9035,523022,79,-0.0413,-0.1851,0.9121,8.9008,-8.6870,15.0382
302443.9035,523032,79,-0.0264,-0.0469,1.0625,21.6489,-14.0000,15.4656
302443.9035,523042,79,0.0044,-0.0146,1.1450,21.8626,-14.5496,11.4504
302444.0238,523052,80,0.0361,-0.0078,1.1426,17.5573,-11.3435,4.8702
302444.0238,523062,80,-0.0195,-0.0415,1.0713,11.4198,-3.6489,-2.4733
302444.0238,523072,80,-0.0063,-0.1226,1.0671,5.6947,-4.5954,-6.6870
302444.0238,523082,80,-0.0210,-0.2725,1.0969,2.7634,-7.0229,-1.5878
302444.0238,523092,80,-0.0479,-0.3105,1.0830,5.3740,-8.0000,8.8550
302444.0238,523102,80,-0.0547,-0.3372,1.0667,8.9466,-12.4275,22.5038
302444.0238,523112,80,-0.0637,-0.2910,1.0647,17.1603,-17.7405,32.7634
302444.0238,523122,80,-0.0398,-0.2036,1.0742,25.8321,-23.2061,39.1145
302444.0238,523132,80,-0.0547,-0.0657,1.0510,32.0916,-25.5725,38.0153
302444.0238,523142,80,-0.0830,0.0103,1.0176,37.1908,-27.8168,27.5725
302444.0831,523152,81,-0.0168,0.0400,0.9731,36.0000,-35.5878,18.0153
302444.0831,523162,81,0.0046,-0.0266,0.9119,21.6947,-37.8321,15.2977
302444.0831,523172,81,0.0542,-0.0608,0.9338,10.0763,-39.1450,14.1069
302444.0831,523182,81,0.1619,-0.0200,1.0176,9.1450,-38.5954,13.5725
302444.0831,523192,81,0.2036,0.0652,1.0684,13.3282,-26.5802,9.3130
302444.0831,523202,81,0.1919,0.1177,1.0396,9.4046,-13.0687,2.7939
302444.0831,523212,81,0.1318,0.1211,0.9424,-6.8244,-0.7786,-3.0229
302444.0831,523222,81,0.1350,-0.0066,0.9829,-14.0000,0.1832,-17.1298
302444.0831,523232,81,0.1897,-0.0920,1.1177,-7.3588,-5.2977,-29.7252
302444.0831,523242,81,0.1917,-0.1819,1.2129,-7.3893,-2.3664,-31.2519
302444.3205,523252,82,0.1550,-0.1978,1.0398,4.3817,8.3969,-26.9008
302444.3205,523262,82,0.1550,-0.1978,1.0398,4.3817,8.3969,-26.9008
302444.3205,523272,82,0.1484,-0.1018,0.9551,3.3893,9.1450,-16.4275
302444.3205,523282,82,0.1714,-0.1135,1.0247,-5.6641,3.8015,-7.1298
302444.3205,523292,82,0.1367,-0.0239,1.0872,-7.2977,1.0382,1.3893
302444.3205,523302,82,0.1301,0.0559,1.1548,-5.2519,3.3282,2.5344
302444.3205,523312,82,0.0640,0.0256,1.1272,-10.8702,9.0229,-0.5038
302444.3205,523322,82,0.0093,-0.0576,1.0540,-19.2214,10.0305,-4.7786
302444.3205,523332,82,-0.0330,-0.0967,0.9919,-20.3206,8.9313,-8.8092
302444.3205,523342,82,-0.0286,-0.0806,0.9817,-14.3053,5.0840,-13.8779
302444.3229,523352,83,-0.0122,-0.1719,0.9861,-14.6107,0.8855,-15.3893
302444.3229,523362,83,0.0164,-0.2314,1.0334,-15.1450,-0.3206,-13.8626
302444.3229,523372,83,0.0510,-0.2056,1.0798,-8.3817,2.3511,-13.8931
302444.3229,523382,83,0.0254,-0.1997,1.0559,-3.8931,6.2901,-14.9313
302444.3229,523392,83,0.0386,-0.2346,1.0237,-5.0229,4.2748,-12.1221
302444.3229,523402,83,0.0769,-0.2942,1.0212,-5.5115,-1.7557,-6.3359
302444.3229,523412,83,0.0850,-0.2688,1.0042,-2.5954,-6.4275,2.5038
302444.3229,523422,83,0.0911,-0.2241,1.0195,0.2290,-12.9618,12.5802
302444.3229,523432,83,0.1240,-0.2256,1.0391,1.5878,-20.2137,21.5420
302444.3229,523442,83,0.1428,-0.2295,1.0496,0.9618,-21.8015,32.1374
302444.3827,523452,84,0.1406,-0.2659,1.0417,2.2137,-20.7939,42.6870
302444.3827,523462,84,0.1177,-0.2461,1.0310,7.7252,-18.6412,51.0382
302444.3827,523472,84,0.0747,-0.1858,1.0159,12.6412,-16.5649,57.5115
302444.3827,523482,84,0.0701,-0.1313,1.0461,14.7481,-15.8473,61.6947
302444.3827,523492,84,0.0793,-0.0876,1.0559,14.6565,-12.6107,61.9389
302444.3827,523502,84,0.0266,-0.0508,1.0364,14.6107,-7.8473,57.9389
302444.3827,523512,84,0.0183,0.0188,1.0349,18.8855,-6.9160,49.8168
302444.3827,523522,84,0.0125,0.0852,1.0410,19.1603,-5.8779,41.0992
302444.3827,523532,84,0.0271,0.1313,1.0498,14.7786,-5.1298,32.4733
302444.3827,523542,84,0.0605,0.1565,1.0923,10.4733,-3.6031,21.9695
302444.5632,523552,85,0.0803,0.1296,1.1086,7.9542,1.3435,8.7939
302444.5632,523562,85,0.0706,0.1030,1.1035,4.6260,7.3740,-2.0000
302444.5632,523572,85,0.0864,0.0156,1.0867,-0.5038,13.8321,-10.2595
302444.5632,523582,85,0.0579,0.0210,1.0869,-0.4122,21.0840,-17.4351
302444.5632,523592,85,0.0662,-0.1157,1.0146,-1.0534,33.2977,-25.4046
302444.5632,523602,85,-0.0884,-0.1589,0.9177,-8.6718,41.5420,-21.8473
302444.5632,523612,85,-0.0774,-0.2363,0.9297,-6.6870,31.5573,-20.6870
302444.5632,523622,85,-0.0342,-0.2356,1.0093,-1.9084,17.9542,-16.1527
302444.5632,523632,85,0.0225,-0.2319,1.0740,1.0229,11.4351,-9.2366
302444.5632,523642,85,0.0684,-0.2219,1.1074,2.7939,7.9084,-3.6031
302444.5654,523652,86,0.0391,-0.1504,1.0781,9.3740,11.8168,-1.9237
302444.5654,523662,86,-0.0293,-0.0708,1.0259,19.6794,18.6718,-5.5878
302444.5654,523672,86,0.0222,-0.0520,1.0554,25.2519,15.2061,-7.1298
302444.5654,523682,86,0.4248,-0.0134,1.3953,25.4198,9.9847,1.4198
302444.5654,523692,86,-0.3333,-0.2590,1.0120,4.2595,31.7557,23.2977
302444.5654,523702,86,0.1069,-0.0796,1.0339,20.0305,23.5267,20.3053
302444.5654,523712,86,-0.2893,-0.0920,0.8423,13.9237,37.2366,27.8473
302444.5654,523722,86,-0.0654,-0.0393,0.8984,22.3969,8.9924,25.4351
302444.5654,523732,86,-0.1057,-0.0278,0.9077,12.5802,-0.3511,26.0763
302444.5654,523742,86,-0.0203,0.0024,0.9473,2.0916,-10.8702,23.5573
302444.6836,523752,87,-0.0017,-0.0146,0.9832,-7.3282,-17.1756,20.1832
302444.6836,523762,87,0.0994,-0.0039,1.0249,-13.5420,-28.3206,16.9008
302444.6836,523772,87,0.1238,0.0242,1.0046,-19.5420,-31.6794,14.0000
302444.6836,523782,87,0.1116,0.0532,0.9712,-27.5878,-35.2061,12.6412
302444.6836,523792,87,0.0967,0.0647,0.9412,-36.1985,-46.7328,13.5267
302444.6836,523802,87,0.1311,0.0200,1.0627,-33.1908,-65.6641,8.7634
302444.6836,523812,87,0.3655,0.0701,1.2290,-3.5420,-89.9847,-7.8779
302444.6836,523822,87,0.3672,0.0020,1.1951,7.2061,-82.1679,-7.8473
302444.6836,523832,87,0.2185,-0.0159,1.2488,8.3969,-49.8626,-16.9160
302444.6836,523842,87,0.2649,-0.0793,1.1743,-11.1908,-23.2214,-19.3435
302444.8021,523852,88,0.0117,-0.2161,0.9753,-31.3282,0.2290,-15.4046
302444.8021,523862,88,0.0559,-0.0669,1.0588,-14.6870,-10.6718,-21.1450
302444.8021,523872,88,0.0784,0.1240,1.0454,-6.3664,-11.9695,-30.2748
302444.8021,523882,88,-0.0740,0.2437,0.9978,-9.6031,2.6260,-48.1221
302444.8021,523892,88,-0.0049,0.2251,1.0120,-15.2672,0.3053,-71.5878
302444.8021,523902,88,0.0322,0.1431,1.0442,-24.8855,3.4046,-87.5573
302444.8021,523912,88,0.0522,0.1143,1.0908,-27.2366,8.1527,-98.0763
302444.8021,523922,88,0.0977,0.0535,1.0928,-28.0763,12.7481,-104.4580
302444.8021,523932,88,0.0742,-0.0767,1.0325,-27.7252,22.9160,-108.2595
302444.8021,523942,88,0.0571,-0.1294,1.0088,-21.5573,27.1756,-111.1145
302444.8625,523952,89,0.0896,-0.1963,1.0344,-17.2061,26.1069,-110.4427
302444.8625,523962,89,0.1326,-0.3181,1.0430,-19.8168,24.2595,-103.7863
302444.8625,523972,89,0.1445,-0.4365,1.0200,-23.2824,21.2061,-90.4427
302444.8625,523982,89,0.1555,-0.5039,1.0198,-20.8244,17.0382,-75.1908
302444.8625,523992,89,0.1509,-0.4824,1.0049,-12.6260,13.8779,-60.0000
302444.8625,524002,89,0.1348,-0.4475,0.9832,-8.2137,10.3969,-44.2290
302444.8625,524012,89,0.1528,-0.4436,1.0073,-7.1908,5.4656,-28.1679
302444.8625,524022,89,0.1746,-0.4143,1.0325,-5.6794,3.1145,-13.4809
302444.8625,524032,89,0.1235,-0.2764,1.0232,-1.4809,3.4351,-0.7939
302444.8625,524042,89,0.0928,-0.1130,1.0427,6.1832,3.1298,4.3511
302444.9840,524052,90,0.1082,-0.0474,1.0762,3.5573,1.7099,5.3130
302444.9840,524062,90,0.1030,-0.0056,1.0979,-3.7405,4.1374,3.8473
302444.9840,524072,90,0.0720,-0.0068,1.0828,-9.4198,10.1985,-0.7328
302444.9840,524082,90,0.0623,-0.0754,1.0535,-13.8626,16.3359,-4.8244
302444.9840,524092,90,0.0391,-0.1086,1.0242,-18.3206,17.8015,-4.0458
302444.9840,524102,90,0.0137,-0.0881,1.0017,-16.1679,14.1221,-5.1756
302444.9840,524112,90,0.0154,-0.0991,0.9910,-12.7634,7.2824,-10.0611
302444.9840,524122,90,0.0439,-0.1189,1.0146,-15.6489,0.9924,-11.3588
302444.9840,524132,90,0.0554,-0.1379,1.0366,-18.0611,-0.6718,-10.8550
302444.9840,524142,90,0.0740,-0.1887,1.0469,-15.1908,-1.6641,-11.6336
302445.1616,524152,91,0.0886,-0.1956,1.0596,-8.0000,-1.2672,-10.9924
302445.1616,524162,91,0.0991,-0.1768,1.0642,-5.1908,3.4809,-9.0687
302445.1616,524172,91,0.0767,-0.1902,1.0339,-7.9847,8.8855,-7.2214
302445.1616,524182,91,0.0503,-0.2356,0.9983,-9.9542,10.7328,-5.0229
302445.1616,524192,91,0.0251,-0.2344,0.9719,-7.6489,9.0687,-1.9084
302445.1616,524202,91,0.0090,-0.1936,0.9741,-4.7023,4.6260,0.9771
302445.1616,524212,91,0.0208,-0.1357,0.9954,-1.2824,-2.6107,1.5420
302445.1616,524222,91,0.0383,-0.1274,1.0159,-0.2595,-7.9389,-0.1069
302445.1616,524232,91,0.0344,-0.1418,1.0112,0.2137,-11.2519,-2.2901
302445.1616,524242,91,0.0422,-0.1816,1.0010,2.9008,-14.5344,-5.2672
302445.1640,524252,92,0.0503,-0.2102,1.0127,6.1069,-17.1450,-4.5954
302445.1640,524262,92,0.1187,-0.1672,1.1050,7.1450,-17.5115,-0.1221
302445.1640,524272,92,0.1250,-0.1985,1.1011,-0.5191,-9.6641,4.5038
302445.1640,524282,92,0.0850,-0.2563,1.0371,-6.5802,-4.4733,11.2977
302445.1640,524292,92,0.0667,-0.3025,0.9722,-7.0534,-3.7405,19.9084
302445.1640,524302,92,0.0645,-0.3169,0.9734,-4.0305,-4.5802,27.2977
302445.1640,524312,92,0.0876,-0.3218,0.9990,-1.0076,-7.6947,36.6107
302445.1640,524322,92,0.1030,-0.3433,1.0024,-1.1145,-7.3588,47.9389
302445.1640,524332,92,0.0940,-0.3542,0.9802,-1.9542,-5.8626,61.8779
302445.1640,524342,92,0.0967,-0.3198,1.0000,-0.5649,-7.7710,75.3893
302445.2830,524352,93,0.1226,-0.2463,1.0479,2.4733,-11.8168,85.9847
302445.2830,524362,93,0.1001,-0.1616,1.0505,4.2595,-11.4656,90.6870
302445.2830,524372,93,0.0850,-0.0854,1.0439,3.5420,-13.5420,91.0840
302445.2830,524382,93,0.0806,-0.0337,1.0535,1.9847,-16.4885,86.3359
302445.2830,524392,93,0.0806,0.0159,1.0803,2.9924,-17.7557,73.8779
302445.2830,524402,93,0.0903,0.0884,1.1167,7.2672,-19.1908,57.3282
302445.2830,524412,93,0.0569,0.1621,1.1165,13.8779,-15.9084,36.2748
302445.2830,524422,93,0.0342,0.1511,1.1001,10.9466,-12.1221,18.7634
302445.2830,524432,93,0.0242,0.0671,1.0625,3.6641,-6.5191,6.2137
302445.2830,524442,93,0.0376,-0.1165,1.0334,-0.3359,-1.1908,-2.8550
302445.4034,524452,94,0.0525,-0.2068,1.0085,-3.1450,-1.9542,-4.4122
302445.4034,524462,94,0.0547,-0.2002,1.0049,1.7710,-2.0000,-5.0687
302445.4034,524472,94,0.0754,-0.2156,1.0193,3.0992,-3.0076,-4.9771
302445.4034,524482,94,0.0957,-0.2251,1.0259,1.3740,-3.6031,-3.1756
302445.4034,524492,94,0.1045,-0.1465,1.0535,3.6794,-3.3282,-2.1069
302445.4034,524502,94,0.0793,-0.0923,1.0491,3.6794,-1.7405,-3.8015
302445.4034,524512,94,0.0571,-0.0696,1.0352,0.5802,-0.4580,-7.0229
302445.4034,524522,94,0.0605,-0.0691,1.0513,0.0305,0.3817,-12.1374
302445.4034,524532,94,0.0718,-0.0889,1.0645,-0.8397,1.4504,-16.3664
302445.4034,524542,94,0.0718,-0.1340,1.0471,-3.3130,2.2290,-17.5267
302445.4619,524552,95,0.0652,-0.1812,1.0193,-4.8855,3.2214,-16.9313
302445.4619,524562,95,0.0645,-0.2251,1.0132,-5.4656,3.0534,-14.3664
302445.4619,524572,95,0.0842,-0.2568,1.0254,-5.5573,0.9771,-9.4962
302445.4619,524582,95,0.1018,-0.2769,1.0273,-5.5573,-1.2977,-2.8244
302445.4619,524592,95,0.0813,-0.2100,1.0261,-1.8779,-1.8779,1.9847
302445.4619,524602,95,0.0691,-0.1816,1.0217,0.7939,-1.0076,4.9160
302445.4619,524612,95,0.0798,-0.1897,1.0273,-2.7176,-2.2137,8.8855
302445.4619,524622,95,0.0693,-0.2153,1.0120,-4.4885,-1.8321,13.5267
302445.4619,524632,95,0.0742,-0.2593,0.9900,-6.3511,-1.2061,20.8244
302445.4619,524642,95,0.0706,-0.2993,0.9744,-7.5420,-0.5496,29.8626
302445.5827,524652,96,0.0593,-0.3896,0.9153,-9.1145,5.4504,41.7405
302445.5827,524662,96,0.0374,-0.5188,0.8606,-13.5573,11.7099,58.5038
302445.5827,524672,96,0.0537,-0.4050,0.9683,-7.7863,10.0916,73.0534
302445.5827,524682,96,0.1133,-0.3103,1.0603,-3.1603,0.9924,85.5878
302445.5827,524692,96,0.1538,-0.3040,1.1335,-5.8779,-0.7328,96.5649
302445.5827,524702,96,0.2021,-0.2415,1.2566,-7.4351,-3.4198,106.9618
302445.5827,524712,96,0.3115,-0.0452,1.3643,-7.1145,-8.2748,113.9695
302445.5827,524722,96,0.3237,0.1333,1.3677,-8.9466,10.8397,103.4962
302445.5827,524732,96,0.2041,0.2764,1.3059,-1.5725,33.1603,77.3740
302445.5827,524742,96,0.1233,0.1641,1.0715,-6.6870,42.0763,48.8855
302445.7619,524752,97,-0.0332,0.1306,1.0645,3.3282,56.9924,23.5573
302445.7619,524762,97,0.0850,-0.0688,1.1282,6.4122,44.2443,7.6641
302445.7619,524772,97,0.1187,-0.1033,1.0874,2.9466,39.6794,0.1985
302445.7619,524782,97,-0.0603,0.0239,1.0244,-1.5420,51.4504,-4.8397
302445.7619,524792,97,-0.1287,0.0569,0.9749,-0.2748,49.0534,-21.3893
302445.7619,524802,97,-0.0942,-0.0298,0.9553,-0.2137,40.9008,-40.2290
302445.7619,524812,97,-0.1238,-0.0632,0.9541,-1.5573,38.2595,-51.6794
302445.7619,524822,97,-0.1562,-0.0068,0.9355,-0.8092,33.8168,-63.0534
302445.7619,524832,97,-0.2161,0.0728,0.9290,3.7710,21.4046,-80.0458
302445.7619,524842,97,-0.1855,0.0925,0.9404,2.2137,5.8931,-95.3435
302445.7641,524852,98,-0.1682,0.0476,0.9338,-9.8779,-3.5267,-102.0458
302445.7641,524862,98,-0.1663,-0.0139,0.9045,-21.9695,-11.2214,-104.8244
302445.7641,524872,98,-0.1233,-0.0986,0.8879,-26.8244,-19.2672,-108.2595
302445.7641,524882,98,-0.0571,-0.1675,0.8977,-30.5802,-19.8168,-109.6489
302445.7641,524892,98,-0.0525,-0.3303,0.8362,-40.3817,-12.8702,-105.9389
302445.7641,524902,98,-0.1040,-0.3362,0.7720,-35.3740,-4.8855,-99.3588
302445.7641,524912,98,-0.0759,-0.3916,0.7920,-18.3053,-7.0687,-100.6412
302445.7641,524922,98,0.0288,-0.4470,0.9089,-6.3206,-21.0229,-97.3740
302445.7641,524932,98,0.1033,-0.4902,0.9893,-3.5573,-29.2519,-86.1832
302445.7641,524942,98,0.1936,-0.4272,1.4314,-6.7023,-34.7176,-70.1069
302445.9405,524952,99,0.5435,-0.5598,1.5100,-13.8321,-53.7863,-58.2901
302445.9405,524962,99,0.3208,-0.5576,1.2231,-8.4122,-16.2748,-44.0000
302445.9405,524972,99,0.0249,-0.2261,0.9553,3.4351,25.2672,-20.7786
302445.9405,524982,99,-0.1641,-0.1038,0.7581,4.1527,19.8931,-16.1527
302445.9405,524992,99,-0.2437,-0.1658,0.7419,4.6260,-0.2290,-26.2443
302445.9405,525002,99,-0.0837,-0.1855,0.8857,12.4122,-23.2061,-31.2366
302445.9405,525012,99,-0.0161,-0.2183,1.0300,17.4046,-27.0840,-32.0153
302445.9405,525022,99,0.1167,-0.2495,1.1279,17.1908,-25.7863,-31.1298
302445.9405,525032,99,0.1323,-0.2158,1.1414,14.3359,-9.2061,-23.5115
302445.9405,525042,99,0.0461,-0.1687,1.0642,11.0687,16.6107,-17.8931
302446.0029,525052,100,-0.0139,-0.2302,0.9221,4.1985,31.0229,-14.5496
302446.0029,525062,100,-0.1130,-0.2766,0.8696,-6.1679,33.9542,-4.0763
302446.0029,525072,100,-0.0476,-0.2659,0.8826,-10.7939,24.5954,7.1756
302446.0029,525082,100,-0.0334,-0.3054,0.8811,-13.3282,18.5191,13.7710
302446.0029,525092,100,0.0090,-0.4243,0.8616,-18.7939,9.8779,23.2366
302446.0029,525102,100,0.0981,-0.4861,0.9692,-19.0534,2.8244,32.0611
302446.0029,525112,100,0.1899,-0.5251,1.0981,-16.5496,-0.6412,42.5649
302446.0029,525122,100,0.1963,-0.5022,1.1411,-9.8321,3.9847,54.5344
302446.0029,525132,100,0.1372,-0.3997,1.0876,3.0534,11.7710,64.8397
302446.0029,525142,100,0.0886,-0.2412,1.0469,14.5649,15.5573,70.7023
302446.0627,525152,101,0.0608,-0.1055,1.0698,16.0611,13.8015,69.1450
302446.0627,525162,101,0.0532,-0.0269,1.1096,10.7176,8.3817,59.5725
302446.0627,525172,101,0.0474,-0.0251,1.1138,8.3664,3.5573,46.2290
302446.0627,525182,101,0.0442,-0.0012,1.1091,11.0992,-0.8702,35.2214
302446.0627,525192,101,0.0215,0.0537,1.0957,11.1603,-2.9466,27.6489
302446.0627,525202,101,0.0061,0.0271,1.0657,3.6489,-2.8244,20.3664
302446.0627,525212,101,0.0190,-0.0388,1.0625,-6.9160,-4.7939,14.0916
302446.0627,525222,101,0.0576,-0.1213,1.0952,-14.9924,-6.4275,8.8092
302446.0627,525232,101,0.0334,-0.2329,1.0725,-14.9466,0.0153,2.1832
302446.0627,525242,101,-0.0059,-0.2905,1.0134,-10.6870,4.5649,0.3053
302446.1831,525252,102,-0.0337,-0.2522,1.0005,-7.0992,3.2824,3.1603
302446.1831,525262,102,-0.0266,-0.2202,1.0203,-5.6947,1.0687,3.1450
302446.1831,525272,102,-0.0134,-0.2468,1.0364,-6.0305,1.4504,0.6107
302446.1831,525282,102,-0.0210,-0.2363,1.0383,-2.4885,2.7481,-0.7939
302446.1831,525292,102,-0.0293,-0.1929,1.0117,2.3359,3.7099,-2.6565
302446.1831,525302,102,-0.0427,-0.1848,0.9963,2.5649,6.0153,-5.1908
302446.1831,525312,102,-0.0266,-0.1877,1.0078,0.7634,4.2748,-6.5344
302446.1831,525322,102,-0.0063,-0.1846,1.0256,-1.5420,1.3282,-6.8702
302446.1831,525332,102,0.0098,-0.1733,1.0347,-4.8244,1.6947,-6.1527
302446.1831,525342,102,0.0107,-0.1965,1.0598,-7.0840,3.5420,-6.1679
302446.3027,525352,103,0.0225,-0.2139,1.0627,-6.7023,3.3282,-7.0076
302446.3027,525362,103,0.0010,-0.2283,1.0334,-7.1908,4.1069,-5.7252
302446.3027,525372,103,-0.0105,-0.2310,1.0315,-7.8168,4.0763,-4.0611
302446.3027,525382,103,-0.0027,-0.2375,1.0332,-7.0992,3.2672,-3.2824
302446.3027,525392,103,-0.0034,-0.2349,1.0352,-5.5420,3.5420,-3.2977
302446.3027,525402,103,-0.0125,-0.1956,1.0247,-2.5802,3.3282,-3.8015
302446.3027,525412,103,-0.0396,-0.1604,1.0212,-0.7023,3.0534,-6.8397
302446.3027,525422,103,-0.0376,-0.1226,1.0349,-1.2061,1.1908,-11.5115
302446.3027,525432,103,-0.0413,-0.1086,1.0476,-0.4733,1.7557,-18.6565
302446.3027,525442,103,-0.0435,-0.0640,1.0493,0.0153,2.9771,-25.5115
302446.3626,525452,104,-0.0278,0.0024,1.0828,-0.2443,3.6641,-32.8092
302446.3626,525462,104,-0.0117,0.0071,1.1011,-1.9695,9.2366,-45.8626
302446.3626,525472,104,-0.0122,0.0293,1.0745,-3.9389,14.7786,-59.4809
302446.3626,525482,104,-0.0176,0.0530,1.0601,-1.6794,18.5191,-77.2214
302446.3626,525492,104,-0.0049,-0.0042,1.0869,-4.2137,18.4427,-92.8244
302446.3626,525502,104,0.0696,-0.1531,1.1497,-12.0611,15.4809,-101.6336
302446.3626,525512,104,0.1016,-0.2998,1.1873,-14.0153,17.7405,-102.2748
302446.3626,525522,104,0.2034,-0.4194,1.2683,-11.6641,17.0382,-94.9771
302446.3626,525532,104,0.2400,-0.5112,1.2742,-16.3359,19.4809,-79.8015
302446.3626,525542,104,0.2158,-0.6255,1.1462,-19.3893,28.2595,-60.3511
302446.4831,525552,105,0.2100,-0.6658,1.0710,-12.3359,38.2595,-39.8473
302446.4831,525562,105,0.1687,-0.6943,1.0256,-4.2595,44.5954,-18.2748
302446.4831,525572,105,0.1892,-0.6130,1.0864,7.3893,48.1527,0.3359
302446.4831,525582,105,0.1421,-0.5862,0.9924,7.8015,64.3359,16.9160
302446.4831,525592,105,-0.0239,-0.5764,0.8552,9.9542,76.5038,34.8092
302446.4831,525602,105,-0.0808,-0.4746,0.7646,16.9618,67.2061,51.7557
302446.4831,525612,105,-0.1755,-0.3413,0.7578,21.1756,53.1756,63.4046
302446.4831,525622,105,-0.2109,-0.2161,0.7925,23.1603,34.5649,67.8626
302446.4831,525632,105,-0.2495,-0.1145,0.8049,21.3282,16.9771,66.6718
302446.4831,525642,105,-0.3022,-0.0652,0.8127,16.2443,1.1298,62.1679
302446.6029,525652,106,-0.3149,-0.0139,0.8301,4.3511,-18.5954,58.3817
302446.6029,525662,106,-0.2861,0.0398,0.8477,-14.6412,-39.0534,56.2748
302446.6029,525672,106,-0.3037,-0.1299,0.7878,-30.7328,-47.3740,47.4809
302446.6029,525682,106,-0.3201,-0.1934,0.7773,-32.7634,-64.9618,44.1374
302446.6029,525692,106,-0.2476,-0.1936,0.8091,-29.7710,-91.3282,44.5344
302446.6029,525702,106,-0.1299,-0.2202,0.8972,-27.2977,-111.5878,42.3359
302446.6029,525712,106,-0.0247,-0.2371,1.0181,-11.5573,-112.0458,32.8397
302446.6029,525722,106,0.0857,-0.2485,1.1694,8.9008,-97.0840,18.0000
302446.6029,525732,106,0.1694,-0.2776,1.2388,19.9847,-70.7023,8.0916
302446.6029,525742,106,0.1221,-0.2563,1.1763,27.0840,-40.4427,8.6870
302446.6623,525752,107,0.0208,-0.1082,1.0662,32.8092,-22.2137,12.5496
302446.6623,525762,107,-0.0527,-0.0576,0.9919,35.6183,-16.2290,5.6183
302446.6623,525772,107,-0.0520,-0.0542,0.9563,31.7405,-21.3740,0.4427
302446.6623,525782,107,-0.0400,-0.0786,0.9285,21.8015,-31.1298,-1.1756
302446.6623,525792,107,-0.0681,-0.0933,0.8909,13.4351,-38.9466,-2.5649
302446.6623,525802,107,-0.0820,-0.1089,0.9050,11.4809,-50.3969,-6.6412
302446.6623,525812,107,0.1169,-0.2144,1.2061,28.3511,-67.6031,-22.5496
302446.6623,525822,107,0.4189,-0.1011,1.4548,34.7634,-54.0611,-29.8779
302446.6623,525832,107,0.1133,-0.1545,1.2075,-5.1603,10.0153,-21.5878
302446.6623,525842,107,-0.0386,-0.1409,0.9854,-6.7023,18.9313,-20.8550
302446.8420,525852,108,-0.0200,-0.0713,0.9478,2.0305,11.6336,-27.8321
302446.8420,525862,108,0.0007,-0.0139,1.0071,1.3435,9.1756,-35.1450
302446.8420,525872,108,0.0354,0.0159,1.0710,-1.6794,8.5954,-42.6412
302446.8420,525882,108,0.0527,0.0256,1.1165,-3.9084,15.2366,-52.6718
302446.8420,525892,108,0.0188,0.0408,1.0955,-5.6489,22.3817,-63.5115
302446.8420,525902,108,0.0122,0.0115,1.0552,-7.6031,28.5191,-76.9466
302446.8420,525912,108,-0.0266,-0.0198,1.0090,-5.0840,34.9466,-89.7710
302446.8420,525922,108,-0.0112,-0.0774,0.9897,-5.9237,39.7252,-97.5573
302446.8420,525932,108,-0.0049,-0.1743,0.9612,-9.4504,46.9160,-101.2824
302446.8420,525942,108,-0.0049,-0.2717,0.9854,-7.1603,52.2901,-104.0305
302446.9029,525952,109,0.0984,-0.2737,1.0505,-8.2595,48.2901,-99.9237
302446.9029,525962,109,0.1404,-0.4941,1.1167,-13.3893,42.6565,-95.3282
302446.9029,525972,109,0.2002,-0.5366,1.1179,-12.8397,34.1527,-76.0611
302446.9029,525982,109,0.1687,-0.5535,1.0405,-11.8473,35.2366,-54.4275
302446.9029,525992,109,0.0913,-0.5110,0.9775,-2.4733,38.2443,-37.0076
302446.9029,526002,109,0.0325,-0.4146,0.9580,9.8626,34.6718,-23.5878
302446.9029,526012,109,-0.0100,-0.3345,0.9548,16.3206,24.4122,-14.3969
302446.9029,526022,109,-0.0435,-0.2690,0.9458,15.8168,10.9924,-6.9771
302446.9029,526032,109,-0.0725,-0.2026,0.9402,12.8702,-2.2748,-2.1374
302446.9029,526042,109,-0.0796,-0.1594,0.9587,8.5954,-14.2748,0.0305
302447.0233,526052,110,-0.0471,-0.1218,1.0249,5.7557,-26.3969,0.3053
302447.0233,526062,110,0.0601,-0.1106,1.1814,6.4427,-28.7176,-3.1298
302447.0233,526072,110,0.0925,-0.1438,1.2241,2.8550,-15.2366,-5.3893
302447.0233,526082,110,0.0337,-0.1826,1.1086,-6.4427,0.6565,-1.5573
302447.0233,526092,110,-0.0354,-0.2043,0.9761,-12.3664,7.5573,3.0076
302447.0233,526102,110,-0.0552,-0.2134,0.9329,-10.2748,3.4809,2.2137
302447.0233,526112,110,-0.0342,-0.2126,0.9702,-3.0382,-2.4275,-2.6718
302447.0233,526122,110,-0.0198,-0.2185,0.9958,1.7099,-5.6336,-6.6260
302447.0233,526132,110,-0.0110,-0.2249,1.0049,1.5573,-9.0229,-6.4122
302447.0233,526142,110,0.0234,-0.2224,1.0510,2.4733,-11.5420,-5.4046
302447.0835,526152,111,0.0481,-0.1990,1.1016,6.9771,-8.5344,-5.0382
302447.0835,526162,111,0.0828,-0.1736,1.1829,7.9237,-3.2214,-4.0763
302447.0835,526172,111,0.1345,-0.2097,1.2471,-2.4275,2.3359,0.1832
302447.0835,526182,111,0.1426,-0.2505,1.2527,-11.4962,9.9389,7.2824
302447.0835,526192,111,0.1384,-0.2361,1.2056,-15.6641,18.8397,17.2366
302447.0835,526202,111,0.0676,-0.2451,1.0837,-21.4962,29.7710,25.8779
302447.0835,526212,111,0.0295,-0.3376,1.0112,-19.5115,35.2061,26.5496
302447.0835,526222,111,0.0266,-0.3389,1.0039,-5.7710,32.5344,25.5267
302447.0835,526232,111,0.0073,-0.2720,1.0042,4.6870,33.7863,29.1756
302447.0835,526242,111,-0.0552,-0.1982,0.9685,7.1603,41.3893,31.9542
302447.2030,526252,112,-0.0884,-0.2180,0.9475,4.1527,45.7099,32.8092
302447.2030,526262,112,-0.1006,-0.1917,0.9272,3.6794,46.9008,34.4122
302447.2030,526272,112,-0.1787,-0.2383,0.8071,-6.7481,47.1603,39.0992
302447.2030,526282,112,-0.1733,-0.2590,0.8281,-7.0992,37.4046,42.0000
302447.2030,526292,112,-0.1577,-0.2551,0.8635,1.4198,31.0076,41.6947
302447.2030,526302,112,-0.1768,-0.2104,0.8721,5.6489,24.0763,42.0763
302447.2030,526312,112,-0.2231,-0.1223,0.8369,6.5344,11.7252,38.9008
302447.2030,526322,112,-0.1924,-0.0261,0.8647,4.6260,-4.5038,29.2214
302447.2030,526332,112,-0.2305,-0.0486,0.8459,0.4275,-13.4962,16.7023
302447.2030,526342,112,-0.2144,-0.0503,0.8918,4.2137,-23.3740,4.1069
302447.2627,526352,113,-0.1687,-0.0098,0.9744,10.5344,-33.4504,-5.9542
302447.2627,526362,113,-0.0874,-0.0244,1.0596,12.2443,-37.2214,-15.0382
302447.2627,526372,113,-0.0986,0.0264,1.0383,10.9466,-29.9542,-21.2824
302447.2627,526382,113,-0.0906,0.0120,1.0359,5.4809,-20.5649,-31.4198
302447.2627,526392,113,-0.0620,-0.0984,1.0503,-1.7099,-16.5496,-41.4351
302447.2627,526402,113,-0.0212,-0.2029,1.0688,-3.8168,-19.4962,-46.6412
302447.2627,526412,113,0.0208,-0.2559,1.0757,-3.9695,-20.7481,-45.4046
302447.2627,526422,113,0.0210,-0.3088,1.0715,-6.3817,-17.8626,-40.4427
302447.2627,526432,113,0.0154,-0.3799,1.0559,-7.2366,-17.1450,-34.1527
302447.2627,526442,113,0.0896,-0.5449,1.2642,0.8397,-25.0534,-29.3435
302447.3825,526452,114,0.2429,-0.4792,1.1072,11.3435,-36.0611,-15.3893
302447.3825,526462,114,-0.0459,-0.3652,1.0544,6.7023,-8.8702,12.0916
302447.3825,526472,114,0.0037,-0.2974,0.9902,1.2214,-13.6183,26.7786
302447.3825,526482,114,0.0249,-0.3279,1.0110,-5.5878,-20.9771,34.7328
302447.3825,526492,114,0.0649,-0.3611,1.0271,-6.2901,-22.2137,42.3664
302447.3825,526502,114,0.0510,-0.3330,1.0435,1.5573,-17.7099,50.6412
302447.3825,526512,114,0.0481,-0.2629,1.0300,8.2137,-15.9084,56.7328
302447.3825,526522,114,0.0137,-0.2356,1.0166,8.3359,-14.3359,58.9771
302447.3825,526532,114,-0.0022,-0.2117,1.0312,5.3740,-15.5115,59.2366
302447.3825,526542,114,-0.0110,-0.1626,1.0369,7.1756,-19.0687,59.5573
302447.5032,526552,115,-0.0471,-0.0662,1.0454,11.2977,-17.6183,57.3740
302447.5032,526562,115,-0.0681,-0.0171,1.0386,10.2137,-18.0000,52.6718
302447.5032,526572,115,-0.0823,-0.0164,1.0332,4.7634,-21.3588,46.9160
302447.5032,526582,115,-0.0796,-0.0002,1.0481,0.6107,-26.1679,39.8626
302447.5032,526592,115,-0.0454,0.0149,1.1008,0.3511,-28.6412,30.7176
302447.5032,526602,115,-0.0222,0.0325,1.1304,2.7023,-20.3817,19.1298
302447.5032,526612,115,-0.0144,-0.0073,1.1018,-0.3206,-8.3206,8.5496
302447.5032,526622,115,-0.0376,-0.0796,1.0381,-4.4122,1.6336,-1.1756
302447.5032,526632,115,-0.0466,-0.1978,0.9797,-6.1069,6.5802,-8.3664
302447.5032,526642,115,-0.0266,-0.2742,0.9622,-5.3588,3.3130,-10.0458
302447.5637,526652,116,-0.0107,-0.2896,0.9863,-0.4885,-2.4275,-7.2824
302447.5637,526662,116,0.0032,-0.2368,1.0232,6.2290,-5.8321,-4.2137
302447.5637,526672,116,-0.0076,-0.1772,1.0208,8.5496,-7.0992,-1.8321
302447.5637,526682,116,-0.0190,-0.1318,1.0325,7.0076,-9.4046,-0.2137
302447.5637,526692,116,0.0134,-0.1101,1.0608,2.8397,-11.4962,-0.6870
302447.5637,526702,116,0.0234,-0.1411,1.0635,-2.1527,-9.0687,-2.2137
302447.5637,526712,116,0.0093,-0.1677,1.0498,-2.9618,-6.8244,-2.7786
302447.5637,526722,116,0.0020,-0.1729,1.0332,-2.5649,-6.5038,-2.3817
302447.5637,526732,116,-0.0110,-0.1858,1.0232,-4.3511,-5.3435,-2.3511
302447.5637,526742,116,-0.0056,-0.1973,1.0344,-6.2137,-4.9771,-1.9389
302447.6835,526752,117,0.0017,-0.1921,1.0415,-5.0076,-4.9466,-1.5115
302447.6835,526762,117,0.0020,-0.1875,1.0352,-3.4504,-3.8931,-1.6489
302447.6835,526772,117,-0.0017,-0.1821,1.0222,-2.7176,-3.4198,-1.7252
302447.6835,526782,117,-0.0054,-0.1658,1.0249,-2.6260,-3.3893,-1.8931
302447.6835,526792,117,0.0198,-0.1704,1.0476,-3.9847,-3.1908,-2.2137
302447.6835,526802,117,0.0176,-0.1848,1.0435,-4.4275,-1.3893,-2.7634
302447.6835,526812,117,0.0159,-0.2019,1.0264,-3.6489,-0.5954,-2.4885
302447.6835,526822,117,0.0154,-0.2051,1.0239,-2.7634,-0.8550,-1.4046
302447.6835,526832,117,0.0178,-0.2148,1.0342,-1.9542,-1.0229,-0.6718
302447.6835,526842,117,0.0056,-0.2004,1.0308,-1.6031,-1.5725,1.1603
302447.8021,526852,118,0.0010,-0.1833,1.0391,-2.4580,-2.9466,2.7939
302447.8021,526862,118,0.0093,-0.1897,1.0537,-5.4351,-5.0534,4.5496
302447.8021,526872,118,0.0403,-0.2275,1.1238,-9.8931,-9.0840,8.8702
302447.8021,526882,118,0.1040,-0.3154,1.1287,-17.0382,-16.8855,17.8779
302447.8021,526892,118,0.0994,-0.3730,1.0635,-22.2443,-18.9160,31.4198
302447.8021,526902,118,0.0852,-0.4341,0.9385,-23.8931,-20.1527,47.4046
302447.8021,526912,118,0.0359,-0.4399,0.8801,-22.6718,-22.5649,61.1145
302447.8021,526922,118,0.0396,-0.4404,0.8931,-12.2137,-29.5115,67.0687
302447.8021,526932,118,0.0413,-0.3804,0.9380,6.8092,-35.1603,68.8092
302447.8021,526942,118,0.0564,-0.3088,1.0142,20.8397,-35.7405,69.1145
302447.8621,526952,119,0.0503,-0.2021,1.0559,23.7710,-29.7405,69.7405
302447.8621,526962,119,0.0012,-0.0911,1.0696,25.9847,-18.7328,66.7176
302447.8621,526972,119,-0.0447,0.0405,1.0586,32.4733,-10.0611,57.5420
302447.8621,526982,119,-0.0618,0.1499,1.0610,30.9313,-7.4656,45.6031
302447.8621,526992,119,-0.0669,0.1680,1.0344,16.3817,-4.9313,32.8855
302447.8621,527002,119,-0.0852,0.1335,1.0298,2.6107,-1.3435,18.5649
302447.8621,527012,119,-0.0557,0.0798,1.0330,-2.4275,-2.1527,3.4656
302447.8621,527022,119,-0.0032,-0.0552,1.0571,-6.5802,-1.9542,-9.1908
302447.8621,527032,119,0.0396,-0.1848,1.0461,-13.6947,-0.0153,-13.4504
302447.8621,527042,119,0.0305,-0.2700,1.0400,-14.8550,4.2595,-12.6565
302447.9829,527052,120,0.0691,-0.2874,1.0681,-8.3664,0.3969,-10.7481
302447.9829,527062,120,0.0840,-0.2871,1.0474,-7.2824,-1.7405,-3.5267
302447.9829,527072,120,0.0366,-0.2285,1.0037,-7.1603,-0.2901,3.8015
302447.9829,527082,120,0.0020,-0.1531,0.9941,-3.6794,-0.7634,5.5725
302447.9829,527092,120,-0.0015,-0.1384,1.0100,-2.4733,-4.1985,3.4962
302447.9829,527102,120,0.0354,-0.1455,1.0542,-4.5038,-7.9695,1.6947
302447.9829,527112,120,0.0354,-0.1333,1.0671,-6.5496,-6.1527,0.0305
302447.9829,527122,120,0.0002,-0.1541,1.0488,-6.1374,-1.5115,-3.6489
302447.9829,527132,120,0.0366,-0.1311,1.0750,-4.3511,-0.5954,-6.9008
302447.9829,527142,120,0.0259,-0.0300,1.1167,-2.8244,2.5954,-12.9771
302448.1028,527152,121,0.0332,0.0435,1.1277,-1.4962,10.4275,-27.0534
302448.1028,527162,121,-0.0063,0.1387,1.1062,-0.6870,22.1527,-44.6870
302448.1028,527172,121,-0.0286,0.1128,1.0425,-12.9466,29.0229,-56.0153
302448.1028,527182,121,-0.0439,0.0645,0.9846,-24.3969,34.7939,-68.0611
302448.1028,527192,121,-0.0544,-0.0320,0.9504,-27.5725,38.2443,-84.4275
302448.1028,527202,121,-0.0369,-0.1206,0.9551,-23.7557,35.4504,-96.0153
302448.1028,527212,121,0.0015,-0.2288,0.9636,-19.8473,29.9237,-102.0153
302448.1028,527222,121,0.0625,-0.3477,0.9963,-17.1908,25.0992,-102.5954
302448.1028,527232,121,0.0618,-0.4399,1.0454,-13.7863,22.7481,-96.3969
302448.1028,527242,121,0.1260,-0.5249,1.0691,-10.3053,16.8702,-84.2748
302448.1632,527252,122,0.1216,-0.5588,1.0352,-7.4962,16.6870,-66.4580
302448.1632,527262,122,0.0654,-0.5393,0.9666,-4.6870,17.4351,-45.7710
302448.1632,527272,122,0.0232,-0.4902,0.9116,-1.0687,12.1679,-28.3359
302448.1632,527282,122,0.0139,-0.4595,0.9387,2.7786,4.7023,-15.6641
302448.1632,527292,122,0.0156,-0.4038,0.9797,7.0229,0.7328,-5.0840
302448.1632,527302,122,0.0054,-0.2854,1.0173,9.3893,-1.0534,5.0382
302448.1632,527312,122,-0.0154,-0.1565,1.0508,10.5191,-0.5802,10.1221
302448.1632,527322,122,-0.0251,-0.1265,1.0552,10.3359,0.0763,8.5954
302448.1632,527332,122,0.0044,-0.1418,1.0605,5.5725,-1.6489,7.8321
302448.1632,527342,122,0.0042,-0.1377,1.0471,4.2901,-0.1527,6.3206
302448.2836,527352,123,-0.0205,-0.1216,1.0225,5.5420,0.7939,3.4962
302448.2836,527362,123,-0.0020,-0.1733,1.0212,3.5878,-1.3130,-0.3359
302448.2836,527372,123,0.0039,-0.2349,1.0161,2.2137,-1.2824,-2.6412
302448.2836,527382,123,-0.0012,-0.2549,1.0190,4.5954,-1.0076,-2.5954
302448.2836,527392,123,0.0044,-0.2400,1.0332,7.6183,-0.1527,-1.8779
302448.2836,527402,123,-0.0132,-0.2231,1.0193,7.9695,0.8550,-1.0840
302448.2836,527412,123,-0.0186,-0.2102,1.0007,6.1832,-0.9466,-0.5649
302448.2836,527422,123,-0.0063,-0.2058,1.0044,4.4122,-3.7863,-0.2901
302448.2836,527432,123,-0.0042,-0.1758,1.0266,4.5038,-5.0076,-0.6565
302448.2836,527442,123,0.0186,-0.1709,1.0703,1.9695,-5.6641,-0.9008
302448.4024,527452,124,0.0591,-0.1904,1.1133,0.9466,-2.1221,-2.3511
302448.4024,527462,124,0.0334,-0.1965,1.1042,4.3969,6.5802,-4.0916
302448.4024,527472,124,0.0115,-0.1677,1.0503,7.1145,10.2595,-5.0076
302448.4024,527482,124,-0.0518,-0.1355,1.0000,6.0916,13.0229,-4.3511
302448.4024,527492,124,-0.0437,-0.1504,0.9695,1.6183,10.7328,-6.1527
302448.4024,527502,124,-0.0396,-0.1816,0.9653,-3.0687,5.2061,-7.2519
302448.4024,527512,124,-0.0334,-0.2031,0.9868,-6.3359,0.8092,-7.5115
302448.4024,527522,124,0.0215,-0.2295,1.0596,-6.6718,-3.2061,-7.5115
302448.4024,527532,124,0.0444,-0.2251,1.1082,-4.3969,-0.2901,-6.7939
302448.4024,527542,124,0.0396,-0.2166,1.0903,-5.1603,5.1298,-4.6565
302448.4633,527552,125,0.0420,-0.2500,1.0779,-6.0611,9.2061,-3.6336
302448.4633,527562,125,0.0122,-0.1953,1.0613,-0.1069,14.0153,-4.2748
302448.4633,527572,125,-0.0244,-0.1624,1.0300,2.2137,17.4809,-4.9313
302448.4633,527582,125,-0.0410,-0.1453,1.0059,-1.7557,16.9466,-5.0687
302448.4633,527592,125,-0.0391,-0.1692,0.9875,-8.1069,14.8550,-6.0153
302448.4633,527602,125,-0.0100,-0.1963,0.9824,-10.9618,11.5267,-8.1679
302448.4633,527612,125,0.0554,-0.2205,1.0366,-12.7939,7.3130,-9.1603
302448.4633,527622,125,0.1265,-0.2078,1.1387,-14.4580,7.9847,-9.4962
302448.4633,527632,125,0.1838,-0.1797,1.2107,-20.2290,13.2977,-8.8855
302448.4633,527642,125,0.2312,-0.2305,1.2930,-36.6565,17.0229,-6.7634
302448.5832,527652,126,0.3467,-0.2759,1.3928,-57.1450,24.0611,0.3359
302448.5832,527662,126,0.2693,-0.3328,1.3862,-75.2672,42.4122,13.3282
302448.5832,527672,126,0.2771,-0.3176,1.3052,-84.0458,52.7634,25.4809
302448.5832,527682,126,0.2329,-0.3396,1.0667,-87.3130,63.7557,33.3282
302448.5832,527692,126,0.1545,-0.4390,0.8635,-80.5191,73.0076,27.8473
302448.5832,527702,126,0.0842,-0.5774,0.8408,-65.4351,63.9237,14.7328
302448.5832,527712,126,0.1250,-0.6514,0.9336,-46.9466,43.6489,16.1374
302448.5832,527722,126,0.1919,-0.6992,1.1604,-32.3206,24.4122,24.2748
302448.5832,527732,126,0.3091,-0.7261,1.3413,-20.3053,9.4198,34.3664
302448.5832,527742,126,0.3137,-0.6340,1.4741,-9.5878,13.1145,44.0458
302448.7024,527752,127,0.2917,-0.5500,1.4790,-12.1985,20.0305,51.4809
302448.7024,527762,127,0.2361,-0.4880,1.3960,-25.7099,29.1450,54.9618
302448.7024,527772,127,0.1829,-0.4971,1.3289,-37.1603,34.2137,53.7557
302448.7024,527782,127,0.1890,-0.4705,1.2546,-50.3969,24.9466,49.3588
302448.7024,527792,127,0.1741,-0.4570,1.2139,-66.0611,12.9618,48.5649
302448.7024,527802,127,0.1877,-0.4414,1.1226,-86.4122,-1.0534,48.8244
302448.7024,527812,127,0.0459,-0.4331,1.0552,-106.6718,-12.5191,49.2824
302448.7024,527822,127,0.0601,-0.4150,0.9907,-123.9542,-33.8321,45.3130
302448.7024,527832,127,0.0359,-0.4114,0.9502,-138.8244,-60.8550,41.2672
302448.7024,527842,127,0.0649,-0.4551,0.8762,-158.5344,-94.8550,37.2061
302448.7632,527852,128,0.0476,-0.6450,0.7144,-179.7405,-126.4580,37.2061
302448.7632,527862,128,-0.0132,-0.7449,0.5762,-182.5344,-147.4198,35.9389
302448.7632,527872,128,-0.0591,-0.8484,0.4529,-171.1756,-172.8244,40.9160
302448.7632,527882,128,-0.0874,-0.8557,0.3535,-151.5420,-204.4427,44.5649
302448.7632,527892,128,-0.1553,-0.8132,0.3398,-121.9084,-239.2366,45.7099
302448.7632,527902,128,-0.1646,-0.7168,0.3667,-91.5115,-280.9313,49.9084
302448.7632,527912,128,-0.1401,-0.5862,0.4360,-66.9924,-323.7252,54.5954
302448.7632,527922,128,-0.0225,-0.4509,0.5532,-53.8931,-361.3588,61.8321
302448.7632,527932,128,0.1812,-0.3997,0.6753,-59.6641,-393.0229,70.2748
302448.7632,527942,128,0.3928,-0.4141,0.7844,-71.9542,-406.1069,78.3053
302448.8849,527952,129,0.5066,-0.3940,0.8982,-78.0916,-387.0992,76.9618
302448.8849,527962,129,0.6401,-0.4385,0.9873,-91.5420,-353.3893,69.8626
302448.8849,527972,129,0.7000,-0.5339,0.9700,-117.7863,-299.3740,65.5725
302448.8849,527982,129,0.5203,-0.7766,0.9021,-132.9008,-231.5725,60.8550
302448.8849,527992,129,0.3750,-0.8472,0.9028,-108.9313,-188.7328,54.3359
302448.8849,528002,129,0.3965,-0.7881,0.9055,-76.3969,-175.9542,53.0840
302448.8849,528012,129,0.4263,-0.7397,0.8926,-64.3359,-170.2748,54.1374
302448.8849,528022,129,0.4089,-0.7183,0.8911,-61.6031,-162.4733,54.7176
302448.8849,528032,129,0.4087,-0.6687,0.8984,-56.6260,-158.1221,56.3969
302448.8849,528042,129,0.4954,-0.6624,0.9038,-59.8626,-158.7939,60.3053
302449.0023,528052,130,0.5142,-0.7131,0.9009,-67.0382,-147.2672,64.2901
302449.0023,528062,130,0.5195,-0.7571,0.8936,-67.2977,-127.8321,65.3893
302449.0023,528072,130,0.6550,-0.8894,0.9255,-68.5344,-116.5954,66.5191
302449.0023,528082,130,0.7827,-1.0315,0.9553,-56.1069,-91.4656,66.0611
302449.0023,528092,130,0.7678,-1.0049,0.9700,-19.7099,-33.7405,53.3893
302449.0023,528102,130,0.5835,-0.9236,0.9473,13.6947,26.7634,44.8244
302449.0023,528112,130,0.4006,-0.8772,0.9409,29.9084,59.6947,53.4198
302449.0023,528122,130,0.3125,-0.8242,0.8953,36.2290,80.7786,66.4733
302449.0023,528132,130,0.1177,-0.7737,0.8083,43.1450,110.4122,74.0153
302449.0023,528142,130,0.0679,-0.7737,0.7725,52.9771,119.1908,73.4046
302449.0635,528152,131,0.2048,-0.7078,0.8579,59.1298,102.4122,84.4275
302449.0635,528162,131,0.1758,-0.6653,0.8987,50.9618,107.3435,93.5573
302449.0635,528172,131,0.1228,-0.6201,0.9121,45.0992,121.4809,91.2519
302449.0635,528182,131,0.0933,-0.5706,0.8792,43.5725,135.1908,81.3282
302449.0635,528192,131,-0.0610,-0.5105,0.8230,39.5420,160.2137,67.9695
302449.0635,528202,131,-0.2114,-0.4565,0.8042,33.0687,176.8550,56.5344
302449.0635,528212,131,-0.1616,-0.5178,0.7712,0.0153,157.3588,43.0992
302449.0635,528222,131,-0.1946,-0.7261,0.6619,-47.6489,124.7634,43.5725
302449.0635,528232,131,-0.2207,-0.9387,0.5901,-70.3359,94.5038,54.5496
302449.0635,528242,131,-0.1338,-1.0737,0.5764,-55.6794,70.7176,63.0992
302449.1830,528252,132,-0.0271,-1.1604,0.5425,-14.4427,65.3435,64.3511
302449.1830,528262,132,-0.0940,-1.0901,0.5659,39.1298,83.0840,63.9084
302449.1830,528272,132,-0.0981,-0.9590,0.6243,70.5649,86.3511,69.6947
302449.1830,528282,132,-0.0415,-0.8975,0.6487,82.0763,78.4427,78.8244
302449.1830,528292,132,-0.0801,-0.7737,0.6355,91.7099,78.9008,88.3206
302449.1830,528302,132,-0.1455,-0.6213,0.6567,93.6794,71.2061,98.5038
302449.1830,528312,132,-0.1145,-0.5474,0.6658,87.4046,51.4962,103.6183
302449.1830,528322,132,-0.1304,-0.4399,0.6521,83.2061,43.0687,106.4427
302449.1830,528332,132,-0.1670,-0.3542,0.7107,73.5573,39.3130,107.4962
302449.1830,528342,132,-0.0303,-0.4404,0.7710,56.7023,29.0992,106.0763
302449.3031,528352,133,0.0146,-0.4678,0.7971,60.6565,39.7252,101.3130
302449.3031,528362,133,-0.1213,-0.3899,0.7710,70.8092,63.7099,94.8244
302449.3031,528372,133,-0.1895,-0.3511,0.7185,67.2672,67.9847,87.4962
302449.3031,528382,133,-0.2300,-0.3625,0.6599,61.5267,60.2595,81.0382
302449.3031,528392,133,-0.2595,-0.3489,0.6401,60.6565,51.4809,74.2443
302449.3031,528402,133,-0.2942,-0.3271,0.6111,59.8168,40.5191,67.6947
302449.3031,528412,133,-0.3342,-0.3323,0.5950,54.4885,20.5038,61.0382
302449.3031,528422,133,-0.2988,-0.3665,0.6064,45.3893,-10.7023,56.2443
302449.3031,528432,133,-0.1011,-0.4219,0.7427,41.5878,-36.4427,51.6031
302449.3031,528442,133,0.0759,-0.4475,0.8860,53.3740,-30.2748,46.8397
302449.4230,528452,134,-0.0107,-0.3970,0.9111,69.1756,4.2901,42.2748
302449.4230,528462,134,-0.0730,-0.4321,0.8850,67.0992,28.9771,36.0305
302449.4230,528472,134,0.0837,-0.2568,1.1240,60.6565,39.4656,34.1679
302449.4230,528482,134,0.0095,-0.0500,1.2590,-11.1603,51.3740,67.0534
302449.4230,528492,134,-0.2534,-0.7297,0.7705,-86.2901,73.5420,61.4656
302449.4230,528502,134,0.2817,-0.8926,0.9575,-23.0687,87.1603,14.5802
302449.4230,528512,134,-0.5410,-0.5276,0.8438,25.2519,126.1985,40.1832
302449.4230,528522,134,-0.2913,-0.4883,0.7634,13.8168,74.7634,55.6336
302449.4230,528532,134,-0.4011,-0.5349,0.6567,18.2595,49.2824,45.4504
302449.4230,528542,134,-0.2761,-0.6404,0.5940,32.4580,28.8397,39.6489
302449.4845,528552,135,-0.2290,-0.6731,0.6433,51.2519,22.4885,39.9542
302449.4845,528562,135,-0.1846,-0.6455,0.7153,66.0458,16.8397,45.3740
302449.4845,528572,135,-0.2312,-0.5862,0.7466,71.0076,12.2443,54.4275
302449.4845,528582,135,-0.2651,-0.5278,0.7576,68.3359,9.4198,57.3740
302449.4845,528592,135,-0.2441,-0.4778,0.7703,63.1298,11.2672,55.2672
302449.4845,528602,135,-0.2815,-0.4302,0.7625,56.7328,19.3282,53.8626
302449.4845,528612,135,-0.3169,-0.4290,0.7617,45.9084,27.5115,48.1527
302449.4845,528622,135,-0.3064,-0.4390,0.7878,34.8702,31.4656,40.4122
302449.4845,528632,135,-0.3210,-0.4226,0.7805,26.6260,32.4427,34.9924
302449.4845,528642,135,-0.3328,-0.4058,0.7605,21.2519,33.2214,31.5878
302449.6031,528652,136,-0.3560,-0.3140,0.8149,18.6718,36.1221,28.3053
302449.6031,528662,136,-0.4106,-0.3899,0.6658,9.9542,36.9313,21.5725
302449.6031,528672,136,-0.2329,-0.3335,0.8540,19.6489,31.2977,7.4656
302449.6031,528682,136,-0.0959,-0.2805,0.9177,10.8855,47.5115,5.3130
302449.6031,528692,136,-0.1685,-0.3086,0.9158,-1.0382,77.9542,14.3053
302449.6031,528702,136,-0.3210,-0.3359,0.8770,-1.2214,91.7863,18.5954
302449.6031,528712,136,-0.3984,-0.3042,0.8303,-0.4427,81.4504,10.9008
302449.6031,528722,136,-0.5762,-0.3552,0.7871,-1.8015,62.8550,-0.8397
302449.6031,528732,136,-0.4927,-0.3162,0.7939,1.3282,40.7328,6.8397
302449.6031,528742,136,-0.4407,-0.3452,0.7827,-2.4275,29.6336,18.1374
302449.6633,528752,137,-0.4265,-0.4043,0.7427,-4.9313,29.2977,24.3817
302449.6633,528762,137,-0.4766,-0.3779,0.7224,-3.6489,39.3740,22.1069
302449.6633,528772,137,-0.4907,-0.4182,0.7119,0.5038,47.9847,13.2977
302449.6633,528782,137,-0.4443,-0.4363,0.7427,13.3282,55.1756,3.7863
302449.6633,528792,137,-0.4375,-0.3960,0.8086,18.3359,65.6489,-6.2137
302449.6633,528802,137,-0.4695,-0.4280,0.7849,10.9313,77.1756,-24.4733
302449.6633,528812,137,-0.5029,-0.4365,0.7102,6.1985,86.7939,-29.4351
302449.6633,528822,137,-0.5554,-0.3762,0.6953,3.3282,91.9695,-26.5649
302449.6633,528832,137,-0.5730,-0.3467,0.7192,-6.1527,90.2748,-28.5649
302449.6633,528842,137,-0.5659,-0.3533,0.7122,-17.3435,88.1679,-30.6870
302449.7846,528852,138,-0.6433,-0.3379,0.7009,-28.2748,90.7634,-30.9008
302449.7846,528862,138,-0.5950,-0.4343,0.6528,-37.3282,78.5344,-29.9389
302449.7846,528872,138,-0.5405,-0.5383,0.6697,-39.7252,69.4809,-26.9771
302449.7846,528882,138,-0.5510,-0.6135,0.6858,-39.1603,72.6412,-25.6031
302449.7846,528892,138,-0.5464,-0.6389,0.6421,-34.7328,71.2366,-24.1527
302449.7846,528902,138,-0.5659,-0.5906,0.6453,-28.0305,71.5267,-21.3893
302449.7846,528912,138,-0.6270,-0.4731,0.6790,-18.5038,71.1298,-19.8626
302449.7846,528922,138,-0.5916,-0.3872,0.6697,-14.1832,59.1603,-14.5954
302449.7846,528932,138,-0.5688,-0.3650,0.6243,-16.9924,50.2137,-5.7405
302449.7846,528942,138,-0.5779,-0.3662,0.5991,-20.3053,48.8092,1.1298
302449.9033,528952,139,-0.6089,-0.3794,0.5671,-22.8092,44.3817,6.0916
302449.9033,528962,139,-0.6790,-0.2805,0.5498,-23.5267,37.2061,7.7863
302449.9033,528972,139,-0.7446,-0.2432,0.5139,-27.5115,27.6947,1.3435
302449.9033,528982,139,-0.7322,-0.3384,0.4995,-32.8397,13.6947,-10.0153
302449.9033,528992,139,-0.6990,-0.4614,0.5017,-38.4122,-1.1450,-17.0840
302449.9033,529002,139,-0.6733,-0.4866,0.5142,-41.5878,-14.1679,-19.9084
302449.9033,529012,139,-0.5754,-0.4692,0.5444,-43.2824,-25.2824,-19.3740
302449.9033,529022,139,-0.5398,-0.4302,0.5691,-47.6489,-26.1069,-15.9695
302449.9033,529032,139,-0.5588,-0.4412,0.5513,-56.6412,-14.7023,-18.0916
302449.9033,529042,139,-0.5503,-0.5002,0.5576,-65.1756,-7.1298,-21.4656
302449.9634,529052,140,-0.5510,-0.5793,0.5432,-70.2290,-3.9389,-22.7481
302449.9634,529062,140,-0.5449,-0.6440,0.5215,-69.6183,-4.3206,-23.9084
302449.9634,529072,140,-0.5378,-0.7087,0.4807,-64.7328,-4.2748,-25.0229
302449.9634,529082,140,-0.5352,-0.8835,0.3787,-55.7099,1.6947,-26.9008
302449.9634,529092,140,-0.5928,-1.0620,0.3481,-41.5267,28.1069,-37.5878
302449.9634,529102,140,-0.6147,-1.0120,0.4136,-24.3664,53.4504,-57.0534
302449.9634,529112,140,-0.6177,-0.9753,0.4778,-12.3511,62.9618,-68.4275
302449.9634,529122,140,-0.5359,-0.8682,0.4775,3.2824,61.8626,-74.5191
302449.9634,529132,140,-0.8530,-0.9011,0.5625,24.8550,57.8321,-80.5649
302449.9634,529142,140,-0.7319,-0.4971,0.6243,83.2824,-8.1679,-15.8626
302450.0830,529152,141,-0.6519,-0.0586,0.4375,106.3969,-62.2290,53.6489
302450.0830,529162,141,-0.6885,-0.0095,0.4792,79.8626,-64.4275,40.8702
302450.0830,529172,141,-0.7019,-0.3113,0.3252,50.8244,-81.6794,22.2290
302450.0830,529182,141,-0.6221,-0.4644,0.3723,46.6260,-97.4198,7.5420
302450.0830,529192,141,-0.5984,-0.4963,0.4788,43.4962,-102.9466,1.1756
302450.0830,529202,141,-0.5896,-0.4912,0.5820,37.6947,-105.4351,-3.4809
302450.0830,529212,141,-0.5686,-0.5295,0.6504,32.3511,-110.6870,-9.7099
302450.0830,529222,141,-0.5300,-0.5938,0.6543,27.4809,-119.9847,-13.4504
302450.0830,529232,141,-0.4792,-0.6582,0.6604,24.9466,-130.3206,-11.8168
302450.0830,529242,141,-0.4006,-0.7000,0.6782,24.8244,-138.8092,-6.8855
302450.2033,529252,142,-0.3733,-0.6985,0.6965,24.7634,-138.1221,3.9084
302450.2033,529262,142,-0.3652,-0.5947,0.6934,19.5573,-136.4580,19.1450
302450.2033,529272,142,-0.3582,-0.4768,0.7454,8.2748,-130.0763,29.7099
302450.2033,529282,142,-0.3625,-0.4297,0.7837,-11.3893,-119.3435,37.8321
302450.2033,529292,142,-0.3599,-0.3799,0.7671,-34.5344,-105.8779,47.1756
302450.2033,529302,142,-0.3999,-0.3391,0.7153,-55.3435,-85.8779,50.6565
302450.2033,529312,142,-0.4302,-0.3301,0.7158,-67.3435,-69.1450,46.7939
302450.2033,529322,142,-0.4243,-0.3459,0.7336,-69.9237,-58.0916,40.5802
302450.2033,529332,142,-0.4622,-0.2656,0.7456,-68.2748,-46.6412,31.5878
302450.2033,529342,142,-0.5476,-0.2307,0.7524,-71.5878,-40.9313,18.7023
302450.2636,529352,143,-0.5483,-0.2651,0.7258,-78.3664,-46.8550,2.1374
302450.2636,529362,143,-0.5635,-0.2644,0.7212,-84.3511,-54.8244,-16.5038
302450.2636,529372,143,-0.5127,-0.2847,0.6975,-93.9237,-69.5725,-30.6412
302450.2636,529382,143,-0.5173,-0.2656,0.6392,-106.7023,-78.5496,-43.9542
302450.2636,529392,143,-0.5007,-0.1985,0.6797,-130.3511,-86.7481,-61.3282
302450.2636,529402,143,-0.1897,-0.1516,0.7197,-168.9008,-67.9237,-95.8168
302450.2636,529412,143,-0.0383,-0.2783,0.8032,-222.3053,-40.5649,-92.3817
302450.2636,529422,143,-0.3518,-0.4023,0.6040,-306.8550,-40.1527,-20.6870
302450.2636,529432,143,0.0588,-0.9133,0.5078,-355.4962,-50.8397,24.5344
302450.2636,529442,143,-0.1028,-0.9346,0.5330,-308.4275,4.1679,-5.0687
302450.4422,529452,144,-0.1152,-1.1482,0.4663,-244.5191,29.4809,-23.1756
302450.4422,529462,144,-0.1204,-1.5615,0.2898,-162.2748,49.2214,-39.2824
302450.4422,529472,144,-0.1890,-1.5769,0.1492,-30.8397,75.7252,-68.9618
302450.4422,529482,144,-0.3794,-1.4272,0.1467,107.0229,89.5115,-97.7405
302450.4422,529492,144,-0.3694,-1.1997,0.1118,214.5038,73.5420,-109.3435
302450.4422,529502,144,-0.4331,-0.8606,0.1675,295.8931,54.2748,-107.6794
302450.4422,529512,144,-0.4099,-0.5686,0.2354,339.2672,30.4122,-97.9389
302450.4422,529522,144,-0.3970,-0.2610,0.3210,354.3664,12.0916,-88.7634
302450.4422,529532,144,-0.4688,0.0010,0.3965,342.6412,-2.3511,-80.6565
302450.4422,529542,144,-0.5344,0.1802,0.4424,306.8702,-25.2061,-74.0458
302450.5034,529552,145,-0.6108,0.3391,0.5098,257.2214,-57.1450,-70.1527
302450.5034,529562,145,-0.5806,0.4392,0.6011,196.4427,-98.5344,-72.6412
302450.5034,529572,145,-0.4714,0.4597,0.6804,131.8168,-138.7023,-94.2137
302450.5034,529582,145,-0.3811,0.4182,0.7112,69.1756,-171.2214,-114.2443
302450.5034,529592,145,-0.2222,0.3210,0.7258,4.8092,-193.4504,-134.6412
302450.5034,529602,145,0.0830,0.1304,0.8462,-66.1985,-220.3511,-147.5115
302450.5034,529612,145,0.3875,-0.2114,0.8894,-142.5649,-257.3893,-134.7634
302450.5034,529622,145,0.5396,-0.7227,0.7878,-195.1908,-263.9847,-125.7099
302450.5034,529632,145,0.7966,-1.4233,0.7490,-196.3817,-246.6260,-146.9618
302450.5034,529642,145,1.0813,-1.6570,0.6650,-109.5420,-173.3588,-213.4351
302450.6229,529652,146,0.8352,-1.5349,0.7112,9.6183,-58.1679,-264.2595
302450.6229,529662,146,0.4084,-1.1602,0.7559,98.0916,22.5191,-256.1374
302450.6229,529672,146,0.1260,-0.7646,0.7285,144.2290,50.5344,-217.2366
302450.6229,529682,146,-0.0071,-0.4189,0.7190,154.1221,50.3969,-184.2595
302450.6229,529692,146,-0.0872,-0.1685,0.7083,131.0382,34.9466,-159.1145
302450.6229,529702,146,-0.0583,-0.0547,0.6895,85.1145,10.0305,-137.9084
302450.6229,529712,146,0.0735,0.0076,0.7483,37.1298,-13.0840,-121.9695
302450.6229,529722,146,0.2246,0.0359,0.8599,-3.3740,-22.5038,-110.8702
302450.6229,529732,146,0.3303,-0.0378,0.9180,-34.9618,-14.3969,-110.5954
302450.6229,529742,146,0.4846,-0.2305,0.8967,-63.6183,-0.6412,-119.2061
302450.6837,529752,147,0.6038,-0.5178,0.8142,-84.0763,23.0229,-132.9924
302450.6837,529762,147,0.5234,-0.7209,0.7646,-81.7710,67.1298,-150.7023
302450.6837,529772,147,0.3867,-0.7837,0.7417,-59.8321,87.8168,-164.9924
302450.6837,529782,147,0.3286,-0.7444,0.7354,-34.8397,74.7634,-160.0153
302450.6837,529792,147,0.3252,-0.6833,0.7153,-10.1374,49.9542,-150.8397
302450.6837,529802,147,0.2859,-0.5752,0.7266,13.5573,36.5038,-148.4733
302450.6837,529812,147,0.3616,-0.5251,0.8188,22.1221,22.3359,-147.7863
302450.6837,529822,147,0.6833,-0.6577,0.9688,10.9008,-0.8092,-144.1069
302450.6837,529832,147,0.8323,-0.8503,1.0603,3.4962,4.3969,-134.3969
302450.6837,529842,147,0.8394,-0.9233,1.1189,12.9160,29.8473,-130.5649
302450.8632,529852,148,0.8223,-0.9333,1.1406,24.4122,50.7481,-120.7023
302450.8632,529862,148,0.7368,-0.8811,1.0989,34.7481,67.4656,-104.6412
302450.8632,529872,148,0.5737,-0.7666,1.0237,39.9847,74.9924,-90.6260
302450.8632,529882,148,0.4888,-0.6125,0.9761,36.5954,65.7557,-82.1069
302450.8632,529892,148,0.4509,-0.5071,0.9258,20.4427,45.4962,-77.1145
302450.8632,529902,148,0.4404,-0.5330,0.9312,-5.0840,24.9160,-75.4962
302450.8632,529912,148,0.4795,-0.6118,0.9207,-26.0611,9.0840,-74.7023
302450.8632,529922,148,0.5039,-0.6882,0.9258,-28.2443,-0.0305,-75.2977
302450.8632,529932,148,0.5654,-0.7717,0.9768,-19.7405,-9.6641,-79.0687
302450.8632,529942,148,0.6531,-0.8049,1.0444,-8.5344,-16.5954,-77.7557
302450.8659,529952,149,0.6440,-0.7678,1.0825,3.8168,-12.1527,-70.5191
302450.8659,529962,149,0.5835,-0.6692,1.0835,12.7634,-5.6183,-62.5802
302450.8659,529972,149,0.5310,-0.5525,1.0942,11.7710,-3.6794,-55.1603
302450.8659,529982,149,0.5432,-0.4495,1.1028,-1.5878,-7.0992,-46.2443
302450.8659,529992,149,0.5251,-0.3799,1.1274,-20.6870,-4.7328,-36.7023
302450.8659,530002,149,0.5212,-0.3218,1.1499,-40.3359,-2.4733,-32.4427
302450.8659,530012,149,0.5522,-0.3416,1.1340,-64.0305,-1.6031,-32.4275
302450.8659,530022,149,0.5740,-0.4778,1.1025,-86.8702,6.3817,-36.5954
302450.8659,530032,149,0.5447,-0.6550,1.0586,-95.4656,18.7481,-45.1908
302450.8659,530042,149,0.5264,-0.7715,1.0337,-80.9466,25.9695,-52.9466
302450.9826,530052,150,0.4949,-0.7659,1.0098,-54.0153,26.3359,-56.5802
302450.9826,530062,150,0.4463,-0.6809,0.9919,-32.0763,24.3664,-54.9313
302450.9826,530072,150,0.3916,-0.5552,0.9580,-26.7939,22.5038,-48.6107
302450.9826,530082,150,0.3201,-0.4619,0.9260,-39.8473,20.7023,-40.2443
302450.9826,530092,150,0.3088,-0.4314,0.8970,-66.1069,10.2748,-33.4046
302450.9826,530102,150,0.3425,-0.4810,0.8711,-96.0916,-1.0534,-29.2519
302450.9826,530112,150,0.4280,-0.6038,0.8704,-116.9618,-6.3969,-29.3893
302450.9826,530122,150,0.5332,-0.7354,0.8721,-119.2824,-2.1221,-32.2290
302450.9826,530132,150,0.5903,-0.8164,0.8696,-102.1985,14.0611,-38.4122
302450.9826,530142,150,0.5952,-0.8264,0.8269,-75.8321,34.7634,-44.5191
302451.1023,530152,151,0.5090,-0.7373,0.7639,-48.7023,55.8321,-43.8626
302451.1023,530162,151,0.4089,-0.5945,0.6855,-31.3893,66.9313,-39.9084
302451.1023,530172,151,0.3105,-0.4507,0.6062,-31.4809,65.6947,-36.1374
302451.1023,530182,151,0.2373,-0.3352,0.5527,-46.2443,52.7176,-33.1298
302451.1023,530192,151,0.2175,-0.3560,0.4883,-71.6031,32.9466,-32.4733
302451.1023,530202,151,0.2688,-0.5002,0.4448,-93.4046,15.0382,-38.7634
302451.1023,530212,151,0.3213,-0.7075,0.4292,-96.1374,7.5267,-51.6489
302451.1023,530222,151,0.3977,-0.8684,0.4683,-75.5267,5.6031,-60.2443
302451.1023,530232,151,0.5598,-0.9209,0.5657,-38.4275,3.9084,-61.2977
302451.1023,530242,151,0.6709,-0.8621,0.6609,-4.7786,9.2366,-56.9618
302451.1619,530252,152,0.6589,-0.7339,0.6973,10.7786,22.9924,-48.1832
302451.1619,530262,152,0.5586,-0.5935,0.6792,7.4198,29.8015,-39.2977
302451.1619,530272,152,0.4636,-0.4802,0.6680,-8.0611,24.7481,-33.0534
302451.1619,530282,152,0.4412,-0.4009,0.6697,-28.6107,11.1908,-29.3588
302451.1619,530292,152,0.4778,-0.4426,0.6577,-48.8702,2.0000,-27.3130
302451.1619,530302,152,0.4995,-0.5908,0.6223,-56.6870,4.8702,-33.0382
302451.1619,530312,152,0.4907,-0.8169,0.5586,-42.1985,14.9618,-46.7939
302451.1619,530322,152,0.4995,-0.9033,0.5952,-2.1374,28.5038,-62.8550
302451.1619,530332,152,0.6431,-0.9050,0.6892,40.7023,38.6718,-65.4046
302451.1619,530342,152,0.6721,-0.8335,0.7158,73.6641,52.5954,-52.4427
302451.2838,530352,153,0.5969,-0.6201,0.7620,97.5115,64.9924,-37.3130
302451.2838,530362,153,0.5425,-0.4314,0.7585,98.3511,67.4809,-24.8550
302451.2838,530372,153,0.5083,-0.3669,0.7246,80.4275,65.9084,-18.4427
302451.2838,530382,153,0.4375,-0.3926,0.6772,61.4046,65.9237,-20.8397
302451.2838,530392,153,0.4016,-0.5044,0.6484,53.2214,59.0534,-27.0840
302451.2838,530402,153,0.4070,-0.5249,0.6816,67.0534,52.4122,-32.8702
302451.2838,530412,153,0.4324,-0.4348,0.7527,94.0763,50.5802,-35.3588
302451.2838,530422,153,0.4404,-0.2876,0.7922,114.9008,46.9618,-41.0076
302451.2838,530432,153,0.4924,-0.1431,0.8511,114.7634,41.4809,-48.5802
302451.2838,530442,153,0.5234,-0.0906,0.8828,91.7252,40.1069,-50.7023
302451.4032,530452,154,0.5427,-0.1226,0.9199,59.5725,37.6489,-51.6947
302451.4032,530462,154,0.6118,-0.2310,0.8867,31.4046,30.8855,-50.5038
302451.4032,530472,154,0.5547,-0.2688,0.8452,18.0458,38.7939,-53.8779
302451.4032,530482,154,0.5020,-0.3516,0.7700,14.0153,47.6489,-59.9389
302451.4032,530492,154,0.4587,-0.4360,0.7073,22.1374,48.2290,-61.2672
302451.4032,530502,154,0.4084,-0.4431,0.6790,37.6641,40.7328,-59.9389
302451.4032,530512,154,0.4104,-0.3579,0.6604,51.2366,20.7176,-51.5573
302451.4032,530522,154,0.4409,-0.2444,0.6890,53.7710,-4.4885,-42.8244
302451.4032,530532,154,0.4895,-0.2041,0.6919,44.5649,-31.8626,-37.5115
302451.4032,530542,154,0.5879,-0.2253,0.7644,34.9924,-61.2061,-35.8321
302451.4623,530552,155,0.7180,-0.3162,0.8347,24.0000,-90.1985,-32.4427
302451.4623,530562,155,0.7156,-0.3474,0.7954,15.3282,-103.8779,-26.2595
302451.4623,530572,155,0.6182,-0.3328,0.6992,4.4275,-114.5344,-20.9466
302451.4623,530582,155,0.5962,-0.3875,0.5908,-7.7710,-136.5649,-27.1298
302451.4623,530592,155,0.6660,-0.4048,0.6519,-13.2824,-172.8244,-18.3511
302451.4623,530602,155,1.5044,-1.6116,1.6531,21.7405,-199.6947,24.1679
302451.4623,530612,155,1.4729,0.6470,1.4597,262.9313,-86.4580,-4.5344
302451.4623,530622,155,1.1548,-0.0259,1.0237,75.5267,25.1756,-35.5267
302451.4623,530632,155,0.3948,-0.4966,1.1384,-31.1298,70.8855,-2.0916
302451.4623,530642,155,0.8196,-0.2656,0.9695,5.2977,7.0840,-8.1069
302451.5822,530652,156,0.8279,-0.1572,0.9890,5.4046,2.4733,2.4275
302451.5822,530662,156,0.7847,-0.1206,0.9441,-11.4198,14.6107,12.7481
302451.5822,530672,156,0.9116,-0.2415,1.2246,-19.4046,24.3969,15.3282
302451.5822,530682,156,1.1384,-0.3254,1.2908,8.3817,40.7023,4.5954
302451.5822,530692,156,1.4329,0.4023,0.9165,29.1756,68.9924,-7.4656
302451.5822,530702,156,0.6152,-1.0334,0.4329,-41.3435,141.0687,56.1527
302451.5822,530712,156,0.6506,-0.4402,0.8574,64.2901,131.0687,22.9008
302451.5822,530722,156,0.9297,-0.4614,1.0195,89.9847,84.7328,9.0229
302451.5822,530732,156,0.7070,-0.5198,0.8333,76.6260,98.8244,43.8015
302451.5822,530742,156,0.4688,-0.2898,0.8503,84.1069,101.5878,55.0992
302451.7020,530752,157,0.6121,-0.2368,0.9534,73.4351,63.0076,65.8931
302451.7020,530762,157,0.8608,-0.1843,1.0977,56.1374,30.3359,80.0763
302451.7020,530772,157,1.0239,-0.1206,1.2434,30.9008,27.7252,91.2672
302451.7020,530782,157,1.0891,-0.1514,1.2708,-3.5267,42.6107,99.4656
302451.7020,530792,157,1.0781,-0.2239,1.2310,-33.0076,59.8931,100.0916
302451.7020,530802,157,0.9956,-0.3806,1.1436,-58.1374,74.4580,98.1985
302451.7020,530812,157,0.9121,-0.5010,1.0474,-76.2901,81.7252,102.8855
302451.7020,530822,157,0.7720,-0.6042,0.9292,-89.9847,83.5420,117.1603
302451.7020,530832,157,0.6309,-0.5693,0.8586,-98.4275,77.9542,137.1450
302451.7020,530842,157,0.5542,-0.5203,0.8301,-109.9695,61.5573,161.9389
302451.7618,530852,158,0.5623,-0.4260,0.8320,-123.9084,38.6107,182.0153
302451.7618,530862,158,0.5693,-0.3276,0.8293,-145.3130,20.8244,197.2824
302451.7618,530872,158,0.5466,-0.3564,0.7024,-176.0305,6.2748,203.9237
302451.7618,530882,158,0.6106,-0.5876,0.8052,-199.7099,-19.0382,197.4198
302451.7618,530892,158,0.6853,-0.8662,0.7485,-208.7176,-37.8779,189.9084
302451.7618,530902,158,0.5427,-0.9758,0.7068,-184.9160,-30.3969,190.0916
302451.7618,530912,158,0.4705,-0.9758,0.6702,-144.9466,-42.3817,182.6260
302451.7618,530922,158,0.3735,-0.7834,0.6311,-106.0153,-62.1985,178.4733
302451.7618,530932,158,0.2576,-0.6262,0.5806,-86.5496,-78.7023,173.2824
302451.7618,530942,158,0.2429,-0.5432,0.5403,-87.4656,-102.7328,166.9618
302451.8847,530952,159,0.2871,-0.5286,0.5203,-96.9160,-127.1908,162.2290
302451.8847,530962,159,0.2991,-0.5776,0.5229,-107.2672,-141.9542,153.4198
302451.8847,530972,159,0.2627,-0.6904,0.5049,-112.9160,-146.6107,142.9618
302451.8847,530982,159,0.2322,-0.7766,0.5386,-109.3130,-153.2519,135.8015
302451.8847,530992,159,0.2605,-0.8191,0.5835,-99.9847,-168.4275,133.8779
302451.8847,531002,159,0.2966,-0.7712,0.6243,-85.5573,-172.8092,133.4351
302451.8847,531012,159,0.2520,-0.6921,0.6179,-74.1527,-160.6260,131.1756
302451.8847,531022,159,0.2068,-0.7007,0.5913,-70.6870,-145.8321,123.6183
302451.8847,531032,159,0.2327,-0.7773,0.5623,-66.9618,-137.5573,112.6260
302451.8847,531042,159,0.1541,-0.8164,0.5386,-56.8397,-125.2214,102.8397
302452.0032,531052,160,0.0334,-0.8235,0.5559,-42.9313,-117.8473,97.7863
302452.0032,531062,160,0.0142,-0.7942,0.6042,-29.8931,-123.9542,100.8244
302452.0032,531072,160,0.0432,-0.7092,0.6802,-19.9389,-136.1221,111.1908
302452.0032,531082,160,0.0801,-0.6511,0.7485,-17.7710,-146.8244,123.0534
302452.0032,531092,160,0.1287,-0.5752,0.8027,-19.5725,-152.9771,136.1832
302452.0032,531102,160,0.1721,-0.5356,0.8335,-23.8015,-148.4122,141.5115
302452.0032,531112,160,0.1812,-0.5935,0.8381,-28.9160,-134.4580,136.5038
302452.0032,531122,160,0.1790,-0.6516,0.8372,-24.3359,-118.0153,130.1374
302452.0032,531132,160,0.1560,-0.7185,0.8547,-8.6107,-103.1908,123.4046
302452.0032,531142,160,0.0767,-0.6724,0.9036,17.5725,-90.0305,114.6870
302452.0634,531152,161,0.0244,-0.5483,0.9602,45.6336,-86.9771,108.5496
302452.0634,531162,161,0.0754,-0.4004,1.0100,65.2214,-93.0840,103.4351
302452.0634,531172,161,0.1323,-0.2141,1.0500,73.3282,-97.2061,99.5420
302452.0634,531182,161,0.1279,-0.0823,1.0439,66.0153,-88.7023,95.7710
302452.0634,531192,161,0.1257,-0.0566,0.9827,49.3130,-76.3511,89.5267
302452.0634,531202,161,0.0710,-0.1536,0.8789,30.6870,-60.2595,79.3740
302452.0634,531212,161,-0.0166,-0.2993,0.7517,19.1603,-46.4733,67.3893
302452.0634,531222,161,-0.0537,-0.4092,0.6777,20.7328,-48.0916,55.5725
302452.0634,531232,161,-0.0535,-0.5176,0.6372,30.1069,-59.0687,47.3435
302452.0634,531242,161,0.0171,-0.5833,0.6270,45.7252,-75.8321,43.1450
302452.1821,531252,162,0.1001,-0.5649,0.6631,64.3511,-90.4733,41.4809
302452.1821,531262,162,0.2163,-0.5066,0.7617,78.1374,-98.4733,41.8321
302452.1821,531272,162,0.4548,-0.3860,0.9482,84.5344,-104.7939,46.5038
302452.1821,531282,162,0.3162,-0.1101,1.0894,110.4580,-83.6489,38.9924
302452.1821,531292,162,0.7100,0.0625,1.4536,118.7023,-74.0153,3.4962
302452.1821,531302,162,0.4797,-0.0151,1.0583,64.2748,-37.8168,17.8931
302452.1821,531312,162,0.0190,-0.0100,0.9927,18.6412,12.0458,12.5649
302452.1821,531322,162,-0.0696,-0.0156,0.8447,-16.5038,-6.5344,15.0382
302452.1821,531332,162,-0.0737,-0.2415,0.7222,-71.6489,-35.0687,27.6794
302452.1821,531342,162,-0.1375,-0.4299,0.5769,-114.3969,-62.2748,44.7786
302452.3034,531352,163,-0.1006,-0.5474,0.4785,-137.6489,-88.3053,56.5802
302452.3034,531362,163,-0.0151,-0.7275,0.5112,-140.7939,-105.8473,53.5420
302452.3034,531372,163,0.2358,-0.8049,0.6987,-131.6031,-125.3130,55.2061
302452.3034,531382,163,0.5359,-0.8242,0.9192,-133.8626,-123.0687,70.3053
302452.3034,531392,163,0.5242,-0.9424,0.8376,-156.8702,-94.9771,93.6336
302452.3034,531402,163,0.3096,-1.0342,0.7129,-167.8931,-59.3893,103.8473
302452.3034,531412,163,0.2236,-1.0178,0.6267,-163.7863,-49.9847,114.5649
302452.3034,531422,163,0.1719,-0.9255,0.5754,-163.5725,-48.2748,125.1298
302452.3034,531432,163,0.0444,-0.8918,0.4893,-176.7634,-45.1756,132.7176
302452.3034,531442,163,0.0044,-0.8789,0.4768,-190.5496,-52.7328,130.9771
302452.4224,531452,164,0.0237,-0.9402,0.3750,-201.5267,-65.9542,121.1756
302452.4224,531462,164,-0.0623,-1.2170,0.2102,-197.8015,-65.5725,100.3206
302452.4224,531472,164,-0.0928,-1.3972,0.1582,-157.4962,-60.7023,72.1221
302452.4224,531482,164,0.0005,-1.3184,0.2283,-97.4504,-80.5496,57.3435
302452.4224,531492,164,0.2014,-1.2048,0.4331,-58.0458,-89.2824,45.6489
302452.4224,531502,164,0.0508,-1.1335,0.3462,-40.0916,-61.3893,42.0000
302452.4224,531512,164,-0.0945,-1.0212,0.2405,-17.0840,-47.1908,28.4275
302452.4224,531522,164,-0.1404,-0.9272,0.2522,-1.4809,-42.3511,11.8015
302452.4224,531532,164,-0.1226,-0.7927,0.2834,-4.3817,-45.8473,7.6183
302452.4224,531542,164,-0.0708,-0.6226,0.3665,-26.5038,-53.7557,12.3206
302452.4854,531552,165,0.0205,-0.4851,0.4231,-57.3130,-66.4580,16.0763
302452.4854,531562,165,-0.0076,-0.6279,0.2612,-97.3282,-56.1527,9.9695
302452.4854,531572,165,-0.0862,-0.7820,0.3774,-130.4275,-3.5573,8.3511
302452.4854,531582,165,0.0352,-0.8035,0.2622,-145.5267,13.0076,26.0611
302452.4854,531592,165,0.0322,-0.8950,0.2168,-151.5267,16.9313,17.7863
302452.4854,531602,165,-0.0303,-0.9941,0.1309,-161.0076,21.4046,11.7252
302452.4854,531612,165,-0.0618,-0.8948,0.1133,-157.8321,17.6794,16.7786
302452.4854,531622,165,-0.0007,-0.8479,0.1375,-159.1908,11.1756,20.0305
302452.4854,531632,165,0.0159,-0.8633,0.1045,-166.8702,12.6260,16.4733
302452.4854,531642,165,0.0039,-0.9487,0.0950,-172.0763,18.3359,6.1069
302452.6031,531652,166,0.0505,-1.0454,0.0803,-168.0153,21.8168,-8.0153
302452.6031,531662,166,0.0579,-0.9980,0.0500,-152.1221,26.6260,-25.6794
302452.6031,531672,166,0.0632,-1.0205,0.0093,-141.6794,29.8779,-42.4580
302452.6031,531682,166,0.0564,-1.1072,-0.0291,-139.5115,37.6641,-56.2290
302452.6031,531692,166,0.1079,-1.3350,-0.0964,-141.3740,39.8168,-59.4351
302452.6031,531702,166,0.1643,-1.3818,0.0093,-129.1603,27.4046,-47.3740
302452.6031,531712,166,0.5066,-0.6704,0.5320,-108.2901,-23.6031,-23.3282
302452.6031,531722,166,0.6597,-0.6006,0.2173,-76.6870,-20.6107,-36.7786
302452.6031,531732,166,0.1479,-0.0894,0.3052,-109.9237,31.4198,-11.9542
302452.6031,531742,166,0.0073,-0.7700,-0.1780,-263.9695,33.2977,61.2061
302452.6639,531752,167,-0.6848,-1.4509,-1.1660,-335.2519,87.6336,98.4427
302452.6639,531762,167,-1.0964,-1.1345,-1.1262,-236.7481,109.9237,36.4580
302452.6639,531772,167,-0.0496,-1.6375,-0.7078,-154.6107,-0.2748,-59.3740
302452.6639,531782,167,0.6714,-1.4971,-0.3789,-47.9237,-63.3893,-42.7328
302452.6639,531792,167,0.7417,-1.4343,-0.2261,-5.4809,-15.9389,-23.5267
302452.6639,531802,167,0.5393,-1.5166,-0.2280,4.8244,75.6947,-31.7405
302452.6639,531812,167,0.3669,-1.6023,-0.3674,28.8092,151.5878,-38.7634
302452.6639,531822,167,0.1489,-1.3860,-0.4592,84.9771,190.0000,-30.2137
302452.6639,531832,167,0.1279,-1.2954,-0.4082,133.0076,184.8092,-30.1069
302452.6639,531842,167,0.1880,-1.3010,-0.3843,161.1603,162.5496,-22.3206
302452.7849,531852,168,0.2180,-1.3713,-0.3059,185.9542,152.3511,-7.3130
302452.7849,531862,168,0.3533,-1.3994,-0.1702,214.5954,145.5878,2.9924
302452.7849,531872,168,0.8083,-1.4939,0.2263,269.0840,123.8626,2.0611
302452.7849,531882,168,0.9121,-1.4885,0.0459,328.8855,160.9160,19.1603
302452.7849,531892,168,0.5151,-1.3945,-0.2603,359.4809,266.1832,35.3435
302452.7849,531902,168,0.0518,-1.1755,-0.3767,370.8092,326.9313,46.4580
302452.7849,531912,168,-0.2126,-1.0723,-0.4121,358.2137,299.7557,61.3435
302452.7849,531922,168,-0.1965,-1.0198,-0.3379,337.1908,215.1756,87.2519
302452.7849,531932,168,-0.1104,-1.0251,-0.2302,316.8092,129.6183,116.4122
302452.7849,531942,168,-0.1174,-0.9602,-0.1606,293.5115,65.1603,137.3588
302452.9033,531952,169,-0.1782,-0.8650,-0.1406,256.2290,15.2672,153.0992
302452.9033,531962,169,-0.3184,-0.8293,-0.1299,211.8015,-24.5038,160.3969
302452.9033,531972,169,-0.4050,-0.7698,-0.0845,172.9618,-76.8550,158.3359
302452.9033,531982,169,-0.4404,-0.7515,-0.0398,142.9771,-125.0534,151.3435
302452.9033,531992,169,-0.4290,-0.7520,0.0254,121.5115,-162.0305,138.6107
302452.9033,532002,169,-0.4290,-0.7212,0.0581,108.9160,-194.9618,130.7634
302452.9033,532012,169,-0.3374,-0.6018,0.1614,104.7023,-229.5573,123.3130
302452.9033,532022,169,-0.1458,-0.5010,0.3323,101.4198,-258.1527,111.8168
302452.9033,532032,169,0.0244,-0.4856,0.5237,107.1908,-257.4656,87.9695
302452.9033,532042,169,0.0044,-0.3999,0.6514,130.4885,-226.8702,56.4733
302452.9634,532052,170,-0.0837,-0.1863,0.6707,153.5267,-203.9847,26.1527
302452.9634,532062,170,-0.1013,-0.1428,0.6526,150.0458,-186.3511,-5.3740
302452.9634,532072,170,-0.1064,-0.2756,0.6233,128.3969,-166.2290,-39.2672
302452.9634,532082,170,-0.1404,-0.2964,0.5701,109.8473,-160.6870,-73.8473
302452.9634,532092,170,-0.1130,-0.4260,0.5303,84.7481,-165.3740,-97.7863
302452.9634,532102,170,-0.0227,-0.5193,0.5117,58.7634,-179.3130,-101.8015
302452.9634,532112,170,0.1741,-0.5554,0.6653,35.6947,-198.9313,-82.7328
302452.9634,532122,170,0.5520,-0.4663,1.0200,-8.0305,-239.1756,-22.8092
302452.9634,532132,170,0.8821,-0.5444,1.1445,-76.2901,-242.2748,47.6947
302452.9634,532142,170,1.0171,-0.8433,1.0127,-113.6183,-151.8015,54.4122
302453.0846,532152,171,0.5295,-1.1101,0.7625,-100.2595,-23.6947,28.1985
302453.0846,532162,171,0.1633,-1.1587,0.5193,-54.1832,14.9008,14.2290
302453.0846,532172,171,0.1296,-1.1001,0.5020,-10.1679,-13.5115,15.2519
302453.0846,532182,171,0.0466,-0.6741,0.5476,6.0153,-44.6412,22.4275
302453.0846,532192,171,-0.0024,-0.5198,0.5596,-6.8855,-60.0000,18.6260
302453.0846,532202,171,0.0356,-0.5654,0.5671,-37.8168,-75.0992,20.2137
302453.0846,532212,171,0.0852,-0.7083,0.4902,-78.9466,-87.4656,31.3130
302453.0846,532222,171,0.0945,-0.9092,0.4370,-111.1756,-98.5191,41.3435
302453.0846,532232,171,0.1973,-1.0615,0.4592,-120.0458,-113.5115,55.3282
302453.0846,532242,171,0.4199,-1.3948,0.5308,-102.9924,-112.5344,68.1985
302453.2027,532252,172,0.5032,-1.4512,0.5869,-49.2519,-83.6794,67.2977
302453.2027,532262,172,0.4109,-1.2356,0.5823,17.7863,-47.4656,51.8168
302453.2027,532272,172,0.2957,-0.9746,0.5405,67.1450,-25.3282,28.4733
302453.2027,532282,172,0.1653,-0.8318,0.5208,80.7634,-11.6031,6.5191
302453.2027,532292,172,0.1321,-0.7747,0.5417,74.7939,-9.9695,-4.4885
302453.2027,532302,172,0.1912,-0.7683,0.5728,57.0534,-16.7481,-3.6336
302453.2027,532312,172,0.2429,-0.8660,0.5840,34.6107,-18.4733,0.4275
302453.2027,532322,172,0.2800,-0.9746,0.6160,24.9313,-11.1908,0.5649
302453.2027,532332,172,0.3506,-1.0427,0.6272,38.1221,2.1832,-1.2977
302453.2027,532342,172,0.3530,-1.0645,0.6536,68.2748,21.8626,-10.3206
302453.2622,532352,173,0.2678,-0.9497,0.6628,103.1145,43.0382,-13.3893
302453.2622,532362,173,0.1985,-0.7974,0.6208,121.6183,54.3817,-9.5725
302453.2622,532372,173,0.1372,-0.7424,0.5869,112.7786,56.6260,-9.8015
302453.2622,532382,173,0.1199,-0.7878,0.5952,93.1450,50.8092,-16.0763
302453.2622,532392,173,0.1497,-0.8088,0.6135,79.7557,45.0840,-21.5115
302453.2622,532402,173,0.1550,-0.7317,0.6636,76.2901,46.6870,-22.5038
302453.2622,532412,173,0.2043,-0.6943,0.7097,69.9542,51.0534,-21.7405
302453.2622,532422,173,0.1836,-0.5662,0.7253,55.9084,58.3664,-14.9008
302453.2622,532432,173,0.1562,-0.5142,0.7363,37.6031,67.4351,-18.0916
302453.2622,532442,173,0.1511,-0.6460,0.7192,18.1069,81.8321,-29.0687
302453.3843,532452,174,0.1641,-0.8242,0.7053,20.5038,96.9008,-40.4122
302453.3843,532462,174,0.1658,-0.8296,0.7048,45.2519,109.3588,-49.5725
302453.3843,532472,174,0.1343,-0.7017,0.7327,71.3282,112.6260,-55.0687
302453.3843,532482,174,0.0940,-0.7461,0.6492,76.9924,110.9313,-53.4656
302453.3843,532492,174,0.0051,-0.7339,0.6875,75.6031,95.8473,-37.7252
302453.3843,532502,174,0.0857,-0.6614,0.7556,70.8550,65.5267,-19.6336
302453.3843,532512,174,0.1252,-0.6377,0.7866,64.9618,53.9237,-6.5802
302453.3843,532522,174,0.1582,-0.6157,0.8159,66.5344,56.1679,-2.7176
302453.3843,532532,174,0.1367,-0.6221,0.8386,70.8550,62.0763,-4.1374
302453.3843,532542,174,0.1428,-0.6316,0.8442,71.1908,67.0382,-9.7710
302453.5036,532552,175,-0.0078,-0.6953,0.7683,68.8397,82.0458,-20.2901
302453.5036,532562,175,-0.1084,-0.6138,0.6880,72.5649,82.0611,-28.5191
302453.5036,532572,175,-0.0278,-0.4209,0.7925,63.3588,63.5725,-33.9695
302453.5036,532582,175,0.0605,-0.5291,0.8230,30.3664,53.6947,-39.1450
302453.5036,532592,175,0.0630,-0.6438,0.8037,8.3511,57.4046,-38.2595
302453.5036,532602,175,0.0190,-0.7295,0.7756,6.1069,60.6107,-38.3053
302453.5036,532612,175,0.0974,-0.8623,0.7930,15.5115,53.2519,-40.5802
302453.5036,532622,175,0.2209,-0.8174,0.8606,38.5496,40.2595,-32.4122
302453.5036,532632,175,0.1831,-0.6699,0.8811,67.9084,45.2061,-22.2595
302453.5036,532642,175,0.0742,-0.4885,0.9009,81.8931,53.8015,-14.7939
302453.5636,532652,176,0.0151,-0.4529,0.8743,72.4427,54.6107,-13.0229
302453.5636,532662,176,0.0393,-0.5544,0.8762,59.7099,49.5878,-14.1527
302453.5636,532672,176,0.1062,-0.5757,0.8926,66.9313,54.7939,-18.8855
302453.5636,532682,176,0.0730,-0.4963,0.9314,81.0229,67.6794,-22.7481
302453.5636,532692,176,0.1367,-0.4807,0.9714,81.5115,77.2366,-23.8015
302453.5636,532702,176,0.0798,-0.4314,0.9653,74.6412,90.4885,-18.2595
302453.5636,532712,176,0.0029,-0.4624,0.8889,64.4733,98.3511,-11.8321
302453.5636,532722,176,-0.1279,-0.4648,0.8008,54.2137,95.3435,-4.5802
302453.5636,532732,176,-0.2532,-0.4792,0.7085,47.6031,83.3588,-1.0840
302453.5636,532742,176,-0.4041,-0.2820,0.6628,45.9847,64.6107,2.6412
302453.6836,532752,177,-0.3369,-0.1902,0.7385,30.0000,43.8626,0.4427
302453.6836,532762,177,-0.3052,-0.3699,0.7490,-0.1221,25.7405,-5.0534
302453.6836,532772,177,-0.1855,-0.5034,0.7854,-10.6260,1.5573,-14.7634
302453.6836,532782,177,-0.0486,-0.4858,0.8889,-3.9695,-23.3893,-23.0534
302453.6836,532792,177,-0.0161,-0.3691,0.9795,3.2977,-41.1145,-23.6489
302453.6836,532802,177,0.0203,-0.3396,0.9817,-5.8321,-54.4580,-18.8855
302453.6836,532812,177,-0.0046,-0.3662,0.9702,-28.0305,-69.8931,-6.7023
302453.6836,532822,177,-0.0417,-0.4324,0.8401,-55.3282,-94.2290,14.3664
302453.6836,532832,177,-0.0222,-0.3823,1.0112,-66.7786,-119.3130,25.1145
302453.6836,532842,177,0.1697,-0.4722,0.9658,-77.9847,-128.0153,32.1527
302453.8030,532852,178,0.1533,-0.5940,0.9841,-73.9389,-112.1679,24.4427
302453.8030,532862,178,0.0798,-0.7539,0.8606,-53.3435,-98.1679,19.2366
302453.8030,532872,178,0.0723,-0.9026,0.8677,-16.1221,-83.5573,7.9389
302453.8030,532882,178,0.0645,-0.7957,0.8276,29.4198,-81.6489,-0.5496
302453.8030,532892,178,0.1926,-0.6365,1.1443,60.0000,-78.2901,-8.5802
302453.8030,532902,178,0.1699,-0.5684,0.9800,37.6031,-70.3359,22.4427
302453.8030,532912,178,0.0913,-0.5779,0.9746,21.5115,-56.0763,21.1145
302453.8030,532922,178,0.0708,-0.5803,0.9414,5.2214,-49.3435,26.1985
302453.8030,532932,178,0.0378,-0.5251,0.8999,-4.8702,-47.0992,36.8550
302453.8030,532942,178,0.0249,-0.4390,0.8977,-15.3740,-50.8092,42.7328
302453.8632,532952,179,0.0376,-0.4097,0.8938,-34.5344,-53.3130,45.8168
302453.8632,532962,179,0.0627,-0.3865,0.8940,-52.6565,-53.9542,48.2290
302453.8632,532972,179,0.0469,-0.6138,0.8208,-63.4656,-44.5344,41.1450
302453.8632,532982,179,0.0298,-0.7146,0.8101,-47.9847,-31.1450,26.1679
302453.8632,532992,179,0.0459,-0.7898,0.7312,-22.2595,-29.8168,11.8626
302453.8632,533002,179,-0.1147,-0.8901,0.6672,15.5115,-23.1450,-17.4351
302453.8632,533012,179,0.0894,-0.5305,0.7996,60.3664,-27.0076,-30.1527
302453.8632,533022,179,0.1780,-0.5144,0.8816,62.7023,-21.6641,-34.7023
302453.8632,533032,179,0.1370,-0.4998,0.8262,56.2290,-8.0916,-37.3740
302453.8632,533042,179,0.1201,-0.4841,0.8362,56.1374,1.4656,-41.2824
302453.9838,533052,180,0.1880,-0.4167,0.8835,50.3511,6.8855,-36.5038
302453.9838,533062,180,0.1394,-0.6135,0.8430,44.7939,22.0000,-44.1374
302453.9838,533072,180,0.0786,-0.6272,0.8513,65.6489,37.4198,-59.6183
302453.9838,533082,180,0.0959,-0.5867,0.8589,89.7252,44.3053,-74.7634
302453.9838,533092,180,0.1875,-0.4297,0.9326,102.2595,44.6412,-76.5344
302453.9838,533102,180,0.2495,-0.4316,0.9683,95.5878,52.3206,-73.4046
302453.9838,533112,180,0.2109,-0.5007,0.9412,88.3969,62.5954,-66.7176
302453.9838,533122,180,0.3118,-0.3044,1.0032,84.8550,57.9084,-50.0611
302453.9838,533132,180,0.1582,-0.3364,0.9832,70.2901,58.6260,-34.4580
302453.9838,533142,180,0.1567,-0.2368,0.9788,56.6107,48.4275,-17.0076
302454.1031,533152,181,0.2046,-0.2500,0.9832,38.0916,53.1756,-18.7176
302454.1031,533162,181,0.0649,-0.3423,0.9626,33.2061,59.0534,-22.1221
302454.1031,533172,181,0.2209,-0.2649,1.0066,31.3435,49.4962,-13.6947
302454.1031,533182,181,0.1204,-0.2322,1.0559,28.2290,59.3435,-22.1985
302454.1031,533192,181,0.1924,-0.1951,1.1497,26.7481,62.4122,-25.2519
302454.1031,533202,181,0.2461,-0.2034,1.1616,27.4656,82.3511,-38.4122
302454.1031,533212,181,0.2322,-0.0640,1.1895,26.6412,96.8397,-44.1374
302454.1031,533222,181,0.0381,-0.3643,0.9900,19.4809,102.1527,-45.7863
302454.1031,533232,181,-0.1169,-0.4075,0.9897,6.6565,85.1450,-14.1527
302454.1031,533242,181,0.1072,-0.1348,1.1545,-4.1374,73.4351,7.6031
302454.1639,533252,182,0.0754,-0.2976,1.1584,-31.0382,89.7710,-3.8168
302454.1639,533262,182,0.2227,-0.2451,1.3203,-44.5344,93.5420,-0.1527
302454.1639,533272,182,0.1357,-0.3308,1.2778,-55.2977,112.2290,-0.6412
302454.1639,533282,182,0.2375,-0.0786,1.3853,-70.5649,138.1374,-2.6718
302454.1639,533292,182,0.0581,-0.2385,1.2661,-93.0076,166.4275,-12.2748
302454.1639,533302,182,-0.0774,-0.1389,1.3142,-117.0534,168.4885,-7.6183
302454.1639,533312,182,0.0110,-0.1741,1.3125,-161.3130,152.7176,7.3740
302454.1639,533322,182,-0.0659,-0.5085,1.2268,-210.2290,147.0076,14.4122
302454.1639,533332,182,-0.0913,-0.6450,1.1890,-233.8626,125.2672,28.0305
302454.1639,533342,182,-0.0833,-0.8228,1.1379,-253.5725,105.5878,45.6794
302454.2837,533352,183,-0.1682,-0.8584,1.0842,-268.3817,100.6107,60.9313
302454.2837,533362,183,-0.1770,-0.8508,1.0225,-290.1832,96.1679,75.8779
302454.2837,533372,183,-0.2253,-1.0247,0.9175,-324.3511,105.8321,93.4809
302454.2837,533382,183,-0.2935,-1.1599,0.7527,-339.2519,118.4885,102.7328
302454.2837,533392,183,-0.3591,-1.2100,0.6370,-341.5878,114.6412,114.8855
302454.2837,533402,183,-0.4216,-1.2549,0.4907,-345.1756,105.5725,125.2519
302454.2837,533412,183,-0.5371,-1.2295,0.4331,-339.7099,89.2061,125.8931
302454.2837,533422,183,-0.7046,-1.3057,0.3472,-320.2443,48.9924,132.9466
302454.2837,533432,183,-0.5369,-1.2476,0.2881,-271.3588,-13.1756,168.7023
302454.2837,533442,183,-0.3613,-1.1909,0.2595,-224.3206,-26.5496,173.3130
302454.4026,533452,184,-0.6169,-1.1079,0.1104,-177.2672,-5.6183,174.1527
302454.4026,533462,184,-0.6663,-0.9910,0.1597,-121.1603,-11.7557,166.8397
302454.4026,533472,184,-0.6763,-0.9993,0.1106,-81.9542,-20.3969,152.4275
302454.4026,533482,184,-0.6401,-1.0068,0.0752,-51.8626,-25.4962,144.6107
302454.4026,533492,184,-0.6592,-0.9587,0.0647,-24.3817,-31.6031,144.9160
302454.4026,533502,184,-0.7114,-0.9067,0.0496,-5.6183,-38.1527,146.4122
302454.4026,533512,184,-0.6929,-0.9338,0.0364,14.5038,-45.9084,144.6260
302454.4026,533522,184,-0.6604,-0.8892,0.0508,44.4580,-47.8779,143.1145
302454.4026,533532,184,-0.6687,-0.8818,0.0312,75.8931,-45.0687,136.4275
302454.4026,533542,184,-0.6023,-0.8665,0.0457,108.6412,-47.7252,129.5267
302454.4638,533552,185,-0.5642,-0.7659,0.0806,143.4962,-49.0992,125.1145
302454.4638,533562,185,-0.5339,-0.6045,0.1470,177.6489,-47.9237,121.6183
302454.4638,533572,185,-0.4932,-0.3972,0.2610,199.9237,-45.0534,121.8473
302454.4638,533582,185,-0.5796,-0.2356,0.3384,199.6641,-37.0840,126.3053
302454.4638,533592,185,-0.6604,-0.1592,0.3567,182.1374,-37.5878,125.2366
302454.4638,533602,185,-0.6040,-0.1680,0.3794,159.8168,-52.3206,117.6489
302454.4638,533612,185,-0.5354,-0.1440,0.4336,144.7786,-59.9237,112.6260
302454.4638,533622,185,-0.5754,-0.1516,0.4302,127.8779,-53.4198,105.4198
302454.4638,533632,185,-0.6311,-0.1726,0.3840,113.8168,-51.0687,101.6183
302454.4638,533642,185,-0.6667,-0.2158,0.3757,109.7405,-60.8702,98.9771
302454.5834,533652,186,-0.6245,-0.1528,0.4573,116.1679,-79.2214,97.1908
302454.5834,533662,186,-0.5811,-0.0964,0.5195,122.4122,-90.5191,97.5115
302454.5834,533672,186,-0.5449,-0.0083,0.5923,122.7328,-91.3435,97.6489
302454.5834,533682,186,-0.5251,0.0112,0.6057,112.7328,-86.4427,97.8473
302454.5834,533692,186,-0.5659,0.0188,0.6047,97.9542,-79.0992,98.1679
302454.5834,533702,186,-0.6353,-0.0024,0.5378,83.4351,-71.1145,99.6336
302454.5834,533712,186,-0.6426,-0.0813,0.4846,76.4885,-71.6183,98.8702
302454.5834,533722,186,-0.6255,-0.0410,0.5193,83.1298,-85.9389,102.8244
302454.5834,533732,186,-0.4539,-0.1104,0.5486,85.9084,-102.8397,107.5878
302454.5834,533742,186,-0.3696,-0.0952,0.6370,92.9008,-99.9237,108.4275
302454.7030,533752,187,-0.3860,0.0537,0.6255,99.0229,-78.2748,109.4962
302454.7030,533762,187,-0.4507,0.1465,0.6279,89.5725,-63.6947,110.4122
302454.7030,533772,187,-0.4397,0.2871,0.6775,67.7252,-60.4885,109.3435
302454.7030,533782,187,-0.3743,0.3413,0.7068,34.7939,-55.4809,111.8779
302454.7030,533792,187,-0.3899,0.3174,0.6885,-3.8168,-45.8779,119.5267
302454.7030,533802,187,-0.4233,0.2068,0.6714,-34.2443,-38.6870,120.6870
302454.7030,533812,187,-0.4021,0.2129,0.6941,-42.8244,-38.3969,110.8550
302454.7030,533822,187,-0.3430,0.4292,0.8096,-39.1450,-43.6947,91.4351
302454.7030,533832,187,-0.3657,0.5034,0.8535,-57.1298,-37.3588,73.2061
302454.7030,533842,187,-0.3176,0.4827,0.8757,-89.7710,-30.9924,66.4733
302454.7636,533852,188,-0.3391,0.4236,0.8794,-123.5420,-21.8931,65.0076
302454.7636,533862,188,-0.3789,0.2800,0.8438,-149.6489,-10.0305,62.2137
302454.7636,533872,188,-0.4463,0.0708,0.7847,-158.6260,2.6107,47.1450
302454.7636,533882,188,-0.4814,-0.0486,0.8088,-156.3969,6.2901,32.0916
302454.7636,533892,188,-0.4487,0.0171,0.8550,-153.1298,0.1069,34.0916
302454.7636,533902,188,-0.4988,0.0103,0.8650,-167.4962,0.3053,42.4275
302454.7636,533912,188,-0.6052,-0.1350,0.7981,-190.5191,6.5954,46.3511
302454.7636,533922,188,-0.6658,-0.2268,0.7368,-203.1756,2.7328,49.9695
302454.7636,533932,188,-0.6892,-0.3354,0.6826,-203.2061,-4.3969,51.0687
302454.7636,533942,188,-0.6526,-0.4170,0.6670,-189.8931,-10.7328,49.9084
302454.8836,533952,189,-0.6282,-0.5215,0.6519,-171.2977,-14.2290,50.7634
302454.8836,533962,189,-0.5947,-0.5237,0.6926,-142.7328,-17.7557,54.9771
302454.8836,533972,189,-0.5366,-0.4426,0.7371,-111.8321,-17.9237,50.2443
302454.8836,533982,189,-0.5693,-0.3601,0.7659,-92.1832,-9.3130,40.3206
302454.8836,533992,189,-0.5762,-0.3589,0.7563,-75.1298,-6.9313,32.2290
302454.8836,534002,189,-0.5000,-0.3389,0.7939,-54.7328,-15.7710,26.4580
302454.8836,534012,189,-0.5474,-0.3081,0.7910,-39.5420,-16.8855,21.7099
302454.8836,534022,189,-0.5376,-0.3281,0.7942,-20.9924,-15.5267,5.3282
302454.8836,534032,189,-0.5122,-0.3591,0.7573,-2.7481,-10.9618,-11.5725
302454.8836,534042,189,-0.5693,-0.3523,0.7532,8.6260,-6.3511,-17.5420
302455.0034,534052,190,-0.5962,-0.4155,0.6848,16.3817,-5.2824,-21.0382
302455.0034,534062,190,-0.6216,-0.4641,0.6753,34.0000,-8.4427,-27.9389
302455.0034,534072,190,-0.6338,-0.5139,0.6536,56.9618,-14.2290,-36.2595
302455.0034,534082,190,-0.6628,-0.4343,0.6746,82.2595,-16.8550,-45.0229
302455.0034,534092,190,-0.6531,-0.4019,0.6868,97.4046,-20.4733,-49.2366
302455.0034,534102,190,-0.6125,-0.3323,0.7659,106.3969,-27.4962,-46.5191
302455.0034,534112,190,-0.5581,-0.2283,0.8135,103.6183,-33.7099,-40.1985
302455.0034,534122,190,-0.5039,-0.2849,0.8628,93.9237,-30.0153,-51.2366
302455.0034,534132,190,-0.4595,-0.5442,0.8279,98.5344,-17.1298,-75.0992
302455.0034,534142,190,-0.5205,-0.5999,0.7856,131.8473,0.5954,-97.3588
302455.0635,534152,191,-0.5916,-0.4692,0.7610,170.3664,12.0458,-112.1527
302455.0635,534162,191,-0.6006,-0.3826,0.7266,193.9695,15.1145,-118.4427
302455.0635,534172,191,-0.6272,-0.2944,0.7397,207.2824,14.0763,-116.3053
302455.0635,534182,191,-0.5906,-0.1462,0.7866,212.2595,6.9160,-101.4504
302455.0635,534192,191,-0.5347,-0.0195,0.8027,205.0076,0.3206,-79.8779
302455.0635,534202,191,-0.4722,-0.0339,0.8020,188.7481,-0.1374,-67.2214
302455.0635,534212,191,-0.4717,-0.0198,0.8098,179.4962,7.3130,-62.9466
302455.0635,534222,191,-0.4456,-0.0164,0.8003,176.5191,12.7481,-54.3053
302455.0635,534232,191,-0.4553,0.0244,0.8103,176.9618,18.6107,-48.4885
302455.0635,534242,191,-0.4038,0.1343,0.8892,177.9237,26.0305,-44.7328
302455.1836,534252,192,-0.3801,0.2246,0.8979,170.9160,37.1603,-33.7099
302455.1836,534262,192,-0.3535,0.2869,0.9421,154.6718,49.8779,-31.9389
302455.1836,534272,192,-0.3755,0.2874,0.9443,129.6183,62.8702,-31.4504
302455.1836,534282,192,-0.5173,0.3438,0.9126,102.0153,74.0916,-26.9924
302455.1836,534292,192,-0.5598,0.3301,0.9036,68.1069,68.2595,-13.1450
302455.1836,534302,192,-0.5869,0.3491,0.9043,35.6947,65.2061,-2.1832
302455.1836,534312,192,-0.6692,0.3401,0.8369,9.0687,69.7252,3.7863
302455.1836,534322,192,-0.7532,0.2205,0.7747,-14.4122,66.1527,4.7176
302455.1836,534332,192,-0.8694,0.1191,0.7146,-25.7099,56.8855,5.1298
302455.1836,534342,192,-0.8955,0.0312,0.6414,-24.1985,41.9847,6.7328
302455.3024,534352,193,-0.8677,-0.0659,0.5742,-10.6565,26.0916,5.3588
302455.3024,534362,193,-0.8599,-0.0867,0.5981,17.6336,12.1527,4.6565
302455.3024,534372,193,-0.7095,-0.0308,0.6528,44.7634,-0.9771,6.5649
302455.3024,534382,193,-0.5417,0.0591,0.8555,56.3359,-0.4580,4.8855
302455.3024,534392,193,-0.6111,-0.0308,0.6282,52.4275,15.4198,7.3740
302455.3024,534402,193,-0.6980,0.1177,0.8086,78.0000,40.8855,-28.3664
302455.3024,534412,193,-0.6475,0.1792,0.8064,70.1374,25.1298,-8.6870
302455.3024,534422,193,-0.4851,0.2385,0.8484,47.8321,15.1298,7.5725
302455.3024,534432,193,-0.5339,0.2227,0.7534,27.6031,26.7481,5.3893
302455.3024,534442,193,-0.5889,0.2134,0.6716,7.9084,28.2748,-0.6107
302455.3629,534452,194,-0.5417,0.1125,0.7815,-1.0687,-5.6183,9.8931
302455.3629,534462,194,-0.4150,-0.0093,0.7410,21.6489,-17.5420,20.5649
302455.3629,534472,194,-0.3428,0.0273,0.7634,65.7710,-12.3206,12.8702
302455.3629,534482,194,-0.3281,0.0627,0.7092,95.2519,-13.8321,7.3588
302455.3629,534492,194,-0.3303,0.2068,0.7251,108.4733,-10.7634,6.2901
302455.3629,534502,194,-0.1738,0.4429,0.8088,102.7481,-4.6107,3.8168
302455.3629,534512,194,-0.0010,0.8250,0.9033,64.6412,15.3740,0.3511
302455.3629,534522,194,0.0144,1.0740,0.8782,-1.3893,55.4351,-19.8931
302455.3629,534532,194,-0.0713,1.2051,0.7144,-81.8168,108.1374,-53.7252
302455.3629,534542,194,-0.0991,1.1035,0.5120,-146.5038,145.2977,-98.4733
302455.4824,534552,195,-0.0786,0.9739,0.4109,-191.5420,166.6107,-151.0534
302455.4824,534562,195,-0.0864,0.7783,0.3057,-218.8244,166.6107,-180.5802
302455.4824,534572,195,-0.1262,0.6470,0.2104,-223.7252,152.9160,-194.6718
302455.4824,534582,195,-0.0913,0.6196,0.1582,-210.9313,133.1908,-206.7939
302455.4824,534592,195,-0.0459,0.5938,0.1177,-199.9389,118.4427,-225.0687
302455.4824,534602,195,-0.0085,0.5681,0.0564,-194.6412,107.0534,-243.4809
302455.4824,534612,195,-0.0159,0.5894,0.0339,-189.1145,97.4046,-260.7786
302455.4824,534622,195,-0.0251,0.6340,0.0105,-184.8702,86.2748,-281.8015
302455.4824,534632,195,-0.0232,0.6345,-0.0508,-186.6260,75.8168,-309.2366
302455.4824,534642,195,0.0137,0.5317,-0.1458,-195.6031,69.2214,-346.2137
302455.6103,534652,196,0.0950,0.3047,-0.2568,-209.8168,67.7557,-387.8473
302455.6103,534662,196,0.1460,0.0188,-0.3745,-223.9542,71.7252,-422.5191
302455.6103,534672,196,0.1372,-0.3276,-0.5046,-233.5878,79.1603,-444.8244
302455.6103,534682,196,0.0691,-0.6423,-0.6238,-233.6947,88.1985,-456.3664
302455.6103,534692,196,-0.0803,-0.8899,-0.7161,-225.3740,92.5954,-451.1450
302455.6103,534702,196,-0.2905,-1.1689,-0.7542,-221.2977,86.0611,-438.0763
302455.6103,534712,196,-0.4326,-1.4954,-0.8047,-227.7710,60.4580,-421.8473
302455.6103,534722,196,-0.3455,-1.8660,-0.8181,-229.0229,13.5878,-400.0458
302455.6103,534732,196,-0.1448,-2.2341,-0.7742,-209.2672,-26.3969,-383.2519
302455.6103,534742,196,0.0332,-2.4880,-0.6509,-170.4427,-53.0840,-368.6107
302455.6635,534752,197,0.2031,-2.7007,-0.5129,-121.5725,-74.6260,-350.3359
302455.6635,534762,197,0.3784,-2.8271,-0.2761,-67.4046,-91.2824,-326.5649
302455.6635,534772,197,0.5640,-2.8289,-0.0239,-19.7557,-101.9084,-286.4733
302455.6635,534782,197,0.7212,-2.7327,0.2034,8.2748,-102.2901,-223.0229
302455.6635,534792,197,0.6748,-2.5881,0.3530,10.9160,-79.8626,-151.0076
302455.6635,534802,197,0.3877,-2.3823,0.4009,-3.0534,-53.8168,-81.4962
302455.6635,534812,197,0.1370,-2.2144,0.3582,-20.1374,-50.7328,-27.2824
302455.6635,534822,197,0.0144,-2.0376,0.3250,-23.2977,-65.9084,7.7252
302455.6635,534832,197,-0.0542,-1.8682,0.3398,-17.6794,-82.1679,29.0382
302455.6635,534842,197,-0.0540,-1.6504,0.3933,-4.1832,-94.2748,42.7328
302455.7858,534852,198,-0.0081,-1.4521,0.4756,8.3206,-102.9160,51.6947
302455.7858,534862,198,0.1096,-1.3433,0.5422,12.4733,-108.2901,55.9237
302455.7858,534872,198,0.2444,-1.2896,0.6101,14.6870,-107.9542,64.8397
302455.7858,534882,198,0.2563,-1.1948,0.6719,15.3282,-106.4122,86.5038
302455.7858,534892,198,0.5427,-0.3323,1.6689,3.8168,-99.1756,108.4885
302455.7858,534902,198,0.7380,-1.0833,0.4656,-28.6870,-25.6183,83.3588
302455.7858,534912,198,0.2283,-0.9109,0.5276,-26.4122,47.3435,65.8626
302455.7858,534922,198,-0.2625,-0.6941,0.6008,-46.9618,57.5115,82.5191
302455.7858,534932,198,-0.2893,-0.8853,0.3047,-83.0992,19.2977,93.1298
302455.7858,534942,198,-0.2832,-0.8013,0.2766,-76.7786,-11.2366,86.9924
302455.9036,534952,199,-0.2512,-0.8838,0.1770,-78.6260,-19.6031,70.0458
302455.9036,534962,199,-0.2324,-1.2153,0.0242,-73.8321,0.9924,48.5038
302455.9036,534972,199,-0.2783,-1.2107,0.0320,-38.7786,5.7710,37.0687
302455.9036,534982,199,-0.1814,-1.1414,0.0051,13.6794,5.4656,12.4733
302455.9036,534992,199,-0.1206,-1.1028,0.0437,35.6489,3.3588,-0.6107
302455.9036,535002,199,-0.1455,-1.0005,0.0735,30.9313,0.9008,10.6870
302455.9036,535012,199,-0.1589,-0.8945,0.0654,16.3511,-3.0076,19.8473
302455.9036,535022,199,-0.2134,-0.8276,0.0928,-1.9695,-7.0382,13.3435
302455.9036,535032,199,-0.2285,-0.8589,0.0742,-20.6107,-13.3740,-3.2519
302455.9036,535042,199,-0.2219,-0.9041,0.0891,-34.6107,-24.1832,-12.7023
302455.9635,535052,200,-0.1714,-0.9927,0.0220,-39.1756,-36.1679,-8.9618
302455.9635,535062,200,-0.1282,-1.0828,0.0063,-30.6870,-35.2366,-1.3130
302455.9635,535072,200,-0.0781,-1.0295,0.0293,-11.7557,-38.9160,13.8931
302455.9635,535082,200,-0.1472,-0.9551,-0.0081,-1.8779,-24.6107,23.1145
302455.9635,535092,200,-0.2700,-1.0249,-0.0542,-10.1374,-8.4275,24.7481
302455.9635,535102,200,-0.3247,-1.0894,-0.0896,-10.9771,-5.9542,25.0687
302455.9635,535112,200,-0.2834,-1.0808,-0.0632,-0.5802,-16.1832,22.1069
302455.9635,535122,200,-0.2549,-1.1123,-0.0444,11.0687,-18.6260,11.1603
302455.9635,535132,200,-0.1863,-1.0574,0.0664,28.2595,-18.0458,-0.5802
302455.9635,535142,200,-0.1123,-0.9978,0.0847,46.2748,-6.8244,-11.2824
302456.0845,535152,201,-0.0576,-0.9077,0.2004,50.4275,11.9084,-13.9847
302456.0845,535162,201,-0.1013,-0.8618,0.1748,31.2824,9.2366,3.5420
302456.0845,535172,201,-0.2410,-0.9292,0.1614,16.2595,20.0611,2.6412
302456.0845,535182,201,-0.1936,-0.9534,0.1987,5.5115,14.5496,8.9008
302456.0845,535192,201,-0.1750,-0.9590,0.2129,1.8931,13.9847,13.4046
302456.0845,535202,201,-0.1938,-1.0107,0.1992,-3.5267,20.1374,14.9924
302456.0845,535212,201,-0.2000,-1.0310,0.1963,-0.9160,26.2595,11.4962
302456.0845,535222,201,-0.1736,-1.0337,0.2031,3.7710,29.2519,9.1908
302456.0845,535232,201,-0.1841,-1.0090,0.1838,5.8779,36.1832,9.3282
302456.0845,535242,201,-0.2354,-0.9966,0.1460,1.7863,43.6641,11.1756
302456.2031,535252,202,-0.2590,-0.9897,0.1653,-3.3740,47.9542,13.1603
302456.2031,535262,202,-0.0530,-1.0376,0.1965,-15.4198,42.9771,23.6641
302456.2031,535272,202,-0.2852,-1.0061,0.1052,-17.4046,63.2977,24.6412
302456.2031,535282,202,-0.2373,-1.1086,0.1545,-17.5878,70.7328,6.0611
302456.2031,535292,202,-0.2280,-1.0615,0.0701,0.3053,66.2137,12.0611
302456.2031,535302,202,-0.2329,-0.9961,0.0923,24.1527,59.0687,5.0840
302456.2031,535312,202,-0.2397,-0.9912,0.0886,31.6947,53.0687,-2.4580
302456.2031,535322,202,-0.2417,-0.9629,0.0747,35.0840,49.2824,-6.0763
302456.2031,535332,202,-0.1982,-0.9507,0.0715,31.2519,40.6412,-8.5954
302456.2031,535342,202,-0.2178,-1.0110,0.0566,24.2137,33.4046,-10.5344
302456.3209,535352,203,-0.2891,-1.0278,0.0356,22.6870,26.5802,-9.3435
302456.3209,535362,203,-0.2874,-1.0178,0.0364,24.1221,15.6489,-6.5649
302456.3209,535372,203,-0.2080,-1.0222,0.0615,24.5344,5.1298,-4.8702
302456.3209,535382,203,-0.1868,-1.0222,0.0828,23.2366,2.9008,-2.8397
302456.3209,535392,203,-0.2083,-1.0066,0.0891,23.2214,7.1145,-1.8015
302456.3209,535402,203,-0.2329,-1.0166,0.0815,23.2061,10.0611,-2.5344
302456.3209,535412,203,-0.2617,-1.0193,0.0745,24.6412,10.0611,-3.4656
302456.3209,535422,203,-0.2683,-1.0203,0.0747,27.8321,6.1374,-2.9313
302456.3209,535432,203,-0.2046,-1.1099,0.1499,32.2901,2.8550,-1.5725
302456.3209,535442,203,-0.1331,-1.0493,0.2158,51.7252,9.0382,-0.0305
302456.3836,535452,204,-0.1121,-0.9731,0.2537,76.1069,15.7099,-9.9542
302456.3836,535462,204,-0.1951,-0.8867,0.2410,91.3893,15.3893,-25.8626
302456.3836,535472,204,-0.3550,-0.8999,0.1775,85.9695,14.3664,-30.3359
302456.3836,535482,204,-0.2910,-0.8628,0.2083,76.0763,-1.1298,-18.3359
302456.3836,535492,204,-0.2312,-0.8975,0.2017,66.6260,-16.3969,-9.9237
302456.3836,535502,204,-0.2134,-0.9421,0.1973,59.9847,-24.7634,-12.0458
302456.3836,535512,204,-0.1401,-0.9753,0.2261,59.1145,-35.1145,-15.2366
302456.3836,535522,204,-0.1118,-0.9851,0.2239,58.5802,-39.4656,-15.8321
302456.3836,535532,204,-0.1331,-0.9753,0.2112,56.4275,-37.1145,-14.9924
302456.3836,535542,204,-0.1069,-0.9468,0.2366,53.0840,-35.6947,-10.8702
302456.5022,535552,205,-0.1230,-0.8850,0.2495,47.0229,-31.2214,-5.8168
302456.5022,535562,205,-0.1982,-0.9285,0.2354,34.3664,-23.0382,-4.5038
302456.5022,535572,205,-0.2549,-0.9739,0.2124,24.9466,-21.1298,-2.4275
302456.5022,535582,205,-0.2639,-0.9873,0.2266,20.7328,-24.9313,1.6336
302456.5022,535592,205,-0.2439,-1.0029,0.2705,18.6870,-29.4809,6.7634
302456.5022,535602,205,-0.1548,-1.0142,0.3257,21.9695,-34.7939,11.2214
302456.5022,535612,205,-0.0928,-0.9939,0.3726,28.3359,-36.2901,15.4504
302456.5022,535622,205,-0.1057,-0.9678,0.3506,35.0382,-29.8779,12.5038
302456.5022,535632,205,-0.1743,-0.9480,0.3503,42.9160,-21.2061,2.5496
302456.5022,535642,205,-0.1750,-0.8909,0.3650,49.6031,-17.8168,-5.1603
302456.5624,535652,206,-0.1377,-0.8303,0.4233,48.8855,-15.2061,-7.5420
302456.5624,535662,206,-0.1616,-0.8132,0.4128,40.5954,-10.6870,-4.8092
302456.5624,535672,206,-0.2368,-0.8137,0.3948,27.8626,-8.8702,-1.2977
302456.5624,535682,206,-0.1978,-0.8542,0.4094,16.0305,-13.0687,1.2824
302456.5624,535692,206,-0.2068,-0.9092,0.3782,5.0229,-16.2748,7.1450
302456.5624,535702,206,-0.2307,-0.9812,0.3462,1.0382,-19.4046,8.5344
302456.5624,535712,206,-0.1863,-1.0532,0.3357,6.6412,-27.8168,7.2672
302456.5624,535722,206,-0.1348,-1.0635,0.3530,19.7863,-32.0916,5.4962
302456.5624,535732,206,-0.1145,-1.0408,0.3511,33.0076,-31.2061,3.8168
302456.5624,535742,206,-0.1409,-0.9810,0.3457,44.8855,-26.1832,0.5954
302456.6836,535752,207,-0.1731,-0.9106,0.3616,50.6718,-23.4809,-2.1527
302456.6836,535762,207,-0.1599,-0.8447,0.3965,48.5802,-24.4275,-1.4962
302456.6836,535772,207,-0.1460,-0.8086,0.4248,40.9160,-23.7557,-0.3359
302456.6836,535782,207,-0.1396,-0.7791,0.4487,30.9160,-21.5267,-0.0763
302456.6836,535792,207,-0.1470,-0.7642,0.4575,19.3588,-19.1450,1.5878
302456.6836,535802,207,-0.1497,-0.7810,0.4556,9.5267,-16.4275,0.9466
302456.6836,535812,207,-0.1431,-0.8010,0.4612,4.1985,-17.2366,-0.8092
302456.6836,535822,207,-0.1130,-0.8691,0.4575,-0.8550,-18.7481,-1.1145
302456.6836,535832,207,-0.1001,-0.9165,0.4268,-1.4198,-18.1832,0.0458
302456.6836,535842,207,-0.1509,-0.9182,0.3826,0.9618,-14.9313,-0.0305
302456.8032,535852,208,-0.1826,-0.9402,0.3584,1.1603,-14.3817,-0.6260
302456.8032,535862,208,-0.1555,-0.9622,0.3525,3.8626,-18.0763,-0.6412
302456.8032,535872,208,-0.1587,-0.9675,0.3499,8.5649,-17.9542,-2.6412
302456.8032,535882,208,-0.1724,-0.9517,0.3743,13.8931,-16.9618,-5.1908
302456.8032,535892,208,-0.1680,-0.9434,0.3589,19.4656,-17.5725,-8.2443
302456.8032,535902,208,-0.1885,-0.8660,0.4460,22.3969,-19.3130,-9.4962
302456.8032,535912,208,-0.0005,-0.7996,0.5164,25.3130,-23.5420,-12.7939
302456.8032,535922,208,-0.1394,-0.7988,0.4817,22.0763,-7.3588,-18.4733
302456.8032,535932,208,-0.1738,-0.8315,0.4832,15.3893,-5.1908,-19.0840
302456.8032,535942,208,-0.0818,-0.8367,0.5071,10.6412,-13.7863,-14.6260
302456.8641,535952,209,-0.1177,-0.8706,0.4834,5.6183,-9.9237,-12.2443
302456.8641,535962,209,-0.1445,-0.9194,0.4727,3.6947,-9.3130,-11.0534
302456.8641,535972,209,-0.0935,-0.9062,0.4917,7.0076,-13.3588,-10.0611
302456.8641,535982,209,-0.0962,-0.8916,0.4976,8.8855,-10.5496,-10.7176
302456.8641,535992,209,-0.1086,-0.8994,0.5032,6.1374,-6.5954,-10.3664
302456.8641,536002,209,-0.1045,-0.9058,0.5049,2.1374,-4.7939,-8.3511
302456.8641,536012,209,-0.2107,-0.9385,0.3184,-0.5191,-1.6031,-7.7863
302456.8641,536022,209,-0.1277,-0.8599,0.5549,-5.5878,-7.4656,-4.4885
302456.8641,536032,209,0.0796,-0.8948,0.5459,-6.3664,-9.0840,-2.6412
302456.8641,536042,209,-0.2268,-0.9038,0.4658,-2.4580,17.9084,-12.7786
302456.9847,536052,210,-0.1497,-0.9075,0.4685,-0.1832,9.0840,-11.6031
302456.9847,536062,210,-0.1545,-0.8733,0.4856,1.7099,2.3664,-8.6107
302456.9847,536072,210,-0.0200,-0.8862,0.5107,-1.4504,-0.9160,-5.6336
302456.9847,536082,210,-0.0615,-0.9041,0.4963,-0.6718,5.0382,-8.0458
302456.9847,536092,210,-0.1404,-0.9568,0.3789,-3.4962,10.8550,-8.5344
302456.9847,536102,210,-0.1433,-0.9307,0.3970,-5.7252,6.5649,-6.1374
302456.9847,536112,210,-0.0178,-0.9043,0.4839,-10.6565,3.1298,-0.6870
302456.9847,536122,210,-0.1035,-0.8660,0.4446,-15.0687,12.0611,2.1069
302456.9847,536132,210,-0.2266,-0.9124,0.3423,-26.5191,16.3206,6.2901
302456.9847,536142,210,-0.3657,-0.9543,0.2185,-30.3206,3.6336,8.1069
302457.1033,536152,211,-0.2183,-1.0168,0.2227,-33.6031,-25.8779,14.7176
302457.1033,536162,211,0.1738,-0.9617,0.4231,-51.7863,-26.8855,29.6641
302457.1033,536172,211,-0.1328,-1.0537,0.4121,-51.7405,23.0534,14.7786
302457.1033,536182,211,-0.3020,-1.1196,0.3523,-36.3511,30.2595,6.6870
302457.1033,536192,211,-0.1240,-1.0725,0.4324,-21.9847,13.5115,4.9008
302457.1033,536202,211,-0.0735,-1.0457,0.4905,-10.5038,17.0687,1.9695
302457.1033,536212,211,-0.0273,-0.9902,0.5447,-3.9695,21.8168,0.3359
302457.1033,536222,211,-0.0015,-0.9663,0.5532,-1.3588,28.3053,-1.4962
302457.1033,536232,211,-0.0691,-0.9624,0.5220,-1.4198,39.8626,-3.6641
302457.1033,536242,211,-0.0640,-0.8950,0.5247,-0.5344,42.6412,-4.0611
302457.1635,536252,212,-0.0808,-0.8450,0.5027,-3.6641,47.1603,-3.7863
302457.1635,536262,212,-0.1646,-0.7666,0.5078,-9.3435,53.3893,-4.6412
302457.1635,536272,212,-0.1433,-0.7673,0.4912,-19.3282,53.7710,-5.3740
302457.1635,536282,212,-0.1550,-0.7759,0.4780,-28.0305,55.7863,-4.0763
302457.1635,536292,212,-0.1541,-0.7932,0.4619,-34.4885,55.3588,-0.6718
302457.1635,536302,212,-0.1421,-0.8120,0.4441,-39.2519,54.5038,2.3206
302457.1635,536312,212,-0.1687,-0.8232,0.4038,-40.1069,56.5496,0.9924
302457.1635,536322,212,-0.2041,-0.8621,0.3479,-38.3817,58.3664,-2.0763
302457.1635,536332,212,-0.2390,-0.8665,0.3105,-36.2290,55.0229,-1.6489
302457.1635,536342,212,-0.2083,-0.8528,0.3181,-35.4504,49.0992,-0.9160
302457.2839,536352,213,-0.2607,-0.8777,0.2705,-37.2672,46.6718,-0.4427
302457.2839,536362,213,-0.3157,-0.8853,0.2339,-36.4733,42.0611,-1.8321
302457.2839,536372,213,-0.3184,-0.9050,0.1975,-36.1527,30.5496,-1.7557
302457.2839,536382,213,-0.2900,-0.9341,0.1958,-36.9160,18.9008,-1.9084
302457.2839,536392,213,-0.2527,-0.9700,0.1868,-38.2595,9.1756,-0.8855
302457.2839,536402,213,-0.2327,-1.0203,0.1895,-39.9542,3.1298,0.3511
302457.2839,536412,213,-0.1978,-1.0730,0.1855,-39.8015,-0.6412,2.2901
302457.2839,536422,213,-0.1799,-1.0984,0.1890,-36.4580,-1.2672,3.8168
302457.2839,536432,213,-0.1829,-1.1213,0.1897,-30.3053,-0.1832,3.3740
302457.2839,536442,213,-0.2090,-1.1265,0.1917,-22.2901,0.8550,1.3435
302457.4622,536452,214,-0.2144,-1.1248,0.1931,-13.2366,0.0916,-1.0687
302457.4622,536462,214,-0.1851,-1.1082,0.2156,-3.6641,-2.8550,-2.6718
302457.4622,536472,214,-0.1670,-1.0581,0.2427,5.7099,-3.4046,-4.0458
302457.4622,536482,214,-0.1743,-1.0144,0.2598,10.8855,-1.8626,-4.6412
302457.4622,536492,214,-0.1689,-0.9963,0.2751,12.1679,-0.7023,-4.1069
302457.4622,536502,214,-0.1687,-0.9641,0.2876,12.3206,0.2443,-3.1145
302457.4622,536512,214,-0.1904,-0.9414,0.2922,10.3206,0.7481,-2.3053
302457.4622,536522,214,-0.2095,-0.9292,0.2932,7.6336,0.1374,-2.0153
302457.4622,536532,214,-0.2180,-0.9167,0.2959,4.7023,-2.0000,-1.3435
302457.4622,536542,214,-0.2170,-0.9189,0.2932,2.1374,-4.5496,-0.7481
302457.4641,536552,215,-0.2046,-0.9177,0.2910,0.9466,-6.4885,-0.8092
302457.4641,536562,215,-0.2075,-0.9146,0.2847,0.9313,-7.8321,-1.0229
302457.4641,536572,215,-0.1992,-0.9136,0.2920,1.2214,-9.0382,-1.3893
302457.4641,536582,215,-0.2026,-0.9131,0.2856,1.4962,-9.1756,-2.8702
302457.4641,536592,215,-0.2109,-0.9185,0.2817,1.6489,-8.9618,-4.6412
302457.4641,536602,215,-0.2056,-0.9331,0.2834,2.0458,-9.8321,-5.8779
302457.4641,536612,215,-0.1890,-0.9419,0.2812,2.4427,-10.8855,-6.2137
302457.4641,536622,215,-0.1897,-0.9363,0.2795,2.2901,-10.3359,-6.4427
302457.4641,536632,215,-0.1921,-0.9412,0.2786,1.0229,-10.2595,-6.0153
302457.4641,536642,215,-0.1719,-0.9565,0.2778,-0.4122,-11.1298,-5.2824
302457.5835,536652,216,-0.1694,-0.9629,0.2756,-1.0229,-10.7786,-4.6107
302457.5835,536662,216,-0.1760,-0.9639,0.2749,-1.0534,-9.3588,-4.3664
302457.5835,536672,216,-0.1855,-0.9700,0.2737,-1.2824,-8.7328,-4.0153
302457.5835,536682,216,-0.1836,-0.9805,0.2693,-1.4504,-9.2214,-3.5420
302457.5835,536692,216,-0.1802,-0.9922,0.2737,-1.3740,-10.2595,-2.7023
302457.5835,536702,216,-0.1768,-0.9885,0.2705,-0.3511,-11.2366,-1.6336
302457.5835,536712,216,-0.1707,-0.9792,0.2822,0.9466,-12.0305,-0.6870
302457.5835,536722,216,-0.1567,-0.9724,0.2925,1.1298,-12.3664,0.0916
302457.5835,536732,216,-0.1409,-0.9705,0.2971,0.8244,-11.5420,0.8550
302457.5835,536742,216,-0.1396,-0.9670,0.3093,0.6260,-8.7939,1.1756
302457.7022,536752,217,-0.1501,-0.9583,0.3040,0.0611,-6.0305,1.8321
302457.7022,536762,217,-0.1494,-0.9607,0.3071,-0.6107,-4.5649,2.6718
302457.7022,536772,217,-0.1440,-0.9575,0.3118,-1.0840,-3.2366,3.6794
302457.7022,536782,217,-0.1509,-0.9446,0.3132,-1.3435,-1.2519,4.0916
302457.7022,536792,217,-0.1589,-0.9360,0.3071,-2.2595,0.2901,4.4885
302457.7022,536802,217,-0.1624,-0.9412,0.3003,-3.6031,0.8855,4.2137
302457.7022,536812,217,-0.1631,-0.9517,0.2932,-4.6260,0.7939,3.9389
302457.7022,536822,217,-0.1697,-0.9519,0.2847,-4.6565,0.5802,3.9542
302457.7022,536832,217,-0.1750,-0.9402,0.2903,-3.8779,-0.0916,3.8321
302457.7022,536842,217,-0.1670,-0.9336,0.2859,-3.4504,-1.0076,3.3740
302457.7633,536852,218,-0.1521,-0.9324,0.2915,-3.5267,-1.6183,2.8397
302457.7633,536862,218,-0.1406,-0.9368,0.2981,-3.1298,-0.6107,2.1221
302457.7633,536872,218,-0.1292,-0.9373,0.3064,-1.8931,2.0916,0.7939
302457.7633,536882,218,-0.1382,-0.9446,0.3062,-0.9618,6.2443,-1.0382
302457.7633,536892,218,-0.1597,-0.9568,0.2900,-0.6107,9.5115,-2.8244
302457.7633,536902,218,-0.1750,-0.9558,0.2878,0.1679,10.4733,-3.9542
302457.7633,536912,218,-0.1807,-0.9436,0.2844,0.5954,9.5573,-4.4122
302457.7633,536922,218,-0.1719,-0.9392,0.2888,-0.5649,8.0305,-4.7786
302457.7633,536932,218,-0.1631,-0.9524,0.2859,-1.8015,6.5802,-4.7939
302457.7633,536942,218,-0.1484,-0.9622,0.2966,-2.0000,5.8626,-4.7023
302457.8845,536952,219,-0.1379,-0.9709,0.2981,-1.2977,6.5954,-4.9313
302457.8845,536962,219,-0.1448,-0.9795,0.2905,-0.1679,9.0076,-5.8321
302457.8845,536972,219,-0.1667,-0.9719,0.2815,1.3893,11.4962,-6.5954
302457.8845,536982,219,-0.1812,-0.9685,0.2739,2.6107,12.1527,-7.0382
302457.8845,536992,219,-0.1777,-0.9490,0.2795,3.1145,10.5191,-6.5954
302457.8845,537002,219,-0.1707,-0.9492,0.2854,2.0305,8.7176,-5.6183
302457.8845,537012,219,-0.1541,-0.9536,0.2971,0.5038,8.6260,-4.5191
302457.8845,537022,219,-0.1541,-0.9521,0.2949,-0.7786,11.4656,-4.2290
302457.8845,537032,219,-0.1599,-0.9653,0.2852,-1.9847,15.0534,-4.8855
302457.8845,537042,219,-0.1611,-0.9695,0.2859,-1.6641,16.7939,-5.0076
302458.0029,537052,220,-0.1475,-0.9751,0.2810,-0.9008,18.4733,-5.0382
302458.0029,537062,220,-0.1594,-0.9758,0.2798,-0.3664,21.4198,-4.3053
302458.0029,537072,220,-0.1731,-0.9685,0.2742,-0.2290,24.9771,-3.4198
302458.0029,537082,220,-0.1777,-0.9612,0.2720,-0.8855,27.4351,-2.0305
302458.0029,537092,220,-0.1816,-0.9482,0.2695,-2.1985,29.6947,-0.5802
302458.0029,537102,220,-0.1953,-0.9456,0.2639,-4.1221,33.1756,-0.0763
302458.0029,537112,220,-0.2004,-0.9482,0.2639,-5.7099,35.6336,0.1832
302458.0029,537122,220,-0.1992,-0.9475,0.2598,-6.1832,36.7481,0.9618
302458.0029,537132,220,-0.1909,-0.9478,0.2563,-6.3206,38.0153,1.3435
302458.0029,537142,220,-0.1951,-0.9426,0.2517,-5.6947,40.9160,1.0076
302458.0633,537152,221,-0.2092,-0.9438,0.2483,-5.4809,43.5267,0.5802
302458.0633,537162,221,-0.2163,-0.9377,0.2451,-5.5420,43.6183,1.1908
302458.0633,537172,221,-0.2114,-0.9292,0.2400,-6.1221,43.3282,2.1985
302458.0633,537182,221,-0.2139,-0.9270,0.2329,-8.0153,43.0076,3.4504
302458.0633,537192,221,-0.2212,-0.9080,0.2249,-10.0916,42.5954,5.1603
302458.0633,537202,221,-0.2200,-0.9150,0.2161,-13.8473,40.9466,6.6412
302458.0633,537212,221,-0.2192,-0.9272,0.2156,-17.1756,37.8931,8.3969
302458.0633,537222,221,-0.2046,-0.9360,0.2095,-19.6183,35.0687,9.8626
302458.0633,537232,221,-0.2004,-0.9382,0.2136,-21.4351,34.3511,11.2214
302458.0633,537242,221,-0.2107,-0.9346,0.2107,-22.7786,34.8855,11.7557
302458.1829,537252,222,-0.2207,-0.9182,0.2012,-24.4580,34.1985,12.4275
302458.1829,537262,222,-0.2393,-0.9075,0.1958,-27.9542,32.6870,13.0534
302458.1829,537272,222,-0.2688,-0.8979,0.1824,-32.9924,29.8321,14.7328
302458.1829,537282,222,-0.2847,-0.8557,0.1814,-39.0840,24.3664,17.6336
302458.1829,537292,222,-0.2903,-0.8325,0.1785,-48.9008,18.9160,19.6183
302458.1829,537302,222,-0.2666,-0.8418,0.1794,-60.4733,13.7405,19.2977
302458.1829,537312,222,-0.2246,-0.8513,0.1909,-70.5038,11.4351,17.8931
302458.1829,537322,222,-0.2019,-0.8440,0.1919,-79.6794,13.4198,16.1527
302458.1829,537332,222,-0.1987,-0.8450,0.1819,-89.8473,18.1985,14.5802
302458.1829,537342,222,-0.2061,-0.8594,0.1550,-101.2061,23.1450,14.9008
302458.3032,537352,223,-0.2168,-0.8779,0.1299,-111.7863,28.1985,16.3511
302458.3032,537362,223,-0.2219,-0.9214,0.0786,-121.0687,33.4504,17.4504
302458.3032,537372,223,-0.2415,-0.9556,0.0405,-124.7786,37.6336,18.3511
302458.3032,537382,223,-0.2415,-0.9744,0.0083,-123.5115,37.9542,18.9466
302458.3032,537392,223,-0.2388,-0.9758,-0.0193,-119.6489,38.1374,17.4809
302458.3032,537402,223,-0.2446,-0.9546,-0.0474,-114.1985,39.4351,15.4504
302458.3032,537412,223,-0.2576,-0.9373,-0.0723,-109.3435,40.7328,11.7863
302458.3032,537422,223,-0.2627,-0.9360,-0.1111,-105.6183,41.4198,6.9618
302458.3032,537432,223,-0.2827,-0.9360,-0.1565,-102.3206,40.9160,2.7328
302458.3032,537442,223,-0.3291,-0.9556,-0.2075,-100.0763,38.5649,1.5420
302458.3625,537452,224,-0.3801,-0.9802,-0.2668,-98.6870,34.3817,0.8702
302458.3625,537462,224,-0.4082,-1.0259,-0.2922,-96.3053,23.5420,2.4733
302458.3625,537472,224,-0.3430,-1.0686,-0.2888,-89.6641,8.1832,4.3511
302458.3625,537482,224,-0.2712,-1.1072,-0.2722,-80.3817,-1.4046,4.0763
302458.3625,537492,224,-0.2405,-1.0457,-0.2441,-71.4046,-2.1527,2.6260
302458.3625,537502,224,-0.2468,-1.2432,-0.3030,-66.2595,1.4809,-0.5649
302458.3625,537512,224,-0.2529,-1.1802,-0.2993,-45.9237,5.1145,0.2748
302458.3625,537522,224,-0.2795,-1.1494,-0.3020,-29.9389,6.8855,2.8092
302458.3625,537532,224,-0.2998,-1.1287,-0.3096,-18.5496,4.0611,2.5802
302458.3625,537542,224,-0.3179,-1.0706,-0.2986,-8.3664,-1.4504,4.1221
302458.4839,537552,225,-0.3396,-0.9990,-0.2822,-2.6870,-8.6412,6.2901
302458.4839,537562,225,-0.3330,-0.9670,-0.2661,-2.9160,-17.4046,7.4962
302458.4839,537572,225,-0.3252,-0.9561,-0.2583,-5.8626,-23.1603,9.0229
302458.4839,537582,225,-0.3120,-0.9617,-0.2449,-8.7939,-27.1145,10.3511
302458.4839,537592,225,-0.2854,-0.9844,-0.2366,-9.4198,-29.4046,10.7023
302458.4839,537602,225,-0.2854,-0.9822,-0.2344,-4.8855,-27.9389,10.0153
302458.4839,537612,225,-0.2900,-0.9788,-0.2307,2.9924,-25.9847,8.1527
302458.4839,537622,225,-0.2849,-0.9736,-0.2107,12.3664,-25.9695,5.7252
302458.4839,537632,225,-0.2832,-0.9543,-0.1995,22.0763,-24.1832,3.3130
302458.4839,537642,225,-0.3105,-0.9331,-0.1909,29.6336,-21.1298,1.4809
302458.6736,537652,226,-0.3201,-0.9148,-0.1836,33.2061,-22.1069,1.4962
302458.6736,537662,226,-0.3291,-0.8865,-0.1736,33.7557,-24.7786,3.0076
302458.6736,537672,226,-0.3394,-0.8557,-0.1650,31.1298,-27.2366,4.3511
302458.6736,537682,226,-0.3455,-0.8228,-0.1428,25.7557,-29.8015,5.2824
302458.6736,537692,226,-0.3445,-0.8042,-0.1423,17.5115,-32.4122,4.7176
302458.6736,537702,226,-0.3311,-0.8257,-0.1399,7.5267,-34.2290,2.8550
302458.6736,537712,226,-0.3328,-0.8757,-0.1582,-0.1374,-34.0763,0.5038
302458.6736,537722,226,-0.3420,-0.8972,-0.1597,-4.3053,-32.1679,-0.8244
302458.6736,537732,226,-0.3384,-0.9700,-0.2007,-5.2061,-31.8626,-2.3053
302458.6736,537742,226,-0.3135,-0.9810,-0.1831,1.1908,-35.4656,-2.2901
302458.6740,537752,227,-0.3000,-0.9622,-0.1604,11.6641,-34.7786,-1.2366
302458.6740,537762,227,-0.3279,-0.9272,-0.1592,19.6031,-32.2290,-1.2977
302458.6740,537772,227,-0.3418,-0.9089,-0.1584,24.6870,-34.2595,-2.0153
302458.6740,537782,227,-0.3445,-0.9014,-0.1641,27.6794,-38.3053,-2.6107
302458.6740,537792,227,-0.3474,-0.8774,-0.1428,29.2366,-43.9237,-1.8473
302458.6740,537802,227,-0.3372,-0.8560,-0.1272,27.7099,-49.2672,-0.3359
302458.6740,537812,227,-0.3491,-0.8638,-0.1182,23.0076,-52.0305,0.2443
302458.6740,537822,227,-0.3533,-0.8689,-0.1194,18.2595,-55.3588,1.2061
302458.6740,537832,227,-0.3521,-0.8896,-0.1174,15.3588,-61.4351,1.4046
302458.6740,537842,227,-0.3315,-0.9241,-0.1006,15.7710,-68.7176,0.9618
302458.7834,537852,228,-0.3137,-0.9458,-0.0708,21.0076,-73.3740,0.1374
302458.7834,537862,228,-0.3081,-0.9407,-0.0254,25.1756,-72.8550,-0.6412
302458.7834,537872,228,-0.2632,-0.9053,-0.0190,22.0458,-62.0611,-3.7557
302458.7834,537882,228,-0.3267,-0.9954,-0.0710,15.0229,-47.1908,-8.6565
302458.7834,537892,228,-0.2927,-0.9722,-0.0107,21.5878,-47.6183,-10.6718
302458.7834,537902,228,-0.1282,-0.9724,0.1252,21.5573,-48.6412,-6.1374
302458.7834,537912,228,-0.1943,-0.9673,0.1021,3.6031,-34.8550,4.5649
302458.7834,537922,228,-0.3323,-1.0205,0.0457,-11.8015,-20.6412,9.7252
302458.7834,537932,228,-0.3450,-1.0264,0.0264,-11.7863,-22.6107,11.2824
302458.7834,537942,228,-0.3303,-1.0205,0.0222,-7.9084,-28.6107,10.5954
302458.9034,537952,229,-0.3164,-1.0576,0.0110,-5.0076,-30.8550,7.8626
302458.9034,537962,229,-0.3167,-1.1221,-0.0205,2.5344,-32.7939,6.7786
302458.9034,537972,229,-0.3499,-1.0745,-0.0413,17.4809,-39.5115,9.2824
302458.9034,537982,229,-0.3835,-1.0730,-0.0618,30.5344,-48.4427,11.9084
302458.9034,537992,229,-0.3931,-1.0435,-0.0520,42.7481,-53.2366,12.7939
302458.9034,538002,229,-0.3459,-1.0132,-0.0212,52.7786,-58.4733,14.1527
302458.9034,538012,229,-0.3242,-0.9612,0.0269,59.6641,-57.3435,13.4656
302458.9034,538022,229,-0.3252,-0.8816,0.0525,60.0153,-52.6412,10.8855
302458.9034,538032,229,-0.3394,-0.8477,0.0847,51.1450,-49.2672,8.2443
302458.9034,538042,229,-0.3530,-0.8425,0.0833,39.8931,-45.5420,6.1374
302458.9632,538052,230,-0.3804,-0.8445,0.0713,29.7863,-42.8550,4.9008
302458.9632,538062,230,-0.3699,-0.8564,0.0703,20.5038,-43.0992,4.0000
302458.9632,538072,230,-0.3672,-0.8955,0.0637,11.5878,-43.8015,5.0687
302458.9632,538082,230,-0.3621,-0.9587,0.0237,9.6031,-46.7481,7.0076
302458.9632,538092,230,-0.3884,-0.9185,0.0176,16.8855,-54.1527,9.8015
302458.9632,538102,230,-0.4080,-0.9258,-0.0066,24.6412,-57.9542,4.7328
302458.9632,538112,230,-0.3918,-0.9253,-0.0020,34.0305,-64.0763,-2.1985
302458.9632,538122,230,-0.3691,-0.9062,0.0264,40.8855,-70.3359,-4.8702
302458.9632,538132,230,-0.3496,-0.9021,0.0579,42.4122,-71.0076,-4.5191
302458.9632,538142,230,-0.2747,-0.8762,0.1763,41.3282,-68.6565,-2.2290
302459.0838,538152,231,-0.0835,-0.8130,0.3838,36.8397,-59.2214,2.6565
302459.0838,538162,231,-0.0615,-0.8008,0.3730,18.1679,-33.8321,10.8855
302459.0838,538172,231,-0.3291,-0.8662,0.2869,-9.3130,-8.2748,19.0229
302459.0838,538182,231,-0.3994,-0.9463,0.2085,-17.8473,-11.9237,19.3130
302459.0838,538192,231,-0.3433,-1.0281,0.1880,-14.0458,-23.4198,14.9313
302459.0838,538202,231,-0.3289,-1.1436,0.1389,-9.0687,-25.8626,12.5191
302459.0838,538212,231,-0.3989,-1.1750,0.1077,6.4427,-25.6336,14.4885
302459.0838,538222,231,-0.3591,-1.1750,0.1267,29.7405,-33.8779,13.4962
302459.0838,538232,231,-0.3474,-1.1250,0.1484,51.1145,-35.0229,9.6183
302459.0838,538242,231,-0.3413,-1.0952,0.1704,66.9924,-35.7099,4.4885
302459.2620,538252,232,-0.2991,-1.0366,0.2097,79.8015,-36.5802,0.9008
302459.2620,538262,232,-0.3284,-0.9692,0.2283,88.3511,-30.9618,-2.4580
302459.2620,538272,232,-0.3767,-0.8574,0.2454,95.9237,-26.3359,-7.7099
302459.2620,538282,232,-0.3945,-0.7505,0.2568,93.9237,-27.7252,-10.6718
302459.2620,538292,232,-0.3665,-0.7168,0.2930,80.3817,-30.6718,-11.8015
302459.2620,538302,232,-0.3318,-0.7231,0.3213,61.7099,-27.6031,-9.7252
302459.2620,538312,232,-0.2820,-0.7456,0.3450,41.6947,-20.5496,-5.7710
302459.2620,538322,232,-0.2791,-0.8159,0.3472,21.3435,-10.5954,-1.7710
302459.2620,538332,232,-0.2695,-0.8713,0.3596,12.3053,-1.6031,-1.9542
302459.2620,538342,232,-0.1978,-0.9060,0.3872,15.0534,6.3206,-3.9084
302459.2637,538352,233,-0.1851,-0.8801,0.4048,21.7405,20.7328,-9.0382
302459.2637,538362,233,-0.1919,-0.8472,0.4099,23.8473,35.2519,-14.9008
302459.2637,538372,233,-0.2786,-0.8298,0.3521,25.0687,45.3588,-20.8702
302459.2637,538382,233,-0.3242,-0.8120,0.3276,30.3206,48.5649,-32.4427
302459.2637,538392,233,-0.3364,-0.8350,0.2993,31.5573,48.9313,-39.4351
302459.2637,538402,233,-0.3655,-0.8428,0.2690,31.8321,48.0763,-39.4962
302459.2637,538412,233,-0.3748,-0.8564,0.2603,28.6107,37.4198,-32.5191
302459.2637,538422,233,-0.3586,-0.8445,0.2646,25.4198,19.7710,-23.1450
302459.2637,538432,233,-0.3230,-0.8425,0.2959,20.6718,5.5420,-16.4427
302459.2637,538442,233,-0.2986,-0.8525,0.3071,15.3740,-0.4427,-12.1832
302459.3824,538452,234,-0.3057,-0.8591,0.3000,12.1527,0.7634,-10.1069
302459.3824,538462,234,-0.2932,-0.8835,0.3040,9.5267,3.0076,-10.5649
302459.3824,538472,234,-0.2686,-0.9189,0.3049,8.0458,5.3282,-11.6489
302459.3824,538482,234,-0.2725,-0.9285,0.3098,8.4885,10.6718,-12.6870
302459.3824,538492,234,-0.2971,-0.9250,0.2969,8.8855,15.9237,-13.0229
302459.3824,538502,234,-0.3130,-0.9141,0.2883,7.9084,18.1221,-12.5496
302459.3824,538512,234,-0.3367,-0.9104,0.2795,5.3282,18.4427,-12.0763
302459.3824,538522,234,-0.3447,-0.9087,0.2893,1.9695,17.4351,-12.7634
302459.3824,538532,234,-0.3359,-0.9204,0.2942,-3.5725,16.5344,-13.4809
302459.3824,538542,234,-0.3308,-0.9407,0.2917,-9.0229,16.9160,-12.0611
302459.5034,538552,235,-0.3269,-0.9402,0.2910,-11.6031,16.6107,-10.6412
302459.5034,538562,235,-0.3181,-0.9353,0.2856,-13.8626,14.9771,-8.4275
302459.5034,538572,235,-0.3201,-0.9248,0.2898,-16.9771,13.0076,-5.7557
302459.5034,538582,235,-0.3120,-0.9243,0.2888,-20.8397,11.3130,-3.2519
302459.5034,538592,235,-0.2939,-0.9380,0.2964,-22.9618,11.3740,-1.9695
302459.5034,538602,235,-0.2893,-0.9492,0.2986,-22.5802,13.8626,-1.2366
302459.5034,538612,235,-0.2676,-0.9719,0.3105,-20.0000,16.2443,-2.4122
302459.5034,538622,235,-0.2588,-1.0168,0.3262,-15.9084,19.1298,-3.6031
302459.5034,538632,235,-0.2419,-1.0354,0.3430,-7.4809,22.8550,-5.3893
302459.5034,538642,235,-0.2390,-1.0276,0.3579,3.8931,26.6870,-5.9389
302459.5638,538652,236,-0.2517,-0.9917,0.3721,13.4351,29.6794,-6.2137
302459.5638,538662,236,-0.2576,-0.9658,0.3779,16.8702,31.2061,-6.8092
302459.5638,538672,236,-0.2688,-0.9714,0.3972,14.4580,32.1221,-6.3969
302459.5638,538682,236,-0.2786,-1.0171,0.4058,8.3359,32.8855,-5.8473
302459.5638,538692,236,-0.3013,-1.0764,0.4060,2.5954,34.4885,-3.2824
302459.5638,538702,236,-0.3342,-1.1262,0.4111,-2.1069,34.3817,2.9313
302459.5638,538712,236,-0.3223,-1.1599,0.4126,-5.8168,30.2443,12.1374
302459.5638,538722,236,-0.3025,-1.2019,0.4246,-9.9695,26.9313,21.3130
302459.5638,538732,236,-0.3013,-1.2195,0.4277,-12.8855,26.8244,29.8626
302459.5638,538742,236,-0.3252,-1.2478,0.4084,-14.4427,28.9618,36.0916
302459.6839,538752,237,-0.3584,-1.3081,0.3782,-13.8626,31.1603,41.5267
302459.6839,538762,237,-0.4016,-1.3528,0.3484,-8.3969,31.8168,47.3588
302459.6839,538772,237,-0.4480,-1.3833,0.3054,0.0458,31.9542,52.6870
302459.6839,538782,237,-0.4631,-1.3914,0.2751,12.0458,29.3435,58.4275
302459.6839,538792,237,-0.4666,-1.3767,0.2622,24.4122,25.4504,63.7252
302459.6839,538802,237,-0.4766,-1.3486,0.2546,34.5038,20.9771,68.9771
302459.6839,538812,237,-0.4702,-1.3206,0.2524,39.6183,14.5496,75.7252
302459.6839,538822,237,-0.4956,-1.3047,0.2354,40.0763,10.6412,83.5420
302459.6839,538832,237,-0.5352,-1.2927,0.2019,40.2137,7.7405,92.1832
302459.6839,538842,237,-0.5642,-1.2805,0.1685,39.5573,1.0382,101.4351
302459.8020,538852,238,-0.5854,-1.2493,0.1418,38.8092,-8.7786,111.0076
302459.8020,538862,238,-0.5898,-1.2285,0.1252,40.6260,-19.8015,117.4198
302459.8020,538872,238,-0.5837,-1.1960,0.1140,46.6412,-29.4046,120.1985
302459.8020,538882,238,-0.5608,-1.1541,0.1018,56.7328,-37.9389,122.7634
302459.8020,538892,238,-0.5522,-1.0920,0.1069,69.8626,-43.3740,125.4046
302459.8020,538902,238,-0.5286,-1.0034,0.1179,86.0458,-47.2672,126.7176
302459.8020,538912,238,-0.5237,-0.9004,0.1277,102.8702,-48.1069,125.7710
302459.8020,538922,238,-0.5376,-0.8127,0.1421,116.7634,-48.1221,122.7176
302459.8020,538932,238,-0.5398,-0.7263,0.1543,126.2443,-50.3511,119.5725
302459.8020,538942,238,-0.5466,-0.6431,0.1775,130.7786,-52.5649,117.1450
302459.8646,538952,239,-0.5630,-0.5771,0.1909,130.6107,-54.9160,115.1756
302459.8646,538962,239,-0.5791,-0.5076,0.2095,127.9084,-57.4962,112.6565
302459.8646,538972,239,-0.6011,-0.4819,0.2249,120.7176,-59.2366,109.6489
302459.8646,538982,239,-0.6116,-0.4766,0.2341,112.9160,-59.8015,108.3359
302459.8646,538992,239,-0.5935,-0.4580,0.2512,108.8702,-59.1908,108.8550
302459.8646,539002,239,-0.5872,-0.4221,0.2559,107.3435,-56.5802,108.9313
302459.8646,539012,239,-0.5979,-0.3716,0.2747,106.3359,-54.0000,107.4656
302459.8646,539022,239,-0.6042,-0.3374,0.2971,103.1298,-53.9237,103.7099
302459.8646,539032,239,-0.6079,-0.3206,0.3098,100.5649,-54.5954,98.5496
302459.8646,539042,239,-0.6033,-0.2952,0.3372,101.2824,-56.5344,93.8779
302459.9833,539052,240,-0.5864,-0.2668,0.3552,102.4733,-58.9008,89.5115
302459.9833,539062,240,-0.5764,-0.2188,0.3970,102.4885,-60.7481,85.7710
302459.9833,539072,240,-0.5618,-0.1709,0.4429,100.0000,-62.7634,83.6031
302459.9833,539082,240,-0.5659,-0.1340,0.4834,92.5496,-63.1145,84.2901
302459.9833,539092,240,-0.5801,-0.1079,0.5088,82.4122,-61.6641,86.4122
302459.9833,539102,240,-0.5903,-0.1118,0.5054,71.3282,-60.0916,87.6489
302459.9833,539112,240,-0.5869,-0.1125,0.5022,62.8092,-59.8168,87.8168
302459.9833,539122,240,-0.5830,-0.1123,0.5012,57.8931,-61.4962,86.3053
302459.9833,539132,240,-0.5833,-0.0964,0.5022,56.2290,-63.9542,82.1374
302459.9833,539142,240,-0.5647,-0.0559,0.5342,56.5344,-67.8473,78.0916
302460.1034,539152,241,-0.5193,-0.0034,0.5779,54.9771,-71.3435,75.0687
302460.1034,539162,241,-0.5042,0.0396,0.6042,50.2290,-69.2214,71.8168
302460.1034,539172,241,-0.5068,0.0989,0.6431,44.8397,-66.2290,69.2519
302460.1034,539182,241,-0.5188,0.1396,0.6721,35.4809,-64.8244,67.4809
302460.1034,539192,241,-0.5315,0.1384,0.6926,22.0611,-63.2977,64.2748
302460.1034,539202,241,-0.5305,0.1165,0.7021,9.0687,-62.4427,60.0458
302460.1034,539212,241,-0.5247,0.0874,0.7136,-1.0534,-60.8244,54.9618
302460.1034,539222,241,-0.4824,0.0698,0.7368,-7.0076,-60.0458,50.0305
302460.1034,539232,241,-0.4482,0.0527,0.7673,-12.9313,-58.5038,46.9160
302460.1034,539242,241,-0.4299,0.0391,0.7905,-21.6031,-54.7328,45.1603
302460.1637,539252,242,-0.4160,-0.0081,0.8003,-32.1832,-51.7099,45.1450
302460.1637,539262,242,-0.3730,-0.1108,0.7812,-40.2901,-48.7786,47.1756
302460.1637,539272,242,-0.3635,-0.1716,0.7747,-41.0534,-47.5115,51.6641
302460.1637,539282,242,-0.3777,-0.1907,0.7761,-38.8855,-48.0153,59.6031
302460.1637,539292,242,-0.3787,-0.1951,0.7969,-37.0992,-51.9695,63.8626
302460.1637,539302,242,-0.3975,-0.1716,0.8252,-32.1069,-54.5344,64.3817
302460.1637,539312,242,-0.3940,-0.1145,0.8743,-25.7252,-54.4122,61.2366
302460.1637,539322,242,-0.4387,-0.0344,0.8926,-20.8550,-44.4427,54.3511
302460.1637,539332,242,-0.4849,0.0359,0.9109,-19.7099,-30.5649,41.5878
302460.1637,539342,242,-0.5032,0.0459,0.8862,-27.4046,-19.8931,33.6947
302460.2837,539352,243,-0.5364,-0.0083,0.8428,-41.0534,-13.5725,34.2443
302460.2837,539362,243,-0.5491,-0.0730,0.8057,-52.1832,-13.9695,37.8473
302460.2837,539372,243,-0.5469,-0.1145,0.7776,-58.9924,-18.2901,40.5649
302460.2837,539382,243,-0.5513,-0.1624,0.7556,-61.7557,-22.1069,39.9389
302460.2837,539392,243,-0.5249,-0.1792,0.7705,-59.3588,-27.2672,38.6718
302460.2837,539402,243,-0.4688,-0.1523,0.7944,-56.1832,-33.5573,41.0229
302460.2837,539412,243,-0.4355,-0.1401,0.8318,-54.3664,-36.7481,42.7328
302460.2837,539422,243,-0.3945,-0.1265,0.8823,-52.9160,-36.2137,39.2672
302460.2837,539432,243,-0.3765,-0.1270,0.9172,-55.3130,-32.0611,33.5878
302460.2837,539442,243,-0.3635,-0.1436,0.9153,-59.5878,-22.2290,26.6718
302460.4022,539452,244,-0.4612,-0.1785,0.8882,-65.8168,-3.4198,20.5649
302460.4022,539462,244,-0.5305,-0.1914,0.8362,-69.2214,3.6489,20.5038
302460.4022,539472,244,-0.5532,-0.1985,0.8108,-73.8473,1.2061,23.1145
302460.4022,539482,244,-0.5889,-0.2349,0.7773,-80.3969,0.0458,23.4046
302460.4022,539492,244,-0.6025,-0.3027,0.7458,-79.5267,-1.5725,17.7252
302460.4022,539502,244,-0.5825,-0.3918,0.7295,-66.0458,-1.8321,7.3282
302460.4022,539512,244,-0.5583,-0.3960,0.7441,-41.1603,-3.0687,0.0000
302460.4022,539522,244,-0.5623,-0.3618,0.7905,-19.6489,-7.4504,-3.1450
302460.4022,539532,244,-0.5215,-0.3079,0.8335,-9.6794,-16.3664,-0.6565
302460.4022,539542,244,-0.4998,-0.3267,0.8599,-11.1298,-16.9466,1.2672
302460.4630,539552,245,-0.4946,-0.3757,0.8591,-12.9618,-12.9313,2.7023
302460.4630,539562,245,-0.4893,-0.3738,0.8547,-7.9847,-10.5802,2.9466
302460.4630,539572,245,-0.4614,-0.4272,0.8284,-3.0534,-9.9237,1.3130
302460.4630,539582,245,-0.4819,-0.4380,0.7991,5.2366,-8.4733,0.6718
302460.4630,539592,245,-0.5090,-0.4075,0.7698,15.9237,-9.8473,2.8092
302460.4630,539602,245,-0.5020,-0.4453,0.7375,22.3511,-14.3359,5.0992
302460.4630,539612,245,-0.4917,-0.4370,0.7913,38.4122,-17.7405,6.3664
302460.4630,539622,245,-0.5259,-0.2827,0.7986,73.8779,-1.2672,-1.9847
302460.4630,539632,245,-0.5115,-0.2683,0.7891,87.3130,11.0687,-12.7939
302460.4630,539642,245,-0.4377,-0.2292,0.8542,95.5878,-1.1756,-13.4656
302460.5839,539652,246,-0.3306,-0.1787,0.9375,98.3206,-12.1985,-10.5802
302460.5839,539662,246,-0.3064,-0.1157,0.9490,91.8321,-3.2214,-7.5573
302460.5839,539672,246,-0.3479,-0.0896,0.9270,78.6565,12.9618,-9.6336
302460.5839,539682,246,-0.3455,-0.0803,0.9136,66.2901,20.8550,-10.4275
302460.5839,539692,246,-0.3105,-0.0212,0.9319,58.9771,24.2748,-9.2366
302460.5839,539702,246,-0.2502,0.0581,0.9578,52.5802,32.1374,-11.0076
302460.5839,539712,246,-0.1677,0.0842,0.9731,42.1069,44.0000,-12.9771
302460.5839,539722,246,-0.1343,0.1167,0.9470,31.9847,57.9237,-10.6412
302460.5839,539732,246,-0.1169,0.1562,0.9316,22.0611,71.2061,-8.7176
302460.5839,539742,246,-0.0547,0.2336,0.9094,15.8321,87.4656,-10.5038
302460.7164,539752,247,-0.0557,0.3357,0.7834,15.1756,105.2519,-18.0000
302460.7164,539762,247,-0.0999,0.4377,0.6614,15.4809,128.3206,-39.5115
302460.7164,539772,247,-0.1372,0.4568,0.5962,0.2901,129.2824,-44.8702
302460.7164,539782,247,-0.2251,0.5403,0.5122,-11.2214,134.6565,-30.1985
302460.7164,539792,247,-0.2493,0.5708,0.4119,-14.3511,141.2672,-31.6336
302460.7164,539802,247,-0.2769,0.6204,0.3342,-6.9008,148.1832,-64.5496
302460.7164,539812,247,-0.3562,0.8821,0.2542,7.9695,151.8626,-111.4046
302460.7164,539822,247,-0.3572,0.8030,0.2317,-17.7863,152.0763,-150.7786
302460.7164,539832,247,-0.4316,0.6765,0.1125,-37.8015,153.6794,-180.5344
302460.7164,539842,247,-0.6057,0.5532,0.0359,-33.5420,139.1298,-203.3130
302460.7644,539852,248,-0.5457,0.3833,0.0300,-24.7786,101.4351,-222.8855
302460.7644,539862,248,-0.5413,0.1978,0.0452,-27.6489,79.0687,-240.1374
302460.7644,539872,248,-0.6497,-0.0688,-0.0476,-46.3359,82.3969,-257.2519
302460.7644,539882,248,-0.6567,-0.4341,-0.0835,-65.2977,71.3740,-268.1679
302460.7644,539892,248,-0.6677,-0.7893,-0.0376,-68.1679,54.2290,-263.1298
302460.7644,539902,248,-0.6318,-0.9753,0.0291,-37.2519,35.2519,-257.0382
302460.7644,539912,248,-0.6755,-1.0994,0.0237,-19.9237,28.6718,-244.7939
302460.7644,539922,248,-0.7996,-1.2012,0.0566,-10.9466,14.4427,-225.9695
302460.7644,539932,248,-0.7849,-1.3145,0.1506,5.5725,-20.1221,-204.3359
302460.7644,539942,248,-0.7844,-1.3716,0.2556,19.6031,-50.1527,-181.9389
302460.8874,539952,249,-0.7595,-1.3684,0.3843,41.0687,-82.6412,-163.3893
302460.8874,539962,249,-0.6089,-1.2795,0.5906,58.3359,-112.7023,-149.7557
302460.8874,539972,249,-0.4473,-1.2412,0.7720,50.5802,-121.8931,-135.6336
302460.8874,539982,249,-0.3840,-1.2708,0.8513,30.5038,-112.0763,-120.4122
302460.8874,539992,249,-0.4443,-1.2952,0.8997,12.2443,-99.2824,-105.4046
302460.8874,540002,249,-0.5437,-1.3582,0.8823,-12.3969,-91.3130,-85.8779
302460.8874,540012,249,-0.5564,-1.2949,0.9094,-26.3206,-94.6260,-65.5573
302460.8874,540022,249,-0.5195,-1.2971,0.9292,-38.0763,-101.6336,-52.5496
302460.8874,540032,249,-0.5168,-1.3762,0.9202,-43.7710,-106.4580,-46.9771
302460.8874,540042,249,-0.4883,-1.3474,0.9158,-32.7634,-112.3969,-43.6489
302461.0031,540052,250,-0.4353,-1.2749,0.9355,-16.5038,-119.7405,-43.3588
302461.0031,540062,250,-0.3230,-1.1890,0.9736,2.9618,-123.1908,-45.3435
302461.0031,540072,250,-0.2146,-1.0288,1.0325,22.1527,-119.3588,-46.6260
302461.0031,540082,250,-0.1558,-0.8770,1.0684,29.4962,-109.4962,-44.3206
302461.0031,540092,250,-0.1152,-0.7629,1.0803,25.7557,-98.5344,-38.4275
302461.0031,540102,250,-0.0972,-0.6924,1.0789,16.0153,-87.4962,-31.4198
302461.0031,540112,250,-0.1167,-0.6433,1.0410,-0.4122,-77.2519,-23.6336
302461.0031,540122,250,-0.1360,-0.6536,0.9814,-18.7328,-70.7176,-17.9237
302461.0031,540132,250,-0.1279,-0.6719,0.9268,-33.9542,-68.9466,-15.5420
302461.0031,540142,250,-0.1226,-0.7224,0.9031,-43.3435,-66.5649,-19.6336
302461.0633,540152,251,0.0017,-0.8428,0.9578,-40.0458,-66.4580,-25.0076
302461.0633,540162,251,0.0242,-0.8804,0.9729,-23.4962,-52.0458,-21.8626
302461.0633,540172,251,-0.0698,-0.7644,0.8733,-0.9313,-27.2214,-21.8473
302461.0633,540182,251,-0.1948,-0.6357,0.7576,18.7481,-29.6489,-32.5496
302461.0633,540192,251,-0.0945,-0.7886,0.8469,11.1298,-41.0687,-39.2366
302461.0633,540202,251,-0.0505,-0.7761,0.8379,16.7328,-38.5954,-23.0687
302461.0633,540212,251,-0.0825,-0.7122,0.8110,27.5420,-31.7099,-17.0992
302461.0633,540222,251,-0.1589,-0.7100,0.7727,17.9542,-30.1069,-9.3893
302461.0633,540232,251,-0.1587,-0.7830,0.7649,7.5267,-36.1985,0.3359
302461.0633,540242,251,-0.1497,-0.7627,0.7668,10.6107,-41.7710,9.1450
302461.1836,540252,252,-0.0984,-0.7625,0.7788,16.5802,-44.2748,10.5191
302461.1836,540262,252,-0.0576,-0.8079,0.7703,22.7023,-39.2366,7.3282
302461.1836,540272,252,-0.1079,-0.9048,0.7202,38.4122,-26.4580,2.7939
302461.1836,540282,252,-0.1843,-0.8850,0.6960,65.2672,-15.7405,-1.4198
302461.1836,540292,252,-0.2078,-0.8030,0.7068,93.2061,-13.8779,-1.3282
302461.1836,540302,252,-0.1138,-0.7305,0.8086,117.6489,-15.4198,1.5878
302461.1836,540312,252,-0.0200,-0.6714,0.8445,145.0687,1.5115,7.8321
302461.1836,540322,252,-0.1094,-0.5938,0.8318,174.5191,28.3664,5.4504
302461.1836,540332,252,-0.1582,-0.3362,0.8914,185.8779,25.3893,1.6794
302461.1836,540342,252,-0.0095,-0.4148,0.8577,168.9924,13.8015,4.5038
302461.3023,540352,253,-0.1238,-0.4871,0.8611,133.9542,28.7481,-7.6183
302461.3023,540362,253,-0.1096,-0.5557,0.8628,117.4809,35.8626,-12.2595
302461.3023,540372,253,-0.1672,-0.6575,0.7703,127.1450,44.4122,-16.8855
302461.3023,540382,253,-0.3315,-0.8413,0.6748,155.5115,58.1069,-29.7863
302461.3023,540392,253,-0.3298,-0.9246,0.6257,203.0229,48.2901,-34.0153
302461.3023,540402,253,-0.3560,-0.8923,0.6084,263.4504,30.5344,-37.2519
302461.3023,540412,253,-0.0601,-0.8975,0.8882,329.0382,12.5496,-35.5115
302461.3023,540422,253,-0.3181,-0.2434,0.7249,422.4275,33.4809,-40.2443
302461.3023,540432,253,-0.2983,0.0637,0.7546,433.5725,-0.6718,-41.8015
302461.3023,540442,253,0.2842,0.4941,1.5642,345.0076,-75.0534,-9.1908
302461.4208,540452,254,0.3782,0.2205,1.4443,209.0534,-24.8702,6.0305
302461.4208,540462,254,-0.1562,0.1814,1.0369,166.2595,34.2901,5.3130
302461.4208,540472,254,-0.3459,0.0579,0.9351,151.2977,32.0153,0.4580
302461.4208,540482,254,-0.2654,0.0100,0.9937,127.6489,8.7481,-3.0687
302461.4208,540492,254,-0.1741,0.1255,1.0825,126.7328,-3.5878,-10.8702
302461.4208,540502,254,-0.1013,0.1523,1.1042,120.5496,-10.7328,-17.5115
302461.4208,540512,254,-0.1182,0.3176,1.1082,110.0611,-11.6031,-23.2061
302461.4208,540522,254,0.0115,0.5771,1.2183,79.0687,-12.3206,-29.9389
302461.4208,540532,254,0.1052,0.5984,1.1619,29.0534,1.0992,-49.3282
302461.4208,540542,254,-0.0256,0.5361,1.0999,-2.3511,44.1985,-87.1603
302461.4841,540552,255,-0.1450,0.5769,0.9478,-56.6107,82.7634,-111.2672
302461.4841,540562,255,-0.1506,0.5820,0.8628,-117.9542,87.8168,-125.9237
302461.4841,540572,255,-0.0605,0.4802,0.8655,-177.6947,79.5573,-134.8550
302461.4841,540582,255,0.0142,0.4614,0.8394,-236.9466,69.7557,-134.7176
302461.4841,540592,255,0.1609,0.3071,0.7756,-291.1756,64.6565,-139.5115
302461.4841,540602,255,0.1709,0.0752,0.6541,-332.2595,78.6412,-149.8321
302461.4841,540612,255,0.0679,-0.1680,0.5000,-358.9466,97.8626,-156.1985
302461.4841,540622,255,-0.1257,-0.3630,0.3616,-364.7634,114.5649,-154.3511
302461.4841,540632,255,-0.3518,-0.4431,0.2458,-351.2214,115.1450,-148.3817
302461.4841,540642,255,-0.5381,-0.4839,0.1399,-331.6641,97.3740,-137.4962
302461.6612,540652,0,-0.6829,-0.5105,0.0872,-316.7176,74.3817,-133.7252
302461.6612,540662,0,-0.7830,-0.5952,0.0527,-317.4962,47.8015,-128.2901
302461.6612,540672,0,-0.8013,-0.6709,0.0281,-320.4427,6.1832,-110.2137
302461.6612,540682,0,-0.7803,-0.7266,0.0308,-320.9008,-44.7634,-91.8779
302461.6612,540692,0,-0.6685,-0.8452,0.0562,-320.6565,-93.5573,-84.1679
302461.6612,540702,0,-0.4905,-0.9609,0.1282,-312.2595,-135.4809,-83.8931
302461.6612,540712,0,-0.3193,-1.0686,0.2312,-298.3817,-174.5191,-78.4275
302461.6612,540722,0,-0.0481,-1.1782,0.4412,-277.3740,-209.0840,-60.8855
302461.6612,540732,0,0.2490,-1.2456,0.6274,-256.8550,-212.3969,-43.0382
302461.6612,540742,0,0.3975,-1.2683,0.7051,-239.8931,-176.4733,-25.5573
302461.6630,540752,1,0.3821,-1.3088,0.7014,-226.1221,-124.7176,-9.6183
302461.6630,540762,1,0.2417,-1.2698,0.6660,-204.9924,-83.7099,4.8092
302461.6630,540772,1,0.0837,-1.1841,0.6516,-184.5038,-66.5191,15.5878
302461.6630,540782,1,0.0364,-1.1482,0.6167,-172.4427,-65.9695,25.7099
302461.6630,540792,1,0.0142,-1.1135,0.5823,-163.3893,-62.7176,34.0611
302461.6630,540802,1,-0.0288,-1.1106,0.5386,-157.2672,-52.3053,40.3206
302461.6630,540812,1,-0.0334,-1.1174,0.5010,-153.3282,-45.3130,45.3740
302461.6630,540822,1,-0.0229,-1.1353,0.4360,-152.3511,-38.3053,51.6336
302461.6630,540832,1,-0.0371,-1.1804,0.3796,-149.9389,-33.3282,58.1832
302461.6630,540842,1,-0.0132,-1.1804,0.3496,-138.7328,-31.2672,64.8397
302461.7842,540852,2,-0.0161,-1.1145,0.3169,-121.3435,-25.2214,70.0305
302461.7842,540862,2,0.0017,-1.0576,0.3308,-95.9847,-17.4198,66.0305
302461.7842,540872,2,0.0977,-0.9414,0.4385,-74.1374,-8.5038,55.4351
302461.7842,540882,2,0.1187,-1.0959,0.3171,-80.6412,4.4733,48.0000
302461.7842,540892,2,-0.0356,-1.0752,0.3005,-77.5420,23.6183,43.1298
302461.7842,540902,2,-0.2107,-1.0164,0.2095,-66.4580,33.9084,32.1832
302461.7842,540912,2,-0.2168,-0.9771,0.2144,-48.3206,19.6031,19.3893
302461.7842,540922,2,-0.1594,-0.9426,0.2036,-31.2214,1.2977,10.1527
302461.7842,540932,2,-0.1853,-0.9519,0.2065,-28.2290,-0.2748,2.2137
302461.7842,540942,2,-0.1331,-0.9573,0.2974,-27.2672,-0.8092,0.0763
302461.9072,540952,3,-0.1829,-1.0420,0.1328,4.9618,29.6489,-22.2595
302461.9072,540962,3,-0.1719,-0.9648,0.1902,18.9008,30.0916,-35.0076
302461.9072,540972,3,-0.0186,-0.9824,0.2434,10.3359,12.2290,-28.1527
302461.9072,540982,3,-0.0674,-0.9927,0.2129,0.5191,18.6565,-20.1221
302461.9072,540992,3,-0.1184,-0.9958,0.1846,-7.2672,24.3664,-13.7557
302461.9072,541002,3,-0.1316,-1.0034,0.1697,-13.2519,22.8702,-9.5115
302461.9072,541012,3,-0.1670,-1.0076,0.1479,-18.3359,22.1985,-7.0382
302461.9072,541022,3,-0.1829,-1.0176,0.1299,-20.1832,17.6794,-5.0840
302461.9072,541032,3,-0.1875,-1.0144,0.1211,-19.3740,12.5802,-3.6031
302461.9072,541042,3,-0.1831,-1.0137,0.1157,-18.1069,9.4504,-3.4198
302461.9623,541052,4,-0.1633,-1.0479,0.1055,-14.9466,7.2824,-4.2290
302461.9623,541062,4,-0.1587,-1.0435,0.1150,-6.3206,6.8092,-5.2977
302461.9623,541072,4,-0.1687,-1.0364,0.1128,0.5954,8.4275,-6.2290
302461.9623,541082,4,-0.1824,-1.0256,0.1167,4.4885,9.5878,-8.1069
302461.9623,541092,4,-0.1838,-1.0183,0.1318,7.0382,9.1450,-9.9084
302461.9623,541102,4,-0.1926,-0.9980,0.1367,8.3969,8.4427,-10.1527
302461.9623,541112,4,-0.1948,-0.9873,0.1433,7.2824,7.4809,-8.8855
302461.9623,541122,4,-0.2031,-0.9895,0.1467,4.1832,6.1985,-6.1221
302461.9623,541132,4,-0.2102,-0.9868,0.1445,1.2519,3.2061,-2.0458
302461.9623,541142,4,-0.2063,-0.9885,0.1423,-1.5725,-0.1985,1.3130
302462.0859,541152,5,-0.1926,-1.0090,0.1448,-4.5954,-1.9084,2.8244
302462.0859,541162,5,-0.1724,-1.0391,0.1438,-5.7099,-1.8168,3.5115
302462.0859,541172,5,-0.1763,-1.0557,0.1321,-3.3893,0.8397,4.0305
302462.0859,541182,5,-0.1992,-1.0366,0.1343,0.7634,3.0534,4.1679
302462.0859,541192,5,-0.1875,-1.0195,0.1377,3.7405,2.8092,3.4046
302462.0859,541202,5,-0.1917,-1.0073,0.1440,4.8855,3.2977,2.3511
302462.0859,541212,5,-0.2065,-0.9954,0.1450,4.7176,4.1679,1.4351
302462.0859,541222,5,-0.2068,-0.9905,0.1384,3.3740,3.0382,0.8550
302462.0859,541232,5,-0.1968,-0.9995,0.1458,0.9466,-0.0763,1.0076
302462.0859,541242,5,-0.1904,-1.0061,0.1401,-0.9160,-1.9847,1.2672
302462.2048,541252,6,-0.1980,-1.0127,0.1406,-1.4504,-3.0229,1.2977
302462.2048,541262,6,-0.1760,-1.0212,0.1357,-1.2366,-4.7786,1.1298
302462.2048,541272,6,-0.1384,-1.0361,0.1492,0.2137,-6.3511,1.6947
302462.2048,541282,6,-0.1340,-1.0354,0.1594,3.5115,-4.5191,3.2061
302462.2048,541292,6,-0.1499,-1.0164,0.1577,5.9237,-1.5573,4.7481
302462.2048,541302,6,-0.1519,-1.0005,0.1560,6.7328,0.1832,5.5725
302462.2048,541312,6,-0.1482,-0.9932,0.1611,6.5344,1.3282,5.1450
302462.2048,541322,6,-0.1482,-0.9934,0.1599,5.8931,2.0458,5.0534
302462.2048,541332,6,-0.1626,-0.9800,0.1580,5.4809,2.1221,5.9237
302462.2048,541342,6,-0.1628,-0.9692,0.1584,4.1374,1.0992,6.3817
302462.2633,541352,7,-0.1499,-0.9727,0.1570,2.2137,0.2595,5.9084
302462.2633,541362,7,-0.1440,-0.9797,0.1589,1.1908,-0.2748,5.6641
302462.2633,541372,7,-0.1536,-0.9763,0.1619,1.2061,-0.0916,6.2290
302462.2633,541382,7,-0.1687,-0.9731,0.1528,1.6947,0.4885,6.5802
302462.2633,541392,7,-0.1704,-0.9685,0.1560,3.1603,-0.7023,5.5267
302462.2633,541402,7,-0.1580,-0.9634,0.1665,4.5191,-2.6412,3.4809
302462.2633,541412,7,-0.1436,-0.9702,0.1694,5.0992,-3.7252,1.9389
302462.2633,541422,7,-0.1375,-0.9656,0.1802,6.3206,-3.9847,0.6412
302462.2633,541432,7,-0.1343,-0.9578,0.1892,7.3740,-3.6641,-0.5802
302462.2633,541442,7,-0.1409,-0.9375,0.2029,7.1298,-2.9771,-0.4122
302462.3837,541452,8,-0.1462,-0.9299,0.2043,4.9008,-1.9084,0.0000
302462.3837,541462,8,-0.1499,-0.9358,0.2029,1.9084,-0.2595,-0.4580
302462.3837,541472,8,-0.1489,-0.9402,0.2021,-0.2137,1.4504,-1.0229
302462.3837,541482,8,-0.1609,-0.9548,0.1946,-2.8702,3.3282,-0.7176
302462.3837,541492,8,-0.1702,-0.9739,0.1863,-4.8244,4.1527,-0.1069
302462.3837,541502,8,-0.1648,-0.9807,0.1792,-4.7481,3.8931,0.3664
302462.3837,541512,8,-0.1580,-0.9771,0.1812,-2.7786,4.1832,0.0000
302462.3837,541522,8,-0.1675,-0.9792,0.1797,-0.8244,4.2901,-0.7786
302462.3837,541532,8,-0.1687,-0.9636,0.1797,1.1756,3.5878,-1.3893
302462.3837,541542,8,-0.1609,-0.9453,0.1843,2.0458,2.9160,-2.2901
302462.5026,541552,9,-0.1589,-0.9448,0.1824,1.3435,3.6336,-4.0763
302462.5026,541562,9,-0.1602,-0.9487,0.1836,0.2443,4.5496,-5.5420
302462.5026,541572,9,-0.1628,-0.9529,0.1809,-1.1145,5.5725,-6.5496
302462.5026,541582,9,-0.1665,-0.9607,0.1719,-2.5496,5.9542,-7.1450
302462.5026,541592,9,-0.1694,-0.9673,0.1704,-3.3282,6.3206,-7.3893
302462.5026,541602,9,-0.1831,-0.9778,0.1599,-4.2748,6.5954,-7.0840
302462.5026,541612,9,-0.1843,-0.9832,0.1484,-4.9924,5.2519,-6.4580
302462.5026,541622,9,-0.1809,-0.9937,0.1448,-4.9771,3.5725,-6.3053
302462.5026,541632,9,-0.1804,-1.0020,0.1438,-4.1221,2.0916,-6.3206
302462.5026,541642,9,-0.1826,-1.0032,0.1443,-2.5802,0.3206,-6.4122
302462.5634,541652,10,-0.1714,-1.0076,0.1479,-0.8397,-1.4962,-6.7939
302462.5634,541662,10,-0.1655,-1.0015,0.1558,1.7710,-2.8702,-7.3130
302462.5634,541672,10,-0.1670,-0.9915,0.1694,4.4580,-3.6183,-7.8626
302462.5634,541682,10,-0.1628,-0.9778,0.1792,6.0153,-3.9084,-8.5954
302462.5634,541692,10,-0.1484,-0.9678,0.1838,6.2443,-4.1221,-9.2977
302462.5634,541702,10,-0.1375,-0.9739,0.1873,5.0992,-3.7863,-9.3740
302462.5634,541712,10,-0.1284,-0.9827,0.1887,3.4046,-2.7481,-8.8550
302462.5634,541722,10,-0.1179,-0.9922,0.1887,2.0763,-1.9084,-7.9084
302462.5634,541732,10,-0.1099,-0.9963,0.1855,0.6565,-0.4580,-6.8092
302462.5634,541742,10,-0.1152,-0.9893,0.1914,-0.4733,1.3282,-5.7099
302462.7421,541752,11,-0.1140,-0.9880,0.1853,-1.5115,2.3817,-4.9924
302462.7421,541762,11,-0.1077,-0.9983,0.1853,-2.1221,3.4046,-4.8550
302462.7421,541772,11,-0.1111,-0.9932,0.1843,-0.1374,5.5267,-5.4504
302462.7421,541782,11,-0.1174,-0.9773,0.1841,1.9389,7.8015,-6.0153
302462.7421,541792,11,-0.1313,-0.9614,0.1812,1.6947,9.6336,-6.2290
302462.7421,541802,11,-0.1326,-0.9587,0.1748,0.2443,10.9313,-6.8550
302462.7421,541812,11,-0.1436,-0.9624,0.1689,-1.0992,11.8779,-7.3893
302462.7421,541822,11,-0.1501,-0.9551,0.1641,-2.2443,12.0153,-7.8321
302462.7421,541832,11,-0.1489,-0.9651,0.1521,-4.3359,11.1603,-8.9466
302462.7421,541842,11,-0.1387,-0.9888,0.1514,-6.2595,9.9389,-10.2748
302462.8613,541852,12,-0.1279,-1.0146,0.1479,-6.6565,8.9008,-10.6107
302462.8613,541862,12,-0.1255,-1.0288,0.1394,-5.3130,8.5191,-9.5725
302462.8613,541872,12,-0.1260,-1.0286,0.1416,-2.6260,8.7786,-8.4122
302462.8613,541882,12,-0.1321,-1.0164,0.1428,-1.1756,9.2061,-6.8855
302462.8613,541892,12,-0.1396,-1.0137,0.1436,-1.4198,9.0076,-5.7252
302462.8613,541902,12,-0.1438,-1.0100,0.1431,-2.1679,8.4733,-6.0611
302462.8613,541912,12,-0.1543,-1.0261,0.1404,-3.1908,7.9847,-7.0382
302462.8613,541922,12,-0.1548,-1.0403,0.1350,-2.5038,6.5191,-8.5191
302462.8613,541932,12,-0.1475,-1.0608,0.1265,-0.4733,5.0534,-10.5954
302462.8613,541942,12,-0.1523,-1.0745,0.1248,3.6183,4.1527,-12.8855
302462.8635,541952,13,-0.1479,-1.0818,0.1250,9.9389,3.4351,-14.8702
302462.8635,541962,13,-0.1511,-1.0771,0.1299,17.3588,2.8397,-15.6641
302462.8635,541972,13,-0.1433,-1.0569,0.1448,25.2366,1.8473,-15.6947
302462.8635,541982,13,-0.1375,-1.0281,0.1624,31.6794,1.0687,-15.3435
302462.8635,541992,13,-0.1504,-1.0039,0.1707,34.1985,1.8931,-14.1527
302462.8635,542002,13,-0.1555,-0.9905,0.1763,33.3435,1.9084,-11.7557
302462.8635,542012,13,-0.1614,-0.9834,0.1877,30.6260,1.3130,-8.1374
302462.8635,542022,13,-0.1748,-0.9756,0.1899,27.0840,1.3893,-3.9389
302462.8635,542032,13,-0.1802,-0.9768,0.1885,22.7634,1.2824,-0.0153
302462.8635,542042,13,-0.1768,-0.9812,0.1943,17.3435,0.3817,3.0534
302462.9822,542052,14,-0.1755,-0.9929,0.1877,12.5496,-0.9771,5.4962
302462.9822,542062,14,-0.1697,-1.0117,0.1892,9.1603,-2.5649,6.8702
302462.9822,542072,14,-0.1741,-1.0222,0.1895,7.4656,-3.7405,8.1069
302462.9822,542082,14,-0.1697,-1.0281,0.1853,6.8855,-4.9466,8.9008
302462.9822,542092,14,-0.1643,-1.0398,0.1899,6.5496,-6.5191,8.6718
302462.9822,542102,14,-0.1587,-1.0415,0.1985,8.5344,-7.7557,7.3740
302462.9822,542112,14,-0.1294,-1.0364,0.2163,11.8473,-9.3740,5.1145
302462.9822,542122,14,-0.1067,-1.0371,0.2302,15.6336,-9.1756,1.9237
302462.9822,542132,14,-0.0916,-1.0369,0.2441,20.0000,-7.5420,-0.8244
302462.9822,542142,14,-0.0918,-1.0117,0.2488,24.8244,-5.8779,-1.6336
302463.1040,542152,15,-0.0984,-0.9736,0.2593,27.8931,-4.5344,-2.1221
302463.1040,542162,15,-0.0935,-0.9436,0.2747,28.2595,-5.0534,-1.9542
302463.1040,542172,15,-0.0996,-0.9226,0.2815,26.3206,-6.1221,-0.6870
302463.1040,542182,15,-0.1006,-0.9016,0.2888,22.5649,-8.3664,0.9008
302463.1040,542192,15,-0.0002,-0.8403,0.4351,16.8092,-11.7099,3.0840
302463.1040,542202,15,0.0042,-0.8857,0.2729,6.5344,-14.0611,7.8473
302463.1040,542212,15,-0.1187,-0.9155,0.3428,1.9389,6.9008,-1.8015
302463.1040,542222,15,-0.0466,-0.9304,0.3174,-4.3511,0.5954,5.0992
302463.1040,542232,15,-0.0579,-0.9263,0.2695,1.3282,-4.8244,-1.9237
302463.1040,542242,15,-0.0908,-1.0474,0.2419,6.3053,4.6565,-11.0992
302463.1649,542252,16,-0.1243,-0.9622,0.2454,12.3664,7.2366,-3.9542
302463.1649,542262,16,-0.0549,-0.8894,0.2795,13.2519,3.2824,-2.0611
302463.1649,542272,16,-0.0518,-0.8914,0.2883,7.9084,8.4885,-3.8779
302463.1649,542282,16,-0.1243,-0.8977,0.2451,5.1450,17.2977,-4.2137
302463.1649,542292,16,-0.1960,-0.9048,0.1963,5.2672,17.7863,-6.3206
302463.1649,542302,16,-0.2053,-0.8914,0.1938,5.6336,9.2977,-10.8550
302463.1649,542312,16,-0.1621,-0.8975,0.2092,0.4733,-0.7634,-10.4733
302463.1649,542322,16,-0.1614,-0.9324,0.1899,-5.7710,-4.2595,-4.2443
302463.1649,542332,16,-0.1604,-0.9707,0.1980,-12.6107,-5.4656,3.4809
302463.1649,542342,16,-0.1294,-0.9976,0.1912,-14.2443,-10.5038,9.0687
302463.2824,542352,17,-0.0928,-1.0010,0.2263,-15.1603,-8.4122,12.8092
302463.2824,542362,17,-0.0500,-1.0037,0.2441,-11.6641,-6.9618,12.1832
302463.2824,542372,17,-0.0286,-1.0645,0.2471,-6.9160,1.6489,7.6947
302463.2824,542382,17,-0.0981,-1.0256,0.2400,0.8702,13.4962,7.4351
302463.2824,542392,17,-0.1394,-0.9829,0.2363,6.7328,18.1221,4.1069
302463.2824,542402,17,-0.1973,-0.9011,0.2334,10.0153,17.8473,-1.5115
302463.2824,542412,17,-0.2068,-0.8621,0.2568,7.6183,9.6489,-7.6641
302463.2824,542422,17,-0.1233,-0.8345,0.3157,-3.7405,2.8550,-5.2672
302463.2824,542432,17,-0.0737,-0.7805,0.2786,-10.7939,-0.5649,-0.5954
302463.2824,542442,17,-0.0713,-0.9072,0.3672,-23.4351,6.9618,-8.1069
302463.4024,542452,18,-0.1936,-1.0759,0.0925,-35.7863,16.4427,11.5267
302463.4024,542462,18,-0.1025,-0.8782,0.2395,-19.6947,6.6412,12.9313
302463.4024,542472,18,0.1016,-0.9028,0.3723,-33.0229,-7.4046,5.1298
302463.4024,542482,18,0.0132,-0.8625,0.2893,-35.4198,7.0840,3.8626
302463.4024,542492,18,-0.1116,-1.0259,0.2029,-34.8702,25.2214,1.1145
302463.4024,542502,18,-0.2070,-0.9858,0.1802,-31.9084,24.1374,5.5573
302463.4024,542512,18,-0.1243,-0.9941,0.1826,-32.2443,9.9084,7.5267
302463.4024,542522,18,-0.1313,-1.0154,0.1804,-33.9847,8.1221,10.0000
302463.4024,542532,18,-0.1404,-1.0544,0.1833,-36.6260,14.0916,14.3511
302463.4024,542542,18,-0.1138,-1.0566,0.1948,-36.2595,18.3053,20.5802
302463.4644,542552,19,-0.1421,-1.0305,0.1841,-34.8855,27.9237,22.2595
302463.4644,542562,19,-0.1946,-0.9937,0.1882,-33.6947,35.3282,18.7786
302463.4644,542572,19,-0.1194,-0.8975,0.2932,-34.6412,35.7557,14.8244
302463.4644,542582,19,-0.1567,-0.8916,0.1802,-38.1679,42.3817,6.3206
302463.4644,542592,19,-0.3108,-0.9551,0.1416,-40.7176,53.8168,-8.4733
302463.4644,542602,19,-0.2527,-0.9636,0.1311,-36.9008,47.8931,-8.9008
302463.4644,542612,19,-0.1326,-0.9763,0.1416,-32.2137,40.9924,-4.6260
302463.4644,542622,19,-0.0830,-0.9944,0.1470,-28.3053,46.6870,-3.3588
302463.4644,542632,19,-0.0852,-0.9858,0.1360,-24.0611,58.3511,-4.5496
302463.4644,542642,19,-0.1025,-0.9924,0.1284,-22.1069,68.9466,-6.0305
302463.5837,542652,20,-0.1624,-1.0061,0.0845,-20.7634,77.3435,-6.7176
302463.5837,542662,20,-0.2207,-1.0059,0.0486,-17.8779,79.9084,-8.4122
302463.5837,542672,20,-0.2646,-1.0208,0.0195,-16.2901,75.5115,-11.0687
302463.5837,542682,20,-0.2236,-0.9607,0.1250,-13.5420,66.5038,-12.7328
302463.5837,542692,20,-0.0996,-0.9016,0.0474,-26.5191,94.8092,-38.8702
302463.5837,542702,20,-0.2429,-1.0801,-0.0581,-62.8244,129.7405,-50.8855
302463.5837,542712,20,-0.4468,-1.1001,-0.2432,-61.5573,111.3588,-34.6565
302463.5837,542722,20,-0.3320,-1.0798,-0.1140,-30.9771,52.0153,-29.9389
302463.5837,542732,20,-0.0422,-1.0134,0.0227,-13.1145,14.1527,-28.5802
302463.5837,542742,20,-0.1611,-1.0889,-0.0757,-19.1908,24.0153,-22.1985
302463.7618,542752,21,-0.1646,-1.1060,-0.0757,-9.4656,17.2061,-16.0153
302463.7618,542762,21,-0.0525,-1.0676,-0.0039,8.7023,4.7023,-14.6260
302463.7618,542772,21,-0.1318,-1.1252,-0.0249,17.6031,7.3588,-9.0992
302463.7618,542782,21,-0.0503,-1.1106,0.2029,28.1985,2.5344,-4.4580
302463.7618,542792,21,0.1951,-1.0840,0.3765,51.1145,12.9160,-4.6870
302463.7618,542802,21,0.1328,-1.0864,0.3713,57.8779,52.2137,17.8168
302463.7618,542812,21,-0.0994,-1.1719,0.2358,55.3740,84.8397,52.7939
302463.7618,542822,21,-0.0774,-1.1660,0.1887,51.5878,77.5573,57.3893
302463.7618,542832,21,-0.1316,-0.9578,0.1326,61.1450,68.9160,58.5191
302463.7618,542842,21,-0.1284,-0.9094,0.0427,64.5038,57.8473,45.0840
302463.7636,542852,22,-0.2188,-1.0305,-0.0139,52.7328,50.6260,28.9771
302463.7636,542862,22,-0.2292,-1.0635,-0.0198,62.0305,33.9237,18.1069
302463.7636,542872,22,-0.1672,-1.0488,0.0291,76.4580,19.5420,9.8779
302463.7636,542882,22,-0.1785,-1.0422,0.0515,86.3969,17.8626,1.1298
302463.7636,542892,22,-0.2141,-1.0405,0.0349,96.6718,12.0153,-4.3359
302463.7636,542902,22,-0.1433,-0.8320,0.1699,111.8473,8.7481,-13.5725
302463.7636,542912,22,-0.2048,-0.8477,0.2566,109.1145,33.1603,-27.4046
302463.7636,542922,22,-0.2605,-0.8677,0.2302,96.2748,25.7099,-29.4351
302463.7636,542932,22,-0.2847,-0.8447,0.2661,91.2061,14.1374,-35.3740
302463.7636,542942,22,-0.2502,-0.9233,0.2781,90.1832,-0.8855,-46.8397
302463.8852,542952,23,-0.2297,-1.0034,0.2766,97.0840,-12.7786,-61.5725
302463.8852,542962,23,-0.1252,-1.0566,0.2737,107.7099,-21.4351,-73.7557
302463.8852,542972,23,-0.0813,-1.1934,0.2227,116.9313,-20.9008,-81.6489
302463.8852,542982,23,0.0024,-1.4993,0.2478,150.6870,-12.2748,-85.1603
302463.8852,542992,23,0.0596,-1.7214,0.4006,263.9084,9.3740,-87.3740
302463.8852,543002,23,0.0703,-1.0867,0.3389,420.1221,47.3588,-82.8855
302463.8852,543012,23,-0.0718,-0.5845,0.5530,473.1298,96.2901,-91.3588
302463.8852,543022,23,0.0376,-1.0276,0.7446,371.0992,103.3282,-103.8626
302463.8852,543032,23,-0.3186,-0.6790,0.4087,303.0229,154.0916,-1.6641
302463.8852,543042,23,-0.3411,-0.6992,0.4275,315.6336,124.9466,6.3511
302464.0030,543052,24,-0.2749,-0.8142,0.4749,321.5878,83.6336,-8.3817
302464.0030,543062,24,-0.2107,-0.7090,0.5981,310.9313,75.3282,12.9771
302464.0030,543072,24,-0.2412,-0.5984,0.5723,260.4427,39.8168,48.2595
302464.0030,543082,24,-0.3213,-0.6650,0.4578,208.3511,4.8092,65.0840
302464.0030,543092,24,-0.3503,-0.7410,0.4404,176.9313,-36.4122,63.3282
302464.0030,543102,24,-0.3438,-0.7373,0.4128,168.6412,-87.0534,66.4885
302464.0030,543112,24,-0.3918,-0.5701,0.4094,170.3511,-140.0153,70.8244
302464.0030,543122,24,-0.3694,-0.3828,0.4331,163.7557,-200.7939,79.0687
302464.0030,543132,24,-0.2542,-0.2502,0.5232,145.3282,-263.6794,88.9924
302464.0030,543142,24,-0.0562,-0.1433,0.6143,120.7634,-312.6260,89.0229
302464.0631,543152,25,0.0461,-0.1523,0.6682,101.0229,-331.0687,74.0458
302464.0631,543162,25,0.3762,-0.3745,0.9634,103.6947,-335.4046,41.4046
302464.0631,543172,25,0.4189,-0.4224,1.0176,206.3359,-288.3817,-15.3282
302464.0631,543182,25,0.2827,0.1401,0.9626,300.8397,-244.4885,-70.7176
302464.0631,543192,25,0.2981,0.1934,1.0671,257.8321,-206.9618,-42.3664
302464.0631,543202,25,0.4622,0.1626,1.1531,180.4580,-175.8779,-11.6183
302464.0631,543212,25,0.4192,0.4102,1.1748,101.6031,-132.7939,0.7023
302464.0631,543222,25,0.2581,0.1506,0.8091,5.0840,-72.8702,4.3359
302464.0631,543232,25,0.0566,-0.0547,0.7520,-16.0000,-40.7481,-6.1527
302464.0631,543242,25,0.1609,0.0540,0.7476,0.4580,-48.9313,-1.4504
302464.1835,543252,26,0.1792,0.1106,0.7173,-2.7328,-45.1145,4.6107
302464.1835,543262,26,0.1011,0.1174,0.6824,-11.7710,-35.6947,-3.6031
302464.1835,543272,26,0.0371,-0.0127,0.6514,-21.6031,-35.9389,-15.4198
302464.1835,543282,26,0.0813,-0.1851,0.6638,-30.0153,-46.4580,-31.9542
302464.1835,543292,26,0.1523,-0.2468,0.7107,-26.6718,-61.2977,-41.7710
302464.1835,543302,26,0.2236,-0.2166,0.7849,-11.8779,-68.9313,-47.1756
302464.1835,543312,26,0.3015,-0.1262,0.8535,4.2595,-71.4962,-51.9542
302464.1835,543322,26,0.2639,-0.0696,0.7864,18.1679,-60.3969,-59.4046
302464.1835,543332,26,0.2788,0.0217,0.7908,31.1603,-47.6641,-71.8931
302464.1835,543342,26,0.3992,0.1677,0.8770,35.2672,-39.0229,-69.8473
302464.3029,543352,27,0.5066,0.3608,0.9282,25.5573,-25.6031,-58.4885
302464.3029,543362,27,0.4968,0.4822,0.9377,0.7634,2.2748,-48.8397
302464.3029,543372,27,0.4678,0.6218,0.9248,-29.4046,24.7634,-46.4885
302464.3029,543382,27,0.4692,0.6292,0.9290,-75.2672,39.1756,-57.7557
302464.3029,543392,27,0.4580,0.3850,0.8953,-129.8626,51.7863,-74.2595
302464.3029,543402,27,0.4175,0.0012,0.8401,-166.3511,58.3664,-94.5344
302464.3029,543412,27,0.4004,-0.3586,0.8347,-165.2824,56.7481,-116.3969
302464.3029,543422,27,0.3875,-0.5874,0.8701,-132.0153,49.2214,-135.2366
302464.3029,543432,27,0.3738,-0.6123,0.9058,-82.4885,36.6565,-146.7786
302464.3029,543442,27,0.3611,-0.4951,0.9451,-38.7176,26.1221,-146.4885
302464.3631,543452,28,0.3403,-0.2932,0.9685,-16.9924,19.1450,-136.6565
302464.3631,543462,28,0.3145,-0.1851,0.9880,-22.6412,15.8321,-124.5496
302464.3631,543472,28,0.3779,-0.2324,1.0039,-49.2977,10.9924,-117.2366
302464.3631,543482,28,0.5142,-0.4050,1.0154,-82.0305,5.5573,-112.4275
302464.3631,543492,28,0.5869,-0.5854,1.0300,-106.7786,7.8168,-106.3053
302464.3631,543502,28,0.5781,-0.7605,0.9941,-116.8397,17.4809,-98.9008
302464.3631,543512,28,0.5210,-0.9849,0.9224,-111.5725,28.9008,-94.9313
302464.3631,543522,28,0.4275,-1.0940,0.8733,-84.7786,34.5802,-95.3282
302464.3631,543532,28,0.4021,-1.0371,0.8655,-41.3435,26.8092,-94.7939
302464.3631,543542,28,0.3604,-0.8521,0.8474,-3.1756,16.8855,-88.7176
302464.4840,543552,29,0.3279,-0.6145,0.8435,12.7939,5.4809,-80.5802
302464.4840,543562,29,0.3372,-0.4199,0.8494,1.2672,-9.1298,-73.7557
302464.4840,543572,29,0.3970,-0.3606,0.8616,-32.3511,-23.6031,-66.3359
302464.4840,543582,29,0.4829,-0.5063,0.8457,-77.6183,-33.4504,-59.7099
302464.4840,543592,29,0.5549,-0.8047,0.8108,-115.0534,-34.3053,-55.3282
302464.4840,543602,29,0.5911,-1.0625,0.8330,-120.6412,-29.2061,-48.8855
302464.4840,543612,29,0.7178,-1.1475,0.8030,-94.9313,-29.3282,-42.6718
302464.4840,543622,29,0.7104,-1.1138,0.8147,-59.6489,-23.6031,-44.0458
302464.4840,543632,29,0.6248,-0.9517,0.8125,-25.4809,-21.4656,-39.5725
302464.4840,543642,29,0.6487,-0.7781,0.8213,-5.5420,-24.9008,-32.5038
302464.6040,543652,30,0.6587,-0.6538,0.8347,-8.9466,-20.7634,-22.1374
302464.6040,543662,30,0.6379,-0.5774,0.8137,-22.9008,-14.8244,-10.1679
302464.6040,543672,30,0.6213,-0.5625,0.7776,-34.0153,-11.7252,-2.1221
302464.6040,543682,30,0.6052,-0.5605,0.7673,-39.4809,-6.1679,-0.0611
302464.6040,543692,30,0.5828,-0.5686,0.7446,-42.4275,0.5954,0.2748
302464.6040,543702,30,0.5427,-0.6096,0.7166,-45.6336,9.9695,-2.6565
302464.6040,543712,30,0.5198,-0.6284,0.7043,-42.9008,13.4962,-4.0611
302464.6040,543722,30,0.5415,-0.6189,0.6914,-36.6412,7.9542,0.5496
302464.6040,543732,30,0.5527,-0.6086,0.6929,-28.9771,-1.6031,8.1221
302464.6040,543742,30,0.5742,-0.5535,0.7166,-21.0840,-8.8092,13.9695
302464.6633,543752,31,0.6121,-0.5190,0.7607,-18.1069,-12.4122,18.4122
302464.6633,543762,31,0.6074,-0.5454,0.8086,-19.1298,-7.9237,18.9466
302464.6633,543772,31,0.6335,-0.5830,0.8420,-21.3130,-2.4427,15.6947
302464.6633,543782,31,0.6836,-0.6260,0.8203,-21.5420,4.8855,14.5038
302464.6633,543792,31,0.5950,-0.6572,0.8403,-16.8702,16.4427,14.5496
302464.6633,543802,31,0.5808,-0.6372,0.8279,-8.1221,18.1374,10.2901
302464.6633,543812,31,0.6125,-0.6663,0.8279,0.1985,12.3511,10.2748
302464.6633,543822,31,0.6272,-0.6426,0.8606,11.4046,7.6947,11.4198
302464.6633,543832,31,0.6431,-0.5850,0.8496,24.7023,1.8015,11.0382
302464.6633,543842,31,0.5840,-0.5142,0.8540,30.7023,3.8321,10.4427
302464.8422,543852,32,0.5698,-0.4587,0.8569,28.2595,3.0076,11.8473
302464.8422,543862,32,0.5911,-0.4619,0.8552,17.5878,-0.6870,15.6489
302464.8422,543872,32,0.5630,-0.4897,0.8455,1.5267,1.4656,18.7023
302464.8422,543882,32,0.5432,-0.5571,0.8062,-11.6489,3.4351,23.2519
302464.8422,543892,32,0.5232,-0.6306,0.7947,-15.8931,3.8626,23.1756
302464.8422,543902,32,0.5225,-0.6975,0.7676,-7.7863,3.8168,18.7481
302464.8422,543912,32,0.5066,-0.6926,0.7830,10.2290,4.0763,10.2595
302464.8422,543922,32,0.5359,-0.6077,0.8184,26.6870,-0.7786,5.5573
302464.8422,543932,32,0.5508,-0.5320,0.8320,29.9847,-3.1450,7.6183
302464.8422,543942,32,0.5076,-0.5007,0.8274,23.4198,0.9008,10.4885
302464.9032,543952,33,0.4426,-0.4792,0.8020,12.7328,1.6336,15.5878
302464.9032,543962,33,0.4150,-0.4568,0.8071,2.1985,-2.3664,19.3893
302464.9032,543972,33,0.4500,-0.4678,0.7979,-11.2977,-8.1985,22.2595
302464.9032,543982,33,0.4565,-0.5671,0.7705,-22.6107,-7.1908,24.6107
302464.9032,543992,33,0.4448,-0.6689,0.7397,-19.4962,-5.3282,22.6718
302464.9032,544002,33,0.3892,-0.6914,0.7239,-2.2443,-6.9008,19.3130
302464.9032,544012,33,0.3882,-0.6206,0.7529,22.9008,-14.7176,12.8092
302464.9032,544022,33,0.4236,-0.4905,0.8044,42.5191,-24.4580,5.5420
302464.9032,544032,33,0.4436,-0.4016,0.8293,44.5344,-28.6260,1.7863
302464.9032,544042,33,0.4526,-0.3774,0.8318,34.1374,-28.7023,0.4580
302464.9621,544052,34,0.4849,-0.3855,0.8628,20.6718,-28.3969,-1.8779
302464.9621,544062,34,0.5637,-0.4241,0.9102,3.6336,-26.5802,-3.0840
302464.9621,544072,34,0.6050,-0.4849,0.9294,-15.4046,-17.0076,-1.6031
302464.9621,544082,34,0.6077,-0.5688,0.9106,-28.4275,-6.3206,0.1527
302464.9621,544092,34,0.5557,-0.6179,0.8806,-30.4427,0.8702,2.6260
302464.9621,544102,34,0.4946,-0.6064,0.8406,-24.1221,3.4046,3.9389
302464.9621,544112,34,0.6030,-0.6531,0.9900,-18.8702,-3.1450,4.4733
302464.9621,544122,34,0.4902,-0.5037,0.7598,-3.5878,-5.7710,-0.4122
302464.9621,544132,34,0.3264,-0.6960,0.7502,-15.9389,3.8779,0.6870
302464.9621,544142,34,0.4292,-0.7046,0.7188,-7.7863,-9.3282,7.6947
302465.1416,544152,35,0.4807,-0.5164,0.7954,20.7328,-20.8550,7.3588
302465.1416,544162,35,0.5168,-0.4504,0.8677,22.5802,-21.8473,4.8702
302465.1416,544172,35,0.5444,-0.4268,0.8794,11.7710,-12.9466,5.8931
302465.1416,544182,35,0.5056,-0.4668,0.8647,-0.7634,-1.2977,7.6947
302465.1416,544192,35,0.5032,-0.5303,0.8538,-5.6031,2.9466,6.2290
302465.1416,544202,35,0.5063,-0.5771,0.8713,-3.5573,4.2137,4.2290
302465.1416,544212,35,0.5405,-0.6042,0.8975,0.6107,4.5496,3.7252
302465.1416,544222,35,0.5232,-0.6006,0.8894,3.7557,7.2366,5.3130
302465.1416,544232,35,0.4673,-0.5281,0.9380,2.5191,4.0763,11.9847
302465.1416,544242,35,0.5544,-0.6287,0.9512,-7.9542,-4.4275,11.4962
302465.2023,544252,36,0.5125,-0.7852,0.9143,-11.5573,3.8015,11.5267
302465.2023,544262,36,0.5759,-0.7949,0.9421,4.7634,17.1603,3.8626
302465.2023,544272,36,0.5554,-0.8279,0.9141,16.5649,27.1298,3.6641
302465.2023,544282,36,0.5444,-0.8535,0.9209,25.5420,33.1450,5.4198
302465.2023,544292,36,0.5576,-0.8491,0.9143,38.7176,36.4733,8.5038
302465.2023,544302,36,0.5244,-0.8057,0.9099,50.0916,38.5038,11.6031
302465.2023,544312,36,0.5137,-0.7395,0.9114,55.5115,35.4504,15.5725
302465.2023,544322,36,0.5059,-0.6733,0.9021,54.3359,30.2290,21.2519
302465.2023,544332,36,0.4919,-0.6326,0.8894,49.7252,27.5573,24.8855
302465.2023,544342,36,0.4980,-0.6216,0.8772,45.9847,27.6031,25.3588
302465.2638,544352,37,0.5110,-0.5964,0.8755,43.2672,32.7634,26.1832
302465.2638,544362,37,0.4763,-0.6238,0.8296,38.3817,41.2519,27.2061
302465.2638,544372,37,0.4556,-0.6868,0.7847,36.4733,49.5725,25.3588
302465.2638,544382,37,0.4104,-0.7092,0.7588,42.8702,58.9008,22.3206
302465.2638,544392,37,0.3562,-0.6780,0.7217,53.0840,59.7710,19.8321
302465.2638,544402,37,0.3123,-0.5999,0.7073,60.2595,50.4427,22.6870
302465.2638,544412,37,0.3022,-0.5298,0.7080,59.0992,36.7023,30.7786
302465.2638,544422,37,0.3152,-0.4839,0.7070,50.9771,23.8015,39.5267
302465.2638,544432,37,0.2896,-0.4395,0.6990,41.1450,16.9618,45.4962
302465.2638,544442,37,0.2551,-0.4272,0.6941,32.6870,12.0611,48.0916
302465.3841,544452,38,0.2839,-0.4905,0.6895,27.4962,5.4351,48.2443
302465.3841,544462,38,0.2996,-0.4944,0.7109,34.0916,3.1908,44.5649
302465.3841,544472,38,0.2825,-0.4270,0.7209,47.2214,-0.0305,38.3817
302465.3841,544482,38,0.2432,-0.3264,0.7104,55.0534,-4.1221,32.3511
302465.3841,544492,38,0.2070,-0.2407,0.7024,52.4885,-9.1298,27.4809
302465.3841,544502,38,0.1760,-0.2026,0.6997,40.8092,-15.2061,25.0840
302465.3841,544512,38,0.1558,-0.2156,0.7039,23.9847,-20.6565,24.2443
302465.3841,544522,38,0.1819,-0.2598,0.7156,7.6336,-28.2901,23.2061
302465.3841,544532,38,0.2212,-0.3025,0.7258,-5.9084,-37.4656,22.2748
302465.3841,544542,38,0.2310,-0.3245,0.7402,-15.9084,-43.0076,22.0000
302465.5030,544552,39,0.2324,-0.3313,0.7495,-22.3969,-47.9695,20.9771
302465.5030,544562,39,0.2463,-0.3765,0.7520,-26.7786,-51.9084,18.6870
302465.5030,544572,39,0.2632,-0.4114,0.7637,-25.3740,-50.3817,12.8244
302465.5030,544582,39,0.2683,-0.4175,0.7869,-17.0229,-46.3206,5.4656
302465.5030,544592,39,0.2590,-0.3958,0.8083,-7.5420,-43.9695,-0.6412
302465.5030,544602,39,0.2532,-0.3423,0.8459,0.6107,-39.9237,-2.4733
302465.5030,544612,39,0.2446,-0.2642,0.8584,2.8550,-31.7710,-1.1756
302465.5030,544622,39,0.2209,-0.2239,0.8508,-5.7252,-21.3740,1.2214
302465.5030,544632,39,0.2246,-0.2300,0.8477,-18.6412,-12.2595,0.6107
302465.5030,544642,39,0.2131,-0.2368,0.8411,-27.2366,-2.0916,-4.3053
302465.5626,544652,40,0.1873,-0.2617,0.8350,-33.3130,2.9771,-10.4885
302465.5626,544662,40,0.1938,-0.3247,0.8362,-35.2061,3.3588,-15.8168
302465.5626,544672,40,0.1650,-0.3345,0.8425,-29.6947,5.8321,-20.3359
302465.5626,544682,40,0.1592,-0.3599,0.8562,-23.1145,3.2824,-24.7786
302465.5626,544692,40,0.1794,-0.3997,0.8877,-16.3359,-2.6565,-28.1527
302465.5626,544702,40,0.2104,-0.3945,0.9495,-7.6947,-5.7405,-28.3053
302465.5626,544712,40,0.2471,-0.3826,1.0093,-2.2137,-4.9008,-24.5649
302465.5626,544722,40,0.3079,-0.3962,1.0667,3.3588,1.3588,-22.8855
302465.5626,544732,40,0.3110,-0.3777,1.0884,17.5267,17.2366,-24.8397
302465.5626,544742,40,0.2959,-0.3088,1.0730,32.4275,27.6794,-29.9847
302465.7422,544752,41,0.2544,-0.2808,1.0305,33.0840,33.7099,-31.4962
302465.7422,544762,41,0.2336,-0.2917,1.0088,22.8702,33.0687,-31.5725
302465.7422,544772,41,0.2256,-0.3291,0.9883,11.3435,27.6794,-30.2443
302465.7422,544782,41,0.2129,-0.3779,0.9866,5.4046,19.5573,-27.1145
302465.7422,544792,41,0.2112,-0.3857,0.9792,8.6107,6.9313,-22.5496
302465.7422,544802,41,0.2356,-0.3669,0.9939,14.9618,-10.9008,-20.1679
302465.7422,544812,41,0.2876,-0.3557,1.0066,16.1069,-30.7328,-17.9542
302465.7422,544822,41,0.3335,-0.3479,1.0317,11.9237,-44.8092,-14.2290
302465.7422,544832,41,0.4128,-0.3467,1.0713,7.1603,-54.6718,-11.7863
302465.7422,544842,41,0.4749,-0.3687,1.0850,5.2366,-55.2061,-12.0763
302465.8026,544852,42,0.4675,-0.3860,1.0701,6.2443,-45.5725,-14.7481
302465.8026,544862,42,0.4451,-0.3892,1.0381,8.9771,-39.2672,-18.4275
302465.8026,544872,42,0.4177,-0.3999,1.0168,9.1145,-38.2901,-18.3206
302465.8026,544882,42,0.4343,-0.4092,1.0154,9.1145,-38.7481,-15.5420
302465.8026,544892,42,0.4678,-0.3909,1.0312,11.1603,-34.7786,-13.8931
302465.8026,544902,42,0.4946,-0.3528,1.0305,9.4962,-24.2901,-11.4046
302465.8026,544912,42,0.4983,-0.3247,1.0083,3.3435,-8.3359,-9.7710
302465.8026,544922,42,0.4810,-0.3296,0.9856,-2.3969,8.2137,-10.7176
302465.8026,544932,42,0.4602,-0.3430,0.9583,-4.4427,24.1069,-12.6107
302465.8026,544942,42,0.4238,-0.3391,0.9277,-1.6489,36.7328,-14.0305
302465.8634,544952,43,0.4092,-0.3066,0.9207,5.8931,42.2595,-17.5420
302465.8634,544962,43,0.4233,-0.3035,0.9294,14.3053,47.5725,-22.7023
302465.8634,544972,43,0.4089,-0.2661,0.9304,23.3130,57.0534,-29.2061
302465.8634,544982,43,0.3618,-0.2483,0.9026,25.5878,66.8855,-33.4198
302465.8634,544992,43,0.2937,-0.2351,0.8533,22.4427,73.1908,-34.3817
302465.8634,545002,43,0.2544,-0.2432,0.8108,18.0763,71.8779,-33.6489
302465.8634,545012,43,0.2559,-0.2498,0.8118,16.4275,65.4504,-32.8702
302465.8634,545022,43,0.3191,-0.2878,0.8411,17.6031,58.7939,-30.8702
302465.8634,545032,43,0.3894,-0.2981,0.9036,21.4656,62.1069,-30.3359
302465.8634,545042,43,0.4404,-0.3096,0.9312,21.7710,76.8855,-29.5573
302465.9826,545052,44,0.4395,-0.3088,0.9248,22.7634,97.2977,-30.6565
302465.9826,545062,44,0.4443,-0.3267,0.9294,28.6718,114.9618,-35.9084
302465.9826,545072,44,0.3877,-0.3083,0.9084,36.5038,128.8397,-39.9847
302465.9826,545082,44,0.3037,-0.2795,0.8667,33.9237,132.9771,-40.8702
302465.9826,545092,44,0.2224,-0.2808,0.8169,20.6718,125.6183,-35.5267
302465.9826,545102,44,0.1838,-0.3108,0.8005,9.0534,111.7405,-29.6336
302465.9826,545112,44,0.2405,-0.3301,0.8484,6.5191,99.3588,-26.0916
302465.9826,545122,44,0.2878,-0.3047,0.8958,9.4504,96.3969,-23.1603
302465.9826,545132,44,0.2869,-0.2595,0.9397,14.6260,97.9695,-23.9237
302465.9826,545142,44,0.3015,-0.2329,0.9744,18.4885,99.5878,-27.8321
302466.1033,545152,45,0.2549,-0.2449,0.9563,17.2214,106.3664,-32.7328
302466.1033,545162,45,0.1533,-0.2732,0.9221,13.1450,107.7405,-34.1221
302466.1033,545172,45,0.1274,-0.3108,0.9009,8.1221,96.1221,-30.5038
302466.1033,545182,45,0.1223,-0.3665,0.9065,3.6947,85.2824,-24.1374
302466.1033,545192,45,0.0920,-0.3901,0.9399,5.5420,77.5573,-17.3435
302466.1033,545202,45,0.1121,-0.3398,0.9819,13.1298,67.2672,-11.3893
302466.1033,545212,45,0.1438,-0.2883,1.0007,17.9389,60.9160,-8.2137
302466.1033,545222,45,0.1646,-0.2756,1.0261,21.5115,60.0000,-9.2672
302466.1033,545232,45,0.1741,-0.2449,1.0371,29.6641,60.7634,-14.0153
302466.1033,545242,45,0.1375,-0.1960,1.0071,34.6718,61.4504,-15.8779
302466.1641,545252,46,0.0806,-0.1836,0.9424,31.3435,56.8244,-14.3817
302466.1641,545262,46,0.0544,-0.1785,0.9294,24.9160,45.3130,-11.4198
302466.1641,545272,46,0.0598,-0.1448,0.9509,21.2977,31.2366,-8.0458
302466.1641,545282,46,0.0447,-0.0886,0.9734,18.0000,16.3359,-7.1756
302466.1641,545292,46,0.1033,-0.0955,1.0049,8.8550,5.2519,-8.0916
302466.1641,545302,46,0.1191,-0.1589,1.0403,-0.6107,6.1221,-11.1908
302466.1641,545312,46,0.1294,-0.2126,1.0623,-0.6870,6.2748,-14.4885
302466.1641,545322,46,0.1387,-0.1921,1.0913,6.2290,6.4275,-16.9466
302466.1641,545332,46,0.1211,-0.1909,1.1028,10.9924,5.3130,-18.8702
302466.1641,545342,46,0.1213,-0.1750,1.0967,13.6641,4.7786,-18.7481
302466.2822,545352,47,0.0789,-0.1475,1.0715,13.3893,6.4733,-17.4504
302466.2822,545362,47,0.0554,-0.1509,1.0374,10.5191,1.4656,-16.7176
302466.2822,545372,47,0.0881,-0.1567,1.0308,8.9771,-4.2901,-17.0382
302466.2822,545382,47,0.1182,-0.1663,1.0308,7.9542,-2.6718,-17.5573
302466.2822,545392,47,0.1248,-0.2554,1.0786,6.2137,1.8626,-17.5878
302466.2822,545402,47,0.1738,-0.3772,1.2002,11.0534,1.0382,-17.6489
302466.2822,545412,47,0.2188,-0.4399,1.3003,28.1832,-2.0916,-15.9695
302466.2822,545422,47,0.2512,-0.3748,1.3591,50.0000,3.0687,-10.9771
302466.2822,545432,47,0.1484,-0.1753,1.4028,58.4733,13.2519,-5.0534
302466.2822,545442,47,0.0049,-0.1223,1.2791,39.1908,20.4122,0.6412
302466.4027,545452,48,-0.1206,-0.2571,1.1787,17.3130,31.0382,-5.2214
302466.4027,545462,48,-0.0596,-0.2161,1.1335,21.7099,25.7252,-15.9237
302466.4027,545472,48,0.0491,-0.1125,1.0823,30.5344,18.2290,-21.4809
302466.4027,545482,48,0.0588,-0.0544,0.9863,30.1221,14.3969,-30.4885
302466.4027,545492,48,-0.0063,-0.0847,0.9065,26.1221,7.5420,-37.5878
302466.4027,545502,48,-0.0596,-0.0742,0.9353,29.6031,-8.9160,-44.5191
302466.4027,545512,48,-0.0005,-0.0791,1.0444,31.5878,-25.7557,-47.0229
302466.4027,545522,48,0.0444,-0.1047,1.0825,23.1145,-32.2595,-41.4046
302466.4027,545532,48,0.0374,-0.1362,1.0645,9.3740,-31.3740,-34.0458
302466.4027,545542,48,0.0369,-0.0737,1.0806,0.1527,-34.1985,-30.0153
302466.4637,545552,49,0.0266,0.0154,1.0442,-8.0916,-38.6260,-30.0611
302466.4637,545562,49,-0.0420,-0.0215,0.9751,-22.4580,-35.7557,-36.0305
302466.4637,545572,49,-0.0906,-0.1292,0.9163,-36.6718,-34.5954,-41.2519
302466.4637,545582,49,-0.0850,-0.2073,0.8943,-40.4580,-36.2290,-41.9695
302466.4637,545592,49,-0.0933,-0.2158,0.9092,-34.4427,-41.6794,-41.4809
302466.4637,545602,49,-0.0061,-0.3149,0.9514,-28.6260,-53.8779,-40.3664
302466.4637,545612,49,0.1106,-0.3994,1.0295,-22.1221,-61.1603,-36.8244
302466.4637,545622,49,0.1721,-0.4304,1.0959,-8.0305,-57.5115,-32.4427
302466.4637,545632,49,0.2297,-0.3796,1.1284,8.6870,-48.1527,-31.3130
302466.4637,545642,49,0.2720,-0.3096,1.1350,15.4351,-35.7405,-25.7252
302466.5828,545652,50,0.2288,-0.2766,1.0686,12.5191,-20.1221,-16.7481
302466.5828,545662,50,0.2285,-0.3132,1.0146,11.8321,-9.7099,-10.5344
302466.5828,545672,50,0.1824,-0.2969,0.9573,11.0840,-6.1069,-2.1069
302466.5828,545682,50,0.1506,-0.3223,0.9368,7.7252,-10.1985,7.9695
302466.5828,545692,50,0.1299,-0.3584,0.9419,9.6031,-19.2061,16.4885
302466.5828,545702,50,0.1458,-0.3550,0.9702,17.6641,-28.1985,26.5649
302466.5828,545712,50,0.1604,-0.3406,1.0227,29.1145,-30.6870,35.5115
302466.5828,545722,50,0.1692,-0.3083,1.0393,35.7405,-27.8473,44.2901
302466.5828,545732,50,0.1738,-0.2690,1.0630,34.1832,-23.6947,54.9160
302466.5828,545742,50,0.1685,-0.2273,1.0310,30.5802,-17.6489,62.5191
302466.7031,545752,51,0.1221,-0.1575,1.0137,34.6565,-11.8626,63.4198
302466.7031,545762,51,0.1062,-0.0190,1.0364,41.4962,-13.3435,62.0763
302466.7031,545772,51,0.1172,0.1311,1.0718,42.3359,-16.9313,56.9466
302466.7031,545782,51,0.1082,0.2361,1.0847,36.3817,-17.4046,46.6107
302466.7031,545792,51,0.0999,0.3005,1.0933,26.1221,-16.6412,32.4122
302466.7031,545802,51,0.1292,0.2754,1.1162,13.1756,-14.6260,15.7252
302466.7031,545812,51,0.1646,0.1570,1.1145,1.6794,-9.6794,-1.0992
302466.7031,545822,51,0.1562,0.0366,1.0710,-5.7405,-0.6718,-12.5496
302466.7031,545832,51,0.1455,-0.0330,1.0391,-8.1985,4.0916,-19.6336
302466.7031,545842,51,0.1831,-0.1292,1.0337,-9.1298,4.3664,-25.9542
302466.7622,545852,52,0.1716,-0.2114,1.0193,-9.6489,8.2595,-28.2443
302466.7622,545862,52,0.1943,-0.2500,1.0012,-8.5954,9.2214,-26.4275
302466.7622,545872,52,0.1597,-0.2488,0.9875,-7.8168,10.7939,-22.5802
302466.7622,545882,52,0.1743,-0.2854,1.0254,-4.5191,8.3206,-20.7939
302466.7622,545892,52,0.1714,-0.2356,1.0298,-0.2290,2.7939,-15.8168
302466.7622,545902,52,0.1289,-0.1987,1.0239,-1.2824,1.4046,-10.6260
302466.7622,545912,52,0.1379,-0.2000,1.0139,-5.0382,-1.8931,-5.1603
302466.7622,545922,52,0.1562,-0.1851,1.0493,-6.5191,-2.1221,0.3664
302466.7622,545932,52,0.1790,-0.1333,1.0818,0.0458,1.0534,0.5038
302466.7622,545942,52,0.1799,-0.1172,1.0581,0.8244,4.5344,2.0153
302466.8837,545952,53,0.1584,-0.1140,1.0234,-4.6412,7.1603,6.3053
302466.8837,545962,53,0.1667,-0.0974,1.0168,-8.0305,5.5115,9.4656
302466.8837,545972,53,0.1846,-0.1094,1.0286,-10.2443,2.0611,10.8550
302466.8837,545982,53,0.1709,-0.1272,1.0366,-11.6947,1.0076,11.5420
302466.8837,545992,53,0.1802,-0.1394,1.0488,-12.2443,0.3206,13.0992
302466.8837,546002,53,0.1711,-0.1709,1.0549,-11.4656,3.0534,14.0458
302466.8837,546012,53,0.1499,-0.1926,1.0574,-9.9542,7.4351,15.0687
302466.8837,546022,53,0.1638,-0.1687,1.0557,-10.7481,10.1679,19.1603
302466.8837,546032,53,0.1252,-0.1982,1.0142,-12.9313,15.9695,21.2366
302466.8837,546042,53,0.0576,-0.1147,0.9897,-4.4733,12.9160,18.5191
302467.0020,546052,54,0.0757,-0.0540,0.9927,2.0916,4.9008,13.0534
302467.0020,546062,54,0.0786,-0.0249,1.0156,-1.6183,-0.5191,9.7405
302467.0020,546072,54,0.1089,0.0151,1.0376,-7.5878,-6.9313,7.3435
302467.0020,546082,54,0.1250,0.0315,1.0417,-10.8397,-10.1679,1.3282
302467.0020,546092,54,0.1292,-0.0134,1.0701,-13.6183,-7.7099,-7.9542
302467.0020,546102,54,0.1619,-0.0645,1.0725,-15.7557,-3.3435,-14.3969
302467.0020,546112,54,0.1160,-0.1631,1.0249,-19.1298,3.6641,-18.5649
302467.0020,546122,54,0.0923,-0.2397,0.9766,-19.8168,4.9771,-19.9084
302467.0020,546132,54,0.0974,-0.2710,0.9607,-19.6641,1.1450,-17.9542
302467.0020,546142,54,0.1082,-0.2913,0.9944,-15.9237,-1.7252,-17.5573
302467.0630,546152,55,0.1309,-0.2397,1.0356,-8.4885,-2.1527,-17.8015
302467.0630,546162,55,0.1677,-0.2966,1.0706,-5.2977,0.9618,-17.8015
302467.0630,546172,55,0.1584,-0.3691,1.0642,-4.6412,7.3740,-15.4656
302467.0630,546182,55,0.1267,-0.3831,1.0159,-0.1221,12.7328,-8.7786
302467.0630,546192,55,0.0928,-0.3296,0.9746,8.1527,12.2748,-3.7252
302467.0630,546202,55,0.0920,-0.3025,0.9590,10.9466,8.6107,1.2824
302467.0630,546212,55,0.0857,-0.2725,0.9250,12.7176,1.6794,7.8168
302467.0630,546222,55,0.0869,-0.1924,0.9419,22.0611,-7.3282,11.2519
302467.0630,546232,55,0.1084,-0.0200,1.0369,26.9313,-15.8473,13.3893
302467.0630,546242,55,0.1868,0.0127,1.1147,14.7023,-18.3969,15.3588
302467.1827,546252,56,0.1719,-0.0354,1.1477,5.9084,-9.1756,11.2061
302467.1827,546262,56,0.1277,-0.0444,1.0916,7.6031,-2.4580,5.3588
302467.1827,546272,56,0.1113,-0.0691,1.0442,4.5191,0.0153,1.9237
302467.1827,546282,56,0.1047,-0.1216,1.0303,1.6031,2.0000,-0.7634
302467.1827,546292,56,0.1182,-0.1904,1.0229,-0.1985,1.6641,-1.0076
302467.1827,546302,56,0.1357,-0.2439,1.0239,-0.4885,2.2290,1.9695
302467.1827,546312,56,0.1348,-0.2502,1.0081,3.2519,2.9313,4.8702
302467.1827,546322,56,0.1309,-0.2439,1.0073,8.2443,3.2672,5.7099
302467.1827,546332,56,0.1340,-0.2244,1.0264,12.4427,3.8779,6.3664
302467.1827,546342,56,0.1499,-0.1755,1.0422,13.9389,1.5573,9.0076
302467.3023,546352,57,0.1758,-0.1440,1.0537,12.9466,1.2977,11.1908
302467.3023,546362,57,0.1367,-0.1038,1.0530,11.8931,4.7939,10.5344
302467.3023,546372,57,0.1106,-0.0649,1.0354,10.1679,4.7176,9.0229
302467.3023,546382,57,0.1216,-0.0867,1.0266,4.9618,4.0000,6.8702
302467.3023,546392,57,0.1030,-0.1133,1.0264,1.0382,3.2519,5.1298
302467.3023,546402,57,0.1379,-0.1216,1.0637,0.2137,1.0687,4.1374
302467.3023,546412,57,0.1650,-0.1201,1.1021,2.6260,2.6718,3.9847
302467.3023,546422,57,0.1638,-0.1152,1.0942,2.1527,8.5191,4.6260
302467.3023,546432,57,0.1772,-0.1130,1.0989,-2.6412,17.2366,4.8397
302467.3023,546442,57,0.1218,-0.1577,1.0425,-10.4122,28.0763,5.7099
302467.4231,546452,58,0.0957,-0.1572,0.9946,-10.7328,29.0382,5.6031
302467.4231,546462,58,0.0886,-0.1672,0.9749,-9.0229,26.1527,5.5725
302467.4231,546472,58,0.0571,-0.1514,0.9727,-10.2595,23.0840,7.0840
302467.4231,546482,58,0.0283,-0.1248,0.9641,-12.9008,16.2901,7.5267
302467.4231,546492,58,0.0005,-0.1233,0.9558,-15.0840,6.6107,5.7863
302467.4231,546502,58,0.0056,-0.1328,0.9824,-10.4427,-4.7939,3.1450
302467.4231,546512,58,0.0571,-0.0903,1.0557,0.3053,-13.3435,-1.4504
302467.4231,546522,58,0.1316,-0.0481,1.1553,4.8244,-12.4275,-6.4427
302467.4231,546532,58,0.1599,-0.0642,1.1589,-1.6489,-0.1374,-9.2824
302467.4231,546542,58,0.1206,-0.1272,1.0894,-9.1603,15.0382,-11.4198
302467.4834,546552,59,0.0798,-0.1877,1.0107,-9.8473,21.8321,-12.8092
302467.4834,546562,59,0.0356,-0.2146,0.9556,-6.2748,19.1145,-12.8855
302467.4834,546572,59,0.0288,-0.2185,0.9475,-2.5191,9.5725,-11.3893
302467.4834,546582,59,0.0388,-0.2327,0.9712,-0.3359,-0.9771,-9.6794
302467.4834,546592,59,0.0720,-0.2271,1.0024,3.6794,-9.2214,-7.2977
302467.4834,546602,59,0.0806,-0.1924,1.0178,8.0916,-13.6031,-5.7863
302467.4834,546612,59,0.1094,-0.1704,1.0481,9.4504,-16.9618,-4.6260
302467.4834,546622,59,0.1353,-0.1587,1.0845,12.5344,-15.2366,-4.9618
302467.4834,546632,59,0.1260,-0.1052,1.0894,17.6031,-10.1374,-7.2061
302467.4834,546642,59,0.1279,-0.0891,1.0879,14.5344,-8.1679,-7.8321
302467.6062,546652,60,0.1184,-0.1038,1.0562,6.0611,-3.0992,-6.4122
302467.6062,546662,60,0.0859,-0.1516,1.0212,-1.2824,1.8779,-5.4504
302467.6062,546672,60,0.0813,-0.1731,1.0166,-1.0534,1.1756,-4.6107
302467.6062,546682,60,0.0713,-0.1655,1.0330,3.1298,0.4275,-4.5038
302467.6062,546692,60,0.0776,-0.1553,1.0374,5.0534,-1.6336,-3.6031
302467.6062,546702,60,0.0825,-0.1423,1.0342,3.4198,-1.8626,-1.2672
302467.6062,546712,60,0.0588,-0.1433,1.0117,0.0000,0.4122,-0.0305
302467.6062,546722,60,0.0449,-0.1577,1.0051,-0.5038,-0.6565,-0.4733
302467.6062,546732,60,0.0601,-0.1506,1.0098,2.3664,-4.6565,-1.0687
302467.6062,546742,60,0.0879,-0.1438,1.0151,2.7176,-6.9618,-0.9160
302467.8416,546752,61,0.1123,-0.1633,1.0454,3.0076,-6.4885,-1.2366
302467.8416,546762,61,0.1230,-0.1526,1.0667,8.1679,-5.6336,-3.6641
302467.8416,546772,61,0.1533,-0.1348,1.0854,10.7939,-5.4656,-4.5344
302467.8416,546782,61,0.1680,-0.1418,1.0898,6.7634,-3.6641,-1.6794
302467.8416,546792,61,0.1477,-0.1465,1.0620,1.2061,0.3359,2.2137
302467.8416,546802,61,0.1340,-0.1460,1.0435,-1.2672,2.9771,4.7939
302467.8416,546812,61,0.1118,-0.1399,1.0310,-1.0534,5.2214,5.1145
302467.8416,546822,61,0.0828,-0.1418,1.0176,-0.8702,5.1145,3.5878
302467.8416,546832,61,0.0959,-0.1631,1.0381,-1.8626,3.0992,3.4656
302467.8416,546842,61,0.1282,-0.1667,1.0972,-2.1374,3.1145,5.5725
302467.8440,546852,62,0.0920,-0.0938,1.0886,-3.5878,10.0763,11.2061
302467.8440,546862,62,0.0972,-0.0725,1.0903,-9.5267,10.8702,15.1908
302467.8440,546872,62,0.1106,-0.0457,1.0879,-17.4962,11.6489,20.4122
302467.8440,546882,62,0.0945,-0.0166,1.0637,-25.8168,12.7939,23.2214
302467.8440,546892,62,0.1204,-0.0435,1.0959,-34.3817,11.7710,22.5344
302467.8440,546902,62,0.1177,-0.0740,1.1030,-40.1832,13.6794,24.0611
302467.8440,546912,62,0.1143,-0.0471,1.1113,-39.8626,15.7252,22.6260
302467.8440,546922,62,0.1575,-0.0227,1.1624,-39.0382,13.8168,17.0076
302467.8440,546932,62,0.2224,-0.0251,1.2141,-43.8779,13.9542,12.0458
302467.8440,546942,62,0.2251,-0.0461,1.2195,-53.6794,21.5725,6.1679
302467.9033,546952,63,0.2302,-0.0757,1.2004,-60.9008,28.9313,-4.1985
302467.9033,546962,63,0.2427,-0.1377,1.1829,-68.9160,35.1603,-11.7557
302467.9033,546972,63,0.2314,-0.1729,1.1255,-78.6565,41.4809,-14.7786
302467.9033,546982,63,0.1653,-0.2336,1.0718,-89.2366,48.5649,-21.0076
302467.9033,546992,63,0.1746,-0.2800,1.0771,-93.0992,46.5802,-29.1145
302467.9033,547002,63,0.2729,-0.3916,1.1658,-95.7557,44.0153,-31.2977
302467.9033,547012,63,0.3174,-0.4282,1.2356,-95.3740,51.5267,-28.1679
302467.9033,547022,63,0.2319,-0.4438,1.2256,-99.9542,64.1679,-28.2290
302467.9033,547032,63,0.1655,-0.5652,1.1843,-109.6336,76.5038,-35.1145
302467.9033,547042,63,0.2021,-0.7510,1.1721,-117.0687,84.2901,-40.2290
302467.9634,547052,64,0.1875,-0.9785,1.1951,-117.7099,93.7710,-34.3359
302467.9634,547062,64,0.2158,-1.0901,1.2378,-106.2290,94.5038,-19.2061
302467.9634,547072,64,0.2734,-1.1628,1.2222,-90.2137,89.9237,2.3053
302467.9634,547082,64,0.2812,-1.2390,1.2327,-75.8779,89.4046,16.9771
302467.9634,547092,64,0.3237,-1.2542,1.2053,-63.8626,81.2214,32.4885
302467.9634,547102,64,0.2861,-1.1997,1.1196,-52.9008,82.1679,52.1374
302467.9634,547112,64,0.1721,-1.1414,0.9880,-39.5725,94.3664,66.3053
302467.9634,547122,64,0.0483,-1.1287,0.9417,-27.2061,105.2519,71.8168
302467.9634,547132,64,0.0774,-1.1807,0.8311,-22.3969,93.7557,75.6183
302467.9634,547142,64,0.0129,-1.1875,0.7478,-20.0611,88.3817,85.8168
302468.0833,547152,65,0.0034,-1.1616,0.6504,-19.9695,78.0611,98.4733
302468.0833,547162,65,-0.0688,-1.0635,0.5566,-20.6107,72.9618,113.2519
302468.0833,547172,65,-0.1504,-0.9600,0.4636,-24.6718,68.7786,119.9237
302468.0833,547182,65,-0.2246,-0.8735,0.3872,-33.6947,59.4809,121.8015
302468.0833,547192,65,-0.3140,-0.8445,0.3455,-47.6183,44.7328,122.8397
302468.0833,547202,65,-0.3044,-0.8594,0.3457,-62.4885,19.9084,127.0382
302468.0833,547212,65,-0.2532,-0.8472,0.3518,-70.4122,-2.9771,139.0534
302468.0833,547222,65,-0.2229,-0.7690,0.3577,-67.8626,-17.9695,148.6260
302468.0833,547232,65,-0.2800,-0.6553,0.3149,-63.3130,-24.9160,154.1221
302468.0833,547242,65,-0.3735,-0.5652,0.2271,-63.4656,-28.1832,155.5573
302468.2041,547252,66,-0.4998,-0.4866,0.1797,-67.5115,-38.5344,156.9008
302468.2041,547262,66,-0.5764,-0.4121,0.1565,-76.1221,-64.2443,160.2443
302468.2041,547272,66,-0.6045,-0.3044,0.1597,-85.3893,-100.8397,164.3206
302468.2041,547282,66,-0.6592,-0.1680,0.1609,-94.5496,-141.4046,164.0000
302468.2041,547292,66,-0.7383,-0.0227,0.1523,-103.2977,-184.3053,156.0611
302468.2041,547302,66,-0.7612,0.0972,0.1382,-111.2977,-233.4046,142.6260
302468.2041,547312,66,-0.7542,0.2107,0.1694,-112.2748,-280.7328,122.6260
302468.2041,547322,66,-0.7271,0.2883,0.2896,-102.4122,-320.4275,90.7176
302468.2041,547332,66,-0.5525,0.2131,0.4727,-94.6870,-357.3282,63.6031
302468.2041,547342,66,-0.3633,0.0742,0.6331,-87.7099,-372.4122,56.0305
302468.2630,547352,67,-0.1968,0.0032,0.7603,-74.1221,-367.3130,57.6947
302468.2630,547362,67,-0.0137,0.0208,0.9131,-63.3282,-352.7023,68.6718
302468.2630,547372,67,0.0168,0.0989,1.0115,-66.0153,-322.0916,81.5573
302468.2630,547382,67,-0.0959,0.1804,1.1155,-67.2519,-291.6183,71.7252
302468.2630,547392,67,-0.1609,0.3311,1.2144,-62.1679,-284.0000,49.0229
302468.2630,547402,67,-0.0103,0.4587,1.2766,-64.7786,-289.0840,26.2137
302468.2630,547412,67,0.2017,0.4741,1.3442,-84.5802,-276.3511,1.5725
302468.2630,547422,67,0.3538,0.3748,1.3721,-111.2519,-233.5725,-24.8397
302468.2630,547432,67,0.4470,0.2224,1.3433,-128.7634,-175.9389,-44.6107
302468.2630,547442,67,0.4385,0.0728,1.2737,-135.9542,-122.1221,-60.1527
302468.3847,547452,68,0.5093,-0.1218,1.1665,-137.3282,-82.1985,-72.7786
302468.3847,547462,68,0.5103,-0.3633,1.0566,-130.3359,-51.6947,-77.8779
302468.3847,547472,68,0.4487,-0.3884,1.0320,-101.7252,-38.7481,-82.4733
302468.3847,547482,68,0.4619,-0.2898,1.0276,-75.8626,-45.6489,-81.7405
302468.3847,547492,68,0.5266,-0.3689,1.0239,-73.1298,-47.6336,-78.5954
302468.3847,547502,68,0.6218,-0.5339,1.0217,-73.9695,-29.8626,-84.4122
302468.3847,547512,68,0.6531,-0.6433,0.9736,-64.2901,4.8244,-91.1908
302468.3847,547522,68,0.6555,-0.6787,0.8940,-43.6794,34.2595,-90.6260
302468.3847,547532,68,0.6050,-0.6443,0.8271,-16.0458,48.2748,-85.8779
302468.3847,547542,68,0.5588,-0.5486,0.7832,4.9924,42.6260,-79.2519
302468.5030,547552,69,0.5649,-0.5278,0.7314,11.4656,27.5573,-70.2290
302468.5030,547562,69,0.5583,-0.5400,0.6755,8.0763,15.6183,-64.6718
302468.5030,547572,69,0.4900,-0.5884,0.5942,4.4427,8.5038,-63.8168
302468.5030,547582,69,0.4612,-0.6187,0.5845,9.3435,-3.6947,-59.9695
302468.5030,547592,69,0.5649,-0.6487,0.6184,24.2901,-20.8702,-51.8168
302468.5030,547602,69,0.5918,-0.6431,0.6333,41.7405,-22.7786,-37.4656
302468.5030,547612,69,0.6284,-0.6814,0.6409,53.6031,-22.3053,-19.8779
302468.5030,547622,69,0.6704,-0.7009,0.6704,57.3435,-28.6565,-1.2061
302468.5030,547632,69,0.7117,-0.6873,0.6917,55.7405,-34.1221,17.2214
302468.5030,547642,69,0.7292,-0.6797,0.6926,53.7710,-27.7863,25.8321
302468.5651,547652,70,0.7039,-0.7031,0.6892,49.2214,-15.7557,24.3511
302468.5651,547662,70,0.6663,-0.7368,0.7031,44.5496,-5.4962,16.6107
302468.5651,547672,70,0.6350,-0.7131,0.7690,43.2366,-2.4580,9.0229
302468.5651,547682,70,0.6985,-0.6726,0.8381,43.6641,-5.7405,4.9008
302468.5651,547692,70,0.6973,-0.6165,0.8657,41.2366,-0.7939,3.8321
302468.5651,547702,70,0.6755,-0.6018,0.8523,32.1069,6.3664,3.1298
302468.5651,547712,70,0.6338,-0.5935,0.8218,19.7252,12.5038,4.0153
302468.5651,547722,70,0.5481,-0.5779,0.7678,9.0076,20.2137,7.1908
302468.5651,547732,70,0.4905,-0.5122,0.7275,2.0916,23.1298,9.1145
302468.5651,547742,70,0.4717,-0.4065,0.6848,-0.9313,20.9466,4.3053
302468.6838,547752,71,0.4761,-0.3604,0.6902,-1.2366,29.1450,-13.9847
302468.6838,547762,71,0.4888,-0.3894,0.6733,-1.8168,42.0305,-33.1298
302468.6838,547772,71,0.5054,-0.4309,0.6863,-1.9084,52.3053,-45.2214
302468.6838,547782,71,0.5251,-0.4058,0.6816,-4.2290,53.9084,-48.1832
302468.6838,547792,71,0.5554,-0.3606,0.6890,-11.6489,45.4962,-47.1908
302468.6838,547802,71,0.6431,-0.3811,0.7354,-29.6489,33.6794,-47.6947
302468.6838,547812,71,0.7180,-0.5400,0.7515,-55.6183,19.7252,-40.9160
302468.6838,547822,71,0.6982,-0.6462,0.7251,-71.0687,10.7786,-26.1832
302468.6838,547832,71,0.6370,-0.7507,0.7529,-67.4809,0.3664,-12.2748
302468.6838,547842,71,0.6511,-0.8848,0.7466,-47.2519,-22.4733,-7.0382
302468.8635,547852,72,0.7144,-0.8547,0.8384,-17.2519,-41.9542,1.3740
302468.8635,547862,72,0.7930,-0.7542,0.9875,-9.6489,-58.8702,25.2824
302468.8635,547872,72,0.7837,-0.8245,0.9329,-18.0305,-60.6718,48.2901
302468.8635,547882,72,0.6392,-0.7432,0.8472,-8.8244,-39.4656,50.0458
302468.8635,547892,72,0.5327,-0.7244,0.7854,2.5802,-19.4962,44.9160
302468.8635,547902,72,0.5120,-0.7200,0.7334,16.5649,-16.8855,37.0992
302468.8635,547912,72,0.4053,-0.7361,0.6455,24.0305,-11.9237,39.1450
302468.8635,547922,72,0.3303,-0.7327,0.6091,23.2672,-13.4351,52.4580
302468.8635,547932,72,0.3191,-0.7356,0.5935,20.6565,-25.8473,64.3206
302468.8635,547942,72,0.3550,-0.7322,0.6694,25.7710,-39.0076,69.4656
302468.8660,547952,73,0.4385,-0.7610,0.7627,32.9466,-45.7252,77.8473
302468.8660,547962,73,0.4526,-0.6750,0.8264,44.7481,-35.8015,83.2977
302468.8660,547972,73,0.3970,-0.5605,0.8452,54.9924,-22.8855,72.2748
302468.8660,547982,73,0.3772,-0.4553,0.9346,58.1832,-21.1603,53.5878
302468.8660,547992,73,0.5361,-0.4663,1.1162,52.1527,-27.7405,40.1985
302468.8660,548002,73,0.5923,-0.4697,1.1011,40.4122,-4.0153,27.3130
302468.8660,548012,73,0.3875,-0.5574,0.9736,24.9008,30.5191,22.3817
302468.8660,548022,73,0.3430,-0.5732,0.8784,23.0076,30.7939,21.2977
302468.8660,548032,73,0.3003,-0.6426,0.8252,16.5802,39.0992,16.6870
302468.8660,548042,73,0.1890,-0.6741,0.7478,7.7557,54.0458,22.3817
302469.0421,548052,74,0.1936,-0.6707,0.8022,8.9008,51.0382,23.3130
302469.0421,548062,74,0.4028,-0.6013,0.9668,15.8779,33.2977,20.3664
302469.0421,548072,74,0.4705,-0.5032,1.0295,32.6718,38.5802,2.0916
302469.0421,548082,74,0.3865,-0.4414,0.9719,42.2595,61.2824,-27.4198
302469.0421,548092,74,0.2705,-0.4248,0.8728,33.6183,67.7252,-39.2366
302469.0421,548102,74,0.2012,-0.5269,0.7498,15.6183,61.7252,-42.5038
302469.0421,548112,74,0.1526,-0.5854,0.6746,5.6031,54.6565,-38.9466
302469.0421,548122,74,0.1213,-0.6143,0.6104,2.0305,40.9466,-22.9771
302469.0421,548132,74,0.0762,-0.5295,0.6492,0.9160,22.2901,-6.7786
302469.0421,548142,74,0.1528,-0.4934,0.6919,-4.3664,-1.4656,0.3664
302469.1032,548152,75,0.1987,-0.5454,0.7024,-11.2824,-16.4885,2.8550
302469.1032,548162,75,0.2339,-0.5583,0.6985,-7.6183,-25.7863,4.5038
302469.1032,548172,75,0.3284,-0.7874,0.8364,17.7252,-29.3435,1.7863
302469.1032,548182,75,0.3591,-0.6575,0.8186,42.2443,-38.9160,0.5038
302469.1032,548192,75,0.3247,-0.5967,0.7954,41.5267,-38.1374,9.8321
302469.1032,548202,75,0.2710,-0.5449,0.8062,39.8473,-38.1374,11.8321
302469.1032,548212,75,0.2935,-0.6428,0.7930,48.6260,-36.8702,12.1374
302469.1032,548222,75,0.2830,-0.5427,0.8220,59.7252,-39.5267,18.8092
302469.1032,548232,75,0.2712,-0.4006,0.8081,66.2443,-48.6260,26.7481
302469.1032,548242,75,0.2480,-0.2600,0.7910,76.5344,-50.9466,13.3435
302469.1631,548252,76,0.3120,-0.3010,0.8467,73.5573,-44.4580,-10.5649
302469.1631,548262,76,0.2617,-0.3506,0.8474,70.6870,-29.9695,-26.0000
302469.1631,548272,76,0.3921,-0.3242,1.0598,64.5038,-37.8473,-26.3359
302469.1631,548282,76,0.5369,-0.3792,1.1250,38.4427,-52.6412,-3.4809
302469.1631,548292,76,0.4719,-0.4060,1.0225,14.2748,-35.5878,-3.2214
302469.1631,548302,76,0.3989,-0.5410,1.0168,5.2824,-17.9389,-19.2214
302469.1631,548312,76,0.3271,-0.6045,0.9221,11.4809,-18.0763,-21.0687
302469.1631,548322,76,0.2998,-0.5906,0.8394,19.0687,-20.2443,-13.8626
302469.1631,548332,76,0.2026,-0.5100,0.8020,36.1069,-17.8779,-11.3282
302469.1631,548342,76,0.3020,-0.4551,0.8440,58.1679,-24.4733,-14.6412
302469.2838,548352,77,0.4038,-0.3960,0.9402,74.1374,-29.1450,-7.0534
302469.2838,548362,77,0.5310,-0.2688,0.9514,79.6794,-35.6031,-7.9847
302469.2838,548372,77,0.5728,-0.3225,0.9578,70.8702,-26.8550,-22.1832
302469.2838,548382,77,0.5593,-0.3516,0.9353,66.1069,-25.0382,-33.3282
302469.2838,548392,77,0.6001,-0.3154,0.9456,63.0229,-32.3053,-41.4962
302469.2838,548402,77,0.6895,-0.2754,0.9946,52.1374,-42.7328,-44.6565
302469.2838,548412,77,0.8699,-0.2859,1.1426,33.5267,-46.2137,-43.6794
302469.2838,548422,77,0.9934,-0.1650,1.1848,16.9466,-39.6794,-39.4809
302469.2838,548432,77,1.1948,-0.2263,1.2480,-16.4275,-23.1145,-33.3740
302469.2838,548442,77,1.1880,-0.2109,1.2170,-46.4122,-1.3435,-24.7481
302469.4030,548452,78,1.0239,-0.3723,1.0693,-68.4275,24.3053,-23.6489
302469.4030,548462,78,0.9382,-0.3870,0.9692,-72.7481,36.9771,-32.3664
302469.4030,548472,78,0.8955,-0.4915,0.9211,-87.7557,42.1679,-33.9695
302469.4030,548482,78,0.8884,-0.6157,0.9214,-106.4885,43.8626,-29.6641
302469.4030,548492,78,0.8708,-0.7397,0.9106,-127.6183,46.9313,-16.1679
302469.4030,548502,78,0.7783,-0.8237,0.8577,-148.7786,53.4351,2.9313
302469.4030,548512,78,0.6929,-0.8933,0.8118,-167.2214,53.8015,24.0153
302469.4030,548522,78,0.6279,-0.9309,0.7874,-180.0153,51.6031,43.9389
302469.4030,548532,78,0.5732,-0.9192,0.7693,-185.6641,46.0763,58.9771
302469.4030,548542,78,0.5505,-0.9104,0.7654,-192.2443,38.5802,69.0992
302469.4635,548552,79,0.5232,-0.8542,0.7402,-202.3817,32.6260,78.3053
302469.4635,548562,79,0.5103,-0.8521,0.7075,-218.0611,28.6565,87.3130
302469.4635,548572,79,0.4683,-0.9207,0.6221,-239.2519,27.9237,98.7481
302469.4635,548582,79,0.3860,-1.0020,0.5210,-260.1679,28.2290,111.1450
302469.4635,548592,79,0.3079,-1.1123,0.4006,-275.8015,26.0611,122.7939
302469.4635,548602,79,0.1682,-1.1558,0.3157,-281.9695,18.1069,138.2595
302469.4635,548612,79,0.1514,-1.1550,0.3113,-274.3359,1.7099,149.5115
302469.4635,548622,79,0.1538,-1.1414,0.3213,-266.0916,-11.5725,157.8931
302469.4635,548632,79,0.1367,-1.1614,0.3298,-255.0840,-20.4122,161.8626
302469.4635,548642,79,0.1458,-1.1829,0.3535,-235.7405,-27.8015,159.8626
302469.5837,548652,80,0.1155,-1.0964,0.3672,-210.6412,-32.6870,157.3282
302469.5837,548662,80,0.0872,-1.0159,0.3594,-185.6336,-36.6107,152.4580
302469.5837,548672,80,0.0369,-0.9500,0.3442,-167.0382,-39.6183,147.5725
302469.5837,548682,80,-0.0332,-0.9277,0.3252,-155.9542,-43.3282,144.3817
302469.5837,548692,80,-0.0964,-0.9722,0.3264,-145.0687,-50.5191,138.2290
302469.5837,548702,80,-0.1091,-0.9990,0.3293,-128.1679,-62.9008,130.9008
302469.5837,548712,80,-0.0881,-0.9446,0.3884,-103.4046,-76.3053,125.2824
302469.5837,548722,80,0.0366,-0.8660,0.4968,-78.7023,-83.6794,115.9084
302469.5837,548732,80,0.0444,-0.8015,0.5220,-65.2061,-75.6794,108.0305
302469.5837,548742,80,-0.0251,-0.7380,0.5137,-54.0611,-62.2595,97.2977
302469.7028,548752,81,-0.0178,-0.6760,0.5134,-43.4962,-56.4885,84.7634
302469.7028,548762,81,-0.0261,-0.6255,0.4854,-39.8015,-51.5878,73.0229
302469.7028,548772,81,-0.0798,-0.6382,0.4189,-42.4427,-45.0840,62.9008
302469.7028,548782,81,-0.1384,-0.6704,0.3660,-48.1069,-44.0153,56.9924
302469.7028,548792,81,-0.1392,-0.7183,0.3596,-51.9695,-48.5038,54.5496
302469.7028,548802,81,0.1606,-0.6233,0.8794,-36.9160,-47.0229,50.9771
302469.7028,548812,81,0.2830,-0.4453,0.7429,-32.7786,-36.3664,44.3511
302469.7028,548822,81,-0.0610,-0.8413,0.4480,-83.8168,-2.5802,38.8550
302469.7028,548832,81,-0.1604,-1.0662,0.4968,-76.8855,7.6794,16.4580
302469.7028,548842,81,0.0481,-1.0129,0.5479,-37.2366,-17.4962,9.7099
302469.7641,548852,82,0.0950,-1.0295,0.4839,-17.6336,-11.8779,11.1145
302469.7641,548862,82,-0.0586,-1.0354,0.4092,-6.1527,9.1145,3.6641
302469.7641,548872,82,-0.1594,-0.9146,0.3142,14.5954,7.7710,-3.2824
302469.7641,548882,82,-0.1753,-0.8015,0.2354,36.3206,-2.2137,-14.9771
302469.7641,548892,82,-0.2502,-0.7275,0.1072,46.3511,-7.6489,-34.0153
302469.7641,548902,82,-0.2490,-0.7859,0.1167,40.9313,-14.5191,-50.7634
302469.7641,548912,82,-0.2053,-0.7700,0.1006,27.0229,-22.5191,-50.7939
302469.7641,548922,82,-0.1768,-0.8716,0.0759,-1.4351,-32.6565,-41.8931
302469.7641,548932,82,-0.2104,-1.0154,0.0540,-27.7099,-33.1603,-25.8779
302469.7641,548942,82,-0.2522,-1.0549,0.0044,-34.1832,-36.2595,-7.9237
302469.8837,548952,83,-0.2205,-1.0159,0.0125,-23.1145,-47.1908,-0.2901
302469.8837,548962,83,-0.1924,-1.0195,0.0073,-16.0611,-52.1527,3.8321
302469.8837,548972,83,-0.2263,-0.9963,-0.0134,-6.8244,-46.4427,3.2366
302469.8837,548982,83,-0.2605,-0.9810,-0.0496,7.5573,-45.4504,-7.3435
302469.8837,548992,83,-0.3083,-0.9458,-0.0576,24.7328,-46.0305,-21.5115
302469.8837,549002,83,-0.3181,-0.8782,-0.0415,42.1679,-56.0458,-35.4656
302469.8837,549012,83,-0.2273,-0.7449,0.0620,49.2061,-79.2214,-44.2443
302469.8837,549022,83,-0.0518,-0.8115,0.2666,20.1832,-106.0458,-33.5878
302469.8837,549032,83,-0.0679,-0.9407,0.1392,-5.6489,-95.6031,-13.9542
302469.8837,549042,83,-0.0613,-0.8977,0.2820,-0.8702,-84.1527,-22.4427
302470.0027,549052,84,-0.0225,-0.9473,0.2520,16.2748,-89.3588,-30.0916
302470.0027,549062,84,0.0134,-0.9495,0.2922,42.6260,-85.3130,-36.9466
302470.0027,549072,84,0.0815,-0.8896,0.3879,47.0229,-82.3969,-29.0382
302470.0027,549082,84,0.0649,-0.8030,0.1936,25.8015,-67.0840,-17.6489
302470.0027,549092,84,-0.2007,-0.8293,0.1162,10.7328,-49.2672,-34.3664
302470.0027,549102,84,0.5310,-1.2869,0.9978,12.8092,-68.4580,-49.8779
302470.0027,549112,84,1.0217,-1.0259,1.1270,36.1221,-49.6183,23.0840
302470.0027,549122,84,0.7327,-0.8579,0.6643,19.9237,3.2672,23.5115
302470.0027,549132,84,-0.0312,-1.1277,0.3433,-16.7176,54.5344,-6.6718
302470.0027,549142,84,-0.1775,-1.1670,0.2314,-2.6565,31.7405,-14.0000
302470.0631,549152,85,0.0051,-1.0269,0.2605,22.7939,-12.8550,-7.4809
302470.0631,549162,85,0.0730,-0.8135,0.2944,40.7786,-19.4809,-9.4656
302470.0631,549172,85,0.0654,-0.8062,0.2827,38.6718,-7.4809,-20.7786
302470.0631,549182,85,-0.0361,-0.7856,0.1816,36.1527,11.2214,-30.6870
302470.0631,549192,85,-0.0581,-0.7351,0.1545,34.5191,31.1756,-45.7557
302470.0631,549202,85,-0.0632,-0.7800,0.1794,22.3664,39.2366,-52.5649
302470.0631,549212,85,-0.0713,-0.8110,0.1992,16.3053,37.4656,-48.5191
302470.0631,549222,85,-0.0242,-0.8264,0.2539,16.8702,26.1679,-38.2290
302470.0631,549232,85,0.0051,-0.8337,0.2603,13.9389,17.9389,-26.1069
302470.0631,549242,85,-0.0593,-0.8015,0.2202,13.5725,19.1908,-23.4351
302470.1837,549252,86,-0.0486,-0.7988,0.2590,13.6336,8.7023,-23.6794
302470.1837,549262,86,0.0122,-0.8137,0.2727,9.4198,-2.9008,-16.7023
302470.1837,549272,86,-0.0227,-0.8245,0.1909,-2.3359,-1.5878,-9.6641
302470.1837,549282,86,-0.1575,-0.9199,0.0996,-20.7328,2.9924,-8.2443
302470.1837,549292,86,-0.2136,-0.9956,0.0232,-24.8092,-7.0534,-5.2977
302470.1837,549302,86,-0.1909,-0.6501,0.0356,-26.3206,-28.0763,7.2672
302470.1837,549312,86,0.5532,-0.8140,0.7874,-61.4351,-64.4580,-5.6183
302470.1837,549322,86,0.7769,-1.1277,1.2542,-104.3511,-62.3359,23.4504
302470.1837,549332,86,0.6013,-1.3145,0.4719,-86.0153,-11.3588,56.3664
302470.1837,549342,86,-0.1069,-1.1487,0.1826,-24.9160,35.4656,32.6718
302470.3032,549352,87,-0.0544,-0.8860,0.2297,3.9542,17.6489,28.4733
302470.3032,549362,87,0.0930,-0.8330,0.3503,11.2214,-2.2290,16.4733
302470.3032,549372,87,0.0601,-0.8733,0.3232,8.8397,-2.5802,9.3130
302470.3032,549382,87,0.0391,-0.9370,0.2708,6.5954,-2.9313,6.6260
302470.3032,549392,87,0.0513,-0.9587,0.2722,9.3282,-4.6565,7.7557
302470.3032,549402,87,0.0898,-0.9434,0.2961,13.9695,-4.2290,10.8244
302470.3032,549412,87,0.0886,-0.9409,0.2869,16.2137,3.8626,16.2137
302470.3032,549422,87,0.0757,-0.9570,0.2222,14.0611,12.3053,21.7099
302470.3032,549432,87,0.0916,-1.0317,0.2073,15.9847,16.0611,28.0458
302470.3032,549442,87,0.1816,-1.0991,0.2385,28.1527,21.4198,36.4427
302470.4223,549452,88,0.2224,-1.0913,0.2798,43.5573,41.9695,48.3511
302470.4223,549462,88,0.2046,-1.0496,0.2686,57.4962,70.6107,59.8626
302470.4223,549472,88,0.0364,-0.8596,0.3159,77.5267,100.7939,62.3206
302470.4223,549482,88,0.1223,-0.9309,0.3584,84.6260,106.8702,64.3206
302470.4223,549492,88,0.1716,-0.8555,0.4373,83.4809,102.4427,79.0229
302470.4223,549502,88,0.1240,-0.6550,0.5752,51.4504,95.2519,96.1985
302470.4223,549512,88,0.1123,-0.6521,0.5549,-7.9389,82.1832,114.0763
302470.4223,549522,88,0.1199,-0.6938,0.4941,-51.7099,80.5496,120.9160
302470.4223,549532,88,0.0889,-0.7051,0.4893,-71.1450,90.0611,108.7481
302470.4223,549542,88,0.0923,-0.7874,0.4749,-88.0153,97.4809,95.1756
302470.4848,549552,89,0.0671,-0.8416,0.4290,-101.3130,108.8855,88.7634
302470.4848,549562,89,0.0103,-0.8721,0.3477,-105.8015,117.0382,84.0000
302470.4848,549572,89,-0.0466,-0.8794,0.2688,-99.9084,117.6183,76.5344
302470.4848,549582,89,-0.0940,-0.8572,0.2202,-88.3817,113.2519,69.4809
302470.4848,549592,89,-0.1350,-0.8040,0.1860,-79.7405,107.5115,63.5725
302470.4848,549602,89,-0.1914,-0.7756,0.1375,-79.2672,101.5878,58.1527
302470.4848,549612,89,-0.2354,-0.7854,0.0857,-82.5802,92.4427,50.9924
302470.4848,549622,89,-0.2583,-0.7996,0.0571,-84.3206,82.8550,43.9847
302470.4848,549632,89,-0.2849,-0.8232,0.0273,-84.8397,76.0458,39.0687
302470.4848,549642,89,-0.3174,-0.8406,-0.0115,-84.3511,69.7710,32.4427
302470.6044,549652,90,-0.3477,-0.8672,-0.0479,-82.2443,61.6031,22.3664
302470.6044,549662,90,-0.3726,-0.8906,-0.0752,-77.2519,51.2214,10.1221
302470.6044,549672,90,-0.3784,-0.9119,-0.0833,-70.8855,39.3893,-1.9847
302470.6044,549682,90,-0.3521,-0.9604,-0.0818,-64.8855,31.5878,-12.2901
302470.6044,549692,90,-0.3364,-1.0154,-0.0930,-59.3588,34.2290,-18.0153
302470.6044,549702,90,-0.3528,-1.0520,-0.1138,-52.2290,40.5649,-21.6794
302470.6044,549712,90,-0.3794,-1.0559,-0.1372,-42.6412,41.0992,-24.1221
302470.6044,549722,90,-0.3936,-1.0552,-0.1384,-35.4198,34.5649,-22.8855
302470.6044,549732,90,-0.3865,-1.0432,-0.1372,-32.3053,25.0992,-19.8931
302470.6044,549742,90,-0.3889,-1.0249,-0.1221,-32.2901,16.6870,-16.5649
302470.6622,549752,91,-0.3726,-1.0283,-0.1101,-36.1985,7.1756,-14.3969
302470.6622,549762,91,-0.3567,-1.0334,-0.0964,-39.2061,-0.6412,-12.3053
302470.6622,549772,91,-0.3472,-1.0435,-0.0898,-40.5496,-6.1985,-9.6489
302470.6622,549782,91,-0.3386,-1.0542,-0.0862,-39.8931,-9.8168,-7.6336
302470.6622,549792,91,-0.3101,-1.0586,-0.0659,-36.5344,-10.1221,-6.0305
302470.6622,549802,91,-0.2913,-1.0713,-0.0557,-31.6336,-6.3359,-5.2824
302470.6622,549812,91,-0.3025,-1.0784,-0.0637,-23.8168,0.1832,-5.5420
302470.6622,549822,91,-0.3223,-1.0754,-0.0852,-13.2824,5.3893,-7.2672
302470.6622,549832,91,-0.3298,-1.0571,-0.0891,-2.1221,7.3435,-10.8092
302470.6622,549842,91,-0.3279,-1.0320,-0.0789,7.6183,7.2519,-14.5802
302470.7961,549852,92,-0.3342,-1.0115,-0.0740,13.8015,6.8092,-17.3130
302470.7961,549862,92,-0.3320,-0.9910,-0.0552,16.8397,5.2824,-19.5725
302470.7961,549872,92,-0.3086,-0.9856,-0.0315,16.5649,4.1527,-21.1298
302470.7961,549882,92,-0.2913,-0.9885,-0.0117,13.4198,6.6718,-20.8397
302470.7961,549892,92,-0.2976,-0.9927,-0.0232,9.6489,11.5725,-19.3130
302470.7961,549902,92,-0.3113,-1.0156,-0.0466,5.7557,14.2901,-17.6336
302470.7961,549912,92,-0.3093,-1.0315,-0.0586,4.6107,13.7405,-16.9008
302470.7961,549922,92,-0.3098,-1.0503,-0.0691,6.6412,12.5802,-17.0229
302470.7961,549932,92,-0.3108,-1.0659,-0.0740,11.6641,10.9008,-18.8702
302470.7961,549942,92,-0.3054,-1.0837,-0.0693,18.0763,7.1908,-21.3130
302470.9035,549952,93,-0.2849,-1.0986,-0.0693,24.6870,2.4580,-22.6412
302470.9035,549962,93,-0.2617,-1.0891,-0.0508,31.6794,-0.5802,-22.2901
302470.9035,549972,93,-0.2566,-1.0845,-0.0378,37.0382,-0.6870,-20.8550
302470.9035,549982,93,-0.2527,-1.0698,-0.0342,41.6336,0.5496,-18.5802
302470.9035,549992,93,-0.2573,-1.0771,-0.0415,44.1221,0.4733,-15.2214
302470.9035,550002,93,-0.2654,-1.0857,-0.0454,44.8550,-2.1221,-11.4809
302470.9035,550012,93,-0.2671,-1.0757,-0.0564,44.5649,-6.0916,-7.2977
302470.9035,550022,93,-0.2637,-1.0637,-0.0488,42.6565,-11.3130,-3.7863
302470.9035,550032,93,-0.2683,-1.0640,-0.0469,40.1374,-16.6107,-1.1756
302470.9035,550042,93,-0.2627,-1.0642,-0.0476,39.5115,-21.6031,0.3511
302471.0208,550052,94,-0.2495,-1.0642,-0.0417,40.1069,-27.4351,1.7710
302471.0208,550062,94,-0.2417,-1.0864,-0.0410,42.2595,-31.6336,1.6183
302471.0208,550072,94,-0.2222,-1.0906,-0.0352,47.6947,-33.2977,1.1908
302471.0208,550082,94,-0.2104,-1.0894,-0.0205,54.5344,-31.5878,2.7481
302471.0208,550092,94,-0.2251,-1.0583,-0.0154,61.8626,-27.8168,5.7252
302471.0208,550102,94,-0.2417,-1.0134,-0.0059,69.2366,-25.6947,6.3817
302471.0208,550112,94,-0.2378,-0.9888,0.0171,74.5954,-26.1069,6.1069
302471.0208,550122,94,-0.2351,-0.9673,0.0210,79.0534,-25.8321,5.4962
302471.0208,550132,94,-0.2593,-0.9370,0.0220,83.1756,-23.3282,4.1832
302471.0208,550142,94,-0.2820,-0.9146,0.0251,84.7634,-23.7557,1.5725
302471.1401,550152,95,-0.2722,-0.8909,0.0527,85.8626,-28.8855,-1.8473
302471.1401,550162,95,-0.2502,-0.8779,0.0938,85.0534,-35.1298,-4.5038
302471.1401,550172,95,-0.2188,-0.8884,0.1221,82.8702,-40.6565,-8.9008
302471.1401,550182,95,-0.1895,-0.8804,0.1624,80.1069,-44.6412,-14.0916
302471.1401,550192,95,-0.1580,-0.8953,0.2119,73.7863,-48.8855,-14.8092
302471.1401,550202,95,-0.1082,-0.9224,0.2500,65.7710,-49.0992,-12.3206
302471.1401,550212,95,-0.1091,-0.9058,0.2563,57.6794,-43.9237,-6.2901
302471.1401,550222,95,-0.1372,-0.8853,0.2424,50.6565,-40.0305,-1.6183
302471.1401,550232,95,-0.1582,-0.8618,0.2275,48.1832,-39.0992,-2.9924
302471.1401,550242,95,-0.1694,-0.8506,0.2234,49.7405,-41.3893,-7.9542
302471.2601,550252,96,-0.1716,-0.8442,0.2446,52.2748,-46.2595,-12.4122
302471.2601,550262,96,-0.1484,-0.7971,0.2759,52.9160,-53.1145,-15.5267
302471.2601,550272,96,-0.1479,-0.7363,0.3193,47.9389,-59.9542,-21.4962
302471.2601,550282,96,-0.0994,-0.7612,0.3694,38.6107,-66.3511,-29.9237
302471.2601,550292,96,-0.0337,-0.8108,0.4138,30.8244,-65.7863,-36.0305
302471.2601,550302,96,-0.0110,-0.8220,0.4363,22.6718,-58.3817,-36.4733
302471.2601,550312,96,-0.0176,-0.8369,0.4272,13.3435,-51.6031,-35.2672
302471.2601,550322,96,-0.0288,-0.8406,0.3953,6.1221,-46.0916,-32.4427
302471.2601,550332,96,-0.0598,-0.8516,0.3691,-4.3664,-46.4733,-26.7786
302471.2601,550342,96,-0.0813,-0.8962,0.3040,-16.3359,-57.0229,-21.0534
302471.2621,550352,97,-0.1172,-0.8877,0.2627,-18.3511,-65.1298,-19.5573
302471.2621,550362,97,-0.1160,-0.8745,0.2798,-16.9618,-81.7405,-24.7023
302471.2621,550372,97,-0.0715,-0.9153,0.3044,-15.0840,-110.1832,-31.6947
302471.2621,550382,97,0.0286,-0.9453,0.3826,-16.2901,-145.3435,-34.5344
302471.2621,550392,97,0.2253,-0.9617,0.4883,-22.5802,-180.9008,-30.5802
302471.2621,550402,97,0.2996,-1.0134,0.7786,-32.1069,-181.2519,0.9924
302471.2621,550412,97,0.3140,-0.7529,0.7397,20.3817,-123.0534,35.7863
302471.2621,550422,97,0.2791,-0.4778,0.6042,-0.8702,-58.8092,34.8397
302471.2621,550432,97,0.0518,-0.8650,0.3845,-70.8702,11.4198,24.3511
302471.2621,550442,97,-0.1575,-1.0703,0.1929,-79.1756,33.4198,19.4198
302471.3839,550452,98,-0.1343,-1.1677,0.1436,-59.1298,8.7023,10.5649
302471.3839,550462,98,0.0100,-1.0869,0.3264,-38.7634,-18.0000,9.9084
302471.3839,550472,98,0.0396,-1.0107,0.3398,-29.1603,-18.5954,11.1145
302471.3839,550482,98,0.0286,-0.9456,0.3982,-21.5420,-12.1679,9.8321
302471.3839,550492,98,0.0686,-0.9043,0.4294,-28.5954,-13.8931,11.8168
302471.3839,550502,98,0.0417,-0.9016,0.4294,-38.9008,-4.4580,14.2901
302471.3839,550512,98,0.0022,-0.9331,0.3706,-52.8397,5.9084,14.7634
302471.3839,550522,98,-0.0669,-0.9751,0.2197,-66.4427,12.9008,19.7863
302471.3839,550532,98,-0.3176,-1.0542,-0.0061,-74.5038,19.7863,21.4656
302471.3839,550542,98,-0.6470,-1.1047,-0.2500,-75.1756,14.4733,18.5344
302471.5022,550552,99,-0.4817,-1.0850,-0.1580,-50.0000,-16.1832,-3.1145
302471.5022,550562,99,-0.1721,-1.0476,0.0977,-21.3282,-35.1145,-21.4809
302471.5022,550572,99,0.0168,-1.0593,0.2729,-10.5191,-32.5496,-20.1527
302471.5022,550582,99,0.0471,-1.0076,0.3306,-12.3511,-18.7634,-6.2901
302471.5022,550592,99,-0.1060,-0.9561,0.2576,-19.6794,-2.8702,8.1985
302471.5022,550602,99,-0.1504,-0.9619,0.2212,-25.3588,0.7328,13.6794
302471.5022,550612,99,-0.1082,-0.9890,0.2266,-26.8092,-2.7023,11.1603
302471.5022,550622,99,-0.1479,-1.0049,0.1907,-23.1603,-1.6031,5.0229
302471.5022,550632,99,-0.1492,-1.0110,0.1804,-15.9847,-4.2290,-4.8397
302471.5022,550642,99,-0.1204,-1.0071,0.1787,-10.5191,-8.6260,-14.6412
302471.5628,550652,100,-0.0918,-0.9690,0.1931,-7.3435,-11.0076,-22.6260
302471.5628,550662,100,-0.0925,-0.9858,0.1611,-9.5725,-13.7405,-25.9084
302471.5628,550672,100,-0.0669,-1.0510,0.1267,-11.3893,-17.8779,-25.1298
302471.5628,550682,100,-0.0630,-1.0681,0.0999,-6.5038,-23.4351,-21.4809
302471.5628,550692,100,-0.0679,-1.0422,0.1243,-0.3053,-29.0992,-15.4504
302471.5628,550702,100,-0.0698,-1.0596,0.1184,-1.8321,-33.4962,-10.7328
302471.5628,550712,100,-0.0371,-1.0291,0.1487,-3.6947,-36.1679,-7.1145
302471.5628,550722,100,-0.0583,-1.0178,0.1687,-6.6870,-35.7405,-6.8702
302471.5628,550732,100,-0.0278,-1.0295,0.1914,-6.1985,-36.0916,-12.1069
302471.5628,550742,100,0.0017,-1.0518,0.2148,-2.0916,-37.4962,-17.8015
302471.6823,550752,101,0.0242,-1.0583,0.2407,4.3053,-36.5191,-23.4198
302471.6823,550762,101,0.0095,-1.0166,0.2539,8.6870,-33.8626,-27.0992
302471.6823,550772,101,0.0479,-1.0012,0.2861,9.3282,-31.7863,-28.3817
302471.6823,550782,101,0.1028,-0.9812,0.3042,8.5038,-28.2443,-28.5496
302471.6823,550792,101,0.0786,-1.0073,0.3083,4.5191,-20.8397,-26.6412
302471.6823,550802,101,0.3560,-0.9919,0.5654,18.0153,-22.2748,-32.7023
302471.6823,550812,101,0.5298,-1.0115,0.7056,28.3817,-10.7786,-38.2137
302471.6823,550822,101,0.5857,-0.9658,0.7891,36.6565,11.7863,-40.8092
302471.6823,550832,101,0.7268,-0.8865,0.8164,46.7023,26.3969,-48.1985
302471.6823,550842,101,0.4968,-0.8877,0.5928,31.2824,60.9618,-46.2748
302471.8027,550852,102,0.3420,-0.7600,0.6172,28.7023,82.4733,-49.7252
302471.8027,550862,102,0.3369,-0.8662,0.5151,23.3740,79.7557,-55.9084
302471.8027,550872,102,0.1035,-0.8582,0.2922,3.0687,90.8855,-41.6947
302471.8027,550882,102,-0.0042,-0.7136,0.2295,-0.8702,91.9084,-38.8550
302471.8027,550892,102,-0.1323,-0.7236,0.1313,-4.0000,88.4580,-49.2366
302471.8027,550902,102,-0.2429,-0.7703,0.0613,-16.1832,87.8015,-58.6107
302471.8027,550912,102,-0.2710,-0.7505,-0.0686,-30.3511,78.9160,-61.2977
302471.8027,550922,102,-0.4058,-0.7932,-0.1521,-39.6489,75.1756,-74.1527
302471.8027,550932,102,-0.4133,-0.9138,-0.2412,-54.9466,58.5802,-79.6641
302471.8027,550942,102,-0.3872,-1.1111,-0.2886,-65.8779,40.4885,-77.9847
302471.8617,550952,103,-0.2788,-1.2661,-0.2952,-69.4656,18.5496,-65.1756
302471.8617,550962,103,-0.2261,-1.2585,-0.2380,-60.0305,1.6794,-43.2061
302471.8617,550972,103,-0.2517,-1.1460,-0.2024,-49.8015,-8.6260,-20.5802
302471.8617,550982,103,-0.2930,-1.0635,-0.1934,-49.0534,-16.0305,-4.4122
302471.8617,550992,103,-0.2939,-1.0381,-0.1912,-55.3893,-26.5038,5.4962
302471.8617,551002,103,-0.2595,-1.0398,-0.1641,-58.9008,-38.1832,11.1756
302471.8617,551012,103,-0.1868,-1.0503,-0.1013,-58.0153,-48.6870,14.1221
302471.8617,551022,103,-0.0981,-1.0466,-0.0181,-52.3969,-53.7099,15.7405
302471.8617,551032,103,-0.0134,-1.0251,0.0610,-44.9160,-52.8092,16.2595
302471.8617,551042,103,0.0425,-1.0159,0.1140,-39.0840,-47.9847,17.7252
302471.9833,551052,104,0.1023,-1.0256,0.1443,-34.4733,-42.9771,19.3893
302471.9833,551062,104,0.4099,-0.7397,0.6882,-29.8015,-37.4809,21.7710
302471.9833,551072,104,-0.1650,-1.5662,-0.4719,-74.1374,-1.9084,21.5573
302471.9833,551082,104,0.8398,-0.4446,0.9404,-34.0916,-9.8015,23.9389
302471.9833,551092,104,0.2822,-1.2598,0.0430,-80.6718,32.7939,21.9389
302471.9833,551102,104,0.4023,-0.9072,0.4565,-42.7634,10.3664,27.3588
302471.9833,551112,104,0.3748,-1.0625,0.2004,-44.4580,21.5725,28.3206
302471.9833,551122,104,0.1111,-1.0300,-0.0210,-27.8626,17.1145,29.0840
302471.9833,551132,104,0.0457,-0.9270,-0.0220,9.1298,-1.4656,19.0382
302471.9833,551142,104,0.0823,-0.9675,0.1479,27.0534,-16.2595,11.2824
302472.1022,551152,105,0.3899,-0.7808,0.3123,11.8779,-26.5191,18.5038
302472.1022,551162,105,0.2129,-0.8691,0.1394,-35.4046,7.1298,32.3817
302472.1022,551172,105,0.0754,-0.8330,0.0969,-59.3740,33.4046,32.8397
302472.1022,551182,105,0.0266,-1.0457,-0.1270,-69.1145,34.3511,18.9008
302472.1022,551192,105,0.0449,-1.0593,-0.1074,-57.3740,29.3435,11.1298
302472.1022,551202,105,0.0227,-1.0427,-0.0942,-49.5115,27.1298,14.1374
302472.1022,551212,105,0.0332,-1.0300,-0.0737,-46.0000,22.5038,18.3817
302472.1022,551222,105,0.0520,-1.0195,-0.0232,-43.2366,16.9771,22.1069
302472.1022,551232,105,0.0791,-0.9688,0.0374,-36.9160,14.6412,22.7939
302472.1022,551242,105,0.0659,-0.9031,0.0576,-28.1679,17.1145,21.2977
302472.1631,551252,106,0.0210,-0.9709,0.1060,-17.8473,22.0153,7.7863
302472.1631,551262,106,0.1758,-0.9949,0.0947,10.2290,22.4733,-16.6260
302472.1631,551272,106,0.2502,-1.0986,0.1086,38.5802,40.7023,-48.5649
302472.1631,551282,106,0.3206,-1.1433,0.1455,68.7481,70.3664,-67.3588
302472.1631,551292,106,0.3335,-1.0891,0.1958,94.4122,111.5115,-83.7405
302472.1631,551302,106,0.4268,-1.0447,0.3337,96.7023,145.8168,-90.3511
302472.1631,551312,106,0.4307,-1.1938,0.2310,80.6870,182.8244,-88.5496
302472.1631,551322,106,0.3538,-1.2661,0.1934,85.8473,214.0305,-79.8931
302472.1631,551332,106,0.3174,-1.1506,0.1418,106.4122,239.0229,-69.6794
302472.1631,551342,106,0.1335,-1.1367,0.0359,121.7557,226.5649,-63.0076
302472.2849,551352,107,0.1194,-1.0542,0.0469,139.4504,181.8015,-78.4885
302472.2849,551362,107,0.1802,-1.0327,0.0796,145.3893,145.0687,-92.4122
302472.2849,551372,107,0.2388,-1.0740,0.0969,146.6718,128.6718,-105.1603
302472.2849,551382,107,0.2498,-1.1624,0.0864,146.7786,122.3817,-112.1221
302472.2849,551392,107,0.2451,-1.2532,0.0498,149.0229,115.9084,-112.1221
302472.2849,551402,107,0.2222,-1.2651,0.0415,159.4198,111.4504,-106.1221
302472.2849,551412,107,0.2104,-1.2253,0.0764,170.6260,104.3817,-96.4733
302472.2849,551422,107,0.2087,-1.1721,0.1204,176.5954,92.4580,-87.2214
302472.2849,551432,107,0.2009,-1.0994,0.1711,177.8626,80.7176,-78.8397
302472.2849,551442,107,0.1699,-1.0527,0.1992,174.5191,70.4580,-71.7405
302472.4036,551452,108,0.1404,-1.0232,0.2195,168.1985,59.6947,-67.6183
302472.4036,551462,108,0.1338,-0.9961,0.2664,162.2595,48.0305,-64.7634
302472.4036,551472,108,0.1509,-0.9751,0.3149,155.6489,35.8321,-60.3511
302472.4036,551482,108,0.1699,-0.9448,0.3701,149.2672,27.0534,-53.6641
302472.4036,551492,108,0.1824,-0.9143,0.4272,141.3588,21.0992,-46.2901
302472.4036,551502,108,0.2058,-0.8892,0.4795,130.6718,14.4733,-39.4198
302472.4036,551512,108,0.2336,-0.8643,0.5242,118.7786,8.7939,-31.5115
302472.4036,551522,108,0.2488,-0.8364,0.5632,107.1298,5.0229,-23.3435
302472.4036,551532,108,0.2537,-0.8064,0.5996,94.7481,1.6794,-16.9313
302472.4036,551542,108,0.2722,-0.8054,0.6216,82.2595,-1.0992,-12.5954
302472.4636,551552,109,0.2837,-0.8042,0.6372,73.7252,-0.8092,-9.7863
302472.4636,551562,109,0.2925,-0.7903,0.6606,67.6336,-0.9618,-8.2137
302472.4636,551572,109,0.3096,-0.7783,0.6887,60.7328,-2.9924,-7.3740
302472.4636,551582,109,0.3167,-0.7854,0.6904,54.1832,-4.1374,-6.5954
302472.4636,551592,109,0.3196,-0.8071,0.6895,50.3969,-4.0763,-5.8321
302472.4636,551602,109,0.3340,-0.8152,0.7009,49.3130,-6.4580,-3.8473
302472.4636,551612,109,0.3386,-0.7820,0.7122,49.4351,-9.7557,-0.4733
302472.4636,551622,109,0.3311,-0.7280,0.7190,48.6412,-11.6947,2.9160
302472.4636,551632,109,0.3184,-0.6963,0.7119,44.8244,-13.6183,4.6412
302472.4636,551642,109,0.3147,-0.6931,0.7102,39.7405,-16.3206,3.8779
302472.5829,551652,110,0.3384,-0.6934,0.7222,38.9008,-17.6794,1.5420
302472.5829,551662,110,0.3357,-0.6665,0.7344,41.2977,-16.2290,-0.3969
302472.5829,551672,110,0.3267,-0.6357,0.7410,41.2061,-14.7023,-1.6183
302472.5829,551682,110,0.3171,-0.6189,0.7327,37.8015,-14.5038,-3.0840
302472.5829,551692,110,0.3066,-0.6147,0.7205,33.1298,-16.0305,-5.6947
302472.5829,551702,110,0.3010,-0.6106,0.7058,28.9618,-19.3588,-8.6412
302472.5829,551712,110,0.3013,-0.6208,0.7031,24.5496,-24.5344,-10.8855
302472.5829,551722,110,0.3296,-0.6453,0.7097,21.0382,-30.3359,-13.0076
302472.5829,551732,110,0.3467,-0.6523,0.7319,20.7176,-32.8855,-14.2443
302472.5829,551742,110,0.3650,-0.6565,0.7451,20.0305,-33.3588,-13.5115
302472.7022,551752,111,0.3765,-0.6553,0.7493,17.8473,-33.3435,-11.7710
302472.7022,551762,111,0.3860,-0.6599,0.7507,16.8550,-31.0534,-10.6412
302472.7022,551772,111,0.3899,-0.6775,0.7615,17.5725,-25.6794,-10.6107
302472.7022,551782,111,0.4014,-0.6919,0.7625,18.6870,-21.2366,-9.9847
302472.7022,551792,111,0.3933,-0.6797,0.7644,20.0000,-17.4198,-8.4122
302472.7022,551802,111,0.3904,-0.6528,0.7727,21.2061,-15.8931,-7.2824
302472.7022,551812,111,0.3984,-0.6328,0.7788,20.5191,-15.8779,-6.9618
302472.7022,551822,111,0.4092,-0.6157,0.7964,19.1450,-14.0763,-6.9008
302472.7022,551832,111,0.4141,-0.6001,0.7954,16.2901,-9.3282,-6.3359
302472.7022,551842,111,0.4160,-0.6057,0.7922,11.3282,-4.4580,-5.1145
302472.7617,551852,112,0.4177,-0.6257,0.7917,9.0534,-0.4580,-4.9008
302472.7617,551862,112,0.4180,-0.6431,0.7932,12.1985,3.5420,-6.7176
302472.7617,551872,112,0.4109,-0.6663,0.7810,16.7786,7.4809,-9.6336
302472.7617,551882,112,0.3982,-0.7122,0.7654,22.5038,11.8931,-12.4122
302472.7617,551892,112,0.3818,-0.7490,0.7539,32.0458,13.8931,-14.7786
302472.7617,551902,112,0.3691,-0.7532,0.7573,42.8702,13.6947,-16.0000
302472.7617,551912,112,0.3562,-0.7312,0.7661,51.7710,12.8855,-14.8550
302472.7617,551922,112,0.3501,-0.7280,0.7778,56.7328,11.1603,-13.2824
302472.7617,551932,112,0.3472,-0.7190,0.7864,59.1298,9.4504,-11.7557
302472.7617,551942,112,0.3433,-0.7031,0.8057,59.6641,8.9466,-9.8473
302472.8822,551952,113,0.3477,-0.7166,0.8198,56.7328,8.0611,-7.1603
302472.8822,551962,113,0.3474,-0.7412,0.8076,53.5878,6.5496,-4.7176
302472.8822,551972,113,0.3430,-0.7617,0.8040,53.4504,7.4351,-1.1603
302472.8822,551982,113,0.3508,-0.8000,0.8113,54.3664,7.4198,3.8473
302472.8822,551992,113,0.3813,-0.8665,0.8049,55.4504,3.3740,10.3664
302472.8822,552002,113,0.3579,-0.8926,0.7815,65.1145,5.1908,17.2366
302472.8822,552012,113,0.3340,-0.8694,0.7981,83.9389,8.0000,20.7481
302472.8822,552022,113,0.3386,-0.8186,0.7852,100.0000,2.6412,24.9313
302472.8822,552032,113,0.3193,-0.7417,0.7578,108.9008,0.2137,33.7405
302472.8822,552042,113,0.2761,-0.6426,0.7729,112.5191,3.8626,43.3893
302473.0033,552052,114,0.2463,-0.5632,0.7852,110.3817,2.1069,48.0000
302473.0033,552062,114,0.2439,-0.5342,0.7896,103.6031,-5.7099,49.6489
302473.0033,552072,114,0.2761,-0.5381,0.7886,96.9313,-14.3206,50.2443
302473.0033,552082,114,0.3037,-0.5420,0.8167,93.8015,-18.8092,50.8550
302473.0033,552092,114,0.3140,-0.5554,0.8210,95.2366,-22.0153,52.4733
302473.0033,552102,114,0.3313,-0.5425,0.8337,102.8092,-23.1450,52.8092
302473.0033,552112,114,0.3401,-0.5115,0.8330,114.3664,-20.6260,49.3740
302473.0033,552122,114,0.3164,-0.4480,0.8313,128.0153,-14.3817,43.0076
302473.0033,552132,114,0.3171,-0.3994,0.8511,137.5878,-11.2824,35.8931
302473.0033,552142,114,0.3459,-0.3611,0.8540,139.4809,-14.3664,31.3435
302473.0629,552152,115,0.3630,-0.3105,0.8542,136.4885,-16.0611,32.4275
302473.0629,552162,115,0.3691,-0.2766,0.8806,127.6031,-16.2595,36.0611
302473.0629,552172,115,0.3794,-0.2473,0.8823,111.5725,-20.3969,44.9924
302473.0629,552182,115,0.3850,-0.2285,0.8572,94.9771,-22.6718,54.1374
302473.0629,552192,115,0.3708,-0.2058,0.8806,82.1527,-19.1908,58.8092
302473.0629,552202,115,0.3657,-0.1926,0.8933,72.9466,-17.8321,60.2748
302473.0629,552212,115,0.3643,-0.1672,0.9016,66.9008,-19.5725,59.2824
302473.0629,552222,115,0.3894,-0.0774,0.9048,62.0763,-22.3206,53.6794
302473.0629,552232,115,0.4265,-0.1841,0.9753,49.7863,-17.2214,49.8626
302473.0629,552242,115,0.4941,-0.0225,1.0474,65.0534,-19.6641,29.9847
302473.1833,552252,116,0.4546,-0.1409,0.9446,64.4885,-2.4275,28.4885
302473.1833,552262,116,0.3989,-0.0320,1.0171,61.0992,12.4275,25.6489
302473.1833,552272,116,0.4412,-0.0718,0.9790,53.0840,6.5191,22.8550
302473.1833,552282,116,0.4050,-0.1018,0.9722,43.6641,4.5038,26.5954
302473.1833,552292,116,0.3582,-0.0676,0.9460,38.0305,1.2824,28.9008
302473.1833,552302,116,0.2964,-0.0615,0.9165,26.5802,-0.4733,30.8244
302473.1833,552312,116,0.3191,-0.2385,0.9263,9.2214,-5.5573,35.0534
302473.1833,552322,116,0.3684,-0.2344,0.9565,13.9695,-12.4885,32.6565
302473.1833,552332,116,0.3469,-0.2334,0.9551,18.3664,-7.0992,37.1756
302473.1833,552342,116,0.3313,-0.1875,0.9705,22.2137,3.2519,39.9695
302473.3037,552352,117,0.3142,-0.1755,0.9707,25.5573,8.8702,36.7023
302473.3037,552362,117,0.2498,-0.1963,0.9119,28.3969,8.6412,33.7557
302473.3037,552372,117,0.3223,-0.1135,0.8423,38.5344,2.4275,27.3588
302473.3037,552382,117,0.2419,-0.0857,0.8970,43.1756,0.6412,44.8550
302473.3037,552392,117,0.2627,-0.0710,0.9045,36.4275,-6.8855,59.1450
302473.3037,552402,117,0.3054,-0.0439,0.9390,30.6870,-14.2595,62.5191
302473.3037,552412,117,0.2100,-0.1152,0.9187,25.4962,-14.1832,64.1221
302473.3037,552422,117,0.2500,-0.1667,0.9907,27.8473,-10.5954,63.4809
302473.3037,552432,117,0.2920,-0.1863,1.0154,30.0153,-18.3359,61.8931
302473.3037,552442,117,0.3442,-0.1663,0.9917,30.4427,-5.8931,46.4122
302473.3620,552452,118,0.3755,-0.1689,0.9573,33.7557,8.3511,36.9618
302473.3620,552462,118,0.2410,-0.2102,0.9390,27.3435,30.0305,20.5802
302473.3620,552472,118,0.2688,-0.2043,0.9167,23.1145,34.8397,22.0458
302473.3620,552482,118,0.2539,-0.1660,0.9526,19.9084,36.5496,27.0840
302473.3620,552492,118,0.2419,-0.1692,0.9705,14.8397,38.5496,32.9008
302473.3620,552502,118,0.2178,-0.1687,0.9817,13.8931,40.8397,35.4962
302473.3620,552512,118,0.2412,-0.1821,1.0046,19.8015,42.9008,29.7405
302473.3620,552522,118,0.2380,-0.1680,1.0188,31.3893,42.5802,22.1985
302473.3620,552532,118,0.2021,-0.0627,1.0205,36.7481,34.5191,18.1221
302473.3620,552542,118,0.2280,-0.0225,1.0264,25.6336,24.2595,27.0992
302473.5417,552552,119,0.1936,0.0117,0.9949,10.3664,13.1450,39.2672
302473.5417,552562,119,0.1570,-0.0422,0.9365,-2.8244,2.7786,44.3511
302473.5417,552572,119,0.1650,-0.0408,0.9009,-8.9160,-4.4580,46.2290
302473.5417,552582,119,0.1509,-0.0398,0.9026,-12.8244,-1.2672,52.1679
302473.5417,552592,119,0.1919,-0.0896,0.9153,-14.9924,4.3817,58.0000
302473.5417,552602,119,0.2571,-0.1416,0.9500,-16.7023,6.8092,62.8855
302473.5417,552612,119,0.2827,-0.2043,0.9753,-12.1221,5.9084,67.5573
302473.5417,552622,119,0.2922,-0.2463,0.9810,-5.6947,2.3359,65.4962
302473.5417,552632,119,0.3225,-0.2163,1.0164,-5.9847,0.7176,63.5573
302473.5417,552642,119,0.2756,-0.2351,1.0181,-7.6336,-4.4885,60.1679
302473.6049,552652,120,0.2385,-0.2720,1.0264,-4.5649,-6.7786,51.8168
302473.6049,552662,120,0.2136,-0.2598,1.0798,-0.5344,-6.1374,47.2672
302473.6049,552672,120,0.2322,-0.2549,1.1106,1.3893,-9.4351,39.0534
302473.6049,552682,120,0.2109,-0.2209,1.0981,-1.0076,-8.2137,27.3740
302473.6049,552692,120,0.2153,-0.2024,1.1189,-8.9466,-5.5115,15.4046
302473.6049,552702,120,0.2351,-0.1826,1.0657,-18.2901,-6.5191,13.7557
302473.6049,552712,120,0.3240,-0.1985,0.9897,-16.3817,-6.8702,7.0534
302473.6049,552722,120,0.4475,-0.2419,0.9282,-13.2672,1.4351,-3.7863
302473.6049,552732,120,0.4907,-0.2974,0.8169,-9.4198,0.0153,-15.6489
302473.6049,552742,120,0.3638,-0.0762,1.0046,-15.9237,10.9771,-8.2137
302473.6631,552752,121,0.3110,-0.0732,1.0344,-30.7634,8.6260,1.9389
302473.6631,552762,121,0.2563,-0.1648,1.0234,-38.0458,5.2977,4.9924
302473.6631,552772,121,0.2222,-0.2332,0.9883,-39.8321,-1.0992,-0.0611
302473.6631,552782,121,0.1912,-0.2390,0.9915,-39.8168,-6.4275,-7.5267
302473.6631,552792,121,0.1235,-0.1724,1.0278,-36.3053,-6.0763,-13.9695
302473.6631,552802,121,0.1606,-0.1089,1.1626,-35.5725,-8.9924,-8.2290
302473.6631,552812,121,0.1240,-0.1924,1.0642,-35.1450,-13.9237,-12.5038
302473.6631,552822,121,0.1580,-0.2336,1.0063,-39.1450,-7.2366,-16.9466
302473.6631,552832,121,0.1018,-0.1794,0.9312,-40.5038,-4.7786,-21.6489
302473.6631,552842,121,0.0122,-0.1301,1.0305,-40.3359,10.1679,-19.1450
302473.7843,552852,122,-0.0889,-0.0691,1.1372,-44.3206,24.0305,-12.3969
302473.7843,552862,122,-0.1858,0.0034,1.2273,-51.7710,55.4656,-1.4046
302473.7843,552872,122,0.0376,-0.0679,1.0559,-47.8931,17.0687,14.6412
302473.7843,552882,122,-0.0750,0.0630,0.9185,-38.9160,-69.5725,19.5420
302473.7843,552892,122,0.0708,-0.6594,1.2981,-34.1985,-111.3435,1.7099
302473.7843,552902,122,0.2559,-0.3030,0.7896,-53.1298,-117.6183,-18.6870
302473.7843,552912,122,0.2705,0.2454,0.3389,-50.7939,15.8015,-30.2901
302473.7843,552922,122,0.1807,0.0532,0.7820,-50.4885,60.6565,-1.1756
302473.7843,552932,122,0.3035,-0.1716,0.3826,-53.0229,48.8855,-8.0916
302473.7843,552942,122,0.3359,-0.0750,0.6360,-58.1374,45.7863,-19.3893
302473.9604,552952,123,0.2722,-0.0374,0.6882,-74.2901,84.6870,-33.2824
302473.9604,552962,123,0.3428,-0.0967,0.6992,-70.2595,56.2595,-23.1450
302473.9604,552972,123,0.3572,-0.1074,0.8560,-55.6641,51.9389,-9.4351
302473.9604,552982,123,0.4849,-0.0317,0.9812,-31.8168,23.2366,-2.9008
302473.9604,552992,123,0.2849,-0.1838,0.9041,-20.3206,22.1069,-10.4427
302473.9604,553002,123,0.3147,-0.1538,0.8730,-22.6260,12.7939,-18.7023
302473.9604,553012,123,0.2864,-0.1372,0.8047,-8.2595,3.5267,-28.2443
302473.9604,553022,123,0.2886,-0.0554,0.6960,0.8550,4.3817,-31.1298
302473.9604,553032,123,0.2761,-0.0007,0.6118,3.7863,15.1908,-22.2595
302473.9604,553042,123,0.2524,0.0249,0.6040,7.4962,31.1145,-2.2901
302473.9626,553052,124,0.2063,0.0569,0.6394,0.0611,51.5725,29.0229
302473.9626,553062,124,0.1362,0.0825,0.7080,-10.7176,67.0382,69.5267
302473.9626,553072,124,0.0688,0.1577,0.7725,-17.7099,72.9313,114.7023
302473.9626,553082,124,0.0649,0.2009,0.7117,-29.6641,74.3664,161.1450
302473.9626,553092,124,0.0588,0.1426,0.6377,-39.4656,81.2214,207.0229
302473.9626,553102,124,0.1047,0.0889,0.5493,-37.7252,95.7099,252.1527
302473.9626,553112,124,-0.0840,0.1577,0.3999,-39.9084,121.9542,288.7328
302473.9626,553122,124,-0.0176,-0.0952,0.2500,-46.8397,142.9313,303.0076
302473.9626,553132,124,-0.2102,-0.2834,0.1987,-16.0000,171.2977,312.0916
302473.9626,553142,124,-0.2854,-0.3210,0.3428,48.7176,186.8397,314.2290
302474.0845,553152,125,-0.4062,-0.3381,0.5891,113.4046,199.6336,312.1832
302474.0845,553162,125,-0.5366,-0.4192,0.8164,167.3588,208.6412,302.3053
302474.0845,553172,125,-0.6594,-0.4712,1.0383,213.4046,215.0076,284.1374
302474.0845,553182,125,-0.7722,-0.4382,1.2976,239.4046,214.8550,261.4656
302474.0845,553192,125,-0.8479,-0.3225,1.5027,233.1603,204.8092,231.7863
302474.0845,553202,125,-0.8896,-0.2390,1.5701,199.3893,189.6183,196.6260
302474.0845,553212,125,-0.8684,-0.1765,1.4155,148.4580,179.1908,160.7786
302474.0845,553222,125,-0.8064,-0.1182,1.2314,96.3969,171.3282,130.6565
302474.0845,553232,125,-0.7739,-0.0903,1.1458,56.9618,170.7023,106.9924
302474.0845,553242,125,-0.7019,-0.0884,1.0364,28.2901,166.3969,91.1145
302474.2033,553252,126,-0.7068,-0.0454,0.8828,16.0611,171.4198,79.0534
302474.2033,553262,126,-0.6848,-0.0125,0.7961,5.8168,175.6947,71.2366
302474.2033,553272,126,-0.6978,0.0244,0.7556,1.6336,177.1908,68.1527
302474.2033,553282,126,-0.7258,0.1255,0.7239,-1.8168,173.2977,67.7252
302474.2033,553292,126,-0.7681,0.2251,0.7183,-5.3130,168.8397,66.3969
302474.2033,553302,126,-0.8284,0.2678,0.6809,-15.9847,159.1298,65.4962
302474.2033,553312,126,-0.9094,0.1980,0.6694,-40.8092,137.2977,59.5573
302474.2033,553322,126,-0.9004,0.0415,0.6760,-67.8015,91.4504,60.3817
302474.2033,553332,126,-0.9087,0.0061,0.6377,-67.5115,61.3740,69.7710
302474.2033,553342,126,-0.9856,-0.0444,0.5667,-49.4351,53.6794,73.4809
302474.2637,553352,127,-0.9871,-0.0664,0.4873,-30.2748,53.8931,73.4046
302474.2637,553362,127,-1.0034,-0.1189,0.5771,-6.5649,59.3740,67.3130
302474.2637,553372,127,-1.0215,-0.2227,0.6172,6.0611,51.3740,57.3740
302474.2637,553382,127,-1.0063,-0.2253,0.5962,8.9771,41.1603,47.9847
302474.2637,553392,127,-1.0186,-0.1738,0.6067,8.7939,45.1298,35.6031
302474.2637,553402,127,-1.0295,-0.0972,0.6006,8.0916,52.8092,25.4046
302474.2637,553412,127,-1.0361,-0.0562,0.5508,-1.0992,60.0305,17.3282
302474.2637,553422,127,-1.0681,-0.0669,0.6045,-8.1527,68.4580,10.5038
302474.2637,553432,127,-1.1165,-0.0752,0.7217,-10.4427,72.3817,4.5344
302474.2637,553442,127,-1.1328,-0.1304,0.7874,-19.7099,69.1908,-3.0076
302474.3836,553452,128,-1.1289,-0.1809,0.8008,-21.6641,65.0382,-4.9466
302474.3836,553462,128,-1.1128,-0.2239,0.8860,-14.6260,57.6489,-2.2748
302474.3836,553472,128,-1.0667,-0.2742,0.8328,-30.0000,25.8015,-1.7863
302474.3836,553482,128,-1.0764,-0.1851,0.8428,-38.3511,40.5496,0.3511
302474.3836,553492,128,-1.0857,-0.0779,0.7830,-33.6031,44.3817,4.1527
302474.3836,553502,128,-1.0505,-0.0862,0.6768,-25.8015,39.0076,5.8473
302474.3836,553512,128,-1.0251,-0.0608,0.6003,-25.8473,38.0305,5.4656
302474.3836,553522,128,-0.9575,-0.0923,0.6003,-41.1908,32.4275,-1.8626
302474.3836,553532,128,-0.9580,-0.0823,0.5569,-61.6183,-26.2290,-18.2595
302474.3836,553542,128,-0.9895,0.0330,0.5676,-57.1298,-27.6031,-20.8550
302474.5033,553552,129,-0.9458,0.1287,0.4807,-33.6641,-8.2443,-15.7252
302474.5033,553562,129,-0.9094,0.1326,0.3738,-18.0763,4.5649,-9.2672
302474.5033,553572,129,-0.8801,0.0364,0.3630,-6.7481,16.9160,-2.8092
302474.5033,553582,129,-0.8916,-0.0100,0.4443,1.5725,31.0534,4.9313
302474.5033,553592,129,-0.9148,-0.0647,0.8059,7.3130,43.8626,8.9618
302474.5033,553602,129,-0.8906,-0.1482,0.5950,-62.6412,219.4656,6.9160
302474.5033,553612,129,-0.8862,-0.2251,0.4653,-103.7863,271.6641,16.6718
302474.5033,553622,129,-0.8818,-0.1255,0.3264,-82.5038,268.1221,23.0229
302474.5033,553632,129,-0.8687,-0.0635,0.2554,-50.2443,266.7328,27.8931
302474.5033,553642,129,-0.9419,-0.0767,0.3188,-28.8855,270.2290,29.9237
302474.5631,553652,130,-2.5452,0.2463,0.4170,-21.4198,255.3893,22.9618
302474.5631,553662,130,-1.1121,0.0244,0.6060,-22.3969,108.9618,-49.8626
302474.5631,553672,130,-0.9734,-0.0635,0.5620,-18.9313,53.0992,-23.1603
302474.5631,553682,130,-0.9224,-0.0596,0.1287,22.2443,-7.7405,-8.1374
302474.5631,553692,130,-0.9543,-0.1062,0.0164,17.9389,7.4351,-11.4198
302474.5631,553702,130,-0.9355,-0.1345,0.0610,11.6183,37.3740,-12.3664
302474.5631,553712,130,-0.9431,-0.0107,0.1775,18.6107,74.8855,-3.3282
302474.5631,553722,130,-0.9675,-0.0107,0.1917,15.0076,88.7176,-1.2519
302474.5631,553732,130,-0.9822,-0.0417,0.2046,14.3969,64.9924,-4.5344
302474.5631,553742,130,-0.9597,0.0447,0.1611,15.0076,28.0763,-10.7939
302474.6833,553752,131,-0.9854,0.0247,0.1438,4.0611,13.9084,-10.1985
302474.6833,553762,131,-0.9592,-0.0862,0.1946,-7.8779,-13.4046,-6.5038
302474.6833,553772,131,-0.9885,0.0645,0.1033,-19.9542,-55.4046,7.9084
302474.6833,553782,131,-0.9299,-0.0789,0.1936,-9.7710,-81.6641,-6.8092
302474.6833,553792,131,-0.9407,-0.0203,0.2334,-1.4809,-105.2366,-3.3130
302474.6833,553802,131,-0.7896,0.0237,0.4209,0.7634,-66.0916,3.4504
302474.6833,553812,131,-0.9280,0.0071,0.3298,5.5115,8.9924,-6.6870
302474.6833,553822,131,-0.9377,-0.0232,0.2644,0.5649,4.0153,-2.3969
302474.6833,553832,131,-0.9111,-0.0115,0.2988,-0.0916,-3.0992,-0.6260
302474.6833,553842,131,-0.9338,-0.0151,0.2671,-0.2748,0.0458,-1.2061
302474.8028,553852,132,-0.9194,-0.0078,0.2844,-0.1832,-2.0763,-0.7786
302474.8028,553862,132,-0.9302,-0.0127,0.2734,-0.2443,-0.6718,-1.0992
302474.8028,553872,132,-0.9241,-0.0112,0.2854,-0.1374,-1.6794,-0.8702
302474.8028,553882,132,-0.9265,-0.0122,0.2776,-0.1985,-0.9618,-1.0382
302474.8028,553892,132,-0.9219,-0.0112,0.2822,-0.1527,-1.5267,-0.8702
302474.8028,553902,132,-0.9260,-0.0117,0.2773,-0.2443,-1.0382,-1.0076
302474.8028,553912,132,-0.9258,-0.0120,0.2839,-0.1985,-1.3893,-0.9008
302474.8028,553922,132,-0.9272,-0.0125,0.2771,-0.1985,-1.0992,-0.9618
302474.8028,553932,132,-0.9246,-0.0110,0.2834,-0.1985,-1.2977,-0.9313
302474.8028,553942,132,-0.9231,-0.0103,0.2810,-0.1832,-1.1603,-0.9618
302474.8623,553952,133,-0.9265,-0.0120,0.2810,-0.1985,-1.3130,-0.9160
302474.8623,553962,133,-0.9224,-0.0105,0.2808,-0.1832,-1.2366,-0.9160
302474.8623,553972,133,-0.9238,-0.0107,0.2788,-0.1679,-1.2214,-0.9008
302474.8623,553982,133,-0.9224,-0.0112,0.2832,-0.1985,-1.2519,-0.9466
302474.8623,553992,133,-0.9221,-0.0129,0.2805,-0.2137,-1.2672,-0.9160
302474.8623,554002,133,-0.9255,-0.0107,0.2837,-0.2137,-1.2366,-0.9466
302474.8623,554012,133,-0.9265,-0.0115,0.2800,-0.2443,-1.2061,-0.9313
302474.8623,554022,133,-0.9253,-0.0107,0.2773,-0.1985,-1.2977,-0.9466
302474.8623,554032,133,-0.9231,-0.0105,0.2788,-0.2137,-1.2519,-0.9313
302474.8623,554042,133,-0.9258,-0.0112,0.2817,-0.2443,-1.2366,-0.9618
302474.9830,554052,134,-0.9277,-0.0112,0.2773,-0.2290,-1.2366,-0.9771
302474.9830,554062,134,-0.9226,-0.0100,0.2793,-0.1985,-1.1908,-0.9618
302474.9830,554072,134,-0.9248,-0.0100,0.2786,-0.1527,-1.2519,-0.9313
302474.9830,554082,134,-0.9255,-0.0125,0.2781,-0.1985,-1.2672,-0.9313
302474.9830,554092,134,-0.9231,-0.0110,0.2812,-0.1985,-1.2824,-0.9160
302474.9830,554102,134,-0.9226,-0.0107,0.2798,-0.2290,-1.2519,-0.9618
302474.9830,554112,134,-0.9248,-0.0093,0.2800,-0.2137,-1.2214,-0.9924
302474.9830,554122,134,-0.9268,-0.0107,0.2788,-0.2137,-1.2061,-0.9771
302474.9830,554132,134,-0.9214,-0.0110,0.2842,-0.2290,-1.2519,-0.9618
302474.9830,554142,134,-0.9236,-0.0105,0.2781,-0.1985,-1.2214,-0.9466
302475.1032,554152,135,-0.9221,-0.0120,0.2783,-0.2137,-1.2366,-0.9466
302475.1032,554162,135,-0.9246,-0.0105,0.2825,-0.1527,-1.3130,-0.9313
302475.1032,554172,135,-0.9253,-0.0085,0.2798,-0.1832,-1.2824,-0.8855
302475.1032,554182,135,-0.9241,-0.0076,0.2791,-0.2290,-1.2366,-0.9008
302475.1032,554192,135,-0.9233,-0.0132,0.2803,-0.2443,-1.2519,-0.9313
302475.1032,554202,135,-0.9229,-0.0112,0.2773,-0.1985,-1.1756,-0.9618
302475.1032,554212,135,-0.9226,-0.0134,0.2808,-0.2443,-1.2519,-0.9008
302475.1032,554222,135,-0.9268,-0.0110,0.2822,-0.2443,-1.2672,-0.9313
302475.1032,554232,135,-0.9246,-0.0090,0.2837,-0.1832,-1.3130,-0.9008
302475.1032,554242,135,-0.9236,-0.0110,0.2795,-0.1832,-1.2672,-0.9618
302475.1625,554252,136,-0.9238,-0.0085,0.2795,-0.2137,-1.2214,-0.9618
302475.1625,554262,136,-0.9272,-0.0103,0.2817,-0.1985,-1.2519,-0.9618
302475.1625,554272,136,-0.9263,-0.0095,0.2834,-0.2290,-1.1908,-0.9313
302475.1625,554282,136,-0.9299,-0.0088,0.2812,-0.2443,-1.2366,-0.9618
302475.1625,554292,136,-0.9272,-0.0095,0.2773,-0.2748,-1.2214,-0.9618
302475.1625,554302,136,-0.9246,-0.0103,0.2800,-0.2137,-1.2519,-0.9313
302475.1625,554312,136,-0.9243,-0.0117,0.2852,-0.1985,-1.2977,-0.9466
302475.1625,554322,136,-0.9236,-0.0110,0.2825,-0.1985,-1.2214,-0.9160
302475.1625,554332,136,-0.9253,-0.0115,0.2815,-0.1985,-1.2366,-0.9313
302475.1625,554342,136,-0.9255,-0.0085,0.2783,-0.2443,-1.2519,-0.9466
302475.2847,554352,137,-0.9265,-0.0117,0.2793,-0.2443,-1.2672,-0.9160
302475.2847,554362,137,-0.9246,-0.0129,0.2773,-0.2290,-1.2214,-0.9160
302475.2847,554372,137,-0.9231,-0.0127,0.2805,-0.1985,-1.2672,-0.9618
302475.2847,554382,137,-0.9268,-0.0098,0.2817,-0.1832,-1.2519,-0.9466
302475.2847,554392,137,-0.9238,-0.0110,0.2783,-0.1679,-1.2214,-0.9466
302475.2847,554402,137,-0.9268,-0.0115,0.2805,-0.1985,-1.2214,-0.9160
302475.2847,554412,137,-0.9253,-0.0125,0.2795,-0.1985,-1.2061,-0.9466
302475.2847,554422,137,-0.9282,-0.0112,0.2798,-0.2443,-1.2214,-0.9160
302475.2847,554432,137,-0.9229,-0.0112,0.2812,-0.1985,-1.2824,-0.9008
302475.2847,554442,137,-0.9253,-0.0098,0.2795,-0.2137,-1.2519,-0.9618
302475.4032,554452,138,-0.9246,-0.0107,0.2798,-0.1832,-1.2672,-0.9924
302475.4032,554462,138,-0.9241,-0.0078,0.2825,-0.1985,-1.2824,-0.9313
302475.4032,554472,138,-0.9268,-0.0090,0.2832,-0.2137,-1.2824,-0.9160
302475.4032,554482,138,-0.9236,-0.0129,0.2786,-0.1832,-1.2519,-0.9466
302475.4032,554492,138,-0.9226,-0.0115,0.2803,-0.1832,-1.2519,-0.9466
302475.4032,554502,138,-0.9268,-0.0090,0.2800,-0.2137,-1.2824,-0.9008
302475.4032,554512,138,-0.9250,-0.0125,0.2822,-0.1985,-1.2519,-0.8855
302475.4032,554522,138,-0.9268,-0.0098,0.2761,-0.1679,-1.2366,-0.9160
302475.4032,554532,138,-0.9265,-0.0117,0.2800,-0.1679,-1.2366,-0.9313
302475.4032,554542,138,-0.9226,-0.0103,0.2798,-0.2595,-1.2977,-0.9160
302475.4630,554552,139,-0.9250,-0.0090,0.2812,-0.2137,-1.2519,-0.9160
302475.4630,554562,139,-0.9265,-0.0107,0.2817,-0.2137,-1.2519,-0.9160
302475.4630,554572,139,-0.9258,-0.0110,0.2783,-0.2290,-1.2366,-0.9160
302475.4630,554582,139,-0.9265,-0.0105,0.2839,-0.2137,-1.1756,-0.9771
302475.4630,554592,139,-0.9263,-0.0093,0.2815,-0.1679,-1.2824,-0.9771
302475.4630,554602,139,-0.9265,-0.0115,0.2817,-0.1985,-1.2519,-0.9160
302475.4630,554612,139,-0.9255,-0.0110,0.2812,-0.1985,-1.2366,-0.9160
302475.4630,554622,139,-0.9246,-0.0110,0.2842,-0.2595,-1.2672,-0.9160
302475.4630,554632,139,-0.9246,-0.0107,0.2808,-0.2443,-1.2366,-0.9771
302475.4630,554642,139,-0.9233,-0.0105,0.2817,-0.2137,-1.2519,-0.9466
302475.5843,554652,140,-0.9236,-0.0112,0.2822,-0.1679,-1.2366,-0.9313
302475.5843,554662,140,-0.9233,-0.0085,0.2808,-0.2290,-1.2519,-0.9618
302475.5843,554672,140,-0.9270,-0.0125,0.2815,-0.2290,-1.2824,-0.9160
302475.5843,554682,140,-0.9253,-0.0090,0.2827,-0.2443,-1.2519,-0.8702
302475.5843,554692,140,-0.9236,-0.0100,0.2830,-0.2290,-1.2061,-0.9160
302475.5843,554702,140,-0.9270,-0.0078,0.2805,-0.1832,-1.2214,-0.9313
302475.5843,554712,140,-0.9238,-0.0115,0.2798,-0.1985,-1.2366,-0.9466
302475.5843,554722,140,-0.9238,-0.0120,0.2769,-0.2290,-1.2824,-0.9160
302475.5843,554732,140,-0.9258,-0.0105,0.2815,-0.1832,-1.2824,-0.9008
302475.5843,554742,140,-0.9238,-0.0105,0.2815,-0.1985,-1.2366,-0.8702
302475.7029,554752,141,-0.9258,-0.0134,0.2837,-0.2290,-1.2061,-0.9313
302475.7029,554762,141,-0.9246,-0.0129,0.2827,-0.1985,-1.2672,-0.9618
302475.7029,554772,141,-0.9250,-0.0115,0.2786,-0.2137,-1.2672,-0.9466
302475.7029,554782,141,-0.9270,-0.0112,0.2798,-0.1832,-1.2672,-1.0076
302475.7029,554792,141,-0.9243,-0.0107,0.2808,-0.1985,-1.2672,-0.9160
302475.7029,554802,141,-0.9238,-0.0112,0.2786,-0.1832,-1.2824,-0.9466
302475.7029,554812,141,-0.9260,-0.0125,0.2778,-0.1985,-1.3740,-0.9160
302475.7029,554822,141,-0.9250,-0.0081,0.2837,-0.1832,-1.2519,-0.9008
302475.7029,554832,141,-0.9263,-0.0100,0.2761,-0.1527,-1.2214,-0.9313
302475.7029,554842,141,-0.9255,-0.0105,0.2847,-0.1374,-1.2672,-0.9160
302475.7618,554852,142,-0.9270,-0.0112,0.2812,-0.1985,-1.2366,-0.9160
302475.7618,554862,142,-0.9238,-0.0110,0.2827,-0.2290,-1.2061,-0.9466
302475.7618,554872,142,-0.9268,-0.0112,0.2808,-0.1985,-1.2214,-0.9313
302475.7618,554882,142,-0.9243,-0.0100,0.2778,-0.1985,-1.2824,-0.9160
302475.7618,554892,142,-0.9258,-0.0088,0.2825,-0.1679,-1.2366,-0.9618
302475.7618,554902,142,-0.9280,-0.0110,0.2781,-0.2290,-1.2824,-0.9466
302475.7618,554912,142,-0.9280,-0.0110,0.2810,-0.2137,-1.2672,-0.9008
302475.7618,554922,142,-0.9275,-0.0098,0.2815,-0.1527,-1.2672,-0.9466
302475.7618,554932,142,-0.9229,-0.0100,0.2803,-0.2443,-1.2824,-0.9008
302475.7618,554942,142,-0.9248,-0.0105,0.2805,-0.1985,-1.2061,-0.9160
302475.8817,554952,143,-0.9248,-0.0127,0.2800,-0.1985,-1.2214,-0.9008
302475.8817,554962,143,-0.9253,-0.0090,0.2791,-0.1985,-1.1908,-0.9313
302475.8817,554972,143,-0.9263,-0.0098,0.2773,-0.2290,-1.2214,-0.9313
302475.8817,554982,143,-0.9263,-0.0122,0.2803,-0.2595,-1.2061,-0.9313
302475.8817,554992,143,-0.9263,-0.0103,0.2783,-0.1374,-1.2214,-0.9618
302475.8817,555002,143,-0.9233,-0.0115,0.2817,-0.2137,-1.2519,-0.9466
302475.8817,555012,143,-0.9211,-0.0129,0.2822,-0.2137,-1.2824,-0.9160
302475.8817,555022,143,-0.9255,-0.0134,0.2771,-0.2137,-1.2214,-0.9008
302475.8817,555032,143,-0.9250,-0.0103,0.2810,-0.1985,-1.2366,-0.9008
302475.8817,555042,143,-0.9265,-0.0120,0.2812,-0.1679,-1.2519,-0.9313
302476.0622,555052,144,-0.9231,-0.0134,0.2839,-0.2137,-1.2977,-0.9160
302476.0622,555062,144,-0.9248,-0.0115,0.2773,-0.2595,-1.2672,-0.9313
302476.0622,555072,144,-0.9285,-0.0122,0.2800,-0.2443,-1.2366,-0.9008
302476.0622,555082,144,-0.9248,-0.0112,0.2795,-0.2443,-1.2824,-0.9160
302476.0622,555092,144,-0.9275,-0.0100,0.2773,-0.1679,-1.2977,-0.9618
302476.0622,555102,144,-0.9253,-0.0122,0.2786,-0.1985,-1.2519,-0.9160
302476.0622,555112,144,-0.9253,-0.0103,0.2798,-0.2137,-1.2366,-0.9160
302476.0622,555122,144,-0.9253,-0.0122,0.2800,-0.2443,-1.2366,-0.9160
302476.0622,555132,144,-0.9260,-0.0068,0.2800,-0.2595,-1.2519,-0.9160
302476.0622,555142,144,-0.9270,-0.0090,0.2810,-0.2290,-1.2977,-0.9466
302476.0639,555152,145,-0.9258,-0.0100,0.2827,-0.1985,-1.2519,-0.9160
302476.0639,555162,145,-0.9265,-0.0115,0.2847,-0.1985,-1.2061,-0.9160
302476.0639,555172,145,-0.9263,-0.0107,0.2827,-0.2443,-1.2366,-0.9313
302476.0639,555182,145,-0.9272,-0.0095,0.2798,-0.1985,-1.2672,-0.9160
302476.0639,555192,145,-0.9231,-0.0093,0.2788,-0.2443,-1.2519,-0.9771
302476.0639,555202,145,-0.9216,-0.0117,0.2786,-0.2137,-1.2824,-0.9008
302476.0639,555212,145,-0.9231,-0.0103,0.2808,-0.2137,-1.2824,-0.9313
302476.0639,555222,145,-0.9221,-0.0139,0.2800,-0.1985,-1.2824,-0.9313
302476.0639,555232,145,-0.9260,-0.0122,0.2800,-0.1832,-1.2519,-0.9160
302476.0639,555242,145,-0.9263,-0.0105,0.2810,-0.2137,-1.2366,-0.9313
302476.1824,555252,146,-0.9236,-0.0107,0.2839,-0.2137,-1.2519,-0.9466
302476.1824,555262,146,-0.9241,-0.0125,0.2847,-0.1985,-1.3130,-0.9313
302476.1824,555272,146,-0.9214,-0.0117,0.2781,-0.1985,-1.3282,-0.9160
302476.1824,555282,146,-0.9255,-0.0107,0.2830,-0.1679,-1.2519,-0.9313
302476.1824,555292,146,-0.9255,-0.0073,0.2793,-0.1985,-1.2519,-0.9008
302476.1824,555302,146,-0.9231,-0.0093,0.2808,-0.2137,-1.3282,-0.8702
302476.1824,555312,146,-0.9233,-0.0115,0.2812,-0.2290,-1.2824,-0.9160
302476.1824,555322,146,-0.9265,-0.0098,0.2781,-0.1527,-1.2366,-0.8855
302476.1824,555332,146,-0.9211,-0.0095,0.2827,-0.2290,-1.2214,-0.9313
302476.1824,555342,146,-0.9243,-0.0110,0.2803,-0.2137,-1.2214,-0.9160
302476.3031,555352,147,-0.9248,-0.0103,0.2793,-0.1832,-1.2672,-0.9466
302476.3031,555362,147,-0.9243,-0.0117,0.2798,-0.1679,-1.2366,-0.9618
302476.3031,555372,147,-0.9243,-0.0134,0.2805,-0.1832,-1.2672,-0.9466
302476.3031,555382,147,-0.9285,-0.0095,0.2834,-0.1985,-1.2672,-0.9008
302476.3031,555392,147,-0.9233,-0.0098,0.2791,-0.2137,-1.2672,-0.9160
302476.3031,555402,147,-0.9214,-0.0083,0.2783,-0.2443,-1.2214,-0.9618
302476.3031,555412,147,-0.9241,-0.0120,0.2798,-0.1832,-1.2366,-0.9466
302476.3031,555422,147,-0.9260,-0.0105,0.2805,-0.1832,-1.2672,-0.9313
302476.3031,555432,147,-0.9250,-0.0115,0.2822,-0.1985,-1.2519,-0.9160
302476.3031,555442,147,-0.9248,-0.0120,0.2776,-0.2443,-1.2672,-0.9313
302476.3631,555452,148,-0.9255,-0.0112,0.2815,-0.2595,-1.2672,-0.9771
302476.3631,555462,148,-0.9241,-0.0083,0.2817,-0.1985,-1.2366,-0.9466
302476.3631,555472,148,-0.9270,-0.0095,0.2820,-0.1985,-1.2824,-0.9618
302476.3631,555482,148,-0.9233,-0.0098,0.2778,-0.1679,-1.2366,-0.9160
302476.3631,555492,148,-0.9265,-0.0115,0.2788,-0.1527,-1.2214,-0.9008
302476.3631,555502,148,-0.9246,-0.0125,0.2749,-0.1985,-1.2214,-0.9466
302476.3631,555512,148,-0.9260,-0.0122,0.2793,-0.2137,-1.2977,-0.9160
302476.3631,555522,148,-0.9231,-0.0112,0.2783,-0.1985,-1.2824,-0.9618
302476.3631,555532,148,-0.9248,-0.0095,0.2786,-0.2137,-1.1908,-0.9466
302476.3631,555542,148,-0.9241,-0.0103,0.2773,-0.1832,-1.2366,-0.9313
302476.4840,555552,149,-0.9258,-0.0107,0.2810,-0.1985,-1.2366,-0.9313
302476.4840,555562,149,-0.9250,-0.0105,0.2803,-0.2137,-1.2519,-0.9313
302476.4840,555572,149,-0.9263,-0.0093,0.2786,-0.1985,-1.2519,-0.9008
302476.4840,555582,149,-0.9207,-0.0115,0.2805,-0.1679,-1.2672,-0.9313
302476.4840,555592,149,-0.9250,-0.0127,0.2788,-0.2137,-1.2366,-1.0076
302476.4840,555602,149,-0.9260,-0.0117,0.2822,-0.1985,-1.2824,-0.9771
302476.4840,555612,149,-0.9238,-0.0125,0.2786,-0.2137,-1.2366,-0.9160
302476.4840,555622,149,-0.9253,-0.0103,0.2803,-0.1985,-1.2824,-0.9313
302476.4840,555632,149,-0.9250,-0.0125,0.2834,-0.2137,-1.2672,-0.9160
302476.4840,555642,149,-0.9241,-0.0103,0.2817,-0.1985,-1.2672,-0.9313
302476.6103,555652,150,-0.9243,-0.0120,0.2791,-0.2443,-1.1603,-0.9771
302476.6103,555662,150,-0.9265,-0.0115,0.2786,-0.2137,-1.2366,-0.9313
302476.6103,555672,150,-0.9263,-0.0093,0.2812,-0.2137,-1.1908,-0.9313
302476.6103,555682,150,-0.9236,-0.0088,0.2830,-0.1985,-1.2824,-0.9313
302476.6103,555692,150,-0.9226,-0.0144,0.2778,-0.1985,-1.2061,-0.9618
302476.6103,555702,150,-0.9258,-0.0125,0.2800,-0.1985,-1.2519,-0.9466
302476.6103,555712,150,-0.9231,-0.0100,0.2800,-0.2137,-1.2366,-0.9313
302476.6103,555722,150,-0.9299,-0.0100,0.2773,-0.2137,-1.2977,-0.9313
302476.6103,555732,150,-0.9248,-0.0105,0.2786,-0.2137,-1.2366,-0.9313
302476.6103,555742,150,-0.9216,-0.0107,0.2861,-0.2595,-1.3588,-1.0382
302476.6629,555752,151,-0.9292,-0.0110,0.2769,-0.5802,-0.7939,-1.1908
302476.6629,555762,151,-0.9255,-0.0100,0.2781,-0.3969,-1.2977,-0.9771
302476.6629,555772,151,-0.9233,-0.0107,0.2800,-0.5038,-1.0992,-0.9618
302476.6629,555782,151,-0.9233,-0.0142,0.2800,-0.5191,-1.2519,-0.8855
302476.6629,555792,151,-0.9253,-0.0134,0.2769,-0.4733,-1.1145,-0.9160
302476.6629,555802,151,-1.0505,-0.3879,-0.0947,-1.0687,-13.5573,1.8626
302476.6629,555812,151,-1.0969,-0.5481,-0.3433,20.9313,-30.5344,-8.3664
302476.6629,555822,151,-1.0042,-0.2744,-0.1689,162.3817,-18.4275,-42.7328
302476.6629,555832,151,-0.9607,-0.4106,0.1257,174.7176,9.4198,-47.2977
302476.6629,555842,151,-0.9609,-0.3823,0.0850,101.4656,-1.6794,-26.2137
302476.7837,555852,152,-0.4556,1.8359,1.7556,69.5573,-13.0687,-14.8397
302476.7837,555862,152,-1.1191,0.2576,0.5459,-126.1221,-26.7786,28.7328
302476.7837,555872,152,-1.0830,0.0806,0.4890,-130.4885,-49.2366,-0.4427
302476.7837,555882,152,-1.0859,-0.1802,0.5762,-117.2672,-69.0687,-28.9313
302476.7837,555892,152,-1.1272,-0.1157,0.4624,-90.1374,-108.3206,-27.5267
302476.7837,555902,152,-1.1443,-0.0408,0.5327,-75.2366,-113.8321,-24.5954
302476.7837,555912,152,-1.1902,-0.1228,0.6155,-65.7405,-110.2137,-31.0992
302476.7837,555922,152,-1.1941,-0.2192,0.6372,-57.4504,-111.6031,-35.7863
302476.7837,555932,152,-1.2253,-0.2358,0.6909,-51.3588,-117.8321,-39.6947
302476.7837,555942,152,-1.2571,-0.2493,0.7280,-59.2519,-123.9084,-50.4885
302476.9028,555952,153,-1.2812,-0.2705,0.7622,-79.2061,-132.3359,-66.7023
302476.9028,555962,153,-1.3003,-0.3042,0.7981,-102.0916,-144.5344,-84.7023
302476.9028,555972,153,-1.2832,-0.3982,0.8223,-121.7405,-157.1298,-102.8702
302476.9028,555982,153,-1.2664,-0.5286,0.8279,-132.1679,-167.4962,-120.7481
302476.9028,555992,153,-1.2461,-0.6697,0.8457,-138.1374,-178.3664,-139.4198
302476.9028,556002,153,-1.2549,-0.7791,0.8726,-143.2214,-191.9389,-160.3664
302476.9028,556012,153,-1.2554,-0.8743,0.9148,-147.4198,-206.0305,-187.8779
302476.9028,556022,153,-1.2576,-0.9207,0.9441,-151.6794,-219.8626,-222.9924
302476.9028,556032,153,-1.2217,-0.8606,0.8896,-166.4122,-237.5115,-260.0000
302476.9028,556042,153,-1.0574,-0.8882,0.7192,-189.9084,-247.9237,-295.6489
302476.9634,556052,154,-0.8586,-0.9651,0.4973,-195.8779,-245.2824,-316.7786
302476.9634,556062,154,-0.6753,-1.0500,0.3308,-167.8473,-228.5191,-317.2519
302476.9634,556072,154,-0.5593,-1.0586,0.2505,-114.0305,-201.3282,-298.8550
302476.9634,556082,154,-0.5269,-1.0176,0.2852,-56.8702,-170.8550,-274.4733
302476.9634,556092,154,-0.5225,-0.9810,0.4241,-16.2137,-148.4885,-255.4504
302476.9634,556102,154,-0.5569,-0.9424,0.5630,4.3817,-134.0916,-244.7786
302476.9634,556112,154,-0.5720,-0.9673,0.7019,13.0076,-126.3969,-245.8015
302476.9634,556122,154,-0.5745,-0.9456,0.8025,14.9466,-127.6489,-254.8397
302476.9634,556132,154,-0.5244,-0.9209,0.8252,-0.9008,-135.6947,-270.4427
302476.9634,556142,154,-0.4192,-0.8740,0.7339,-30.3359,-140.0458,-287.5725
302477.0833,556152,155,-0.3137,-0.8015,0.5925,-58.0153,-140.0916,-299.1603
302477.0833,556162,155,-0.2053,-0.7444,0.4875,-74.3206,-136.8855,-304.2748
302477.0833,556172,155,-0.1301,-0.6733,0.4377,-78.9924,-125.3130,-300.8092
302477.0833,556182,155,-0.0803,-0.6262,0.4075,-74.0153,-110.2748,-290.1374
302477.0833,556192,155,-0.0557,-0.5708,0.4492,-59.4046,-96.9313,-277.2366
302477.0833,556202,155,0.0042,-0.5081,0.4707,-48.1832,-84.2748,-268.3359
302477.0833,556212,155,0.0764,-0.4463,0.4009,-40.2595,-73.6794,-259.1908
302477.0833,556222,155,0.1736,-0.4033,0.2686,-25.6489,-57.5115,-242.0305
302477.0833,556232,155,0.2173,-0.3506,0.2026,5.6947,-34.5649,-211.9542
302477.0833,556242,155,0.1863,-0.3167,0.2947,43.6947,-9.7099,-175.2672
302477.2017,556252,156,0.1013,-0.2883,0.4751,70.4427,10.3053,-143.4656
302477.2017,556262,156,0.0396,-0.2664,0.6479,73.7863,17.1756,-125.4351
302477.2017,556272,156,0.0513,-0.2786,0.6973,55.0534,14.3817,-121.0992
302477.2017,556282,156,0.0732,-0.2942,0.6799,32.0458,10.1679,-119.4504
302477.2017,556292,156,0.1240,-0.3230,0.6521,14.9618,6.5802,-116.5802
302477.2017,556302,156,0.1790,-0.3704,0.5972,8.4885,8.3969,-109.2672
302477.2017,556312,156,0.1995,-0.3928,0.5718,19.7099,14.6260,-96.4427
302477.2017,556322,156,0.2185,-0.4214,0.5884,36.0611,22.8244,-84.5496
302477.2017,556332,156,0.1677,-0.4346,0.6956,50.9924,27.2977,-73.9389
302477.2017,556342,156,0.1335,-0.3667,0.7825,51.8779,25.1908,-69.3435
302477.2620,556352,157,0.1331,-0.2957,0.8059,35.9084,21.1756,-70.1069
302477.2620,556362,157,0.1333,-0.2268,0.8206,20.0763,13.4504,-69.3435
302477.2620,556372,157,0.1790,-0.2041,0.7710,11.8626,5.1603,-68.1527
302477.2620,556382,157,0.2346,-0.2253,0.7109,16.7634,-0.1069,-61.1450
302477.2620,556392,157,0.2659,-0.2563,0.6885,27.7099,-1.4198,-47.9389
302477.2620,556402,157,0.3057,-0.3035,0.6680,33.2366,1.8321,-36.3817
302477.2620,556412,157,0.3169,-0.3545,0.6829,36.5496,5.2366,-26.2595
302477.2620,556422,157,0.3186,-0.4041,0.7017,36.2595,6.4885,-20.5496
302477.2620,556432,157,0.3281,-0.4260,0.7107,29.6947,7.2061,-20.0763
302477.2620,556442,157,0.3269,-0.4041,0.7295,20.8550,7.7252,-20.6565
302477.3842,556452,158,0.3462,-0.4045,0.7112,12.7023,7.7710,-21.0840
302477.3842,556462,158,0.4094,-0.5840,0.9397,13.0687,8.7939,-15.9389
302477.3842,556472,158,0.2427,-0.3215,0.7712,6.1221,30.5802,-2.7176
302477.3842,556482,158,0.3333,-0.4001,0.8140,-0.7634,-5.3435,-10.1527
302477.3842,556492,158,0.4465,-0.4470,0.6665,0.0611,8.5954,0.6718
302477.3842,556502,158,0.4209,-0.4004,0.6897,9.9389,33.3740,22.2290
302477.3842,556512,158,0.4597,-0.4421,0.7119,21.2672,19.6794,29.2519
302477.3842,556522,158,0.4229,-0.6094,0.7473,19.8931,35.7252,34.1985
302477.3842,556532,158,0.5288,-0.7405,0.7024,30.3053,33.4962,33.0382
302477.3842,556542,158,0.3479,-0.6387,0.7883,45.5420,131.8779,60.0611
302477.5032,556552,159,0.1729,-0.5210,0.9436,81.3740,155.8321,79.6489
302477.5032,556562,159,0.0522,-0.3660,0.9968,88.4580,119.0076,79.6336
302477.5032,556572,159,0.1489,-0.2629,0.8115,61.8321,25.2672,49.6794
302477.5032,556582,159,0.2771,-0.3452,0.7395,11.5420,-56.2748,17.1450
302477.5032,556592,159,0.3074,-0.4680,0.7822,-35.9847,-83.2061,0.0153
302477.5032,556602,159,0.3425,-0.5486,0.7754,-67.2366,-71.6641,-2.0153
302477.5032,556612,159,0.2896,-0.5063,0.7654,-73.8626,-15.0534,19.8321
302477.5032,556622,159,0.2666,-0.4033,0.8792,-58.7328,27.1145,38.7634
302477.5032,556632,159,0.1873,-0.3914,0.9526,-46.7023,54.1832,53.2977
302477.5032,556642,159,0.1951,-0.4990,0.9150,-37.5115,54.7634,63.6794
302477.5629,556652,160,0.1753,-0.5161,0.8257,-22.1374,49.6183,69.2519
302477.5629,556662,160,0.2063,-0.6321,0.8650,-6.5649,37.7252,64.3359
302477.5629,556672,160,0.2190,-0.6909,0.7874,-1.6794,27.6183,52.8244
302477.5629,556682,160,0.1572,-0.7119,0.9055,7.7710,24.0000,40.3969
302477.5629,556692,160,0.1296,-0.6953,0.9482,3.9389,9.5115,24.0916
302477.5629,556702,160,0.1311,-0.6836,0.9558,-3.4504,4.5649,7.3893
302477.5629,556712,160,0.1362,-0.6104,0.9229,-3.8168,1.1603,-4.8550
302477.5629,556722,160,0.2056,-0.5393,0.8132,1.6947,-8.9618,-9.6794
302477.5629,556732,160,0.3369,-0.4138,0.5552,13.3740,-22.2901,-7.0840
302477.5629,556742,160,0.3645,-0.3933,0.7417,45.8779,-42.1679,5.5725
302477.7429,556752,161,0.3508,-0.4177,0.6907,43.2366,-18.1527,16.7176
302477.7429,556762,161,0.3767,-0.5825,0.7102,38.5649,-8.3053,20.3969
302477.7429,556772,161,0.3462,-0.6423,0.8071,48.4427,-4.4733,25.7099
302477.7429,556782,161,0.3357,-0.7246,0.8997,44.5344,-4.5802,20.3053
302477.7429,556792,161,0.3638,-0.8101,0.9055,20.0305,-9.6489,3.4198
302477.7429,556802,161,0.4006,-0.8220,0.8816,-2.8397,-14.7786,-15.6794
302477.7429,556812,161,0.4426,-0.7903,0.8240,-15.3282,-17.0229,-32.6107
302477.7429,556822,161,0.4878,-0.7285,0.7449,-17.6641,-14.9618,-42.3359
302477.7429,556832,161,0.5144,-0.6643,0.6948,-8.4580,-9.2061,-42.9008
302477.7429,556842,161,0.5037,-0.8950,1.0081,-14.5496,51.5573,-32.9466
302477.8035,556852,162,0.4207,-0.5833,0.6641,-31.4198,23.7863,-32.4427
302477.8035,556862,162,0.5142,-0.5037,0.4270,4.9466,-2.8397,-36.2443
302477.8035,556872,162,0.6277,-0.3550,0.0938,73.1908,89.4656,-20.0763
302477.8035,556882,162,0.3521,-0.1926,0.7954,78.0763,179.7863,40.8397
302477.8035,556892,162,0.3015,-0.2131,0.7568,75.1145,66.1832,45.3130
302477.8035,556902,162,0.3093,-0.5535,0.6331,80.9160,57.4198,42.5954
302477.8035,556912,162,0.2437,-0.7495,0.8440,67.1450,76.9466,40.9313
302477.8035,556922,162,0.3167,-0.7153,0.6548,54.7481,134.6565,27.6183
302477.8035,556932,162,-1.3494,-0.7114,1.8696,13.3130,209.0534,32.1985
302477.8035,556942,162,-0.7390,0.1733,2.2190,63.0229,73.2214,98.7023
302477.8630,556952,163,-0.1724,-0.0771,1.6772,82.2290,7.6794,95.0382
302477.8630,556962,163,0.0129,-0.6111,0.6401,-12.0611,16.3206,20.8550
302477.8630,556972,163,0.1829,-0.6816,0.5830,-48.9924,-10.1069,5.1756
302477.8630,556982,163,0.2610,-0.5493,0.7776,-1.1298,-22.4427,11.8321
302477.8630,556992,163,0.1765,-0.6135,0.7107,29.1603,-25.6336,-6.7023
302477.8630,557002,163,0.5203,-0.6301,0.6968,23.7557,-31.1450,-10.8855
302477.8630,557012,163,0.1099,-0.6018,0.8352,33.7405,-40.7481,-3.8931
302477.8630,557022,163,0.7073,-0.6536,0.5374,47.8321,-40.8550,-3.8779
302477.8630,557032,163,0.6284,-0.8010,0.4143,49.0992,13.3588,-26.2137
302477.8630,557042,163,0.5967,-0.7107,0.4922,55.8321,75.9695,-22.0458
302477.9835,557052,164,0.5588,-0.5125,0.6589,79.7863,171.4656,-14.1527
302477.9835,557062,164,0.2876,-0.4014,0.8420,91.9695,341.3130,9.0687
302477.9835,557072,164,-0.0164,-0.3215,0.9463,78.1985,398.3664,26.1374
302477.9835,557082,164,-0.5198,-0.2014,1.2524,50.7939,357.3435,28.4733
302477.9835,557092,164,-0.2666,-0.3494,1.1196,2.7481,210.6107,-6.9466
302477.9835,557102,164,-0.2935,-0.4390,1.2996,-13.8931,48.8244,-56.1679
302477.9835,557112,164,-1.0500,0.0151,1.4312,23.4351,9.6794,-48.5802
302477.9835,557122,164,-1.2229,0.2290,1.2891,23.1756,99.5420,-17.9847
302477.9835,557132,164,-0.4490,-0.3296,0.7585,-12.0763,73.7557,-9.3435
302477.9835,557142,164,-0.2952,-0.3223,0.6301,-20.1374,33.9542,1.9847
302478.1651,557152,165,-0.3301,-0.3320,0.7537,-12.3969,21.9084,6.4885
302478.1651,557162,165,-0.2969,-0.4009,0.7595,-4.7176,-7.0840,8.5954
302478.1651,557172,165,-0.2407,-0.3459,0.8293,4.0153,-28.7786,10.5191
302478.1651,557182,165,-0.1826,-0.3186,0.8879,1.4962,-32.9313,6.2137
302478.1651,557192,165,-0.1472,-0.3818,0.9363,-10.8397,-20.4122,-2.4733
302478.1651,557202,165,-0.1016,-0.5076,0.9426,-19.5878,-0.6260,-6.5038
302478.1651,557212,165,-0.1306,-0.6216,0.9272,-22.8244,16.1221,-3.0840
302478.1651,557222,165,-0.1155,-0.5813,0.8862,-20.9313,23.2061,3.5267
302478.1651,557232,165,-0.1497,-0.5679,0.9148,-21.1603,29.6336,-2.7176
302478.1651,557242,165,-0.1980,-0.5239,0.9153,-14.8092,35.6183,-15.9237
302478.1663,557252,166,-0.2051,-0.4829,0.8982,-7.1450,35.8626,-20.0000
302478.1663,557262,166,-0.2039,-0.4602,0.8989,-3.0076,37.8015,-19.9237
302478.1663,557272,166,-0.1951,-0.4060,0.9026,-2.1527,41.2824,-18.6870
302478.1663,557282,166,-0.2070,-0.3994,0.9126,-3.7557,40.4427,-15.4656
302478.1663,557292,166,-0.1865,-0.4165,0.9014,-2.7786,37.8473,-9.7252
302478.1663,557302,166,-0.1833,-0.4370,0.8857,-0.7481,38.2901,-6.0153
302478.1663,557312,166,-0.2161,-0.4470,0.8718,-0.5496,41.0992,-4.0305
302478.1663,557322,166,-0.2251,-0.4702,0.8809,-0.0916,42.4122,-3.6947
302478.1663,557332,166,-0.2249,-0.4910,0.8677,1.3893,41.4504,-5.7099
302478.1663,557342,166,-0.2156,-0.4705,0.8489,3.5573,43.6794,-8.2290
302478.2820,557352,167,-0.2473,-0.4607,0.8535,2.1832,50.0305,-12.7023
302478.2820,557362,167,-0.2744,-0.4382,0.8696,-0.6718,54.1221,-15.8779
302478.2820,557372,167,-0.3059,-0.3889,0.8826,0.4122,55.7557,-16.2443
302478.2820,557382,167,-0.3174,-0.3586,0.8779,1.5420,53.6794,-15.4046
302478.2820,557392,167,-0.3262,-0.3381,0.8762,-4.4733,49.9084,-14.6260
302478.2820,557402,167,-0.3374,-0.3381,0.8601,-14.9160,45.8626,-14.0305
302478.2820,557412,167,-0.3325,-0.3740,0.7683,-40.2595,40.8092,-17.5115
302478.2820,557422,167,-0.3394,-0.3611,0.8274,-80.4427,31.1145,-24.4885
302478.2820,557432,167,-0.3284,-0.3538,0.9241,-72.5496,26.1832,-15.2366
302478.2820,557442,167,-0.3625,-0.3196,0.8770,-35.5420,27.5573,-5.4962
302478.4027,557452,168,-0.3584,-0.3481,0.8352,-29.1298,19.1756,-3.2061
302478.4027,557462,168,-0.3472,-0.3479,0.8433,-40.2748,6.0916,-1.5725
302478.4027,557472,168,-0.3521,-0.3330,0.8674,-40.5038,-4.4885,-2.1069
302478.4027,557482,168,-0.3579,-0.3123,0.8320,-34.5496,-14.5344,-4.5038
302478.4027,557492,168,-0.3506,-0.3096,0.8035,-33.1298,-22.3969,-7.3588
302478.4027,557502,168,-0.3606,-0.2861,0.7969,-35.2061,-27.5267,-8.6107
302478.4027,557512,168,-0.3916,-0.2583,0.7505,-37.5573,-33.3893,-8.2748
302478.4027,557522,168,-0.3577,-0.2170,0.7427,-38.5802,-45.4351,-5.5420
302478.4027,557532,168,-0.3381,-0.1941,0.7388,-43.2824,-52.2748,0.0153
302478.4027,557542,168,-0.3481,-0.1885,0.7070,-49.5878,-53.2977,5.0687
302478.4632,557552,169,-0.3416,-0.2312,0.7078,-52.9924,-58.0153,8.9313
302478.4632,557562,169,-0.3208,-0.2837,0.7129,-51.7557,-59.7405,13.0992
302478.4632,557572,169,-0.3018,-0.4375,0.6919,-57.1908,-53.2519,12.1374
302478.4632,557582,169,-0.3633,-0.4690,0.6333,-49.1145,-52.2290,6.1527
302478.4632,557592,169,0.0098,-0.6641,0.7451,-31.2061,-61.1908,-14.0305
302478.4632,557602,169,-0.2129,-0.5378,0.7395,10.0153,-25.0534,-45.2519
302478.4632,557612,169,-0.4180,-0.4397,0.6206,43.2519,-23.4198,-68.5344
302478.4632,557622,169,-0.0071,-0.1907,0.8037,70.1985,-37.7710,-102.6870
302478.4632,557632,169,-0.0479,-0.0330,0.8218,56.7939,-22.6718,-72.8702
302478.4632,557642,169,-0.1067,0.0540,0.7493,24.9008,-8.9313,-49.6183
302478.5849,557652,170,-0.1809,0.1011,0.6904,-3.7863,4.5496,-49.3130
302478.5849,557662,170,-0.1882,-0.0007,0.6536,-25.6489,10.2137,-61.0687
302478.5849,557672,170,-0.1619,-0.1919,0.6514,-33.7252,19.6794,-82.3359
302478.5849,557682,170,-0.1401,-0.4004,0.6545,-27.8779,37.4962,-106.3359
302478.5849,557692,170,-0.0854,-0.5601,0.6868,-12.2595,47.7405,-123.6794
302478.5849,557702,170,-0.0476,-0.6277,0.7185,6.9008,49.3893,-125.0687
302478.5849,557712,170,-0.0422,-0.5862,0.7559,24.3053,46.3511,-117.0840
302478.5849,557722,170,-0.0581,-0.4907,0.7854,32.4885,40.1374,-108.2290
302478.5849,557732,170,-0.0457,-0.3894,0.8035,29.2672,31.7252,-99.7252
302478.5849,557742,170,-0.0710,-0.3306,0.8000,19.1603,29.5725,-95.8931
302478.7030,557752,171,-0.1516,-0.2439,0.7500,5.6794,28.6565,-99.4198
302478.7030,557762,171,-0.2043,-0.2854,0.7244,-1.1298,26.8244,-108.5038
302478.7030,557772,171,-0.1895,-0.2532,0.6233,-28.5649,13.4351,-118.6412
302478.7030,557782,171,-0.2708,-0.5562,0.6919,-30.5038,4.4427,-124.9924
302478.7030,557792,171,0.0132,-0.5276,0.7756,4.2901,9.1603,-139.9389
302478.7030,557802,171,-0.1125,-0.6050,0.7720,0.9924,14.0916,-134.6412
302478.7030,557812,171,0.0020,-0.7498,0.7949,-14.9313,-2.0763,-116.7786
302478.7030,557822,171,0.0886,-0.8489,0.8220,-12.7939,-5.9542,-98.9924
302478.7030,557832,171,0.0227,-0.8059,0.8264,6.1985,1.0840,-90.3817
302478.7030,557842,171,-0.0588,-0.6833,0.8188,22.6870,-1.7557,-85.3130
302478.7623,557852,172,-0.1494,-0.6323,0.7908,24.4885,-9.7557,-85.8626
302478.7623,557862,172,-0.1245,-0.6555,0.7915,18.8092,-21.9389,-91.6947
302478.7623,557872,172,-0.0759,-0.7224,0.8232,15.2824,-29.0076,-95.6336
302478.7623,557882,172,-0.0049,-0.7993,0.8938,15.6336,-31.5267,-94.7176
302478.7623,557892,172,0.0959,-0.8455,0.9744,20.3511,-28.0458,-91.7252
302478.7623,557902,172,0.1599,-0.8579,1.0374,24.3206,-17.6794,-88.0611
302478.7623,557912,172,0.2234,-0.9326,1.0823,22.4733,-10.6260,-79.4809
302478.7623,557922,172,0.2415,-0.9622,1.0742,23.2366,-6.9924,-62.9008
302478.7623,557932,172,0.1433,-0.8940,1.0115,32.9924,-2.7481,-47.7710
302478.7623,557942,172,0.0713,-0.8418,0.9500,43.7863,-5.7710,-38.5344
302478.8824,557952,173,0.0254,-0.7959,0.9160,54.2901,-8.9160,-33.7710
302478.8824,557962,173,0.0173,-0.7427,0.8997,62.5954,-13.2214,-32.3359
302478.8824,557972,173,0.0352,-0.6902,0.8948,65.2824,-19.1908,-30.7634
302478.8824,557982,173,0.0410,-0.6482,0.8857,63.2061,-24.5191,-28.2748
302478.8824,557992,173,0.0596,-0.6487,0.8987,58.1679,-29.6031,-26.9618
302478.8824,558002,173,0.1050,-0.6960,0.9277,53.8321,-28.9008,-25.9084
302478.8824,558012,173,0.1438,-0.7083,0.9553,55.2824,-22.7939,-25.3130
302478.8824,558022,173,0.1545,-0.7019,0.9841,57.2824,-18.3817,-22.9008
302478.8824,558032,173,0.1812,-0.7051,0.9983,56.2595,-18.0000,-17.2366
302478.8824,558042,173,0.1812,-0.6641,1.0042,57.4504,-18.0611,-11.5420
302479.0032,558052,174,0.1873,-0.5872,0.9941,58.4427,-19.8931,-8.0458
302479.0032,558062,174,0.1951,-0.5295,0.9753,55.0840,-22.1679,-5.9237
302479.0032,558072,174,0.2083,-0.5117,0.9441,50.1221,-22.5954,-4.1679
302479.0032,558082,174,0.2085,-0.5195,0.9177,48.2595,-20.9618,-2.3511
302479.0032,558092,174,0.2048,-0.5027,0.9221,50.5496,-19.5725,-2.9618
302479.0032,558102,174,0.1812,-0.5137,0.9426,48.3511,-16.7481,0.2901
302479.0032,558112,174,0.2317,-0.5662,0.9900,43.0382,-16.0916,5.0687
302479.0032,558122,174,0.2874,-0.6160,1.0391,41.8626,-11.8321,10.0000
302479.0032,558132,174,0.2930,-0.6118,1.0613,46.8550,-3.3130,14.1069
302479.0032,558142,174,0.3074,-0.5779,1.0698,51.7557,1.6183,18.5954
302479.0643,558152,175,0.2893,-0.5583,1.0422,53.5420,4.9771,24.6412
302479.0643,558162,175,0.2869,-0.5225,1.0039,58.1221,7.6183,29.3588
302479.0643,558172,175,0.2532,-0.4487,0.9802,65.5573,11.2061,32.9466
302479.0643,558182,175,0.2131,-0.3479,0.9617,69.6794,10.5802,34.6718
302479.0643,558192,175,0.2175,-0.3064,0.9543,67.6794,7.3282,34.2290
302479.0643,558202,175,0.1978,-0.3081,0.9604,67.2519,11.4351,31.8626
302479.0643,558212,175,0.1921,-0.3176,0.9978,70.6870,19.3740,29.1450
302479.0643,558222,175,0.2463,-0.2993,1.0713,74.2443,24.4427,26.7786
302479.0643,558232,175,0.2959,-0.2686,1.1257,73.7557,27.9542,27.1450
302479.0643,558242,175,0.3157,-0.2488,1.1331,69.4198,29.2977,27.9389
302479.1854,558252,176,0.3259,-0.2202,1.0840,65.6336,28.9618,29.1298
302479.1854,558262,176,0.3079,-0.2007,1.0210,61.7557,27.9084,31.7557
302479.1854,558272,176,0.3062,-0.1707,0.9961,59.6031,24.4122,32.7634
302479.1854,558282,176,0.2656,-0.1270,0.9829,60.7023,20.3664,28.8550
302479.1854,558292,176,0.2366,-0.0959,0.9463,58.4733,15.0382,22.9618
302479.1854,558302,176,0.1985,-0.1304,0.9111,52.8397,13.3740,19.8779
302479.1854,558312,176,0.2090,-0.1594,0.9414,55.7710,12.4733,17.1145
302479.1854,558322,176,0.2451,-0.1370,1.0105,66.0458,10.5802,13.3282
302479.1854,558332,176,0.2373,-0.1230,1.0415,71.2366,11.1145,11.3588
302479.1854,558342,176,0.2163,-0.1282,1.0364,70.4427,11.8321,10.3664
302479.3025,558352,177,0.2043,-0.1267,1.0105,66.8092,9.7099,11.0840
302479.3025,558362,177,0.1841,-0.1277,0.9907,62.0611,4.5191,12.6107
302479.3025,558372,177,0.1614,-0.1492,0.9629,57.5573,-6.3359,13.4198
302479.3025,558382,177,0.1670,-0.1631,0.9768,58.1374,-20.2595,13.8321
302479.3025,558392,177,0.1768,-0.1829,1.0403,63.1756,-32.6565,13.9237
302479.3025,558402,177,0.2146,-0.2324,1.1826,69.2366,-41.3893,9.0076
302479.3025,558412,177,0.3379,-0.5266,1.4695,77.7557,-47.0229,-0.9160
302479.3025,558422,177,0.3972,-0.6902,1.9900,93.4656,-41.9389,-5.6489
302479.3025,558432,177,0.6326,-0.5586,2.0840,85.9847,-32.9466,5.9084
302479.3025,558442,177,0.4285,-0.3479,1.1577,43.9084,20.4733,25.4504
302479.3618,558452,178,-0.0588,-0.1208,0.4888,7.8626,64.7786,41.4046
302479.3618,558462,178,-0.0261,0.0020,0.3806,13.6183,33.9695,37.6489
302479.3618,558472,178,0.0754,0.0815,0.8022,36.8550,-12.8855,18.3511
302479.3618,558482,178,0.6160,0.4470,1.8440,57.9847,-23.8931,-3.5878
302479.3618,558492,178,-0.0308,0.1301,1.3989,22.0458,37.0534,-16.9924
302479.3618,558502,178,-0.0171,0.0015,0.9692,10.6870,32.9771,-15.2061
302479.3618,558512,178,-0.0549,0.0183,0.9402,19.2824,26.3817,-14.8550
302479.3618,558522,178,0.0195,0.0352,1.1116,20.1374,17.2519,-16.4580
302479.3618,558532,178,0.1033,-0.1118,1.1072,11.1756,9.9084,-20.2443
302479.3618,558542,178,0.1162,-0.1528,1.0427,14.1985,12.3664,-21.6336
302479.4837,558552,179,0.0999,-0.0764,1.0630,20.6565,11.9084,-19.4046
302479.4837,558562,179,0.0554,-0.0491,1.0586,17.3435,11.0076,-15.4198
302479.4837,558572,179,0.0479,0.0283,1.0786,18.6412,10.9008,-15.0840
302479.4837,558582,179,0.0457,0.0393,1.0371,16.2443,10.5344,-16.8092
302479.4837,558592,179,0.0737,0.0005,1.0261,10.7176,9.8015,-19.2977
302479.4837,558602,179,0.1301,-0.0837,1.0540,7.2214,8.7023,-19.4504
302479.4837,558612,179,0.1379,-0.0737,1.0559,12.2901,10.8397,-16.5954
302479.4837,558622,179,0.0833,-0.0339,1.0420,19.8779,14.1069,-11.9237
302479.4837,558632,179,0.0510,-0.0327,1.0427,19.6336,14.2137,-8.4427
302479.4837,558642,179,0.0278,-0.0215,1.0540,18.5191,13.1450,-6.2748
302479.6113,558652,180,0.0378,-0.0452,1.0537,18.0000,9.6031,-3.8626
302479.6113,558662,180,0.0281,0.0403,1.0757,28.0916,12.6412,-2.6412
302479.6113,558672,180,0.0315,0.0020,1.0471,30.4580,13.5725,-1.6183
302479.6113,558682,180,0.0339,-0.0100,1.0410,33.0992,15.0840,-0.1985
302479.6113,558692,180,0.0432,-0.0322,1.0386,34.7786,14.7328,2.0916
302479.6113,558702,180,0.0276,-0.0029,1.0129,37.9389,12.3817,4.7176
302479.6113,558712,180,0.0374,0.0110,1.0371,40.0000,9.5115,7.1145
302479.6113,558722,180,0.0286,0.0129,1.0305,41.3435,7.6183,9.2977
302479.6113,558732,180,0.0076,-0.0093,0.9905,45.3893,4.5191,10.9008
302479.6113,558742,180,0.0442,0.0273,1.0437,51.6641,1.3893,11.4351
302479.6632,558752,181,0.0413,0.0654,1.0493,51.4046,0.3359,13.1298
302479.6632,558762,181,0.0198,0.0662,1.0601,47.6794,0.1221,14.0153
302479.6632,558772,181,-0.0161,0.0901,1.0681,44.7023,-1.3893,14.9313
302479.6632,558782,181,-0.0122,0.1223,1.0527,43.5115,-5.5878,14.9160
302479.6632,558792,181,0.0071,0.0952,1.0696,42.8092,-9.7863,13.8473
302479.6632,558802,181,0.0491,0.1206,1.0989,41.5267,-13.0534,15.2977
302479.6632,558812,181,0.0857,0.0981,1.0645,31.2824,-16.9160,23.2977
302479.6632,558822,181,0.0684,0.2966,1.0586,26.2748,-16.8397,28.4733
302479.6632,558832,181,0.1455,0.2607,1.0242,9.3282,-20.1832,30.6412
302479.6632,558842,181,0.1335,0.2358,1.0139,-2.0000,-18.0458,30.2901
302479.8414,558852,182,0.1433,0.1658,0.9924,-7.6794,-17.6794,28.9618
302479.8414,558862,182,0.1016,0.1335,0.9983,-7.5878,-17.2214,28.2137
302479.8414,558872,182,0.0547,0.0793,1.0701,-7.2214,-14.9313,25.3435
302479.8414,558882,182,0.0273,0.0134,1.0779,-8.9924,-13.2824,22.8092
302479.8414,558892,182,0.0339,0.0300,1.0605,-7.4504,-11.7405,20.6870
302479.8414,558902,182,0.0168,0.0522,1.0671,-7.2824,-7.7405,17.7252
302479.8414,558912,182,-0.0115,0.0422,1.0972,-8.6565,-3.6947,13.7099
302479.8414,558922,182,0.0071,0.0557,1.1003,-8.8702,-1.2061,9.3588
302479.8414,558932,182,0.0273,0.1174,1.0867,-9.9389,0.8092,6.0611
302479.8414,558942,182,0.0415,0.1436,1.0833,-11.4962,1.8931,2.3206
302479.9033,558952,183,0.0486,0.1379,1.0642,-13.1908,1.4504,-1.0687
302479.9033,558962,183,0.0356,0.0591,1.0339,-14.0458,1.4656,-3.9847
302479.9033,558972,183,0.0376,0.0671,1.0598,-10.0305,1.5725,-6.7023
302479.9033,558982,183,0.0579,0.0671,1.0464,-9.0992,1.4504,-8.9618
302479.9033,558992,183,0.0708,0.0852,1.0439,-8.5649,1.0840,-9.7252
302479.9033,559002,183,0.0781,0.0972,1.0420,-7.6031,-0.2595,-9.0992
302479.9033,559012,183,0.0837,0.1003,1.0415,-6.5038,-1.8779,-7.0992
302479.9033,559022,183,0.0742,0.0679,1.0283,-6.0458,-3.2824,-4.7481
302479.9033,559032,183,0.0686,0.0596,1.0339,-4.7634,-3.9084,-2.6718
302479.9033,559042,183,0.0593,0.0710,1.0293,-3.5573,-3.6947,-1.1603
302479.9621,559052,184,0.0601,0.1089,1.0554,-2.7939,-3.4198,-0.5649
302479.9621,559062,184,0.0601,0.0901,1.0286,-4.0153,-3.2824,-0.8855
302479.9621,559072,184,0.0466,0.0688,1.0344,-3.9389,-2.2748,-1.7863
302479.9621,559082,184,0.0442,0.0723,1.0457,-3.4198,-1.3588,-2.7481
302479.9621,559092,184,0.0542,0.0664,1.0449,-3.9084,-0.8397,-3.4504
302479.9621,559102,184,0.0598,0.0710,1.0369,-3.2214,-0.7939,-3.0840
302479.9621,559112,184,0.0547,0.0815,1.0498,-2.4580,-0.9160,-2.3817
302479.9621,559122,184,0.0527,0.0903,1.0498,-3.1298,-1.1908,-2.1069
302479.9621,559132,184,0.0559,0.0752,1.0518,-4.6260,-1.2061,-2.4275
302479.9621,559142,184,0.0662,0.0408,1.0408,-5.5573,-1.1756,-2.8855
302480.0834,559152,185,0.0750,0.0471,1.0334,-4.6718,-1.3588,-2.2443
302480.0834,559162,185,0.0732,0.0747,1.0413,-2.3969,-1.6489,-1.0534
302480.0834,559172,185,0.0652,0.0876,1.0439,-1.6947,-1.6336,-0.8244
302480.0834,559182,185,0.0637,0.0923,1.0403,-2.8702,-1.2672,-1.5878
302480.0834,559192,185,0.0708,0.0913,1.0374,-4.3359,-0.6870,-2.4885
302480.0834,559202,185,0.0618,0.0991,1.0498,-5.6794,-0.2595,-3.0992
302480.0834,559212,185,0.0544,0.0828,1.0286,-7.4504,-0.1832,-3.8626
302480.0834,559222,185,0.0508,0.0576,1.0291,-7.7557,-0.3053,-4.3817
302480.0834,559232,185,0.0530,0.0498,1.0312,-6.2748,-0.4427,-4.1221
302480.0834,559242,185,0.0466,0.0645,1.0327,-4.7634,-0.5191,-3.3740
302480.2033,559252,186,0.0520,0.0552,1.0488,-4.3511,-0.9160,-3.1298
302480.2033,559262,186,0.0645,0.0608,1.0671,-4.0611,-1.2519,-3.1145
302480.2033,559272,186,0.0632,0.0508,1.0635,-4.8550,-0.5802,-3.4809
302480.2033,559282,186,0.0564,0.0396,1.0461,-5.6183,-0.0763,-3.7557
302480.2033,559292,186,0.0513,0.0583,1.0562,-3.9389,-0.0305,-3.9237
302480.2033,559302,186,0.0469,0.0708,1.0461,-3.5420,-0.0916,-4.2137
302480.2033,559312,186,0.0493,0.0566,1.0503,-4.5496,-0.0153,-4.9466
302480.2033,559322,186,0.0591,0.0430,1.0481,-5.1908,0.0305,-5.2519
302480.2033,559332,186,0.0640,0.0625,1.0388,-4.7176,-0.2901,-4.7786
302480.2033,559342,186,0.0667,0.0618,1.0447,-3.7405,-0.7786,-4.4733
302480.2629,559352,187,0.0693,0.0566,1.0481,-2.9771,-1.5420,-4.1221
302480.2629,559362,187,0.0657,0.0674,1.0515,-2.0916,-2.1374,-3.4351
302480.2629,559372,187,0.0588,0.0510,1.0481,-2.0916,-1.9542,-3.2366
302480.2629,559382,187,0.0620,0.0435,1.0437,-1.6336,-1.7710,-2.7634
302480.2629,559392,187,0.0627,0.0525,1.0457,-0.4733,-1.8931,-1.7863
302480.2629,559402,187,0.0674,0.0444,1.0476,0.3969,-2.1221,-1.0229
302480.2629,559412,187,0.0701,0.0569,1.0522,1.6641,-2.8092,0.0305
302480.2629,559422,187,0.0623,0.0583,1.0510,2.7481,-3.2061,0.7481
302480.2629,559432,187,0.0603,0.0400,1.0317,2.6718,-3.1145,0.7481
302480.2629,559442,187,0.0696,0.0481,1.0354,3.6183,-2.4733,0.7786
302480.3835,559452,188,0.0620,0.0671,1.0503,4.8092,-1.7863,0.6412
302480.3835,559462,188,0.0542,0.0632,1.0574,3.9542,-2.0000,0.4122
302480.3835,559472,188,0.0544,0.0774,1.0540,2.5191,-2.3053,0.0763
302480.3835,559482,188,0.0469,0.0771,1.0637,1.4351,-2.5344,-0.2748
302480.3835,559492,188,0.0493,0.0498,1.0544,-0.4122,-3.1145,-1.0382
302480.3835,559502,188,0.0498,0.0400,1.0312,-0.8244,-3.2214,-1.5878
302480.3835,559512,188,0.0503,0.0537,1.0388,0.2595,-3.0687,-1.8168
302480.3835,559522,188,0.0557,0.0769,1.0544,0.7481,-3.1145,-1.8015
302480.3835,559532,188,0.0642,0.0815,1.0515,-0.7634,-3.2977,-1.5878
302480.3835,559542,188,0.0615,0.0637,1.0452,-2.5496,-3.0229,-1.5725
302480.5025,559552,189,0.0630,0.0579,1.0408,-3.1908,-2.8397,-1.3588
302480.5025,559562,189,0.0664,0.0559,1.0461,-3.4962,-2.6412,-1.2061
302480.5025,559572,189,0.0691,0.0620,1.0442,-3.2061,-2.4885,-1.0534
302480.5025,559582,189,0.0667,0.0645,1.0422,-2.3969,-2.2748,-0.5954
302480.5025,559592,189,0.0647,0.0593,1.0432,-2.1374,-2.2137,-0.2290
302480.5025,559602,189,0.0640,0.0552,1.0505,-2.1527,-2.1985,-0.0153
302480.5025,559612,189,0.0654,0.0693,1.0583,-2.4885,-2.4733,0.4427
302480.5025,559622,189,0.0615,0.0640,1.0459,-3.3740,-2.5344,0.6412
302480.5025,559632,189,0.0635,0.0439,1.0479,-4.0763,-2.5344,0.4275
302480.5025,559642,189,0.0630,0.0483,1.0537,-3.7405,-2.6260,0.2595
302480.5638,559652,190,0.0613,0.0659,1.0627,-3.9542,-2.8550,0.2443
302480.5638,559662,190,0.0576,0.0718,1.0610,-6.0305,-3.5573,0.3206
302480.5638,559672,190,0.0630,0.0535,1.0493,-8.1527,-4.1221,0.1069
302480.5638,559682,190,0.0657,0.0483,1.0452,-9.0534,-4.3817,-0.0916
302480.5638,559692,190,0.0679,0.0354,1.0349,-9.5267,-4.3817,-0.4122
302480.5638,559702,190,0.0659,0.0457,1.0437,-9.2214,-4.0000,-0.3664
302480.5638,559712,190,0.0662,0.0647,1.0564,-9.4809,-3.7557,0.0000
302480.5638,559722,190,0.0635,0.0691,1.0681,-11.8931,-4.1069,0.8244
302480.5638,559732,190,0.0696,0.0630,1.0571,-15.1145,-5.0382,1.9084
302480.5638,559742,190,0.0706,0.0352,1.0459,-17.1450,-5.4198,2.4580
302480.6832,559752,191,0.0732,0.0327,1.0522,-17.2214,-5.6794,2.9466
302480.6832,559762,191,0.0913,0.0330,1.0625,-17.7252,-6.5649,3.2519
302480.6832,559772,191,0.0181,0.1731,1.1936,-20.2595,-8.4580,2.9618
302480.6832,559782,191,0.1404,-0.0723,0.9272,-36.6260,-13.0382,1.9695
302480.6832,559792,191,0.0342,-0.1130,0.9683,-28.5802,-4.5038,2.0000
302480.6832,559802,191,0.0530,0.1206,1.2087,-15.0534,-9.3740,3.2519
302480.6832,559812,191,0.0508,0.1194,1.1606,-28.4427,-12.7023,-0.7939
302480.6832,559822,191,0.0269,0.0740,1.0818,-43.0534,-14.7786,-6.0458
302480.6832,559832,191,0.0564,0.0017,1.0415,-48.2748,-17.2061,-10.1985
302480.6832,559842,191,0.0337,0.0237,1.0732,-48.1679,-17.9695,-11.2977
302480.8027,559852,192,0.0847,0.0127,1.0803,-49.7710,-22.4733,-11.2519
302480.8027,559862,192,0.1172,-0.0222,1.0610,-55.1603,-26.6565,-9.3740
302480.8027,559872,192,0.1177,0.0171,1.0959,-58.5649,-29.6031,-7.5725
302480.8027,559882,192,0.1304,0.0540,1.1348,-64.4275,-35.5115,-8.0611
302480.8027,559892,192,0.1067,0.0417,1.1323,-74.0305,-39.7099,-9.2061
302480.8027,559902,192,0.1143,-0.0234,1.1973,-82.2137,-44.9160,-12.1985
302480.8027,559912,192,0.1494,-0.0286,1.2507,-89.9084,-56.1679,-14.2901
302480.8027,559922,192,0.1494,0.0063,1.2881,-100.6260,-68.7634,-13.8473
302480.8027,559932,192,0.1826,0.0518,1.3081,-113.4351,-82.1985,-14.2595
302480.8027,559942,192,0.1968,0.0696,1.2578,-126.4427,-92.0611,-14.7328
302480.8617,559952,193,0.1575,0.0569,1.1904,-139.8626,-92.9160,-13.1298
302480.8617,559962,193,0.1885,-0.0076,1.1262,-153.1298,-89.1603,-16.9618
302480.8617,559972,193,0.2439,-0.0901,1.0359,-161.8931,-78.7176,-25.4198
302480.8617,559982,193,0.2256,-0.1934,1.0815,-156.7328,-63.5420,-42.2901
302480.8617,559992,193,0.3665,-0.1924,1.1829,-159.2061,-48.9313,-71.5878
302480.8617,560002,193,0.4270,-0.5005,0.9995,-201.4504,-11.0534,-90.8092
302480.8617,560012,193,0.3130,-0.7529,0.9548,-220.0305,17.5725,-97.4656
302480.8617,560022,193,0.3604,-0.8997,0.8723,-200.9618,10.8244,-100.1221
302480.8617,560032,193,0.3638,-0.9146,0.7937,-168.0916,-5.8321,-91.1908
302480.8617,560042,193,0.3125,-0.8716,0.7378,-146.0611,-19.7405,-79.6794
302480.9831,560052,194,0.1907,-0.7930,0.6729,-143.2672,-37.6183,-59.9084
302480.9831,560062,194,0.1265,-0.7085,0.5806,-152.2595,-68.8855,-34.3969
302480.9831,560072,194,0.1072,-0.5813,0.4751,-167.3588,-106.3206,-9.2672
302480.9831,560082,194,0.1401,-0.5728,0.4243,-184.9618,-129.1756,2.3359
302480.9831,560092,194,0.1072,-0.5779,0.3906,-204.1832,-132.5954,9.3893
302480.9831,560102,194,0.0881,-0.5637,0.4016,-220.2137,-138.6870,9.2519
302480.9831,560112,194,0.1489,-0.5439,0.4231,-233.2824,-149.1450,-1.0992
302480.9831,560122,194,0.2036,-0.6414,0.4341,-242.9160,-146.2595,-12.6260
302480.9831,560132,194,0.2932,-0.8633,0.4670,-240.0305,-126.3359,-21.7863
302480.9831,560142,194,0.3447,-0.9961,0.4890,-205.4962,-96.2137,-17.6641
302481.1027,560152,195,0.4658,-0.9458,0.5144,-144.6260,-71.3130,-26.0763
302481.1027,560162,195,0.4956,-0.8567,0.5742,-92.5191,-47.8931,-35.7557
302481.1027,560172,195,0.5178,-0.7539,0.5793,-63.3435,-38.6565,-37.5420
302481.1027,560182,195,0.4961,-0.5654,0.6301,-51.2824,-36.4122,-39.7099
302481.1027,560192,195,0.4580,-0.3357,0.6653,-64.9924,-45.0687,-37.6031
302481.1027,560202,195,0.4253,-0.2546,0.6731,-106.6565,-61.3282,-36.8855
302481.1027,560212,195,0.3599,-0.2957,0.6250,-149.6794,-75.7710,-36.7328
302481.1027,560222,195,0.3665,-0.3350,0.5232,-175.8321,-87.0076,-44.0611
302481.1027,560232,195,0.2932,-0.4338,0.4399,-190.7634,-85.8473,-62.3359
302481.1027,560242,195,0.2913,-0.5620,0.3674,-191.8168,-86.0916,-82.5038
302481.1629,560252,196,0.3723,-0.6794,0.3218,-177.4809,-87.0229,-101.7405
302481.1629,560262,196,0.5112,-0.8403,0.3066,-155.3740,-85.8015,-114.4275
302481.1629,560272,196,0.9089,-1.0220,0.3923,-132.8397,-99.1145,-106.0305
302481.1629,560282,196,1.1365,-0.9656,0.5811,-115.5573,-106.3206,-66.0916
302481.1629,560292,196,0.9849,-0.8335,0.6008,-117.2977,-97.0840,-14.9924
302481.1629,560302,196,0.7722,-0.8440,0.4553,-122.0305,-81.4504,-2.4733
302481.1629,560312,196,0.6948,-0.8738,0.3506,-112.5649,-63.5115,-20.5649
302481.1629,560322,196,0.7146,-0.8494,0.3511,-93.5115,-59.5878,-31.1450
302481.1629,560332,196,0.7239,-0.7788,0.4055,-79.4656,-61.0076,-27.0076
302481.1629,560342,196,0.7007,-0.6951,0.4192,-84.0916,-58.8397,-10.4733
302481.2834,560352,197,0.6860,-0.6401,0.3984,-97.6336,-56.9771,0.6260
302481.2834,560362,197,0.5950,-0.6479,0.3059,-107.3282,-53.4351,-1.0076
302481.2834,560372,197,0.5879,-0.7361,0.2188,-112.5191,-57.9695,-6.7481
302481.2834,560382,197,0.7520,-0.8086,0.2224,-111.0534,-62.6870,-2.6565
302481.2834,560392,197,0.8291,-0.9021,0.2021,-108.3969,-54.8855,2.8550
302481.2834,560402,197,0.7981,-0.7595,0.2708,-96.4122,-35.0534,-4.0763
302481.2834,560412,197,0.8303,-0.7522,0.2449,-89.4351,-15.2977,-28.4885
302481.2834,560422,197,0.7593,-0.7617,0.2058,-86.0153,-8.7481,-37.0382
302481.2834,560432,197,0.6345,-0.6072,0.2173,-83.0229,-9.1756,-36.1832
302481.2834,560442,197,0.6362,-0.5237,0.1887,-95.0229,-21.1145,-33.0076
302481.4631,560452,198,0.6082,-0.5791,0.1313,-116.0000,-33.6947,-26.5191
302481.4631,560462,198,0.6726,-0.5642,0.1270,-129.5725,-40.9008,-15.1756
302481.4631,560472,198,0.6992,-0.6121,0.0923,-150.9313,-51.6183,-5.9847
302481.4631,560482,198,0.7271,-0.7017,0.0544,-166.7176,-54.6107,-1.0992
302481.4631,560492,198,0.7539,-0.8813,-0.0542,-168.3969,-47.0229,2.0763
302481.4631,560502,198,0.7917,-1.0540,-0.1416,-158.7176,-34.5802,-2.4580
302481.4631,560512,198,0.7490,-1.1089,-0.2488,-130.8397,-16.2748,-12.1832
302481.4631,560522,198,0.8464,-1.0710,-0.3098,-91.7863,-8.2290,-21.2977
302481.4631,560532,198,0.8813,-1.0376,-0.2666,-60.2443,9.1756,-27.5573
302481.4631,560542,198,0.8677,-0.9580,-0.2539,-34.4885,17.8779,-25.3740
302481.4658,560552,199,0.7659,-0.8572,-0.2651,-12.5344,19.9847,-14.2595
302481.4658,560562,199,0.6384,-0.7610,-0.2559,-0.0916,12.9771,-0.9924
302481.4658,560572,199,0.6899,-0.6521,-0.2141,2.3817,-5.1908,7.3130
302481.4658,560582,199,0.7251,-0.6240,-0.1855,-2.8244,-15.4046,12.8855
302481.4658,560592,199,0.7749,-0.6938,-0.1746,-9.3130,-22.3359,8.8092
302481.4658,560602,199,0.8574,-0.7344,-0.1431,-11.3588,-23.9237,0.9618
302481.4658,560612,199,0.9265,-0.7788,-0.1423,-12.8855,-25.6336,-2.7939
302481.4658,560622,199,0.8789,-0.9143,-0.2117,-14.3664,-26.7481,-3.9695
302481.4658,560632,199,0.9797,-0.8931,-0.2112,-8.6260,-30.5649,-9.7405
302481.4658,560642,199,0.9802,-0.9111,-0.2454,-5.4656,-33.0687,-9.9847
302481.5824,560652,200,0.9404,-0.9148,-0.2861,-2.1832,-33.1756,-10.0763
302481.5824,560662,200,0.9216,-0.8975,-0.3179,3.2824,-31.8168,-11.2824
302481.5824,560672,200,0.8779,-0.8259,-0.3345,9.9237,-27.9847,-12.0916
302481.5824,560682,200,0.8513,-0.8013,-0.3613,11.1298,-27.0076,-12.2443
302481.5824,560692,200,0.8425,-0.8169,-0.3884,9.2214,-29.3893,-10.1069
302481.5824,560702,200,0.8335,-0.8621,-0.4060,8.6718,-32.1069,-7.2061
302481.5824,560712,200,0.8286,-0.8645,-0.3960,11.6947,-35.9389,-6.1985
302481.5824,560722,200,0.8330,-0.8647,-0.3765,16.2748,-39.8473,-8.4885
302481.5824,560732,200,0.8228,-0.8350,-0.3503,21.9695,-44.4427,-13.2061
302481.5824,560742,200,0.8240,-0.7930,-0.3220,26.1069,-50.3359,-18.2748
302481.7030,560752,201,0.8398,-0.7690,-0.2969,29.7710,-55.8015,-23.9389
302481.7030,560762,201,0.8560,-0.7458,-0.2705,31.8015,-60.1679,-25.8473
302481.7030,560772,201,0.8215,-0.7454,-0.2991,33.8015,-59.4046,-25.7710
302481.7030,560782,201,0.8372,-0.7363,-0.3096,37.7099,-56.5191,-27.4046
302481.7030,560792,201,0.7759,-0.7061,-0.3359,40.9160,-51.4504,-25.6489
302481.7030,560802,201,0.7073,-0.6931,-0.3696,43.1450,-45.3130,-24.6107
302481.7030,560812,201,0.6865,-0.6553,-0.3743,44.2595,-42.9771,-25.4504
302481.7030,560822,201,0.6917,-0.6738,-0.3743,42.4122,-43.7099,-26.2137
302481.7030,560832,201,0.6851,-0.6736,-0.3472,40.6107,-45.9084,-24.2137
302481.7030,560842,201,0.6870,-0.6709,-0.3125,38.6107,-50.4733,-22.3206
302481.7625,560852,202,0.6907,-0.6472,-0.2717,36.6718,-54.1985,-21.5267
302481.7625,560862,202,0.6953,-0.6355,-0.2393,33.5267,-57.4504,-20.3664
302481.7625,560872,202,0.6692,-0.6379,-0.2349,29.8931,-58.5344,-18.1832
302481.7625,560882,202,0.6724,-0.6248,-0.2217,27.4504,-58.5191,-18.2137
302481.7625,560892,202,0.6648,-0.6211,-0.2129,24.0458,-58.0000,-16.9160
302481.7625,560902,202,0.6558,-0.6445,-0.2119,20.2595,-57.9084,-14.7023
302481.7625,560912,202,0.6580,-0.6504,-0.2197,17.3893,-58.6718,-12.3817
302481.7625,560922,202,0.6653,-0.6787,-0.2246,14.6718,-59.8321,-10.9008
302481.7625,560932,202,0.6582,-0.7173,-0.2166,13.1450,-61.2214,-9.1145
302481.7625,560942,202,0.6772,-0.7207,-0.1951,15.6794,-60.6412,-9.4504
302481.8823,560952,203,0.6936,-0.7173,-0.1772,19.8168,-57.4351,-9.6183
302481.8823,560962,203,0.6492,-0.6970,-0.1841,24.9008,-49.9695,-7.3130
302481.8823,560972,203,0.6196,-0.6970,-0.2095,30.0611,-43.8015,-7.3740
302481.8823,560982,203,0.6289,-0.5635,-0.1118,33.2977,-40.2290,-8.3359
302481.8823,560992,203,0.6162,-0.4475,-0.0505,23.6183,-37.2061,-10.5954
302481.8823,561002,203,0.7024,-0.6018,-0.0898,0.8702,-36.7939,-6.1527
302481.8823,561012,203,0.6450,-0.6565,-0.1360,-13.8015,-35.7557,1.1450
302481.8823,561022,203,0.6672,-0.7507,-0.1582,-23.6641,-43.0382,7.9847
302481.8823,561032,203,0.7129,-0.7231,-0.1333,-23.3740,-44.6107,4.5344
302481.8823,561042,203,0.7004,-0.7463,-0.1223,-23.8473,-40.7634,2.0000
302482.0616,561052,204,0.6709,-0.7048,-0.1252,-20.8092,-36.1221,-2.1985
302482.0616,561062,204,0.7107,-0.6545,-0.0938,-19.0229,-30.4275,-8.3359
302482.0616,561072,204,0.6895,-0.6321,-0.0730,-17.7099,-23.4962,-12.8397
302482.0616,561082,204,0.7141,-0.7080,-0.1125,-17.0840,-20.7176,-9.3740
302482.0616,561092,204,0.7170,-0.7651,-0.1516,-12.2137,-16.5038,-3.8168
302482.0616,561102,204,1.1582,-1.0251,-0.0544,-3.7863,-14.1679,4.7786
302482.0616,561112,204,0.7830,-0.7896,-0.1667,6.5191,-3.0992,31.2977
302482.0616,561122,204,0.6306,-0.7993,-0.2944,33.2824,18.6565,15.3435
302482.0616,561132,204,0.6885,-0.7495,-0.2244,48.1069,26.2137,1.5115
302482.0616,561142,204,0.6523,-0.7605,-0.2322,59.7557,26.9618,-3.2977
302482.0639,561152,205,0.6116,-0.7463,-0.2317,63.7099,17.3740,1.2977
302482.0639,561162,205,0.5686,-0.6680,-0.2144,71.1145,6.2137,3.6031
302482.0639,561172,205,0.5300,-0.6045,-0.1653,70.9771,-8.8397,11.2672
302482.0639,561182,205,0.5564,-0.5930,-0.1162,59.5115,-24.8244,23.4351
302482.0639,561192,205,0.5896,-0.6262,-0.1033,52.3664,-32.4122,32.7176
302482.0639,561202,205,0.5981,-0.6589,-0.0737,51.0840,-31.9542,35.7710
302482.0639,561212,205,0.6782,-0.6924,-0.0076,52.9160,-27.3893,37.5573
302482.0639,561222,205,0.6982,-0.7686,-0.0088,58.8855,-14.3206,44.3053
302482.0639,561232,205,0.7046,-0.8027,-0.0120,67.4351,2.8855,55.6641
302482.0639,561242,205,0.6362,-0.7349,-0.0701,77.3893,18.9618,64.5649
302482.1838,561252,206,0.7534,-0.7507,0.2146,86.2595,26.0763,61.8779
302482.1838,561262,206,1.3267,-0.7217,0.4407,43.6794,53.2061,59.1145
302482.1838,561272,206,0.7168,-1.0337,-0.0732,28.3206,145.7863,57.6641
302482.1838,561282,206,0.5637,-0.9404,-0.0115,76.9618,157.6489,42.9160
302482.1838,561292,206,0.6650,-0.7571,0.1106,86.2443,140.2290,37.6031
302482.1838,561302,206,0.5400,-0.6821,0.1279,73.7405,153.0534,42.4427
302482.1838,561312,206,0.4556,-0.7358,0.0818,58.3969,156.8092,44.8855
302482.1838,561322,206,0.4106,-0.7354,0.0718,44.6565,147.0229,54.2290
302482.1838,561332,206,0.3601,-0.6833,0.0581,28.8550,135.9389,63.7557
302482.1838,561342,206,0.3162,-0.6958,0.0188,10.0916,126.1221,64.7176
302482.3043,561352,207,0.2747,-0.7683,-0.0796,-2.2137,116.0000,62.0153
302482.3043,561362,207,0.3098,-0.8008,-0.0779,-4.1679,101.7557,59.9237
302482.3043,561372,207,0.3860,-0.8005,-0.0693,-8.4275,84.1221,63.8779
302482.3043,561382,207,0.3665,-0.8538,-0.1008,-16.0153,76.9313,68.4275
302482.3043,561392,207,0.3596,-0.9490,-0.1580,-23.6794,67.4046,73.8931
302482.3043,561402,207,0.3308,-0.9922,-0.2129,-27.7557,52.2290,86.7634
302482.3043,561412,207,0.3423,-0.9897,-0.1980,-28.4733,31.4504,100.6565
302482.3043,561422,207,0.4236,-0.9670,-0.1580,-34.3664,3.9847,112.5038
302482.3043,561432,207,0.4138,-1.0020,-0.1780,-44.1069,-11.6641,122.1527
302482.3043,561442,207,0.4412,-0.8193,-0.1182,-44.3817,-19.8015,124.1679
302482.3620,561452,208,0.3909,-1.1951,0.0188,-37.8931,-31.3740,107.6183
302482.3620,561462,208,0.4956,-1.0967,-0.1599,-13.7557,-26.3511,104.9618
302482.3620,561472,208,0.5901,-0.9258,-0.0088,39.9237,-0.9008,82.4275
302482.3620,561482,208,0.4729,-1.0627,-0.0969,9.9847,-6.7481,75.3435
302482.3620,561492,208,0.3674,-1.2668,-0.1633,-23.6794,-34.8550,95.6031
302482.3620,561502,208,0.4929,-1.2090,-0.0276,-1.1145,-67.0534,101.1298
302482.3620,561512,208,0.6482,-1.1365,0.0769,16.8244,-74.7328,106.9924
302482.3620,561522,208,0.5647,-1.1108,0.1370,22.3053,-46.5496,115.5420
302482.3620,561532,208,0.3623,-1.0696,0.0090,27.3740,-8.9618,111.9847
302482.3620,561542,208,0.0620,-1.0732,-0.0054,44.0763,25.8931,89.6031
302482.4840,561552,209,0.1348,-1.0874,0.0093,52.7634,21.5573,75.5115
302482.4840,561562,209,0.1934,-1.0261,0.0547,48.5496,3.4198,83.6336
302482.4840,561572,209,0.1892,-1.0803,0.0229,37.2061,3.3588,80.9466
302482.4840,561582,209,0.2322,-1.0071,0.1165,31.5878,-6.9924,88.1374
302482.4840,561592,209,0.2722,-1.0903,0.0918,11.8473,-5.9847,98.1069
302482.4840,561602,209,0.2712,-1.2654,-0.0212,-1.3588,2.8855,100.0916
302482.4840,561612,209,0.4280,-1.3689,0.0498,13.9542,6.7939,87.1450
302482.4840,561622,209,0.4036,-1.3000,-0.0474,40.0000,36.0153,86.6107
302482.4840,561632,209,0.1375,-1.2031,-0.0044,60.9771,69.8931,75.4046
302482.4840,561642,209,0.2808,-1.1772,0.0811,79.5420,57.0992,48.0458
302482.6060,561652,210,0.2332,-1.1577,0.0168,91.1603,59.8168,37.3740
302482.6060,561662,210,0.0791,-1.0503,0.1064,105.9389,65.3588,39.4504
302482.6060,561672,210,0.1885,-1.0488,0.1497,104.3664,52.5954,40.7786
302482.6060,561682,210,0.2178,-1.0334,0.1680,105.6641,42.1679,56.1832
302482.6060,561692,210,0.1809,-0.9871,0.2104,114.9008,36.6565,69.0382
302482.6060,561702,210,0.1196,-0.9678,0.2083,121.7099,37.9389,72.0611
302482.6060,561712,210,0.0974,-0.9568,0.2393,120.6260,37.4046,73.3282
302482.6060,561722,210,0.0554,-0.9338,0.2458,120.8550,40.0153,73.6183
302482.6060,561732,210,-0.0063,-0.8030,0.3762,112.1374,42.6718,66.7939
302482.6060,561742,210,0.0591,-1.1169,0.2395,91.5725,45.5115,67.2214
302482.6617,561752,211,-0.0969,-0.9885,0.1990,129.4962,44.3206,53.8015
302482.6617,561762,211,-0.0344,-0.9705,0.2583,150.2137,36.3817,32.8702
302482.6617,561772,211,0.0232,-0.8682,0.3108,156.2901,38.4427,28.5954
302482.6617,561782,211,0.0125,-0.7756,0.3679,153.4046,39.5267,37.1298
302482.6617,561792,211,-0.0105,-0.7554,0.3638,142.9008,39.9389,48.0763
302482.6617,561802,211,-0.0996,-0.7266,0.3381,133.0840,40.6107,58.5038
302482.6617,561812,211,-0.1851,-0.7178,0.2981,124.7939,35.6336,68.6718
302482.6617,561822,211,-0.2061,-0.6934,0.2986,117.8321,25.2672,74.9160
302482.6617,561832,211,-0.1814,-0.6746,0.3027,113.8626,17.4046,74.7939
302482.6617,561842,211,-0.2063,-0.6521,0.2991,114.7786,14.6565,70.9008
302482.8425,561852,212,-0.2683,-0.6299,0.2734,121.1298,14.7481,62.6107
302482.8425,561862,212,-0.3513,-0.5962,0.2495,133.2824,12.6718,47.0076
302482.8425,561872,212,-0.3374,-0.5693,0.2761,145.7099,3.5573,30.7023
302482.8425,561882,212,-0.2644,-0.5249,0.3357,153.0840,-4.3817,20.2137
302482.8425,561892,212,-0.2383,-0.4199,0.4050,151.4809,-8.0916,17.2824
302482.8425,561902,212,-0.2446,-0.3611,0.4744,134.4733,-14.6412,18.5649
302482.8425,561912,212,-0.2017,-0.4297,0.5083,108.9466,-21.8015,18.5191
302482.8425,561922,212,-0.1760,-0.5811,0.4922,89.0840,-25.7557,15.1450
302482.8425,561932,212,-0.1179,-0.7776,0.4521,81.4046,-29.3435,12.9160
302482.8425,561942,212,-0.1086,-0.8757,0.4351,86.8550,-29.1756,13.0076
302482.9043,561952,213,-0.1399,-0.8352,0.4507,98.1985,-27.4046,12.4733
302482.9043,561962,213,-0.1670,-0.7341,0.5288,105.0992,-28.8855,9.4809
302482.9043,561972,213,-0.1375,-0.5605,0.6882,97.8473,-32.6870,7.1756
302482.9043,561982,213,-0.1418,-0.3542,0.8540,71.1908,-31.3130,3.1450
302482.9043,561992,213,-0.1018,-0.3184,0.9089,22.0000,-28.1069,-3.2977
302482.9043,562002,213,-0.1531,-0.4148,0.8210,-31.3740,-28.5344,-3.7405
302482.9043,562012,213,-0.0327,-0.4863,0.7786,-68.3206,-28.9771,-4.9924
302482.9043,562022,213,-0.0439,-0.8445,0.7283,-118.4427,-23.2366,-2.9924
302482.9043,562032,213,-0.0364,-0.8633,0.6890,-102.2595,-10.5038,-9.0687
302482.9043,562042,213,-0.1204,-0.7710,0.7192,-63.7710,-3.7405,-25.9695
302483.0227,562052,214,-0.1333,-0.7219,0.7466,-60.1069,-8.1374,-27.7863
302483.0227,562062,214,-0.0439,-0.4150,0.9397,-69.0687,-16.0000,-30.7328
302483.0227,562072,214,0.0784,-0.9326,0.6890,-110.7481,-17.7863,-27.7863
302483.0227,562082,214,-0.0112,-0.7795,0.7688,-79.4351,-10.7786,-29.2061
302483.0227,562092,214,-0.0278,-0.7625,0.7471,-73.0534,-5.9084,-33.8473
302483.0227,562102,214,-0.0396,-0.7239,0.7312,-77.9237,-3.8931,-34.1221
302483.0227,562112,214,-0.0381,-0.7354,0.6943,-84.8244,-5.0382,-33.0382
302483.0227,562122,214,-0.0325,-0.7595,0.6770,-90.3206,-6.8244,-31.5267
302483.0227,562132,214,0.0217,-0.7380,0.6729,-93.2977,-6.6260,-31.8931
302483.0227,562142,214,-0.0403,-0.7483,0.5974,-95.5267,-4.1527,-30.4275
302483.0841,562152,215,-0.0430,-0.8130,0.5352,-98.0000,-6.6565,-28.8092
302483.0841,562162,215,-0.0156,-0.8252,0.4956,-97.5725,-9.8168,-26.4427
302483.0841,562172,215,-0.0154,-0.8694,0.4802,-94.4427,-11.5420,-25.1450
302483.0841,562182,215,0.0320,-0.8936,0.4690,-88.3053,-12.1069,-8.9771
302483.0841,562192,215,-0.0645,-0.8276,0.5093,-81.5115,-10.0305,14.0763
302483.0841,562202,215,-0.0596,-0.8696,0.4856,-83.7252,-10.8244,11.4656
302483.0841,562212,215,-0.0369,-0.9670,0.4744,-86.0000,-13.5878,9.0382
302483.0841,562222,215,-0.0251,-1.0024,0.4597,-84.6412,-14.2595,6.9466
302483.0841,562232,215,-0.0427,-0.9707,0.4600,-79.9542,-12.5649,5.1603
302483.0841,562242,215,-0.0547,-0.9761,0.4407,-76.8397,-11.2672,2.4122
302483.2024,562252,216,-0.0596,-1.0308,0.4121,-76.8550,-13.7710,4.0000
302483.2024,562262,216,-0.0217,-1.1001,0.3887,-74.9160,-16.5649,3.5725
302483.2024,562272,216,-0.0044,-1.1204,0.3767,-68.6565,-16.6260,3.0992
302483.2024,562282,216,-0.0110,-1.0427,0.3818,-62.1374,-14.7939,3.2824
302483.2024,562292,216,-0.0159,-1.0266,0.3748,-60.1221,-12.4275,2.2137
302483.2024,562302,216,-0.0051,-1.1069,0.3291,-59.1756,-10.8702,0.0611
302483.2024,562312,216,0.0017,-1.1768,0.2896,-53.5573,-10.3664,-0.9466
302483.2024,562322,216,-0.0056,-1.1575,0.2612,-43.3435,-9.6031,0.0611
302483.2024,562332,216,-0.0381,-1.0715,0.2776,-33.2061,-9.0382,0.8855
302483.2024,562342,216,-0.0356,-0.9988,0.3027,-33.4198,-12.4275,4.5344
302483.2639,562352,217,-0.0332,-0.9810,0.3162,-35.0076,-13.6489,5.2214
302483.2639,562362,217,-0.0076,-1.0176,0.3149,-37.4046,-13.4198,4.5954
302483.2639,562372,217,-0.0088,-1.0093,0.3025,-37.0840,-11.0229,4.1832
302483.2639,562382,217,-0.0415,-0.9631,0.2996,-35.0076,-6.8702,2.5038
302483.2639,562392,217,-0.0591,-0.9580,0.2788,-33.9695,-3.7099,-0.7176
302483.2639,562402,217,-0.0771,-0.9395,0.2754,-30.8702,-1.6947,-4.6565
302483.2639,562412,217,-0.0713,-0.9297,0.2659,-31.3588,-4.3817,-3.9695
302483.2639,562422,217,-0.0542,-0.9048,0.2898,-32.6107,-8.0611,-1.9695
302483.2639,562432,217,-0.0432,-0.8940,0.2915,-34.1527,-9.8015,-2.1527
302483.2639,562442,217,-0.0364,-0.8809,0.3120,-37.2824,-11.5878,-0.7786
302483.3827,562452,218,-0.0190,-0.8813,0.3079,-43.1450,-10.8855,-2.7481
302483.3827,562462,218,-0.0081,-0.9482,0.2561,-48.9160,-8.9160,-4.9924
302483.3827,562472,218,-0.0229,-0.9839,0.2205,-50.3817,-7.4656,-4.7481
302483.3827,562482,218,-0.0493,-0.9502,0.2019,-48.8702,-7.5420,-4.8855
302483.3827,562492,218,-0.0630,-0.9451,0.1909,-49.3588,-10.7939,-2.6565
302483.3827,562502,218,-0.0439,-0.9595,0.1855,-51.9084,-15.0992,-2.5038
302483.3827,562512,218,-0.0100,-0.9402,0.2058,-55.2061,-18.1527,-1.6336
302483.3827,562522,218,-0.0205,-0.8989,0.2178,-58.1832,-17.3740,-1.3282
302483.3827,562532,218,0.0210,-0.9666,0.2268,-62.2290,-15.1756,-2.9008
302483.3827,562542,218,0.0007,-0.9441,0.2585,-61.3130,-10.9618,-4.5954
302483.5612,562552,219,-0.0396,-0.8801,0.2522,-61.6489,-7.8473,-9.9542
302483.5612,562562,219,-0.0381,-0.8137,0.2732,-66.5802,-7.5573,-14.6565
302483.5612,562572,219,-0.0176,-0.8071,0.2556,-75.8779,-6.3206,-19.8015
302483.5612,562582,219,-0.0193,-0.8486,0.2061,-84.7481,-3.1145,-23.8626
302483.5612,562592,219,-0.0125,-0.8633,0.2017,-90.6260,-1.5267,-24.9160
302483.5612,562602,219,0.0159,-0.8870,0.1628,-97.0687,-0.8550,-26.9924
302483.5612,562612,219,0.0002,-1.0164,0.0403,-101.2824,0.0000,-26.6718
302483.5612,562622,219,0.0037,-1.0742,0.0149,-99.3588,-4.0916,-17.2519
302483.5612,562632,219,0.0615,-1.0605,0.0237,-95.0229,-8.2137,-10.7939
302483.5612,562642,219,0.0525,-1.0300,0.0222,-92.9618,-11.1603,-2.5344
302483.5632,562652,220,0.0420,-1.0718,-0.0095,-94.3969,-12.1985,2.0916
302483.5632,562662,220,0.0510,-1.1389,-0.0481,-93.9847,-12.2137,4.5496
302483.5632,562672,220,0.0486,-1.1624,-0.0774,-89.7863,-11.9389,9.4656
302483.5632,562682,220,0.0212,-1.1177,-0.0713,-82.8397,-11.7710,15.0992
302483.5632,562692,220,0.0259,-1.0647,-0.0415,-78.5954,-12.7634,19.4351
302483.5632,562702,220,0.0144,-1.0601,-0.0503,-78.6260,-13.4046,23.7405
302483.5632,562712,220,-0.0110,-1.0227,-0.0676,-79.8473,-13.9237,27.5115
302483.5632,562722,220,-0.0176,-0.9995,-0.0808,-82.7634,-14.8397,30.0305
302483.5632,562732,220,-0.0134,-1.0308,-0.1001,-86.1679,-14.8855,30.8702
302483.5632,562742,220,-0.0049,-1.1147,-0.1492,-87.4351,-13.8321,30.2595
302483.6839,562752,221,-0.0325,-1.1497,-0.1799,-84.8550,-13.3893,32.9771
302483.6839,562762,221,-0.0691,-1.1284,-0.1982,-81.1145,-13.1908,34.1069
302483.6839,562772,221,-0.0845,-1.1248,-0.2141,-77.7252,-13.3588,32.7328
302483.6839,562782,221,-0.0994,-1.1443,-0.2363,-73.8321,-13.4198,29.6336
302483.6839,562792,221,-0.0977,-1.1746,-0.2703,-66.9466,-13.6336,27.1603
302483.6839,562802,221,-0.1211,-1.1042,-0.2551,-56.6260,-13.8473,25.5573
302483.6839,562812,221,-0.1382,-1.0461,-0.2424,-51.4198,-16.1221,26.6412
302483.6839,562822,221,-0.1538,-0.9854,-0.2319,-50.3817,-19.8626,27.6641
302483.6839,562832,221,-0.1389,-0.9214,-0.2051,-54.2748,-25.0076,29.2672
302483.6839,562842,221,-0.1321,-0.9045,-0.2048,-63.4809,-30.0916,32.8702
302483.8019,562852,222,-0.1189,-0.9534,-0.2395,-74.2748,-33.6947,36.2137
302483.8019,562862,222,-0.0999,-0.9575,-0.2405,-80.0305,-34.6565,38.7634
302483.8019,562872,222,-0.0698,-1.0486,-0.3127,-85.4809,-33.7405,38.2290
302483.8019,562882,222,-0.1357,-1.0168,-0.2793,-74.5344,-27.2061,30.7939
302483.8019,562892,222,-0.1157,-1.0989,-0.3225,-67.6336,-25.5420,24.7634
302483.8019,562902,222,-0.1055,-1.0745,-0.3274,-51.9695,-23.1298,20.8550
302483.8019,562912,222,-0.1113,-1.0151,-0.3083,-36.2901,-19.8473,15.7557
302483.8019,562922,222,-0.1038,-0.9753,-0.2839,-27.6336,-18.2901,13.6641
302483.8019,562932,222,-0.1074,-0.9558,-0.2856,-26.2443,-17.3588,14.2901
302483.8019,562942,222,-0.1118,-0.9355,-0.2883,-30.0153,-18.3664,18.3206
302483.8623,562952,223,-0.1372,-0.9304,-0.3066,-38.9160,-21.1298,26.4275
302483.8623,562962,223,-0.1699,-0.9426,-0.3367,-49.5878,-24.1374,32.4275
302483.8623,562972,223,-0.1814,-0.9631,-0.3601,-58.0305,-27.7863,36.2137
302483.8623,562982,223,-0.1792,-1.0017,-0.3953,-60.5344,-30.5954,36.3053
302483.8623,562992,223,-0.2156,-0.9160,-0.3096,-51.1145,-27.9542,29.8779
302483.8623,563002,223,-0.1589,-1.0442,-0.4026,-52.3053,-29.2366,23.2061
302483.8623,563012,223,-0.1641,-0.9893,-0.3147,-38.0000,-27.3588,19.7405
302483.8623,563022,223,-0.1338,-1.0271,-0.3787,-28.9160,-23.8015,14.8397
302483.8623,563032,223,-0.1404,-0.9343,-0.3423,-19.4046,-19.2214,13.4962
302483.8623,563042,223,-0.1541,-0.9229,-0.3499,-19.2672,-16.1832,17.0992
302483.9821,563052,224,-0.1970,-0.8977,-0.3577,-18.1985,-11.8321,20.2748
302483.9821,563062,224,-0.2251,-0.8577,-0.3435,-19.1756,-10.9313,24.7023
302483.9821,563072,224,-0.2207,-0.8242,-0.3416,-22.5802,-10.4580,25.8931
302483.9821,563082,224,-0.2529,-0.8721,-0.3879,-27.7710,-8.9924,23.8473
302483.9821,563092,224,-0.2725,-0.9133,-0.4275,-30.3359,-8.7634,21.6031
302483.9821,563102,224,-0.2898,-0.9424,-0.4558,-28.4427,-9.8779,17.6794
302483.9821,563112,224,-0.3008,-0.9292,-0.4519,-24.3053,-12.1069,14.3817
302483.9821,563122,224,-0.3013,-0.8997,-0.4468,-20.8397,-13.5115,10.0763
302483.9821,563132,224,-0.3098,-0.8740,-0.4580,-18.1527,-13.4198,4.7939
302483.9821,563142,224,-0.3210,-0.8801,-0.4714,-17.0687,-13.4351,2.1679
302484.1028,563152,225,-0.3408,-0.8909,-0.4905,-17.6794,-15.4198,0.9466
302484.1028,563162,225,-0.3242,-0.8896,-0.4836,-19.0687,-20.5191,2.4122
302484.1028,563172,225,-0.3162,-0.8652,-0.4680,-22.3969,-25.4198,4.2748
302484.1028,563182,225,-0.3105,-0.8845,-0.4844,-28.0763,-29.1450,4.8397
302484.1028,563192,225,-0.3354,-0.9075,-0.5186,-33.3282,-33.4046,6.7328
302484.1028,563202,225,-0.3545,-0.9358,-0.5483,-37.2672,-39.2519,8.9160
302484.1028,563212,225,-0.3386,-0.9558,-0.5615,-39.6183,-46.5649,10.2137
302484.1028,563222,225,-0.3193,-0.9976,-0.5779,-40.8550,-52.3359,10.1527
302484.1028,563232,225,-0.3154,-1.0225,-0.5896,-38.9313,-55.4656,9.3282
302484.1028,563242,225,-0.3181,-1.0251,-0.5876,-34.8702,-57.3893,8.7786
302484.1629,563252,226,-0.3298,-0.9929,-0.5825,-29.8168,-58.4885,9.3435
302484.1629,563262,226,-0.3186,-0.9678,-0.5813,-25.9847,-59.0534,11.1298
302484.1629,563272,226,-0.3494,-0.9734,-0.6135,-23.0229,-58.8244,13.3282
302484.1629,563282,226,-0.4265,-0.9170,-0.5999,-20.7023,-61.6183,17.1908
302484.1629,563292,226,-0.3652,-0.9119,-0.5842,-20.5191,-66.9008,20.5649
302484.1629,563302,226,-0.3708,-0.8853,-0.5647,-15.2672,-68.5191,20.6870
302484.1629,563312,226,-0.3784,-0.8464,-0.5110,-13.9542,-71.2214,19.2824
302484.1629,563322,226,-0.3499,-0.8328,-0.4932,-15.4198,-73.5267,16.7481
302484.1629,563332,226,-0.3589,-0.7944,-0.4541,-14.2443,-74.5649,10.3664
302484.1629,563342,226,-0.3589,-0.7944,-0.4541,-14.2443,-74.5649,10.3664
302484.2830,563352,227,-0.3562,-0.7666,-0.4236,-11.4046,-75.0840,7.0382
302484.2830,563362,227,-0.3330,-0.7288,-0.3608,-8.7023,-75.8015,3.3893
302484.2830,563372,227,-0.3054,-0.7078,-0.3298,-8.1679,-75.2214,-0.3969
302484.2830,563382,227,-0.3105,-0.6919,-0.3125,-8.5496,-73.3130,-2.7786
302484.2830,563392,227,-0.3367,-0.6655,-0.2852,-9.4046,-71.7710,-3.6947
302484.2830,563402,227,-0.3413,-0.6221,-0.2402,-11.6183,-71.0382,-5.4351
302484.2830,563412,227,-0.3372,-0.5752,-0.1853,-15.7710,-70.5191,-6.9466
302484.2830,563422,227,-0.3247,-0.5613,-0.1489,-22.6107,-70.5038,-7.7099
302484.2830,563432,227,-0.2981,-0.6018,-0.1482,-30.2137,-70.3206,-7.2824
302484.2830,563442,227,-0.2915,-0.6396,-0.1489,-35.9084,-69.0076,-5.4351
302484.4019,563452,228,-0.2808,-0.6414,-0.1428,-40.1221,-65.8321,-3.9237
302484.4019,563462,228,-0.2969,-0.6560,-0.1475,-43.2214,-61.7405,-1.5878
302484.4019,563472,228,-0.2803,-0.6482,-0.1350,-44.3817,-58.2290,-1.0992
302484.4019,563482,228,-0.2754,-0.6846,-0.1516,-45.7710,-52.6870,-1.9542
302484.4019,563492,228,-0.3037,-0.7036,-0.1921,-45.5878,-46.1832,-2.4580
302484.4019,563502,228,-0.3167,-0.7134,-0.2043,-43.2672,-42.3817,-1.5115
302484.4019,563512,228,-0.3110,-0.7026,-0.2131,-40.8092,-38.3359,-3.0076
302484.4019,563522,228,-0.3320,-0.7114,-0.2488,-39.7557,-33.4046,-5.2214
302484.4019,563532,228,-0.3403,-0.7300,-0.2698,-38.2443,-29.4656,-6.3511
302484.4019,563542,228,-0.3325,-0.7520,-0.2976,-37.6031,-25.1756,-8.3969
302484.4632,563552,229,-0.3545,-0.7502,-0.3196,-37.4656,-20.9618,-8.3969
302484.4632,563562,229,-0.3625,-0.7461,-0.3416,-38.9924,-19.3740,-5.8931
302484.4632,563572,229,-0.3462,-0.7363,-0.3557,-42.4427,-18.9008,-4.3817
302484.4632,563582,229,-0.3601,-0.7607,-0.4158,-46.5802,-16.9466,-2.2443
302484.4632,563592,229,-0.3850,-0.7852,-0.4517,-48.4733,-15.2672,1.9389
302484.4632,563602,229,-0.3860,-0.7988,-0.4707,-47.7557,-15.5573,6.4122
302484.4632,563612,229,-0.4238,-0.7317,-0.3904,-44.7328,-15.9237,7.3282
302484.4632,563622,229,-0.3918,-0.8591,-0.4751,-40.4122,-18.7023,-11.1603
302484.4632,563632,229,-0.2708,-0.8062,-0.3906,-24.9008,-16.2290,-24.9160
302484.4632,563642,229,-0.2634,-0.7737,-0.3438,-21.6489,-6.2595,-23.7557
302484.5835,563652,230,-0.3171,-0.7974,-0.3694,-24.9618,-1.2519,-18.8244
302484.5835,563662,230,-0.3098,-0.8115,-0.3743,-23.3893,0.6565,-18.1221
302484.5835,563672,230,-0.2427,-0.8132,-0.3054,-20.0458,4.2748,-19.2214
302484.5835,563682,230,-0.1841,-0.7908,-0.2561,-18.6412,11.3588,-14.9771
302484.5835,563692,230,-0.2231,-0.8267,-0.3403,-18.0458,16.4275,-13.1908
302484.5835,563702,230,-0.3604,-0.7576,-0.3555,-16.8092,17.4962,-17.9084
302484.5835,563712,230,-0.3044,-0.7856,-0.4216,-20.7176,13.6489,-21.4504
302484.5835,563722,230,-0.3364,-0.8074,-0.4490,-19.4809,14.6870,-21.2214
302484.5835,563732,230,-0.2930,-0.8564,-0.4443,-19.6947,15.7710,-20.1374
302484.5835,563742,230,-0.2866,-0.8635,-0.4609,-14.4885,23.3588,-20.4733
302484.7021,563752,231,-0.3967,-0.9424,-0.5359,-8.2595,30.7328,-19.2977
302484.7021,563762,231,-0.4272,-0.7419,-0.4678,5.4046,36.5954,-19.6336
302484.7021,563772,231,-0.3110,-0.8257,-0.4343,0.1221,36.7328,-13.7405
302484.7021,563782,231,-0.2842,-0.8340,-0.4307,1.2824,38.3206,-2.4122
302484.7021,563792,231,-0.3450,-0.8677,-0.4814,6.2137,40.9618,4.0916
302484.7021,563802,231,-0.2100,-0.7610,-0.4087,20.1527,42.0611,0.1679
302484.7021,563812,231,-0.2290,-0.7217,-0.3813,21.0534,51.1145,0.1832
302484.7021,563822,231,-0.2244,-0.7583,-0.3899,10.1679,54.5954,8.4733
302484.7021,563832,231,-0.1885,-0.7703,-0.3733,6.0763,58.5191,12.4427
302484.7021,563842,231,-0.1812,-0.7771,-0.3711,3.2824,66.9466,10.6260
302484.7619,563852,232,-0.1697,-0.7769,-0.3755,0.3817,75.5573,8.6870
302484.7619,563862,232,-0.1743,-0.8176,-0.4165,-3.6489,77.5573,13.0840
302484.7619,563872,232,-0.1685,-0.8132,-0.4285,-0.9313,78.7939,19.3893
302484.7619,563882,232,-0.1130,-0.7688,-0.4314,6.3664,84.1221,20.3664
302484.7619,563892,232,-0.1113,-0.7312,-0.4753,14.3053,94.3664,20.7939
302484.7619,563902,232,-0.1501,-0.7151,-0.5662,22.6718,107.7710,20.3359
302484.7619,563912,232,-0.2156,-0.7219,-0.6958,34.5954,122.6107,15.2824
302484.7619,563922,232,-0.2976,-0.7361,-0.8108,53.4351,135.5267,5.6641
302484.7619,563932,232,-0.3831,-0.7263,-0.8667,77.7252,142.5802,-5.1450
302484.7619,563942,232,-0.4180,-0.6636,-0.8726,101.4809,143.6794,-15.7557
302484.8847,563952,233,-0.4424,-0.5906,-0.8599,119.6031,142.6718,-24.6870
302484.8847,563962,233,-0.4724,-0.5273,-0.8416,130.1374,138.5802,-31.3130
302484.8847,563972,233,-0.4846,-0.4805,-0.7969,131.8779,130.0305,-38.0916
302484.8847,563982,233,-0.4773,-0.4907,-0.7625,125.9847,118.5954,-44.8244
302484.8847,563992,233,-0.4724,-0.5381,-0.7336,116.1221,105.4962,-50.5802
302484.8847,564002,233,-0.4602,-0.6143,-0.6946,105.5878,88.6870,-57.9542
302484.8847,564012,233,-0.4055,-0.7002,-0.6428,97.4351,69.5878,-67.5115
302484.8847,564022,233,-0.3435,-0.7607,-0.5728,94.2595,51.8931,-77.9389
302484.8847,564032,233,-0.2695,-0.8203,-0.5083,94.4275,38.2748,-87.3893
302484.8847,564042,233,-0.1965,-0.8708,-0.4548,96.2748,29.0687,-92.5191
302485.0023,564052,234,-0.1279,-0.9072,-0.3896,99.9542,24.6107,-93.2672
302485.0023,564062,234,-0.0405,-0.9436,-0.3123,104.8397,25.2366,-91.8168
302485.0023,564072,234,0.0183,-1.0178,-0.2644,110.6412,34.5954,-89.8168
302485.0023,564082,234,0.0298,-1.0742,-0.2268,116.3053,48.1832,-84.9313
302485.0023,564092,234,0.0730,-1.0540,-0.1948,129.2977,60.1374,-86.5191
302485.0023,564102,234,0.0303,-1.0347,-0.2063,135.6031,71.8015,-78.0153
302485.0023,564112,234,0.0750,-1.0186,-0.1238,138.1985,75.8473,-69.9237
302485.0023,564122,234,0.1338,-1.0081,-0.0076,129.9847,84.0763,-61.1603
302485.0023,564132,234,0.2302,-0.9805,0.0173,106.0305,95.8779,-46.7939
302485.0023,564142,234,0.0955,-1.1643,-0.1133,84.1527,89.9084,-24.4122
302485.0631,564152,235,0.0710,-1.1804,-0.1311,125.1450,74.0611,-19.2977
302485.0631,564162,235,0.0872,-1.1033,-0.0691,164.4427,88.4275,-41.8015
302485.0631,564172,235,0.1543,-1.1484,-0.0237,174.1679,99.5725,-54.8092
302485.0631,564182,235,0.1558,-1.0808,0.0134,191.2977,112.6718,-58.7786
302485.0631,564192,235,0.1096,-0.9250,0.0427,207.0534,123.2977,-56.0763
302485.0631,564202,235,0.0557,-0.7734,0.0435,204.2748,125.7405,-47.1603
302485.0631,564212,235,-0.0208,-0.6980,0.0466,178.4122,118.8244,-34.3206
302485.0631,564222,235,-0.0730,-0.6575,0.0603,139.9389,102.6565,-21.9237
302485.0631,564232,235,-0.0640,-0.6973,0.0586,99.6183,81.4809,-15.5115
302485.0631,564242,235,0.0215,-0.7583,0.1008,66.4580,65.5267,-15.1603
302485.1842,564252,236,0.0400,-0.8713,0.0466,44.5344,60.7786,-14.2290
302485.1842,564262,236,0.0037,-0.9192,0.0818,48.9771,58.7176,-19.6031
302485.1842,564272,236,0.1318,-0.9573,0.0894,64.3969,48.3511,-25.2824
302485.1842,564282,236,0.1809,-1.1221,0.0027,77.7710,46.9313,-20.7786
302485.1842,564292,236,0.1345,-1.0259,0.0679,107.4504,69.6031,-32.0611
302485.1842,564302,236,0.0913,-0.8850,0.1304,119.9389,92.3664,-48.6565
302485.1842,564312,236,0.0806,-0.8335,0.1392,99.9237,95.1450,-45.1908
302485.1842,564322,236,0.0386,-0.8027,0.1331,64.2137,87.6336,-33.4809
302485.1842,564332,236,-0.0393,-0.7927,0.1104,25.6947,73.6031,-24.9466
302485.1842,564342,236,-0.0830,-0.8228,0.0801,-8.6718,47.8015,-26.1527
302485.3031,564352,237,-0.0449,-0.8359,0.0581,-39.4046,11.4198,-30.2748
302485.3031,564362,237,-0.0083,-0.8816,0.0100,-68.2595,-16.7023,-29.9389
302485.3031,564372,237,0.0322,-0.9021,0.0012,-88.3664,-36.7176,-29.5267
302485.3031,564382,237,0.1147,-0.9358,0.0188,-94.8702,-53.3435,-30.9008
302485.3031,564392,237,0.2131,-1.0627,0.0044,-93.6489,-56.7023,-33.4809
302485.3031,564402,237,0.2502,-1.1682,0.0032,-85.2824,-49.5115,-31.8015
302485.3031,564412,237,0.2361,-1.2524,-0.0378,-76.6565,-39.8168,-24.4122
302485.3031,564422,237,0.2144,-1.2388,-0.0352,-66.9618,-36.1221,-13.0992
302485.3031,564432,237,0.2314,-1.1958,-0.0327,-54.3359,-38.9313,-5.2061
302485.3031,564442,237,0.2336,-1.2104,-0.0640,-42.2137,-37.9084,-5.2824
302485.3632,564452,238,0.1951,-1.2195,-0.0769,-29.6947,-32.5802,-10.7023
302485.3632,564462,238,0.1958,-1.2158,-0.0322,-19.2977,-33.4198,-9.5420
302485.3632,564472,238,0.2417,-1.1418,0.0393,-14.3053,-34.6107,-0.1221
302485.3632,564482,238,0.2854,-1.0601,0.1333,-16.5496,-29.5115,12.1221
302485.3632,564492,238,0.2888,-1.0369,0.1768,-21.0992,-16.9771,21.0076
302485.3632,564502,238,0.2334,-1.0547,0.1587,-15.1145,3.8931,21.9237
302485.3632,564512,238,0.1440,-1.0762,0.1050,3.9084,25.5573,14.7481
302485.3632,564522,238,0.0725,-1.0872,0.0400,33.2366,39.6947,5.1756
302485.3632,564532,238,0.0203,-1.0068,0.0100,66.7023,46.9008,-1.4504
302485.3632,564542,238,0.0444,-0.9216,0.0300,89.7405,46.2901,-3.6641
302485.4830,564552,239,0.1167,-0.5620,0.5291,69.5573,38.6718,2.5191
302485.4830,564562,239,0.4602,-0.4385,0.6392,-19.4351,50.6260,7.9847
302485.4830,564572,239,0.3943,-0.9695,0.2163,-50.8244,99.5267,-18.0916
302485.4830,564582,239,0.0132,-0.6929,0.3623,6.1221,123.6641,-26.8244
302485.4830,564592,239,-0.2126,-0.8040,0.3735,-39.9847,77.2824,-2.2137
302485.4830,564602,239,0.1409,-1.0117,0.3438,-82.8244,11.7099,7.1908
302485.4830,564612,239,0.2510,-1.1892,0.3091,-89.2977,-2.7786,11.4656
302485.4830,564622,239,0.3455,-1.2051,0.3411,-73.1756,1.3893,21.0992
302485.4830,564632,239,0.3721,-1.2144,0.2168,-61.3282,19.6947,36.4733
302485.4830,564642,239,0.2129,-1.1487,0.0691,-46.7328,46.7939,53.9389
302485.6123,564652,240,0.1865,-1.0891,0.1272,-18.5954,48.0916,42.9924
302485.6123,564662,240,0.2126,-1.0886,-0.0027,0.0000,32.0305,10.8855
302485.6123,564672,240,-0.0544,-0.9714,-0.0762,6.3359,42.5649,12.3969
302485.6123,564682,240,-0.0493,-0.8774,0.0229,8.1679,30.7176,16.5649
302485.6123,564692,240,0.0476,-0.8279,0.0601,-4.5191,8.9008,12.5802
302485.6123,564702,240,0.1179,-0.8276,0.1338,-18.3664,2.1679,15.2824
302485.6123,564712,240,0.2627,-0.8843,0.2036,-32.8244,1.5725,21.8168
302485.6123,564722,240,0.2388,-0.9385,0.1516,-39.2672,10.2290,33.2519
302485.6123,564732,240,0.0579,-0.9729,0.0320,-34.3664,19.9847,38.9618
302485.6123,564742,240,0.0212,-0.8948,-0.0291,-24.7786,16.4885,40.9924
302485.7210,564752,241,0.0630,-0.8535,-0.0469,-23.6336,9.4198,37.9542
302485.7210,564762,241,0.0737,-0.8828,-0.0742,-30.7023,6.4580,31.3740
302485.7210,564772,241,0.1223,-0.8792,-0.0569,-38.2443,3.5878,26.5191
302485.7210,564782,241,0.1887,-0.9302,-0.0554,-50.5038,3.2519,21.4351
302485.7210,564792,241,0.2297,-1.0498,-0.0649,-64.6260,10.7786,20.7176
302485.7210,564802,241,0.1538,-1.1873,-0.1667,-70.2290,24.4275,26.0458
302485.7210,564812,241,0.1199,-1.2861,-0.1616,-53.6031,35.9389,21.0687
302485.7210,564822,241,0.1096,-1.3708,-0.2046,-31.1450,43.8779,21.8931
302485.7210,564832,241,0.1113,-1.2866,-0.1304,5.1603,58.9313,22.9466
302485.7210,564842,241,0.1145,-1.2021,-0.0532,32.0153,71.9237,25.2061
302485.7832,564852,242,0.1067,-1.1448,-0.0569,50.0305,87.8626,28.0763
302485.7832,564862,242,0.1204,-1.0227,0.0913,80.0763,105.3740,26.0305
302485.7832,564872,242,0.0427,-0.9478,0.1472,88.3817,122.8855,28.9160
302485.7832,564882,242,0.0083,-0.9651,0.1426,84.0153,129.9542,23.2977
302485.7832,564892,242,0.0615,-0.9514,0.1804,86.6870,129.5115,10.0458
302485.7832,564902,242,0.0918,-0.9863,0.1519,80.4733,130.2595,2.5344
302485.7832,564912,242,0.0527,-1.1030,0.1223,69.3740,129.2824,-3.8321
302485.7832,564922,242,0.0706,-1.2336,0.0691,74.7328,121.6489,-7.5115
302485.7832,564932,242,0.0046,-1.2231,0.0015,93.2214,116.5649,-6.7176
302485.7832,564942,242,-0.0552,-1.0935,-0.0249,105.9847,93.3130,1.4962
302485.9016,564952,243,0.0237,-0.9380,0.0786,99.1756,63.5267,13.6489
302485.9016,564962,243,0.0879,-0.8203,0.0886,70.4275,47.9847,24.3511
302485.9016,564972,243,0.0344,-0.8311,0.0635,39.3740,46.8550,24.3053
302485.9016,564982,243,0.0803,-0.9126,0.0959,24.8092,40.7786,20.2137
302485.9016,564992,243,0.1284,-0.9426,0.1133,27.7252,39.8473,13.2214
302485.9016,565002,243,0.1018,-0.9282,0.1179,36.7939,43.7405,2.9924
302485.9016,565012,243,0.0442,-0.9321,0.0879,43.3282,43.9389,-8.4275
302485.9016,565022,243,0.0244,-0.9666,0.0984,41.6336,34.5038,-17.9542
302485.9016,565032,243,0.0291,-0.9282,0.1292,34.4733,19.9695,-23.0992
302485.9016,565042,243,0.0093,-0.9165,0.1484,16.0458,2.6107,-25.9542
302485.9628,565052,244,0.0027,-0.9780,0.1211,-9.0687,-9.8931,-27.2672
302485.9628,565062,244,-0.0200,-1.0183,0.1013,-21.6183,-12.8244,-25.5878
302485.9628,565072,244,0.0540,-1.0559,0.1316,-21.1908,-17.0687,-25.7099
302485.9628,565082,244,0.1619,-1.0525,0.1909,-13.9542,-20.0916,-28.7786
302485.9628,565092,244,0.1841,-1.1182,0.1475,-6.2901,-15.0229,-35.1603
302485.9628,565102,244,0.1729,-1.1243,0.1553,11.8015,-6.0763,-46.2290
302485.9628,565112,244,0.1333,-0.9180,0.1758,41.3282,-4.0916,-56.5191
302485.9628,565122,244,0.0972,-0.8965,0.1724,31.4809,-8.1832,-54.0153
302485.9628,565132,244,0.0718,-0.8630,0.2073,18.6718,-13.0382,-46.3969
302485.9628,565142,244,0.1108,-0.8940,0.2344,5.7099,-22.7328,-38.1069
302486.0832,565152,245,0.1665,-0.9836,0.2524,-7.0992,-28.6412,-30.5649
302486.0832,565162,245,0.1829,-1.0544,0.2522,-8.7786,-29.0992,-26.3053
302486.0832,565172,245,0.1819,-1.1223,0.2644,0.6718,-23.5573,-27.5267
302486.0832,565182,245,0.1846,-1.1560,0.2507,13.7252,-18.9618,-28.1832
302486.0832,565192,245,0.1416,-1.1101,0.2405,27.0076,-16.9771,-27.2519
302486.0832,565202,245,0.1187,-1.0352,0.2419,34.7786,-19.7557,-27.2519
302486.0832,565212,245,0.1328,-0.9956,0.2390,35.0229,-23.5878,-27.4809
302486.0832,565222,245,0.1750,-0.9727,0.2231,31.4656,-27.8626,-26.4885
302486.0832,565232,245,0.2200,-1.0176,0.2136,26.1832,-27.5115,-24.9924
302486.0832,565242,245,0.2520,-1.0085,0.2283,25.1756,-24.7176,-25.2977
302486.2033,565252,246,0.2720,-1.0171,0.2341,24.2901,-22.9618,-28.3817
302486.2033,565262,246,0.2383,-1.0637,0.2244,21.9695,-17.9695,-32.2901
302486.2033,565272,246,0.1851,-1.0818,0.2129,23.1908,-15.0076,-35.8779
302486.2033,565282,246,0.0984,-1.0354,0.2371,28.2748,-14.5802,-38.5496
302486.2033,565292,246,0.1001,-1.0432,0.2349,29.3282,-20.9160,-40.6260
302486.2033,565302,246,0.1235,-1.0730,0.2527,29.1298,-32.0305,-40.7023
302486.2033,565312,246,0.1812,-1.1299,0.2505,30.4885,-44.8550,-39.9237
302486.2033,565322,246,0.2197,-1.1897,0.2727,34.9008,-55.1298,-37.5115
302486.2033,565332,246,0.3108,-1.2778,0.2859,43.2824,-63.3130,-34.9771
302486.2033,565342,246,0.4282,-1.2993,0.2952,58.3511,-71.2824,-29.8626
302486.2630,565352,247,0.4534,-1.2134,0.3403,74.6565,-69.2061,-26.4122
302486.2630,565362,247,0.4302,-1.1069,0.3174,81.6489,-58.6718,-22.1221
302486.2630,565372,247,0.3345,-1.0588,0.2654,80.0458,-42.3053,-16.2137
302486.2630,565382,247,0.2893,-1.0242,0.2568,77.0992,-33.0992,-15.2214
302486.2630,565392,247,0.2551,-0.9478,0.2668,76.3664,-31.8321,-15.8321
302486.2630,565402,247,0.2134,-0.8916,0.2791,73.5115,-35.1450,-22.2443
302486.2630,565412,247,0.1807,-0.8740,0.2727,67.3282,-39.8626,-30.2595
302486.2630,565422,247,0.2500,-0.9297,0.2764,62.8244,-49.3893,-36.6718
302486.2630,565432,247,0.3538,-0.9517,0.2969,65.1145,-59.5267,-40.8855
302486.2630,565442,247,0.5056,-1.0398,0.3584,70.3206,-64.9313,-40.6870
302486.3838,565452,248,0.6030,-1.0396,0.4062,79.4198,-63.8473,-30.3817
302486.3838,565462,248,0.5950,-0.9993,0.4395,84.9313,-46.4733,-18.1679
302486.3838,565472,248,0.5481,-0.9543,0.4402,83.2214,-28.1985,-7.7099
302486.3838,565482,248,0.4675,-0.9043,0.4248,78.8702,-14.7634,-1.4504
302486.3838,565492,248,0.3921,-0.8860,0.3987,73.5725,-10.2290,-0.0611
302486.3838,565502,248,0.3540,-0.8530,0.3940,68.6870,-13.1908,1.0687
302486.3838,565512,248,0.3611,-0.8345,0.3992,61.5725,-18.3359,2.6107
302486.3838,565522,248,0.3904,-0.8625,0.4089,52.4427,-24.1832,5.0229
302486.3838,565532,248,0.4509,-0.8975,0.4368,46.4733,-28.2290,6.7786
302486.3838,565542,248,0.5127,-0.9089,0.4631,45.1908,-28.0305,8.1374
302486.5029,565552,249,0.5149,-0.9224,0.4668,44.6260,-20.9160,9.1145
302486.5029,565562,249,0.4971,-0.9077,0.4795,45.9542,-14.0153,8.5954
302486.5029,565572,249,0.7720,-1.1506,0.9226,43.0076,-9.4351,9.2824
302486.5029,565582,249,0.5315,-1.2468,0.1475,-8.6260,8.0916,67.0229
302486.5029,565592,249,0.0149,-0.7776,0.6179,54.0916,54.2748,23.4656
302486.5029,565602,249,0.2632,-0.7644,0.3950,47.1756,17.3435,20.3969
302486.5029,565612,249,0.4031,-0.7397,0.5293,42.8702,12.7023,12.3206
302486.5029,565622,249,0.2659,-0.6643,0.5806,35.7099,24.3664,6.3053
302486.5029,565632,249,0.2622,-0.6438,0.5669,25.6947,17.4504,1.0076
302486.5029,565642,249,0.3164,-0.7332,0.5483,16.4733,11.2824,-7.1756
302486.5620,565652,250,0.3818,-0.8704,0.5352,13.1145,8.2901,-10.9924
302486.5620,565662,250,0.3982,-0.8989,0.5281,19.5878,6.8092,-10.6565
302486.5620,565672,250,0.3525,-0.8582,0.5161,24.5038,3.3435,-9.6489
302486.5620,565682,250,0.4255,-0.9556,0.5398,25.2672,-9.5267,-9.5878
302486.5620,565692,250,0.4062,-0.9099,0.5474,32.3664,-6.9466,-4.5344
302486.5620,565702,250,0.2434,-0.9150,0.4617,15.1603,-13.2519,1.2519
302486.5620,565712,250,0.3501,-0.8989,0.5498,15.7710,-44.0000,-1.0687
302486.5620,565722,250,0.4771,-0.8040,0.6001,43.1756,-60.5954,-2.2290
302486.5620,565732,250,0.4651,-0.7590,0.6514,62.4885,-60.6718,-9.0534
302486.5620,565742,250,0.5303,-0.7476,0.7317,78.7634,-63.9389,-15.9237
302486.6836,565752,251,0.9363,-0.5918,1.1167,92.2595,-67.1298,-15.9237
302486.6836,565762,251,0.7139,-0.7864,0.7605,76.3511,-62.2290,19.4504
302486.6836,565772,251,0.5708,-0.5588,0.9067,97.0076,-25.9237,3.9695
302486.6836,565782,251,0.5686,-0.5518,0.8416,101.0992,4.1069,-16.0153
302486.6836,565792,251,0.5356,-0.6338,0.7883,114.3511,23.0687,-28.5038
302486.6836,565802,251,0.5305,-0.6416,0.7649,149.9237,33.2824,-40.0305
302486.6836,565812,251,0.5110,-0.5356,0.8223,185.0076,44.6260,-49.0382
302486.6836,565822,251,0.5005,-0.4509,0.8350,198.4122,58.7176,-44.7176
302486.6836,565832,251,0.4395,-0.4185,0.7971,197.2977,78.6565,-33.9847
302486.6836,565842,251,0.3643,-0.4702,0.7300,194.7023,99.2519,-32.5496
302486.9242,565852,252,0.2783,-0.5657,0.6824,202.7786,116.3817,-33.2519
302486.9242,565862,252,0.2493,-0.5618,0.6277,221.7710,130.6412,-34.4733
302486.9242,565872,252,0.0859,-0.4836,0.5552,233.1145,148.0763,-27.5115
302486.9242,565882,252,-0.0811,-0.4639,0.4939,225.0687,148.0458,-15.9847
302486.9242,565892,252,-0.1145,-0.4832,0.4934,214.2443,121.8779,-4.1985
302486.9242,565902,252,-0.0735,-0.4858,0.5554,212.5038,93.8473,6.4122
302486.9242,565912,252,-0.0496,-0.4309,0.6340,213.8321,73.5573,17.4962
302486.9242,565922,252,0.0215,-0.4180,0.7090,204.6412,54.0458,25.4504
302486.9242,565932,252,0.0520,-0.4712,0.7834,188.6870,42.8550,29.6183
302486.9242,565942,252,0.1086,-0.5535,0.8667,173.4351,32.6107,34.1832
302486.9250,565952,253,0.1189,-0.5488,0.9080,169.1298,22.8855,41.4198
302486.9250,565962,253,0.0906,-0.4966,0.9314,167.8015,14.7786,46.0000
302486.9250,565972,253,0.1018,-0.4736,0.9075,159.8321,7.9084,53.3282
302486.9250,565982,253,0.0869,-0.4346,0.8872,153.8015,6.1679,60.8702
302486.9250,565992,253,0.0750,-0.3826,0.8657,148.7023,3.1908,66.1679
302486.9250,566002,253,0.0718,-0.3123,0.8552,141.6336,-0.8550,68.3969
302486.9250,566012,253,0.0945,-0.2644,0.8674,133.3588,-2.9160,66.5038
302486.9250,566022,253,0.0945,-0.2061,0.8577,127.4046,0.0458,60.3053
302486.9250,566032,253,0.1042,-0.1594,0.8091,117.5115,0.4275,53.8321
302486.9250,566042,253,0.1123,-0.1758,0.7690,99.3588,-1.5878,48.0305
302486.9821,566052,254,0.1597,-0.2727,0.7737,80.8702,-5.2977,44.2443
302486.9821,566062,254,0.4324,-0.8237,1.2144,78.7786,-10.4122,39.5725
302486.9821,566072,254,0.4690,-0.5325,2.4529,152.6260,28.5954,32.4427
302486.9821,566082,254,-0.0237,0.1960,2.1611,126.3969,78.6565,25.1756
302486.9821,566092,254,-0.4993,-0.1040,1.3984,19.4656,62.7634,34.6870
302486.9821,566102,254,0.0081,-0.0393,0.8271,15.5573,6.9313,24.1527
302486.9821,566112,254,0.0679,-0.0828,0.7527,-7.9389,11.0229,32.8702
302486.9821,566122,254,0.3359,0.0967,1.0193,12.1069,11.0840,22.0000
302486.9821,566132,254,0.2705,0.1453,1.1641,15.5267,23.9084,7.2214
302486.9821,566142,254,0.1880,0.0552,1.1375,-0.4580,31.7405,0.4885
302487.1052,566152,255,0.1633,0.0532,1.1648,-1.1298,24.9313,-0.4885
302487.1052,566162,255,0.1553,0.0750,1.1316,0.1679,18.5038,1.6183
302487.1052,566172,255,0.1252,0.0735,1.0801,-3.5420,15.3893,3.8779
302487.1052,566182,255,0.1160,0.0247,1.0786,-5.2977,13.4656,1.5878
302487.1052,566192,255,0.1262,-0.0659,1.0605,-7.1450,12.9160,-1.2366
302487.1052,566202,255,0.1194,-0.0959,1.0366,-6.7176,11.4656,0.2595
302487.1052,566212,255,0.0969,-0.0488,1.0476,-1.2977,9.0687,2.8702
302487.1052,566222,255,0.0618,-0.0396,1.0608,1.4198,7.4809,3.3740
302487.1052,566232,255,0.0503,-0.0737,1.0396,3.0382,7.1603,1.8626
302487.1052,566242,255,0.0549,-0.0801,1.0427,5.0076,6.9160,0.7939
302487.1631,566252,0,0.0720,-0.0547,1.0466,5.6947,5.0534,1.7252
302487.1631,566262,0,0.0940,-0.0139,1.0686,6.4122,3.0076,2.3817
302487.1631,566272,0,0.0947,0.0200,1.0808,5.6489,3.4351,1.3435
302487.1631,566282,0,0.0879,-0.0015,1.0581,0.7328,3.9084,0.5038
302487.1631,566292,0,0.0952,-0.0508,1.0435,-2.8397,3.6489,-1.0229
302487.1631,566302,0,0.0984,-0.0591,1.0457,-2.0763,3.1603,-1.2061
302487.1631,566312,0,0.0981,-0.0388,1.0610,0.2290,2.7481,-0.7023
302487.1631,566322,0,0.0840,-0.0415,1.0623,0.2290,1.8015,-0.0153
302487.1631,566332,0,0.0779,-0.0393,1.0452,0.4733,0.2137,0.0611
302487.1631,566342,0,0.0896,-0.0491,1.0481,0.6412,-0.5344,-0.7176
302487.2836,566352,1,0.0962,-0.0488,1.0637,0.7634,0.5344,-0.8855
302487.2836,566362,1,0.0754,-0.0366,1.0581,-0.5802,0.9008,0.3511
302487.2836,566372,1,0.0791,-0.0269,1.0439,-1.9847,0.0763,0.3511
302487.2836,566382,1,0.0806,-0.0347,1.0227,-3.2214,0.4580,-0.6870
302487.2836,566392,1,0.1008,-0.0549,1.0144,-3.0229,0.8855,-1.9542
302487.2836,566402,1,0.1111,-0.0540,1.0479,-1.2824,0.7786,-1.3435
302487.2836,566412,1,0.0898,-0.0259,1.0676,1.5573,1.0534,-0.3817
302487.2836,566422,1,0.0574,-0.0127,1.0574,1.6489,1.3588,-1.2061
302487.2836,566432,1,0.0630,-0.0417,1.0632,0.0611,0.7634,-2.8855
302487.2836,566442,1,0.0688,-0.0559,1.0603,-0.6718,0.9008,-3.4962
302487.4034,566452,2,0.0737,-0.0459,1.0601,-1.0076,0.5191,-2.9618
302487.4034,566462,2,0.0862,-0.0452,1.0496,-2.4122,-0.0153,-2.6107
302487.4034,566472,2,0.0969,-0.0447,1.0439,-3.6489,-0.2290,-2.1221
302487.4034,566482,2,0.1030,-0.0430,1.0408,-4.5802,-1.1756,-1.1756
302487.4034,566492,2,0.0950,-0.0505,1.0283,-5.8168,-1.3435,-0.5954
302487.4034,566502,2,0.1147,-0.0625,1.0337,-5.6641,-2.0916,-0.1374
302487.4034,566512,2,0.0938,-0.0481,1.0356,-3.5115,-1.9389,0.6870
302487.4034,566522,2,0.0857,-0.0393,1.0469,-2.4580,-2.2748,0.6718
302487.4034,566532,2,0.0708,-0.0288,1.0554,-2.7939,-2.5802,0.0000
302487.4034,566542,2,0.0662,-0.0369,1.0376,-4.3664,-3.1908,-0.7176
302487.4638,566552,3,0.0671,-0.0364,1.0510,-4.0000,-2.9771,-1.2519
302487.4638,566562,3,0.0715,-0.0339,1.0686,-3.4198,-3.0840,-1.1756
302487.4638,566572,3,0.0837,-0.0474,1.0576,-3.3282,-2.7634,-1.3893
302487.4638,566582,3,0.0906,-0.0740,1.0442,-2.8702,-2.6412,-0.7786
302487.4638,566592,3,0.0881,-0.0647,1.0439,-1.1298,-2.5191,0.1832
302487.4638,566602,3,0.0930,-0.0542,1.0325,-0.2290,-2.4885,-0.0305
302487.4638,566612,3,0.1035,-0.0732,1.0378,-1.0687,-1.5420,-0.7786
302487.4638,566622,3,0.1331,-0.0657,1.0361,0.0916,-2.0916,-0.5649
302487.4638,566632,3,0.1106,-0.0356,1.0483,2.8855,-1.9695,0.0153
302487.4638,566642,3,0.0740,-0.0400,1.0605,2.1374,-1.3130,-0.8550
302487.5837,566652,4,0.0732,-0.0615,1.0530,-0.6412,-2.9771,-2.1374
302487.5837,566662,4,0.0662,-0.0588,1.0469,-1.3435,-3.9542,-2.9466
302487.5837,566672,4,0.0681,-0.0525,1.0544,-0.5954,-4.5344,-3.3893
302487.5837,566682,4,0.0652,-0.0442,1.0547,-0.2748,-4.1985,-3.5267
302487.5837,566692,4,0.0652,-0.0388,1.0549,-0.8397,-3.6489,-3.4962
302487.5837,566702,4,0.0676,-0.0422,1.0576,-2.1985,-3.2824,-3.7099
302487.5837,566712,4,0.0842,-0.0552,1.0527,-3.8473,-3.4962,-3.3740
302487.5837,566722,4,0.0923,-0.0603,1.0464,-3.9237,-3.3130,-2.9924
302487.5837,566732,4,0.1096,-0.0686,1.0359,-3.2519,-3.6031,-2.6260
302487.5837,566742,4,0.1099,-0.0505,1.0491,-1.2519,-3.8321,-1.6947
302487.7030,566752,5,0.0996,-0.0432,1.0508,-1.0229,-3.6641,-1.0687
302487.7030,566762,5,0.1011,-0.0491,1.0457,-1.6336,-4.1832,-1.0076
302487.7030,566772,5,0.1050,-0.0554,1.0435,-1.4656,-4.7634,-1.2366
302487.7030,566782,5,0.1147,-0.0576,1.0381,-1.6336,-4.9160,-1.1450
302487.7030,566792,5,0.1458,-0.0427,1.0356,-0.6107,-6.3359,-0.6870
302487.7030,566802,5,0.1052,-0.0332,1.0466,0.3359,-5.0382,-0.3817
302487.7030,566812,5,0.0747,-0.0483,1.0381,-1.1756,-4.8244,-1.1908
302487.7030,566822,5,0.0615,-0.0681,1.0439,-1.3588,-5.4962,-2.0458
302487.7030,566832,5,0.0664,-0.0703,1.0476,0.0458,-6.0000,-2.4580
302487.7030,566842,5,0.0706,-0.0737,1.0527,0.8702,-5.3740,-2.5954
302487.7635,566852,6,0.0684,-0.0557,1.0471,2.4122,-4.8397,-2.3359
302487.7635,566862,6,0.0850,-0.0444,1.0452,2.5344,-4.9160,-2.3206
302487.7635,566872,6,0.1062,-0.0576,1.0391,1.0229,-4.3664,-2.7176
302487.7635,566882,6,0.1216,-0.0627,1.0342,0.1527,-3.6947,-3.0687
302487.7635,566892,6,0.1267,-0.0557,1.0322,-0.1679,-3.2824,-3.2214
302487.7635,566902,6,0.1267,-0.0498,1.0437,-0.3206,-2.9008,-3.4656
302487.7635,566912,6,0.1348,-0.0579,1.0352,-0.5191,-3.6794,-4.1069
302487.7635,566922,6,0.1348,-0.0898,1.0303,-0.0611,-4.7176,-4.7328
302487.7635,566932,6,0.1326,-0.0813,1.0334,3.6336,-7.2061,-5.3130
302487.7635,566942,6,0.1431,-0.0210,1.0649,6.4275,-10.9466,-5.6336
302487.9410,566952,7,0.1262,0.0078,1.1001,4.4275,-12.5038,-7.4046
302487.9410,566962,7,0.1389,0.0293,1.1440,-2.0916,-14.6565,-9.9695
302487.9410,566972,7,0.1272,-0.0320,1.1172,-14.4427,-16.9313,-12.7328
302487.9410,566982,7,0.1096,-0.0940,1.1064,-20.5496,-19.5573,-17.7099
302487.9410,566992,7,0.1367,-0.1704,1.0322,-22.7328,-25.2977,-19.9237
302487.9410,567002,7,0.2974,-0.1663,0.8027,-16.3664,-31.0076,-24.3206
302487.9410,567012,7,0.3315,-0.2893,0.9312,-16.8550,-24.4885,-37.2824
302487.9410,567022,7,0.2803,-0.3401,1.0183,-16.3053,-12.5496,-39.6336
302487.9410,567032,7,0.3110,-0.3452,1.0259,0.1832,-22.3969,-38.6260
302487.9410,567042,7,0.2754,-0.1733,1.1130,22.4427,-30.4275,-35.4046
302488.0020,567052,8,0.2520,-0.0750,1.1892,27.6489,-37.8015,-35.3282
302488.0020,567062,8,0.2795,-0.0684,1.2344,26.7786,-48.1221,-38.9924
302488.0020,567072,8,0.2881,-0.0769,1.2461,26.5496,-58.0611,-42.3664
302488.0020,567082,8,0.3474,-0.0271,1.2476,26.5954,-74.0611,-42.6412
302488.0020,567092,8,0.4438,-0.0063,1.1882,16.8397,-92.0458,-39.3282
302488.0020,567102,8,0.4746,-0.0552,1.0671,-1.7557,-102.3053,-33.4198
302488.0020,567112,8,0.5310,-0.1230,1.0586,-18.1985,-111.4962,-28.3969
302488.0020,567122,8,0.5928,-0.1482,1.0806,-27.6031,-123.4962,-25.0076
302488.0020,567132,8,0.6309,-0.0984,1.1096,-28.5344,-135.6183,-28.5802
302488.0020,567142,8,0.6631,-0.1089,1.0933,-34.8092,-144.6565,-29.8015
302488.0618,567152,9,0.7131,-0.1340,1.0364,-42.2595,-154.9466,-28.1221
302488.0618,567162,9,0.7747,-0.1604,1.0000,-41.7863,-165.0382,-32.2901
302488.0618,567172,9,0.8230,-0.1975,1.0186,-39.8015,-172.5496,-36.5802
302488.0618,567182,9,0.9321,-0.1963,1.0471,-43.0687,-175.9084,-39.2061
302488.0618,567192,9,1.0767,-0.0759,1.1499,-64.8855,-157.3130,-35.5573
302488.0618,567202,9,1.1965,-0.1326,1.1187,-116.9924,-105.7252,-24.3969
302488.0618,567212,9,1.1653,-0.5083,1.0752,-165.2061,-33.4962,-0.1679
302488.0618,567222,9,0.9043,-0.7949,1.1177,-137.0840,19.9389,21.6641
302488.0618,567232,9,0.9688,-0.4512,1.1182,-46.1679,11.8626,18.9160
302488.0618,567242,9,0.8777,-0.2563,1.1040,-13.5115,4.0763,24.0458
302488.1833,567252,10,0.7939,-0.1846,0.9927,-25.5420,0.0305,23.0840
302488.1833,567262,10,0.7222,-0.1931,0.8665,-48.8092,-1.8779,30.8550
302488.1833,567272,10,0.6487,-0.2207,0.7571,-64.9618,-7.8931,34.7481
302488.1833,567282,10,0.5869,-0.2102,0.6714,-68.5344,-20.8244,35.4351
302488.1833,567292,10,0.5593,-0.1570,0.6184,-65.6031,-39.1298,34.4733
302488.1833,567302,10,0.5513,-0.0732,0.5889,-62.9466,-56.7176,35.3588
302488.1833,567312,10,0.5244,-0.0205,0.5361,-63.1603,-69.7099,38.7634
302488.1833,567322,10,0.4714,-0.0349,0.5024,-61.6641,-76.5954,43.3588
302488.1833,567332,10,0.4875,-0.0356,0.5134,-53.1450,-87.6947,39.0840
302488.1833,567342,10,0.4932,-0.0154,0.5115,-46.8244,-97.9389,34.4580
302488.3028,567352,11,0.5100,-0.0879,0.5322,-54.8702,-101.7710,29.2977
302488.3028,567362,11,0.5220,-0.2056,0.5500,-70.2137,-98.4885,18.9618
302488.3028,567372,11,0.4641,-0.2561,0.5471,-77.7252,-92.4427,8.2137
302488.3028,567382,11,0.4253,-0.2805,0.5344,-79.0229,-93.4351,5.7710
302488.3028,567392,11,0.4653,-0.2859,0.5491,-78.4275,-106.1832,5.3893
302488.3028,567402,11,0.5017,-0.2759,0.5549,-78.2443,-121.0382,4.7176
302488.3028,567412,11,0.5491,-0.2771,0.5896,-83.2061,-133.5267,1.5573
302488.3028,567422,11,0.6392,-0.3040,0.6523,-96.8550,-145.4351,-1.9084
302488.3028,567432,11,0.7324,-0.3643,0.7246,-112.4885,-150.8244,0.9618
302488.3028,567442,11,0.7280,-0.4888,0.7480,-109.9847,-133.1450,11.4198
302488.3630,567452,12,0.7114,-0.5457,0.7578,-79.1603,-102.3206,10.9466
302488.3630,567462,12,0.6770,-0.4502,0.7444,-40.0000,-70.9313,1.7863
302488.3630,567472,12,0.6072,-0.3481,0.7312,-24.5344,-41.9542,-6.3053
302488.3630,567482,12,0.4773,-0.3135,0.6931,-34.8855,-24.8702,-7.2977
302488.3630,567492,12,0.3918,-0.3752,0.6704,-56.8550,-26.6870,-6.8397
302488.3630,567502,12,0.4053,-0.4961,0.7083,-74.8244,-49.8626,-3.7557
302488.3630,567512,12,0.4502,-0.5068,0.7688,-78.8550,-83.0840,7.5725
302488.3630,567522,12,0.4902,-0.4832,0.8130,-75.4046,-111.7863,16.9466
302488.3630,567532,12,0.4912,-0.4478,0.8398,-70.7634,-126.7634,18.3664
302488.3630,567542,12,0.5217,-0.4209,0.8701,-68.7176,-133.0076,11.8168
302488.4818,567552,13,0.5876,-0.4258,0.8777,-71.6641,-129.9237,4.5954
302488.4818,567562,13,0.6067,-0.4536,0.8823,-79.3588,-114.3359,-4.3053
302488.4818,567572,13,0.6143,-0.5171,0.8926,-89.4198,-94.7481,-11.7252
302488.4818,567582,13,0.6482,-0.6421,0.9316,-95.7252,-80.7023,-11.5725
302488.4818,567592,13,0.7209,-0.7327,0.9597,-92.9160,-75.8473,-3.0687
302488.4818,567602,13,0.6936,-0.7021,0.9695,-77.8779,-65.2214,10.9771
302488.4818,567612,13,0.6257,-0.6697,0.9614,-61.5115,-52.7023,19.1145
302488.4818,567622,13,0.5859,-0.5864,0.9905,-47.6336,-43.4351,20.6260
302488.4818,567632,13,0.5793,-0.5476,0.9685,-44.9771,-32.4275,16.0305
302488.4818,567642,13,0.5291,-0.5767,0.9299,-48.7176,-20.6107,11.9695
302488.6616,567652,14,0.5068,-0.6216,0.8904,-50.0000,-12.9313,4.8550
302488.6616,567662,14,0.5103,-0.7024,0.8579,-49.8473,-9.7863,2.1069
302488.6616,567672,14,0.5525,-0.8130,0.8320,-47.3282,-11.4351,7.4809
302488.6616,567682,14,0.5835,-0.8872,0.8113,-37.1603,-15.0687,15.5115
302488.6616,567692,14,0.5830,-0.8752,0.7961,-18.7176,-15.2061,19.3740
302488.6616,567702,14,0.5745,-0.8423,0.7988,-2.2595,-14.9924,20.9160
302488.6616,567712,14,0.6272,-0.8276,0.8120,8.7023,-16.5802,25.3130
302488.6616,567722,14,0.6797,-0.8003,0.8293,18.9008,-12.4885,32.7481
302488.6616,567732,14,0.7307,-0.7563,0.8618,36.2290,1.9389,31.5115
302488.6616,567742,14,0.7461,-0.7253,0.8499,55.8015,29.0076,20.4885
302488.6633,567752,15,0.7266,-0.7241,0.8201,63.6336,55.7863,12.1832
302488.6633,567762,15,0.6953,-0.7419,0.7842,64.9771,68.7176,11.2977
302488.6633,567772,15,0.7219,-0.7371,0.7998,64.2595,66.2748,18.8092
302488.6633,567782,15,0.7441,-0.7156,0.8120,61.8168,59.9389,35.4504
302488.6633,567792,15,0.7834,-0.6646,0.8264,60.1374,57.6336,53.6947
302488.6633,567802,15,0.8530,-0.6189,0.8740,56.5496,65.5878,66.8397
302488.6633,567812,15,0.8616,-0.5195,0.8899,43.4046,88.0611,76.8397
302488.6633,567822,15,0.8425,-0.5537,0.8608,17.3130,118.0458,83.9847
302488.6633,567832,15,0.8108,-0.5867,0.8496,3.8473,143.6489,93.2519
302488.6633,567842,15,0.7319,-0.5833,0.8069,6.7328,171.1908,110.4885
302488.7830,567852,16,0.6099,-0.5823,0.7109,13.8168,195.2977,121.4504
302488.7830,567862,16,0.4712,-0.5364,0.6707,17.2214,211.5115,121.6336
302488.7830,567872,16,0.3826,-0.4805,0.6770,7.9542,200.2748,128.5496
302488.7830,567882,16,0.4182,-0.5032,0.6824,-18.0305,162.5038,144.3206
302488.7830,567892,16,0.4944,-0.5444,0.6973,-42.0763,125.8015,154.2595
302488.7830,567902,16,0.5132,-0.5989,0.7141,-61.3893,97.9695,156.7023
302488.7830,567912,16,0.5049,-0.6794,0.6841,-81.7710,74.5802,159.8321
302488.7830,567922,16,0.4941,-0.7817,0.6694,-99.3282,57.2672,163.0687
302488.7830,567932,16,0.5525,-0.8784,0.6660,-110.3511,46.7481,165.3435
302488.7830,567942,16,0.5911,-0.9167,0.6731,-108.7634,46.5191,166.8702
302488.9029,567952,17,0.5952,-0.9336,0.6809,-104.0611,46.1679,165.5725
302488.9029,567962,17,0.5767,-0.9812,0.6338,-105.2672,49.6641,169.4198
302488.9029,567972,17,0.5503,-0.9529,0.6006,-103.3740,59.8015,173.1603
302488.9029,567982,17,0.4822,-0.9124,0.5574,-102.8092,63.7099,169.6794
302488.9029,567992,17,0.4067,-0.8384,0.5247,-106.2137,56.4427,164.8550
302488.9029,568002,17,0.3655,-0.8096,0.5010,-118.0305,36.8244,159.2672
302488.9029,568012,17,0.3494,-0.7983,0.4604,-131.8473,12.3817,151.7557
302488.9029,568022,17,0.3345,-0.7605,0.4775,-144.1679,-11.4809,140.9771
302488.9029,568032,17,0.3577,-0.8232,0.4790,-168.5496,-36.1679,134.3359
302488.9029,568042,17,0.4023,-0.9626,0.4116,-194.3817,-48.2443,137.8168
302489.0208,568052,18,0.3794,-1.0576,0.3630,-202.4427,-44.1985,142.4427
302489.0208,568062,18,0.3125,-1.0828,0.3538,-203.8321,-43.2977,149.7099
302489.0208,568072,18,0.2773,-1.0784,0.3350,-205.1145,-52.2748,160.8702
302489.0208,568082,18,0.2341,-1.0269,0.3250,-202.9008,-63.6031,172.8244
302489.0208,568092,18,0.1885,-0.9424,0.3032,-194.1527,-74.7939,180.4275
302489.0208,568102,18,0.1492,-0.8445,0.2805,-178.9771,-84.0000,181.9542
302489.0208,568112,18,0.1184,-0.7837,0.2693,-162.9160,-90.7023,177.4046
302489.0208,568122,18,0.1130,-0.7441,0.2891,-146.2901,-93.0534,173.0687
302489.0208,568132,18,0.1536,-0.7283,0.3542,-127.9847,-79.9389,171.9695
302489.0208,568142,18,0.1201,-0.7058,0.4055,-107.0992,-45.0840,171.7557
302489.0827,568152,19,0.0405,-0.6023,0.4521,-88.3817,-12.7023,168.5802
302489.0827,568162,19,-0.0054,-0.5559,0.4421,-88.4733,2.1985,163.2519
302489.0827,568172,19,-0.0378,-0.5688,0.3667,-98.3969,12.6107,155.4656
302489.0827,568182,19,-0.1201,-0.5791,0.2600,-100.2443,24.4122,145.5115
302489.0827,568192,19,-0.1968,-0.5620,0.1816,-90.5649,28.6870,134.2290
302489.0827,568202,19,-0.2258,-0.5579,0.1128,-75.1603,25.5573,120.6260
302489.0827,568212,19,-0.2573,-0.5337,0.0769,-57.4351,22.5954,106.2595
302489.0827,568222,19,-0.2908,-0.5037,0.0613,-43.6489,20.3053,92.8244
302489.0827,568232,19,-0.3167,-0.5044,0.0378,-39.2061,17.6641,79.6641
302489.0827,568242,19,-0.3428,-0.5112,0.0190,-38.8397,13.9084,68.2748
302489.2028,568252,20,-0.3474,-0.5090,0.0315,-38.7023,8.3359,59.4351
302489.2028,568262,20,-0.3303,-0.5227,0.0762,-39.7252,3.7710,54.2748
302489.2028,568272,20,-0.3103,-0.5034,0.1277,-39.4962,5.1298,52.9160
302489.2028,568282,20,-0.3191,-0.4397,0.1670,-39.1145,10.3511,53.2519
302489.2028,568292,20,-0.3162,-0.3818,0.1860,-41.9084,12.8855,52.6260
302489.2028,568302,20,-0.3123,-0.3252,0.1941,-45.3893,15.2366,48.9924
302489.2028,568312,20,-0.3181,-0.2900,0.1951,-47.5267,19.1603,42.2443
302489.2028,568322,20,-0.3181,-0.2761,0.1938,-46.4733,23.2366,31.2672
302489.2028,568332,20,-0.2900,-0.2947,0.1978,-41.0382,32.5344,16.9160
302489.2028,568342,20,-0.2700,-0.4036,0.1135,-30.0611,54.5802,-3.8168
302489.2626,568352,21,-0.3066,-0.5608,-0.0442,-6.0916,86.4122,-35.7099
302489.2626,568362,21,-0.3503,-0.7302,-0.1995,29.2824,113.4198,-74.5802
302489.2626,568372,21,-0.3333,-0.8909,-0.2991,62.9771,131.8626,-110.9008
302489.2626,568382,21,-0.2957,-1.1169,-0.4106,77.9389,149.4351,-130.5038
302489.2626,568392,21,-0.3079,-1.3333,-0.5244,73.8931,165.8168,-126.2748
302489.2626,568402,21,-0.3411,-1.4670,-0.6155,60.6412,169.0076,-102.2595
302489.2626,568412,21,-0.3958,-1.4587,-0.6387,44.8550,149.9237,-67.0076
302489.2626,568422,21,-0.4426,-1.3809,-0.6113,22.1221,112.4733,-31.2366
302489.2626,568432,21,-0.4397,-1.2917,-0.5449,-6.1221,68.3664,-3.3893
302489.2626,568442,21,-0.4360,-1.2043,-0.4746,-30.8855,33.0687,13.9695
302489.3824,568452,22,-0.4375,-1.1660,-0.4106,-45.3130,10.4122,22.9924
302489.3824,568462,22,-0.4465,-1.1125,-0.3452,-43.0840,-4.1069,24.3206
302489.3824,568472,22,-0.4429,-1.0559,-0.2463,-28.6412,-15.3893,19.9847
302489.3824,568482,22,-0.3977,-1.0164,-0.1353,-8.6718,-20.9771,12.2595
302489.3824,568492,22,-0.3811,-0.9517,-0.0334,14.7939,-16.0611,4.1985
302489.3824,568502,22,-0.3757,-0.8816,0.0393,33.6489,-8.1221,-2.1221
302489.3824,568512,22,-0.3843,-0.8135,0.0752,44.7786,0.9924,-7.4962
302489.3824,568522,22,-0.3933,-0.7930,0.0742,47.9847,8.1679,-13.0992
302489.3824,568532,22,-0.4082,-0.7881,0.0518,47.3588,11.8473,-18.5191
302489.3824,568542,22,-0.4221,-0.7815,0.0359,45.6794,11.9542,-23.1908
302489.5019,568552,23,-0.4209,-0.8091,-0.0022,42.2290,8.6412,-28.1374
302489.5019,568562,23,-0.4270,-0.8372,-0.0288,40.5802,5.6489,-34.6870
302489.5019,568572,23,-0.4187,-0.8718,-0.0471,40.2595,2.1221,-41.3130
302489.5019,568582,23,-0.4001,-0.9438,-0.0708,40.4580,-0.6565,-47.7557
302489.5019,568592,23,-0.3835,-1.0117,-0.0850,44.8550,-0.5496,-54.5191
302489.5019,568602,23,-0.3799,-1.0627,-0.0991,52.4885,-0.4580,-59.4809
302489.5019,568612,23,-0.3613,-1.1221,-0.1145,59.1908,-2.7634,-59.8779
302489.5019,568622,23,-0.3389,-1.1860,-0.1270,64.0458,-6.0611,-56.9313
302489.5019,568632,23,-0.3328,-1.2244,-0.1262,68.5802,-9.8168,-51.7405
302489.5019,568642,23,-0.3372,-1.2207,-0.1279,72.5802,-15.0076,-44.4733
302489.5628,568652,24,-0.3455,-1.1782,-0.1121,75.9695,-21.8321,-36.3511
302489.5628,568662,24,-0.3501,-1.1221,-0.0874,78.6107,-30.3359,-29.5115
302489.5628,568672,24,-0.3374,-1.0471,-0.0479,80.0611,-38.8244,-25.0687
302489.5628,568682,24,-0.3240,-0.9868,-0.0090,78.8092,-44.0611,-23.0687
302489.5628,568692,24,-0.3154,-0.9480,0.0344,78.3359,-45.9542,-23.3740
302489.5628,568702,24,-0.2649,-0.9241,0.1057,82.2443,-44.1527,-26.8092
302489.5628,568712,24,-0.2205,-0.9185,0.1616,90.2137,-32.9924,-32.3969
302489.5628,568722,24,-0.2148,-0.9165,0.2053,101.7405,-18.9771,-39.9237
302489.5628,568732,24,-0.2126,-0.9329,0.2129,112.4275,-11.3435,-48.6412
302489.5628,568742,24,-0.2131,-0.9482,0.2180,121.9084,-9.6183,-55.8931
302489.6831,568752,25,-0.2136,-0.9475,0.2173,127.1298,-11.7099,-57.8626
302489.6831,568762,25,-0.2178,-0.9358,0.2141,126.0000,-16.1985,-54.7328
302489.6831,568772,25,-0.2083,-0.9150,0.2397,119.5267,-22.9313,-49.0840
302489.6831,568782,25,-0.1826,-0.9121,0.2510,107.7252,-30.5496,-43.1756
302489.6831,568792,25,-0.1680,-0.9187,0.2712,94.3511,-37.6031,-37.8473
302489.6831,568802,25,-0.1311,-0.9434,0.2859,81.9847,-42.4427,-33.3740
302489.6831,568812,25,-0.1140,-0.9736,0.2927,72.3664,-40.1679,-29.5267
302489.6831,568822,25,-0.1211,-0.9924,0.2871,65.8168,-36.1679,-26.8550
302489.6831,568832,25,-0.1106,-1.0159,0.2993,58.8550,-37.1450,-24.9008
302489.6831,568842,25,-0.0840,-1.0520,0.3159,50.3511,-40.4885,-22.2901
302489.8632,568852,26,-0.0776,-1.0854,0.3215,42.1832,-42.8855,-17.8015
302489.8632,568862,26,-0.0740,-1.0764,0.3372,36.1069,-45.5115,-10.7786
302489.8632,568872,26,-0.0701,-1.0784,0.3538,29.0382,-49.3282,-2.9160
302489.8632,568882,26,-0.0669,-1.0781,0.3579,21.6183,-53.5115,4.1679
302489.8632,568892,26,-0.0806,-1.0627,0.3696,15.7099,-57.9084,10.5038
302489.8632,568902,26,-0.0833,-1.0325,0.3857,11.0687,-61.7405,15.6183
302489.8632,568912,26,-0.0488,-1.0374,0.4297,6.6718,-61.5573,18.8855
302489.8632,568922,26,-0.0286,-1.0635,0.4629,6.0763,-51.9542,21.2977
302489.8632,568932,26,-0.0332,-1.0706,0.4966,13.0840,-37.7863,22.6260
302489.8632,568942,26,-0.0193,-1.0569,0.5359,20.1374,-27.5878,22.8397
302489.8668,568952,27,-0.0247,-1.1096,0.5381,19.1450,-18.7939,24.0305
302489.8668,568962,27,-0.0271,-1.1724,0.5217,17.7863,-16.3664,27.6489
302489.8668,568972,27,-0.0361,-1.1807,0.5183,20.1069,-19.3893,33.0534
302489.8668,568982,27,-0.0557,-1.1570,0.5208,22.3664,-23.1603,40.1069
302489.8668,568992,27,-0.0518,-1.1689,0.5127,21.6794,-26.2137,46.0458
302489.8668,569002,27,-0.0342,-1.2009,0.5149,20.9313,-23.8473,48.0611
302489.8668,569012,27,-0.0386,-1.2134,0.5049,21.1603,-13.1450,52.8244
302489.8668,569022,27,-0.0715,-1.2048,0.4744,22.0916,-3.2824,60.3664
302489.8668,569032,27,-0.1113,-1.1433,0.4648,24.7786,-1.3893,68.2137
302489.8668,569042,27,-0.1018,-1.0498,0.4993,23.8321,-3.8473,76.3817
302490.0414,569052,28,-0.1357,-0.9775,0.5034,13.5573,-1.6031,85.4962
302490.0414,569062,28,-0.1948,-0.9041,0.4519,0.9618,0.0458,95.2366
302490.0414,569072,28,-0.2839,-0.8333,0.3545,-8.5496,0.3969,101.5573
302490.0414,569082,28,-0.3635,-0.7529,0.2878,-15.2824,-2.3817,104.1527
302490.0414,569092,28,-0.4045,-0.7058,0.2366,-21.2519,-14.2137,105.2824
302490.0414,569102,28,-0.4253,-0.6545,0.2085,-25.4962,-30.3053,104.2443
302490.0414,569112,28,-0.4265,-0.6108,0.2014,-26.5496,-45.5115,98.7939
302490.0414,569122,28,-0.4290,-0.5593,0.2031,-23.1145,-58.5496,89.6947
302490.0414,569132,28,-0.4336,-0.5095,0.2087,-16.7176,-70.1832,78.4122
302490.0414,569142,28,-0.4277,-0.4666,0.2131,-7.9847,-80.3053,66.3969
302490.1029,569152,29,-0.4382,-0.4033,0.2302,3.0687,-89.9084,54.6107
302490.1029,569162,29,-0.3950,-0.3516,0.2600,18.5344,-98.6870,46.9160
302490.1029,569172,29,-0.3408,-0.2542,0.3457,46.0611,-94.3817,42.4580
302490.1029,569182,29,-0.3137,-0.1824,0.4148,74.8550,-73.5267,34.5191
302490.1029,569192,29,-0.3306,-0.1499,0.4182,93.3282,-44.7481,20.7023
302490.1029,569202,29,-0.3562,-0.2019,0.3708,100.3053,-22.9466,8.7481
302490.1029,569212,29,-0.3115,-0.2866,0.3538,92.7328,-19.8015,-3.2672
302490.1029,569222,29,-0.2368,-0.4248,0.3660,71.9695,-16.8702,-20.5954
302490.1029,569232,29,-0.2551,-0.6418,0.3821,53.8626,-8.3969,-45.8931
302490.1029,569242,29,-0.2388,-0.8503,0.4434,45.2824,-17.4198,-63.4046
302490.1619,569252,30,-0.1455,-1.0073,0.5183,41.5725,-38.7939,-67.0534
302490.1619,569262,30,-0.1174,-1.0693,0.5972,41.4504,-56.6718,-64.1985
302490.1619,569272,30,-0.0527,-1.0366,0.6765,42.3969,-71.6031,-53.8626
302490.1619,569282,30,0.0127,-0.9558,0.7783,32.7939,-74.1527,-38.9924
302490.1619,569292,30,0.0405,-0.8677,0.8459,12.4885,-60.7176,-23.7710
302490.1619,569302,30,0.0256,-0.8547,0.8286,-13.7405,-38.4275,-11.7099
302490.1619,569312,30,-0.0254,-0.9219,0.7603,-35.8015,-16.6260,-6.2443
302490.1619,569322,30,-0.0613,-0.9924,0.7109,-46.3206,-3.2519,-4.1985
302490.1619,569332,30,-0.0835,-1.0447,0.6797,-47.7863,0.0763,-1.7863
302490.1619,569342,30,-0.0918,-1.0569,0.6897,-45.9389,-2.3206,2.0305
302490.2832,569352,31,-0.1064,-1.0554,0.6958,-45.5267,-4.8092,8.0305
302490.2832,569362,31,-0.1482,-1.0193,0.6846,-46.3053,-5.9695,15.9695
302490.2832,569372,31,-0.1780,-0.9644,0.6724,-46.7634,-7.9542,23.0076
302490.2832,569382,31,-0.1848,-0.9316,0.6758,-46.9618,-8.8092,25.7863
302490.2832,569392,31,-0.1777,-0.9456,0.6638,-47.7557,-5.2214,24.8702
302490.2832,569402,31,-0.1809,-0.9844,0.6458,-46.6107,1.9084,21.8779
302490.2832,569412,31,-0.1631,-1.0488,0.6624,-43.8015,7.1603,19.0992
302490.2832,569422,31,-0.1414,-1.1064,0.6934,-40.3511,9.5878,20.4275
302490.2832,569432,31,-0.1018,-1.1267,0.7292,-35.1603,12.9313,25.8779
302490.2832,569442,31,-0.0959,-1.1096,0.7668,-29.3588,18.4275,32.7328
302490.4614,569452,32,-0.0874,-1.0576,0.7930,-28.0458,21.3740,42.0763
302490.4614,569462,32,-0.0825,-0.9895,0.8123,-32.3206,24.2137,52.2137
302490.4614,569472,32,-0.0322,-0.9263,0.8474,-39.1908,33.9695,60.5496
302490.4614,569482,32,-0.0469,-0.8708,0.8499,-45.1145,60.1985,66.0458
302490.4614,569492,32,-0.1326,-0.8003,0.7742,-46.1985,85.2824,66.7939
302490.4614,569502,32,-0.2019,-0.7249,0.6726,-41.7710,94.7328,64.7786
302490.4614,569512,32,-0.2434,-0.5320,0.6089,-30.3359,92.3817,64.4885
302490.4614,569522,32,-0.2910,-0.2302,0.5742,-8.4275,83.5115,66.5038
302490.4614,569532,32,-0.3276,0.0962,0.5518,26.0153,75.3282,53.8931
302490.4614,569542,32,-0.3225,0.3633,0.5549,60.3969,73.5267,25.0229
302490.4631,569552,33,-0.3765,0.6423,0.5735,82.2595,75.3893,-5.0229
302490.4631,569562,33,-0.4304,0.6892,0.4387,76.0458,76.3511,-37.5725
302490.4631,569572,33,-0.4404,0.4058,0.2639,54.4733,91.0687,-94.3969
302490.4631,569582,33,-0.3667,-0.0608,0.1682,32.3969,118.8397,-162.5038
302490.4631,569592,33,-0.2761,-0.7485,0.0691,5.1298,134.4885,-205.3588
302490.4631,569602,33,-0.2461,-1.3660,-0.0425,-14.3511,116.6260,-211.5725
302490.4631,569612,33,-0.1655,-1.7141,-0.0251,-13.9084,78.1527,-189.0992
302490.4631,569622,33,-0.0938,-1.8396,0.0938,-8.3053,42.2443,-149.1908
302490.4631,569632,33,-0.0352,-1.8440,0.2148,-8.2290,18.7634,-102.3053
302490.4631,569642,33,-0.0159,-1.7727,0.2954,-8.2595,16.1527,-61.4962
302490.5828,569652,34,-0.0659,-1.6670,0.3235,-4.5344,29.5267,-36.8244
302490.5828,569662,34,-0.1057,-1.5986,0.3298,-5.6183,42.0305,-26.1374
302490.5828,569672,34,-0.1389,-1.5417,0.3535,-12.3206,49.4962,-17.1145
302490.5828,569682,34,-0.1523,-1.5105,0.4043,-19.9389,50.2748,-3.1603
302490.5828,569692,34,-0.1589,-1.4746,0.4536,-24.0458,45.7099,13.7557
302490.5828,569702,34,-0.1729,-1.4058,0.4902,-25.8168,40.8244,29.7099
302490.5828,569712,34,-0.2051,-1.3213,0.5037,-25.0076,38.0000,42.2748
302490.5828,569722,34,-0.2478,-1.2222,0.5032,-20.4275,36.1832,50.9466
302490.5828,569732,34,-0.2534,-1.0950,0.5295,-13.6794,34.9924,56.5649
302490.5828,569742,34,-0.1899,-0.9973,0.5991,-10.6107,41.1450,59.9695
302490.7035,569752,35,-0.1880,-0.9224,0.6094,-10.3817,64.4885,63.1756
302490.7035,569762,35,-0.2568,-0.8616,0.5381,-7.8779,88.8702,63.2214
302490.7035,569772,35,-0.3193,-0.8274,0.4399,-5.0992,98.7023,57.4809
302490.7035,569782,35,-0.3499,-0.8525,0.3455,-5.6031,96.0305,49.8168
302490.7035,569792,35,-0.3540,-0.9172,0.2786,-9.0382,86.4580,43.6794
302490.7035,569802,35,-0.3557,-1.0161,0.2087,-12.3511,74.3817,41.8626
302490.7035,569812,35,-0.3655,-1.0916,0.1797,-10.5802,59.9847,45.4656
302490.7035,569822,35,-0.3704,-1.1448,0.1809,-7.7863,41.3282,51.9084
302490.7035,569832,35,-0.3745,-1.1301,0.2117,-7.0076,20.5038,62.5038
302490.7035,569842,35,-0.4050,-1.0542,0.2380,-11.5878,2.1221,74.9771
302490.7634,569852,36,-0.4192,-0.9702,0.2476,-21.3130,-9.9542,83.6031
302490.7634,569862,36,-0.4517,-0.8931,0.2385,-31.3588,-11.4504,87.6489
302490.7634,569872,36,-0.4590,-0.8413,0.2219,-38.0458,-6.8092,88.7023
302490.7634,569882,36,-0.4731,-0.8083,0.1995,-38.8855,1.9542,87.7557
302490.7634,569892,36,-0.5210,-0.7595,0.1360,-30.4275,10.7634,85.0687
302490.7634,569902,36,-0.5635,-0.6846,0.0623,-13.0687,13.6641,79.0992
302490.7634,569912,36,-0.6028,-0.5830,0.0176,6.5344,11.9084,70.6260
302490.7634,569922,36,-0.6228,-0.4717,-0.0120,21.5115,5.4656,61.0992
302490.7634,569932,36,-0.6382,-0.3884,-0.0278,30.1069,-3.0840,51.2977
302490.7634,569942,36,-0.6619,-0.3159,-0.0273,35.5725,-11.4656,39.0229
302490.8830,569952,37,-0.6902,-0.2620,-0.0073,37.9389,-21.0229,23.8931
302490.8830,569962,37,-0.6924,-0.2500,0.0161,37.2824,-33.8626,5.7863
302490.8830,569972,37,-0.6528,-0.2781,0.0703,34.1679,-47.8321,-14.7939
302490.8830,569982,37,-0.5713,-0.4353,0.1394,28.2595,-57.5420,-35.9389
302490.8830,569992,37,-0.4390,-0.6665,0.2454,22.8244,-59.8168,-51.8168
302490.8830,570002,37,-0.3376,-0.8989,0.3474,20.9618,-50.6565,-56.5649
302490.8830,570012,37,-0.2981,-1.0972,0.3972,26.9771,-39.0229,-51.9389
302490.8830,570022,37,-0.2532,-1.1858,0.4688,38.3664,-32.4122,-37.6336
302490.8830,570032,37,-0.2307,-1.2307,0.5356,40.7176,-23.7405,-13.0076
302490.8830,570042,37,-0.2610,-1.1938,0.5654,33.0687,-11.9389,15.0076
302491.0028,570052,38,-0.3003,-1.1333,0.6062,21.5420,0.0611,37.8931
302491.0028,570062,38,-0.3083,-1.0684,0.6670,8.9313,13.0687,54.9160
302491.0028,570072,38,-0.2920,-1.0171,0.7302,-4.2443,32.2290,67.3893
302491.0028,570082,38,-0.3267,-0.9663,0.7466,-14.6107,55.8321,76.2137
302491.0028,570092,38,-0.3687,-0.9104,0.7175,-19.4962,71.2061,80.8702
302491.0028,570102,38,-0.4045,-0.8474,0.6780,-19.0992,75.8779,81.5115
302491.0028,570112,38,-0.4167,-0.7654,0.6521,-16.1221,73.7099,81.1603
302491.0028,570122,38,-0.4387,-0.6794,0.6174,-12.1221,70.9466,81.3435
302491.0028,570132,38,-0.4556,-0.5503,0.5906,-6.4275,68.0458,80.3053
302491.0028,570142,38,-0.4705,-0.4285,0.5493,-2.8855,66.8550,75.3435
302491.0638,570152,39,-0.4712,-0.3374,0.4998,-1.6489,70.0916,66.3664
302491.0638,570162,39,-0.5088,-0.2637,0.4192,-1.0534,79.8779,56.3817
302491.0638,570172,39,-0.6101,-0.1443,0.2881,3.1756,88.1221,46.5038
302491.0638,570182,39,-0.7039,0.0408,0.1934,10.0000,89.3588,30.7481
302491.0638,570192,39,-0.7783,0.1560,0.1199,13.7710,87.2061,4.8550
302491.0638,570202,39,-0.8140,0.2034,0.0745,17.4198,81.9389,-28.5344
302491.0638,570212,39,-0.7983,0.2087,0.0698,20.2748,72.7786,-66.3817
302491.0638,570222,39,-0.7571,0.1191,0.0479,15.0076,62.5344,-106.3969
302491.0638,570232,39,-0.6797,-0.0627,0.0032,3.4351,51.9084,-145.8168
302491.0638,570242,39,-0.5408,-0.3259,-0.0093,-8.9771,43.7710,-181.8779
302491.1835,570252,40,-0.4023,-0.6860,-0.0312,-25.1603,39.7710,-208.0305
302491.1835,570262,40,-0.3062,-1.1218,-0.1279,-39.5725,31.8779,-214.4427
302491.1835,570272,40,-0.2515,-1.4551,-0.2351,-36.3511,19.6794,-198.9924
302491.1835,570282,40,-0.2141,-1.6958,-0.2803,-19.9389,10.3969,-167.4046
302491.1835,570292,40,-0.2205,-1.8540,-0.3040,-1.6183,5.3130,-123.8473
302491.1835,570302,40,-0.2686,-1.8081,-0.2883,17.2214,3.8779,-71.8015
302491.1835,570312,40,-0.3586,-1.5703,-0.1826,28.6107,0.0611,-22.9924
302491.1835,570322,40,-0.3811,-1.3381,-0.0295,23.8168,-8.9771,10.2443
302491.1835,570332,40,-0.4380,-1.1782,0.0886,5.2824,-12.1679,31.1298
302491.1835,570342,40,-0.4771,-1.0657,0.1804,-14.6107,-18.2748,43.9237
302491.3017,570352,41,-0.4541,-0.9973,0.3071,-28.9924,-25.5267,49.7252
302491.3017,570362,41,-0.3657,-1.0017,0.4314,-38.0458,-19.4198,54.7176
302491.3017,570372,41,-0.3767,-0.9836,0.4851,-33.3588,8.1832,61.6031
302491.3017,570382,41,-0.4595,-0.9409,0.4795,-14.4580,33.0687,65.0076
302491.3017,570392,41,-0.5056,-0.8450,0.4958,7.6183,39.1908,63.5115
302491.3017,570402,41,-0.5244,-0.7441,0.5232,19.8321,36.3511,58.1679
302491.3017,570412,41,-0.5078,-0.6943,0.5500,23.8473,32.6412,50.1679
302491.3017,570422,41,-0.4866,-0.6453,0.5688,25.9847,34.1374,42.8550
302491.3017,570432,41,-0.5078,-0.5562,0.5679,25.9084,41.0992,38.4427
302491.3017,570442,41,-0.5466,-0.4553,0.5405,18.2595,45.8779,34.4733
302491.3623,570452,42,-0.6702,-0.3311,0.3479,-15.1145,54.6412,20.4122
302491.3623,570462,42,-0.7654,-0.3481,0.1838,-25.4351,59.4809,5.8473
302491.3623,570472,42,-0.8340,-0.3777,0.0862,-27.8015,58.2901,-13.8626
302491.3623,570482,42,-0.8069,-0.4661,0.0476,-31.8321,48.8550,-35.5420
302491.3623,570492,42,-0.7410,-0.6929,0.0281,-38.7328,35.6031,-56.4733
302491.3623,570502,42,-0.5994,-1.0562,0.0645,-44.7328,18.8397,-66.8092
302491.3623,570512,42,-0.4827,-1.3740,0.1123,-48.5038,10.1069,-52.7023
302491.3623,570522,42,-0.4746,-1.4985,0.1274,-43.5267,10.7023,-22.2901
302491.3623,570532,42,-0.4910,-1.4395,0.1758,-27.9695,13.6794,7.3435
302491.3623,570542,42,-0.5476,-1.3098,0.2327,-14.3817,19.4198,30.9160
302491.4819,570552,43,-0.6035,-1.1624,0.2744,-8.6260,20.8855,46.6718
302491.4819,570562,43,-0.6118,-1.0415,0.3286,-9.4198,17.8779,54.0916
302491.4819,570572,43,-0.5876,-0.9712,0.3748,-13.6641,17.7710,56.1069
302491.4819,570582,43,-0.5476,-0.8704,0.4353,-18.6412,21.1298,58.3817
302491.4819,570592,43,-0.5037,-0.7654,0.4719,-31.8015,26.7786,64.0153
302491.4819,570602,43,-0.4951,-0.6858,0.4490,-52.7176,35.8321,71.4656
302491.4819,570612,43,-0.4978,-0.6216,0.3945,-70.3206,44.8244,77.4962
302491.4819,570622,43,-0.4895,-0.5698,0.3635,-82.5344,51.3588,81.1450
302491.4819,570632,43,-0.4646,-0.5718,0.3083,-90.5954,55.0382,83.3435
302491.4819,570642,43,-0.4402,-0.5662,0.2217,-88.9313,58.3969,83.4046
302491.6031,570652,44,-0.4417,-0.5547,0.1370,-78.9924,64.0763,80.0916
302491.6031,570662,44,-0.4775,-0.5679,0.0312,-64.4580,66.2901,76.8550
302491.6031,570672,44,-0.4670,-0.5037,-0.0090,-46.9160,57.4351,77.8473
302491.6031,570682,44,-0.4426,-0.3762,-0.0093,-37.9084,46.8855,78.6260
302491.6031,570692,44,-0.4189,-0.2908,-0.0149,-40.0458,42.2137,74.0611
302491.6031,570702,44,-0.3975,-0.2388,-0.0410,-47.1908,41.1298,64.3817
302491.6031,570712,44,-0.3582,-0.2205,-0.0803,-56.6718,43.6031,51.1603
302491.6031,570722,44,-0.3252,-0.2644,-0.1567,-66.4427,49.9237,35.0534
302491.6031,570732,44,-0.3196,-0.3345,-0.2295,-69.8931,60.8244,17.1756
302491.6031,570742,44,-0.2991,-0.4705,-0.3999,-65.8015,75.5420,1.2214
302491.6630,570752,45,-0.4392,-0.6313,-0.6436,-47.1603,99.0534,-9.0992
302491.6630,570762,45,-0.5623,-0.6506,-0.7913,-15.3435,111.0229,-10.4885
302491.6630,570772,45,-0.6284,-0.6091,-0.8208,14.3817,101.3740,-9.2672
302491.6630,570782,45,-0.6189,-0.5056,-0.7549,37.0534,77.4046,-10.0916
302491.6630,570792,45,-0.5635,-0.3853,-0.6245,51.4656,51.1145,-13.8779
302491.6630,570802,45,-0.5369,-0.2524,-0.4675,59.7405,31.7710,-22.3664
302491.6630,570812,45,-0.4797,-0.1499,-0.3181,60.1221,22.0611,-35.8473
302491.6630,570822,45,-0.4758,-0.1062,-0.2017,55.0382,23.0534,-51.1298
302491.6630,570832,45,-0.4856,-0.0369,-0.1077,54.1985,23.6641,-70.2290
302491.6630,570842,45,-0.4580,0.1221,0.0056,59.0382,24.7023,-96.8855
302491.7829,570852,46,-0.4316,0.2380,0.0676,54.9008,33.7099,-131.3130
302491.7829,570862,46,-0.4136,0.2812,0.0476,36.6260,52.5954,-174.0153
302491.7829,570872,46,-0.3745,0.1509,-0.1348,3.7405,77.7557,-218.4275
302491.7829,570882,46,-0.3894,-0.2932,-0.4990,-38.8397,104.3053,-254.7481
302491.7829,570892,46,-0.3582,-1.0286,-0.9172,-66.9160,113.6031,-270.7939
302491.7829,570902,46,-0.2603,-1.9058,-1.1948,-59.2061,88.7176,-264.2595
302491.7829,570912,46,-0.1323,-2.4753,-1.2610,-12.0305,36.8092,-237.6031
302491.7829,570922,46,-0.0330,-2.6389,-1.1675,50.6718,-12.6412,-192.1221
302491.7829,570932,46,-0.0386,-2.4377,-1.0229,103.1908,-34.4580,-137.7099
302491.7829,570942,46,-0.2104,-2.0588,-0.8896,132.8092,-22.4580,-89.6641
302491.9028,570952,47,-0.4055,-1.7107,-0.7449,133.7557,0.1985,-53.8626
302491.9028,570962,47,-0.5513,-1.4790,-0.6033,116.9618,5.0687,-33.6947
302491.9028,570972,47,-0.5889,-1.2903,-0.4363,97.8168,-16.4885,-22.5954
302491.9028,570982,47,-0.5242,-1.1167,-0.2302,78.9924,-44.8855,-14.4275
302491.9028,570992,47,-0.4797,-0.9492,-0.0444,57.9847,-58.3664,-8.7634
302491.9028,571002,47,-0.4956,-0.8081,0.0732,36.1679,-58.3817,-6.0916
302491.9028,571012,47,-0.5095,-0.7180,0.1338,17.4809,-56.6870,-6.7176
302491.9028,571022,47,-0.4949,-0.7061,0.1492,3.9847,-56.0611,-12.3511
302491.9028,571032,47,-0.4597,-0.7422,0.1543,-2.7176,-53.1756,-19.8321
302491.9028,571042,47,-0.4224,-0.7700,0.1526,-3.4504,-45.8779,-25.4962
302491.9629,571052,48,-0.3999,-0.8103,0.1392,-2.2595,-37.4962,-30.7786
302491.9629,571062,48,-0.3816,-0.8748,0.1079,-0.3053,-31.2977,-34.6565
302491.9629,571072,48,-0.3547,-0.9116,0.0784,2.1679,-31.0534,-34.6412
302491.9629,571082,48,-0.3223,-0.9548,0.0361,2.2748,-32.6870,-34.3817
302491.9629,571092,48,-0.2881,-1.0125,0.0222,0.9618,-33.2824,-34.4275
302491.9629,571102,48,-0.2549,-1.0625,0.0066,-1.5878,-31.8168,-32.4275
302491.9629,571112,48,-0.2295,-1.0862,-0.0120,-5.8321,-28.0458,-27.7710
302491.9629,571122,48,-0.2371,-1.1128,-0.0654,-11.3588,-23.6336,-22.3817
302491.9629,571132,48,-0.2368,-1.1445,-0.1177,-15.6183,-23.0076,-17.4656
302491.9629,571142,48,-0.2332,-1.1733,-0.1565,-17.8321,-26.2595,-13.0076
302492.0821,571152,49,-0.2283,-1.1782,-0.1729,-17.9695,-30.4427,-9.0229
302492.0821,571162,49,-0.2288,-1.1711,-0.1809,-16.6565,-34.1374,-5.2214
302492.0821,571172,49,-0.2317,-1.1392,-0.1741,-13.4351,-36.8855,-1.4198
302492.0821,571182,49,-0.2312,-1.0972,-0.1511,-8.8092,-38.6107,1.1450
302492.0821,571192,49,-0.2185,-1.0869,-0.1367,-4.0458,-40.5496,2.1069
302492.0821,571202,49,-0.1880,-1.1091,-0.1426,2.7481,-42.8702,3.9695
302492.0821,571212,49,-0.1819,-1.1130,-0.1594,15.6489,-40.7328,4.9008
302492.0821,571222,49,-0.1926,-1.0947,-0.1770,32.9924,-35.6794,3.0534
302492.0821,571232,49,-0.2026,-1.0525,-0.1802,51.3588,-31.1450,-0.4580
302492.0821,571242,49,-0.2253,-1.0066,-0.1765,67.4809,-26.0458,-5.4504
302492.2029,571252,50,-0.2397,-0.9875,-0.1890,78.1832,-22.9313,-10.5191
302492.2029,571262,50,-0.2585,-0.9897,-0.1992,84.2901,-23.8168,-12.3511
302492.2029,571272,50,-0.2524,-0.9810,-0.1963,90.6260,-29.0076,-12.2901
302492.2029,571282,50,-0.2000,-0.9600,-0.1265,101.5115,-30.4275,-12.5954
302492.2029,571292,50,-0.1213,-1.0867,0.0046,112.5344,-22.8550,-11.1603
302492.2029,571302,50,0.1169,-1.3726,-0.0024,137.5725,1.8168,-9.4962
302492.2029,571312,50,-0.0051,-1.4099,-0.0769,207.6641,71.6489,-20.4580
302492.2029,571322,50,-0.2688,-1.2729,-0.1235,286.4733,117.7557,-36.6870
302492.2029,571332,50,-0.3494,-1.1887,-0.1636,335.4809,111.6947,-40.6260
302492.2029,571342,50,-0.3391,-1.1064,-0.1450,367.0382,96.4427,-35.3893
302492.2624,571352,51,-0.3242,-0.9563,-0.0266,385.9542,85.8626,-21.2061
302492.2624,571362,51,-0.2361,-0.8062,0.1528,379.1145,72.3664,3.0229
302492.2624,571372,51,-0.1770,-0.7090,0.3066,348.9313,69.6489,33.5115
302492.2624,571382,51,-0.2532,-0.6531,0.3748,311.6947,74.9466,54.5649
302492.2624,571392,51,-0.2998,-0.6311,0.3960,274.0153,67.6489,58.7176
302492.2624,571402,51,-0.3604,-0.6719,0.4043,238.7176,50.9771,53.8321
302492.2624,571412,51,-0.3008,-0.9741,0.2944,217.3282,32.1679,29.9237
302492.2624,571422,51,-0.2778,-0.9944,0.1777,256.9313,62.7786,34.5649
302492.2624,571432,51,-0.4434,-0.7905,0.2163,307.1756,93.6947,36.3206
302492.2624,571442,51,-0.5195,-0.6292,0.2729,322.0305,78.6870,46.0763
302492.3817,571452,52,-0.5005,-0.4392,0.4175,309.2366,39.9237,68.2290
302492.3817,571462,52,-0.4429,-0.4038,0.6299,273.4809,-6.4122,81.4809
302492.3817,571472,52,-0.2073,-0.4673,0.7773,240.1221,-38.2137,85.6641
302492.3817,571482,52,-0.2441,-0.3298,0.9297,220.8092,-26.7939,88.8550
302492.3817,571492,52,-0.2842,-0.3804,0.8423,198.7023,-8.7786,95.2824
302492.3817,571502,52,-0.4246,-0.2747,0.7227,192.6107,8.8397,96.7481
302492.3817,571512,52,-0.4937,-0.1560,0.6794,189.5573,7.7099,89.9389
302492.3817,571522,52,-0.4751,-0.0918,0.6604,178.7786,-5.2519,81.6183
302492.3817,571532,52,-0.4736,-0.0322,0.6440,160.4275,-14.5344,72.2137
302492.3817,571542,52,-0.4561,-0.0459,0.6594,132.2748,-23.5267,64.0916
302492.5029,571552,53,-0.4565,-0.1711,0.6118,101.4198,-36.1069,59.1756
302492.5029,571562,53,-0.4653,-0.1987,0.5632,83.2824,-52.5954,57.2214
302492.5029,571572,53,-0.4385,-0.1289,0.5354,72.7176,-69.7557,59.4962
302492.5029,571582,53,-0.4475,-0.0928,0.6042,61.1298,-85.1145,58.7023
302492.5029,571592,53,-0.3601,-0.1282,0.7378,49.6794,-98.5649,54.3969
302492.5029,571602,53,-0.3337,-0.2371,0.8599,46.8855,-99.7710,50.5649
302492.5029,571612,53,-0.3293,-0.2681,0.9509,55.2214,-99.8321,49.8779
302492.5029,571622,53,-0.3394,-0.2620,1.0369,67.4656,-105.8473,51.2977
302492.5029,571632,53,-0.3164,-0.2097,1.2100,79.4198,-118.6718,48.7176
302492.5029,571642,53,-0.1877,-0.1047,1.4143,80.6412,-128.0000,48.1221
302492.5625,571652,54,-0.1072,-0.0627,1.5400,56.8855,-109.2672,53.5420
302492.5625,571662,54,-0.1658,-0.1370,1.5430,24.6565,-76.0458,58.4427
302492.5625,571672,54,-0.1506,-0.1401,1.5364,12.5191,-53.7710,59.7405
302492.5625,571682,54,-0.1462,-0.0803,1.5815,12.2901,-32.9466,57.4351
302492.5625,571692,54,-0.1741,-0.0588,1.5808,2.7328,-14.9313,55.2366
302492.5625,571702,54,-0.1814,-0.0918,1.4939,-9.1756,-2.1832,55.9847
302492.5625,571712,54,-0.2314,-0.0918,1.4412,-10.0153,9.2824,56.9618
302492.5625,571722,54,-0.2288,-0.0339,1.4214,-3.6336,10.0611,59.4504
302492.5625,571732,54,-0.1936,0.0833,1.4619,-1.6183,9.4656,64.7634
302492.5625,571742,54,-0.1936,0.2097,1.4917,-8.0153,15.9542,69.6336
302492.6827,571752,55,-0.1931,0.2974,1.5320,-17.7099,23.0382,68.0153
302492.6827,571762,55,-0.1643,0.3398,1.5564,-25.8015,28.3664,55.1603
302492.6827,571772,55,-0.1201,0.3308,1.5178,-30.4275,40.0305,37.9542
302492.6827,571782,55,-0.1370,0.2271,1.4443,-28.4885,61.2214,20.7176
302492.6827,571792,55,-0.1868,0.1624,1.3921,-16.6412,75.7405,4.6260
302492.6827,571802,55,-0.1743,0.1340,1.3452,-6.3206,75.1298,-6.4275
302492.6827,571812,55,-0.1477,0.1331,1.2756,-4.0458,74.3969,-13.4046
302492.6827,571822,55,-0.1443,0.0974,1.1499,-9.0382,81.5267,-17.9695
302492.6827,571832,55,-0.1960,0.0669,1.0186,-13.4351,91.8015,-22.9008
302492.6827,571842,55,-0.2341,0.0579,0.9001,-14.9466,92.9313,-29.8473
302492.8026,571852,56,-0.2429,0.0645,0.7854,-17.0076,87.2214,-35.5878
302492.8026,571862,56,-0.2542,0.0493,0.7129,-20.2290,82.4122,-39.5878
302492.8026,571872,56,-0.2598,0.0647,0.6780,-19.5573,78.7939,-43.7710
302492.8026,571882,56,-0.2349,0.0549,0.6982,-14.1221,78.3511,-49.0687
302492.8026,571892,56,-0.2461,0.0579,0.6907,-6.1985,84.0305,-56.8397
302492.8026,571902,56,-0.2632,0.0005,0.6086,1.9847,87.1603,-67.3130
302492.8026,571912,56,-0.3020,-0.0508,0.5266,12.0153,85.6489,-78.0763
302492.8026,571922,56,-0.3340,-0.0701,0.4636,22.7176,78.3664,-83.8626
302492.8026,571932,56,-0.3528,-0.0742,0.4185,30.6107,66.3359,-83.8473
302492.8026,571942,56,-0.3623,-0.0571,0.3928,33.8321,51.6641,-82.8397
302492.9220,571952,57,-0.3394,-0.0320,0.4006,31.4504,34.9008,-84.3817
302492.9220,571962,57,-0.3118,-0.0186,0.3843,23.7710,22.1069,-86.7023
302492.9220,571972,57,-0.3206,-0.0017,0.3433,14.2901,16.8397,-89.0687
302492.9220,571982,57,-0.3257,0.0032,0.3145,2.5802,11.4504,-93.0687
302492.9220,571992,57,-0.3010,-0.0254,0.2939,-13.5267,6.2290,-97.9542
302492.9220,572002,57,-0.3037,-0.0845,0.2769,-28.1221,5.0229,-104.2748
302492.9220,572012,57,-0.3267,-0.1440,0.2563,-36.2137,-0.1069,-115.0687
302492.9220,572022,57,-0.3220,-0.2063,0.2524,-40.3969,-13.6794,-127.2366
302492.9220,572032,57,-0.2859,-0.2581,0.2485,-45.5420,-30.3053,-141.0840
302492.9220,572042,57,-0.2815,-0.3406,0.2161,-54.9008,-42.0611,-151.2824
302493.0413,572052,58,-0.2607,-0.4597,0.1089,-61.5267,-51.5878,-150.9924
302493.0413,572062,58,-0.2937,-0.6423,-0.0776,-57.8473,-52.1985,-148.3053
302493.0413,572072,58,-0.4182,-0.7651,-0.1770,-36.5802,-48.8702,-152.4733
302493.0413,572082,58,-0.5293,-0.8474,-0.1436,-8.3817,-65.8473,-162.4122
302493.0413,572092,58,-0.5007,-0.9202,0.0330,14.4275,-110.0458,-158.9924
302493.0413,572102,58,-0.3325,-1.0410,0.4265,21.8473,-171.7099,-147.9084
302493.0413,572112,58,0.0957,-1.2698,0.9548,11.9847,-230.5802,-139.0992
302493.0413,572122,58,0.3459,-1.3945,1.4629,-5.4809,-235.1908,-110.0763
302493.0413,572132,58,0.4524,-1.4648,1.7446,-39.7405,-208.1679,-63.3282
302493.0413,572142,58,0.4861,-1.5127,1.7905,-72.4427,-163.1145,-7.5420
302493.1032,572152,59,0.3394,-1.4050,1.6387,-77.4046,-97.7710,28.3969
302493.1032,572162,59,0.0613,-1.1013,1.4705,-58.3817,-41.9084,34.9313
302493.1032,572172,59,-0.1580,-0.8438,1.3193,-52.0611,-22.5344,32.6870
302493.1032,572182,59,-0.2590,-0.7373,1.1787,-65.0687,-30.6565,29.9542
302493.1032,572192,59,-0.2869,-0.6780,1.0872,-77.4809,-40.4885,26.6565
302493.1032,572202,59,-0.3279,-0.6243,1.0283,-81.5878,-43.0076,23.9695
302493.1032,572212,59,-0.3320,-0.5747,0.9807,-79.7252,-45.7405,21.7099
302493.1032,572222,59,-0.3289,-0.5161,0.9441,-75.5573,-48.0305,18.8092
302493.1032,572232,59,-0.3376,-0.4607,0.9011,-74.6107,-48.7634,14.9924
302493.1032,572242,59,-0.3557,-0.4102,0.8555,-81.2519,-50.6565,10.7786
302493.1623,572252,60,-0.3660,-0.3950,0.8230,-96.4275,-56.0153,4.3206
302493.1623,572262,60,-0.3521,-0.4297,0.8184,-120.4427,-72.3969,-1.9695
302493.1623,572272,60,-0.3093,-0.5005,0.7732,-150.2443,-96.6260,-5.0992
302493.1623,572282,60,-0.2913,-0.6138,0.7214,-180.5038,-113.8321,-1.1145
302493.1623,572292,60,-0.3093,-0.7434,0.6667,-204.6107,-126.1069,6.1985
302493.1623,572302,60,-0.3594,-0.8784,0.6003,-215.9542,-144.8244,10.8397
302493.1623,572312,60,-0.3965,-0.9941,0.5383,-218.3511,-176.4733,16.5802
302493.1623,572322,60,-0.3796,-1.0928,0.5056,-221.8779,-219.4962,28.7176
302493.1623,572332,60,-0.2832,-1.1423,0.5146,-227.0534,-268.4733,47.5420
302493.1623,572342,60,-0.1833,-1.1655,0.5613,-233.9695,-309.7710,69.8473
302493.2844,572352,61,-0.0969,-1.2524,0.5388,-242.5191,-342.5802,90.0305
302493.2844,572362,61,0.0728,-1.3889,0.5481,-249.6489,-377.8779,108.9924
302493.2844,572372,61,0.2837,-1.5942,0.5332,-254.2137,-399.4962,127.5725
302493.2844,572382,61,0.4197,-1.6890,0.5322,-247.6489,-392.4580,152.0305
302493.2844,572392,61,0.3979,-1.7461,0.5007,-233.9084,-366.1069,180.6107
302493.2844,572402,61,0.3887,-1.6958,0.4478,-212.9008,-346.2443,212.1069
302493.2844,572412,61,0.3259,-1.5737,0.4690,-191.1145,-323.4809,239.1298
302493.2844,572422,61,0.2546,-1.4597,0.4692,-178.9771,-298.7786,258.7023
302493.2844,572432,61,0.2180,-1.3784,0.4768,-173.0840,-275.6183,277.5420
302493.2844,572442,61,0.1570,-1.3594,0.4263,-167.9389,-246.8550,295.5420
302493.4020,572452,62,0.1321,-1.3484,0.3535,-153.7099,-218.6870,310.9466
302493.4020,572462,62,0.1580,-1.1768,0.3679,-132.3206,-206.5802,329.0687
302493.4020,572472,62,0.1150,-0.8530,0.4934,-122.6565,-215.5420,347.1145
302493.4020,572482,62,0.0522,-0.6716,0.5190,-137.3893,-235.8779,340.0611
302493.4020,572492,62,0.0713,-0.8098,0.4211,-157.1908,-239.7405,298.7939
302493.4020,572502,62,-0.0532,-0.9866,0.3645,-148.6107,-203.4351,245.9695
302493.4020,572512,62,-0.2253,-0.9480,0.2932,-111.3282,-162.0458,215.6031
302493.4020,572522,62,-0.3342,-0.9016,0.1960,-77.3435,-135.0229,194.8244
302493.4020,572532,62,-0.2888,-0.7905,0.1929,-53.8779,-130.3511,177.0076
302493.4020,572542,62,-0.2002,-0.6931,0.2463,-47.8321,-142.0916,176.1069
302493.4619,572552,63,-0.1565,-0.6450,0.2644,-54.7786,-148.3817,181.3130
302493.4619,572562,63,-0.1626,-0.6494,0.2434,-65.7863,-148.1221,186.3511
302493.4619,572572,63,-0.1304,-0.5593,0.2402,-70.4733,-157.4046,193.8168
302493.4619,572582,63,-0.0908,-0.4585,0.2573,-70.0611,-173.8931,189.3893
302493.4619,572592,63,-0.0715,-0.4304,0.3237,-67.7710,-178.1374,164.4580
302493.4619,572602,63,-0.0027,-0.4421,0.4031,-59.1298,-159.0840,129.3893
302493.4619,572612,63,-0.0046,-0.4502,0.4346,-48.2595,-113.7099,99.2519
302493.4619,572622,63,-0.0840,-0.4087,0.3875,-35.4351,-55.6641,80.1832
302493.4619,572632,63,-0.1135,-0.2913,0.3354,-22.9924,-14.8855,70.5954
302493.4619,572642,63,-0.1460,-0.1978,0.3037,-20.8092,6.9618,63.7557
302493.6422,572652,64,-0.1250,-0.1531,0.3010,-29.1298,13.5115,60.3359
302493.6422,572662,64,-0.1077,-0.1250,0.3218,-40.7023,17.0534,60.7176
302493.6422,572672,64,-0.1074,-0.1184,0.3320,-51.0534,24.9924,60.6870
302493.6422,572682,64,-0.0981,-0.1167,0.3337,-56.9008,37.7710,55.2977
302493.6422,572692,64,-0.0989,-0.1392,0.3113,-59.4962,55.3435,44.7328
302493.6422,572702,64,-0.0945,-0.1848,0.2729,-58.9313,73.1908,29.7557
302493.6422,572712,64,-0.0898,-0.1565,0.2693,-54.5802,87.1603,11.9542
302493.6422,572722,64,0.0496,-0.1384,0.2812,-59.0534,98.9771,1.3740
302493.6422,572732,64,0.0886,-0.2314,0.1355,-88.1374,127.6336,12.5802
302493.6422,572742,64,-0.3269,-0.4895,-0.2185,-132.1832,182.8550,35.0382
302493.7027,572752,65,-0.9495,-0.8643,-0.7200,-160.9313,231.4198,41.7557
302493.7027,572762,65,-1.3545,-1.2927,-1.1731,-159.0076,240.0000,23.9695
302493.7027,572772,65,-1.5671,-1.5088,-1.3545,-134.3664,216.9771,-6.6107
302493.7027,572782,65,-1.6411,-1.7097,-1.5964,-113.2366,179.4809,-40.2595
302493.7027,572792,65,-1.6501,-1.6641,-1.5708,-67.2214,126.5496,-48.7939
302493.7027,572802,65,-1.5256,-1.5115,-1.3364,-27.1603,61.5115,-41.4962
302493.7027,572812,65,-1.3262,-1.3196,-1.0342,-7.4504,-0.1374,-24.6107
302493.7027,572822,65,-1.0725,-1.1797,-0.7068,-0.7023,-47.2824,-8.8092
302493.7027,572832,65,-0.8591,-1.0212,-0.4177,5.1756,-69.3740,5.4504
302493.7027,572842,65,-0.6780,-0.9299,-0.2100,4.6412,-74.1069,14.9771
302493.7633,572852,66,-0.5200,-0.9402,-0.0864,-2.4580,-64.9771,18.3817
302493.7633,572862,66,-0.5557,-0.9321,-0.0364,-12.3511,-40.7939,19.2672
302493.7633,572872,66,-0.6870,-0.9727,-0.1453,-23.4351,-16.2290,16.7023
302493.7633,572882,66,-0.8445,-1.0334,-0.2656,-20.5344,-5.9695,6.1527
302493.7633,572892,66,-0.8503,-1.0486,-0.2859,-3.3740,-14.0763,-8.0000
302493.7633,572902,66,-0.7483,-1.0081,-0.2190,14.5954,-30.3359,-15.2672
302493.7633,572912,66,-0.6848,-0.9570,-0.1426,21.4809,-41.5420,-12.2137
302493.7633,572922,66,-0.6729,-0.9534,-0.1047,14.5649,-47.5115,-4.6107
302493.7633,572932,66,-0.6682,-0.9600,-0.1167,5.8931,-50.5191,1.7405
302493.7633,572942,66,-0.7732,-1.0132,-0.1553,3.8015,-48.7634,1.2519
302493.8834,572952,67,-0.7361,-0.9675,-0.1584,8.5038,-48.8244,-4.9160
302493.8834,572962,67,-0.6421,-0.9236,-0.0999,5.1145,-54.4427,-7.9542
302493.8834,572972,67,-0.7241,-0.8662,-0.1240,-11.6947,-52.2443,-8.1069
302493.8834,572982,67,-0.7622,-0.9314,-0.2490,-32.9160,-59.6336,-11.4656
302493.8834,572992,67,-0.7117,-1.0068,-0.3003,-33.7557,-79.9695,-18.9466
302493.8834,573002,67,-0.5994,-1.0681,-0.2954,-16.1832,-95.5115,-23.9695
302493.8834,573012,67,-0.4753,-1.0500,-0.2000,9.8321,-106.7176,-19.2214
302493.8834,573022,67,-0.4180,-0.9607,-0.0984,31.8321,-106.7481,-8.6107
302493.8834,573032,67,-0.4514,-0.8767,-0.0454,45.1450,-99.3282,2.9160
302493.8834,573042,67,-0.5022,-0.8035,0.0061,52.1069,-94.2137,10.4427
302494.0031,573052,68,-0.5356,-0.7627,0.0337,51.9847,-83.5573,9.5725
302494.0031,573062,68,-0.5325,-0.7229,0.0330,48.5954,-69.4351,3.7863
302494.0031,573072,68,-0.5088,-0.7061,0.0269,44.6260,-61.4809,-1.6794
302494.0031,573082,68,-0.4937,-0.6624,0.0427,44.2290,-57.3740,-6.1069
302494.0031,573092,68,-0.4863,-0.6208,0.0718,41.4809,-56.0458,-10.4275
302494.0031,573102,68,-0.4241,-0.5955,0.1340,36.5649,-54.7786,-14.6412
302494.0031,573112,68,-0.4106,-0.5439,0.1736,32.1985,-45.1450,-15.5115
302494.0031,573122,68,-0.4248,-0.4951,0.1946,26.6565,-34.3206,-16.5496
302494.0031,573132,68,-0.3989,-0.4763,0.1902,21.6336,-25.6947,-22.1221
302494.0031,573142,68,-0.3633,-0.5774,0.1533,20.4122,-20.2595,-25.3282
302494.0636,573152,69,-0.3877,-0.5830,0.1594,29.7557,-13.2519,-24.7634
302494.0636,573162,69,-0.3970,-0.5259,0.1997,40.4733,-5.6641,-25.8321
302494.0636,573172,69,-0.3904,-0.4670,0.2546,47.4351,1.4046,-28.1832
302494.0636,573182,69,-0.3828,-0.3489,0.3223,52.9618,8.0763,-34.7939
302494.0636,573192,69,-0.3931,-0.2261,0.3804,48.2748,10.3817,-46.9466
302494.0636,573202,69,-0.3284,-0.2849,0.4038,22.4733,3.6031,-58.4733
302494.0636,573212,69,-0.2947,-0.4346,0.3833,-6.7786,5.6947,-59.7099
302494.0636,573222,69,-0.3716,-0.5876,0.2666,-33.2977,21.3588,-47.8015
302494.0636,573232,69,-0.5264,-0.7563,0.0623,-52.6870,36.0305,-34.7023
302494.0636,573242,69,-0.6775,-0.8975,-0.1260,-55.3130,45.1756,-29.0382
302494.1840,573252,70,-0.6917,-1.0215,-0.2488,-42.5802,50.0458,-24.7481
302494.1840,573262,70,-0.6978,-1.0530,-0.2617,-19.5267,50.1679,-12.6718
302494.1840,573272,70,-0.6799,-0.9849,-0.1877,2.6260,47.7557,0.0153
302494.1840,573282,70,-0.6477,-0.9021,-0.0896,18.4733,48.1374,7.2366
302494.1840,573292,70,-0.6528,-0.7793,-0.0110,24.0305,47.5420,13.1603
302494.1840,573302,70,-0.6230,-0.7454,0.0623,16.3511,33.3740,13.0992
302494.1840,573312,70,-0.5286,-0.7312,0.1768,11.2214,16.1985,10.3053
302494.1840,573322,70,-0.4214,-0.6846,0.3118,9.2061,7.6641,12.2595
302494.1840,573332,70,-0.3394,-0.6169,0.4297,6.5802,8.3817,17.4198
302494.1840,573342,70,-0.2952,-0.5383,0.5071,2.5802,14.1527,22.8855
302494.3031,573352,71,-0.2764,-0.4885,0.5479,-3.6336,20.8397,25.4046
302494.3031,573362,71,-0.2595,-0.4556,0.5764,-9.2519,28.1679,23.2977
302494.3031,573372,71,-0.2363,-0.4224,0.6165,-13.1908,36.3664,19.0840
302494.3031,573382,71,-0.1992,-0.3943,0.6592,-17.1908,45.4809,16.9160
302494.3031,573392,71,-0.1812,-0.3369,0.6892,-22.4885,55.2672,18.2290
302494.3031,573402,71,-0.2136,-0.2415,0.6721,-33.8473,60.8702,20.3359
302494.3031,573412,71,-0.2522,-0.2063,0.6045,-54.5496,57.7099,20.3511
302494.3031,573422,71,-0.2439,-0.1897,0.5618,-73.9542,51.3893,17.8931
302494.3031,573432,71,-0.2307,-0.1748,0.5103,-90.9924,50.4427,15.0534
302494.3031,573442,71,-0.2349,-0.1633,0.4187,-109.2977,53.4046,11.2977
302494.4213,573452,72,-0.2136,-0.2053,0.2808,-131.0076,54.4122,3.6183
302494.4213,573462,72,-0.2764,-0.3440,0.0320,-150.3359,62.5649,-5.6641
302494.4213,573472,72,-0.4988,-0.5608,-0.3535,-153.8321,88.3511,-21.8168
302494.4213,573482,72,-0.7075,-0.8010,-0.7539,-138.5802,120.0611,-45.5725
302494.4213,573492,72,-0.9155,-1.0146,-1.1182,-112.7786,142.8855,-68.3206
302494.4213,573502,72,-1.0212,-1.1702,-1.3501,-81.0534,145.1298,-86.5496
302494.4213,573512,72,-1.0295,-1.2043,-1.4409,-49.9084,127.3740,-95.3130
302494.4213,573522,72,-0.9939,-1.2568,-1.4910,-34.7939,101.3740,-87.1756
302494.4213,573532,72,-1.0676,-1.3145,-1.5571,-32.2901,75.3588,-65.5725
302494.4213,573542,72,-1.1985,-1.3318,-1.5728,-33.0534,44.0000,-37.6947
302494.5401,573552,73,-1.2349,-1.2827,-1.4658,-31.1603,4.5649,-11.0687
302494.5401,573562,73,-1.1206,-1.1870,-1.2441,-25.9237,-34.8244,9.0229
302494.5401,573572,73,-0.9434,-1.0627,-0.9521,-17.4656,-64.5954,19.1756
302494.5401,573582,73,-0.7585,-0.9868,-0.6917,-10.6718,-80.0458,20.3359
302494.5401,573592,73,-0.6340,-0.9419,-0.5203,-3.0687,-81.4656,15.7405
302494.5401,573602,73,-0.5481,-0.8870,-0.3618,7.1450,-75.4656,7.9389
302494.5401,573612,73,-0.4927,-0.8416,-0.2717,14.5344,-66.1832,-0.1374
302494.5401,573622,73,-0.4646,-0.8091,-0.2075,19.8779,-57.5420,-5.8168
302494.5401,573632,73,-0.4473,-0.7805,-0.1606,22.4580,-51.0534,-10.8397
302494.5401,573642,73,-0.4470,-0.7815,-0.1467,21.5420,-44.7176,-14.0458
302494.6023,573652,74,-0.4304,-0.7942,-0.1238,19.0687,-40.3053,-15.5267
302494.6023,573662,74,-0.4275,-0.8364,-0.1240,16.0153,-36.9924,-14.5954
302494.6023,573672,74,-0.4124,-0.8560,-0.1223,15.1908,-33.4351,-12.6412
302494.6023,573682,74,-0.4036,-0.8738,-0.1121,13.6794,-34.3817,-11.1756
302494.6023,573692,74,-0.3472,-0.9114,-0.0508,12.4122,-38.2901,-9.7099
302494.6023,573702,74,-0.2671,-0.9153,0.0188,16.0305,-32.9466,-6.0611
302494.6023,573712,74,-0.2937,-0.9136,0.0264,19.5878,-15.2214,-0.8702
302494.6023,573722,74,-0.3164,-0.9592,0.0071,23.7557,5.3282,3.7557
302494.6023,573732,74,-0.3457,-0.9460,0.0117,39.2672,36.0000,6.8092
302494.6023,573742,74,-0.3875,-0.9241,-0.0146,52.3206,74.1374,9.6641
302494.6629,573752,75,-0.4768,-0.9153,-0.0901,56.5496,105.1298,12.9313
302494.6629,573762,75,-0.5632,-0.9250,-0.1765,52.7176,114.6260,17.5115
302494.6629,573772,75,-0.6392,-0.9670,-0.2437,40.5038,101.2519,25.3435
302494.6629,573782,75,-0.6462,-0.9812,-0.2610,29.8931,74.4580,33.7405
302494.6629,573792,75,-0.6365,-1.0222,-0.2571,23.1756,50.0000,40.7939
302494.6629,573802,75,-0.5562,-1.0608,-0.2056,29.6489,42.9160,46.1832
302494.6629,573812,75,-0.4954,-1.0061,-0.1477,52.6260,66.8702,50.7634
302494.6629,573822,75,-0.5537,-0.9434,-0.1812,66.9466,101.6489,53.0534
302494.6629,573832,75,-0.6155,-0.9294,-0.2764,75.4504,123.9389,55.5725
302494.6629,573842,75,-0.6370,-0.8174,-0.2883,87.4962,135.0840,59.0687
302494.7843,573852,76,-0.6104,-0.7346,-0.2092,84.5038,137.0534,72.9466
302494.7843,573862,76,-0.5603,-0.5767,-0.0630,74.5649,135.5115,85.9847
302494.7843,573872,76,-0.4868,-0.6494,0.0925,55.8473,131.1298,97.2977
302494.7843,573882,76,-0.4565,-0.3105,0.2434,62.4885,127.2977,92.6870
302494.7843,573892,76,-0.5552,-0.3840,0.1814,19.7557,108.9008,73.0229
302494.7843,573902,76,-0.4976,-0.5664,0.0884,-9.9542,93.6336,61.4198
302494.7843,573912,76,-0.4602,-0.5520,0.0732,9.7252,94.0611,51.0382
302494.7843,573922,76,-0.4907,-0.4614,0.1013,33.4656,107.8473,46.3969
302494.7843,573932,76,-0.5251,-0.3105,0.1453,50.8702,121.1298,38.7939
302494.7843,573942,76,-0.5642,-0.2148,0.1672,48.5038,128.2901,26.6412
302494.9031,573952,77,-0.5835,-0.2224,0.1414,31.6794,127.1603,15.0229
302494.9031,573962,77,-0.5596,-0.2336,0.1504,15.7252,115.7710,7.4198
302494.9031,573972,77,-0.5310,-0.2241,0.2031,1.6489,104.3359,4.6107
302494.9031,573982,77,-0.4907,-0.2034,0.2532,-7.8931,96.8702,2.3664
302494.9031,573992,77,-0.4124,-0.1667,0.3281,-10.7023,94.6107,-3.2366
302494.9031,574002,77,-0.3408,-0.1252,0.3862,-9.0076,107.7405,-12.2443
302494.9031,574012,77,-0.2971,-0.0474,0.3716,-6.7481,132.1985,-25.7863
302494.9031,574022,77,-0.2546,-0.0410,0.2375,-20.0000,158.4122,-44.3206
302494.9031,574032,77,-0.1333,-0.2969,-0.0930,-48.4275,183.7863,-69.6183
302494.9031,574042,77,-0.0403,-0.7146,-0.6409,-65.1603,210.0305,-99.4504
302494.9629,574052,78,-0.0398,-1.1987,-1.3186,-52.9924,230.3053,-124.7939
302494.9629,574062,78,-0.0562,-1.6335,-1.9138,-13.3282,230.6260,-139.0229
302494.9629,574072,78,-0.1052,-1.8376,-2.1760,35.2214,204.2901,-130.9160
302494.9629,574082,78,-0.1511,-1.7981,-2.1770,59.7252,149.6031,-94.9466
302494.9629,574092,78,-0.1738,-1.5664,-1.9768,47.6031,78.0763,-45.6947
302494.9629,574102,78,-0.1943,-1.2749,-1.6279,6.4275,13.6641,-0.6260
302494.9629,574112,78,-0.2625,-1.0422,-1.3037,-39.4351,-32.5191,29.6489
302494.9629,574122,78,-0.3223,-0.8994,-1.0247,-68.4427,-66.8550,43.7557
302494.9629,574132,78,-0.3169,-0.8157,-0.7295,-74.0763,-88.6718,47.3740
302494.9629,574142,78,-0.2886,-0.7305,-0.4595,-60.0153,-94.3969,47.1908
302495.0834,574152,79,-0.3140,-0.5701,-0.2527,-34.1374,-82.9771,43.9847
302495.0834,574162,79,-0.3591,-0.4248,-0.1499,-14.2137,-65.8626,35.4351
302495.0834,574172,79,-0.3892,-0.3601,-0.1213,-4.7939,-50.5344,21.2672
302495.0834,574182,79,-0.3743,-0.3870,-0.1184,-3.7252,-36.3206,6.3359
302495.0834,574192,79,-0.3811,-0.4609,-0.1545,-6.5191,-21.0534,-4.2290
302495.0834,574202,79,-0.3752,-0.5203,-0.2000,-8.2137,-11.4504,-10.3817
302495.0834,574212,79,-0.3464,-0.5728,-0.2720,-9.4198,-6.8855,-14.8092
302495.0834,574222,79,-0.3501,-0.6199,-0.3499,-9.6794,-2.8855,-18.9008
302495.0834,574232,79,-0.3586,-0.6521,-0.4146,-8.9466,-1.9237,-21.5878
302495.0834,574242,79,-0.3398,-0.6912,-0.4700,-10.1374,-5.2824,-22.6870
302495.2031,574252,80,-0.3149,-0.7327,-0.4907,-14.1679,-8.9618,-22.8855
302495.2031,574262,80,-0.2927,-0.7925,-0.5068,-20.8397,-5.8626,-20.6718
302495.2031,574272,80,-0.3120,-0.8245,-0.5334,-24.1832,3.7252,-16.2901
302495.2031,574282,80,-0.3440,-0.8132,-0.5603,-21.7099,10.5038,-12.7634
302495.2031,574292,80,-0.3701,-0.7981,-0.5730,-19.0687,12.6107,-10.2748
302495.2031,574302,80,-0.3862,-0.7908,-0.5774,-20.0916,11.1603,-7.0687
302495.2031,574312,80,-0.3916,-0.7874,-0.5754,-23.1908,7.9084,-3.6183
302495.2031,574322,80,-0.4028,-0.7856,-0.5703,-26.0305,4.5496,-1.2366
302495.2031,574332,80,-0.3989,-0.7852,-0.5845,-27.4198,1.3893,-0.4122
302495.2031,574342,80,-0.3918,-0.7971,-0.5857,-25.4962,-1.1145,-0.0611
302495.2629,574352,81,-0.3843,-0.7998,-0.5618,-20.2748,-1.3740,-0.3969
302495.2629,574362,81,-0.3835,-0.8037,-0.5439,-15.1145,-0.9618,-0.9618
302495.2629,574372,81,-0.3721,-0.7961,-0.5073,-12.2443,-1.7557,-0.7328
302495.2629,574382,81,-0.3572,-0.7842,-0.4717,-13.5267,-1.9084,1.2214
302495.2629,574392,81,-0.3601,-0.7617,-0.4473,-15.6947,-0.0305,4.2443
302495.2629,574402,81,-0.3708,-0.7307,-0.4402,-17.2214,2.0458,6.2137
302495.2629,574412,81,-0.3794,-0.7197,-0.4529,-19.0534,4.3359,6.2290
302495.2629,574422,81,-0.3955,-0.7253,-0.4958,-19.9389,6.9466,4.7481
302495.2629,574432,81,-0.4099,-0.7358,-0.5442,-18.8397,9.5267,2.9771
302495.2629,574442,81,-0.4275,-0.7349,-0.5786,-16.4885,11.0687,1.2366
302495.4427,574452,82,-0.4280,-0.7317,-0.6028,-13.5115,10.7481,-0.5191
302495.4427,574462,82,-0.4297,-0.7302,-0.6216,-10.1832,10.4427,-2.6412
302495.4427,574472,82,-0.4268,-0.7346,-0.6558,-7.2214,10.5344,-5.3893
302495.4427,574482,82,-0.4265,-0.7554,-0.7004,-4.5802,10.1069,-8.9924
302495.4427,574492,82,-0.4197,-0.7812,-0.7202,-0.9160,8.1985,-12.5954
302495.4427,574502,82,-0.3853,-0.8357,-0.7251,3.9237,5.3435,-14.9313
302495.4427,574512,82,-0.3706,-0.8943,-0.7295,14.4427,3.3588,-15.4504
302495.4427,574522,82,-0.3674,-0.9038,-0.7175,31.9847,-0.7939,-15.1145
302495.4427,574532,82,-0.3777,-0.8921,-0.7231,49.2824,-6.6718,-15.4046
302495.4427,574542,82,-0.3875,-0.8586,-0.7104,63.3130,-13.5573,-17.6031
302495.5028,574552,83,-0.3682,-0.8137,-0.6541,70.1374,-20.6565,-19.5573
302495.5028,574562,83,-0.3071,-0.7695,-0.5840,64.9313,-20.3359,-19.5878
302495.5028,574572,83,-0.2844,-0.8005,-0.5464,48.0305,-8.7176,-14.3511
302495.5028,574582,83,-0.2703,-0.8872,-0.6067,34.8702,1.3588,-4.5038
302495.5028,574592,83,-0.2676,-0.9792,-0.6968,44.6412,12.8550,2.6412
302495.5028,574602,83,-0.3171,-0.9392,-0.7134,70.8397,30.4122,8.9618
302495.5028,574612,83,-0.3687,-0.8391,-0.7349,90.8855,38.0000,16.0153
302495.5028,574622,83,-0.3667,-0.7236,-0.7124,94.6565,37.9695,21.2672
302495.5028,574632,83,-0.3801,-0.6677,-0.6565,79.4962,40.3664,26.8855
302495.5028,574642,83,-0.3789,-0.6658,-0.5542,61.6947,35.7252,29.6031
302495.5632,574652,84,-0.2241,-0.7092,-0.3887,56.8244,37.7099,26.7328
302495.5632,574662,84,-0.1250,-0.8032,-0.2239,75.8015,71.9084,17.4351
302495.5632,574672,84,-0.1279,-0.8025,-0.2209,108.8702,123.3740,7.7557
302495.5632,574682,84,-0.1184,-0.8875,-0.3640,132.4122,178.6412,7.7252
302495.5632,574692,84,-0.2803,-0.8599,-0.4753,155.9695,221.7099,15.4656
302495.5632,574702,84,-0.4595,-0.8496,-0.5259,162.8244,212.7939,26.4427
302495.5632,574712,84,-0.4321,-0.7830,-0.4751,154.0305,149.7710,34.0153
302495.5632,574722,84,-0.3762,-0.6411,-0.3010,129.3282,88.6412,38.1527
302495.5632,574732,84,-0.3391,-0.6074,-0.1387,79.8015,53.7405,38.8244
302495.5632,574742,84,-0.2893,-0.6653,-0.0862,24.0153,39.0076,33.2977
302495.6840,574752,85,-0.3223,-0.7842,-0.1475,-20.5954,40.2748,27.4656
302495.6840,574762,85,-0.3479,-0.8452,-0.1772,-44.2137,39.1298,24.4580
302495.6840,574772,85,-0.2693,-0.9158,-0.2148,-54.9160,35.6183,23.2366
302495.6840,574782,85,-0.2764,-0.9792,-0.2610,-51.6031,46.4122,23.4046
302495.6840,574792,85,-0.2996,-1.0000,-0.3259,-31.7710,58.3664,25.1908
302495.6840,574802,85,-0.3105,-0.9314,-0.3496,-4.8855,63.2214,26.8855
302495.6840,574812,85,-0.2983,-0.8638,-0.4106,13.1756,64.1374,26.7328
302495.6840,574822,85,-0.3547,-0.8489,-0.5278,19.4046,67.0840,24.9924
302495.6840,574832,85,-0.3928,-0.8313,-0.5667,18.8092,60.3206,24.2595
302495.6840,574842,85,-0.3694,-0.8005,-0.5498,11.4809,44.3511,24.4733
302495.8034,574852,86,-0.3525,-0.7769,-0.5134,1.0687,32.4885,23.5878
302495.8034,574862,86,-0.2878,-0.7791,-0.4695,-9.8321,25.9084,21.4656
302495.8034,574872,86,-0.2319,-0.8398,-0.4285,-18.3053,32.2901,21.1450
302495.8034,574882,86,-0.2444,-0.8457,-0.4316,-14.2595,46.8092,22.2748
302495.8034,574892,86,-0.2754,-0.8096,-0.4695,-8.6718,56.9008,23.0382
302495.8034,574902,86,-0.2856,-0.8049,-0.5288,-9.0687,58.7023,22.2290
302495.8034,574912,86,-0.2949,-0.8738,-0.6438,-11.1450,56.5496,21.1756
302495.8034,574922,86,-0.3357,-0.9375,-0.7261,-6.7939,50.4275,23.5573
302495.8034,574932,86,-0.3633,-0.9141,-0.7253,1.8779,36.5954,28.5344
302495.8034,574942,86,-0.3738,-0.8513,-0.6692,5.8779,18.4275,31.4198
302495.8631,574952,87,-0.3704,-0.7805,-0.6184,2.8244,-1.0382,30.1374
302495.8631,574962,87,-0.3210,-0.7795,-0.5715,-5.9389,-15.8168,26.7786
302495.8631,574972,87,-0.2969,-0.7891,-0.5146,-10.5802,-18.2748,23.7099
302495.8631,574982,87,-0.2917,-0.7922,-0.4771,-8.4427,-14.0611,22.1832
302495.8631,574992,87,-0.2959,-0.7522,-0.4746,-2.0305,-6.9771,21.7557
302495.8631,575002,87,-0.3240,-0.7205,-0.4890,1.1908,-0.5649,21.3282
302495.8631,575012,87,-0.3298,-0.6880,-0.4768,-0.7023,0.5496,20.9008
302495.8631,575022,87,-0.3137,-0.6531,-0.4360,-5.5725,1.0382,21.1298
302495.8631,575032,87,-0.3367,-0.6233,-0.4143,-11.1603,5.4351,20.7328
302495.8631,575042,87,-0.3562,-0.5813,-0.3933,-14.9466,6.5191,17.6336
302495.9835,575052,88,-0.3242,-0.5493,-0.3745,-20.8702,4.0000,13.0992
302495.9835,575062,88,-0.3105,-0.5830,-0.3606,-28.6565,5.4351,9.4656
302495.9835,575072,88,-0.2739,-0.6494,-0.4307,-26.5344,8.5649,6.3359
302495.9835,575082,88,-0.3198,-0.6907,-0.5664,-12.5344,17.3282,3.2672
302495.9835,575092,88,-0.3843,-0.6716,-0.6487,1.9542,21.3588,2.7786
302495.9835,575102,88,-0.4019,-0.6316,-0.6606,8.4427,8.6412,3.1145
302495.9835,575112,88,-0.3591,-0.5989,-0.6052,7.4962,-7.4046,0.9924
302495.9835,575122,88,-0.3262,-0.6267,-0.5535,0.3969,-13.1145,-3.4809
302495.9835,575132,88,-0.3320,-0.6663,-0.5442,-6.2748,-12.3511,-7.3893
302495.9835,575142,88,-0.3264,-0.6890,-0.5559,-10.3206,-13.0534,-9.2519
302496.1027,575152,89,-0.2947,-0.7102,-0.5427,-17.0840,-12.3664,-8.8244
302496.1027,575162,89,-0.2695,-0.7529,-0.5469,-25.3282,-6.4427,-5.9542
302496.1027,575172,89,-0.2849,-0.7871,-0.5513,-25.4809,3.3588,-1.4962
302496.1027,575182,89,-0.3003,-0.7678,-0.5557,-14.2748,9.9847,1.7405
302496.1027,575192,89,-0.3215,-0.7324,-0.5708,-4.3511,12.6565,2.9008
302496.1027,575202,89,-0.3457,-0.7007,-0.5845,-1.1298,11.3893,3.1298
302496.1027,575212,89,-0.3330,-0.6794,-0.5691,-3.5878,4.1221,3.0534
302496.1027,575222,89,-0.3157,-0.6797,-0.5439,-10.8092,-2.8397,2.5954
302496.1027,575232,89,-0.3159,-0.6743,-0.5366,-18.5649,-6.9924,1.1298
302496.1027,575242,89,-0.3127,-0.6809,-0.5369,-24.2290,-10.9771,-2.3969
302496.2222,575252,90,-0.2559,-0.7283,-0.5303,-28.9618,-13.9847,-7.1298
302496.2222,575262,90,-0.2307,-0.8074,-0.5110,-30.6870,-8.5649,-10.7634
302496.2222,575272,90,-0.2424,-0.8511,-0.4973,-27.0687,-0.3206,-11.6336
302496.2222,575282,90,-0.2393,-0.8687,-0.4856,-24.0611,3.8779,-9.6794
302496.2222,575292,90,-0.2314,-0.9146,-0.5415,-23.3893,8.6412,-6.0763
302496.2222,575302,90,-0.3015,-0.9507,-0.5903,-16.8092,17.6031,-0.6107
302496.2222,575312,90,-0.3313,-0.9404,-0.6050,-6.6718,18.3053,6.9924
302496.2222,575322,90,-0.3340,-0.8923,-0.5730,1.6489,11.2824,13.1603
302496.2222,575332,90,-0.3330,-0.8604,-0.5444,5.5725,6.1069,15.9542
302496.2222,575342,90,-0.3396,-0.8352,-0.5227,9.1450,3.7099,15.7710
302496.2822,575352,91,-0.3401,-0.8313,-0.5076,12.9924,3.9237,14.3359
302496.2822,575362,91,-0.3589,-0.8196,-0.4751,20.1374,5.6641,13.0534
302496.2822,575372,91,-0.3538,-0.8015,-0.4714,30.6260,6.9618,11.8626
302496.2822,575382,91,-0.3899,-0.7622,-0.5002,40.8702,14.2443,11.4809
302496.2822,575392,91,-0.4402,-0.7437,-0.5703,45.7863,21.5267,12.6870
302496.2822,575402,91,-0.4658,-0.6975,-0.6184,48.9008,23.6031,14.0305
302496.2822,575412,91,-0.4963,-0.6365,-0.6467,47.4962,24.4122,13.5420
302496.2822,575422,91,-0.5061,-0.5850,-0.6479,41.0534,21.3435,8.9160
302496.2822,575432,91,-0.4509,-0.5825,-0.6318,29.8168,16.9771,1.5420
302496.2822,575442,91,-0.4031,-0.6194,-0.6223,18.7481,19.8626,-5.4656
302496.4028,575452,92,-0.3616,-0.6665,-0.6301,13.2366,30.3664,-10.0916
302496.4028,575462,92,-0.3354,-0.6865,-0.6472,11.4198,45.2824,-11.9237
302496.4028,575472,92,-0.3438,-0.7039,-0.7188,5.7557,57.7863,-12.3053
302496.4028,575482,92,-0.3848,-0.7429,-0.7981,-2.7176,59.9542,-14.7481
302496.4028,575492,92,-0.4180,-0.7869,-0.8379,-7.2672,52.9466,-12.9466
302496.4028,575502,92,-0.4194,-0.8140,-0.8101,-8.3969,33.8168,-10.8244
302496.4028,575512,92,-0.3767,-0.8232,-0.7231,-7.8168,8.6412,-7.6794
302496.4028,575522,92,-0.3037,-0.8359,-0.6448,-9.6031,-13.6947,-5.6947
302496.4028,575532,92,-0.2754,-0.8491,-0.6008,-11.4962,-26.6412,-4.7786
302496.4028,575542,92,-0.2773,-0.8455,-0.5662,-12.3664,-34.4275,-3.5573
302496.4630,575552,93,-0.2625,-0.8223,-0.5212,-14.3664,-42.0611,-2.5802
302496.4630,575562,93,-0.1831,-0.8081,-0.4316,-20.8244,-46.0763,-1.6031
302496.4630,575572,93,-0.1147,-0.8276,-0.3413,-30.4275,-36.8702,0.3511
302496.4630,575582,93,-0.1211,-0.8542,-0.3132,-36.9008,-17.9695,3.3893
302496.4630,575592,93,-0.1638,-0.8540,-0.3386,-37.5420,-2.9771,6.4122
302496.4630,575602,93,-0.1626,-0.8765,-0.3630,-38.6260,3.6947,8.9618
302496.4630,575612,93,-0.1792,-0.9102,-0.3647,-37.5725,10.5344,12.2137
302496.4630,575622,93,-0.2114,-0.8870,-0.3518,-29.7252,15.1450,16.1679
302496.4630,575632,93,-0.2317,-0.8647,-0.3638,-23.4809,16.0916,19.9542
302496.4630,575642,93,-0.2734,-0.8276,-0.3562,-19.3893,15.6031,22.5344
302496.5843,575652,94,-0.2476,-0.8213,-0.3181,-17.7710,10.5802,23.6794
302496.5843,575662,94,-0.1958,-0.8306,-0.2886,-15.2824,9.8626,23.3130
302496.5843,575672,94,-0.2378,-0.8013,-0.2937,-8.1374,16.7176,22.0153
302496.5843,575682,94,-0.2605,-0.7756,-0.3257,-4.1221,19.2519,19.7557
302496.5843,575692,94,-0.2327,-0.7781,-0.3440,-4.8244,18.9160,17.0687
302496.5843,575702,94,-0.2578,-0.7651,-0.3525,-5.8168,22.6107,15.2519
302496.5843,575712,94,-0.2720,-0.7307,-0.3540,-6.4580,23.6489,13.2977
302496.5843,575722,94,-0.2393,-0.7258,-0.3604,-10.9771,24.7023,10.9618
302496.5843,575732,94,-0.2542,-0.7075,-0.4253,-14.2901,33.7405,8.8855
302496.5843,575742,94,-0.3330,-0.7029,-0.5437,-15.9237,44.3359,6.3664
302496.7017,575752,95,-0.3784,-0.6917,-0.6199,-14.9618,46.8855,4.0611
302496.7017,575762,95,-0.3750,-0.6733,-0.6445,-13.1756,41.8779,3.3588
302496.7017,575772,95,-0.3704,-0.6262,-0.6423,-9.1145,36.2290,3.2214
302496.7017,575782,95,-0.3538,-0.5625,-0.6316,-7.6641,32.0611,1.9847
302496.7017,575792,95,-0.3342,-0.5271,-0.6218,-11.0840,30.0305,-0.1374
302496.7017,575802,95,-0.2786,-0.5032,-0.6104,-16.4733,30.4275,-2.6260
302496.7017,575812,95,-0.2100,-0.5151,-0.6150,-21.7863,39.6031,-4.9924
302496.7017,575822,95,-0.2070,-0.5337,-0.6858,-25.5420,54.5954,-8.0611
302496.7017,575832,95,-0.2114,-0.5742,-0.8120,-27.1298,65.9084,-11.6031
302496.7017,575842,95,-0.2268,-0.6379,-1.0386,-24.8855,73.3893,-14.2595
302496.7628,575852,96,-0.3247,-0.6704,-1.2612,-15.5420,77.9847,-16.5038
302496.7628,575862,96,-0.3569,-0.7168,-1.3450,-9.1756,67.1450,-17.1756
302496.7628,575872,96,-0.1804,-0.9202,-1.3428,-5.6336,42.6870,-15.6336
302496.7628,575882,96,-0.1357,-1.0200,-1.3013,14.6412,29.5573,-9.4198
302496.7628,575892,96,-0.1323,-1.0442,-1.2761,42.8244,15.4198,1.4198
302496.7628,575902,96,-0.1355,-0.9922,-1.2122,63.5725,-5.4504,16.2443
302496.7628,575912,96,-0.1416,-0.8550,-1.1079,69.1756,-26.1221,31.8168
302496.7628,575922,96,-0.2134,-0.7014,-1.0227,54.4427,-42.0000,43.6794
302496.7628,575932,96,-0.2927,-0.5669,-0.9690,27.6794,-57.5420,46.1679
302496.7628,575942,96,-0.3582,-0.4575,-0.9187,-1.6336,-74.1374,38.0763
302496.8839,575952,97,-0.3633,-0.4409,-0.8572,-30.6260,-90.8702,24.0305
302496.8839,575962,97,-0.2681,-0.5183,-0.7905,-50.1069,-100.1374,9.4351
302496.8839,575972,97,-0.2212,-0.5615,-0.6963,-46.8702,-95.0229,-2.1679
302496.8839,575982,97,-0.2021,-0.5586,-0.6602,-30.1527,-82.7328,-10.3359
302496.8839,575992,97,-0.2480,-0.4919,-0.7141,-18.6718,-69.2824,-14.1221
302496.8839,576002,97,-0.2920,-0.4697,-0.7786,-17.9237,-63.4046,-16.1832
302496.8839,576012,97,-0.3118,-0.4998,-0.7686,-19.9389,-67.3282,-20.7328
302496.8839,576022,97,-0.3188,-0.5293,-0.6924,-20.3664,-75.7099,-25.9847
302496.8839,576032,97,-0.2788,-0.5659,-0.5938,-20.8397,-86.1069,-29.4046
302496.8839,576042,97,-0.2585,-0.5962,-0.4912,-20.7786,-91.2366,-30.8397
302497.0028,576052,98,-0.2380,-0.5991,-0.4202,-18.3664,-90.4733,-31.4962
302497.0028,576062,98,-0.2578,-0.5776,-0.4204,-13.7099,-85.8015,-32.4885
302497.0028,576072,98,-0.2986,-0.5708,-0.4873,-10.2137,-80.7786,-34.4122
302497.0028,576082,98,-0.3572,-0.5669,-0.5588,-5.7710,-79.7252,-37.6183
302497.0028,576092,98,-0.3872,-0.5520,-0.5820,0.8855,-88.9924,-42.4427
302497.0028,576102,98,-0.4207,-0.5239,-0.5916,8.5802,-106.3969,-49.1145
302497.0028,576112,98,-0.4543,-0.4824,-0.6001,15.5420,-134.7328,-57.1145
302497.0028,576122,98,-0.4426,-0.4604,-0.5913,18.1069,-174.5649,-66.8092
302497.0028,576132,98,-0.4001,-0.4604,-0.5469,17.3130,-216.9008,-78.5649
302497.0028,576142,98,-0.2937,-0.5208,-0.4482,9.0229,-256.9618,-91.9542
302497.0629,576152,99,-0.0583,-0.6887,-0.2727,-7.7099,-281.2672,-105.4351
302497.0629,576162,99,0.1797,-0.8757,-0.0894,-17.0687,-276.9008,-139.3130
302497.0629,576172,99,0.2153,-1.0405,0.0454,1.0076,-209.7710,-135.3282
302497.0629,576182,99,0.2014,-0.9397,0.1240,9.7252,-112.5649,-94.0458
302497.0629,576192,99,0.0447,-1.0212,0.0110,-11.5115,-31.9237,-66.9160
302497.0629,576202,99,-0.1345,-1.0344,-0.1777,-11.1298,16.8244,-50.7176
302497.0629,576212,99,-0.3904,-0.9399,-0.3062,14.4122,29.1908,-41.8168
302497.0629,576222,99,-0.4604,-0.8594,-0.3396,36.8702,-2.5802,-35.4504
302497.0629,576232,99,-0.4534,-0.7278,-0.3455,57.5420,-38.7328,-24.6107
302497.0629,576242,99,-0.5452,-0.4575,-0.2441,78.1069,-54.5344,-15.4198
302497.1830,576252,100,-0.6257,-0.1267,-0.0623,90.8244,-70.7481,-17.0076
302497.1830,576262,100,-0.5969,0.2563,0.1128,94.7786,-97.3740,-43.3893
302497.1830,576272,100,-0.2263,0.3228,0.2119,72.9466,-109.6183,-100.6412
302497.1830,576282,100,0.1626,-0.0129,0.1934,26.5954,-54.8702,-171.9389
302497.1830,576292,100,0.3650,-0.6367,0.0759,-17.4504,44.6565,-246.5038
302497.1830,576302,100,0.3228,-1.5715,-0.2537,-73.9084,105.0534,-270.5191
302497.1830,576312,100,0.3560,-2.3555,-0.6824,-104.8550,92.1374,-229.7405
302497.1830,576322,100,0.2439,-2.5239,-0.8914,-78.4275,55.7252,-156.3053
302497.1830,576332,100,0.1746,-2.2769,-0.8281,-28.5802,12.8092,-83.1603
302497.1830,576342,100,0.0283,-1.5398,-0.5149,43.6336,-38.0153,0.0153
302497.3019,576352,101,-0.0527,-1.2434,-0.3413,60.4580,-48.2901,11.7099
302497.3019,576362,101,-0.0850,-0.9717,-0.1431,62.3053,-57.5267,16.4885
302497.3019,576372,101,-0.0872,-0.7417,0.0276,48.1832,-55.8626,18.0611
302497.3019,576382,101,-0.1135,-0.6206,0.0754,22.9924,-35.2214,15.6031
302497.3019,576392,101,-0.2324,-0.5957,-0.0325,-0.1832,-5.1603,9.2366
302497.3019,576402,101,-0.3440,-0.6030,-0.1738,-12.2748,13.6641,0.0916
302497.3019,576412,101,-0.3623,-0.6616,-0.2991,-16.1527,16.4427,-9.8779
302497.3019,576422,101,-0.2856,-0.7588,-0.3093,-16.9466,14.9008,-17.3282
302497.3019,576432,101,-0.2485,-0.8530,-0.3074,-16.2748,19.7405,-18.4580
302497.3019,576442,101,-0.2185,-0.9148,-0.3213,-9.3588,21.8931,-16.4733
302497.3655,576452,102,-0.1953,-0.9380,-0.3391,0.8244,19.7405,-13.7099
302497.3655,576462,102,-0.1726,-0.9365,-0.3459,9.3435,16.4733,-11.2519
302497.3655,576472,102,-0.1479,-0.9421,-0.3262,13.0534,12.7328,-9.4198
302497.3655,576482,102,-0.1235,-0.9529,-0.3101,13.5420,10.1985,-8.8244
302497.3655,576492,102,-0.1091,-0.9512,-0.2922,13.3893,8.4733,-10.5344
302497.3655,576502,102,-0.0959,-0.9739,-0.2866,10.8855,6.2443,-14.3664
302497.3655,576512,102,-0.0818,-1.0125,-0.2971,6.2748,2.4427,-19.0840
302497.3655,576522,102,-0.0789,-1.0522,-0.2971,1.2519,-2.1527,-22.4122
302497.3655,576532,102,-0.0532,-1.0840,-0.3066,-3.7557,-7.2977,-23.1603
302497.3655,576542,102,-0.0330,-1.1140,-0.3005,-9.0687,-10.0000,-20.7328
302497.4834,576552,103,-0.0303,-1.1157,-0.2949,-13.0534,-8.3969,-16.1527
302497.4834,576562,103,-0.0457,-1.1042,-0.2932,-14.5649,-5.6183,-11.5115
302497.4834,576572,103,-0.0356,-1.0896,-0.2871,-15.0687,-2.9924,-8.7481
302497.4834,576582,103,-0.0420,-1.1011,-0.2861,-15.1450,4.9466,-6.7328
302497.4834,576592,103,-0.0728,-1.1414,-0.3281,-11.6947,14.7023,-4.1221
302497.4834,576602,103,-0.1033,-1.1628,-0.3752,0.7939,20.2290,-1.9542
302497.4834,576612,103,-0.1196,-1.1621,-0.3933,19.1756,22.1374,-0.8702
302497.4834,576622,103,-0.1379,-1.1597,-0.4250,37.3435,22.2901,1.2672
302497.4834,576632,103,-0.1685,-1.1162,-0.4431,53.5878,22.3359,6.2137
302497.4834,576642,103,-0.1929,-1.0344,-0.3972,65.7252,20.0305,12.0458
302497.6028,576652,104,-0.1541,-0.9573,-0.3259,70.2901,17.2824,16.5649
302497.6028,576662,104,-0.1448,-1.0120,-0.3325,67.7863,22.0916,20.1832
302497.6028,576672,104,-0.2004,-1.0232,-0.3359,76.9924,27.2366,23.0076
302497.6028,576682,104,-0.2288,-0.9905,-0.3149,94.2137,23.6947,25.2061
302497.6028,576692,104,-0.2419,-0.9695,-0.2966,110.1374,18.5954,26.1679
302497.6028,576702,104,-0.2739,-0.9617,-0.2930,129.6183,16.6107,24.2748
302497.6028,576712,104,-0.3247,-0.9377,-0.2878,154.5802,13.4046,20.1832
302497.6028,576722,104,-0.3120,-0.9116,-0.2598,181.4351,7.2824,13.6794
302497.6028,576732,104,-0.2981,-0.9177,-0.2417,203.9389,2.7939,7.2519
302497.6028,576742,104,-0.2661,-0.9187,-0.2295,222.9618,2.4122,1.1756
302497.6621,576752,105,-0.2888,-0.8179,-0.1887,241.6947,6.6565,-5.6183
302497.6621,576762,105,-0.2634,-0.8188,-0.1382,247.4809,3.1908,-15.4809
302497.6621,576772,105,-0.2107,-0.8936,-0.0850,244.0916,-10.0000,-27.5878
302497.6621,576782,105,-0.1877,-0.9885,-0.0630,235.5420,-27.3740,-37.9389
302497.6621,576792,105,-0.1387,-1.1372,-0.0652,224.2748,-47.6336,-44.6565
302497.6621,576802,105,-0.1304,-1.1990,-0.0017,218.7176,-69.5267,-46.0916
302497.6621,576812,105,-0.0298,-1.2600,0.1118,209.2061,-98.9466,-40.3359
302497.6621,576822,105,0.0994,-1.3357,0.2288,195.5420,-119.1908,-27.7863
302497.6621,576832,105,0.2881,-1.3315,0.3816,191.4198,-107.9695,-14.0000
302497.6621,576842,105,0.3320,-1.3025,0.4241,198.1221,-48.4580,-2.0458
302497.9007,576852,106,0.0735,-1.2356,0.3347,226.0458,30.1527,3.6183
302497.9007,576862,106,-0.0542,-1.2280,0.1646,268.4733,76.9618,-0.6260
302497.9007,576872,106,-0.2312,-1.0693,0.0811,325.4962,97.4504,-8.5802
302497.9007,576882,106,-0.3477,-0.7764,0.0850,371.2672,96.1374,-7.4656
302497.9007,576892,106,-0.4333,-0.5083,0.1208,386.2901,84.1221,-0.3359
302497.9007,576902,106,-0.4478,-0.3130,0.1191,381.8015,73.2672,1.4351
302497.9007,576912,106,-0.5024,-0.0962,0.2153,374.7328,67.2214,-7.0840
302497.9007,576922,106,-0.4172,-0.0010,0.4072,352.3206,55.0382,-23.5420
302497.9007,576932,106,-0.2727,-0.1201,0.6846,311.6947,42.0458,-41.7405
302497.9007,576942,106,-0.0715,-0.4678,0.9092,261.5725,28.5344,-53.2366
302497.9026,576952,107,0.1458,-0.7837,1.1079,222.1069,27.1756,-56.6565
302497.9026,576962,107,0.2405,-1.0105,1.2129,196.0305,44.5496,-50.5954
302497.9026,576972,107,0.1907,-1.1016,1.2175,186.2137,67.7252,-36.8550
302497.9026,576982,107,0.1172,-1.0156,1.2061,182.8397,78.0458,-17.9084
302497.9026,576992,107,0.0916,-0.8296,1.2483,169.6794,79.6641,1.7557
302497.9026,577002,107,-0.0112,-0.6616,1.2224,146.7481,86.7481,15.4962
302497.9026,577012,107,-0.1135,-0.5095,1.1323,126.0763,89.1145,20.5954
302497.9026,577022,107,-0.1917,-0.3455,1.0586,107.7252,82.4733,19.8931
302497.9026,577032,107,-0.2178,-0.3416,0.9673,86.1679,72.0611,15.1908
302497.9026,577042,107,-0.2507,-0.3394,0.8606,76.3664,62.5344,6.8550
302497.9618,577052,108,-0.2510,-0.3357,0.7891,79.7863,56.2290,-2.4122
302497.9618,577062,108,-0.2444,-0.3621,0.8088,88.2443,60.2290,-8.9008
302497.9618,577072,108,-0.3025,-0.3459,0.7927,101.7405,67.9847,-14.3053
302497.9618,577082,108,-0.3496,-0.3352,0.7820,113.7099,66.8244,-21.8015
302497.9618,577092,108,-0.3589,-0.3733,0.8203,114.3359,54.7939,-27.3740
302497.9618,577102,108,-0.3120,-0.4089,0.9463,105.6794,34.4885,-27.5420
302497.9618,577112,108,-0.1890,-0.4097,1.1379,92.3206,20.0000,-23.1908
302497.9618,577122,108,-0.1514,-0.4377,1.2424,76.1679,26.3664,-16.9618
302497.9618,577132,108,-0.1611,-0.4504,1.2549,66.7328,37.7405,-12.1374
302497.9618,577142,108,-0.1880,-0.4099,1.2490,64.8092,42.5802,-8.7023
302498.0834,577152,109,-0.1858,-0.3594,1.2656,63.8626,44.2595,-6.7939
302498.0834,577162,109,-0.1880,-0.2917,1.2830,66.7786,50.3664,-7.2672
302498.0834,577172,109,-0.2483,-0.2388,1.2349,73.8168,61.9084,-10.2901
302498.0834,577182,109,-0.3262,-0.1687,1.1301,80.2901,71.9542,-14.8855
302498.0834,577192,109,-0.3933,-0.1245,0.9500,80.3511,76.8092,-18.5954
302498.0834,577202,109,-0.5176,-0.1106,0.7236,78.2748,79.2214,-22.3664
302498.0834,577212,109,-0.6057,-0.0681,0.5720,77.1603,71.8321,-27.4809
302498.0834,577222,109,-0.6460,0.0142,0.4932,71.9237,53.4046,-33.6489
302498.0834,577232,109,-0.6458,0.0020,0.4587,60.8550,29.7710,-42.5954
302498.0834,577242,109,-0.5789,-0.0857,0.4521,52.1069,2.8550,-54.0458
302498.2030,577252,110,-0.4993,-0.1721,0.4795,52.6870,-20.5954,-63.7863
302498.2030,577262,110,-0.4556,-0.1963,0.4675,62.6718,-38.9313,-67.3893
302498.2030,577272,110,-0.4478,-0.1257,0.4263,79.9847,-54.2443,-66.6565
302498.2030,577282,110,-0.3665,-0.0061,0.4502,98.6565,-64.5802,-68.3206
302498.2030,577292,110,-0.3499,0.1055,0.4756,110.4122,-53.7710,-75.3435
302498.2030,577302,110,-0.4023,0.1724,0.5117,111.8626,-41.3740,-85.3893
302498.2030,577312,110,-0.1724,0.2114,0.7705,96.1985,-48.5344,-94.4580
302498.2030,577322,110,-0.0122,0.0974,0.9734,64.8092,-35.9847,-103.2977
302498.2030,577332,110,-0.0376,-0.0806,1.0574,49.3740,-13.2519,-116.4427
302498.2030,577342,110,0.0393,-0.2749,1.1497,48.9008,-18.5038,-126.4275
302498.3208,577352,111,0.1582,-0.4031,1.2439,50.1221,-30.3969,-124.1374
302498.3208,577362,111,0.2415,-0.4929,1.3193,42.4275,-23.5115,-110.9160
302498.3208,577372,111,0.2021,-0.5571,1.2639,40.3817,4.3206,-95.9084
302498.3208,577382,111,0.0791,-0.5354,1.0996,53.0229,29.6641,-84.0916
302498.3208,577392,111,-0.0203,-0.4429,0.9358,62.5038,38.3206,-73.9695
302498.3208,577402,111,-0.0813,-0.3752,0.8599,57.3130,36.1221,-64.8702
302498.3208,577412,111,-0.1343,-0.3179,0.8467,44.6107,27.8015,-58.3511
302498.3208,577422,111,-0.1533,-0.2766,0.8799,31.7710,14.6412,-55.1298
302498.3208,577432,111,-0.1006,-0.2651,1.0020,16.8550,0.5802,-54.9924
302498.3208,577442,111,-0.0444,-0.3423,1.0969,-3.6489,-2.8702,-54.9160
302498.5011,577452,112,-0.0986,-0.4180,1.1008,-18.4580,5.6947,-54.2137
302498.5011,577462,112,-0.1343,-0.4712,1.0732,-23.3435,7.0382,-53.3588
302498.5011,577472,112,-0.1360,-0.4954,1.0630,-24.6565,2.1221,-51.8931
302498.5011,577482,112,-0.1248,-0.5327,1.0896,-25.5267,-0.5496,-49.6183
302498.5011,577492,112,-0.1140,-0.5635,1.1289,-22.1221,3.2672,-45.8015
302498.5011,577502,112,-0.1365,-0.5425,1.1292,-14.1679,10.4885,-40.1832
302498.5011,577512,112,-0.1743,-0.4849,1.0640,-8.0000,16.7176,-32.8244
302498.5011,577522,112,-0.2190,-0.4124,0.9888,-5.3130,19.4351,-25.2519
302498.5011,577532,112,-0.2539,-0.3323,0.9526,-4.9160,17.5115,-19.2061
302498.5011,577542,112,-0.2732,-0.2671,0.9309,-6.5344,11.0382,-16.0305
302498.5027,577552,113,-0.2708,-0.2317,0.9124,-5.8168,4.0153,-16.5344
302498.5027,577562,113,-0.2754,-0.2097,0.9004,0.9160,0.2901,-20.3359
302498.5027,577572,113,-0.2715,-0.1885,0.9111,8.8092,-0.5954,-23.9847
302498.5027,577582,113,-0.2861,-0.1711,0.8906,12.1069,1.1756,-25.0229
302498.5027,577592,113,-0.3230,-0.1541,0.8645,12.0000,3.4046,-24.3206
302498.5027,577602,113,-0.3340,-0.1208,0.8564,12.0916,1.0840,-23.9847
302498.5027,577612,113,-0.3125,-0.0913,0.8889,10.4733,-3.4809,-24.5496
302498.5027,577622,113,-0.2805,-0.0918,0.9365,5.0534,-5.8015,-25.8015
302498.5027,577632,113,-0.2595,-0.0994,0.9944,-0.4580,-7.5573,-27.9389
302498.5027,577642,113,-0.1626,-0.1201,1.1055,-3.6947,-8.9466,-30.8092
302498.5638,577652,114,-0.1653,-0.1853,1.1418,-1.3130,3.5267,-34.6718
302498.5638,577662,114,-0.2192,-0.2102,1.1128,6.6718,17.7557,-37.5725
302498.5638,577672,114,-0.2627,-0.2039,1.0374,10.4275,23.1908,-37.3130
302498.5638,577682,114,-0.3091,-0.2000,0.9395,7.6336,24.5802,-34.4885
302498.5638,577692,114,-0.3462,-0.1855,0.8823,5.7557,21.4198,-33.3740
302498.5638,577702,114,-0.3738,-0.1890,0.8843,2.3511,11.3130,-34.2748
302498.5638,577712,114,-0.3572,-0.2031,0.9180,-1.0076,-2.9313,-36.7328
302498.5638,577722,114,-0.3374,-0.2332,0.9541,-2.4122,-15.4962,-40.1069
302498.5638,577732,114,-0.2742,-0.2739,1.0308,-2.3664,-25.4504,-43.0992
302498.5638,577742,114,-0.2417,-0.3203,1.0891,0.6107,-24.6260,-44.5344
302498.7416,577752,115,-0.2366,-0.3440,1.1130,6.1985,-16.3817,-43.0229
302498.7416,577762,115,-0.2251,-0.3433,1.1060,9.1450,-6.5649,-38.2137
302498.7416,577772,115,-0.2522,-0.3252,1.0669,8.0916,4.7634,-30.9313
302498.7416,577782,115,-0.3069,-0.2871,1.0249,9.1603,11.9695,-24.1985
302498.7416,577792,115,-0.3232,-0.2495,0.9761,14.5649,11.5267,-20.8244
302498.7416,577802,115,-0.3501,-0.2017,0.9534,20.3817,9.6336,-20.5038
302498.7416,577812,115,-0.3354,-0.1775,0.9651,20.1679,4.5038,-20.3511
302498.7416,577822,115,-0.3159,-0.1855,1.0046,16.4122,-0.2595,-20.5649
302498.7416,577832,115,-0.2815,-0.2100,1.0386,15.2672,-6.0916,-22.8702
302498.7416,577842,115,-0.2480,-0.2380,1.0767,16.1221,-11.4351,-25.6336
302498.8032,577852,116,-0.1523,-0.2522,1.1965,13.3282,-14.8702,-27.1450
302498.8032,577862,116,-0.1135,-0.3354,1.2517,8.2137,-4.9008,-27.8931
302498.8032,577872,116,-0.1423,-0.4121,1.2146,8.3053,11.3588,-26.7176
302498.8032,577882,116,-0.1770,-0.4507,1.1138,11.4504,20.0458,-21.6183
302498.8032,577892,116,-0.2153,-0.4485,1.0095,15.2977,21.6336,-14.2595
302498.8032,577902,116,-0.2581,-0.3899,0.9639,20.4580,18.4275,-7.3435
302498.8032,577912,116,-0.2651,-0.3228,0.9688,27.6489,11.6947,-4.0305
302498.8032,577922,116,-0.2656,-0.2878,0.9829,34.0458,5.3130,-5.7405
302498.8032,577932,116,-0.2478,-0.2957,0.9731,37.5573,-1.4198,-8.5649
302498.8032,577942,116,-0.1663,-0.3013,1.0574,36.6870,-6.1679,-8.7176
302498.8614,577952,117,-0.1279,-0.3501,1.1084,33.2061,-0.4733,-6.4122
302498.8614,577962,117,-0.1326,-0.3691,1.1038,34.1527,11.6336,-3.1450
302498.8614,577972,117,-0.1479,-0.3904,1.0405,35.3282,19.3893,2.0916
302498.8614,577982,117,-0.1836,-0.3816,0.9680,37.1756,21.0840,9.1756
302498.8614,577992,117,-0.2075,-0.3438,0.9419,38.6718,18.3969,16.5954
302498.8614,578002,117,-0.2234,-0.2698,0.9504,38.9008,14.3359,21.6794
302498.8614,578012,117,-0.2424,-0.1943,0.9536,38.7023,11.0382,22.9924
302498.8614,578022,117,-0.2654,-0.1614,0.9397,40.5954,9.3130,20.0000
302498.8614,578032,117,-0.3020,-0.1301,0.9209,44.4427,7.6641,16.4122
302498.8614,578042,117,-0.3196,-0.1104,0.9016,45.7863,4.4733,15.5115
302498.9829,578052,118,-0.3354,-0.0664,0.8716,45.3740,1.2519,16.3817
302498.9829,578062,118,-0.3438,-0.0278,0.8435,44.8702,1.8626,16.0305
302498.9829,578072,118,-0.3738,-0.0227,0.8154,44.4580,4.2290,13.1145
302498.9829,578082,118,-0.3787,-0.0227,0.7969,43.3588,0.5954,9.2214
302498.9829,578092,118,-0.3660,-0.0366,0.7969,40.5496,-5.7252,6.2748
302498.9829,578102,118,-0.3391,-0.0527,0.8208,37.1756,-11.5725,4.1527
302498.9829,578112,118,-0.3223,-0.0908,0.8542,35.8321,-15.1908,1.4046
302498.9829,578122,118,-0.2859,-0.1140,0.9241,40.5954,-16.5496,-2.6718
302498.9829,578132,118,-0.2676,-0.1270,0.9780,45.1603,-12.7939,-4.8244
302498.9829,578142,118,-0.2673,-0.1174,0.9968,45.2519,-7.8321,-4.0763
302499.1028,578152,119,-0.2666,-0.0994,1.0000,42.5802,-5.0534,-2.1527
302499.1028,578162,119,-0.2625,-0.0957,0.9790,39.0382,-1.3282,-0.5038
302499.1028,578172,119,-0.2883,-0.1091,0.9402,38.0611,3.1603,0.9466
302499.1028,578182,119,-0.3064,-0.0884,0.8997,39.6947,3.0687,3.4962
302499.1028,578192,119,-0.3145,-0.0413,0.8748,40.5802,-0.1221,6.5191
302499.1028,578202,119,-0.3267,-0.0039,0.8738,40.5649,-4.1679,7.5573
302499.1028,578212,119,-0.3303,0.0425,0.8855,41.9084,-8.7786,6.4427
302499.1028,578222,119,-0.3247,0.0730,0.9172,43.0382,-12.8092,4.3511
302499.1028,578232,119,-0.3145,0.0908,0.9426,43.9542,-15.1603,1.2366
302499.1028,578242,119,-0.3145,0.1064,0.9460,43.8931,-15.6489,-2.0611
302499.1627,578252,120,-0.3167,0.1072,0.9294,41.6489,-16.7634,-4.3969
302499.1627,578262,120,-0.2949,0.1130,0.9177,39.1908,-19.1908,-6.3359
302499.1627,578272,120,-0.2676,0.0967,0.9043,36.5649,-18.4885,-8.3664
302499.1627,578282,120,-0.2861,0.0796,0.8855,34.2901,-15.2977,-10.2748
302499.1627,578292,120,-0.2766,0.0637,0.8552,34.2290,-17.0076,-11.0534
302499.1627,578302,120,-0.2800,0.0818,0.8521,36.6718,-19.8015,-11.6489
302499.1627,578312,120,-0.2634,0.1123,0.8794,37.6336,-23.2214,-11.9237
302499.1627,578322,120,-0.2483,0.1438,0.9163,34.5344,-25.7405,-11.7863
302499.1627,578332,120,-0.2214,0.1582,0.9448,29.4962,-26.9771,-12.5496
302499.1627,578342,120,-0.2058,0.1582,0.9604,24.8092,-26.3511,-14.3053
302499.2833,578352,121,-0.1824,0.1511,0.9817,21.2214,-24.5344,-16.2443
302499.2833,578362,121,-0.1802,0.1260,0.9841,19.5115,-20.9466,-18.1985
302499.2833,578372,121,-0.1772,0.1172,0.9705,20.8244,-19.4198,-20.1832
302499.2833,578382,121,-0.1733,0.1089,0.9617,22.5191,-19.2214,-21.6031
302499.2833,578392,121,-0.1804,0.1060,0.9397,23.7557,-20.2901,-22.1221
302499.2833,578402,121,-0.1782,0.1228,0.9260,24.2901,-23.4046,-22.5802
302499.2833,578412,121,-0.1731,0.1411,0.9224,22.8244,-26.9771,-23.5115
302499.2833,578422,121,-0.1519,0.1501,0.9253,19.0687,-29.3282,-24.7939
302499.2833,578432,121,-0.1597,0.1438,0.9163,14.3817,-29.3282,-26.0305
302499.2833,578442,121,-0.1643,0.1433,0.8911,10.5954,-30.5344,-27.8015
302499.4029,578452,122,-0.1545,0.1521,0.8813,8.7481,-33.1145,-30.1221
302499.4029,578462,122,-0.1538,0.1562,0.8699,8.2290,-34.3053,-32.3359
302499.4029,578472,122,-0.1479,0.1572,0.8652,8.3969,-34.1679,-34.4122
302499.4029,578482,122,-0.1343,0.1506,0.8486,7.2672,-35.7099,-36.7786
302499.4029,578492,122,-0.1228,0.1245,0.8501,4.5802,-38.8244,-39.7099
302499.4029,578502,122,-0.1023,0.0847,0.8728,0.5191,-44.4885,-42.2748
302499.4029,578512,122,-0.0713,0.0352,0.9297,-4.8550,-52.5802,-43.5267
302499.4029,578522,122,-0.0208,-0.0386,1.0708,-11.0534,-64.5496,-43.1450
302499.4029,578532,122,0.0933,-0.0369,1.2256,-19.2672,-83.2519,-39.6489
302499.4029,578542,122,0.1985,-0.0376,1.2937,-36.5191,-93.0992,-31.4962
302499.4629,578552,123,0.2480,-0.0503,1.2424,-53.5420,-87.3435,-24.2290
302499.4629,578562,123,0.2295,-0.0222,1.1379,-59.0534,-73.3740,-21.0534
302499.4629,578572,123,0.1982,-0.0330,1.0125,-56.6107,-54.6260,-21.6794
302499.4629,578582,123,0.1033,0.0161,0.8818,-44.9313,-30.9160,-25.0076
302499.4629,578592,123,-0.0344,0.1548,0.7439,-32.1985,-5.9542,-27.1908
302499.4629,578602,123,-0.1479,0.2297,0.5706,-30.9466,18.2901,-28.2137
302499.4629,578612,123,-0.3328,0.2415,0.4080,-33.4198,34.5344,-36.2901
302499.4629,578622,123,-0.4612,0.2896,0.2422,-30.5344,24.5344,-49.0534
302499.4629,578632,123,-0.5688,0.2671,0.1514,-20.0305,-2.1374,-67.4504
302499.4629,578642,123,-0.5173,0.2141,0.2212,-8.1985,-47.3740,-93.4351
302499.5833,578652,124,-0.3184,0.0515,0.4214,-2.0000,-111.1450,-114.8855
302499.5833,578662,124,0.0515,-0.1067,0.8018,1.2214,-176.2901,-123.4351
302499.5833,578672,124,0.5547,-0.3311,1.3262,-5.0229,-212.3511,-124.3969
302499.5833,578682,124,0.9746,-0.5488,1.7966,-19.3130,-210.7023,-122.7939
302499.5833,578692,124,1.1509,-0.7542,2.0942,-34.6718,-164.9618,-110.2901
302499.5833,578702,124,1.0957,-0.8557,2.0825,-35.5725,-88.3817,-81.8779
302499.5833,578712,124,0.7651,-0.7178,1.8337,-22.2443,-8.0305,-45.5573
302499.5833,578722,124,0.4185,-0.4001,1.5315,-9.8015,37.8473,-13.8626
302499.5833,578732,124,0.1238,-0.1392,1.2261,-5.1756,58.5344,2.8702
302499.5833,578742,124,-0.1528,0.0010,0.9854,-7.8473,61.6336,5.6183
302499.7026,578752,125,-0.2754,0.1226,0.8867,-10.4122,44.1679,1.5420
302499.7026,578762,125,-0.3003,0.1509,0.8569,-14.1832,20.7786,-6.0458
302499.7026,578772,125,-0.3091,0.1414,0.8679,-17.4809,2.6565,-16.8702
302499.7026,578782,125,-0.2644,0.0964,0.9136,-22.5496,-16.2748,-25.9542
302499.7026,578792,125,-0.1660,-0.0100,0.9849,-29.2214,-29.4656,-31.8779
302499.7026,578802,125,-0.0898,-0.1594,1.1062,-32.6412,-29.3893,-38.8550
302499.7026,578812,125,0.0000,-0.3293,1.2178,-30.6412,-33.2672,-43.3588
302499.7026,578822,125,0.1138,-0.4355,1.3210,-26.4733,-40.1221,-39.2519
302499.7026,578832,125,0.2261,-0.4880,1.4053,-26.4580,-40.8855,-26.4427
302499.7026,578842,125,0.2788,-0.5059,1.4268,-29.2366,-30.6412,-8.8855
302499.7618,578852,126,0.2661,-0.4731,1.3740,-29.1908,-16.1527,6.7176
302499.7618,578862,126,0.2253,-0.3728,1.3142,-27.7405,-6.5954,18.2443
302499.7618,578872,126,0.2153,-0.2920,1.2559,-29.0534,-1.1145,25.5267
302499.7618,578882,126,0.1572,-0.2405,1.1926,-31.4656,6.1679,27.4809
302499.7618,578892,126,0.0884,-0.1956,1.1301,-32.7481,8.0916,26.6718
302499.7618,578902,126,0.0552,-0.1631,1.0647,-32.8244,5.0687,25.8015
302499.7618,578912,126,0.0193,-0.1328,1.0354,-31.2519,3.3435,23.3893
302499.7618,578922,126,-0.0093,-0.1116,1.0212,-28.9771,1.2061,21.5115
302499.7618,578932,126,-0.0127,-0.1025,1.0227,-28.5344,-0.8397,20.9771
302499.7618,578942,126,-0.0232,-0.0952,1.0112,-29.8473,-2.9618,20.8550
302499.8830,578952,127,-0.0444,-0.0886,0.9893,-31.1756,-5.0382,21.0229
302499.8830,578962,127,-0.0476,-0.0837,0.9822,-30.8550,-8.4275,20.0305
302499.8830,578972,127,0.0015,-0.0496,1.0310,-30.5191,-12.9466,18.6260
302499.8830,578982,127,0.0464,-0.0703,1.0618,-32.5344,-7.2824,17.5725
302499.8830,578992,127,0.0100,-0.0808,1.0483,-29.3740,4.0153,14.1832
302499.8830,579002,127,-0.0112,-0.0708,1.0156,-25.8931,6.3817,10.8397
302499.8830,579012,127,-0.0085,-0.0605,1.0063,-26.7328,4.0763,8.9313
302499.8830,579022,127,0.0110,-0.0544,0.9917,-30.6412,-0.6565,6.9160
302499.8830,579032,127,0.0417,-0.0715,1.0027,-35.3435,-5.0840,4.0611
302499.8830,579042,127,0.0725,-0.1050,1.0205,-40.6565,-8.4733,0.5649
302500.0030,579052,128,0.1238,-0.1628,1.0396,-46.6718,-13.0229,-2.0763
302500.0030,579062,128,0.1548,-0.2373,1.0493,-55.8626,-15.0687,-1.1756
302500.0030,579072,128,0.1719,-0.3208,1.0547,-64.9313,-15.4962,3.2519
302500.0030,579082,128,0.1726,-0.3689,1.0591,-67.8321,-14.2748,8.6107
302500.0030,579092,128,0.1819,-0.3662,1.0674,-66.1679,-13.3282,13.6947
302500.0030,579102,128,0.1890,-0.3882,1.0408,-62.1069,-10.4885,17.1298
302500.0030,579112,128,0.1497,-0.4060,1.0042,-51.5420,-4.3053,16.6260
302500.0030,579122,128,0.1333,-0.4009,0.9917,-36.9313,-3.4962,15.4962
302500.0030,579132,128,0.1252,-0.3711,0.9963,-26.1527,-4.7481,17.2366
302500.0030,579142,128,0.0962,-0.3308,1.0154,-20.5649,-3.8931,20.0000
302500.0621,579152,129,0.0771,-0.3003,1.0308,-19.1908,-5.9847,21.5573
302500.0621,579162,129,0.0896,-0.2896,1.0625,-21.8779,-10.8092,22.0458
302500.0621,579172,129,0.1084,-0.3044,1.1084,-29.5573,-16.2901,23.0534
302500.0621,579182,129,0.1536,-0.3320,1.1599,-41.2672,-22.3359,26.0763
302500.0621,579192,129,0.1982,-0.3503,1.1975,-55.5573,-23.6794,31.9389
302500.0621,579202,129,0.1826,-0.3474,1.1899,-73.4962,-19.0687,39.5725
302500.0621,579212,129,0.1582,-0.3665,1.1360,-95.2061,-18.1832,47.7252
302500.0621,579222,129,0.1648,-0.3706,1.0876,-117.6031,-20.6107,55.8321
302500.0621,579232,129,0.1692,-0.4192,1.0176,-138.3511,-20.0916,63.1145
302500.0621,579242,129,0.1406,-0.4534,0.9585,-150.9771,-17.9084,66.1832
302500.1838,579252,130,0.1379,-0.5076,0.9011,-160.1679,-25.3893,66.6107
302500.1838,579262,130,0.1423,-0.5618,0.8325,-175.0076,-39.6031,70.0153
302500.1838,579272,130,0.1648,-0.6182,0.7910,-198.3206,-56.4427,77.4656
302500.1838,579282,130,0.1785,-0.6733,0.7869,-227.2672,-74.9313,87.2977
302500.1838,579292,130,0.1838,-0.7078,0.7876,-255.8626,-90.4885,98.2748
302500.1838,579302,130,0.1985,-0.7546,0.7764,-279.6336,-101.4198,108.0000
302500.1838,579312,130,0.2295,-0.8379,0.7583,-291.5573,-107.4046,112.1069
302500.1838,579322,130,0.2219,-0.9514,0.7185,-288.5496,-109.5267,113.8321
302500.1838,579332,130,0.2168,-1.0225,0.6904,-274.1527,-113.6641,117.6183
302500.1838,579342,130,0.2185,-1.0410,0.6638,-260.9466,-122.9924,125.1298
302500.3020,579352,131,0.2046,-1.0366,0.6128,-256.2748,-134.7023,136.0153
302500.3020,579362,131,0.1926,-1.0593,0.5195,-257.8168,-146.9924,146.8702
302500.3020,579372,131,0.2039,-1.0894,0.4385,-256.8702,-159.4351,153.1756
302500.3020,579382,131,0.1785,-1.1140,0.4155,-250.4733,-172.8702,155.1298
302500.3020,579392,131,0.1831,-1.1807,0.3850,-235.7252,-187.4351,157.6794
302500.3020,579402,131,0.1941,-1.2063,0.4221,-197.5115,-188.5038,158.9008
302500.3020,579412,131,0.1838,-1.1309,0.4976,-142.6565,-179.1450,155.7252
302500.3020,579422,131,0.1755,-1.0442,0.5620,-95.0534,-166.2901,147.1603
302500.3020,579432,131,0.1343,-1.0049,0.5808,-64.0611,-154.2595,136.0611
302500.3020,579442,131,0.1208,-0.9988,0.5681,-47.3435,-148.8397,128.0305
302500.4210,579452,132,0.0642,-0.9988,0.5430,-40.1374,-144.6718,127.4504
302500.4210,579462,132,0.0625,-0.9424,0.5293,-41.9542,-140.1374,131.2519
302500.4210,579472,132,0.0266,-0.9019,0.4871,-55.8321,-128.2748,135.8626
302500.4210,579482,132,-0.0532,-0.8555,0.4646,-72.4275,-116.0000,135.8626
302500.4210,579492,132,-0.0605,-0.8125,0.4673,-85.4046,-109.8931,131.6183
302500.4210,579502,132,-0.0652,-0.8501,0.4480,-97.4962,-102.5649,122.5649
302500.4210,579512,132,-0.1335,-0.8826,0.4084,-98.5649,-96.4427,110.1221
302500.4210,579522,132,-0.1533,-0.8948,0.3823,-87.5878,-98.6870,97.6336
302500.4210,579532,132,-0.1470,-0.9023,0.3652,-75.4198,-105.5115,88.0611
302500.4210,579542,132,-0.1409,-0.9023,0.3557,-64.7176,-112.0305,81.6183
302500.4834,579552,133,-0.1292,-0.9329,0.3333,-58.5954,-117.5115,77.1450
302500.4834,579562,133,-0.1316,-0.9280,0.3298,-50.8092,-119.5420,75.0992
302500.4834,579572,133,-0.1250,-0.9016,0.3362,-42.2595,-121.3893,75.9695
302500.4834,579582,133,-0.0786,-0.9084,0.3540,-32.2137,-117.0229,75.9695
302500.4834,579592,133,-0.0823,-0.8799,0.4075,-9.9542,-100.3359,72.0611
302500.4834,579602,133,-0.0940,-0.8037,0.4546,16.4733,-86.1527,64.1374
302500.4834,579612,133,-0.0894,-0.7766,0.4824,31.1756,-78.5954,53.0382
302500.4834,579622,133,-0.0813,-0.7734,0.4836,37.6794,-70.3664,41.1603
302500.4834,579632,133,-0.1079,-0.7854,0.4575,38.2901,-60.9160,32.2443
302500.4834,579642,133,-0.1316,-0.8296,0.4038,34.0458,-56.1374,27.3588
302500.6622,579652,134,-0.1528,-0.8435,0.3601,31.2214,-55.2824,26.7176
302500.6622,579662,134,-0.1621,-0.8459,0.3550,26.8702,-58.7328,28.9466
302500.6622,579672,134,-0.1060,-0.8950,0.3667,15.9237,-62.1069,31.0992
302500.6622,579682,134,-0.1289,-0.9194,0.3562,7.4504,-54.6870,34.7786
302500.6622,579692,134,-0.1504,-0.9343,0.3296,2.6260,-51.6183,37.5115
302500.6622,579702,134,-0.1514,-0.9578,0.3162,0.7634,-56.7176,37.5420
302500.6622,579712,134,-0.1438,-0.9490,0.3218,3.1450,-63.2214,37.0992
302500.6622,579722,134,-0.1147,-0.9536,0.3469,5.0992,-68.2595,36.3511
302500.6622,579732,134,-0.0872,-0.9688,0.3494,6.9924,-67.4809,33.0840
302500.6622,579742,134,-0.1011,-0.9897,0.3293,11.4962,-60.9466,29.6183
302500.6638,579752,135,-0.1116,-0.9854,0.3081,15.6031,-58.4733,29.4809
302500.6638,579762,135,-0.1277,-0.9453,0.3123,17.6947,-60.6107,32.3817
302500.6638,579772,135,-0.1318,-0.8918,0.3347,16.2290,-65.5267,34.9618
302500.6638,579782,135,-0.1316,-0.8601,0.3538,11.8015,-70.7634,36.0763
302500.6638,579792,135,-0.1323,-0.8376,0.3718,7.7405,-74.6870,35.7863
302500.6638,579802,135,-0.1135,-0.8098,0.4221,7.1908,-77.5420,33.8779
302500.6638,579812,135,-0.0686,-0.7998,0.4888,9.8473,-75.3282,29.0992
302500.6638,579822,135,-0.0542,-0.7856,0.5486,16.8397,-64.0611,21.7557
302500.6638,579832,135,-0.0613,-0.7708,0.5679,24.7939,-51.2519,14.4427
302500.6638,579842,135,-0.0652,-0.7888,0.5640,28.4275,-43.4656,9.8779
302500.7849,579852,136,-0.0818,-0.7810,0.5515,29.3588,-38.5191,8.8092
302500.7849,579862,136,-0.0798,-0.7969,0.5452,25.9084,-36.4733,8.8092
302500.7849,579872,136,-0.0823,-0.8574,0.5010,19.6183,-33.4504,8.0916
302500.7849,579882,136,-0.1113,-0.9131,0.4382,15.8473,-27.6947,8.2290
302500.7849,579892,136,-0.1401,-0.9868,0.3311,12.7023,-24.0916,9.8473
302500.7849,579902,136,-0.1887,-1.0273,0.2397,8.1069,-23.6336,13.7710
302500.7849,579912,136,-0.2178,-1.0430,0.1743,0.9313,-28.9466,19.5878
302500.7849,579922,136,-0.2217,-1.0945,0.1494,-9.1298,-36.4122,23.4198
302500.7849,579932,136,-0.2173,-1.1621,0.1321,-17.0840,-44.7328,24.0000
302500.7849,579942,136,-0.1995,-1.1909,0.1653,-18.5344,-55.8015,25.1145
302500.9025,579952,137,-0.1682,-1.1702,0.2063,-15.0992,-66.4122,28.0000
302500.9025,579962,137,-0.1406,-1.0984,0.2844,-9.9542,-73.2824,32.1985
302500.9025,579972,137,-0.1223,-0.9902,0.3533,-6.5191,-74.3664,37.4656
302500.9025,579982,137,-0.1145,-0.8762,0.4143,-7.3435,-72.4122,43.3740
302500.9025,579992,137,-0.0989,-0.7900,0.4673,-10.1069,-67.1298,47.2214
302500.9025,580002,137,-0.0928,-0.7363,0.5220,-9.8779,-54.8702,45.4962
302500.9025,580012,137,-0.0972,-0.6941,0.5593,-3.9084,-42.3359,39.9084
302500.9025,580022,137,-0.0974,-0.6702,0.5872,3.1298,-32.1069,32.5802
302500.9025,580032,137,-0.0974,-0.6577,0.5935,8.0763,-24.5802,25.1450
302500.9025,580042,137,-0.1013,-0.6582,0.5894,8.3969,-19.7252,19.6947
302500.9632,580052,138,-0.0918,-0.6821,0.5801,3.6336,-16.7328,17.2824
302500.9632,580062,138,-0.1118,-0.7131,0.5493,-3.2672,-13.3893,16.9924
302500.9632,580072,138,-0.1384,-0.7197,0.5090,-9.0687,-11.1298,17.3588
302500.9632,580082,138,-0.1619,-0.7112,0.4727,-14.8702,-9.7710,17.7710
302500.9632,580092,138,-0.1777,-0.7002,0.4412,-20.9313,-5.1145,18.2137
302500.9632,580102,138,-0.2188,-0.7109,0.3811,-25.6031,0.8550,16.6870
302500.9632,580112,138,-0.2588,-0.7085,0.3232,-25.2366,3.5267,12.3969
302500.9632,580122,138,-0.2913,-0.7070,0.2690,-22.8397,2.6412,6.7328
302500.9632,580132,138,-0.3184,-0.7148,0.2141,-19.9389,0.4580,0.0305
302500.9632,580142,138,-0.3477,-0.7158,0.1750,-17.8931,-2.9618,-6.0458
302501.0819,580152,139,-0.3635,-0.7273,0.1472,-19.0840,-9.8931,-9.8626
302501.0819,580162,139,-0.3679,-0.7405,0.1367,-23.0840,-18.7634,-11.8626
302501.0819,580172,139,-0.3521,-0.7795,0.1248,-30.6412,-28.0763,-13.0992
302501.0819,580182,139,-0.3376,-0.8435,0.1074,-39.3588,-35.9695,-13.3893
302501.0819,580192,139,-0.3403,-0.8889,0.0967,-46.7023,-43.7710,-12.0611
302501.0819,580202,139,-0.3123,-0.9531,0.1008,-54.0000,-54.5649,-10.6412
302501.0819,580212,139,-0.2993,-1.0125,0.1074,-57.4809,-66.1374,-11.1450
302501.0819,580222,139,-0.2957,-1.0657,0.1228,-56.8244,-79.6794,-12.7328
302501.0819,580232,139,-0.2822,-1.1089,0.1567,-52.6260,-94.6718,-14.9771
302501.0819,580242,139,-0.2439,-1.1301,0.2217,-46.4733,-108.3817,-17.0840
302501.2022,580252,140,-0.2092,-1.1465,0.2764,-41.9084,-117.1756,-17.1298
302501.2022,580262,140,-0.1748,-1.1621,0.3352,-40.1069,-122.7481,-14.4885
302501.2022,580272,140,-0.1272,-1.1746,0.3777,-40.3969,-126.1069,-9.3282
302501.2022,580282,140,-0.0710,-1.1912,0.4133,-41.5115,-123.4656,-3.3435
302501.2022,580292,140,-0.0493,-1.2229,0.4243,-42.8244,-113.6641,2.8855
302501.2022,580302,140,-0.0415,-1.2227,0.4226,-41.5573,-104.9618,8.5649
302501.2022,580312,140,-0.0483,-1.2090,0.4153,-37.6641,-101.2977,13.0840
302501.2022,580322,140,-0.0474,-1.1921,0.4355,-34.4885,-102.1985,17.0229
302501.2022,580332,140,-0.0303,-1.1729,0.4797,-35.4351,-103.4046,21.7710
302501.2022,580342,140,0.0120,-1.1680,0.5508,-41.6641,-97.3282,27.8473
302501.2629,580352,141,0.0396,-1.1904,0.6191,-52.4122,-78.9618,34.2290
302501.2629,580362,141,0.0266,-1.2483,0.6287,-62.4580,-55.6947,40.0000
302501.2629,580372,141,-0.0022,-1.3000,0.5996,-64.3969,-40.5649,45.0840
302501.2629,580382,141,-0.0081,-1.3389,0.5786,-57.0992,-35.3740,51.8321
302501.2629,580392,141,0.0056,-1.3286,0.5947,-44.3817,-35.6336,61.1756
302501.2629,580402,141,0.0498,-1.2600,0.6265,-30.5191,-34.9160,71.8779
302501.2629,580412,141,0.0566,-1.1694,0.6580,-17.9847,-27.2519,81.3130
302501.2629,580422,141,0.0388,-1.0649,0.6692,-8.2901,-17.8473,88.3817
302501.2629,580432,141,0.0186,-0.9634,0.6626,-2.8092,-11.4809,92.3817
302501.2629,580442,141,-0.0095,-0.8901,0.6396,0.0763,-6.0763,92.4427
302501.3828,580452,142,-0.0374,-0.8396,0.6123,3.0840,-1.5420,89.8626
302501.3828,580462,142,-0.0767,-0.7986,0.5771,7.5420,1.5725,86.1832
302501.3828,580472,142,-0.1226,-0.7534,0.5742,12.0153,3.3893,81.8473
302501.3828,580482,142,-0.1621,-0.7239,0.5679,13.2824,6.2137,77.6489
302501.3828,580492,142,-0.2146,-0.7307,0.5537,10.8397,9.5420,73.7863
302501.3828,580502,142,-0.2620,-0.7861,0.5146,5.1450,12.1985,69.9695
302501.3828,580512,142,-0.2908,-0.8557,0.4656,-0.7634,16.2443,66.7786
302501.3828,580522,142,-0.3091,-0.9348,0.4080,-2.2443,26.3053,64.5038
302501.3828,580532,142,-0.3774,-0.9487,0.3550,3.3435,39.7557,63.2061
302501.3828,580542,142,-0.3667,-0.9619,0.3240,9.6641,46.9313,62.3969
302501.5037,580552,143,-0.3728,-0.9509,0.3186,16.1679,62.3206,64.1527
302501.5037,580562,143,-0.4475,-0.9216,0.3091,20.8855,77.1908,69.9237
302501.5037,580572,143,-0.4976,-0.8914,0.3096,22.4122,70.2901,76.1069
302501.5037,580582,143,-0.5334,-0.8357,0.3545,22.1069,48.5496,78.7634
302501.5037,580592,143,-0.5574,-0.8538,0.4158,13.6641,23.2519,76.8397
302501.5037,580602,143,-0.4941,-0.9248,0.5142,0.8550,1.4046,72.8092
302501.5037,580612,143,-0.4141,-0.9956,0.6443,-9.5420,-1.0382,73.4656
302501.5037,580622,143,-0.3994,-1.0110,0.7231,-15.5267,14.0763,81.0076
302501.5037,580632,143,-0.2688,-0.9409,0.8093,-20.9313,27.0534,93.3130
302501.5037,580642,143,-0.1714,-0.8535,0.9143,-30.0305,56.8397,109.2824
302501.5629,580652,144,-0.2168,-0.7532,0.9458,-39.2519,94.8550,126.0000
302501.5629,580662,144,-0.2563,-0.6328,0.9150,-45.2977,110.9466,136.9008
302501.5629,580672,144,-0.3013,-0.5640,0.8513,-50.8855,111.7099,138.3511
302501.5629,580682,144,-0.2991,-0.5378,0.7603,-58.7176,110.8244,130.2443
302501.5629,580692,144,-0.3145,-0.4773,0.6882,-68.7786,122.2137,120.1985
302501.5629,580702,144,-0.3672,-0.4688,0.5215,-79.0382,143.2061,110.5954
302501.5629,580712,144,-0.3674,-0.4644,0.3416,-85.8015,159.0382,101.3588
302501.5629,580722,144,-0.3884,-0.4321,0.2473,-90.7023,165.3893,98.6107
302501.5629,580732,144,-0.4058,-0.3704,0.2075,-100.1069,158.8397,103.6641
302501.5629,580742,144,-0.3960,-0.3228,0.2097,-117.4809,139.8931,110.9466
302501.6833,580752,145,-0.3914,-0.2622,0.2373,-131.9237,117.9084,114.1832
302501.6833,580762,145,-0.3799,-0.2175,0.2734,-136.0000,98.2137,109.8931
302501.6833,580772,145,-0.3323,-0.2209,0.2903,-126.1985,81.9542,97.5573
302501.6833,580782,145,-0.2522,-0.2078,0.2961,-99.2214,72.8397,78.3511
302501.6833,580792,145,-0.1560,-0.1519,0.3284,-62.9924,76.1069,55.7099
302501.6833,580802,145,0.0376,-0.1975,0.4048,-29.0687,104.5496,34.5496
302501.6833,580812,145,-0.0078,-0.1470,0.4932,6.1985,169.8168,20.3359
302501.6833,580822,145,-0.0337,-0.1409,0.4470,31.4198,218.9618,8.9924
302501.6833,580832,145,-0.0566,-0.0640,0.3494,42.6870,242.4733,-3.1450
302501.6833,580842,145,-0.1113,-0.0027,0.1904,32.7634,252.7939,-14.6565
302501.8049,580852,146,-0.1306,-0.0706,-0.0100,-1.1756,252.4427,-21.7557
302501.8049,580862,146,-0.1350,-0.1873,-0.2095,-33.1756,246.3359,-25.8168
302501.8049,580872,146,-0.1257,-0.2473,-0.3259,-53.0992,235.7710,-30.1069
302501.8049,580882,146,-0.0012,-0.3357,-0.3799,-73.0076,227.5573,-36.5802
302501.8049,580892,146,0.0271,-0.4895,-0.5154,-103.1603,240.3817,-40.1985
302501.8049,580902,146,-0.0813,-0.7009,-0.7070,-126.8855,257.5725,-40.6718
302501.8049,580912,146,-0.1228,-0.7903,-0.9202,-128.5954,253.8473,-43.3130
302501.8049,580922,146,-0.0684,-0.8672,-1.1396,-115.8473,237.7099,-50.1832
302501.8049,580932,146,-0.0427,-0.8872,-1.3772,-101.4351,227.3130,-58.4427
302501.8049,580942,146,-0.0710,-0.9158,-1.5999,-94.8702,220.7786,-63.7710
302501.8634,580952,147,-0.1111,-1.0559,-1.8813,-100.7481,208.5802,-61.2672
302501.8634,580962,147,-0.2332,-1.2673,-2.2595,-101.4198,194.0458,-48.5649
302501.8634,580972,147,-0.5156,-1.1860,-2.2456,-77.9695,165.0382,-28.7481
302501.8634,580982,147,-0.5925,-0.9734,-1.9644,-55.6183,86.3053,-9.0229
302501.8634,580992,147,-0.5420,-0.7234,-1.5833,-40.3664,-6.4122,1.1756
302501.8634,581002,147,-0.4934,-0.5305,-1.1460,-29.0687,-76.5802,0.0458
302501.8634,581012,147,-0.3518,-0.4224,-0.7451,-22.3359,-121.8321,-8.2901
302501.8634,581022,147,-0.1750,-0.3613,-0.3069,-17.2824,-127.5573,-17.8168
302501.8634,581032,147,-0.0330,-0.3728,0.0083,-19.5725,-83.8321,-24.1832
302501.8634,581042,147,-0.1323,-0.4050,0.1096,-16.8702,-9.9389,-23.5115
302501.9827,581052,148,-0.2068,-0.3843,0.0959,-0.2137,42.4580,-21.0382
302501.9827,581062,148,-0.2354,-0.2717,0.1042,21.0382,68.3511,-22.4122
302501.9827,581072,148,-0.1816,-0.1255,0.1255,27.9084,81.1603,-28.8092
302501.9827,581082,148,-0.0994,-0.0703,0.0305,9.7863,94.8702,-36.5344
302501.9827,581092,148,-0.0239,-0.1116,-0.2437,-23.3893,116.4275,-44.8397
302501.9827,581102,148,-0.0168,-0.2185,-0.6160,-51.2366,144.2748,-56.5038
302501.9827,581112,148,0.0122,-0.3435,-0.9875,-66.5802,164.5038,-71.5420
302501.9827,581122,148,-0.0388,-0.5447,-1.3835,-73.6031,176.6260,-84.0305
302501.9827,581132,148,-0.0129,-0.8708,-1.8789,-63.8931,174.1221,-92.8550
302501.9827,581142,148,-0.1206,-1.0786,-2.2283,-33.3588,168.9160,-89.1603
302502.1046,581152,149,-0.2153,-1.0149,-2.1960,0.9160,137.1908,-73.5420
302502.1046,581162,149,-0.1592,-0.8240,-1.9795,19.9237,65.7405,-58.1832
302502.1046,581172,149,-0.0728,-0.6074,-1.6589,21.6641,-6.2901,-51.0076
302502.1046,581182,149,-0.0552,-0.5408,-1.3586,5.0382,-52.9924,-52.8855
302502.1046,581192,149,0.0017,-0.6868,-1.1150,-16.9313,-76.2748,-59.1298
302502.1046,581202,149,0.0400,-0.8608,-0.9194,-24.9008,-74.4733,-60.5344
302502.1046,581212,149,-0.0066,-0.8965,-0.7329,-9.2061,-55.7710,-54.3359
302502.1046,581222,149,-0.0642,-0.8298,-0.6033,9.2977,-39.4809,-45.2061
302502.1046,581232,149,-0.1094,-0.7258,-0.5117,15.2214,-27.2977,-37.4198
302502.1046,581242,149,-0.1226,-0.6721,-0.5017,6.0000,-18.6260,-32.3969
302502.1626,581252,150,-0.1313,-0.6755,-0.5674,-10.4580,-8.1832,-28.6718
302502.1626,581262,150,-0.1331,-0.6775,-0.6824,-25.4656,0.8702,-25.7099
302502.1626,581272,150,-0.1489,-0.6411,-0.8396,-36.9008,5.5878,-23.0229
302502.1626,581282,150,-0.1685,-0.6311,-0.9580,-42.1679,7.8015,-23.1298
302502.1626,581292,150,-0.2395,-0.6631,-1.0027,-40.0916,12.1985,-27.0840
302502.1626,581302,150,-0.3391,-0.7078,-0.9763,-29.8931,12.3817,-33.9695
302502.1626,581312,150,-0.3289,-0.7434,-0.8992,-21.2977,-2.3359,-41.4351
302502.1626,581322,150,-0.2944,-0.7454,-0.7771,-15.6641,-18.8397,-45.7863
302502.1626,581332,150,-0.2339,-0.7324,-0.6899,-15.2672,-29.7405,-47.4809
302502.1626,581342,150,-0.1455,-0.7864,-0.7253,-23.1908,-23.5878,-45.0382
302502.2848,581352,151,-0.1455,-0.7864,-0.7253,-23.1908,-23.5878,-45.0382
302502.2848,581362,151,-0.1604,-0.7732,-0.8127,-20.2595,-12.6718,-39.9237
302502.2848,581372,151,-0.1521,-0.7258,-0.8896,-15.4351,-6.4275,-34.2748
302502.2848,581382,151,-0.1968,-0.6597,-0.9880,-10.4122,-3.7557,-30.7481
302502.2848,581392,151,-0.1953,-0.6045,-1.0583,-5.9542,-6.4427,-32.5038
302502.2848,581402,151,-0.2261,-0.5723,-1.1060,-1.8168,-10.7481,-38.3359
302502.2848,581412,151,-0.2075,-0.5786,-1.0759,2.8092,-24.1374,-48.3359
302502.2848,581422,151,-0.1885,-0.6125,-0.9915,7.8931,-41.5115,-58.3206
302502.2848,581432,151,-0.1699,-0.6555,-0.8643,10.8244,-60.5649,-66.3053
302502.2848,581442,151,-0.1208,-0.6929,-0.7312,10.7481,-79.6489,-71.9542
302502.4021,581452,152,-0.0703,-0.6953,-0.6033,7.2824,-93.5725,-74.0916
302502.4021,581462,152,-0.0061,-0.6851,-0.5288,-1.0076,-102.3053,-73.2672
302502.4021,581472,152,0.0212,-0.7185,-0.5471,-15.2214,-103.7252,-69.3893
302502.4021,581482,152,-0.0103,-0.7927,-0.6152,-27.9695,-96.8550,-61.5878
302502.4021,581492,152,-0.0217,-0.8811,-0.6970,-33.0840,-87.4656,-53.8321
302502.4021,581502,152,-0.0825,-0.9546,-0.7419,-28.7786,-75.2977,-46.6260
302502.4021,581512,152,-0.1128,-0.9346,-0.7749,-19.2824,-68.7481,-37.4504
302502.4021,581522,152,-0.1245,-0.9180,-0.7874,-9.2824,-67.3130,-28.9618
302502.4021,581532,152,-0.1565,-0.8652,-0.7759,-0.1985,-65.7405,-22.4275
302502.4021,581542,152,-0.1772,-0.8123,-0.7539,6.8855,-66.3817,-18.6412
302502.4626,581552,153,-0.1809,-0.7646,-0.7134,11.5878,-68.3969,-17.3740
302502.4626,581562,153,-0.1780,-0.7388,-0.6948,13.1756,-69.4962,-18.4122
302502.4626,581572,153,-0.1714,-0.7500,-0.6978,13.3130,-66.2443,-21.3130
302502.4626,581582,153,-0.1631,-0.8032,-0.7095,14.0611,-58.9924,-25.7099
302502.4626,581592,153,-0.1467,-0.8491,-0.7280,17.6641,-49.4198,-29.1298
302502.4626,581602,153,-0.1655,-0.8879,-0.7366,23.3893,-38.2290,-27.4962
302502.4626,581612,153,-0.1692,-0.8809,-0.7329,29.0534,-29.9847,-20.3969
302502.4626,581622,153,-0.1873,-0.8479,-0.7395,32.5191,-23.7099,-11.1603
302502.4626,581632,153,-0.2419,-0.8091,-0.7500,34.8397,-17.0534,-3.2519
302502.4626,581642,153,-0.2795,-0.7419,-0.7351,36.6565,-16.1221,1.6794
302502.5833,581652,154,-0.2861,-0.7124,-0.7097,33.9695,-22.6870,4.3359
302502.5833,581662,154,-0.2769,-0.6729,-0.6902,30.1221,-31.8321,6.6870
302502.5833,581672,154,-0.2861,-0.6282,-0.6768,25.4504,-37.8626,8.3053
302502.5833,581682,154,-0.3179,-0.6057,-0.6606,20.7176,-40.7176,8.3969
302502.5833,581692,154,-0.3269,-0.6030,-0.6189,17.6947,-42.7176,6.6565
302502.5833,581702,154,-0.3101,-0.6240,-0.5750,14.1069,-44.0763,2.3206
302502.5833,581712,154,-0.3040,-0.6660,-0.5549,10.6565,-44.1679,-2.2137
302502.5833,581722,154,-0.3057,-0.7095,-0.5129,9.4962,-44.3969,-4.1221
302502.5833,581732,154,-0.2893,-0.7419,-0.4741,9.0687,-46.2595,-2.4733
302502.5833,581742,154,-0.2832,-0.7896,-0.4917,9.4046,-45.1450,0.3969
302502.7029,581752,155,-0.3188,-0.8396,-0.4949,14.6565,-35.9389,1.0840
302502.7029,581762,155,-0.3086,-0.9028,-0.4927,23.0840,-26.1374,-0.6718
302502.7029,581772,155,-0.3083,-0.9482,-0.5232,34.0763,-13.6031,-3.1603
302502.7029,581782,155,-0.3772,-0.9355,-0.5513,48.1527,1.1756,-3.4046
302502.7029,581792,155,-0.3826,-0.9167,-0.5466,60.3053,6.5038,-2.0611
302502.7029,581802,155,-0.3452,-0.9219,-0.5232,68.6412,11.7252,1.8168
302502.7029,581812,155,-0.3599,-0.8745,-0.4973,73.3740,18.0916,8.7023
302502.7029,581822,155,-0.3772,-0.8320,-0.5044,66.8244,18.7634,16.4885
302502.7029,581832,155,-0.4001,-0.8792,-0.5522,49.3130,16.5496,24.5954
302502.7029,581842,155,-0.4102,-0.9839,-0.6289,33.3893,13.1145,31.2214
302502.7629,581852,156,-0.4312,-1.0425,-0.6956,28.5038,10.3817,37.2214
302502.7629,581862,156,-0.4495,-1.0735,-0.7546,31.6336,5.1603,42.2595
302502.7629,581872,156,-0.4841,-1.0813,-0.7751,38.0763,-1.0687,45.7405
302502.7629,581882,156,-0.4331,-1.0742,-0.7295,46.5802,-5.7099,50.6870
302502.7629,581892,156,-0.3928,-1.0442,-0.6577,56.7786,2.6260,56.6565
302502.7629,581902,156,-0.3513,-0.9878,-0.6138,67.1145,22.0458,62.6870
302502.7629,581912,156,-0.3945,-0.9316,-0.6333,76.0916,45.0076,68.1985
302502.7629,581922,156,-0.4163,-0.8704,-0.6714,86.0916,54.7328,70.2748
302502.7629,581932,156,-0.4712,-0.8401,-0.7505,95.4504,54.8397,69.6641
302502.7629,581942,156,-0.5085,-0.7798,-0.8083,106.0916,46.0763,68.5496
302502.8829,581952,157,-0.4294,-0.7585,-0.8188,112.1069,39.2366,66.3511
302502.8829,581962,157,-0.3450,-0.6953,-0.7290,113.8168,59.5573,66.3206
302502.8829,581972,157,-0.2073,-0.6311,-0.7219,109.3282,116.7634,70.8092
302502.8829,581982,157,-0.2668,-0.6089,-0.7832,109.3893,200.9160,79.0840
302502.8829,581992,157,-0.3616,-0.6003,-0.8696,118.8550,254.5954,79.4962
302502.8829,582002,157,-0.5659,-0.5989,-0.9612,129.2214,253.2977,76.1832
302502.8829,582012,157,-0.6523,-0.6135,-1.0046,134.9313,191.6947,69.8168
302502.8829,582022,157,-0.5940,-0.6169,-0.9695,131.4351,103.7557,63.1145
302502.8829,582032,157,-0.4724,-0.6018,-0.8696,116.6870,28.5191,59.6489
302502.8829,582042,157,-0.3953,-0.5925,-0.7710,94.1221,-18.2443,58.7481
302503.0026,582052,158,-0.3296,-0.5808,-0.6726,69.0687,-43.3893,57.5420
302503.0026,582062,158,-0.2905,-0.6399,-0.6165,42.0916,-49.8626,56.1832
302503.0026,582072,158,-0.3474,-0.6726,-0.5884,23.9389,-45.7252,55.5573
302503.0026,582082,158,-0.3467,-0.7229,-0.6064,13.2672,-47.8321,54.5954
302503.0026,582092,158,-0.3367,-0.7993,-0.6182,11.8626,-48.0153,54.5038
302503.0026,582102,158,-0.3674,-0.8171,-0.5750,26.8397,-43.5267,54.8397
302503.0026,582112,158,-0.3777,-0.8137,-0.5347,48.3969,-44.9466,54.6565
302503.0026,582122,158,-0.3477,-0.8125,-0.5188,66.3664,-50.6718,53.5115
302503.0026,582132,158,-0.3145,-0.7668,-0.4802,74.4885,-54.2901,53.7557
302503.0026,582142,158,-0.3484,-0.7075,-0.3997,63.8168,-56.5344,58.2443
302503.0629,582152,159,-0.3555,-0.6833,-0.3462,33.6794,-67.1603,64.9313
302503.0629,582162,159,-0.3508,-0.6790,-0.3506,-2.2595,-80.5191,69.4351
302503.0629,582172,159,-0.3677,-0.6912,-0.3982,-32.7939,-91.1603,70.1069
302503.0629,582182,159,-0.3918,-0.7114,-0.4438,-54.1679,-101.6947,68.1679
302503.0629,582192,159,-0.3999,-0.7390,-0.4775,-65.0076,-110.4885,64.4122
302503.0629,582202,159,-0.4265,-0.7488,-0.4795,-62.3511,-112.5038,60.0916
302503.0629,582212,159,-0.4243,-0.7844,-0.4233,-49.3435,-111.4656,55.3893
302503.0629,582222,159,-0.4121,-0.8242,-0.3577,-26.6260,-104.4580,50.7023
302503.0629,582232,159,-0.4175,-0.8196,-0.3218,2.7481,-93.2214,47.3588
302503.0629,582242,159,-0.4536,-0.6826,-0.2935,45.8015,-81.4962,48.1985
302503.1816,582252,160,-0.4431,-0.6160,-0.2568,51.0687,-83.4962,47.7863
302503.1816,582262,160,-0.4382,-0.5771,-0.1990,45.9389,-84.4122,45.2977
302503.1816,582272,160,-0.4714,-0.5498,-0.1626,34.2290,-84.1221,42.4733
302503.1816,582282,160,-0.4956,-0.5391,-0.1440,19.1603,-86.8092,39.3740
302503.1816,582292,160,-0.5227,-0.5327,-0.1406,3.9084,-90.5802,35.4198
302503.1816,582302,160,-0.5105,-0.5444,-0.1399,-12.6412,-93.1603,31.6336
302503.1816,582312,160,-0.5605,-0.6074,-0.1128,-28.2748,-87.6489,30.3206
302503.1816,582322,160,-0.5886,-0.6243,-0.1006,-30.9771,-82.5954,29.5420
302503.1816,582332,160,-0.5894,-0.6267,-0.1045,-26.3206,-78.8244,27.8931
302503.1816,582342,160,-0.5830,-0.6687,-0.1121,-19.0840,-74.3206,25.6336
302503.3612,582352,161,-0.5752,-0.6343,-0.1206,-7.0076,-71.6947,24.2595
302503.3612,582362,161,-0.5874,-0.5967,-0.1240,1.8779,-70.8092,23.8321
302503.3612,582372,161,-0.5896,-0.5515,-0.1038,5.9542,-73.0840,22.1527
302503.3612,582382,161,-0.5823,-0.5164,-0.0847,5.1145,-77.0229,18.5802
302503.3612,582392,161,-0.5750,-0.4976,-0.0691,0.5649,-79.2214,14.2290
302503.3612,582402,161,-0.6099,-0.4988,-0.0718,-4.2901,-79.4656,10.2595
302503.3612,582412,161,-0.6311,-0.4980,-0.0688,-7.6183,-82.9466,6.9466
302503.3612,582422,161,-0.6162,-0.4995,-0.0647,-11.6031,-88.4885,3.5420
302503.3612,582432,161,-0.5776,-0.4907,-0.0415,-16.9771,-90.0763,0.6412
302503.3612,582442,161,-0.5652,-0.5281,-0.0210,-24.9618,-82.1679,-1.4504
302503.3630,582452,162,-0.5623,-0.5906,-0.0264,-27.2824,-69.2061,-3.1908
302503.3630,582462,162,-0.5571,-0.6301,-0.0415,-19.6489,-57.8015,-4.5038
302503.3630,582472,162,-0.5623,-0.6389,-0.0518,-7.6336,-49.8626,-4.6718
302503.3630,582482,162,-0.5801,-0.6194,-0.0566,2.7786,-46.4122,-3.7863
302503.3630,582492,162,-0.5820,-0.5679,-0.0293,9.3740,-46.5802,-2.8550
302503.3630,582502,162,-0.5867,-0.5325,0.0178,7.3435,-46.1985,-2.3664
302503.3630,582512,162,-0.5930,-0.5300,0.0374,-3.2214,-44.8855,-2.2137
302503.3630,582522,162,-0.6152,-0.5330,0.0259,-16.5191,-43.6031,-2.1221
302503.3630,582532,162,-0.6360,-0.5496,-0.0239,-28.3053,-43.5878,-2.7328
302503.3630,582542,162,-0.6467,-0.5632,-0.0872,-35.6641,-44.0458,-3.6031
302503.4828,582552,163,-0.6521,-0.5745,-0.1040,-38.0153,-44.4580,-4.0916
302503.4828,582562,163,-0.6650,-0.5989,-0.0991,-35.1603,-43.3740,-5.3588
302503.4828,582572,163,-0.6587,-0.6213,-0.0923,-26.7939,-42.8550,-8.8397
302503.4828,582582,163,-0.6489,-0.6445,-0.0869,-17.7405,-43.0687,-12.8244
302503.4828,582592,163,-0.6482,-0.6760,-0.0845,-11.5267,-42.9618,-15.1298
302503.4828,582602,163,-0.6670,-0.6807,-0.0793,-6.4580,-44.6260,-15.8168
302503.4828,582612,163,-0.6575,-0.6838,-0.0493,-4.5038,-49.0382,-15.9389
302503.4828,582622,163,-0.6531,-0.6819,-0.0083,-6.9924,-52.1985,-14.9924
302503.4828,582632,163,-0.6460,-0.6865,0.0193,-13.9389,-53.3282,-12.6565
302503.4828,582642,163,-0.6360,-0.7092,0.0305,-22.8702,-53.4962,-10.1069
302503.6038,582652,164,-0.6077,-0.7146,0.0503,-29.7099,-49.9542,-7.8015
302503.6038,582662,164,-0.6436,-0.7280,0.0437,-33.2214,-38.5649,-5.5267
302503.6038,582672,164,-0.6821,-0.7290,0.0225,-30.2748,-29.6031,-4.2137
302503.6038,582682,164,-0.6812,-0.7178,0.0112,-23.3435,-25.3130,-4.4275
302503.6038,582692,164,-0.6863,-0.7131,0.0220,-15.9542,-19.9542,-5.2824
302503.6038,582702,164,-0.6987,-0.7109,0.0293,-9.2672,-15.6031,-6.5191
302503.6038,582712,164,-0.7029,-0.7117,0.0217,-3.8473,-14.6107,-8.3053
302503.6038,582722,164,-0.7068,-0.6997,0.0034,-0.0611,-15.9389,-10.0000
302503.6038,582732,164,-0.6985,-0.7175,-0.0237,1.1908,-19.2519,-11.5267
302503.6038,582742,164,-0.6890,-0.7632,-0.0457,2.3359,-23.4809,-12.7634
302503.6628,582752,165,-0.6873,-0.7769,-0.0300,5.7252,-28.9313,-12.3511
302503.6628,582762,165,-0.6511,-0.7690,0.0237,7.4809,-35.6794,-10.0763
302503.6628,582772,165,-0.6448,-0.7468,0.0757,5.8931,-37.0076,-6.6718
302503.6628,582782,165,-0.6455,-0.7256,0.1003,2.2595,-36.4580,-3.9542
302503.6628,582792,165,-0.6416,-0.7039,0.1145,-0.3359,-36.8855,-2.6870
302503.6628,582802,165,-0.6313,-0.6904,0.1150,-1.9084,-37.6641,-2.9618
302503.6628,582812,165,-0.6306,-0.6748,0.1145,-2.8855,-38.3359,-3.6947
302503.6628,582822,165,-0.6333,-0.6772,0.0981,-4.6107,-40.1985,-4.9618
302503.6628,582832,165,-0.6511,-0.6729,0.0718,-6.3511,-43.5573,-6.5649
302503.6628,582842,165,-0.6853,-0.6709,0.0334,-7.5725,-50.2901,-8.4427
302503.7815,582852,166,-0.6992,-0.6765,0.0073,-7.6183,-63.2672,-12.2137
302503.7815,582862,166,-0.7112,-0.6760,0.0032,-6.4427,-80.4885,-17.0992
302503.7815,582872,166,-0.6924,-0.6814,0.0166,-5.6336,-99.5267,-22.0305
302503.7815,582882,166,-0.6504,-0.7141,0.0376,-4.5954,-113.0229,-26.1985
302503.7815,582892,166,-0.6387,-0.7517,0.0632,-0.6412,-113.9542,-28.0305
302503.7815,582902,166,-0.6382,-0.7859,0.0830,7.1450,-109.1298,-27.4504
302503.7815,582912,166,-0.6238,-0.8081,0.1040,16.1221,-102.5038,-24.8244
302503.7815,582922,166,-0.6338,-0.7634,0.1331,23.4504,-91.7099,-20.5496
302503.7815,582932,166,-0.6448,-0.7378,0.1536,21.8168,-79.8626,-15.2672
302503.7815,582942,166,-0.6484,-0.7153,0.1533,14.8244,-69.8473,-10.1221
302503.9024,582952,167,-0.6575,-0.6963,0.1475,6.2290,-60.8855,-6.7481
302503.9024,582962,167,-0.6780,-0.6946,0.1475,-2.8855,-52.7939,-5.5267
302503.9024,582972,167,-0.6882,-0.6968,0.1487,-9.5878,-48.2901,-5.6947
302503.9024,582982,167,-0.6870,-0.6963,0.1638,-12.9618,-47.6947,-6.1679
302503.9024,582992,167,-0.6670,-0.6936,0.2083,-13.3130,-47.0992,-6.5344
302503.9024,583002,167,-0.6104,-0.6865,0.2651,-11.4198,-40.7786,-7.4504
302503.9024,583012,167,-0.6050,-0.6865,0.2981,-8.7939,-22.0153,-8.4275
302503.9024,583022,167,-0.6475,-0.6589,0.2915,-4.5344,-1.6641,-8.5649
302503.9024,583032,167,-0.6660,-0.6313,0.2490,-2.8855,7.2977,-7.5420
302503.9024,583042,167,-0.6702,-0.6191,0.2146,-4.4885,8.4733,-6.9466
302503.9634,583052,168,-0.6648,-0.5876,0.2168,-7.6947,7.1603,-6.3664
302503.9634,583062,168,-0.6519,-0.5823,0.2246,-14.5649,5.0076,-5.9237
302503.9634,583072,168,-0.6431,-0.5972,0.2314,-20.6107,1.9237,-7.7099
302503.9634,583082,168,-0.6208,-0.6162,0.2256,-23.6947,-2.4275,-11.4809
302503.9634,583092,168,-0.6057,-0.6489,0.2212,-24.1985,-6.2901,-15.5878
302503.9634,583102,168,-0.5908,-0.6343,0.2263,-21.5115,-8.4122,-17.9695
302503.9634,583112,168,-0.5938,-0.6096,0.2358,-20.3511,-8.4275,-18.4580
302503.9634,583122,168,-0.5637,-0.5906,0.2581,-21.1145,-6.9008,-18.3359
302503.9634,583132,168,-0.5762,-0.5771,0.2729,-21.1450,-0.4733,-18.0611
302503.9634,583142,168,-0.5740,-0.5566,0.2861,-21.3282,3.1145,-18.0305
302504.0836,583152,169,-0.5750,-0.5559,0.2896,-22.3664,3.8473,-18.8244
302504.0836,583162,169,-0.5862,-0.5381,0.3025,-22.7023,3.4809,-19.7099
302504.0836,583172,169,-0.5940,-0.4985,0.3364,-23.2366,0.7939,-19.2977
302504.0836,583182,169,-0.5898,-0.4363,0.3843,-26.4427,-4.2748,-17.5115
302504.0836,583192,169,-0.5745,-0.3728,0.4221,-33.3740,-8.9771,-15.5420
302504.0836,583202,169,-0.5498,-0.3293,0.4368,-43.1298,-9.8321,-14.9771
302504.0836,583212,169,-0.5334,-0.3120,0.4167,-53.5573,-6.5802,-17.2519
302504.0836,583222,169,-0.5405,-0.3098,0.3728,-61.6489,-1.9695,-21.5573
302504.0836,583232,169,-0.5305,-0.3379,0.3313,-68.4275,-1.6947,-26.4580
302504.0836,583242,169,-0.5076,-0.3774,0.2825,-75.0229,-4.2901,-31.0229
302504.2026,583252,170,-0.4958,-0.4036,0.2485,-79.2519,-6.7786,-34.6870
302504.2026,583262,170,-0.4768,-0.4043,0.2241,-81.0382,-11.8931,-37.4198
302504.2026,583272,170,-0.4622,-0.3757,0.2222,-79.7252,-17.0687,-41.4962
302504.2026,583282,170,-0.4219,-0.3203,0.2593,-74.8855,-19.9237,-47.7557
302504.2026,583292,170,-0.3611,-0.2478,0.3174,-64.1374,-12.5649,-59.2977
302504.2026,583302,170,-0.3044,-0.1699,0.3828,-41.5115,7.7252,-81.9847
302504.2026,583312,170,-0.1924,-0.1580,0.4250,-12.7328,36.9008,-118.9924
302504.2026,583322,170,-0.0396,-0.3743,0.3201,9.0840,76.5496,-163.8321
302504.2026,583332,170,0.0493,-0.7388,0.1057,28.5802,129.0382,-204.2443
302504.2026,583342,170,0.0691,-1.2085,-0.2471,51.9847,183.6336,-231.5573
302504.2617,583352,171,-0.0032,-1.6477,-0.7166,97.0840,245.5878,-244.0153
302504.2617,583362,171,-0.1609,-1.8267,-0.9692,165.5573,294.0763,-247.6489
302504.2617,583372,171,-0.2080,-1.9590,-0.9905,217.0229,282.0000,-237.8779
302504.2617,583382,171,-0.1216,-2.0193,-0.8152,242.0458,219.0076,-212.3664
302504.2617,583392,171,0.0461,-1.9771,-0.5444,234.8550,148.4427,-177.6947
302504.2617,583402,171,0.1296,-1.8831,-0.2739,186.8702,104.0916,-137.2672
302504.2617,583412,171,0.0708,-1.7434,-0.1016,106.3206,80.6260,-88.4885
302504.2617,583422,171,-0.0149,-1.6111,-0.0515,17.6031,51.8626,-43.3588
302504.2617,583432,171,-0.0784,-1.4895,-0.0105,-46.8855,20.8550,-14.7939
302504.2617,583442,171,-0.1560,-1.3770,0.0554,-73.0840,-0.7328,-2.4885
302504.3831,583452,172,-0.1875,-1.2544,0.1641,-66.7481,-16.4122,-2.5649
302504.3831,583462,172,-0.1746,-1.1736,0.2693,-43.7405,-25.1908,-10.0153
302504.3831,583472,172,-0.1609,-1.1418,0.3604,-13.0534,-22.5496,-20.5344
302504.3831,583482,172,-0.1667,-1.0740,0.4290,19.8321,-12.0305,-29.9389
302504.3831,583492,172,-0.1509,-0.9985,0.4841,44.0153,1.6947,-35.9084
302504.3831,583502,172,-0.1731,-0.9604,0.4729,53.6641,20.3511,-38.9313
302504.3831,583512,172,-0.2251,-0.9497,0.4041,54.6718,34.1679,-40.2443
302504.3831,583522,172,-0.2451,-0.9724,0.3213,52.2443,36.8550,-40.4733
302504.3831,583532,172,-0.2688,-1.0051,0.2573,47.6947,34.7176,-39.2366
302504.3831,583542,172,-0.2739,-1.0225,0.2366,42.4733,28.9618,-36.8550
302504.5019,583552,173,-0.1970,-1.0527,0.2913,35.4046,24.3969,-33.7863
302504.5019,583562,173,-0.1948,-1.1101,0.3081,27.3740,34.7023,-28.9771
302504.5019,583572,173,-0.2336,-1.1094,0.2864,25.6489,46.0305,-23.8321
302504.5019,583582,173,-0.2488,-1.1208,0.2480,26.9771,48.0611,-20.3359
302504.5019,583592,173,-0.2449,-1.1138,0.2368,31.6947,44.1832,-18.7023
302504.5019,583602,173,-0.2126,-1.1221,0.2537,36.0000,38.0305,-17.8168
302504.5019,583612,173,-0.1978,-1.1367,0.2551,39.4351,35.1603,-16.6107
302504.5019,583622,173,-0.1909,-1.1516,0.2454,43.4809,32.4427,-15.8321
302504.5019,583632,173,-0.1929,-1.1606,0.2222,48.3664,28.1679,-15.4351
302504.5019,583642,173,-0.1724,-1.1494,0.2300,54.5191,23.7557,-14.5191
302504.5631,583652,174,-0.1558,-1.1357,0.2520,60.3359,25.0534,-12.2595
302504.5631,583662,174,-0.1497,-1.1045,0.2793,65.9389,29.9389,-9.1756
302504.5631,583672,174,-0.1492,-1.0762,0.2974,71.7099,35.2977,-6.8397
302504.5631,583682,174,-0.1626,-1.0405,0.2959,77.1756,39.1603,-6.2443
302504.5631,583692,174,-0.1716,-1.0093,0.2883,79.2977,39.8626,-6.1679
302504.5631,583702,174,-0.1855,-0.9778,0.2908,77.6183,38.4427,-5.1756
302504.5631,583712,174,-0.1880,-0.9587,0.2925,72.9924,34.6260,-3.8015
302504.5631,583722,174,-0.1885,-0.9541,0.2903,67.6794,30.3664,-3.6336
302504.5631,583732,174,-0.2014,-0.9604,0.2722,64.2595,27.4046,-4.7328
302504.5631,583742,174,-0.2114,-0.9526,0.2754,64.5344,23.2977,-6.0611
302504.6829,583752,175,-0.1411,-0.9717,0.3418,64.2748,22.0458,-6.5191
302504.6829,583762,175,-0.1414,-1.0234,0.3840,66.8855,36.6718,-6.0611
302504.6829,583772,175,-0.1938,-1.0369,0.3804,81.1450,51.1298,-7.0382
302504.6829,583782,175,-0.2144,-1.0176,0.3813,99.0687,53.7557,-8.4122
302504.6829,583792,175,-0.2351,-1.0015,0.3804,111.0382,51.6794,-8.5344
302504.6829,583802,175,-0.2605,-0.9570,0.3960,116.7786,46.9160,-7.4504
302504.6829,583812,175,-0.2751,-0.9119,0.4216,115.6641,38.1832,-5.8015
302504.6829,583822,175,-0.2583,-0.8892,0.4292,107.4656,27.5267,-4.6718
302504.6829,583832,175,-0.2598,-0.8796,0.4294,95.3893,17.8779,-4.1985
302504.6829,583842,175,-0.2500,-0.8770,0.4316,83.1145,8.9618,-3.2977
302504.8022,583852,176,-0.1990,-0.9094,0.4609,75.6489,3.9847,-3.3435
302504.8022,583862,176,-0.1758,-0.9675,0.4873,81.6641,12.1374,-6.6870
302504.8022,583872,176,-0.1826,-1.0107,0.4893,103.1145,24.1374,-12.9008
302504.8022,583882,176,-0.1853,-0.9875,0.4998,130.2748,30.2595,-16.8397
302504.8022,583892,176,-0.1533,-0.9529,0.5142,149.5420,31.6947,-16.1832
302504.8022,583902,176,-0.1270,-0.9094,0.5552,156.8550,35.1908,-13.2824
302504.8022,583912,176,-0.1418,-0.8601,0.5862,153.6641,39.0840,-8.3817
302504.8022,583922,176,-0.1604,-0.7947,0.5962,142.0916,36.5038,-1.7710
302504.8022,583932,176,-0.1704,-0.7261,0.6021,126.4733,29.5878,4.3664
302504.8022,583942,176,-0.1689,-0.6719,0.5923,110.9313,23.2672,7.1450
302504.8629,583952,177,-0.1841,-0.7070,0.5242,106.4275,21.6641,4.4122
302504.8629,583962,177,-0.2043,-0.7180,0.4800,130.5191,25.9237,-6.7939
302504.8629,583972,177,-0.1853,-0.8118,0.4092,178.6718,29.0229,-23.2519
302504.8629,583982,177,-0.2302,-0.7209,0.4043,250.2901,36.9008,-40.7328
302504.8629,583992,177,-0.2134,-0.6660,0.3943,311.2824,36.3053,-52.9313
302504.8629,584002,177,-0.2080,-0.5576,0.4077,354.6870,32.9924,-58.3664
302504.8629,584012,177,-0.1875,-0.3840,0.5271,372.8397,28.9924,-57.9389
302504.8629,584022,177,-0.1621,-0.2666,0.6799,353.5267,24.3817,-51.5573
302504.8629,584032,177,-0.1272,-0.2400,0.7817,306.6870,20.0153,-42.3511
302504.8629,584042,177,-0.1340,-0.2288,0.8352,255.0229,19.8015,-34.2748
302504.9829,584052,178,-0.1323,-0.2297,0.8689,208.0458,18.6565,-30.8244
302504.9829,584062,178,-0.1267,-0.2812,0.8926,169.6336,15.1450,-33.1145
302504.9829,584072,178,-0.1121,-0.3640,0.9648,149.1603,12.3053,-39.7252
302504.9829,584082,178,-0.0828,-0.4329,1.0981,144.9771,8.6870,-46.1374
302504.9829,584092,178,0.0117,-0.4365,1.2412,140.2443,3.2977,-45.3130
302504.9829,584102,178,0.0491,-0.4170,1.3003,125.0229,8.9771,-35.4198
302504.9829,584112,178,0.0298,-0.3743,1.2925,105.8931,22.3969,-22.7939
302504.9829,584122,178,-0.0356,-0.2952,1.2559,87.7557,30.1985,-12.4885
302504.9829,584132,178,-0.0703,-0.2048,1.2136,70.1221,29.4504,-6.3206
302504.9829,584142,178,-0.1008,-0.1294,1.1748,53.5115,28.8550,-4.7023
302505.1016,584152,179,-0.1384,-0.0906,1.1536,40.9924,28.1985,-7.0534
302505.1016,584162,179,-0.1379,-0.0681,1.1250,33.5725,25.2061,-11.4504
302505.1016,584172,179,-0.1233,-0.0920,1.1062,31.4656,23.8168,-16.7481
302505.1016,584182,179,-0.1504,-0.1064,1.0984,37.0076,26.4580,-21.2061
302505.1016,584192,179,-0.1929,-0.1040,1.1028,46.8092,27.6947,-23.9847
302505.1016,584202,179,-0.2051,-0.0603,1.1301,53.6947,26.1679,-25.5267
302505.1016,584212,179,-0.2083,-0.0310,1.1292,51.5878,28.4427,-25.7099
302505.1016,584222,179,-0.2117,-0.0693,1.1072,45.2519,35.0229,-26.8397
302505.1016,584232,179,-0.2300,-0.0918,1.0691,43.8015,39.8015,-29.8168
302505.1016,584242,179,-0.2327,-0.1113,1.0222,43.5725,40.2595,-32.6412
302505.1623,584252,180,-0.2405,-0.1404,0.9785,41.4656,38.3206,-34.5191
302505.1623,584262,180,-0.2476,-0.1506,0.9485,38.2137,32.5496,-35.2824
302505.1623,584272,180,-0.2454,-0.1663,0.9119,34.5954,25.0229,-34.6870
302505.1623,584282,180,-0.2422,-0.1387,0.9104,33.1603,16.9313,-34.4885
302505.1623,584292,180,-0.2083,-0.1311,0.9216,32.4580,9.9389,-37.2366
302505.1623,584302,180,-0.1946,-0.1592,0.9331,33.9389,7.4656,-43.2519
302505.1623,584312,180,-0.1516,-0.1819,0.9529,38.3359,5.3435,-49.2824
302505.1623,584322,180,-0.1267,-0.1794,0.9749,41.8931,9.1145,-51.7099
302505.1623,584332,180,-0.1362,-0.1660,0.9492,40.5496,18.1221,-51.2977
302505.1623,584342,180,-0.1694,-0.1553,0.8931,36.7481,24.1832,-51.5115
302505.2832,584352,181,-0.1714,-0.1353,0.8406,32.1374,25.0992,-53.0229
302505.2832,584362,181,-0.1885,-0.1299,0.7944,25.5115,26.6718,-54.0611
302505.2832,584372,181,-0.2139,-0.1250,0.7407,18.9771,26.0000,-54.6870
302505.2832,584382,181,-0.2195,-0.1313,0.7312,14.3511,20.3664,-56.5496
302505.2832,584392,181,-0.1995,-0.1318,0.7407,11.4504,12.8550,-59.9084
302505.2832,584402,181,-0.1648,-0.1301,0.7639,8.3511,10.0611,-62.3206
302505.2832,584412,181,-0.1743,-0.1272,0.7671,6.9160,14.1832,-63.5725
302505.2832,584422,181,-0.1843,-0.0962,0.7419,7.2977,18.8092,-65.1756
302505.2832,584432,181,-0.2217,-0.0510,0.6511,4.0611,23.4656,-67.0534
302505.2832,584442,181,-0.2678,-0.0264,0.5327,1.6336,26.2137,-71.7863
302505.4014,584452,182,-0.3271,0.0171,0.4238,3.1908,22.3053,-78.7634
302505.4014,584462,182,-0.3560,0.0347,0.3279,6.3359,10.5191,-86.9313
302505.4014,584472,182,-0.3809,0.0071,0.2803,12.9618,-8.1985,-99.4656
302505.4014,584482,182,-0.3694,-0.0496,0.2849,23.2214,-36.9771,-115.8321
302505.4014,584492,182,-0.2793,-0.1567,0.4219,33.2824,-72.7176,-131.8626
302505.4014,584502,182,-0.0720,-0.2942,0.7378,38.1832,-108.3206,-144.0153
302505.4014,584512,182,0.1555,-0.4397,1.1431,27.9695,-120.0000,-146.0916
302505.4014,584522,182,0.2947,-0.5962,1.4792,10.0153,-98.4885,-136.8855
302505.4014,584532,182,0.2678,-0.6899,1.6411,-4.2290,-57.3130,-121.8321
302505.4014,584542,182,0.1833,-0.7095,1.6147,-14.8397,-19.8168,-105.3282
302505.4634,584552,183,0.0701,-0.7124,1.4548,-22.0763,6.1374,-92.7328
302505.4634,584562,183,-0.0381,-0.6257,1.3162,-22.6107,18.7786,-85.5878
302505.4634,584572,183,-0.0925,-0.5791,1.1672,-25.3740,20.6870,-82.6107
302505.4634,584582,183,-0.1626,-0.5410,1.0168,-29.0687,20.4733,-81.2214
302505.4634,584592,183,-0.2346,-0.5090,0.8801,-31.8015,16.4275,-78.3511
302505.4634,584602,183,-0.2988,-0.4790,0.7820,-33.1908,8.1985,-74.1069
302505.4634,584612,183,-0.3533,-0.4377,0.7222,-31.0840,-5.8015,-70.7023
302505.4634,584622,183,-0.3813,-0.4036,0.6951,-26.9771,-25.4046,-69.2672
302505.4634,584632,183,-0.3335,-0.3723,0.7642,-22.4122,-47.7557,-69.8473
302505.4634,584642,183,-0.2332,-0.3682,0.8696,-18.5191,-59.5267,-72.1221
302505.5831,584652,184,-0.2178,-0.4150,0.9834,-16.2901,-53.2061,-75.6183
302505.5831,584662,184,-0.1716,-0.4697,1.0979,-13.6336,-49.4962,-78.6718
302505.5831,584672,184,-0.0793,-0.5364,1.2058,-12.5802,-45.5725,-77.2061
302505.5831,584682,184,-0.0632,-0.5762,1.2629,-11.2672,-28.7328,-71.6947
302505.5831,584692,184,-0.0825,-0.5876,1.2571,-8.7786,-13.2977,-64.2901
302505.5831,584702,184,-0.0959,-0.5659,1.2446,-8.4122,-7.6794,-56.7176
302505.5831,584712,184,-0.1001,-0.5369,1.2280,-12.1985,-8.5802,-49.6183
302505.5831,584722,184,-0.0935,-0.5139,1.2241,-17.2519,-10.8702,-44.1374
302505.5831,584732,184,-0.0913,-0.4883,1.2180,-21.3435,-13.8779,-40.2595
302505.5831,584742,184,-0.0823,-0.4509,1.2139,-23.9237,-16.6107,-36.7939
302505.7018,584752,185,-0.0669,-0.4341,1.1855,-23.5420,-15.4351,-34.5802
302505.7018,584762,185,-0.0806,-0.3904,1.1333,-19.1298,-10.6412,-32.8702
302505.7018,584772,185,-0.0967,-0.3591,1.0779,-16.2901,-5.5267,-30.5496
302505.7018,584782,185,-0.1221,-0.3179,1.0190,-13.5878,-2.0611,-27.7405
302505.7018,584792,185,-0.1255,-0.2866,0.9824,-13.1756,-2.4427,-25.4046
302505.7018,584802,185,-0.1074,-0.2668,0.9609,-16.1679,-0.8397,-23.4504
302505.7018,584812,185,-0.1335,-0.2825,0.9202,-21.2824,4.3511,-21.1756
302505.7018,584822,185,-0.1531,-0.3037,0.8906,-22.4580,4.9924,-19.3435
302505.7018,584832,185,-0.1501,-0.3042,0.8943,-19.2214,-0.7328,-17.9389
302505.7018,584842,185,-0.1011,-0.2925,0.9446,-15.5725,-7.3130,-16.3511
302505.7618,584852,186,-0.0603,-0.2913,1.0125,-14.7786,-6.5954,-14.9618
302505.7618,584862,186,-0.0432,-0.3171,1.0381,-15.9695,-1.2977,-13.9084
302505.7618,584872,186,-0.0381,-0.3350,1.0588,-16.0611,1.2672,-12.6565
302505.7618,584882,186,-0.0222,-0.3694,1.0706,-14.9160,0.2290,-11.8473
302505.7618,584892,186,-0.0100,-0.3787,1.0908,-10.6260,-1.3588,-11.9695
302505.7618,584902,186,0.0037,-0.3545,1.1135,-6.2443,-2.8397,-12.2443
302505.7618,584912,186,0.0063,-0.3770,1.0981,-3.4046,-0.9008,-13.3893
302505.7618,584922,186,-0.0181,-0.3660,1.0698,1.5878,2.1527,-14.7939
302505.7618,584932,186,-0.0400,-0.3440,1.0435,6.2595,1.9695,-14.8702
302505.7618,584942,186,-0.0520,-0.3188,1.0232,9.0534,-0.9771,-14.4427
302505.8842,584952,187,-0.0493,-0.2947,1.0168,8.7328,-4.4580,-14.5802
302505.8842,584962,187,-0.0139,-0.2754,1.0332,4.6718,-4.1832,-14.2901
302505.8842,584972,187,-0.0046,-0.2981,1.0593,-1.8473,6.6565,-13.2824
302505.8842,584982,187,-0.0417,-0.3284,1.0417,-3.4046,17.4046,-12.6565
302505.8842,584992,187,-0.0505,-0.3462,1.0291,0.3206,17.5725,-12.8244
302505.8842,585002,187,-0.0466,-0.3557,1.0151,4.2748,14.1221,-12.4122
302505.8842,585012,187,-0.0598,-0.3738,1.0085,7.0992,12.0458,-11.1145
302505.8842,585022,187,-0.0637,-0.3784,1.0227,10.5649,7.5878,-9.3740
302505.8842,585032,187,-0.0486,-0.3623,1.0454,15.2366,2.8702,-7.7863
302505.8842,585042,187,-0.0583,-0.3506,1.0676,22.9466,3.6183,-8.7023
302506.0038,585052,188,-0.0637,-0.3242,1.0679,31.1298,5.1908,-10.9008
302506.0038,585062,188,-0.0771,-0.3042,1.0234,32.0000,5.8779,-10.8397
302506.0038,585072,188,-0.0928,-0.2783,0.9846,26.7786,6.7023,-7.8015
302506.0038,585082,188,-0.1245,-0.2612,0.9463,19.4046,6.6260,-4.1679
302506.0038,585092,188,-0.1470,-0.2517,0.9221,13.7710,1.4962,-2.9008
302506.0038,585102,188,-0.1296,-0.2595,0.9395,10.2595,-7.3282,-4.2137
302506.0038,585112,188,-0.0884,-0.2734,0.9812,5.6031,-14.9313,-5.2672
302506.0038,585122,188,-0.0215,-0.2996,1.0457,-1.7405,-15.7405,-3.5420
302506.0038,585132,188,-0.0059,-0.3484,1.0815,-7.3435,-6.1832,-0.1069
302506.0038,585142,188,-0.0217,-0.3870,1.1177,-2.1374,3.0382,0.2748
302506.0625,585152,189,-0.0042,-0.3806,1.1465,9.4656,3.6183,-1.0687
302506.0625,585162,189,0.0059,-0.3638,1.1726,17.5725,4.7939,-0.7328
302506.0625,585172,189,0.0007,-0.3547,1.1733,18.4580,8.6565,2.0916
302506.0625,585182,189,-0.0029,-0.3572,1.1736,14.7634,11.9389,6.0611
302506.0625,585192,189,-0.0046,-0.3516,1.1650,8.9924,14.7176,10.5649
302506.0625,585202,189,-0.0339,-0.3462,1.1458,2.9008,18.6718,15.2519
302506.0625,585212,189,-0.0513,-0.3496,1.1326,-1.9084,18.0153,18.5038
302506.0625,585222,189,-0.0198,-0.3381,1.1555,-6.1985,11.9389,21.2366
302506.0625,585232,189,0.0210,-0.3357,1.1421,-12.8855,14.1374,25.2061
302506.0625,585242,189,-0.0112,-0.3613,1.0991,-17.8626,29.1908,27.4962
302506.1836,585252,190,-0.0535,-0.3765,1.0427,-17.7099,39.1450,26.3359
302506.1836,585262,190,-0.0837,-0.3962,0.9626,-17.9084,40.5344,25.5725
302506.1836,585272,190,-0.1055,-0.4146,0.8953,-21.9847,39.9237,28.6565
302506.1836,585282,190,-0.1289,-0.4438,0.8342,-29.8168,39.0382,36.1985
302506.1836,585292,190,-0.1504,-0.4595,0.7996,-39.4656,33.0534,46.6412
302506.1836,585302,190,-0.1570,-0.4573,0.7913,-51.0534,21.4656,58.2290
302506.1836,585312,190,-0.1313,-0.4351,0.7932,-64.4885,9.6794,68.1069
302506.1836,585322,190,-0.1218,-0.4844,0.7673,-77.9237,4.4122,74.4580
302506.1836,585332,190,-0.1321,-0.5325,0.7505,-82.0153,2.1679,76.1679
302506.1836,585342,190,-0.1455,-0.5667,0.7261,-76.8550,-3.6641,77.7099
302506.3017,585352,191,-0.1616,-0.5493,0.7102,-66.9924,-10.7023,80.1527
302506.3017,585362,191,-0.1829,-0.5090,0.7041,-59.5878,-18.3053,82.0458
302506.3017,585372,191,-0.1873,-0.4688,0.7039,-59.5573,-30.4580,84.3511
302506.3017,585382,191,-0.1731,-0.4495,0.6968,-66.1527,-43.0687,88.9008
302506.3017,585392,191,-0.1182,-0.4983,0.6926,-75.3282,-49.7099,96.7328
302506.3017,585402,191,-0.1521,-0.5095,0.6875,-78.2137,-42.5191,104.4885
302506.3017,585412,191,-0.1926,-0.4609,0.7275,-76.0458,-38.7176,106.8397
302506.3017,585422,191,-0.1907,-0.4177,0.7649,-76.5802,-47.4809,104.6718
302506.3017,585432,191,-0.1882,-0.3943,0.7922,-82.0458,-58.9008,100.5038
302506.3017,585442,191,-0.1807,-0.4001,0.8213,-92.0305,-68.6870,94.3359
302506.3625,585452,192,-0.1521,-0.4377,0.8420,-104.1985,-78.3817,88.1527
302506.3625,585462,192,-0.1250,-0.4910,0.8472,-115.0992,-84.3359,83.7863
302506.3625,585472,192,-0.1125,-0.5520,0.8518,-123.2214,-84.8855,81.4656
302506.3625,585482,192,-0.0740,-0.6257,0.8662,-127.5878,-81.8779,81.7252
302506.3625,585492,192,-0.0298,-0.7551,0.9148,-122.9160,-67.5420,82.5496
302506.3625,585502,192,-0.0811,-0.7812,0.9297,-101.7710,-46.8702,84.4122
302506.3625,585512,192,-0.1453,-0.7520,0.9485,-80.6260,-36.7023,86.0305
302506.3625,585522,192,-0.1716,-0.7036,0.9541,-66.9313,-37.6947,86.7023
302506.3625,585532,192,-0.2026,-0.6592,0.9407,-59.6031,-39.5420,86.1069
302506.3625,585542,192,-0.2146,-0.6621,0.9209,-56.7023,-41.1145,84.7481
302506.4823,585552,193,-0.2034,-0.6992,0.8826,-54.3511,-41.5115,84.7023
302506.4823,585562,193,-0.2366,-0.7083,0.8472,-48.8244,-37.7252,85.8779
302506.4823,585572,193,-0.2576,-0.6799,0.8079,-41.9237,-37.8779,86.2137
302506.4823,585582,193,-0.2576,-0.6528,0.7932,-34.2901,-43.5420,84.9466
302506.4823,585592,193,-0.2078,-0.6389,0.8110,-25.7557,-50.5496,83.1145
302506.4823,585602,193,-0.1865,-0.6355,0.8267,-14.5649,-50.4122,81.2519
302506.4823,585612,193,-0.1787,-0.6248,0.8452,0.3053,-46.9771,77.9389
302506.4823,585622,193,-0.1807,-0.5728,0.8779,16.8397,-46.2595,73.1756
302506.4823,585632,193,-0.1506,-0.5239,0.9275,28.3053,-48.9160,67.3130
302506.4823,585642,193,-0.1040,-0.4983,0.9749,32.5649,-50.4733,62.2595
302506.6027,585652,194,-0.0845,-0.4944,0.9983,31.3893,-47.7099,59.4962
302506.6027,585662,194,-0.0720,-0.4810,1.0073,27.3588,-44.8855,59.3893
302506.6027,585672,194,-0.0635,-0.4766,0.9973,21.2061,-42.5496,61.5115
302506.6027,585682,194,-0.0737,-0.4709,0.9802,13.2824,-39.1145,66.1069
302506.6027,585692,194,-0.0867,-0.4600,0.9578,4.6870,-35.8168,70.9924
302506.6027,585702,194,-0.0867,-0.4482,0.9443,-2.5649,-33.3130,74.4885
302506.6027,585712,194,-0.0864,-0.4658,0.9377,-5.2214,-28.3664,75.4046
302506.6027,585722,194,-0.1016,-0.4614,0.9180,-4.0916,-20.2137,73.9847
302506.6027,585732,194,-0.1416,-0.4417,0.9021,-0.7328,-13.3893,71.9695
302506.6027,585742,194,-0.1689,-0.4092,0.8926,2.0763,-14.5802,69.6947
302506.6629,585752,195,-0.1541,-0.3735,0.8950,0.9313,-20.0000,67.3282
302506.6629,585762,195,-0.1416,-0.3396,0.9116,-5.3893,-21.6947,66.1985
302506.6629,585772,195,-0.1567,-0.3416,0.9204,-17.0382,-18.5496,66.6107
302506.6629,585782,195,-0.1836,-0.3630,0.9089,-28.5954,-16.6870,65.2977
302506.6629,585792,195,-0.1929,-0.3799,0.8970,-35.6336,-18.2748,61.4351
302506.6629,585802,195,-0.2021,-0.4385,0.8481,-37.7863,-16.3206,57.0382
302506.6629,585812,195,-0.2468,-0.4636,0.8147,-31.1298,-9.2519,51.1450
302506.6629,585822,195,-0.2612,-0.4788,0.7773,-23.2061,-8.8092,46.1679
302506.6629,585832,195,-0.2620,-0.4512,0.7556,-17.2824,-13.0687,42.5496
302506.6629,585842,195,-0.2336,-0.4404,0.7715,-16.5038,-16.1527,39.5115
302506.7828,585852,196,-0.2051,-0.4607,0.7925,-26.1527,-12.1679,40.6412
302506.7828,585862,196,-0.2124,-0.5056,0.7944,-46.4580,-7.9084,48.5344
302506.7828,585872,196,-0.2163,-0.5220,0.8137,-68.1832,-11.0229,57.6641
302506.7828,585882,196,-0.1826,-0.5322,0.8782,-86.8855,-16.5191,63.7557
302506.7828,585892,196,-0.1558,-0.5254,0.9563,-101.7099,-16.3206,66.7023
302506.7828,585902,196,-0.1672,-0.5449,1.0037,-114.2290,-11.7405,67.2977
302506.7828,585912,196,-0.1240,-0.5498,1.0737,-124.5344,-5.6336,66.5649
302506.7828,585922,196,-0.1394,-0.5669,1.1406,-133.8473,9.0076,67.7557
302506.7828,585932,196,-0.1772,-0.5276,1.2063,-137.8779,21.8321,69.5573
302506.7828,585942,196,-0.1812,-0.5095,1.2483,-147.5725,25.0534,71.1908
302506.9024,585952,197,-0.2178,-0.4868,1.2495,-163.8321,27.7405,74.2901
302506.9024,585962,197,-0.2632,-0.4602,1.2236,-176.8092,31.4351,75.7557
302506.9024,585972,197,-0.2756,-0.4324,1.1860,-181.7405,35.4962,73.5573
302506.9024,585982,197,-0.2673,-0.4099,1.1418,-179.8015,40.5649,68.2290
302506.9024,585992,197,-0.2412,-0.3665,1.1028,-175.2672,46.4427,62.8550
302506.9024,586002,197,-0.2234,-0.3425,1.0449,-173.4504,53.2824,60.0458
302506.9024,586012,197,-0.2024,-0.3076,0.9807,-169.8626,60.5954,57.0840
302506.9024,586022,197,-0.1829,-0.2532,0.9172,-163.0687,70.0305,52.2443
302506.9024,586032,197,-0.1782,-0.1851,0.8533,-154.6412,79.6489,45.3435
302506.9024,586042,197,-0.1667,-0.1709,0.7539,-148.7786,88.6718,35.2977
302507.0218,586052,198,-0.1934,-0.1946,0.6382,-141.3282,98.7634,20.3664
302507.0218,586062,198,-0.2271,-0.2412,0.5232,-128.8855,106.5496,1.7099
302507.0218,586072,198,-0.2493,-0.3562,0.3896,-114.9008,111.1298,-18.9924
302507.0218,586082,198,-0.2729,-0.4836,0.2449,-98.4580,113.0840,-39.9389
302507.0218,586092,198,-0.3113,-0.5916,0.1267,-80.1221,109.1908,-56.7176
302507.0218,586102,198,-0.3291,-0.6799,0.0579,-65.1756,94.1069,-66.0153
302507.0218,586112,198,-0.3120,-0.7485,0.0505,-58.1679,72.3817,-66.5802
302507.0218,586122,198,-0.2834,-0.7695,0.0881,-61.6947,55.4046,-60.1985
302507.0218,586132,198,-0.2920,-0.7476,0.1252,-72.1069,45.5573,-50.7328
302507.0218,586142,198,-0.3013,-0.7620,0.1033,-87.0687,39.0687,-44.2137
302507.0830,586152,199,-0.3201,-0.8123,0.0398,-100.1221,37.4351,-43.2519
302507.0830,586162,199,-0.3511,-0.8667,-0.0493,-106.4733,38.4122,-43.2824
302507.0830,586172,199,-0.3899,-0.9121,-0.1331,-105.5115,38.1832,-42.9618
302507.0830,586182,199,-0.4182,-0.9517,-0.1958,-98.7176,33.8168,-43.8015
302507.0830,586192,199,-0.4292,-0.9749,-0.2119,-86.6870,24.4733,-46.6565
302507.0830,586202,199,-0.3940,-0.9802,-0.1655,-72.9924,10.6412,-50.2290
302507.0830,586212,199,-0.3420,-0.9949,-0.1160,-63.8015,2.0916,-52.8397
302507.0830,586222,199,-0.2805,-1.0195,-0.0549,-56.7176,4.4122,-53.0229
302507.0830,586232,199,-0.2632,-1.0513,-0.0198,-51.0534,15.1603,-49.6031
302507.0830,586242,199,-0.2812,-1.0620,-0.0378,-43.8015,26.0000,-44.7023
302507.2024,586252,200,-0.3210,-1.0518,-0.0825,-37.7863,31.5573,-41.4351
302507.2024,586262,200,-0.3433,-1.0425,-0.1074,-35.6947,31.1756,-38.8550
302507.2024,586272,200,-0.3484,-1.0002,-0.1318,-34.9771,26.9008,-35.3130
302507.2024,586282,200,-0.3491,-0.9502,-0.1233,-35.4962,22.1069,-32.3969
302507.2024,586292,200,-0.3284,-0.9111,-0.0969,-37.4198,17.0076,-32.7481
302507.2024,586302,200,-0.3049,-0.9067,-0.0718,-38.9008,11.6794,-35.2824
302507.2024,586312,200,-0.2683,-0.9399,-0.0591,-38.9008,6.8397,-38.5954
302507.2024,586322,200,-0.2261,-0.9512,-0.0254,-35.2977,5.7710,-40.9160
302507.2024,586332,200,-0.1807,-0.9524,-0.0051,-31.4809,10.7328,-40.8855
302507.2024,586342,200,-0.1853,-0.9294,-0.0081,-25.1603,20.0305,-40.9160
302507.2627,586352,201,-0.1653,-0.9080,-0.0322,-15.9542,25.8168,-43.1145
302507.2627,586362,201,-0.1445,-0.8574,-0.0315,-4.5191,27.5573,-47.1298
302507.2627,586372,201,-0.1025,-0.7964,0.0024,4.4733,26.4733,-51.4656
302507.2627,586382,201,-0.0610,-0.7793,0.0168,5.1298,29.1145,-56.0153
302507.2627,586392,201,-0.0815,-0.7805,-0.0024,-0.5649,36.6718,-59.1756
302507.2627,586402,201,-0.1052,-0.7944,-0.0215,-10.8092,39.8015,-58.5954
302507.2627,586412,201,-0.1233,-0.8323,-0.0527,-25.7557,38.0763,-56.2748
302507.2627,586422,201,-0.1396,-0.9050,-0.1006,-43.6183,35.4198,-53.0382
302507.2627,586432,201,-0.1321,-1.0029,-0.1350,-59.7252,34.6260,-47.4656
302507.2627,586442,201,-0.1619,-1.0698,-0.1533,-69.3893,37.6947,-39.8168
302507.3843,586452,202,-0.1770,-1.1018,-0.1687,-71.3282,35.0534,-34.2443
302507.3843,586462,202,-0.1709,-1.1152,-0.1658,-66.8702,28.3053,-31.5878
302507.3843,586472,202,-0.1489,-1.1301,-0.1536,-59.4656,23.4351,-30.7328
302507.3843,586482,202,-0.1609,-1.1306,-0.1348,-48.9466,23.5420,-29.6031
302507.3843,586492,202,-0.1902,-1.1089,-0.1311,-36.0458,22.9618,-28.7634
302507.3843,586502,202,-0.2058,-1.0991,-0.1138,-24.2290,19.7557,-30.8092
302507.3843,586512,202,-0.1909,-1.1687,-0.1289,-18.8092,16.0000,-34.6412
302507.3843,586522,202,-0.1716,-1.2500,-0.1394,-15.4198,13.2366,-35.4504
302507.3843,586532,202,-0.1489,-1.3303,-0.1499,-10.2290,10.3969,-32.0763
302507.3843,586542,202,-0.1287,-1.3699,-0.1545,-2.0611,5.0382,-25.8473
302507.5021,586552,203,-0.1055,-1.3662,-0.1343,7.8015,-2.2748,-16.5038
302507.5021,586562,203,-0.0791,-1.2998,-0.0798,17.2824,-10.7634,-2.8397
302507.5021,586572,203,-0.0745,-1.1350,0.0281,23.7557,-15.1298,12.8397
302507.5021,586582,203,-0.1333,-0.9277,0.1345,24.3969,-15.9542,25.8626
302507.5021,586592,203,-0.1750,-0.7307,0.2249,20.2748,-16.4427,31.7863
302507.5021,586602,203,-0.1907,-0.6187,0.2932,11.0382,-12.9313,27.8321
302507.5021,586612,203,-0.1829,-0.6057,0.3237,-1.0229,-6.4885,15.5115
302507.5021,586622,203,-0.1567,-0.6897,0.3137,-12.7023,2.8397,-0.1985
302507.5021,586632,203,-0.0964,-0.8521,0.2686,-22.8702,16.4427,-13.8626
302507.5021,586642,203,-0.0498,-1.0520,0.1953,-31.8321,37.9084,-20.2137
302507.5617,586652,204,-0.0710,-1.1733,0.0764,-35.9847,62.7786,-17.8168
302507.5617,586662,204,-0.1248,-1.2136,-0.0591,-38.4580,78.4122,-10.7481
302507.5617,586672,204,-0.1624,-1.2231,-0.2029,-44.3053,84.2901,-1.7099
302507.5617,586682,204,-0.2566,-1.2246,-0.3425,-52.4427,84.6565,8.3817
302507.5617,586692,204,-0.3057,-1.1948,-0.4243,-61.0229,74.8550,18.1374
302507.5617,586702,204,-0.3640,-1.1816,-0.4705,-68.5344,57.5725,23.8626
302507.5617,586712,204,-0.3733,-1.1719,-0.4629,-67.5573,37.0992,24.0763
302507.5617,586722,204,-0.3645,-1.1658,-0.4146,-60.1221,16.8397,20.9618
302507.5617,586732,204,-0.3196,-1.1528,-0.3337,-45.3588,-1.9847,15.9695
302507.5617,586742,204,-0.2432,-1.1602,-0.2151,-25.6336,-16.7939,10.1527
302507.6841,586752,205,-0.1396,-1.1570,-0.0867,-2.6870,-26.4885,5.2977
302507.6841,586762,205,-0.0820,-1.0859,0.0266,20.5038,-27.9542,3.6641
302507.6841,586772,205,-0.0476,-0.9746,0.1082,37.7405,-23.0076,2.2748
302507.6841,586782,205,-0.0369,-0.8523,0.1577,46.3206,-15.5267,-2.1679
302507.6841,586792,205,-0.0269,-0.7642,0.1851,42.9160,-9.1145,-7.4656
302507.6841,586802,205,-0.0200,-0.7241,0.1692,28.6718,-2.5802,-10.9618
302507.6841,586812,205,-0.0405,-0.7112,0.1279,7.9847,6.4275,-11.1603
302507.6841,586822,205,-0.0659,-0.7334,0.0786,-15.4809,15.4656,-8.0000
302507.6841,586832,205,-0.0854,-0.7649,-0.0139,-35.1603,26.4427,-5.3435
302507.6841,586842,205,-0.1467,-0.8457,-0.1406,-50.3359,41.4656,-5.7405
302507.8027,586852,206,-0.2119,-0.9192,-0.2517,-57.3130,50.5344,-7.3130
302507.8027,586862,206,-0.2617,-0.9724,-0.3335,-56.6412,46.9466,-9.2519
302507.8027,586872,206,-0.2454,-1.0366,-0.3584,-49.9695,37.1145,-12.9466
302507.8027,586882,206,-0.2239,-1.0864,-0.3667,-40.4275,29.6794,-18.0916
302507.8027,586892,206,-0.2161,-1.1208,-0.3718,-28.7176,23.9084,-23.0229
302507.8027,586902,206,-0.1980,-1.1677,-0.3750,-17.4351,18.3053,-27.5267
302507.8027,586912,206,-0.1890,-1.2078,-0.3740,-6.3969,14.2443,-30.6870
302507.8027,586922,206,-0.1816,-1.2441,-0.3748,3.6947,10.3053,-31.6794
302507.8027,586932,206,-0.1704,-1.2620,-0.3567,11.3893,5.3893,-29.8473
302507.8027,586942,206,-0.1587,-1.2493,-0.3240,14.8092,-0.8092,-24.8550
302507.8633,586952,207,-0.1389,-1.1907,-0.2593,14.3359,-7.9695,-17.5420
302507.8633,586962,207,-0.1199,-1.1021,-0.1885,10.0763,-14.4275,-8.8244
302507.8633,586972,207,-0.1025,-0.9961,-0.1189,2.7939,-18.3817,-0.1985
302507.8633,586982,207,-0.0889,-0.8804,-0.0771,-6.7786,-16.4885,6.9466
302507.8633,586992,207,-0.1277,-0.7820,-0.0720,-16.2137,-9.1603,11.0382
302507.8633,587002,207,-0.1665,-0.7275,-0.0896,-22.2137,-4.2595,10.4275
302507.8633,587012,207,-0.1680,-0.7100,-0.1057,-23.4809,-2.4122,6.4427
302507.8633,587022,207,-0.1794,-0.7183,-0.1345,-20.3206,3.4809,1.6183
302507.8633,587032,207,-0.2117,-0.7600,-0.1694,-13.7710,10.6718,-5.0687
302507.8633,587042,207,-0.2371,-0.8240,-0.2224,-4.3359,12.3359,-14.9313
302507.9831,587052,208,-0.2434,-0.8726,-0.2390,5.4504,9.6947,-24.7023
302507.9831,587062,208,-0.2344,-0.9033,-0.2432,10.1985,5.2824,-30.4427
302507.9831,587072,208,-0.2354,-0.9512,-0.2537,8.5191,0.8092,-34.0153
302507.9831,587082,208,-0.2109,-1.0278,-0.2881,3.1145,-4.1527,-37.6031
302507.9831,587092,208,-0.1963,-1.1604,-0.3511,-5.8473,-7.3588,-40.9618
302507.9831,587102,208,-0.1838,-1.3264,-0.4229,-13.5115,-10.2443,-42.2595
302507.9831,587112,208,-0.1672,-1.5122,-0.4775,-16.3053,-16.2443,-39.7099
302507.9831,587122,208,-0.1326,-1.6682,-0.5100,-12.2290,-25.2672,-34.1069
302507.9831,587132,208,-0.1038,-1.7219,-0.4939,-0.5496,-32.9466,-25.1756
302507.9831,587142,208,-0.0801,-1.7126,-0.4553,11.6794,-40.7634,-13.8931
302508.1017,587152,209,-0.0652,-1.6614,-0.3916,20.6412,-50.1527,-0.6107
302508.1017,587162,209,-0.0273,-1.5923,-0.3430,25.4351,-60.9160,11.7405
302508.1017,587172,209,-0.0198,-1.5034,-0.2957,29.3740,-65.9237,19.5878
302508.1017,587182,209,-0.0212,-1.4309,-0.2808,30.0458,-67.3130,24.5038
302508.1017,587192,209,-0.0386,-1.3389,-0.2859,25.0534,-67.6336,31.2366
302508.1017,587202,209,-0.0820,-1.2742,-0.3501,17.8779,-66.5191,39.7710
302508.1017,587212,209,-0.1440,-1.2209,-0.4365,13.1450,-63.7557,44.2595
302508.1017,587222,209,-0.2065,-1.1775,-0.4814,13.6183,-66.0458,45.0076
302508.1017,587232,209,-0.2437,-1.1360,-0.4985,21.0687,-78.1374,45.4046
302508.1017,587242,209,-0.2449,-1.0544,-0.4739,33.6794,-94.1985,42.6412
302508.1630,587252,210,-0.2605,-0.9233,-0.4065,47.5725,-109.1450,38.3664
302508.1630,587262,210,-0.2622,-0.8027,-0.3474,55.6641,-124.0763,34.6718
302508.1630,587272,210,-0.2725,-0.7412,-0.3147,56.4733,-133.1756,28.0916
302508.1630,587282,210,-0.2795,-0.6963,-0.2495,53.3130,-137.9389,21.0687
302508.1630,587292,210,-0.2739,-0.6604,-0.1809,44.9618,-141.8015,19.0076
302508.1630,587302,210,-0.2568,-0.7124,-0.1499,29.8168,-141.6641,17.0229
302508.1630,587312,210,-0.2837,-0.7402,-0.1157,18.4427,-136.8702,17.1603
302508.1630,587322,210,-0.2751,-0.7927,-0.0974,10.8397,-137.1145,16.8244
302508.1630,587332,210,-0.2632,-0.8376,-0.0547,9.8931,-140.3206,13.0992
302508.1630,587342,210,-0.2585,-0.8328,0.0229,14.4580,-146.3664,12.6565
302508.2836,587352,211,-0.2388,-0.8115,0.0955,18.3053,-157.3282,15.0229
302508.2836,587362,211,-0.2012,-0.8169,0.1694,20.0305,-163.7252,14.0916
302508.2836,587372,211,-0.1758,-0.8274,0.2349,21.4351,-161.5420,12.3817
302508.2836,587382,211,-0.1619,-0.8206,0.3098,23.4656,-153.6031,13.2977
302508.2836,587392,211,-0.1223,-0.8279,0.3638,23.5573,-138.8702,15.0992
302508.2836,587402,211,-0.1389,-0.8528,0.3804,24.5191,-113.7557,15.9542
302508.2836,587412,211,-0.1748,-0.8743,0.3677,28.5191,-90.9466,16.2443
302508.2836,587422,211,-0.2004,-0.8733,0.3372,34.1069,-76.4275,17.9847
302508.2836,587432,211,-0.2573,-0.8357,0.3042,37.9542,-66.3359,21.6336
302508.2836,587442,211,-0.2974,-0.7883,0.2703,37.1603,-60.9008,26.1679
302508.4016,587452,212,-0.3188,-0.7661,0.2268,30.6718,-58.3511,28.9771
302508.4016,587462,212,-0.3391,-0.7676,0.1833,21.0687,-57.2519,30.8702
302508.4016,587472,212,-0.3459,-0.7832,0.1436,10.9160,-59.6794,32.8855
302508.4016,587482,212,-0.3286,-0.8550,0.1184,2.4275,-64.3969,33.0382
302508.4016,587492,212,-0.2769,-0.8967,0.1382,0.9924,-66.5496,30.6107
302508.4016,587502,212,-0.2461,-0.9099,0.1895,3.6947,-64.6107,27.5115
302508.4016,587512,212,-0.2109,-0.9485,0.2151,6.9924,-63.5725,21.7710
302508.4016,587522,212,-0.1802,-0.9954,0.2349,14.4122,-62.5038,13.7405
302508.4016,587532,212,-0.1350,-1.0510,0.2603,24.2901,-61.9847,7.3588
302508.4016,587542,212,-0.0806,-1.1177,0.2883,33.5420,-59.0534,3.0382
302508.4627,587552,213,-0.0806,-1.1548,0.3027,43.7557,-52.0305,1.4198
302508.4627,587562,213,-0.1223,-1.1689,0.3213,52.3664,-46.8092,2.0611
302508.4627,587572,213,-0.1587,-1.1836,0.3435,56.4275,-44.6565,4.1374
302508.4627,587582,213,-0.1899,-1.1792,0.3608,56.9008,-43.9084,8.8855
302508.4627,587592,213,-0.2017,-1.1516,0.3726,56.1374,-43.4809,15.3435
302508.4627,587602,213,-0.1963,-1.1125,0.3823,54.9466,-40.9466,21.5115
302508.4627,587612,213,-0.2058,-1.0696,0.3728,52.3817,-37.2519,27.5725
302508.4627,587622,213,-0.2078,-1.0288,0.3462,47.8626,-34.1221,34.0000
302508.4627,587632,213,-0.2097,-0.9907,0.3096,42.9160,-30.5496,39.6183
302508.4627,587642,213,-0.2170,-0.9451,0.2664,38.4580,-26.5496,44.2595
302508.5821,587652,214,-0.2312,-0.8940,0.2288,34.8855,-24.5344,48.2901
302508.5821,587662,214,-0.2485,-0.8291,0.1990,32.3206,-25.8168,51.0534
302508.5821,587672,214,-0.2576,-0.7593,0.1907,30.6718,-30.7023,51.8321
302508.5821,587682,214,-0.2544,-0.7056,0.1899,29.7557,-37.1908,49.1145
302508.5821,587692,214,-0.2461,-0.6606,0.1926,30.7176,-42.5954,42.9313
302508.5821,587702,214,-0.2407,-0.6311,0.2175,33.2977,-47.0840,34.7176
302508.5821,587712,214,-0.2283,-0.6213,0.2461,36.5649,-51.0687,24.5344
302508.5821,587722,214,-0.2085,-0.6223,0.2803,40.6260,-52.7176,13.6336
302508.5821,587732,214,-0.1953,-0.6301,0.3228,45.2977,-53.2519,4.0458
302508.5821,587742,214,-0.1934,-0.6396,0.3594,49.6336,-53.2977,-5.3282
302508.7020,587752,215,-0.1770,-0.6538,0.3977,52.6870,-52.2443,-14.6870
302508.7020,587762,215,-0.1550,-0.6785,0.4368,52.7634,-48.5496,-22.1832
302508.7020,587772,215,-0.1394,-0.7109,0.4570,50.1679,-42.8397,-27.2672
302508.7020,587782,215,-0.1326,-0.7385,0.4595,45.8168,-36.5954,-30.5191
302508.7020,587792,215,-0.1162,-0.7754,0.4631,39.9237,-30.4427,-31.3282
302508.7020,587802,215,-0.1047,-0.8081,0.4622,33.1603,-23.5420,-29.8321
302508.7020,587812,215,-0.1140,-0.8293,0.4475,26.1832,-16.9618,-26.6870
302508.7020,587822,215,-0.1360,-0.8416,0.4287,18.3664,-11.8168,-22.7328
302508.7020,587832,215,-0.1565,-0.8496,0.4199,9.0534,-8.7939,-17.4351
302508.7020,587842,215,-0.1858,-0.8545,0.3926,-0.7023,-6.8855,-11.5725
302508.8223,587852,216,-0.2195,-0.8596,0.3694,-9.0687,-4.9771,-6.9466
302508.8223,587862,216,-0.2407,-0.8643,0.3521,-15.0992,-3.5115,-3.6947
302508.8223,587872,216,-0.2629,-0.8665,0.3298,-18.5802,-2.4733,-1.6947
302508.8223,587882,216,-0.2795,-0.8701,0.3154,-20.0153,-1.9847,-1.5267
302508.8223,587892,216,-0.2820,-0.8733,0.3149,-19.7710,-1.8626,-2.0611
302508.8223,587902,216,-0.2778,-0.8577,0.3235,-18.3969,-2.4275,-1.9695
302508.8223,587912,216,-0.2625,-0.8374,0.3391,-16.8397,-2.9771,-1.2977
302508.8223,587922,216,-0.2563,-0.7959,0.3650,-15.3282,-2.5038,-0.4885
302508.8223,587932,216,-0.2407,-0.7717,0.3943,-15.2061,-2.8397,-0.1527
302508.8223,587942,216,-0.2234,-0.7310,0.4338,-14.9924,-2.7634,-0.3359
302508.8847,587952,217,-0.1995,-0.6843,0.4785,-15.4962,-2.5802,-0.6107
302508.8847,587962,217,-0.1606,-0.6545,0.5259,-16.3359,-1.8626,-1.1908
302508.8847,587972,217,-0.1301,-0.5955,0.5820,-14.3817,1.5267,-2.1221
302508.8847,587982,217,-0.0996,-0.5161,0.6511,-13.6794,4.2748,-2.6870
302508.8847,587992,217,-0.0640,-0.4485,0.7048,-17.4351,6.5496,-3.7099
302508.8847,588002,217,-0.0227,-0.4087,0.7444,-24.2901,14.4580,-8.2443
302508.8847,588012,217,0.0049,-0.4133,0.7644,-31.6183,27.2519,-17.6489
302508.8847,588022,217,0.0571,-0.5347,0.7305,-35.8626,42.5344,-32.3664
302508.8847,588032,217,0.0928,-0.7346,0.6807,-32.2443,64.4733,-53.3740
302508.8847,588042,217,0.0945,-0.8992,0.6360,-21.2214,85.8626,-69.8473
302509.0036,588052,218,0.1272,-1.1084,0.5881,-15.9084,95.6031,-76.6107
302509.0036,588062,218,0.1689,-1.3516,0.5461,-15.5115,102.4580,-75.0382
302509.0036,588072,218,0.1982,-1.5227,0.5208,-17.1603,107.6947,-63.6183
302509.0036,588082,218,0.2224,-1.6799,0.4849,-26.5038,111.4198,-42.3053
302509.0036,588092,218,0.1858,-1.7671,0.4441,-37.8168,116.5038,-15.7710
302509.0036,588102,218,0.1172,-1.7815,0.3809,-48.7939,119.2366,12.7328
302509.0036,588112,218,0.0247,-1.7112,0.3293,-57.9847,122.7176,41.5573
302509.0036,588122,218,-0.0842,-1.6006,0.2693,-63.1145,128.5496,65.2672
302509.0036,588132,218,-0.1694,-1.5027,0.2288,-61.4809,133.0840,79.7405
302509.0036,588142,218,-0.1978,-1.3015,0.2959,-29.0534,138.9008,84.3359
302509.0630,588152,219,-0.1799,-1.2148,0.3762,-4.5038,147.6641,78.7481
302509.0630,588162,219,-0.1853,-1.0791,0.4309,19.3893,156.5649,72.6412
302509.0630,588172,219,-0.2100,-0.9470,0.4302,35.9847,161.5725,68.5954
302509.0630,588182,219,-0.2534,-0.8054,0.4077,46.1527,162.8855,64.9313
302509.0630,588192,219,-0.2852,-0.7017,0.3755,49.8473,160.8550,59.8931
302509.0630,588202,219,-0.3093,-0.6140,0.3662,49.1145,157.6489,53.3282
302509.0630,588212,219,-0.3320,-0.5088,0.3713,47.6641,153.4198,46.9466
302509.0630,588222,219,-0.3208,-0.4077,0.3865,43.1908,146.3664,41.6794
302509.0630,588232,219,-0.3118,-0.3069,0.3806,35.6336,142.8855,36.0305
302509.0630,588242,219,-0.2910,-0.2625,0.3201,23.7099,145.3282,28.3969
302509.2412,588252,220,-0.2803,-0.2634,0.2178,10.5954,154.2901,19.0076
302509.2412,588262,220,-0.2954,-0.2725,0.0957,0.3664,164.0153,11.2061
302509.2412,588272,220,-0.3269,-0.2378,0.0061,-4.0611,166.8092,6.7481
302509.2412,588282,220,-0.3250,-0.1792,-0.0388,-6.5496,159.6183,4.6870
302509.2412,588292,220,-0.3167,-0.0999,-0.0493,-9.2824,148.4122,2.2290
302509.2412,588302,220,-0.2854,-0.0149,-0.0288,-12.5344,136.2595,-3.4351
302509.2412,588312,220,-0.2505,0.0344,-0.0159,-17.8168,125.3435,-12.1832
302509.2412,588322,220,-0.2126,0.0527,-0.0120,-23.6947,117.4504,-23.9695
302509.2412,588332,220,-0.1758,0.0469,-0.0190,-27.5420,112.1374,-37.7710
302509.2412,588342,220,-0.1292,0.0312,-0.0144,-28.1985,108.4275,-52.0305
302509.3031,588352,221,-0.0598,0.0085,-0.0144,-29.9084,108.5649,-66.1374
302509.3031,588362,221,0.0415,-0.1045,-0.0940,-37.0687,120.0305,-79.7863
302509.3031,588372,221,0.0837,-0.2764,-0.2427,-43.7252,154.8397,-94.0763
302509.3031,588382,221,0.0251,-0.4680,-0.4817,-48.7328,197.3740,-107.8473
302509.3031,588392,221,-0.0549,-0.7471,-0.7742,-46.5038,225.6183,-121.5573
302509.3031,588402,221,-0.0559,-1.0928,-1.0562,-30.0000,239.8321,-139.4351
302509.3031,588412,221,-0.0774,-1.4297,-1.2751,-3.8931,244.3817,-154.8092
302509.3031,588422,221,-0.0911,-1.6865,-1.3726,23.7863,228.4122,-155.9695
302509.3031,588432,221,-0.0745,-1.8413,-1.3970,40.8397,192.5344,-140.2443
302509.3031,588442,221,-0.0920,-1.8796,-1.3555,45.9542,153.3130,-113.7405
302509.3624,588452,222,-0.1045,-1.8145,-1.2678,38.3817,115.0687,-83.4046
302509.3624,588462,222,-0.1191,-1.7063,-1.1455,20.3511,80.2901,-54.6565
302509.3624,588472,222,-0.1536,-1.5942,-1.0347,-2.8397,50.7786,-31.8779
302509.3624,588482,222,-0.1743,-1.4919,-0.9282,-24.0916,24.6565,-17.1908
302509.3624,588492,222,-0.1887,-1.4202,-0.7915,-37.4046,1.2519,-8.6718
302509.3624,588502,222,-0.1719,-1.3152,-0.6104,-40.3664,-18.7023,-2.3664
302509.3624,588512,222,-0.1350,-1.2053,-0.4172,-39.3435,-26.1374,3.1450
302509.3624,588522,222,-0.1792,-1.0715,-0.2632,-34.5649,-20.4275,6.8702
302509.3624,588532,222,-0.1782,-0.9736,-0.1497,-28.7481,-15.5420,6.3359
302509.3624,588542,222,-0.1760,-0.9026,-0.0762,-23.8321,-5.8473,3.2366
302509.4830,588552,223,-0.2241,-0.8201,-0.0491,-20.1221,8.9160,-0.6718
302509.4830,588562,223,-0.2883,-0.7561,-0.0662,-23.1908,18.5954,-4.6718
302509.4830,588572,223,-0.3372,-0.7380,-0.1169,-35.1298,20.6107,-7.7405
302509.4830,588582,223,-0.3835,-0.7429,-0.1843,-50.7328,18.5191,-9.6641
302509.4830,588592,223,-0.4199,-0.7632,-0.2498,-64.7481,13.8931,-11.9237
302509.4830,588602,223,-0.4358,-0.8330,-0.3296,-73.3588,8.1679,-16.0000
302509.4830,588612,223,-0.4158,-0.9490,-0.4182,-74.5496,3.2061,-21.9084
302509.4830,588622,223,-0.4089,-1.0310,-0.4653,-66.1679,0.3053,-26.5954
302509.4830,588632,223,-0.3748,-1.0833,-0.4902,-51.8779,-7.3740,-30.1679
302509.4830,588642,223,-0.3083,-1.1465,-0.4756,-36.0305,-17.4198,-35.8779
302509.6060,588652,224,-0.2356,-1.2090,-0.4341,-21.5420,-21.6489,-40.3969
302509.6060,588662,224,-0.2209,-1.2444,-0.4185,-6.9313,-19.5420,-40.5496
302509.6060,588672,224,-0.2202,-1.2358,-0.3989,8.5802,-20.6718,-39.5267
302509.6060,588682,224,-0.2202,-1.1975,-0.3586,21.6489,-25.7099,-38.3206
302509.6060,588692,224,-0.1863,-1.1746,-0.3005,25.2519,-31.9847,-35.4656
302509.6060,588702,224,-0.1804,-1.1433,-0.2454,21.4198,-32.7634,-30.1374
302509.6060,588712,224,-0.1934,-1.1235,-0.2073,15.2366,-32.2595,-24.6260
302509.6060,588722,224,-0.1875,-1.1023,-0.1816,11.0534,-34.2595,-21.6183
302509.6060,588732,224,-0.1772,-1.1003,-0.1587,7.3588,-36.5496,-19.1756
302509.6060,588742,224,-0.1824,-1.0823,-0.1355,5.3588,-37.2061,-15.7557
302509.6624,588752,225,-0.1787,-1.0496,-0.1270,4.5344,-37.9237,-13.2061
302509.6624,588762,225,-0.1699,-1.0352,-0.1257,3.2977,-37.4656,-13.0076
302509.6624,588772,225,-0.1597,-1.0386,-0.1360,1.3588,-35.0534,-13.7252
302509.6624,588782,225,-0.1501,-1.0552,-0.1555,-0.5649,-31.0229,-12.9008
302509.6624,588792,225,-0.1255,-1.0708,-0.1792,-1.2672,-26.5802,-11.4504
302509.6624,588802,225,-0.1086,-1.0759,-0.1897,-0.9160,-18.5496,-9.5573
302509.6624,588812,225,-0.1243,-1.0752,-0.2144,-0.9618,-8.8397,-6.2901
302509.6624,588822,225,-0.1443,-1.0522,-0.2437,-0.5344,-2.8702,-2.9924
302509.6624,588832,225,-0.1594,-1.0242,-0.2554,0.1527,-1.0992,-1.2672
302509.6624,588842,225,-0.1497,-1.0142,-0.2561,-0.7328,-1.3893,-1.7557
302509.7823,588852,226,-0.1428,-1.0388,-0.2747,-3.5573,-0.6412,-4.0153
302509.7823,588862,226,-0.1462,-1.0718,-0.3054,-5.6489,0.1221,-6.2137
302509.7823,588872,226,-0.1367,-1.1130,-0.3396,-5.2824,-0.7176,-6.8397
302509.7823,588882,226,-0.1338,-1.1450,-0.3662,-3.0687,-1.0382,-5.8321
302509.7823,588892,226,-0.1387,-1.1533,-0.3755,-0.6870,-1.9389,-2.6412
302509.7823,588902,226,-0.1396,-1.1440,-0.3767,0.4580,-4.0916,1.7099
302509.7823,588912,226,-0.1416,-1.1130,-0.3892,1.2519,-4.5802,5.4656
302509.7823,588922,226,-0.1604,-1.1121,-0.4182,0.5954,-3.9695,6.9313
302509.7823,588932,226,-0.1443,-1.1440,-0.4233,-0.9466,-6.3053,7.4962
302509.7823,588942,226,-0.0989,-1.2168,-0.4429,-2.3053,-8.1527,9.0076
302509.9016,588952,227,-0.0710,-1.3267,-0.5239,0.9924,-2.3511,9.0229
302509.9016,588962,227,-0.1008,-1.3845,-0.6099,14.2443,7.6489,8.8702
302509.9016,588972,227,-0.0959,-1.4312,-0.7021,33.0382,15.3282,10.1679
302509.9016,588982,227,-0.1252,-1.4565,-0.8176,58.3053,22.6718,10.8702
302509.9016,588992,227,-0.1914,-1.3865,-0.8899,86.3359,23.4504,12.7176
302509.9016,589002,227,-0.2231,-1.2830,-0.8989,102.8702,8.7786,20.6718
302509.9016,589012,227,-0.2314,-1.1221,-0.8516,106.4427,-15.2519,32.3969
302509.9016,589022,227,-0.2478,-0.9407,-0.7405,98.0458,-41.9237,42.8244
302509.9016,589032,227,-0.2334,-0.8489,-0.5569,81.0840,-68.4733,50.1374
302509.9016,589042,227,-0.1553,-0.7717,-0.3799,68.4427,-77.8015,54.9160
302509.9628,589052,228,-0.3201,-0.6536,-0.2207,69.0840,-71.2824,56.5954
302509.9628,589062,228,-0.3875,-0.5649,-0.0737,76.3053,-79.6183,50.5649
302509.9628,589072,228,-0.4387,-0.4873,0.1201,88.8855,-94.4885,36.3053
302509.9628,589082,228,-0.5281,-0.4497,0.3630,101.8626,-109.5725,19.4046
302509.9628,589092,228,-0.4561,-0.4375,0.6475,110.1679,-129.4198,4.8855
302509.9628,589102,228,-0.3928,-0.3362,0.9841,111.6031,-134.4580,-2.8550
302509.9628,589112,228,-0.2773,-0.3005,1.2710,94.0153,-124.6718,-6.1221
302509.9628,589122,228,-0.1692,-0.3809,1.4363,62.7023,-96.3511,-9.2519
302509.9628,589132,228,-0.1123,-0.5017,1.4475,32.1832,-50.4580,-13.4656
302509.9628,589142,228,-0.0898,-0.5691,1.3359,4.0916,-2.3664,-12.0305
302510.0827,589152,229,-0.1077,-0.5894,1.1218,-26.7023,36.2595,-0.5191
302510.0827,589162,229,-0.1055,-0.5425,0.8923,-56.7023,64.7481,15.2519
302510.0827,589172,229,-0.1143,-0.4749,0.6323,-80.1374,88.6412,26.9008
302510.0827,589182,229,-0.1653,-0.4790,0.3125,-92.3511,108.4580,29.4351
302510.0827,589192,229,-0.1609,-0.6672,-0.0518,-84.5954,123.1756,16.7786
302510.0827,589202,229,-0.1279,-0.9346,-0.3586,-51.6641,136.4885,-13.9237
302510.0827,589212,229,-0.1187,-1.1133,-0.5288,-1.0687,141.2824,-44.9618
302510.0827,589222,229,-0.0352,-1.2761,-0.5933,40.0153,128.1832,-62.5954
302510.0827,589232,229,0.0747,-1.4355,-0.6123,57.6336,106.6260,-66.7023
302510.0827,589242,229,0.1228,-1.5156,-0.5950,60.6870,84.3053,-56.4275
302510.2025,589252,230,0.1628,-1.4937,-0.5366,55.9237,56.0458,-35.9084
302510.2025,589262,230,0.1794,-1.3687,-0.4683,43.7863,28.2595,-12.5191
302510.2025,589272,230,0.1792,-1.2322,-0.4175,24.7786,10.2595,6.0305
302510.2025,589282,230,0.1436,-1.1616,-0.4187,4.1985,3.3588,15.1145
302510.2025,589292,230,0.0837,-1.1130,-0.4290,-5.7252,-0.8397,17.7710
302510.2025,589302,230,0.0640,-1.0718,-0.4070,-3.3435,-9.3282,16.2748
302510.2025,589312,230,0.0334,-0.9827,-0.3442,6.6718,-19.8626,13.7252
302510.2025,589322,230,0.0000,-0.8799,-0.2644,16.5649,-31.3740,12.0611
302510.2025,589332,230,-0.0225,-0.7886,-0.1892,23.9542,-43.2519,9.1908
302510.2025,589342,230,-0.0325,-0.7314,-0.1260,29.3893,-53.6183,3.2214
302510.2628,589352,231,-0.0081,-0.7039,-0.0630,34.7328,-59.8015,-4.9008
302510.2628,589362,231,0.0315,-0.6934,0.0139,39.4351,-55.4046,-13.4809
302510.2628,589372,231,0.0530,-0.7327,0.0669,39.3740,-39.4656,-22.5344
302510.2628,589382,231,0.0474,-0.7761,0.0764,36.6718,-16.8244,-29.3435
302510.2628,589392,231,0.0110,-0.8396,0.0439,34.9008,2.2290,-31.6794
302510.2628,589402,231,0.0049,-0.8848,-0.0142,37.4351,10.3511,-33.6489
302510.2628,589412,231,-0.0042,-0.8528,-0.0134,45.5267,11.7252,-35.5267
302510.2628,589422,231,-0.0168,-0.7671,0.0103,49.8626,8.9008,-35.4351
302510.2628,589432,231,-0.0500,-0.6921,0.0295,45.8473,6.5496,-35.4962
302510.2628,589442,231,-0.0972,-0.6572,0.0283,35.2519,6.0000,-37.4809
302510.3844,589452,232,-0.1631,-0.6455,0.0122,23.4656,5.8168,-40.8092
302510.3844,589462,232,-0.2009,-0.6633,0.0168,14.7481,2.3969,-46.0611
302510.3844,589472,232,-0.2024,-0.6921,0.0400,9.7557,-2.5954,-52.8550
302510.3844,589482,232,-0.1902,-0.7144,0.0669,8.8092,-5.5420,-59.8321
302510.3844,589492,232,-0.1772,-0.7720,0.0894,11.3435,-5.4656,-66.8855
302510.3844,589502,232,-0.1597,-0.8359,0.1077,19.2061,-5.1145,-74.4275
302510.3844,589512,232,-0.1438,-0.8889,0.1372,30.4580,-5.2214,-81.0382
302510.3844,589522,232,-0.1086,-0.9822,0.1641,41.4198,-8.2901,-85.4656
302510.3844,589532,232,-0.0684,-1.0837,0.1809,57.3435,-7.4351,-89.1756
302510.3844,589542,232,-0.0442,-1.1250,0.2029,81.3435,1.7863,-94.9466
302510.5017,589552,233,-0.0508,-1.1470,0.2253,106.0458,11.1298,-100.9160
302510.5017,589562,233,-0.0242,-1.1697,0.2795,128.0153,11.9389,-105.2824
302510.5017,589572,233,0.0469,-1.1267,0.3606,148.6107,8.3206,-106.1679
302510.5017,589582,233,0.0857,-1.0718,0.4595,163.8626,7.3740,-103.0840
302510.5017,589592,233,0.1001,-1.0000,0.5234,171.6641,7.6183,-98.0305
302510.5017,589602,233,0.1023,-0.9275,0.5586,171.4656,9.0382,-93.0840
302510.5017,589612,233,0.0815,-0.8909,0.5586,165.2672,12.6107,-89.3282
302510.5017,589622,233,0.0610,-0.8813,0.5449,156.4275,16.6718,-87.4198
302510.5017,589632,233,0.0845,-0.8801,0.5476,147.1298,19.1450,-83.0076
302510.5017,589642,233,0.0933,-0.9348,0.5850,139.6641,27.4351,-80.0458
302510.5632,589652,234,0.1118,-1.0078,0.5981,137.5267,38.4580,-80.4427
302510.5632,589662,234,0.1326,-1.0789,0.6086,146.6107,53.7252,-83.6336
302510.5632,589672,234,0.1694,-1.1609,0.6150,164.1985,64.9466,-94.1679
302510.5632,589682,234,0.2073,-1.1958,0.6296,182.9771,70.1832,-106.3817
302510.5632,589692,234,0.2727,-1.2688,0.6738,191.7405,66.7176,-107.2061
302510.5632,589702,234,0.3311,-1.2056,0.7031,195.5725,64.1985,-90.4885
302510.5632,589712,234,0.2844,-1.0754,0.7185,193.3740,66.9160,-66.0611
302510.5632,589722,234,0.2231,-0.8911,0.7090,182.7176,67.9695,-46.3206
302510.5632,589732,234,0.1548,-0.7378,0.7141,164.9466,69.0534,-34.1221
302510.5632,589742,234,0.1338,-0.7144,0.7029,143.6183,69.0534,-31.5573
302510.6840,589752,235,0.1667,-0.7402,0.7407,131.7710,73.7252,-37.9542
302510.6840,589762,235,0.2668,-0.8174,0.7825,127.6947,87.8321,-44.4427
302510.6840,589772,235,0.2708,-0.8193,0.7981,133.0840,113.3435,-46.9313
302510.6840,589782,235,0.2463,-0.7690,0.7917,137.2061,129.8779,-44.1221
302510.6840,589792,235,0.1914,-0.7219,0.7463,133.0534,137.2214,-34.7481
302510.6840,589802,235,0.1240,-0.6201,0.6985,126.4427,135.4198,-27.4046
302510.6840,589812,235,0.0627,-0.5562,0.6379,112.1221,125.9389,-22.8702
302510.6840,589822,235,0.0024,-0.5720,0.5823,92.3664,116.8397,-20.4122
302510.6840,589832,235,-0.0527,-0.6487,0.5073,75.6641,108.3359,-14.9618
302510.6840,589842,235,-0.0857,-0.7205,0.4827,73.0840,100.5038,-8.1527
302510.8017,589852,236,-0.0815,-0.7737,0.5088,79.4198,91.0687,-1.4198
302510.8017,589862,236,0.0073,-0.7859,0.6108,90.0305,79.1450,5.8779
302510.8017,589872,236,0.1211,-0.8179,0.7578,103.1756,67.5420,8.1985
302510.8017,589882,236,0.2812,-0.8655,0.9028,116.3664,59.2061,7.4504
302510.8017,589892,236,0.2896,-0.7766,0.9783,130.0000,65.3740,10.7481
302510.8017,589902,236,0.2043,-0.6521,0.9861,129.9695,72.1832,16.1985
302510.8017,589912,236,0.1448,-0.5203,0.9702,114.9313,72.0000,23.0534
302510.8017,589922,236,0.0881,-0.4690,0.9236,92.3359,66.4122,24.9160
302510.8017,589932,236,0.0625,-0.4417,0.8867,73.6183,59.6336,23.3588
302510.8017,589942,236,0.0498,-0.4133,0.8745,62.2748,53.3130,20.4580
302510.8626,589952,237,0.0566,-0.4546,0.8550,54.3053,47.9847,15.5878
302510.8626,589962,237,0.0742,-0.4834,0.8616,51.2366,47.6489,11.3130
302510.8626,589972,237,0.0906,-0.5188,0.8796,49.4046,45.0076,9.7863
302510.8626,589982,237,0.0803,-0.5291,0.9209,49.6641,42.3511,9.7710
302510.8626,589992,237,0.0774,-0.5107,0.9695,48.7176,39.6031,9.4198
302510.8626,590002,237,0.0645,-0.5024,1.0005,42.8855,34.4122,9.6183
302510.8626,590012,237,0.0657,-0.5122,1.0325,36.7634,26.5344,8.2290
302510.8626,590022,237,0.0767,-0.4856,1.0649,32.3817,23.2824,7.6336
302510.8626,590032,237,0.0437,-0.4648,1.0457,25.6794,27.9389,9.3282
302510.8626,590042,237,-0.0283,-0.4707,1.0044,19.3282,32.1069,10.7481
302510.9834,590052,238,-0.0554,-0.4792,0.9844,18.4580,29.2977,10.1069
302510.9834,590062,238,-0.0579,-0.4553,0.9910,22.5954,22.7023,8.3664
302510.9834,590072,238,-0.0513,-0.4170,1.0144,26.9008,15.9084,6.5496
302510.9834,590082,238,-0.0247,-0.3894,1.0610,30.3664,10.5344,2.9313
302510.9834,590092,238,0.0151,-0.3865,1.1162,31.0382,11.8626,-1.2366
302510.9834,590102,238,-0.0410,-0.3926,1.1106,27.0076,21.2214,-4.2137
302510.9834,590112,238,-0.0627,-0.4556,1.0718,19.6947,25.0840,-6.3817
302510.9834,590122,238,-0.0781,-0.4795,1.0454,18.8397,26.0153,-7.3130
302510.9834,590132,238,-0.1331,-0.4749,1.0039,19.7099,23.5573,-7.2214
302510.9834,590142,238,-0.1738,-0.4556,0.9714,18.1527,15.6794,-5.5878
302511.1028,590152,239,-0.1665,-0.4336,0.9536,13.0382,5.5115,-4.3053
302511.1028,590162,239,-0.1677,-0.4402,0.9285,4.7939,-1.8931,-1.4046
302511.1028,590172,239,-0.1511,-0.4585,0.9126,-0.4275,-8.7786,1.7099
302511.1028,590182,239,-0.0681,-0.4771,0.9509,3.5573,-13.9237,2.0153
302511.1028,590192,239,0.0288,-0.4846,1.0378,16.6260,-9.1756,-0.3969
302511.1028,590202,239,0.0134,-0.4185,1.0662,27.3282,6.2595,-1.6794
302511.1028,590212,239,-0.0596,-0.3645,1.0105,25.9542,19.5267,-0.6107
302511.1028,590222,239,-0.1260,-0.3298,0.9365,21.1756,23.7863,-2.2137
302511.1028,590232,239,-0.1548,-0.3103,0.8923,15.5420,20.6565,-5.1298
302511.1028,590242,239,-0.1602,-0.3201,0.8794,6.8702,14.9466,-5.5573
302511.1627,590252,240,-0.1245,-0.3496,0.9016,-0.4885,10.2137,-5.7557
302511.1627,590262,240,-0.0654,-0.3767,0.9534,-1.5115,8.8092,-6.3053
302511.1627,590272,240,-0.0186,-0.3562,1.0100,3.6183,11.6489,-8.9008
302511.1627,590282,240,-0.0320,-0.3513,1.0232,4.9313,17.1298,-11.6336
302511.1627,590292,240,-0.0403,-0.3633,1.0269,2.8244,21.3740,-14.0000
302511.1627,590302,240,-0.1123,-0.3948,1.0249,1.0382,27.6031,-14.6260
302511.1627,590312,240,-0.1892,-0.4402,1.0481,1.2214,26.8397,-15.8626
302511.1627,590322,240,-0.1807,-0.4900,1.1248,3.6031,19.0992,-15.9237
302511.1627,590332,240,-0.0859,-0.5042,1.2271,8.7328,15.8321,-14.6718
302511.1627,590342,240,-0.0398,-0.4565,1.2737,12.8092,26.1221,-11.8168
302511.2831,590352,241,-0.0679,-0.3965,1.1929,13.2061,40.3969,-10.2290
302511.2831,590362,241,-0.1343,-0.3250,1.0261,8.9160,49.8779,-10.8702
302511.2831,590372,241,-0.2332,-0.2915,0.8230,2.0305,56.1221,-13.4198
302511.2831,590382,241,-0.3062,-0.2859,0.6614,-5.0687,53.8931,-16.0000
302511.2831,590392,241,-0.3293,-0.3108,0.5813,-10.2137,37.8473,-16.4122
302511.2831,590402,241,-0.3022,-0.3799,0.6038,-10.9924,13.3282,-16.6260
302511.2831,590412,241,-0.2405,-0.4417,0.7205,-1.9695,-8.8855,-18.0916
302511.2831,590422,241,-0.1804,-0.4456,0.8838,11.3282,-22.7786,-20.4427
302511.2831,590432,241,-0.0752,-0.5117,1.0593,13.1450,-25.3282,-18.4275
302511.2831,590442,241,-0.0579,-0.5498,1.1685,12.4885,-12.1679,-12.9466
302511.4021,590452,242,-0.0635,-0.5317,1.1843,16.5496,0.7176,-8.7481
302511.4021,590462,242,-0.1025,-0.4421,1.1562,20.2137,10.6412,-6.2137
302511.4021,590472,242,-0.1609,-0.3582,1.0601,16.1985,15.8015,-4.4275
302511.4021,590482,242,-0.2112,-0.2998,0.9399,7.4046,17.2214,-3.5573
302511.4021,590492,242,-0.2676,-0.2820,0.8523,0.9771,15.3282,-4.6718
302511.4021,590502,242,-0.3059,-0.2744,0.7898,-1.4656,8.4275,-7.2824
302511.4021,590512,242,-0.3242,-0.2808,0.7751,-1.6489,-4.9466,-10.7023
302511.4021,590522,242,-0.2708,-0.3137,0.8220,1.3435,-21.2214,-13.8931
302511.4021,590532,242,-0.1890,-0.3547,0.9207,6.2290,-29.0992,-15.6031
302511.4021,590542,242,-0.1438,-0.3696,1.0300,11.9237,-25.5878,-16.1527
302511.4630,590552,243,-0.0969,-0.3721,1.1140,12.7786,-18.7176,-15.6336
302511.4630,590562,243,-0.0894,-0.3801,1.1387,7.6336,-9.0840,-13.2366
302511.4630,590572,243,-0.1050,-0.3826,1.1030,1.6947,0.0153,-10.0458
302511.4630,590582,243,-0.1492,-0.3623,1.0381,-1.6183,6.2290,-8.1679
302511.4630,590592,243,-0.2021,-0.3413,0.9607,-4.1679,8.0153,-7.2061
302511.4630,590602,243,-0.2393,-0.3523,0.8911,-6.0153,5.1450,-7.0229
302511.4630,590612,243,-0.2615,-0.3550,0.8564,-5.0687,-0.4275,-7.3893
302511.4630,590622,243,-0.2639,-0.3406,0.8459,-3.2214,-8.0916,-7.2366
302511.4630,590632,243,-0.2441,-0.3391,0.8584,-3.3893,-16.6412,-7.3740
302511.4630,590642,243,-0.2361,-0.3613,0.8777,-4.6107,-21.8321,-7.7099
302511.5819,590652,244,-0.2202,-0.3816,0.8882,-3.3588,-26.8244,-7.6794
302511.5819,590662,244,-0.1843,-0.4109,0.9502,3.2214,-31.4962,-9.3588
302511.5819,590672,244,-0.1316,-0.3987,1.0522,12.6870,-29.9847,-12.1221
302511.5819,590682,244,-0.0994,-0.4080,1.0801,12.3817,-23.2366,-8.6107
302511.5819,590692,244,-0.1289,-0.4041,1.0471,6.9313,-15.5725,-1.9084
302511.5819,590702,244,-0.1653,-0.3811,0.9934,2.3053,-12.9466,4.2137
302511.5819,590712,244,-0.1458,-0.3633,1.0247,-0.8550,-15.1450,9.1603
302511.5819,590722,244,-0.1079,-0.3542,0.9202,-8.9771,-14.2137,17.6336
302511.5819,590732,244,-0.2952,-0.4248,0.8320,-10.1527,-8.0305,17.6641
302511.5819,590742,244,-0.1963,-0.4231,0.8152,-1.6336,-18.9924,18.8244
302511.7023,590752,245,-0.1699,-0.4648,0.8679,11.4809,-27.2824,18.1069
302511.7023,590762,245,-0.0864,-0.4712,0.9521,30.2443,-28.8244,18.3664
302511.7023,590772,245,-0.0818,-0.3909,1.0024,46.9008,-23.6336,19.1603
302511.7023,590782,245,-0.0789,-0.3333,1.0112,50.0916,-19.5573,21.5115
302511.7023,590792,245,-0.0356,-0.2869,1.0098,42.8244,-16.7023,24.9160
302511.7023,590802,245,-0.0286,-0.2534,0.9910,30.3053,-10.2443,28.3969
302511.7023,590812,245,-0.0422,-0.2646,0.9475,21.6947,-5.1603,26.4427
302511.7023,590822,245,-0.0369,-0.2739,0.9285,20.3511,-4.0153,19.6947
302511.7023,590832,245,-0.0620,-0.2996,0.9189,21.7557,-3.1756,13.1756
302511.7023,590842,245,-0.0906,-0.3145,0.9307,23.6183,-5.6183,7.8015
302511.7623,590852,246,-0.0488,-0.3367,0.9863,23.4656,-11.4962,3.9084
302511.7623,590862,246,0.0110,-0.3596,1.0515,22.5649,-13.2824,1.3588
302511.7623,590872,246,0.0515,-0.3547,1.0835,21.3282,-10.3664,0.0763
302511.7623,590882,246,0.0513,-0.3638,1.0659,17.7710,-3.2977,1.0534
302511.7623,590892,246,0.0063,-0.3735,0.9927,15.4504,3.0382,3.2824
302511.7623,590902,246,-0.0647,-0.3699,0.9143,19.6336,4.5649,5.3740
302511.7623,590912,246,-0.1292,-0.3359,0.8733,27.8931,3.6183,5.7405
302511.7623,590922,246,-0.1345,-0.3027,0.8716,34.6718,-0.8702,5.9237
302511.7623,590932,246,-0.1494,-0.2688,0.9089,40.5649,-6.3206,4.2595
302511.7623,590942,246,-0.1475,-0.2346,0.9368,46.4122,-13.3740,0.2443
302511.9408,590952,247,-0.1362,-0.2188,0.9922,49.5115,-18.2901,-4.5191
302511.9408,590962,247,-0.1316,-0.1106,1.1582,46.4275,-22.3359,-7.6489
302511.9408,590972,247,-0.0806,-0.1311,1.1792,31.2519,-23.4351,-8.2901
302511.9408,590982,247,-0.0906,-0.1699,1.1355,18.3206,-12.4885,-9.1145
302511.9408,590992,247,-0.1179,-0.1980,1.0754,13.3893,-2.4580,-8.8244
302511.9408,591002,247,-0.1387,-0.1963,1.0322,14.2443,-0.5344,-7.4809
302511.9408,591012,247,-0.1375,-0.1941,1.0198,15.3588,-1.6947,-5.5573
302511.9408,591022,247,-0.1299,-0.1899,1.0217,15.5115,-2.3817,-3.8931
302511.9408,591032,247,-0.1206,-0.1851,1.0188,15.5725,-2.2901,-3.6947
302511.9408,591042,247,-0.1208,-0.1782,1.0005,15.7405,-2.6107,-5.4504
302512.0029,591052,248,-0.1138,-0.1965,0.9822,15.6794,-4.0305,-8.1374
302512.0029,591062,248,-0.1145,-0.2058,0.9817,17.1908,-4.9160,-10.3969
302512.0029,591072,248,-0.0969,-0.2046,0.9973,18.5038,-6.1679,-11.6794
302512.0029,591082,248,-0.0896,-0.2051,1.0137,16.6260,-6.7786,-12.0000
302512.0029,591092,248,-0.0828,-0.2219,1.0125,12.9771,-6.4733,-10.9924
302512.0029,591102,248,-0.0840,-0.2236,0.9937,11.4809,-6.3206,-9.4656
302512.0029,591112,248,-0.1006,-0.2073,0.9993,13.4656,-7.7252,-8.5802
302512.0029,591122,248,-0.0984,-0.1860,1.0234,15.0229,-10.8550,-8.6718
302512.0029,591132,248,-0.0940,-0.1938,1.0381,14.4733,-11.9542,-9.6947
302512.0029,591142,248,-0.0864,-0.2144,1.0535,14.4427,-9.7405,-11.3588
302512.0625,591152,249,-0.0688,-0.2314,1.0659,15.8168,-6.4122,-12.5649
302512.0625,591162,249,-0.0684,-0.2065,1.0771,19.1298,-2.3053,-12.7176
302512.0625,591172,249,-0.0718,-0.1799,1.0525,18.9618,0.2290,-12.2443
302512.0625,591182,249,-0.0938,-0.1609,1.0044,15.2824,1.5267,-11.8626
302512.0625,591192,249,-0.1003,-0.1726,0.9680,11.4962,0.8702,-12.0763
302512.0625,591202,249,-0.1033,-0.1760,0.9783,11.6183,-1.9542,-12.5496
302512.0625,591212,249,-0.0828,-0.1746,1.0295,12.9924,-5.8779,-12.4122
302512.0625,591222,249,-0.0459,-0.1914,1.0774,11.8626,-8.6565,-10.6718
302512.0625,591232,249,-0.0422,-0.1926,1.0850,9.6489,-6.7023,-8.3969
302512.0625,591242,249,-0.0513,-0.1992,1.0522,7.4962,-4.1221,-5.9084
302512.1813,591252,250,-0.0732,-0.1956,1.0286,7.9237,-2.2290,-4.3359
302512.1813,591262,250,-0.0903,-0.1763,1.0061,9.2977,-2.3664,-3.7405
302512.1813,591272,250,-0.0901,-0.1882,0.9988,9.1450,-4.5802,-3.6031
302512.1813,591282,250,-0.0820,-0.1975,1.0203,9.8015,-5.5573,-4.0458
302512.1813,591292,250,-0.0669,-0.1892,1.0432,11.9389,-4.9618,-4.5038
302512.1813,591302,250,-0.0608,-0.1738,1.0476,11.4809,-2.6565,-3.9542
302512.1813,591312,250,-0.0701,-0.1738,1.0352,8.1679,-0.1985,-2.3664
302512.1813,591322,250,-0.0776,-0.1714,1.0168,7.0687,0.3817,-1.6336
302512.1813,591332,250,-0.0796,-0.1597,1.0188,8.1221,-0.0916,-1.7405
302512.1813,591342,250,-0.0730,-0.1409,1.0276,10.1527,-0.9313,-1.8015
302512.3012,591352,251,-0.0791,-0.1267,1.0413,10.2748,-1.6947,-1.8626
302512.3012,591362,251,-0.0845,-0.1333,1.0413,7.8626,-2.2748,-2.1527
302512.3012,591372,251,-0.0984,-0.1501,1.0266,6.1679,-2.2290,-3.0840
302512.3012,591382,251,-0.0984,-0.1514,1.0269,6.7786,-3.2977,-3.9695
302512.3012,591392,251,-0.0930,-0.1411,1.0251,6.7176,-4.2290,-4.0305
302512.3012,591402,251,-0.0991,-0.1292,1.0205,4.8244,-4.1679,-4.7328
302512.3012,591412,251,-0.0784,-0.1499,1.0337,3.0229,-3.4962,-6.4427
302512.3012,591422,251,-0.0605,-0.1660,1.0410,3.1603,-2.7328,-8.0305
302512.3012,591432,251,-0.0493,-0.1694,1.0437,4.7939,-1.8931,-8.3206
302512.3012,591442,251,-0.0459,-0.1643,1.0403,6.2290,-0.4733,-8.1069
