host_time_s,device_ms,seq,ax_g,ay_g,az_g,gx_dps,gy_dps,gz_dps
299397.8015,303169,185,1.0083,-0.5220,-0.4106,58.1069,-2.1985,43.0534
299397.8015,303179,185,1.0366,-0.5210,-0.4014,64.3817,-5.0840,48.9160
299397.8015,303189,185,1.0610,-0.5017,-0.3975,72.5802,-8.0305,53.0534
299397.8015,303199,185,1.0864,-0.4678,-0.3870,80.5954,-10.3664,56.2901
299397.8015,303209,185,1.1128,-0.4263,-0.3601,85.9237,-11.4962,59.8015
299397.8015,303219,185,1.1377,-0.3706,-0.3467,84.0458,-9.8931,66.9466
299397.8015,303229,185,1.1377,-0.3706,-0.3467,84.0458,-9.8931,66.9466
299397.8015,303239,185,1.1213,-0.3628,-0.3481,79.8626,-5.3282,69.4351
299397.8015,303249,185,1.0945,-0.3672,-0.3572,76.1527,-0.0153,70.4122
299397.8015,303259,185,1.0649,-0.3840,-0.3696,75.0076,4.3969,69.2366
299397.9059,303269,186,1.0371,-0.3992,-0.3682,77.4046,6.9618,66.6565
299397.9059,303279,186,1.0129,-0.4023,-0.3608,83.0382,7.7099,63.8626
299397.9059,303289,186,1.0144,-0.3811,-0.3455,89.5573,6.4885,62.1832
299397.9059,303299,186,1.0212,-0.3599,-0.3264,93.2519,5.3282,62.0153
299397.9059,303309,186,1.0173,-0.3364,-0.3081,93.1756,7.2672,62.5954
299397.9059,303319,186,0.9902,-0.3105,-0.3032,90.0763,11.0992,63.5725
299397.9059,303329,186,0.9580,-0.2854,-0.2952,84.7481,13.3435,64.2443
299397.9059,303339,186,0.9329,-0.2649,-0.2910,78.5802,13.3435,63.9389
299397.9059,303349,186,0.9094,-0.2458,-0.2827,71.9847,12.5802,62.4733
299397.9059,303359,186,0.8799,-0.2397,-0.2839,64.0763,11.4504,60.5038
299398.0142,303369,187,0.8601,-0.2390,-0.2864,56.2901,10.5802,57.7710
299398.0142,303379,187,0.8342,-0.2405,-0.2798,49.6183,9.9084,54.2901
299398.0142,303389,187,0.8213,-0.2458,-0.2803,44.2137,8.7328,50.5954
299398.0142,303399,187,0.8101,-0.2468,-0.2844,40.3206,7.1298,46.5191
299398.0142,303409,187,0.8030,-0.2571,-0.2893,37.8015,5.8931,42.0000
299398.0142,303419,187,0.7974,-0.2551,-0.2881,36.1679,5.1603,37.1603
299398.0142,303429,187,0.7886,-0.2576,-0.2893,35.1603,4.1679,32.2137
299398.0142,303439,187,0.7803,-0.2549,-0.2861,34.9466,2.8855,26.8702
299398.0142,303449,187,0.7803,-0.2529,-0.2817,34.6107,0.9771,21.6183
299398.0142,303459,187,0.7827,-0.2542,-0.2805,33.6031,-1.1756,17.0382
299398.1173,303469,188,0.7761,-0.2542,-0.2734,32.5496,-2.4733,12.7023
299398.1173,303479,188,0.7700,-0.2507,-0.2766,30.6870,-3.2061,8.4275
299398.1173,303489,188,0.7639,-0.2520,-0.2744,28.0916,-3.6031,4.4275
299398.1173,303499,188,0.7522,-0.2600,-0.2766,26.1985,-3.7557,0.9313
299398.1173,303509,188,0.7466,-0.2646,-0.2759,24.9466,-3.6794,-2.5344
299398.1173,303519,188,0.7400,-0.2666,-0.2727,23.1756,-3.9847,-5.4962
299398.1173,303529,188,0.7393,-0.2678,-0.2627,21.2214,-4.7939,-8.0000
299398.1173,303539,188,0.7434,-0.2698,-0.2622,19.7557,-5.8473,-10.3511
299398.1173,303549,188,0.7466,-0.2666,-0.2551,17.9695,-6.9618,-12.5191
299398.1173,303559,188,0.7556,-0.2712,-0.2483,15.8168,-7.7710,-14.3664
299398.2068,303569,189,0.7693,-0.2654,-0.2410,14.1221,-8.6260,-16.3053
299398.2068,303579,189,0.7830,-0.2515,-0.2312,12.7023,-9.2824,-18.1679
299398.2068,303589,189,0.7954,-0.2429,-0.2231,10.6107,-9.8473,-20.2443
299398.2068,303599,189,0.8093,-0.2268,-0.2183,8.0153,-9.7710,-22.5496
299398.2068,303609,189,0.8240,-0.2119,-0.2114,4.6260,-8.7939,-25.0687
299398.2068,303619,189,0.8335,-0.2092,-0.2048,0.7023,-6.7481,-27.5267
299398.2068,303629,189,0.8413,-0.2078,-0.2004,-2.6260,-3.3740,-30.2595
299398.2068,303639,189,0.8435,-0.2024,-0.2061,-5.7557,0.7634,-34.0916
299398.2068,303649,189,0.8433,-0.2041,-0.2222,-10.6260,4.1679,-37.8779
299398.2068,303659,189,0.8452,-0.1992,-0.2405,-17.0076,6.7786,-41.4809
299398.3144,303669,190,0.8708,-0.1921,-0.2620,-23.6183,8.0153,-44.2137
299398.3144,303679,190,0.9170,-0.1829,-0.2908,-29.5725,6.4580,-45.2824
299398.3144,303689,190,0.9541,-0.1619,-0.3145,-34.2901,5.0229,-47.1298
299398.3144,303699,190,0.9819,-0.1382,-0.3416,-39.2824,4.0916,-50.6565
299398.3144,303709,190,1.0076,-0.1313,-0.3711,-46.7176,3.9389,-55.8321
299398.3144,303719,190,1.0410,-0.1445,-0.3943,-54.3817,5.4046,-62.4427
299398.3144,303729,190,1.0820,-0.1687,-0.4236,-59.7099,7.0840,-70.3053
299398.3144,303739,190,1.1062,-0.2029,-0.4558,-64.1069,8.2748,-78.9771
299398.3144,303749,190,1.1145,-0.2546,-0.4797,-67.8931,9.6183,-88.2443
299398.3144,303759,190,1.1018,-0.3403,-0.4785,-70.3511,10.7176,-97.3893
299398.4176,303769,191,1.0750,-0.4399,-0.4673,-69.4198,9.8473,-104.0611
299398.4176,303779,191,1.0393,-0.5168,-0.4463,-63.5725,7.0687,-107.7557
299398.4176,303789,191,0.9800,-0.5645,-0.4136,-55.1603,2.4885,-109.1450
299398.4176,303799,191,0.9390,-0.6138,-0.3796,-47.1603,-4.3969,-109.5267
299398.4176,303809,191,0.9119,-0.6670,-0.3386,-39.2061,-12.0305,-108.9313
299398.4176,303819,191,0.8938,-0.7104,-0.2947,-30.1374,-19.8015,-104.8244
299398.4176,303829,191,0.8909,-0.7234,-0.2451,-19.2061,-28.1679,-96.0611
299398.4176,303839,191,0.9211,-0.7131,-0.2000,-7.7252,-36.7939,-82.7176
299398.4176,303849,191,0.9658,-0.6836,-0.1594,1.6489,-43.2366,-65.4962
299398.4176,303859,191,0.9985,-0.6345,-0.1277,7.5420,-44.6107,-45.7557
299398.5067,303869,192,1.0205,-0.5422,-0.1111,9.2214,-41.4198,-25.1603
299398.5067,303879,192,1.0471,-0.4385,-0.1172,6.8397,-35.7557,-5.9695
299398.5067,303889,192,1.0723,-0.3669,-0.1680,1.1298,-27.5573,7.9389
299398.5067,303899,192,1.0823,-0.3281,-0.2312,-8.0611,-14.3359,14.6565
299398.5067,303909,192,1.0366,-0.2981,-0.2744,-17.7252,1.0382,18.3511
299398.5067,303919,192,0.9976,-0.2542,-0.3120,-25.0840,9.2061,21.9084
299398.5067,303929,192,0.9819,-0.2144,-0.3481,-31.4962,9.4046,25.0534
299398.5067,303939,192,0.9680,-0.1824,-0.3669,-37.9084,6.7176,25.5267
299398.5067,303949,192,0.9468,-0.1665,-0.3640,-45.0382,3.5725,22.7939
299398.5067,303959,192,0.9272,-0.1655,-0.3508,-54.0458,0.6260,18.6870
299398.6117,303969,193,0.9114,-0.1882,-0.3511,-64.7939,-1.6641,14.7481
299398.6117,303979,193,0.8928,-0.2485,-0.3484,-75.5267,-1.6947,11.3435
299398.6117,303989,193,0.8708,-0.3203,-0.3452,-83.7099,0.0916,9.7405
299398.6117,303999,193,0.8352,-0.3787,-0.3491,-87.2824,0.9160,11.4351
299398.6117,304009,193,0.8027,-0.4065,-0.3447,-85.0534,-1.4962,15.2824
299398.6117,304019,193,0.7903,-0.4011,-0.3381,-77.4809,-6.5802,18.9160
299398.6117,304029,193,0.7876,-0.3726,-0.3181,-67.5420,-12.6870,21.1298
299398.6117,304039,193,0.8027,-0.3406,-0.2966,-57.6031,-17.4809,22.0305
299398.6117,304049,193,0.8208,-0.3010,-0.2681,-48.4275,-19.4198,21.5267
299398.6117,304059,193,0.8354,-0.2712,-0.2500,-41.3282,-19.0687,20.2901
299398.7168,304069,194,0.8650,-0.2546,-0.2400,-35.7710,-18.7786,17.9389
299398.7168,304079,194,0.8958,-0.2566,-0.2456,-31.5725,-17.5878,14.2290
299398.7168,304089,194,0.8962,-0.2302,-0.2415,-27.8321,-13.4656,10.0305
299398.7168,304099,194,0.9009,-0.2151,-0.2444,-26.1069,-11.9237,5.2214
299398.7168,304109,194,0.9160,-0.2209,-0.2581,-26.8550,-11.2672,-0.9924
299398.7168,304119,194,0.9292,-0.2588,-0.2708,-28.3359,-9.1908,-8.1985
299398.7168,304129,194,0.9324,-0.3013,-0.2859,-28.5344,-7.4504,-14.3206
299398.7168,304139,194,0.9434,-0.3467,-0.2966,-27.0992,-7.4504,-18.0611
299398.7168,304149,194,0.9561,-0.3694,-0.3115,-24.5649,-8.7481,-19.0229
299398.7168,304159,194,0.9563,-0.3857,-0.3206,-21.5115,-9.7710,-18.3664
299398.8070,304169,195,0.9487,-0.3879,-0.3191,-18.8550,-11.0840,-16.8702
299398.8070,304179,195,0.9524,-0.3909,-0.3171,-16.6260,-14.3053,-14.3817
299398.8070,304189,195,0.9546,-0.3889,-0.3091,-14.3817,-17.3588,-12.8855
299398.8070,304199,195,0.9543,-0.3962,-0.3054,-11.6641,-19.1756,-12.5954
299398.8070,304209,195,0.9514,-0.4048,-0.2986,-8.1069,-20.4733,-12.7634
299398.8070,304219,195,0.9502,-0.4148,-0.3015,-3.2824,-21.8168,-13.1908
299398.8070,304229,195,0.9490,-0.4214,-0.2959,2.8702,-22.8244,-14.1221
299398.8070,304239,195,0.9487,-0.4214,-0.2915,10.3206,-23.7099,-15.4504
299398.8070,304249,195,0.9514,-0.4155,-0.2803,18.4122,-24.7634,-16.7023
299398.8070,304259,195,0.9558,-0.3979,-0.2690,26.7786,-25.3282,-18.3511
299398.9263,304269,196,0.9646,-0.3748,-0.2568,34.0458,-25.2519,-20.0611
299398.9263,304279,196,0.9651,-0.3518,-0.2449,38.9924,-24.6107,-21.1908
299398.9263,304289,196,0.9724,-0.3345,-0.2405,41.2214,-23.7710,-21.6336
299398.9263,304299,196,0.9783,-0.3228,-0.2380,41.4504,-22.8397,-21.6947
299398.9263,304309,196,0.9841,-0.3120,-0.2385,40.1069,-21.9237,-21.8321
299398.9263,304319,196,0.9934,-0.3137,-0.2400,37.6489,-20.9313,-21.5725
299398.9263,304329,196,1.0017,-0.3262,-0.2515,35.3588,-19.2977,-21.4198
299398.9263,304339,196,0.9973,-0.3403,-0.2603,34.1069,-16.7176,-21.9084
299398.9263,304349,196,0.9895,-0.3562,-0.2708,34.1985,-14.1527,-22.6260
299398.9263,304359,196,0.9795,-0.3718,-0.2979,35.9084,-11.9847,-23.3435
299399.0178,304369,197,0.9697,-0.3853,-0.3130,38.7481,-10.2901,-24.3359
299399.0178,304379,197,0.9558,-0.3921,-0.3274,42.0153,-9.6947,-24.9008
299399.0178,304389,197,0.9465,-0.3892,-0.3403,45.9084,-10.8244,-24.7328
299399.0178,304399,197,0.9431,-0.3840,-0.3521,50.0458,-12.6565,-24.9466
299399.0178,304409,197,0.9360,-0.3770,-0.3521,53.5420,-14.0000,-25.4504
299399.0178,304419,197,0.9319,-0.3647,-0.3545,56.7481,-15.5573,-25.5267
299399.0178,304429,197,0.9324,-0.3533,-0.3650,60.5191,-17.3588,-25.5267
299399.0178,304439,197,0.9358,-0.3452,-0.3623,64.9618,-18.5038,-26.6260
299399.0178,304449,197,0.9326,-0.3342,-0.3672,69.1603,-19.0840,-28.7176
299399.0178,304459,197,0.9312,-0.3281,-0.3740,72.7481,-20.3053,-31.0534
299399.1079,304469,198,0.9448,-0.3259,-0.3892,76.6718,-21.8473,-33.4046
299399.1079,304479,198,0.9609,-0.3130,-0.3989,82.0763,-22.8550,-36.1221
299399.1079,304489,198,0.9900,-0.2942,-0.4216,87.7863,-24.0305,-38.9008
299399.1079,304499,198,1.0269,-0.2773,-0.4473,92.7328,-24.6260,-42.1069
299399.1079,304509,198,1.0725,-0.2654,-0.4778,96.8092,-24.2137,-45.7405
299399.1079,304519,198,1.1199,-0.2517,-0.5110,100.9313,-22.8855,-49.6489
299399.1079,304529,198,1.1689,-0.2378,-0.5503,105.4504,-21.4198,-53.9237
299399.1079,304539,198,1.2180,-0.2351,-0.5947,108.9618,-19.6336,-58.5344
299399.1079,304549,198,1.2336,-0.2417,-0.6179,111.9237,-16.1679,-63.8473
299399.1079,304559,198,1.2068,-0.2397,-0.6213,116.6412,-11.5878,-70.7023
299399.2116,304569,199,1.1294,-0.2600,-0.6047,121.3740,-7.8168,-79.9847
299399.2116,304579,199,1.0371,-0.3289,-0.5874,124.5496,-6.5191,-89.6794
299399.2116,304589,199,0.9595,-0.4133,-0.5605,130.4275,-7.2366,-97.4198
299399.2116,304599,199,0.8889,-0.4602,-0.5188,141.9389,-7.9237,-102.5038
299399.2116,304609,199,0.8237,-0.4656,-0.4761,156.8092,-9.3588,-103.0534
299399.2116,304619,199,0.7859,-0.4463,-0.4526,172.3359,-12.2748,-100.7634
299399.2116,304629,199,0.7695,-0.4092,-0.4390,186.2748,-13.9084,-98.1985
299399.2116,304639,199,0.7607,-0.3643,-0.4272,196.3511,-12.2137,-94.8855
299399.2116,304649,199,0.7437,-0.3105,-0.4333,200.5954,-8.1985,-89.0076
299399.2116,304659,199,0.7285,-0.2727,-0.4700,201.2214,-4.4427,-82.0305
299399.3322,304669,200,0.7124,-0.2400,-0.5166,203.0840,0.0611,-77.6031
299399.3322,304679,200,0.6902,-0.2087,-0.5542,207.2824,3.6031,-75.4656
299399.3322,304689,200,0.6699,-0.1741,-0.5942,214.7481,4.3664,-76.5954
299399.3322,304699,200,0.6611,-0.1194,-0.6084,224.1221,1.9847,-80.6718
299399.3322,304709,200,0.6846,-0.0652,-0.6167,231.0992,-3.2977,-86.1374
299399.3322,304719,200,0.7222,-0.0273,-0.6191,233.8931,-7.8168,-92.3664
299399.3322,304729,200,0.7573,-0.0042,-0.6106,231.4656,-8.3664,-99.0687
299399.3322,304739,200,0.7830,-0.0176,-0.6145,223.9542,-6.5954,-106.0153
299399.3322,304749,200,0.7998,-0.0625,-0.6174,214.3664,-4.6107,-112.9618
299399.3322,304759,200,0.8120,-0.1460,-0.6206,204.8092,-3.0229,-118.9160
299399.4513,304769,201,0.8071,-0.2139,-0.6184,199.9237,-0.3053,-124.0611
299399.4513,304779,201,0.8066,-0.2759,-0.6123,198.8702,2.1527,-126.6565
299399.4513,304789,201,0.8008,-0.3232,-0.6042,201.6794,4.8397,-127.7710
299399.4513,304799,201,0.7876,-0.3411,-0.6021,207.0840,7.3435,-129.0687
299399.4513,304809,201,0.7766,-0.3542,-0.5925,208.8855,8.1374,-128.1069
299399.4513,304819,201,0.7749,-0.3691,-0.5889,206.1374,6.5344,-124.2137
299399.4513,304829,201,0.7820,-0.3770,-0.5923,201.7252,3.4046,-118.4275
299399.4513,304839,201,0.7964,-0.3853,-0.5881,196.8244,0.7939,-111.8779
299399.4513,304849,201,0.8079,-0.3970,-0.5872,190.4733,-1.4504,-104.1221
299399.4513,304859,201,0.8223,-0.3967,-0.5889,183.2519,-4.2443,-94.7786
299399.5141,304869,202,0.8369,-0.3850,-0.5845,175.8626,-7.4962,-84.6260
299399.5141,304879,202,0.8486,-0.3625,-0.5881,168.6870,-10.7023,-75.3130
299399.5141,304889,202,0.8672,-0.3433,-0.5784,161.3740,-13.6336,-67.9084
299399.5141,304899,202,0.8840,-0.3235,-0.5730,153.6183,-15.4351,-62.3053
299399.5141,304909,202,0.8982,-0.3264,-0.5718,146.1069,-15.8015,-58.5191
299399.5141,304919,202,0.9126,-0.3386,-0.5747,140.5344,-15.7863,-56.5954
299399.5141,304929,202,0.9224,-0.3525,-0.5725,137.1756,-16.1221,-55.4809
299399.5141,304939,202,0.9329,-0.3625,-0.5674,135.9542,-16.6870,-54.4122
299399.5141,304949,202,0.9412,-0.3687,-0.5564,135.9542,-16.6412,-53.4046
299399.5141,304959,202,0.9397,-0.3748,-0.5459,135.7405,-15.7863,-52.0458
299399.6327,304969,203,0.9443,-0.3818,-0.5371,135.1756,-15.4504,-50.5496
299399.6327,304979,203,0.9524,-0.3909,-0.5237,135.0076,-15.5115,-48.9771
299399.6327,304989,203,0.9612,-0.3989,-0.5151,135.7710,-14.7939,-47.2519
299399.6327,304999,203,0.9646,-0.4021,-0.5046,136.5802,-13.3740,-45.3282
299399.6327,305009,203,0.9753,-0.3992,-0.4978,138.2748,-11.5878,-43.0840
299399.6327,305019,203,0.9771,-0.3904,-0.5005,140.1221,-8.2901,-40.5344
299399.6327,305029,203,0.9812,-0.3831,-0.5051,142.0153,-4.1069,-37.4504
299399.6327,305039,203,0.9688,-0.3713,-0.5198,143.4351,-1.1145,-34.9466
299399.6327,305049,203,0.9570,-0.3589,-0.5308,143.6336,0.2901,-32.2901
299399.6327,305059,203,0.9512,-0.3533,-0.5371,143.6489,0.5649,-29.5573
299399.7519,305069,204,0.9187,-0.3403,-0.5525,145.3588,2.0458,-25.6031
299399.7519,305079,204,0.9187,-0.3403,-0.5525,145.3588,2.0458,-25.6031
299399.7519,305089,204,0.9036,-0.3303,-0.5596,146.1374,1.1756,-23.5115
299399.7519,305099,204,0.8972,-0.3018,-0.5447,147.8473,-3.4656,-18.9313
299399.7519,305109,204,0.9084,-0.2783,-0.5205,148.6107,-5.6489,-16.7634
299399.7519,305119,204,0.9280,-0.2578,-0.4932,148.5191,-6.6107,-14.7786
299399.7519,305129,204,0.9434,-0.2437,-0.4739,147.4809,-4.8550,-13.3282
299399.7519,305139,204,0.9451,-0.2344,-0.4529,145.8626,-0.6565,-12.5954
299399.7519,305149,204,0.9426,-0.2295,-0.4392,143.8015,3.0840,-11.7252
299399.7519,305159,204,0.9409,-0.2212,-0.4377,141.8779,5.3130,-10.9160
299399.8121,305169,205,0.9309,-0.2122,-0.4377,140.0916,9.6641,-10.2901
299399.8121,305179,205,0.9116,-0.1968,-0.4285,137.7863,14.3817,-9.4809
299399.8121,305189,205,0.9004,-0.1841,-0.4226,134.9160,16.1985,-8.6412
299399.8121,305199,205,0.8928,-0.1794,-0.4263,130.3817,16.8397,-8.3359
299399.8121,305209,205,0.8884,-0.1812,-0.4216,124.5496,17.6031,-8.2290
299399.8121,305219,205,0.8872,-0.1953,-0.4041,118.6718,18.5038,-7.8015
299399.8121,305229,205,0.8889,-0.2146,-0.3918,114.0305,19.4504,-6.6870
299399.8121,305239,205,0.8931,-0.2239,-0.3774,110.8092,20.5954,-5.6031
299399.8121,305249,205,0.9136,-0.2295,-0.3652,107.5573,21.1603,-3.8931
299399.8121,305259,205,0.9478,-0.2344,-0.3525,103.8321,21.6031,-1.2519
299399.9317,305269,206,0.9797,-0.2322,-0.3413,100.7176,24.2290,0.9618
299399.9317,305279,206,1.0076,-0.2532,-0.4128,98.1374,29.6794,2.2137
299399.9317,305289,206,0.9980,-0.2998,-0.5103,98.4427,43.8626,0.2901
299399.9317,305299,206,0.9529,-0.3755,-0.6030,102.7328,57.7557,-0.1527
299399.9317,305309,206,0.9202,-0.4326,-0.6831,112.6260,62.2137,3.8473
299399.9317,305319,206,0.8816,-0.3901,-0.6775,127.5878,57.9084,11.6794
299399.9317,305329,206,0.9021,-0.3325,-0.6165,138.4733,37.5725,19.0840
299399.9317,305339,206,0.9348,-0.2939,-0.5220,142.4427,11.1450,23.6794
299399.9317,305349,206,0.9631,-0.2744,-0.4102,140.7176,-12.0763,23.8779
299399.9317,305359,206,1.0010,-0.2585,-0.2737,134.1374,-28.6565,22.3969
299400.0516,305369,207,1.0625,-0.2456,-0.1389,124.3817,-35.1298,19.8321
299400.0516,305379,207,1.1235,-0.2515,-0.0381,112.6412,-27.2672,18.1069
299400.0516,305389,207,1.1699,-0.2812,0.0063,100.2137,-7.7557,16.2137
299400.0516,305399,207,1.1345,-0.2988,0.0139,87.9084,19.8473,15.5725
299400.0516,305409,207,1.0596,-0.3125,-0.0122,76.1374,40.7176,19.2214
299400.0516,305419,207,1.0027,-0.3105,-0.0479,69.1756,46.2748,27.0229
299400.0516,305429,207,0.9714,-0.2703,-0.0903,69.5115,39.7710,36.9618
299400.0516,305439,207,0.9683,-0.1987,-0.1345,72.9466,28.5649,46.2901
299400.0516,305449,207,0.9871,-0.1333,-0.1702,72.8397,20.3053,52.3969
299400.0516,305459,207,0.9895,-0.1008,-0.1919,66.8244,17.6031,55.0840
299400.1142,305469,208,0.9731,-0.0747,-0.2056,58.4733,17.5267,55.4809
299400.1142,305479,208,0.9592,-0.0645,-0.2078,50.3359,15.2519,54.2595
299400.1142,305489,208,0.9456,-0.0583,-0.2004,44.5496,10.9008,51.6489
299400.1142,305499,208,0.9436,-0.0574,-0.1892,39.7557,6.8092,47.9847
299400.1142,305509,208,0.9424,-0.0535,-0.1606,35.2977,5.0229,43.3435
299400.1142,305519,208,0.9441,-0.0559,-0.1428,28.8092,4.4275,38.3664
299400.1142,305529,208,0.9512,-0.0776,-0.1250,20.5191,3.8779,34.3817
299400.1142,305539,208,0.9470,-0.0955,-0.1216,13.4962,3.8473,31.6947
299400.1142,305549,208,0.9399,-0.1035,-0.1064,8.1069,4.6565,30.7023
299400.1142,305559,208,0.9272,-0.1055,-0.1096,4.2595,4.6870,31.4198
299400.2325,305569,209,0.9172,-0.0977,-0.1196,2.1069,2.6412,32.1527
299400.2325,305579,209,0.9109,-0.0801,-0.1331,0.5496,-0.3359,32.0153
299400.2325,305589,209,0.9055,-0.0757,-0.1506,-0.4427,-3.0840,30.3511
299400.2325,305599,209,0.8977,-0.0732,-0.1641,-0.3664,-5.5267,27.5267
299400.2325,305609,209,0.8906,-0.0640,-0.1846,0.0153,-8.7481,23.6641
299400.2325,305619,209,0.8853,-0.0601,-0.2058,0.2137,-12.3817,18.4580
299400.2325,305629,209,0.8716,-0.0608,-0.2188,0.4122,-15.8168,12.0458
299400.2325,305639,209,0.8589,-0.0642,-0.2302,0.0916,-20.4275,5.4504
299400.2325,305649,209,0.8518,-0.0674,-0.2302,-0.7481,-26.0153,-1.1450
299400.2325,305659,209,0.8506,-0.0791,-0.2253,-2.0763,-32.1985,-7.4198
299400.3557,305669,210,0.8591,-0.0977,-0.2063,-3.6031,-37.9237,-13.2519
299400.3557,305679,210,0.8743,-0.1152,-0.1841,-5.2672,-41.9389,-18.3359
299400.3557,305689,210,0.8923,-0.1367,-0.1699,-6.8855,-44.7176,-22.3511
299400.3557,305699,210,0.9121,-0.1582,-0.1543,-7.9389,-47.0382,-26.0305
299400.3557,305709,210,0.9368,-0.1819,-0.1438,-7.0076,-48.1527,-29.8473
299400.3557,305719,210,0.9546,-0.1963,-0.1318,-3.7099,-48.0916,-34.0916
299400.3557,305729,210,0.9673,-0.1982,-0.1218,-0.0611,-48.0000,-38.1985
299400.3557,305739,210,0.9827,-0.2092,-0.1189,1.9084,-48.2137,-41.7710
299400.3557,305749,210,0.9968,-0.2239,-0.1169,2.8550,-47.7710,-45.1450
299400.3557,305759,210,0.9954,-0.2344,-0.1118,3.6336,-45.9847,-47.6336
299400.4120,305769,211,0.9912,-0.2458,-0.1079,3.5420,-44.3206,-49.3740
299400.4120,305779,211,0.9922,-0.2578,-0.1118,2.4122,-44.1069,-50.3053
299400.4120,305789,211,0.9927,-0.2695,-0.1042,0.2137,-43.9847,-50.6870
299400.4120,305799,211,0.9956,-0.2852,-0.0964,-3.0076,-42.7481,-50.1069
299400.4120,305809,211,0.9968,-0.3018,-0.0920,-6.0000,-40.4122,-48.9160
299400.4120,305819,211,0.9939,-0.3135,-0.0928,-9.2519,-38.9008,-47.8321
299400.4120,305829,211,0.9897,-0.3320,-0.0935,-12.9924,-38.5038,-46.4122
299400.4120,305839,211,0.9895,-0.3474,-0.0854,-16.4733,-38.7481,-44.2290
299400.4120,305849,211,1.0037,-0.3601,-0.0796,-19.5115,-38.5649,-41.2061
299400.4120,305859,211,1.0078,-0.3706,-0.0886,-21.9847,-36.5191,-37.5267
299400.5319,305869,212,1.0044,-0.3770,-0.0903,-23.6489,-33.5725,-34.2137
299400.5319,305879,212,1.0002,-0.3752,-0.0977,-24.5649,-31.7405,-31.3130
299400.5319,305889,212,0.9941,-0.3765,-0.1060,-25.1298,-31.4046,-28.8702
299400.5319,305899,212,0.9978,-0.3779,-0.1169,-25.0229,-31.9389,-27.3130
299400.5319,305909,212,1.0063,-0.3752,-0.1235,-24.2748,-32.6565,-26.4733
299400.5319,305919,212,1.0134,-0.3708,-0.1318,-23.6489,-33.6947,-25.7863
299400.5319,305929,212,1.0330,-0.3667,-0.1345,-23.4809,-34.3817,-25.6641
299400.5319,305939,212,1.0481,-0.3721,-0.1443,-24.0000,-33.4809,-26.1221
299400.5319,305949,212,1.0571,-0.3843,-0.1465,-24.7481,-31.5878,-26.6718
299400.5319,305959,212,1.0659,-0.3953,-0.1567,-24.8550,-30.3206,-26.9466
299400.7112,305969,213,1.0642,-0.4053,-0.1667,-24.1221,-29.5115,-26.4885
299400.7112,305979,213,1.0618,-0.4082,-0.1750,-23.4046,-29.5115,-25.7710
299400.7112,305989,213,1.0618,-0.4124,-0.1807,-23.7405,-29.8931,-24.3053
299400.7112,305999,213,1.0906,-0.4165,-0.1885,-24.4427,-30.8702,-21.8779
299400.7112,306009,213,1.1350,-0.4368,-0.2131,-24.0000,-31.6336,-18.0763
299400.7112,306019,213,1.1375,-0.4387,-0.2231,-21.0687,-27.5115,-15.2061
299400.7112,306029,213,1.1321,-0.4268,-0.2288,-18.3664,-23.2214,-12.8092
299400.7112,306039,213,1.1265,-0.4258,-0.2397,-17.1756,-21.0687,-10.2901
299400.7112,306049,213,1.1194,-0.4260,-0.2495,-15.9237,-19.0229,-9.2214
299400.7112,306059,213,1.1328,-0.4375,-0.2522,-14.0305,-18.0000,-9.0076
299400.7135,306069,214,1.1514,-0.4448,-0.2524,-11.2519,-15.8626,-8.8550
299400.7135,306079,214,1.1453,-0.4585,-0.2534,-7.3435,-11.6183,-9.0687
299400.7135,306089,214,1.1211,-0.4641,-0.2607,-2.4427,-8.1832,-9.8321
299400.7135,306099,214,1.1084,-0.4707,-0.2576,1.2366,-6.8550,-9.4046
299400.7135,306109,214,1.0867,-0.4854,-0.2617,3.8321,-5.6641,-8.0305
299400.7135,306119,214,1.0566,-0.4919,-0.2539,7.0687,-3.5573,-6.6870
299400.7135,306129,214,1.0183,-0.5046,-0.2358,10.3817,-2.0763,-4.3664
299400.7135,306139,214,0.9897,-0.5117,-0.2405,14.9618,-2.0305,-1.3435
299400.7135,306149,214,0.9739,-0.5171,-0.2358,20.6412,-2.9618,1.6947
299400.7135,306159,214,0.9614,-0.5239,-0.2322,26.7786,-3.9542,5.0229
299400.8321,306169,215,0.9517,-0.5149,-0.2271,33.3282,-5.0687,9.0229
299400.8321,306179,215,0.9453,-0.5063,-0.2297,40.8855,-5.9542,13.0076
299400.8321,306189,215,0.9438,-0.4924,-0.2322,49.4656,-6.3359,15.8931
299400.8321,306199,215,0.9399,-0.4727,-0.2292,58.0458,-7.3740,17.4962
299400.8321,306209,215,0.9453,-0.4597,-0.2300,66.1069,-9.3130,18.5496
299400.8321,306219,215,0.9678,-0.4639,-0.2300,74.2901,-11.1145,19.0534
299400.8321,306229,215,1.0027,-0.4604,-0.2290,83.1298,-12.1527,18.5954
299400.8321,306239,215,1.0486,-0.4487,-0.2314,91.5725,-12.2901,18.7481
299400.8321,306249,215,1.1069,-0.4377,-0.2410,98.2901,-11.1908,19.6031
299400.8321,306259,215,1.1572,-0.4124,-0.2534,103.0840,-8.0458,20.2748
299400.9524,306269,216,1.2021,-0.3896,-0.2671,105.6794,-4.1527,20.9160
299400.9524,306279,216,1.2271,-0.3687,-0.2861,105.1450,0.5649,21.6794
299400.9524,306289,216,1.2166,-0.3494,-0.3018,101.0992,6.9924,23.6336
299400.9524,306299,216,1.1858,-0.3274,-0.3179,94.1832,13.1908,26.2901
299400.9524,306309,216,1.1418,-0.3149,-0.3325,84.5344,17.6794,29.0229
299400.9524,306319,216,1.1021,-0.3213,-0.3364,74.1832,20.9008,31.5725
299400.9524,306329,216,1.0493,-0.3286,-0.3423,65.8626,22.5344,34.0000
299400.9524,306339,216,1.0117,-0.3376,-0.3452,59.7557,21.5420,35.8626
299400.9524,306349,216,0.9817,-0.3528,-0.3401,53.7863,20.1069,38.5344
299400.9524,306359,216,0.9639,-0.3723,-0.3281,49.8473,19.0840,41.8626
299401.0115,306369,217,0.9507,-0.3855,-0.3174,48.4275,18.4580,45.4809
299401.0115,306379,217,0.9421,-0.3982,-0.3135,48.3664,16.4733,48.3969
299401.0115,306389,217,0.9443,-0.4128,-0.3000,49.6031,12.7328,50.7176
299401.0115,306399,217,0.9536,-0.4153,-0.2874,53.0687,9.8168,53.3588
299401.0115,306409,217,0.9648,-0.4048,-0.2769,58.0611,8.9008,55.7557
299401.0115,306419,217,0.9690,-0.3843,-0.2690,62.4885,9.2061,57.3588
299401.0115,306429,217,0.9766,-0.3689,-0.2581,65.7252,10.3206,58.1679
299401.0115,306439,217,0.9766,-0.3501,-0.2476,68.4885,12.8702,58.5496
299401.0115,306449,217,0.9688,-0.3220,-0.2444,71.1450,15.4809,58.5802
299401.0115,306459,217,0.9602,-0.2866,-0.2375,72.6412,16.7786,58.2443
299401.1316,306469,218,0.9492,-0.2498,-0.2183,71.2824,17.9542,58.0763
299401.1316,306479,218,0.9351,-0.2136,-0.2131,66.9466,20.0153,57.6031
299401.1316,306489,218,0.9189,-0.1868,-0.2063,60.3359,21.9542,56.7634
299401.1316,306499,218,0.9019,-0.1677,-0.1982,52.0305,23.2214,55.6794
299401.1316,306509,218,0.8840,-0.1501,-0.1968,42.6412,24.1832,54.4885
299401.1316,306519,218,0.8706,-0.1401,-0.1929,32.7176,24.9924,52.9618
299401.1316,306529,218,0.8577,-0.1389,-0.1958,23.3740,25.6947,51.0840
299401.1316,306539,218,0.8433,-0.1455,-0.1960,15.7557,27.0382,48.8092
299401.1316,306549,218,0.8318,-0.1433,-0.1980,10.0305,28.3053,45.5115
299401.1316,306559,218,0.8159,-0.1470,-0.2061,4.6870,30.1374,41.3282
299401.2528,306569,219,0.8025,-0.1604,-0.2236,-0.8550,32.5496,36.7481
299401.2528,306579,219,0.7832,-0.1812,-0.2451,-4.5649,34.7328,31.8321
299401.2528,306589,219,0.7588,-0.1995,-0.2524,-5.6489,35.2672,26.9008
299401.2528,306599,219,0.7515,-0.2104,-0.2603,-4.6870,33.5725,22.3359
299401.2528,306609,219,0.7578,-0.2200,-0.2659,-3.1603,30.2595,18.3359
299401.2528,306619,219,0.7588,-0.2205,-0.2595,-2.0305,27.0687,14.5038
299401.2528,306629,219,0.7739,-0.2297,-0.2539,-2.4122,24.6107,10.7634
299401.2528,306639,219,0.7932,-0.2419,-0.2458,-3.8626,22.8550,7.5573
299401.2528,306649,219,0.8096,-0.2581,-0.2327,-5.7252,21.8473,4.8244
299401.2528,306659,219,0.8225,-0.2673,-0.2214,-7.5420,20.9771,3.0534
299401.4312,306669,220,0.8633,-0.2458,-0.2107,-7.9237,19.2061,2.6107
299401.4312,306679,220,0.9377,-0.1921,-0.2021,-7.8321,16.1679,3.0229
299401.4312,306689,220,1.0051,-0.1389,-0.2056,-10.6565,15.8626,0.6412
299401.4312,306699,220,1.0581,-0.1167,-0.2234,-19.0076,18.4122,-3.8321
299401.4312,306709,220,1.0571,-0.1084,-0.2463,-31.5573,24.8550,-8.1679
299401.4312,306719,220,1.0366,-0.1167,-0.2783,-45.1908,30.5191,-13.2977
299401.4312,306729,220,1.0176,-0.1453,-0.3037,-57.0840,33.8015,-19.7557
299401.4312,306739,220,0.9817,-0.1875,-0.3101,-66.3053,34.4427,-26.0305
299401.4312,306749,220,0.9556,-0.2173,-0.3037,-73.0992,30.7023,-29.3740
299401.4312,306759,220,0.9385,-0.2468,-0.2947,-77.1298,25.8626,-28.5954
299401.4334,306769,221,0.9238,-0.2515,-0.2893,-76.6412,23.7863,-28.2443
299401.4334,306779,221,0.8887,-0.2749,-0.2910,-76.1527,25.4504,-30.2748
299401.4334,306789,221,0.8472,-0.3347,-0.2971,-74.7176,26.0305,-35.7405
299401.4334,306799,221,0.8279,-0.4141,-0.3015,-66.7939,22.5649,-44.1985
299401.4334,306809,221,0.8264,-0.4600,-0.2690,-51.0992,15.0992,-51.6489
299401.4334,306819,221,0.8687,-0.4768,-0.2151,-31.3893,1.2977,-54.3664
299401.4334,306829,221,0.9412,-0.4404,-0.1550,-10.3206,-14.5954,-53.2824
299401.4334,306839,221,1.0171,-0.3479,-0.0879,6.7481,-24.1832,-50.0611
299401.4334,306849,221,1.0713,-0.2427,-0.0647,12.7328,-24.2290,-45.6794
299401.4334,306859,221,1.1038,-0.1479,-0.0703,6.9618,-17.4809,-41.7252
299401.6104,306869,222,1.1060,-0.0850,-0.1182,-7.8931,-7.5725,-39.8321
299401.6104,306879,222,1.0750,-0.0684,-0.1770,-28.1985,2.8855,-41.4046
299401.6104,306889,222,1.0305,-0.0806,-0.2178,-49.4962,10.6412,-46.4275
299401.6104,306899,222,0.9927,-0.1306,-0.2488,-69.0687,12.8244,-52.3053
299401.6104,306909,222,0.9773,-0.2163,-0.2703,-85.2519,11.2977,-56.9924
299401.6104,306919,222,0.9641,-0.3022,-0.2771,-96.9008,8.7939,-60.0763
299401.6104,306929,222,0.9478,-0.3792,-0.2595,-104.9313,5.8473,-60.1374
299401.6104,306939,222,0.9236,-0.4187,-0.2380,-109.5267,2.6260,-55.9237
299401.6104,306949,222,0.9167,-0.4407,-0.2305,-110.0153,-1.1450,-50.2595
299401.6104,306959,222,0.9158,-0.4607,-0.2229,-108.5191,-2.5802,-45.5420
299401.6126,306969,223,0.9041,-0.4622,-0.2112,-106.4427,-1.3893,-40.3817
299401.6126,306979,223,0.8977,-0.4468,-0.2124,-104.7634,-1.7405,-32.9313
299401.6126,306989,223,0.9053,-0.4167,-0.2180,-104.0611,-3.2366,-25.3893
299401.6126,306999,223,0.9031,-0.3784,-0.2239,-104.3359,-3.6947,-19.9084
299401.6126,307009,223,0.9043,-0.3462,-0.2222,-105.8626,-4.0000,-16.7328
299401.6126,307019,223,0.9167,-0.3296,-0.2278,-109.4504,-4.9313,-14.5038
299401.6126,307029,223,0.9319,-0.3342,-0.2417,-113.9389,-5.0076,-13.4198
299401.6126,307039,223,0.9421,-0.3569,-0.2610,-116.9313,-3.4962,-13.7863
299401.6126,307049,223,0.9504,-0.3813,-0.2744,-116.7939,-1.8015,-15.0992
299401.6126,307059,223,0.9536,-0.3945,-0.2979,-113.1603,-0.3969,-16.5802
299401.7393,307069,224,0.9558,-0.4102,-0.3103,-108.2290,0.2443,-17.4351
299401.7393,307079,224,0.9482,-0.4231,-0.3232,-102.7023,1.2061,-17.8015
299401.7393,307089,224,0.9321,-0.4216,-0.3276,-97.0076,1.4046,-17.8931
299401.7393,307099,224,0.9199,-0.4241,-0.3223,-93.2672,-1.2366,-16.6412
299401.7393,307109,224,0.9199,-0.4209,-0.3181,-91.1298,-5.8473,-14.9008
299401.7393,307119,224,0.9272,-0.4187,-0.2908,-89.1145,-10.7176,-13.4198
299401.7393,307129,224,0.9526,-0.4233,-0.2644,-87.7557,-15.0687,-11.4046
299401.7393,307139,224,0.9758,-0.4224,-0.2417,-87.0840,-16.9466,-8.4733
299401.7393,307149,224,0.9890,-0.4199,-0.2236,-87.4046,-17.4198,-4.8092
299401.7393,307159,224,1.0083,-0.4170,-0.2041,-88.7939,-17.5725,-0.5038
299401.8524,307169,225,1.0215,-0.4026,-0.1899,-91.1756,-17.6794,5.4198
299401.8524,307179,225,1.0386,-0.3811,-0.1831,-94.5802,-17.2824,12.4733
299401.8524,307189,225,1.0461,-0.3640,-0.1782,-99.5115,-14.8855,18.7786
299401.8524,307199,225,1.0391,-0.3579,-0.1836,-105.5420,-10.3969,24.0153
299401.8524,307209,225,1.0217,-0.3486,-0.1895,-111.2061,-5.8321,28.9160
299401.8524,307219,225,1.0081,-0.3340,-0.2031,-116.5496,-2.5954,33.7405
299401.8524,307229,225,0.9961,-0.3245,-0.2219,-122.1374,0.1832,38.6107
299401.8524,307239,225,0.9854,-0.3071,-0.2451,-127.0534,2.7939,43.2366
299401.8524,307249,225,0.9758,-0.2861,-0.2693,-131.1756,5.0687,47.4198
299401.8524,307259,225,0.9695,-0.2742,-0.2908,-135.4046,6.4885,50.5802
299401.9124,307269,226,0.9697,-0.2654,-0.3196,-140.1069,7.4198,52.7634
299401.9124,307279,226,0.9690,-0.2634,-0.3345,-145.0534,7.9389,54.8244
299401.9124,307289,226,0.9751,-0.2556,-0.3511,-150.1221,7.7405,57.5725
299401.9124,307299,226,0.9756,-0.2488,-0.3735,-154.9771,6.7786,60.1069
299401.9124,307309,226,0.9868,-0.2419,-0.3918,-159.3893,5.5725,62.0153
299401.9124,307319,226,0.9995,-0.2319,-0.4106,-162.8244,5.0992,63.0076
299401.9124,307329,226,1.0061,-0.2170,-0.4368,-165.1450,5.4198,62.9924
299401.9124,307339,226,1.0042,-0.2058,-0.4673,-166.5649,5.8168,62.0611
299401.9124,307349,226,0.9885,-0.1953,-0.4900,-168.2137,5.9084,60.0153
299401.9124,307359,226,0.9534,-0.2202,-0.5000,-170.6107,6.7328,55.9847
299402.0324,307369,227,0.9128,-0.2612,-0.5056,-169.7557,6.3969,49.6947
299402.0324,307379,227,0.8730,-0.3025,-0.4922,-165.2519,4.3969,42.4885
299402.0324,307389,227,0.8440,-0.3384,-0.4590,-157.7863,-0.5191,36.1832
299402.0324,307399,227,0.8391,-0.3806,-0.4368,-147.1298,-7.0840,30.8397
299402.0324,307409,227,0.8237,-0.4084,-0.4026,-134.3206,-10.9771,27.0076
299402.0324,307419,227,0.8074,-0.4158,-0.3711,-121.0382,-13.2214,25.4046
299402.0324,307429,227,0.7986,-0.4092,-0.3533,-108.5649,-15.4504,26.5649
299402.0324,307439,227,0.8140,-0.3835,-0.3274,-96.7176,-17.7099,29.2061
299402.0324,307449,227,0.8450,-0.3411,-0.3196,-85.8321,-19.8168,32.8092
299402.0324,307459,227,0.8931,-0.2820,-0.3127,-76.0611,-20.3053,35.1756
299402.1510,307469,228,0.9729,-0.2231,-0.3083,-68.3053,-19.8015,36.0458
299402.1510,307479,228,1.0776,-0.1765,-0.3145,-64.0611,-18.9924,36.5496
299402.1510,307489,228,1.1726,-0.1472,-0.3271,-63.8168,-14.3817,36.3206
299402.1510,307499,228,1.2419,-0.1177,-0.3484,-67.0687,-4.7023,36.1527
299402.1510,307509,228,1.2551,-0.1055,-0.3906,-75.3588,9.3435,38.2748
299402.1510,307519,228,1.2124,-0.0933,-0.4463,-88.8397,26.9160,42.6260
299402.1510,307529,228,1.1360,-0.0859,-0.4883,-105.0840,42.5496,48.5496
299402.1510,307539,228,1.0474,-0.0986,-0.5273,-122.3053,49.3740,55.1450
299402.1510,307549,228,0.9788,-0.1296,-0.5601,-135.6336,50.0763,60.9924
299402.1510,307559,228,0.9036,-0.1450,-0.5889,-145.3435,49.2824,66.3969
299402.2134,307569,229,0.8413,-0.1577,-0.5942,-152.8092,47.0992,73.6794
299402.2134,307579,229,0.7864,-0.1541,-0.5925,-154.9313,41.0840,81.5420
299402.2134,307589,229,0.7668,-0.1348,-0.5696,-152.5191,31.2519,86.8702
299402.2134,307599,229,0.7688,-0.1130,-0.5422,-148.5954,20.3053,90.8550
299402.2134,307609,229,0.8025,-0.1138,-0.5156,-144.8397,10.7481,92.0000
299402.2134,307619,229,0.8386,-0.1177,-0.4839,-139.5878,6.2290,89.7099
299402.2134,307629,229,0.8738,-0.1150,-0.4583,-131.8015,6.7481,85.7405
299402.2134,307639,229,0.9004,-0.1084,-0.4434,-121.8779,10.3206,80.7634
299402.2134,307649,229,0.9294,-0.1016,-0.4465,-112.1985,16.2137,74.3359
299402.2134,307659,229,0.9565,-0.0999,-0.4617,-104.1832,23.4351,66.7939
299402.3322,307669,230,0.9595,-0.0994,-0.4746,-98.9771,31.2824,59.6336
299402.3322,307679,230,0.9441,-0.1008,-0.4792,-98.0000,37.0229,55.7099
299402.3322,307689,230,0.9351,-0.0991,-0.4849,-101.6794,38.5038,56.3511
299402.3322,307699,230,0.9390,-0.0845,-0.4900,-108.1374,37.2214,60.1374
299402.3322,307709,230,0.9348,-0.0781,-0.4939,-117.0382,36.8092,65.2214
299402.3322,307719,230,0.9148,-0.0862,-0.4922,-127.6641,38.2595,69.9237
299402.3322,307729,230,0.8999,-0.1045,-0.5115,-137.6641,39.8473,73.8931
299402.3322,307739,230,0.8894,-0.1318,-0.5205,-144.7328,40.8244,76.9466
299402.3322,307749,230,0.8706,-0.1553,-0.5278,-147.8473,41.8168,78.7634
299402.3322,307759,230,0.8503,-0.1799,-0.5342,-146.6870,42.0763,79.3435
299402.4511,307769,231,0.8467,-0.1965,-0.5347,-142.4275,41.0534,78.7634
299402.4511,307779,231,0.8521,-0.2095,-0.5300,-136.1527,39.9389,76.9313
299402.4511,307789,231,0.8596,-0.2158,-0.5132,-128.9924,39.3740,73.9695
299402.4511,307799,231,0.8721,-0.2192,-0.5095,-122.3969,38.9466,71.4504
299402.4511,307809,231,0.8921,-0.2100,-0.4946,-116.5038,39.0382,69.5267
299402.4511,307819,231,0.9202,-0.1936,-0.4949,-111.8015,39.4351,67.8473
299402.4511,307829,231,0.9373,-0.1677,-0.4854,-109.4198,40.7023,67.6031
299402.4511,307839,231,0.9604,-0.1245,-0.4824,-109.9084,42.1985,69.6031
299402.4511,307849,231,0.9810,-0.0737,-0.4792,-113.2519,43.6031,72.3664
299402.4511,307859,231,0.9866,-0.0293,-0.4810,-119.3588,45.7099,74.2595
299402.5110,307869,232,0.9854,-0.0068,-0.5024,-128.5191,48.9160,74.3664
299402.5110,307879,232,0.9668,-0.0193,-0.5168,-140.5191,54.4275,73.6489
299402.5110,307889,232,0.9270,-0.0535,-0.5449,-152.0000,60.5649,73.4046
299402.5110,307899,232,0.8848,-0.0852,-0.5710,-160.7176,63.3282,74.0916
299402.5110,307909,232,0.8506,-0.1123,-0.5964,-166.7023,62.2290,75.0076
299402.5110,307919,232,0.8228,-0.1418,-0.6143,-169.5267,59.5115,74.6412
299402.5110,307929,232,0.7896,-0.1741,-0.6150,-167.9542,56.5496,72.2595
299402.5110,307939,232,0.7571,-0.1997,-0.6111,-161.8473,53.8779,66.7176
299402.5110,307949,232,0.7183,-0.2356,-0.6133,-153.1145,49.4351,58.5954
299402.5110,307959,232,0.6904,-0.2822,-0.5859,-140.1221,40.8855,47.1603
299402.6322,307969,233,0.6956,-0.3274,-0.5149,-123.2061,28.2748,34.5649
299402.6322,307979,233,0.7358,-0.3643,-0.4270,-103.6489,14.8702,24.2901
299402.6322,307989,233,0.7944,-0.3613,-0.3252,-82.2443,6.6107,17.6794
299402.6322,307999,233,0.8452,-0.3303,-0.2361,-65.0076,5.4504,14.7176
299402.6322,308009,233,0.8955,-0.2986,-0.1667,-57.3893,8.6870,14.9466
299402.6322,308019,233,0.9312,-0.2588,-0.1230,-59.0534,15.0992,18.0458
299402.6322,308029,233,0.9565,-0.2188,-0.0820,-68.9466,21.4504,24.6260
299402.6322,308039,233,0.9812,-0.2085,-0.0776,-86.7023,28.4427,33.9389
299402.6322,308049,233,0.9937,-0.2012,-0.1023,-107.2214,37.9084,43.7099
299402.6322,308059,233,0.9709,-0.1902,-0.1543,-127.8779,49.6336,53.4351
299402.7513,308069,234,0.9260,-0.1992,-0.2344,-147.0840,60.3817,62.6412
299402.7513,308079,234,0.8848,-0.2073,-0.3022,-161.1756,67.3435,69.8015
299402.7513,308089,234,0.8596,-0.2214,-0.3696,-169.9237,68.4427,72.8702
299402.7513,308099,234,0.8428,-0.2495,-0.4153,-174.5649,66.9771,72.0763
299402.7513,308109,234,0.8330,-0.2717,-0.4412,-174.3664,64.5802,69.5115
299402.7513,308119,234,0.8325,-0.2720,-0.4500,-170.2443,60.8550,67.2672
299402.7513,308129,234,0.8340,-0.2905,-0.4707,-166.6870,57.0992,65.1756
299402.7513,308139,234,0.8330,-0.3093,-0.4722,-162.6718,55.6031,62.1832
299402.7513,308149,234,0.8254,-0.3223,-0.4751,-157.1908,53.2366,58.6107
299402.7513,308159,234,0.8301,-0.3279,-0.4714,-152.0916,48.0611,55.5725
299402.8121,308169,235,0.8345,-0.3367,-0.4673,-147.8779,42.6260,53.0229
299402.8121,308179,235,0.8318,-0.3552,-0.4617,-144.3206,38.5802,49.9237
299402.8121,308189,235,0.8232,-0.3735,-0.4485,-140.4275,35.5725,46.5496
299402.8121,308199,235,0.8210,-0.3940,-0.4326,-135.0382,31.8473,43.3893
299402.8121,308209,235,0.8250,-0.4150,-0.4187,-128.5496,27.3740,40.3664
299402.8121,308219,235,0.8318,-0.4309,-0.3992,-121.2672,23.4351,36.7328
299402.8121,308229,235,0.8433,-0.4431,-0.3840,-113.9389,19.7557,33.0840
299402.8121,308239,235,0.8577,-0.4497,-0.3577,-106.5191,16.5649,30.3511
299402.8121,308249,235,0.8748,-0.4446,-0.3398,-99.4656,13.8931,28.5649
299402.8121,308259,235,0.8926,-0.4424,-0.3257,-93.8931,12.4885,27.2214
299402.9919,308269,236,0.9053,-0.4348,-0.3103,-90.1679,12.2748,25.8779
299402.9919,308279,236,0.9126,-0.4307,-0.3027,-88.3817,12.6565,25.1756
299402.9919,308289,236,0.9092,-0.4395,-0.3005,-87.3130,13.1603,24.6412
299402.9919,308299,236,0.9058,-0.4497,-0.2983,-85.4351,13.2824,23.8473
299402.9919,308309,236,0.9060,-0.4526,-0.2915,-82.1221,12.0305,23.1603
299402.9919,308319,236,0.9075,-0.4541,-0.2878,-78.3817,9.5115,22.5649
299402.9919,308329,236,0.9148,-0.4558,-0.2776,-74.9466,7.5267,22.0458
299402.9919,308339,236,0.9219,-0.4526,-0.2651,-72.3359,6.1679,21.9542
299402.9919,308349,236,0.9277,-0.4463,-0.2495,-70.9160,4.8092,22.6870
299402.9919,308359,236,0.9363,-0.4426,-0.2397,-70.8550,3.9695,23.9237
299403.1132,308369,237,0.9436,-0.4414,-0.2283,-71.0840,3.8015,25.3130
299403.1132,308379,237,0.9517,-0.4351,-0.2229,-71.6183,4.3359,26.7328
299403.1132,308389,237,0.9607,-0.4348,-0.2261,-72.6565,5.6947,28.0611
299403.1132,308399,237,0.9717,-0.4248,-0.2366,-73.0534,6.7634,29.1756
299403.1132,308409,237,1.0056,-0.4158,-0.2590,-72.3969,7.0382,30.0153
299403.1132,308419,237,1.0247,-0.4016,-0.2839,-71.2672,8.6260,29.6336
299403.1132,308429,237,1.0356,-0.3938,-0.3044,-69.3130,11.1450,26.8397
299403.1132,308439,237,1.0352,-0.3884,-0.3291,-67.1450,11.8931,23.0382
299403.1132,308449,237,1.0391,-0.3923,-0.3474,-65.4046,11.3282,19.4504
299403.1132,308459,237,1.0378,-0.4001,-0.3586,-63.8015,11.2519,15.9695
299403.1139,308469,238,1.0322,-0.4133,-0.3696,-62.5954,11.1756,13.3130
299403.1139,308479,238,1.0203,-0.4246,-0.3713,-61.6489,11.7710,11.4198
299403.1139,308489,238,1.0034,-0.4375,-0.3782,-60.9618,13.4504,10.2137
299403.1139,308499,238,0.9771,-0.4583,-0.3892,-59.8015,13.9237,9.3282
299403.1139,308509,238,0.9541,-0.4783,-0.4009,-57.5725,12.0916,8.1527
299403.1139,308519,238,0.9402,-0.4995,-0.4114,-53.5725,9.0076,7.0992
299403.1139,308529,238,0.9253,-0.5151,-0.4187,-47.3740,5.2519,5.8473
299403.1139,308539,238,0.9150,-0.5256,-0.4214,-38.9924,1.2061,4.2443
299403.1139,308549,238,0.9155,-0.5327,-0.4236,-28.6412,-3.0687,1.9542
299403.1139,308559,238,0.9253,-0.5398,-0.4204,-17.1450,-7.0687,-0.7481
299403.2309,308569,239,0.9282,-0.5308,-0.4141,-5.1603,-10.4122,-3.6641
299403.2309,308579,239,0.9338,-0.5251,-0.3962,6.2290,-13.0076,-6.0153
299403.2309,308589,239,0.9382,-0.5156,-0.3796,16.2137,-14.4885,-7.5573
299403.2309,308599,239,0.9421,-0.4995,-0.3628,25.5420,-15.9695,-8.9924
299403.2309,308609,239,0.9431,-0.4875,-0.3477,32.7328,-17.6641,-9.5573
299403.2309,308619,239,0.9565,-0.4836,-0.3208,38.4275,-19.2061,-9.3588
299403.2309,308629,239,0.9746,-0.4805,-0.2996,44.6107,-20.0458,-9.2061
299403.2309,308639,239,0.9976,-0.4722,-0.2837,49.9542,-19.2366,-8.3359
299403.2309,308649,239,1.0112,-0.4600,-0.2766,54.1832,-16.8702,-6.6565
299403.2309,308659,239,1.0295,-0.4485,-0.2832,57.6641,-13.4656,-4.5496
299403.3513,308669,240,1.0417,-0.4377,-0.2905,59.9389,-9.5878,-2.1527
299403.3513,308679,240,1.0449,-0.4158,-0.3103,61.1450,-5.8473,0.3053
299403.3513,308689,240,1.0356,-0.4021,-0.3298,61.5573,-2.1679,2.6107
299403.3513,308699,240,1.0142,-0.3921,-0.3445,61.0229,1.4198,5.2824
299403.3513,308709,240,0.9961,-0.3877,-0.3584,59.6336,4.1527,8.4885
299403.3513,308719,240,0.9727,-0.3840,-0.3706,57.9847,5.8473,12.2443
299403.3513,308729,240,0.9607,-0.3787,-0.3760,55.7863,6.1985,16.3664
299403.3513,308739,240,0.9475,-0.3711,-0.3721,53.6336,6.7634,20.5344
299403.3513,308749,240,0.9331,-0.3621,-0.3735,50.5802,7.5420,25.0229
299403.3513,308759,240,0.9302,-0.3713,-0.3740,47.2214,7.5878,29.0992
299403.4706,308769,241,0.9443,-0.3865,-0.3794,44.6565,7.3893,32.2290
299403.4706,308779,241,0.9456,-0.3779,-0.3745,43.3740,7.9389,35.4351
299403.4706,308789,241,0.9561,-0.3672,-0.3691,41.1756,8.0458,38.9771
299403.4706,308799,241,0.9717,-0.3911,-0.3835,37.5878,9.2214,40.5954
299403.4706,308809,241,0.9543,-0.4131,-0.3853,34.9008,13.8931,42.7786
299403.4706,308819,241,0.9341,-0.4155,-0.4048,33.7863,16.5344,46.1374
299403.4706,308829,241,0.9287,-0.4197,-0.4187,32.9313,16.9313,48.6565
299403.4706,308839,241,0.9167,-0.4333,-0.4353,32.2748,17.6183,50.3206
299403.4706,308849,241,0.9072,-0.4446,-0.4482,33.7405,17.7252,51.6489
299403.4706,308859,241,0.9089,-0.4426,-0.4524,36.6412,16.3511,52.9008
299403.5310,308869,242,0.9102,-0.4373,-0.4556,39.0382,14.7939,54.2748
299403.5310,308879,242,0.9082,-0.4312,-0.4475,41.3893,12.9466,55.0382
299403.5310,308889,242,0.9143,-0.4253,-0.4397,43.4504,10.6565,55.6641
299403.5310,308899,242,0.9180,-0.4097,-0.4260,44.6107,9.2977,56.1527
299403.5310,308909,242,0.9155,-0.3989,-0.4224,45.1298,9.2366,56.4885
299403.5310,308919,242,0.9038,-0.3921,-0.4155,45.0840,9.6489,56.0763
299403.5310,308929,242,0.8938,-0.3826,-0.4104,44.5038,9.8931,55.0840
299403.5310,308939,242,0.8811,-0.3828,-0.4019,43.5267,10.0000,53.6947
299403.5310,308949,242,0.8635,-0.3811,-0.3918,42.7328,9.6794,52.2443
299403.5310,308959,242,0.8486,-0.3835,-0.3909,42.4733,8.8092,50.9160
299403.6525,308969,243,0.8357,-0.3831,-0.3765,42.7939,7.8626,49.6794
299403.6525,308979,243,0.8262,-0.3750,-0.3662,43.4198,6.7023,48.5191
299403.6525,308989,243,0.8186,-0.3640,-0.3545,44.0611,5.7863,47.3893
299403.6525,308999,243,0.8093,-0.3489,-0.3469,44.7176,5.2214,46.1069
299403.6525,309009,243,0.8062,-0.3254,-0.3291,45.0382,4.2443,44.3511
299403.6525,309019,243,0.8066,-0.3057,-0.3213,44.6565,3.1450,41.8015
299403.6525,309029,243,0.8076,-0.2939,-0.3074,43.8015,2.3817,38.7328
299403.6525,309039,243,0.8083,-0.2825,-0.3008,42.6412,2.2137,34.9466
299403.6525,309049,243,0.8049,-0.2729,-0.2844,40.9618,2.1679,31.0840
299403.6525,309059,243,0.8022,-0.2649,-0.2815,39.0534,2.5191,27.0076
299403.7122,309069,244,0.7971,-0.2556,-0.2727,37.1603,2.9618,22.7939
299403.7122,309079,244,0.7944,-0.2458,-0.2717,34.9160,3.1298,18.6107
299403.7122,309089,244,0.7905,-0.2390,-0.2644,32.6107,3.3740,14.1069
299403.7122,309099,244,0.7769,-0.2341,-0.2600,30.1221,3.5725,9.3130
299403.7122,309109,244,0.7686,-0.2354,-0.2568,27.4351,3.2519,4.5649
299403.7122,309119,244,0.7617,-0.2334,-0.2463,24.5038,2.4122,0.2137
299403.7122,309129,244,0.7734,-0.2246,-0.2422,21.4046,0.7786,-3.6947
299403.7122,309139,244,0.8130,-0.1973,-0.2385,18.0611,-1.9389,-6.3511
299403.7122,309149,244,0.8411,-0.1694,-0.2341,13.7710,-3.3282,-9.2672
299403.7122,309159,244,0.8552,-0.1416,-0.2258,7.4809,-2.5496,-14.0611
299403.8323,309169,245,0.8679,-0.1433,-0.2317,-1.6031,-1.8779,-19.3282
299403.8323,309179,245,0.8774,-0.1682,-0.2412,-10.3817,0.2290,-24.6412
299403.8323,309189,245,0.8828,-0.1902,-0.2527,-15.7405,3.0534,-30.2595
299403.8323,309199,245,0.9119,-0.1921,-0.2690,-18.3359,4.2901,-34.9008
299403.8323,309209,245,0.9316,-0.1794,-0.2864,-19.9237,4.9466,-39.5420
299403.8323,309219,245,0.9412,-0.1880,-0.3008,-22.4885,6.1374,-46.4275
299403.8323,309229,245,0.9436,-0.2124,-0.3079,-25.8626,8.4580,-53.8473
299403.8323,309239,245,0.9258,-0.2471,-0.3154,-27.3588,11.5725,-61.2824
299403.8323,309249,245,0.9084,-0.2969,-0.3201,-26.4885,12.0305,-69.4198
299403.8323,309259,245,0.8896,-0.3726,-0.3145,-22.9008,9.9237,-77.0382
299403.9523,309269,246,0.8574,-0.4404,-0.2947,-15.7099,5.3435,-83.0229
299403.9523,309279,246,0.8289,-0.4880,-0.2578,-5.8168,-2.1679,-86.2290
299403.9523,309289,246,0.8274,-0.5222,-0.2185,5.8321,-10.9160,-86.7023
299403.9523,309299,246,0.8220,-0.5310,-0.1804,18.6718,-16.1832,-85.8168
299403.9523,309309,246,0.8293,-0.5161,-0.1333,31.9542,-19.2061,-82.9618
299403.9523,309319,246,0.8679,-0.4678,-0.0840,43.0687,-22.4733,-76.5496
299403.9523,309329,246,0.9146,-0.3987,-0.0432,49.4046,-24.0000,-66.4122
299403.9523,309339,246,0.9597,-0.3018,-0.0125,50.7023,-22.5496,-54.9466
299403.9523,309349,246,1.0054,-0.1990,-0.0054,44.7023,-18.6565,-43.3740
299403.9523,309359,246,1.0525,-0.1470,-0.0396,29.2366,-12.4580,-33.4046
299404.0118,309369,247,1.0747,-0.1108,-0.0967,9.4351,-3.9084,-26.2748
299404.0118,309379,247,1.0774,-0.0830,-0.1538,-10.2748,5.3282,-20.5802
299404.0118,309389,247,1.0742,-0.0608,-0.2080,-27.8015,11.3282,-17.6947
299404.0118,309399,247,1.0745,-0.0557,-0.2610,-43.1145,14.6412,-19.1145
299404.0118,309409,247,1.0581,-0.0737,-0.2993,-58.0458,17.2214,-23.2672
299404.0118,309419,247,1.0300,-0.1245,-0.3359,-72.5344,19.5725,-29.4962
299404.0118,309429,247,1.0054,-0.2080,-0.3647,-84.7023,20.5954,-36.7176
299404.0118,309439,247,0.9844,-0.3137,-0.3772,-92.7786,20.2595,-41.6641
299404.0118,309449,247,0.9534,-0.3979,-0.3723,-94.8855,18.7023,-41.6031
299404.0118,309459,247,0.9150,-0.4307,-0.3699,-91.8168,14.7939,-36.5038
299404.1321,309469,248,0.8987,-0.4458,-0.3679,-87.5115,8.9313,-29.8168
299404.1321,309479,248,0.8823,-0.4744,-0.3679,-84.1679,4.3053,-24.5649
299404.1321,309489,248,0.8560,-0.4937,-0.3528,-79.5267,1.3435,-19.1450
299404.1321,309499,248,0.8328,-0.4729,-0.3191,-70.9008,-3.7863,-12.7176
299404.1321,309509,248,0.8357,-0.4202,-0.2891,-60.2748,-11.7710,-8.0611
299404.1321,309519,248,0.8635,-0.3757,-0.2551,-51.1450,-17.8779,-7.0382
299404.1321,309529,248,0.8777,-0.3464,-0.2307,-43.7099,-19.2214,-9.2672
299404.1321,309539,248,0.8899,-0.3350,-0.2144,-37.4962,-18.1832,-13.1908
299404.1321,309549,248,0.8967,-0.3225,-0.1973,-30.2748,-16.2443,-17.4962
299404.1321,309559,248,0.8992,-0.3052,-0.1946,-23.5420,-14.3969,-21.3588
299404.2527,309569,249,0.9026,-0.2932,-0.1914,-19.4046,-12.8244,-24.5496
299404.2527,309579,249,0.9026,-0.2905,-0.1877,-17.2214,-10.7786,-28.1527
299404.2527,309589,249,0.8933,-0.2947,-0.1931,-17.1908,-9.6794,-30.9466
299404.2527,309599,249,0.8931,-0.3108,-0.2026,-18.2901,-10.1221,-31.9695
299404.2527,309609,249,0.8958,-0.3293,-0.2053,-19.6794,-11.4351,-31.9542
299404.2527,309619,249,0.9075,-0.3474,-0.1997,-21.1450,-13.9237,-31.2214
299404.2527,309629,249,0.9182,-0.3643,-0.2009,-22.6107,-16.9160,-29.4962
299404.2527,309639,249,0.9299,-0.3718,-0.1960,-23.2977,-19.2061,-27.6031
299404.2527,309649,249,0.9375,-0.3782,-0.1802,-23.1450,-21.2366,-25.6336
299404.2527,309659,249,0.9502,-0.3770,-0.1685,-22.5191,-23.3130,-23.2824
299404.3119,309669,250,0.9612,-0.3699,-0.1667,-22.6412,-24.5954,-21.0534
299404.3119,309679,250,0.9639,-0.3762,-0.1665,-23.5573,-24.0763,-19.8473
299404.3119,309689,250,0.9663,-0.3857,-0.1760,-24.4275,-22.9924,-19.3435
299404.3119,309699,250,0.9714,-0.3989,-0.1829,-23.5420,-22.3511,-18.9771
299404.3119,309709,250,0.9827,-0.4060,-0.1880,-20.8702,-22.0458,-19.2672
299404.3119,309719,250,0.9917,-0.4126,-0.2026,-17.0687,-21.8931,-19.9847
299404.3119,309729,250,1.0007,-0.4189,-0.2017,-12.7939,-22.2901,-20.7786
299404.3119,309739,250,1.0193,-0.4150,-0.1990,-8.4427,-23.2061,-20.9160
299404.3119,309749,250,1.0432,-0.4048,-0.1895,-5.2214,-24.3511,-19.7252
299404.3119,309759,250,1.0571,-0.3979,-0.1848,-4.5191,-24.1679,-17.6489
299404.4328,309769,251,1.0657,-0.4021,-0.1785,-6.7176,-22.7328,-15.2214
299404.4328,309779,251,1.0615,-0.4175,-0.1838,-10.0000,-20.0763,-12.3969
299404.4328,309789,251,1.0491,-0.4326,-0.1858,-12.7786,-16.9313,-8.9618
299404.4328,309799,251,1.0352,-0.4438,-0.1982,-15.1450,-14.4122,-4.1069
299404.4328,309809,251,1.0312,-0.4438,-0.2104,-16.8550,-13.1908,2.1985
299404.4328,309819,251,1.0508,-0.4204,-0.2390,-17.6794,-12.3817,8.7023
299404.4328,309829,251,1.1133,-0.3811,-0.2881,-18.1527,-13.0992,15.5115
299404.4328,309839,251,1.1531,-0.3420,-0.3342,-18.1527,-11.8626,19.8015
299404.4328,309849,251,1.1724,-0.3025,-0.3657,-17.2519,-9.8321,19.0534
299404.4328,309859,251,1.1975,-0.2925,-0.4031,-18.1985,-10.0458,16.6565
299404.5525,309869,252,1.2205,-0.2871,-0.4182,-17.8626,-10.1069,12.7176
299404.5525,309879,252,1.2441,-0.2847,-0.4424,-15.5420,-9.7405,7.6489
299404.5525,309889,252,1.2749,-0.2952,-0.4561,-13.8779,-10.2290,3.3130
299404.5525,309899,252,1.2664,-0.3120,-0.4607,-12.1985,-8.3053,-2.2748
299404.5525,309909,252,1.2224,-0.3462,-0.4565,-11.5725,-5.0229,-7.5573
299404.5525,309919,252,1.1729,-0.4011,-0.4507,-12.0916,-3.8168,-9.9542
299404.5525,309929,252,1.1021,-0.4504,-0.4402,-11.5725,-3.4046,-10.1374
299404.5525,309939,252,1.0229,-0.4919,-0.4270,-9.7099,-4.1832,-8.3664
299404.5525,309949,252,0.9490,-0.5237,-0.4138,-5.7252,-7.0840,-4.7328
299404.5525,309959,252,0.8801,-0.5374,-0.3931,1.4656,-11.7099,-0.2595
299404.6112,309969,253,0.8347,-0.5432,-0.3792,12.0153,-17.0687,4.1069
299404.6112,309979,253,0.8022,-0.5251,-0.3701,25.6947,-22.0458,7.8779
299404.6112,309989,253,0.7744,-0.4893,-0.3618,42.1527,-25.9695,10.6260
299404.6112,309999,253,0.7681,-0.4443,-0.3604,60.1985,-28.9924,10.5191
299404.6112,310009,253,0.7732,-0.4009,-0.3638,78.4580,-30.8855,7.7405
299404.6112,310019,253,0.7834,-0.3594,-0.3638,97.0534,-31.8931,2.8244
299404.6112,310029,253,0.8103,-0.3169,-0.3699,115.1756,-32.2443,-3.3130
299404.6112,310039,253,0.8447,-0.2715,-0.3794,131.2519,-31.2366,-9.6183
299404.6112,310049,253,0.8853,-0.2307,-0.3882,143.5878,-29.3130,-15.6947
299404.6112,310059,253,0.9243,-0.1938,-0.3960,152.2901,-26.5344,-20.6718
299404.7318,310069,254,0.9578,-0.1440,-0.3982,157.1298,-22.5038,-24.2443
299404.7318,310079,254,0.9902,-0.1130,-0.4124,156.2595,-18.8092,-26.1679
299404.7318,310089,254,1.0085,-0.0828,-0.4241,149.3740,-14.2290,-26.9160
299404.7318,310099,254,1.0105,-0.0703,-0.4385,138.6870,-8.9771,-27.5420
299404.7318,310109,254,0.9871,-0.0762,-0.4509,125.4656,-3.2977,-29.9237
299404.7318,310119,254,0.9414,-0.1206,-0.4531,111.8321,2.1985,-33.6947
299404.7318,310129,254,0.9143,-0.2085,-0.4646,100.3511,4.8550,-37.6947
299404.7318,310139,254,0.8923,-0.2988,-0.4551,94.3817,6.1069,-41.3282
299404.7318,310149,254,0.8831,-0.3684,-0.4324,92.3359,5.3893,-41.8015
299404.7318,310159,254,0.8850,-0.3975,-0.4026,92.5191,2.0916,-38.0611
299404.8519,310169,255,0.9048,-0.3901,-0.3872,91.4962,-0.4885,-31.6641
299404.8519,310179,255,0.9197,-0.4053,-0.3760,85.9389,-0.3664,-25.3282
299404.8519,310189,255,0.9275,-0.4341,-0.3723,77.8321,2.4580,-18.4733
299404.8519,310199,255,0.9268,-0.4619,-0.3745,70.8550,5.0534,-9.2366
299404.8519,310209,255,0.9280,-0.4751,-0.3809,66.9008,5.3893,1.6641
299404.8519,310219,255,0.9189,-0.4585,-0.3833,65.3740,5.0076,12.6870
299404.8519,310229,255,0.9080,-0.4194,-0.3892,65.2519,4.1069,22.5344
299404.8519,310239,255,0.9150,-0.3787,-0.3923,65.4962,3.0076,28.9160
299404.8519,310249,255,0.9209,-0.3486,-0.3901,66.1374,3.4809,31.3435
299404.8519,310259,255,0.9207,-0.3250,-0.3816,67.3740,3.7557,31.2977
299404.9121,310269,0,0.9290,-0.3042,-0.3762,68.5649,3.1145,30.1221
299404.9121,310279,0,0.9395,-0.2805,-0.3691,68.9313,3.5573,28.4580
299404.9121,310289,0,0.9370,-0.2651,-0.3616,67.8779,5.6031,26.8397
299404.9121,310299,0,0.9375,-0.2561,-0.3625,65.2366,7.7099,25.2519
299404.9121,310309,0,0.9263,-0.2522,-0.3628,61.3893,9.8931,23.8473
299404.9121,310319,0,0.9187,-0.2520,-0.3586,57.0840,11.5725,22.8092
299404.9121,310329,0,0.9187,-0.2532,-0.3669,53.0534,11.9847,22.1527
299404.9121,310339,0,0.9209,-0.2566,-0.3611,49.0382,11.8015,21.6183
299404.9121,310349,0,0.9243,-0.2632,-0.3665,45.1756,12.3817,21.0840
299404.9121,310359,0,0.9224,-0.2705,-0.3682,41.8473,13.6489,20.6412
299405.0321,310369,1,0.9177,-0.2764,-0.3711,38.8702,15.0534,20.3206
299405.0321,310379,1,0.9097,-0.2876,-0.3843,36.3359,16.1069,19.4809
299405.0321,310389,1,0.9016,-0.3035,-0.3865,34.4275,16.9313,18.1985
299405.0321,310399,1,0.8943,-0.3167,-0.3958,33.8015,17.1908,17.1298
299405.0321,310409,1,0.8977,-0.3254,-0.4050,34.3817,16.7786,16.5038
299405.0321,310419,1,0.8989,-0.3301,-0.4175,35.4046,15.9695,16.2137
299405.0321,310429,1,0.8943,-0.3196,-0.4153,36.7328,15.4198,15.5878
299405.0321,310439,1,0.8887,-0.3086,-0.4219,37.3740,14.5344,14.5344
299405.0321,310449,1,0.8867,-0.3052,-0.4307,37.6794,12.9771,12.9313
299405.0321,310459,1,0.8914,-0.3047,-0.4319,38.0458,11.0229,10.7481
299405.2117,310469,2,0.8801,-0.3132,-0.4351,38.8702,9.1756,8.2290
299405.2117,310479,2,0.8687,-0.3218,-0.4255,40.2137,7.1298,5.6641
299405.2117,310489,2,0.8591,-0.3293,-0.4116,42.0458,4.2290,3.4351
299405.2117,310499,2,0.8669,-0.3225,-0.4028,44.6565,0.7786,1.5725
299405.2117,310509,2,0.9143,-0.2966,-0.3938,47.5725,-3.5878,0.6718
299405.2117,310519,2,0.9707,-0.2524,-0.4023,49.6183,-6.4733,-0.4580
299405.2117,310529,2,0.9941,-0.2151,-0.4060,48.9618,-5.6794,-3.8931
299405.2117,310539,2,0.9978,-0.1887,-0.4148,45.2519,-4.0916,-8.7023
299405.2117,310549,2,0.9995,-0.1912,-0.4312,40.4885,-4.3969,-13.9542
299405.2117,310559,2,1.0037,-0.2124,-0.4399,36.6718,-6.2443,-20.1985
299405.2134,310569,3,0.9814,-0.2534,-0.4299,34.2901,-8.3053,-27.3588
299405.2134,310579,3,0.9458,-0.3137,-0.4097,33.6031,-11.4656,-33.8779
299405.2134,310589,3,0.9094,-0.3813,-0.3743,35.2824,-15.4046,-39.0382
299405.2134,310599,3,0.8623,-0.4485,-0.3328,39.1908,-18.6565,-42.6870
299405.2134,310609,3,0.8101,-0.5098,-0.3025,44.9313,-21.6947,-43.9084
299405.2134,310619,3,0.7524,-0.5286,-0.2620,52.6565,-25.8168,-42.2748
299405.2134,310629,3,0.7124,-0.5027,-0.2168,60.5649,-33.6031,-37.9389
299405.2134,310639,3,0.7324,-0.5134,-0.1948,66.5496,-44.6412,-33.3893
299405.2134,310649,3,0.7544,-0.5295,-0.1650,74.1985,-49.6794,-29.8015
299405.2134,310659,3,0.7725,-0.5093,-0.1367,85.7557,-51.2366,-23.6489
299405.3311,310669,4,0.8113,-0.4490,-0.1167,98.8397,-53.1145,-15.8779
299405.3311,310679,4,0.8579,-0.3496,-0.0979,111.3740,-52.8244,-9.3435
299405.3311,310689,4,0.9033,-0.2271,-0.0710,120.6870,-49.9847,-5.7252
299405.3311,310699,4,0.9556,-0.1360,-0.0874,123.1145,-45.4809,-5.3588
299405.3311,310709,4,0.9968,-0.0759,-0.1191,118.7634,-37.6489,-7.6794
299405.3311,310719,4,0.9714,-0.0266,-0.1501,111.5267,-26.5954,-10.1679
299405.3311,310729,4,0.9238,0.0093,-0.2031,103.6794,-18.9313,-15.8626
299405.3311,310739,4,0.8665,0.0396,-0.2351,96.1527,-14.3664,-27.7405
299405.3311,310749,4,0.8130,0.0300,-0.2549,85.9847,-13.4351,-41.1908
299405.3311,310759,4,0.7681,-0.0005,-0.2600,75.4656,-17.6336,-54.3206
299405.4512,310769,5,0.7595,-0.0652,-0.2576,65.8626,-25.2824,-66.9466
299405.4512,310779,5,0.7939,-0.1692,-0.2354,56.7634,-35.0382,-77.2672
299405.4512,310789,5,0.8369,-0.2722,-0.2173,49.3282,-44.2901,-82.1374
299405.4512,310799,5,0.8513,-0.3118,-0.1885,44.5344,-50.9771,-79.6641
299405.4512,310809,5,0.8938,-0.3530,-0.1853,41.6183,-58.1985,-75.2977
299405.4512,310819,5,0.9363,-0.4087,-0.1890,39.8168,-60.8244,-72.3817
299405.4512,310829,5,0.9402,-0.4519,-0.1860,42.3053,-58.3511,-68.4885
299405.4512,310839,5,0.9551,-0.4641,-0.2080,49.8626,-56.9466,-63.4504
299405.4512,310849,5,0.9619,-0.4407,-0.2305,61.4046,-55.8168,-60.0916
299405.4512,310859,5,0.9587,-0.3865,-0.2466,75.4351,-54.0763,-60.5954
299405.5126,310869,6,0.9729,-0.3396,-0.2749,88.6870,-53.8626,-65.1908
299405.5126,310879,6,1.0034,-0.3228,-0.3149,99.7099,-54.0000,-72.4427
299405.5126,310889,6,1.0095,-0.3259,-0.3513,109.0534,-52.8397,-80.2137
299405.5126,310899,6,1.0227,-0.3296,-0.3796,116.9618,-53.5115,-85.4656
299405.5126,310909,6,1.0168,-0.3303,-0.3984,123.6794,-56.2901,-87.8931
299405.5126,310919,6,1.0093,-0.3181,-0.3914,128.3817,-61.3435,-88.0458
299405.5126,310929,6,1.0117,-0.2991,-0.3733,130.4122,-68.6412,-85.4351
299405.5126,310939,6,1.0298,-0.2710,-0.3477,129.8321,-75.3130,-81.0840
299405.5126,310949,6,1.0420,-0.2454,-0.3274,125.7863,-78.0916,-75.9695
299405.5126,310959,6,1.0422,-0.2229,-0.3252,119.2214,-76.8702,-70.8702
299405.6322,310969,7,1.0332,-0.2129,-0.3408,111.6489,-75.0382,-65.9695
299405.6322,310979,7,1.0081,-0.2085,-0.3696,104.6412,-73.1145,-61.7405
299405.6322,310989,7,0.9724,-0.1948,-0.4011,99.3282,-72.8855,-58.9466
299405.6322,310999,7,0.9431,-0.1853,-0.4272,96.0611,-74.2137,-57.7252
299405.6322,311009,7,0.9109,-0.1765,-0.4646,94.5649,-76.1985,-58.3969
299405.6322,311019,7,0.8611,-0.1758,-0.4954,95.0687,-75.8931,-60.7786
299405.6322,311029,7,0.8125,-0.1812,-0.5083,98.5038,-76.6260,-65.2672
299405.6322,311039,7,0.7886,-0.1938,-0.5107,105.7557,-83.1450,-70.8244
299405.6322,311049,7,0.8015,-0.1465,-0.4978,114.3206,-94.8855,-76.0000
299405.6322,311059,7,0.8298,-0.1470,-0.4646,119.2519,-102.6260,-79.6947
299405.7516,311069,8,0.8821,-0.1367,-0.4404,125.5267,-106.0305,-85.5420
299405.7516,311079,8,0.9043,-0.1343,-0.4258,129.6183,-104.3664,-89.5878
299405.7516,311089,8,0.9197,-0.1401,-0.4502,132.3359,-100.5496,-92.0458
299405.7516,311099,8,0.9304,-0.1353,-0.4973,135.2519,-93.4809,-94.1832
299405.7516,311109,8,0.9277,-0.1313,-0.5488,137.3282,-85.9695,-93.8779
299405.7516,311119,8,0.9431,-0.1106,-0.5962,138.9160,-84.8244,-92.4580
299405.7516,311129,8,0.9565,-0.1074,-0.6248,136.8702,-87.2214,-90.1527
299405.7516,311139,8,0.9626,-0.1025,-0.6150,131.0534,-90.1221,-88.1679
299405.7516,311149,8,0.9431,-0.1245,-0.5881,121.6489,-92.2137,-87.6947
299405.7516,311159,8,0.9185,-0.1716,-0.5515,111.6947,-94.7328,-88.4733
299405.8123,311169,9,0.9072,-0.2490,-0.4683,103.8168,-96.9924,-89.6031
299405.8123,311179,9,0.9097,-0.2510,-0.4128,103.5878,-96.7023,-86.8702
299405.8123,311189,9,0.9160,-0.2197,-0.3738,101.1756,-93.1298,-80.7176
299405.8123,311199,9,0.9084,-0.1611,-0.3589,94.9771,-85.1145,-71.2519
299405.8123,311209,9,0.8967,-0.1243,-0.3716,84.5802,-73.5267,-61.6489
299405.8123,311219,9,0.8701,-0.0781,-0.3933,72.5191,-58.9618,-54.3206
299405.8123,311229,9,0.8232,-0.0444,-0.4231,59.2824,-44.1069,-49.7252
299405.8123,311239,9,0.7798,-0.0359,-0.4663,46.3359,-32.5344,-48.7939
299405.8123,311249,9,0.7302,-0.0386,-0.5029,36.0458,-24.1832,-51.7099
299405.8123,311259,9,0.7129,-0.0369,-0.5142,29.2366,-19.7405,-55.9389
299405.9315,311269,10,0.7097,-0.0352,-0.5212,26.2443,-19.0534,-59.8626
299405.9315,311279,10,0.7290,-0.0430,-0.5334,26.1985,-18.4580,-65.3588
299405.9315,311289,10,0.7664,-0.0754,-0.5571,28.1221,-16.0611,-73.2214
299405.9315,311299,10,0.7886,-0.1165,-0.5732,34.3969,-9.7099,-84.7328
299405.9315,311309,10,0.8057,-0.1680,-0.6003,45.3893,-2.6107,-99.4504
299405.9315,311319,10,0.8301,-0.2344,-0.6201,60.3359,2.5954,-115.6489
299405.9315,311329,10,0.8445,-0.3030,-0.6321,77.8626,6.5954,-130.2290
299405.9315,311339,10,0.8474,-0.3606,-0.6309,96.5496,9.6641,-140.1679
299405.9315,311349,10,0.8362,-0.3704,-0.6313,115.7710,11.3435,-145.2672
299405.9315,311359,10,0.8313,-0.3489,-0.6216,132.2290,11.1450,-146.0611
299406.0521,311369,11,0.8308,-0.3215,-0.6125,142.8702,10.0305,-143.8168
299406.0521,311379,11,0.8413,-0.2915,-0.5962,148.1832,8.8550,-140.7939
299406.0521,311389,11,0.8584,-0.2756,-0.5801,148.5191,7.8931,-137.2824
299406.0521,311399,11,0.8770,-0.2744,-0.5693,144.3053,7.1908,-132.8092
299406.0521,311409,11,0.9026,-0.2856,-0.5581,138.4580,7.3130,-127.7252
299406.0521,311419,11,0.9265,-0.3022,-0.5454,132.4275,8.4275,-122.3359
299406.0521,311429,11,0.9485,-0.3142,-0.5420,127.4046,9.9695,-116.8855
299406.0521,311439,11,0.9712,-0.3259,-0.5330,123.2672,11.4656,-111.3130
299406.0521,311449,11,0.9854,-0.3418,-0.5247,118.5496,13.9542,-105.6641
299406.0521,311459,11,0.9919,-0.3535,-0.5278,113.3130,18.7023,-99.8779
299406.1119,311469,12,0.9883,-0.3665,-0.5344,108.1221,24.7481,-93.9237
299406.1119,311479,12,0.9731,-0.3911,-0.5430,103.7405,31.3435,-87.6031
299406.1119,311489,12,0.9609,-0.3906,-0.5625,100.2137,37.3740,-80.7786
299406.1119,311499,12,0.9385,-0.4023,-0.5842,95.4046,43.0382,-72.6412
299406.1119,311509,12,0.9133,-0.4199,-0.6099,91.0840,46.5496,-64.1069
299406.1119,311519,12,0.8933,-0.4441,-0.6355,89.2366,50.5191,-56.5649
299406.1119,311529,12,0.8594,-0.4529,-0.6536,88.8855,54.9313,-48.6107
299406.1119,311539,12,0.8245,-0.4592,-0.6704,89.5878,56.2748,-39.3588
299406.1119,311549,12,0.8020,-0.4478,-0.6787,94.1832,54.1832,-30.4885
299406.1119,311559,12,0.7834,-0.4307,-0.6873,101.0687,50.6260,-22.5191
299406.2321,311569,13,0.7686,-0.4177,-0.6819,107.5725,47.1450,-16.2443
299406.2321,311579,13,0.7534,-0.4006,-0.6763,113.6794,43.4656,-10.8244
299406.2321,311589,13,0.7534,-0.3748,-0.6616,118.8397,38.6260,-5.2214
299406.2321,311599,13,0.7954,-0.3469,-0.6548,122.9313,32.7328,0.7786
299406.2321,311609,13,0.8740,-0.3157,-0.6516,127.5267,28.1527,5.5725
299406.2321,311619,13,0.9587,-0.2849,-0.6523,132.5954,26.9466,8.9008
299406.2321,311629,13,1.0005,-0.2681,-0.6475,135.7405,30.7786,10.5191
299406.2321,311639,13,0.9841,-0.2485,-0.6462,137.2214,40.0763,8.3969
299406.2321,311649,13,0.9407,-0.2532,-0.6433,137.0382,49.1145,4.9924
299406.2321,311659,13,0.8992,-0.2732,-0.6431,135.7252,53.7557,-0.1221
299406.3522,311669,14,0.9001,-0.3225,-0.6326,133.5115,51.3130,-4.0000
299406.3522,311679,14,0.9128,-0.3811,-0.6096,131.8473,44.6718,-3.7557
299406.3522,311689,14,0.9441,-0.3943,-0.5635,132.6565,37.1145,0.8092
299406.3522,311699,14,0.9822,-0.3767,-0.5237,132.5496,29.8168,9.4198
299406.3522,311709,14,1.0415,-0.3479,-0.4888,129.0076,23.7099,20.3511
299406.3522,311719,14,1.1130,-0.3193,-0.4636,120.6565,20.9313,32.3206
299406.3522,311729,14,1.1653,-0.2971,-0.4519,108.0000,22.3359,46.1832
299406.3522,311739,14,1.2019,-0.2637,-0.4448,92.2595,26.3053,60.7328
299406.3522,311749,14,1.2048,-0.2417,-0.4431,73.7557,32.0916,74.8397
299406.3522,311759,14,1.1831,-0.2480,-0.4526,56.3664,38.0763,86.1374
299406.4120,311769,15,1.1357,-0.2678,-0.4670,45.2061,44.8550,92.7176
299406.4120,311779,15,1.0779,-0.2876,-0.4797,42.6260,51.4351,96.0611
299406.4120,311789,15,1.0339,-0.2905,-0.4839,47.4198,53.6336,96.6412
299406.4120,311799,15,0.9988,-0.2832,-0.4805,56.8092,53.2366,94.5802
299406.4120,311809,15,0.9851,-0.2620,-0.4761,66.9771,51.5878,90.9771
299406.4120,311819,15,0.9854,-0.2263,-0.4590,76.9160,49.4198,86.7023
299406.4120,311829,15,0.9897,-0.1653,-0.4341,85.0382,46.4122,83.3740
299406.4120,311839,15,1.0115,-0.1025,-0.4104,87.5420,41.8779,81.9542
299406.4120,311849,15,1.0281,-0.0596,-0.3933,82.8550,37.8473,82.0916
299406.4120,311859,15,1.0344,-0.0273,-0.3799,73.0992,38.0458,82.1527
299406.5320,311869,16,1.0029,-0.0015,-0.3772,60.0611,41.7405,82.4427
299406.5320,311879,16,0.9553,0.0083,-0.3875,45.0840,44.6412,83.2214
299406.5320,311889,16,0.9187,0.0120,-0.4043,29.6794,45.4198,83.7557
299406.5320,311899,16,0.8723,-0.0037,-0.4224,15.6641,44.1527,83.3893
299406.5320,311909,16,0.8354,-0.0129,-0.4302,5.7099,40.7939,82.3359
299406.5320,311919,16,0.8010,-0.0100,-0.4312,0.9618,33.7405,80.5191
299406.5320,311929,16,0.7896,0.0063,-0.4319,-0.7328,24.6718,77.8015
299406.5320,311939,16,0.7832,0.0049,-0.4167,-0.5344,16.4580,74.1985
299406.5320,311949,16,0.7668,0.0208,-0.4062,2.0305,10.0000,68.1679
299406.5320,311959,16,0.7493,0.0349,-0.4009,4.1221,3.5878,60.5802
299406.6516,311969,17,0.7434,0.0432,-0.3899,4.8702,-2.8397,51.9695
299406.6516,311979,17,0.7400,0.0393,-0.3765,6.0153,-8.5496,42.3664
299406.6516,311989,17,0.7415,0.0405,-0.3574,8.0611,-14.1069,32.2290
299406.6516,311999,17,0.7539,0.0513,-0.3396,10.3053,-19.4962,22.2595
299406.6516,312009,17,0.7666,0.0615,-0.3218,11.4351,-23.6336,11.8168
299406.6516,312019,17,0.7781,0.0608,-0.3049,11.2061,-25.9542,0.6718
299406.6516,312029,17,0.7817,0.0608,-0.2878,9.2977,-27.1298,-10.2443
299406.6516,312039,17,0.7869,0.0471,-0.2769,5.5878,-27.9542,-20.4427
299406.6516,312049,17,0.7939,0.0222,-0.2688,1.0534,-28.4885,-29.8321
299406.6516,312059,17,0.8047,-0.0083,-0.2588,-3.5878,-29.1450,-37.9389
299406.7712,312069,18,0.8125,-0.0371,-0.2483,-8.1679,-30.4885,-44.2137
299406.7712,312079,18,0.8303,-0.0569,-0.2441,-12.3206,-32.3206,-49.5115
299406.7712,312089,18,0.8462,-0.0830,-0.2349,-15.9847,-33.2977,-54.1985
299406.7712,312099,18,0.8555,-0.1025,-0.2263,-19.0992,-33.4351,-58.5802
299406.7712,312109,18,0.8645,-0.1189,-0.2209,-22.0611,-33.5115,-62.9008
299406.7712,312119,18,0.8701,-0.1328,-0.2241,-25.6336,-33.5725,-66.8244
299406.7712,312129,18,0.8806,-0.1526,-0.2278,-29.0840,-33.3130,-70.4885
299406.7712,312139,18,0.8901,-0.1741,-0.2285,-32.0000,-32.8397,-74.1069
299406.7712,312149,18,0.8970,-0.1895,-0.2307,-34.3359,-32.5649,-77.2672
299406.7712,312159,18,0.9080,-0.2061,-0.2368,-36.6260,-32.6565,-79.8473
299406.8912,312169,19,0.9236,-0.2195,-0.2312,-39.4656,-33.1145,-81.9847
299406.8912,312179,19,0.9458,-0.2336,-0.2285,-42.3206,-32.6412,-83.8779
299406.8912,312189,19,0.9648,-0.2449,-0.2295,-44.3817,-31.4809,-85.9084
299406.8912,312199,19,0.9836,-0.2505,-0.2292,-48.0153,-30.8702,-87.6183
299406.8912,312209,19,0.9993,-0.2798,-0.2263,-52.4427,-30.5649,-88.6107
299406.8912,312219,19,1.0266,-0.2966,-0.2227,-54.7786,-31.0534,-90.0305
299406.8912,312229,19,1.0530,-0.3142,-0.2241,-57.0992,-30.2443,-90.9618
299406.8912,312239,19,1.0684,-0.3362,-0.2324,-59.7863,-28.5038,-91.0992
299406.8912,312249,19,1.0859,-0.3582,-0.2358,-62.7328,-26.5038,-91.2214
299406.8912,312259,19,1.1018,-0.3821,-0.2488,-65.2824,-24.4427,-91.4046
299406.9519,312269,20,1.1147,-0.4055,-0.2581,-67.2672,-22.7786,-91.3740
299406.9519,312279,20,1.1316,-0.4336,-0.2715,-68.8092,-21.5115,-90.7786
299406.9519,312289,20,1.1406,-0.4622,-0.2805,-69.4046,-20.6718,-89.0840
299406.9519,312299,20,1.1514,-0.4927,-0.2900,-69.6031,-20.2595,-86.9008
299406.9519,312309,20,1.1707,-0.5195,-0.3035,-69.0076,-20.1069,-83.8779
299406.9519,312319,20,1.2288,-0.5381,-0.3245,-66.8855,-21.0840,-78.7481
299406.9519,312329,20,1.2625,-0.5574,-0.3403,-64.0763,-19.6183,-72.7023
299406.9519,312339,20,1.2739,-0.5571,-0.3503,-60.3511,-15.9237,-67.7710
299406.9519,312349,20,1.2910,-0.5605,-0.3638,-58.0305,-14.8550,-61.7252
299406.9519,312359,20,1.2964,-0.5652,-0.3765,-56.2595,-13.7710,-56.1221
299407.0118,312369,21,1.3042,-0.5696,-0.3821,-54.0000,-11.5420,-51.8321
299407.0118,312379,21,1.3074,-0.5869,-0.3911,-51.5878,-9.1908,-47.5267
299407.0118,312389,21,1.2896,-0.6023,-0.3938,-48.2290,-5.9847,-43.8015
299407.0118,312399,21,1.2473,-0.6118,-0.3965,-44.3206,-2.5344,-40.7328
299407.0118,312409,21,1.2026,-0.6365,-0.3931,-40.9466,-0.3511,-37.4656
299407.0118,312419,21,1.1575,-0.6753,-0.3999,-37.7099,1.2519,-34.3053
299407.0118,312429,21,1.1003,-0.7100,-0.3855,-33.1298,3.4656,-29.7405
299407.0118,312439,21,1.0513,-0.7324,-0.3809,-26.5191,3.0229,-22.1832
299407.0118,312449,21,1.0181,-0.7441,-0.3848,-17.2519,0.1527,-13.2672
299407.0118,312459,21,0.9861,-0.7480,-0.3713,-6.3053,-1.5878,-4.3664
299407.1320,312469,22,0.9570,-0.7429,-0.3606,6.1985,-2.9771,5.0229
299407.1320,312479,22,0.9248,-0.7219,-0.3445,20.5038,-4.5038,14.5038
299407.1320,312489,22,0.9019,-0.6658,-0.3359,36.9008,-6.7939,22.3053
299407.1320,312499,22,0.8967,-0.6111,-0.3176,52.3511,-10.0153,27.4656
299407.1320,312509,22,0.9099,-0.5754,-0.3027,65.4198,-12.0916,30.1832
299407.1320,312519,22,0.9385,-0.5400,-0.3022,76.5344,-12.5344,31.4198
299407.1320,312529,22,0.9719,-0.5149,-0.2986,87.2366,-11.4809,32.6565
299407.1320,312539,22,0.9995,-0.4729,-0.3064,97.8779,-9.6183,33.9542
299407.1320,312549,22,1.0381,-0.4260,-0.3191,106.7939,-7.4046,35.8321
299407.1320,312559,22,1.0769,-0.3875,-0.3359,112.8550,-4.2443,37.6031
299407.2525,312569,23,1.1091,-0.3499,-0.3574,116.4885,0.2137,38.7328
299407.2525,312579,23,1.1169,-0.3223,-0.3733,118.1832,5.4962,39.7252
299407.2525,312589,23,1.1135,-0.2869,-0.3953,117.7710,10.8397,40.4733
299407.2525,312599,23,1.0933,-0.2571,-0.4102,114.3053,15.0992,40.5038
299407.2525,312609,23,1.0657,-0.2590,-0.4338,107.6641,18.7023,38.7481
299407.2525,312619,23,1.0425,-0.2927,-0.4585,100.4275,22.4733,35.0992
299407.2525,312629,23,1.0229,-0.3562,-0.4756,95.3130,25.6489,30.7481
299407.2525,312639,23,1.0120,-0.4141,-0.4988,93.8779,27.9542,28.2443
299407.2525,312649,23,1.0107,-0.4587,-0.5154,95.4504,28.0000,29.1145
299407.2525,312659,23,1.0193,-0.4644,-0.5183,97.9084,25.8168,32.3664
299407.3123,312669,24,1.0303,-0.4741,-0.5120,98.0611,22.0916,36.5649
299407.3123,312679,24,1.0552,-0.5127,-0.5000,94.9008,17.6641,39.9695
299407.3123,312689,24,1.0610,-0.5439,-0.4802,92.3969,16.0305,45.3282
299407.3123,312699,24,1.0684,-0.5576,-0.4753,92.3664,15.0534,54.6718
299407.3123,312709,24,1.0776,-0.5603,-0.4658,94.5649,13.8015,64.9771
299407.3123,312719,24,1.0908,-0.5522,-0.4546,98.0153,12.7634,74.5954
299407.3123,312729,24,1.1062,-0.5232,-0.4292,102.4885,11.6031,84.1985
299407.3123,312739,24,1.1143,-0.4773,-0.4028,106.3206,10.1527,93.0076
299407.3123,312749,24,1.1199,-0.4253,-0.3716,108.0763,10.0153,99.4962
299407.3123,312759,24,1.1079,-0.3723,-0.3525,107.3740,12.8855,103.6183
299407.4322,312769,25,1.0872,-0.3259,-0.3386,105.0076,17.8779,105.9389
299407.4322,312779,25,1.0652,-0.2981,-0.3333,101.0992,22.9160,105.7557
299407.4322,312789,25,1.0305,-0.2898,-0.3333,95.4504,27.2672,104.0458
299407.4322,312799,25,0.9893,-0.2935,-0.3398,89.6947,30.5496,102.5038
299407.4322,312809,25,0.9585,-0.3000,-0.3420,85.5420,32.1221,100.8244
299407.4322,312819,25,0.9246,-0.2942,-0.3372,82.4733,32.1221,98.8550
299407.4322,312829,25,0.9075,-0.2961,-0.3306,78.5191,30.7481,96.6260
299407.4322,312839,25,0.8833,-0.2949,-0.3105,73.5573,29.0076,94.9771
299407.4322,312849,25,0.8477,-0.2661,-0.2947,68.3969,28.2595,93.7863
299407.4322,312859,25,0.8254,-0.2622,-0.2866,62.5344,26.4885,91.9389
299407.5512,312869,26,0.7954,-0.2615,-0.2739,56.3206,26.0611,89.5725
299407.5512,312879,26,0.7532,-0.2437,-0.2659,50.8550,26.4275,87.9237
299407.5512,312889,26,0.7144,-0.2168,-0.2605,46.5038,24.6107,85.6336
299407.5512,312899,26,0.6829,-0.1946,-0.2522,42.1374,21.4504,80.6260
299407.5512,312909,26,0.6646,-0.1802,-0.2334,36.7939,17.6183,73.6336
299407.5512,312919,26,0.6550,-0.1689,-0.2202,29.2672,14.0458,67.0382
299407.5512,312929,26,0.6589,-0.1736,-0.2017,16.7328,10.3664,62.8702
299407.5512,312939,26,0.6545,-0.1750,-0.1982,-1.6183,6.7176,61.8015
299407.5512,312949,26,0.6575,-0.1995,-0.2039,-23.4351,3.0992,61.6794
299407.5512,312959,26,0.6616,-0.2844,-0.2297,-46.7328,0.0916,60.5496
299407.6112,312969,27,0.6394,-0.3665,-0.2505,-62.9618,-0.1679,59.9695
299407.6112,312979,27,0.6226,-0.4099,-0.2737,-69.4504,-3.5573,59.6031
299407.6112,312989,27,0.6223,-0.4502,-0.2888,-68.7328,-9.9389,57.4351
299407.6112,312999,27,0.6321,-0.4771,-0.2930,-62.1679,-15.7557,51.5725
299407.6112,313009,27,0.6421,-0.4885,-0.2725,-50.1527,-19.6947,42.6260
299407.6112,313019,27,0.6494,-0.4705,-0.2410,-36.2901,-22.7176,32.0000
299407.6112,313029,27,0.6709,-0.4524,-0.2095,-24.4275,-24.3206,21.0840
299407.6112,313039,27,0.6809,-0.4443,-0.1870,-15.1756,-23.1756,9.9237
299407.6112,313049,27,0.7007,-0.4272,-0.1682,-7.0992,-20.1221,-0.4733
299407.6112,313059,27,0.7522,-0.3882,-0.1577,-0.1985,-17.9695,-7.7405
299407.8509,313069,28,0.7891,-0.3311,-0.1609,3.4198,-14.8244,-14.2443
299407.8509,313079,28,0.8115,-0.2815,-0.1555,1.6183,-10.1069,-21.6031
299407.8509,313089,28,0.8306,-0.2590,-0.1543,-6.1221,-6.1832,-28.3053
299407.8509,313099,28,0.8477,-0.2571,-0.1694,-17.5267,-2.4275,-34.5496
299407.8509,313109,28,0.8826,-0.2769,-0.1738,-30.3817,1.4504,-39.2366
299407.8509,313119,28,0.9109,-0.2869,-0.1936,-40.9618,5.3588,-42.4885
299407.8509,313129,28,0.9304,-0.3032,-0.2158,-48.3969,9.7557,-46.6107
299407.8509,313139,28,0.9529,-0.3347,-0.2356,-53.8015,14.3969,-52.0763
299407.8509,313149,28,0.9404,-0.3625,-0.2505,-55.7710,19.3893,-58.3664
299407.8509,313159,28,0.9185,-0.4106,-0.2568,-54.0763,22.6718,-66.4427
299407.8533,313169,29,0.8889,-0.4707,-0.2705,-48.2137,25.1145,-75.5878
299407.8533,313179,29,0.8496,-0.5349,-0.2712,-38.0763,26.2748,-83.6947
299407.8533,313189,29,0.8135,-0.5906,-0.2610,-24.9924,24.4580,-89.4656
299407.8533,313199,29,0.7854,-0.6206,-0.2446,-9.2824,19.2824,-92.7634
299407.8533,313209,29,0.7893,-0.6104,-0.2043,8.0458,12.1832,-92.8702
299407.8533,313219,29,0.8132,-0.5745,-0.1687,23.9542,5.1908,-90.1832
299407.8533,313229,29,0.8472,-0.5042,-0.1321,36.3359,0.7481,-84.8550
299407.8533,313239,29,0.8845,-0.4153,-0.0879,43.2824,-1.5115,-76.9618
299407.8533,313249,29,0.9482,-0.3247,-0.0615,43.7405,-3.3588,-67.5115
299407.8533,313259,29,1.0232,-0.2747,-0.0774,37.1603,-2.5954,-57.4809
299407.9124,313269,30,1.0454,-0.1697,-0.0779,26.9924,3.6489,-46.7786
299407.9124,313279,30,1.0532,-0.0825,-0.1118,10.1527,7.1908,-35.1908
299407.9124,313289,30,1.0630,-0.0310,-0.1685,-11.9847,9.4809,-28.1069
299407.9124,313299,30,1.0510,-0.0120,-0.2065,-34.3359,15.6489,-27.1450
299407.9124,313309,30,1.0142,-0.0027,-0.2493,-54.9771,22.2290,-30.2443
299407.9124,313319,30,0.9756,-0.0151,-0.2964,-73.8321,26.3664,-36.0458
299407.9124,313329,30,0.9487,-0.0508,-0.3350,-90.6260,28.5954,-44.3511
299407.9124,313339,30,0.9250,-0.1201,-0.3691,-103.9084,29.5267,-54.6107
299407.9124,313349,30,0.9050,-0.2007,-0.3928,-111.4809,28.5649,-64.9466
299407.9124,313359,30,0.9131,-0.2903,-0.4045,-114.0763,24.8550,-73.2977
299408.0321,313369,31,0.9146,-0.3740,-0.4131,-112.7939,20.5344,-77.9389
299408.0321,313379,31,0.9045,-0.4136,-0.4143,-108.2137,16.1832,-77.1603
299408.0321,313389,31,0.8962,-0.4155,-0.4172,-102.5191,10.9313,-72.3359
299408.0321,313399,31,0.8936,-0.4182,-0.4224,-98.5649,5.6641,-66.9618
299408.0321,313409,31,0.8865,-0.4248,-0.4185,-95.9847,1.8168,-62.5649
299408.0321,313419,31,0.8782,-0.4146,-0.4104,-91.2977,-2.0916,-59.2519
299408.0321,313429,31,0.8865,-0.3853,-0.3999,-84.5496,-7.6489,-58.3206
299408.0321,313439,31,0.8977,-0.3728,-0.3843,-79.0687,-12.5649,-59.3435
299408.0321,313449,31,0.9133,-0.3672,-0.3601,-73.6947,-15.7863,-62.2748
299408.0321,313459,31,0.9307,-0.3691,-0.3474,-69.2214,-17.8931,-65.4351
299408.1529,313469,32,0.9495,-0.3804,-0.3330,-66.5802,-19.3893,-67.2061
299408.1529,313479,32,0.9668,-0.3887,-0.3164,-64.5191,-20.8702,-67.2977
299408.1529,313489,32,0.9805,-0.3953,-0.3013,-63.6336,-22.0305,-65.7099
299408.1529,313499,32,0.9907,-0.4075,-0.2891,-64.7023,-22.0611,-62.6565
299408.1529,313509,32,0.9946,-0.4155,-0.2822,-67.3130,-21.0992,-58.7939
299408.1529,313519,32,0.9922,-0.4260,-0.2771,-71.1450,-20.2748,-54.0153
299408.1529,313529,32,0.9946,-0.4441,-0.2742,-74.9008,-19.8168,-48.6260
299408.1529,313539,32,0.9937,-0.4534,-0.2749,-77.0076,-19.0840,-43.3588
299408.1529,313549,32,0.9951,-0.4658,-0.2771,-78.1374,-18.3359,-38.0305
299408.1529,313559,32,1.0007,-0.4717,-0.2878,-78.1527,-17.6641,-32.9008
299408.2717,313569,33,0.9985,-0.4707,-0.2957,-76.9924,-16.6412,-28.5496
299408.2717,313579,33,0.9983,-0.4705,-0.3044,-74.9771,-15.7710,-25.1298
299408.2717,313589,33,1.0037,-0.4661,-0.3091,-72.5954,-15.6031,-22.1985
299408.2717,313599,33,1.0154,-0.4724,-0.3123,-70.4275,-15.7405,-19.4198
299408.2717,313609,33,1.0247,-0.4724,-0.3118,-68.6412,-15.6641,-16.5038
299408.2717,313619,33,1.0317,-0.4746,-0.3118,-67.1756,-15.6031,-13.0840
299408.2717,313629,33,1.0273,-0.4783,-0.3101,-66.2595,-15.2672,-9.3130
299408.2717,313639,33,1.0168,-0.4805,-0.3098,-65.5267,-14.6412,-5.5115
299408.2717,313649,33,1.0007,-0.4839,-0.3020,-64.5649,-14.2901,-1.9237
299408.2717,313659,33,0.9893,-0.4976,-0.2979,-63.4046,-14.7786,1.6794
299408.3320,313669,34,0.9805,-0.5088,-0.2949,-61.7557,-15.7557,5.4351
299408.3320,313679,34,0.9685,-0.5110,-0.2866,-58.9313,-16.4733,9.2824
299408.3320,313689,34,0.9563,-0.5098,-0.2751,-55.3282,-17.1298,13.2519
299408.3320,313699,34,0.9431,-0.4993,-0.2659,-51.9389,-17.4809,17.4809
299408.3320,313709,34,0.9685,-0.4763,-0.2754,-48.8550,-18.3359,22.1069
299408.3320,313719,34,1.0337,-0.4434,-0.2998,-45.9084,-19.4656,27.6947
299408.3320,313729,34,1.0542,-0.3928,-0.3115,-42.1679,-17.2214,30.1069
299408.3320,313739,34,1.0813,-0.3481,-0.3291,-40.1069,-16.5191,30.1832
299408.3320,313749,34,1.1128,-0.3167,-0.3508,-39.3282,-16.7328,29.2824
299408.3320,313759,34,1.1523,-0.2930,-0.3748,-38.0763,-16.1069,25.4656
299408.4512,313769,35,1.1985,-0.2976,-0.3918,-37.9237,-15.6794,20.0305
299408.4512,313779,35,1.2092,-0.3096,-0.3965,-36.9160,-12.7176,13.0076
299408.4512,313789,35,1.1968,-0.3320,-0.3867,-35.4656,-9.1145,4.9924
299408.4512,313799,35,1.1667,-0.3870,-0.3796,-34.8855,-6.1985,-2.7023
299408.4512,313809,35,1.1257,-0.4580,-0.3577,-33.6489,-3.1756,-9.4504
299408.4512,313819,35,1.0938,-0.5349,-0.3284,-33.0992,-0.0611,-11.9542
299408.4512,313829,35,1.0442,-0.5981,-0.3079,-32.4580,4.2901,-8.4733
299408.4512,313839,35,0.9897,-0.6406,-0.2925,-29.4351,8.3664,-1.1908
299408.4512,313849,35,0.9536,-0.6860,-0.2839,-24.5802,11.6947,6.3511
299408.4512,313859,35,0.9180,-0.7205,-0.2585,-17.9084,16.0305,15.5725
299408.5116,313869,36,0.9026,-0.7410,-0.2539,-8.8244,17.7557,27.6794
299408.5116,313879,36,0.8997,-0.7375,-0.2600,3.8321,18.2443,40.1985
299408.5116,313889,36,0.9028,-0.6968,-0.2661,19.4351,17.1756,50.8397
299408.5116,313899,36,0.9058,-0.6130,-0.2568,39.3588,13.3435,58.7786
299408.5116,313909,36,0.9585,-0.5195,-0.2583,58.6870,7.0534,62.0305
299408.5116,313919,36,1.0073,-0.4436,-0.2656,72.7939,6.6870,60.6718
299408.5116,313929,36,1.0527,-0.3892,-0.2871,82.1374,15.6183,56.6412
299408.5116,313939,36,1.0862,-0.3462,-0.3386,89.3740,29.1908,51.8168
299408.5116,313949,36,1.0764,-0.2959,-0.3828,96.9771,41.8931,45.9695
299408.5116,313959,36,1.0388,-0.2373,-0.4153,104.9924,48.3664,39.0229
299408.6314,313969,37,1.0178,-0.1746,-0.4448,109.4046,45.7252,32.4275
299408.6314,313979,37,1.0100,-0.1492,-0.4531,107.3893,39.0076,26.2595
299408.6314,313989,37,0.9976,-0.1475,-0.4424,100.6870,32.6412,21.1756
299408.6314,313999,37,0.9797,-0.1611,-0.4170,89.7710,26.3511,18.2595
299408.6314,314009,37,0.9641,-0.1958,-0.3840,75.0382,19.4504,18.5344
299408.6314,314019,37,0.9478,-0.2488,-0.3601,59.9084,14.4580,21.6641
299408.6314,314029,37,0.9231,-0.3032,-0.3459,47.3130,11.3740,26.3969
299408.6314,314039,37,0.8953,-0.3511,-0.3374,37.9084,8.7023,31.3588
299408.6314,314049,37,0.8760,-0.3809,-0.3333,32.7176,5.9847,36.2443
299408.6314,314059,37,0.8682,-0.4016,-0.3389,31.9847,2.4122,40.0458
299408.7521,314069,38,0.8787,-0.4250,-0.3582,35.6489,-1.7557,42.0763
299408.7521,314079,38,0.8989,-0.4353,-0.3774,44.1679,-4.8702,42.4275
299408.7521,314089,38,0.9124,-0.4158,-0.3909,56.2748,-6.0000,40.9160
299408.7521,314099,38,0.9165,-0.3853,-0.4004,67.9084,-7.3893,38.7328
299408.7521,314109,38,0.9277,-0.3618,-0.3989,77.3282,-9.2061,35.5267
299408.7521,314119,38,0.9353,-0.3440,-0.3896,85.1908,-10.0611,31.2061
299408.7521,314129,38,0.9397,-0.3301,-0.3752,91.3282,-10.8397,26.9771
299408.7521,314139,38,0.9507,-0.3196,-0.3577,94.7634,-12.7939,23.3282
299408.7521,314149,38,0.9578,-0.3130,-0.3396,95.1908,-14.5496,21.1145
299408.7521,314159,38,0.9609,-0.2996,-0.3203,92.9466,-14.9313,20.6260
299408.8718,314169,39,0.9526,-0.2844,-0.2979,88.4427,-14.5802,21.6641
299408.8718,314179,39,0.9436,-0.2698,-0.2834,81.8473,-14.0611,23.4198
299408.8718,314189,39,0.9336,-0.2627,-0.2742,73.5420,-12.9313,24.8397
299408.8718,314199,39,0.9133,-0.2573,-0.2571,64.5038,-10.7176,25.2824
299408.8718,314209,39,0.8828,-0.2749,-0.2600,55.3893,-9.1450,24.5649
299408.8718,314219,39,0.8599,-0.3032,-0.2495,47.4046,-7.9695,22.6870
299408.8718,314229,39,0.8311,-0.3396,-0.2515,42.6565,-6.7634,20.6260
299408.8718,314239,39,0.8081,-0.3704,-0.2539,42.6260,-5.9237,17.4351
299408.8718,314249,39,0.7805,-0.3850,-0.2539,46.0305,-5.1756,13.0076
299408.8718,314259,39,0.7627,-0.3887,-0.2432,50.7023,-5.3435,8.8855
299408.9921,314269,40,0.7451,-0.3818,-0.2390,55.7863,-6.1985,5.0076
299408.9921,314279,40,0.7307,-0.3682,-0.2429,59.9695,-7.2061,0.3817
299408.9921,314289,40,0.7183,-0.3579,-0.2356,62.1527,-8.8244,-4.7481
299408.9921,314299,40,0.7068,-0.3589,-0.2322,61.8931,-11.1756,-9.8168
299408.9921,314309,40,0.7075,-0.3718,-0.2371,60.5496,-13.8168,-15.3893
299408.9921,314319,40,0.7051,-0.4031,-0.2378,58.9466,-16.4122,-20.9771
299408.9921,314329,40,0.7046,-0.4324,-0.2388,57.6183,-19.3588,-25.6794
299408.9921,314339,40,0.7190,-0.4663,-0.2371,57.5267,-22.7328,-30.0611
299408.9921,314349,40,0.7422,-0.4900,-0.2202,59.0382,-25.6489,-33.9237
299408.9921,314359,40,0.7659,-0.5051,-0.2000,61.7557,-27.8931,-37.2061
299409.0521,314369,41,0.7927,-0.5190,-0.1846,64.9618,-29.1908,-40.8855
299409.0521,314379,41,0.8293,-0.5447,-0.1655,68.0153,-29.3588,-45.3130
299409.0521,314389,41,0.8503,-0.5696,-0.1577,71.3282,-28.7939,-48.2748
299409.0521,314399,41,0.8730,-0.5876,-0.1528,75.2214,-27.3893,-50.5802
299409.0521,314409,41,0.8787,-0.5999,-0.1614,78.6260,-25.2214,-51.6031
299409.0521,314419,41,0.8755,-0.6091,-0.1633,81.1145,-23.4809,-52.1374
299409.0521,314429,41,0.8865,-0.6265,-0.1626,82.8397,-22.7939,-52.3206
299409.0521,314439,41,0.8928,-0.6277,-0.1624,85.9695,-22.8092,-52.5344
299409.0521,314449,41,0.8936,-0.6211,-0.1548,87.2824,-22.7176,-51.2366
299409.0521,314459,41,0.9014,-0.6089,-0.1492,86.7328,-23.4656,-49.1145
299409.1725,314469,42,0.9185,-0.5996,-0.1394,82.7328,-24.5344,-46.1985
299409.1725,314479,42,0.9351,-0.6116,-0.1252,77.8015,-23.0992,-43.0382
299409.1725,314489,42,0.9407,-0.5957,-0.1226,73.9542,-20.2595,-40.1985
299409.1725,314499,42,0.9465,-0.6099,-0.1409,67.9389,-18.3053,-36.3817
299409.1725,314509,42,0.9473,-0.6377,-0.1501,60.9771,-16.8397,-33.4504
299409.1725,314519,42,0.9460,-0.6848,-0.1577,55.5420,-15.3435,-32.1832
299409.1725,314529,42,0.9397,-0.7412,-0.1726,53.9237,-14.9771,-32.0916
299409.1725,314539,42,0.9390,-0.7798,-0.1721,56.2443,-15.0229,-32.7634
299409.1725,314549,42,0.9546,-0.8013,-0.1636,59.8473,-17.1450,-31.1908
299409.1725,314559,42,0.9902,-0.8022,-0.1584,63.0382,-20.8702,-25.6794
299409.2319,314569,43,1.0059,-0.7844,-0.1609,65.1756,-22.0153,-17.9389
299409.2319,314579,43,1.0061,-0.7544,-0.1650,64.5649,-21.6336,-9.5878
299409.2319,314589,43,1.0129,-0.7349,-0.1877,61.1756,-21.7557,-0.4580
299409.2319,314599,43,0.9934,-0.7195,-0.2280,58.1221,-19.6489,7.3893
299409.2319,314609,43,0.9617,-0.6917,-0.2576,58.1069,-18.1069,12.1374
299409.2319,314619,43,0.9514,-0.6694,-0.2759,60.3359,-19.9389,13.7099
299409.2319,314629,43,0.9556,-0.6851,-0.2847,62.6718,-22.0000,11.2977
299409.2319,314639,43,0.9363,-0.7271,-0.2883,65.9389,-22.3817,6.9924
299409.2319,314649,43,0.9033,-0.7600,-0.2812,71.1298,-23.7099,3.8626
299409.2319,314659,43,0.8872,-0.7634,-0.2651,78.9160,-27.5420,1.9389
299409.4115,314669,44,0.8923,-0.7896,-0.2412,87.1908,-32.6565,-0.1374
299409.4115,314679,44,0.8945,-0.8057,-0.2139,94.9924,-35.5573,2.1221
299409.4115,314689,44,0.9060,-0.8018,-0.1887,101.9847,-37.8015,10.0305
299409.4115,314699,44,0.9080,-0.7649,-0.1724,108.3053,-38.2443,20.9924
299409.4115,314709,44,0.8965,-0.6675,-0.1538,114.5496,-36.9924,33.4504
299409.4115,314719,44,0.8979,-0.5459,-0.1531,117.9237,-36.8092,43.6794
299409.4115,314729,44,0.9070,-0.4807,-0.1487,115.7405,-36.7023,48.6412
299409.4115,314739,44,0.8918,-0.4343,-0.1484,111.1603,-34.9008,49.5878
299409.4115,314749,44,0.8555,-0.3782,-0.1533,108.9771,-32.8397,47.9084
299409.4115,314759,44,0.8284,-0.3440,-0.1575,105.2519,-31.8168,43.3130
299409.4133,314769,45,0.8020,-0.3389,-0.1528,99.9847,-31.5267,35.6336
299409.4133,314779,45,0.7820,-0.3481,-0.1274,95.7252,-30.9771,27.2061
299409.4133,314789,45,0.7800,-0.3733,-0.1018,92.8092,-31.0687,20.9160
299409.4133,314799,45,0.7908,-0.3848,-0.0542,89.8626,-32.3359,17.8321
299409.4133,314809,45,0.7986,-0.3638,-0.0178,86.2901,-33.0840,18.7786
299409.4133,314819,45,0.8123,-0.3142,0.0029,81.9237,-32.3969,20.9008
299409.4133,314829,45,0.8208,-0.2903,0.0125,74.1069,-29.8779,22.0153
299409.4133,314839,45,0.8242,-0.2812,0.0007,65.4809,-25.7099,22.4885
299409.4133,314849,45,0.8215,-0.2446,-0.0393,57.6183,-22.2137,22.8550
299409.4133,314859,45,0.8015,-0.2231,-0.0813,48.6260,-20.1374,23.6947
299409.5322,314869,46,0.7871,-0.2046,-0.1123,40.0916,-19.5267,23.3893
299409.5322,314879,46,0.7661,-0.1892,-0.1426,33.2519,-19.2061,21.8473
299409.5322,314889,46,0.7507,-0.1631,-0.1526,28.2137,-19.3282,20.1221
299409.5322,314899,46,0.7466,-0.1416,-0.1650,25.0076,-21.4504,16.9160
299409.5322,314909,46,0.7354,-0.1311,-0.1536,22.7786,-21.5725,11.6336
299409.5322,314919,46,0.7336,-0.0979,-0.1199,23.8626,-21.9389,5.5420
299409.5322,314929,46,0.7620,-0.0540,-0.1082,27.1298,-27.0076,-2.4885
299409.5322,314939,46,0.8118,-0.0361,-0.0989,29.2366,-30.2443,-13.3282
299409.5322,314949,46,0.8447,-0.0535,-0.1013,29.1145,-26.6870,-24.7786
299409.5322,314959,46,0.8499,-0.0715,-0.0950,30.3359,-20.6412,-35.4351
299409.6519,314969,47,0.8640,-0.0803,-0.1165,33.6336,-19.3130,-44.3206
299409.6519,314979,47,0.8818,-0.0833,-0.1238,36.9008,-19.4809,-52.1221
299409.6519,314989,47,0.9092,-0.0911,-0.1372,39.4962,-19.9542,-57.2519
299409.6519,314999,47,0.9185,-0.0774,-0.1289,41.9695,-19.3282,-60.9924
299409.6519,315009,47,0.9204,-0.0378,-0.1111,43.6947,-19.8473,-61.9695
299409.6519,315019,47,0.9324,-0.0049,-0.1052,41.7252,-22.5649,-62.7176
299409.6519,315029,47,0.9475,0.0374,-0.0854,35.8473,-23.2519,-63.7252
299409.6519,315039,47,0.9707,0.0635,-0.0803,26.8550,-25.2824,-60.1832
299409.6519,315049,47,0.9900,0.0781,-0.0862,17.2061,-25.4504,-60.2290
299409.6519,315059,47,1.0134,0.0645,-0.0920,7.2519,-24.6565,-65.3282
299409.7111,315069,48,1.0334,0.0156,-0.0952,-2.8244,-24.9924,-70.3969
299409.7111,315079,48,1.0491,-0.0378,-0.1040,-9.2366,-25.4046,-74.7481
299409.7111,315089,48,1.0784,-0.0845,-0.1111,-12.5191,-26.3511,-77.6183
299409.7111,315099,48,1.1155,-0.1086,-0.1167,-13.6641,-28.0611,-75.7405
299409.7111,315109,48,1.1394,-0.1230,-0.1304,-13.8626,-28.7481,-70.8550
299409.7111,315119,48,1.1479,-0.1035,-0.1409,-14.1679,-28.3664,-64.5038
299409.7111,315129,48,1.1501,-0.0613,-0.1509,-15.7557,-28.5649,-54.9924
299409.7111,315139,48,1.1489,-0.0012,-0.1506,-18.1679,-30.3511,-45.5267
299409.7111,315149,48,1.1143,0.0549,-0.1631,-24.2748,-32.5191,-37.5573
299409.7111,315159,48,1.0718,0.0862,-0.1785,-34.5802,-34.3359,-31.6183
299409.8319,315169,49,1.0383,0.0884,-0.1936,-46.5954,-35.2061,-29.1450
299409.8319,315179,49,1.0095,0.0488,-0.2043,-58.0458,-34.5649,-29.8321
299409.8319,315189,49,0.9900,-0.0100,-0.2354,-65.6947,-33.0840,-33.4351
299409.8319,315199,49,0.9883,-0.0767,-0.2583,-68.0153,-32.2290,-39.2977
299409.8319,315209,49,1.0015,-0.1599,-0.2681,-65.7099,-31.7252,-45.8626
299409.8319,315219,49,1.0339,-0.2295,-0.2859,-58.6107,-31.7252,-52.1679
299409.8319,315229,49,1.1021,-0.2576,-0.3015,-48.4580,-33.4809,-55.5878
299409.8319,315239,49,1.2080,-0.2756,-0.3391,-39.4351,-36.0763,-54.3511
299409.8319,315249,49,1.3042,-0.2566,-0.3801,-32.4122,-34.9924,-51.0076
299409.8319,315259,49,1.3826,-0.2034,-0.4204,-30.0611,-32.2137,-46.7634
299409.9524,315269,50,1.4578,-0.1719,-0.4683,-36.9771,-29.5878,-41.7252
299409.9524,315279,50,1.5044,-0.1592,-0.5171,-51.5115,-23.8168,-36.0763
299409.9524,315289,50,1.4946,-0.1812,-0.5693,-70.2443,-15.5115,-29.1450
299409.9524,315299,50,1.3975,-0.2031,-0.5852,-87.4809,-7.1298,-24.1985
299409.9524,315309,50,1.2559,-0.2373,-0.5906,-102.7176,-5.3740,-19.9237
299409.9524,315319,50,1.1143,-0.2925,-0.5747,-116.5344,-7.8931,-15.3130
299409.9524,315329,50,0.9829,-0.3665,-0.5640,-127.5573,-11.5267,-11.4809
299409.9524,315339,50,0.9099,-0.4375,-0.5369,-131.3130,-16.0916,-6.8550
299409.9524,315349,50,0.8770,-0.5090,-0.5110,-124.4427,-21.1908,-1.0687
299409.9524,315359,50,0.8843,-0.5386,-0.4702,-108.6870,-27.3740,2.3053
299410.0118,315369,51,0.9226,-0.5437,-0.3936,-88.8244,-36.0458,2.4733
299410.0118,315379,51,0.9604,-0.5115,-0.3147,-67.0382,-43.2824,2.0611
299410.0118,315389,51,0.9915,-0.4609,-0.2268,-47.5267,-43.3282,2.1679
299410.0118,315399,51,1.0112,-0.3657,-0.1399,-33.9695,-39.5267,3.8473
299410.0118,315409,51,1.0159,-0.2803,-0.0854,-32.3969,-35.1908,8.9313
299410.0118,315419,51,1.0100,-0.2290,-0.0728,-42.5496,-27.0840,14.7939
299410.0118,315429,51,0.9905,-0.2117,-0.0911,-57.7405,-16.0000,20.2137
299410.0118,315439,51,0.9727,-0.2070,-0.1296,-72.0763,-5.7099,24.9771
299410.0118,315449,51,0.9551,-0.2073,-0.1831,-83.6183,1.9389,29.7710
299410.0118,315459,51,0.9363,-0.2244,-0.2383,-93.9084,6.6107,34.5191
299410.1319,315469,52,0.9285,-0.2615,-0.2839,-101.1145,8.7786,37.4351
299410.1319,315479,52,0.9443,-0.2859,-0.3115,-102.3817,8.7328,37.9542
299410.1319,315489,52,0.9822,-0.2793,-0.3252,-98.3511,8.2595,38.5496
299410.1319,315499,52,1.0247,-0.2722,-0.3528,-92.7328,10.0000,38.5802
299410.1319,315509,52,1.0505,-0.2686,-0.3943,-88.0153,14.4275,36.9466
299410.1319,315519,52,1.0645,-0.2717,-0.4333,-83.3282,19.5725,34.4885
299410.1319,315529,52,1.0642,-0.2751,-0.4717,-79.1450,23.3588,32.2290
299410.1319,315539,52,1.0618,-0.2742,-0.5012,-76.9313,25.5267,31.6641
299410.1319,315549,52,1.0417,-0.2629,-0.5127,-77.5115,25.3435,34.5649
299410.1319,315559,52,1.0156,-0.2603,-0.5129,-81.7557,22.6870,40.2443
299410.3106,315569,53,0.9915,-0.2566,-0.4963,-88.0000,19.4962,47.3893
299410.3106,315579,53,0.9683,-0.2498,-0.4722,-94.2443,14.5496,55.8321
299410.3106,315589,53,0.9641,-0.2405,-0.4436,-100.0916,8.3359,63.9542
299410.3106,315599,53,0.9771,-0.2588,-0.4089,-105.0534,3.8015,70.1832
299410.3106,315609,53,0.9868,-0.2927,-0.3748,-105.7710,3.2214,74.1527
299410.3106,315619,53,0.9849,-0.2937,-0.3325,-98.8244,5.0687,75.5878
299410.3106,315629,53,0.9875,-0.2844,-0.2986,-88.2137,6.5954,75.1145
299410.3106,315639,53,0.9944,-0.2883,-0.2695,-77.5725,9.0840,72.5038
299410.3106,315649,53,1.0024,-0.3079,-0.2534,-67.7710,12.9160,67.3588
299410.3106,315659,53,1.0112,-0.3418,-0.2507,-59.2977,17.8779,61.2824
299410.3129,315669,54,1.0166,-0.3838,-0.2537,-51.5267,22.9313,56.7176
299410.3129,315679,54,1.0315,-0.4019,-0.2571,-42.9924,26.7328,54.5649
299410.3129,315689,54,1.0349,-0.3838,-0.2529,-34.6260,29.1298,54.2137
299410.3129,315699,54,1.0505,-0.3545,-0.2478,-29.6489,29.6947,55.4351
299410.3129,315709,54,1.0571,-0.3208,-0.2510,-29.4962,31.1298,57.7099
299410.3129,315719,54,1.0452,-0.2888,-0.2546,-33.4962,34.0763,59.8931
299410.3129,315729,54,1.0247,-0.2683,-0.2576,-39.9847,36.8092,61.0382
299410.3129,315739,54,1.0002,-0.2705,-0.2600,-46.7023,38.7328,61.0382
299410.3129,315749,54,0.9771,-0.2854,-0.2629,-52.7481,39.7252,60.0611
299410.3129,315759,54,0.9553,-0.3232,-0.2629,-57.9389,39.6947,58.5191
299410.4321,315769,55,0.9363,-0.3706,-0.2590,-61.2977,39.0534,56.5344
299410.4321,315779,55,0.9202,-0.4207,-0.2485,-62.3359,38.4427,54.3511
299410.4321,315789,55,0.9065,-0.4512,-0.2363,-60.4733,37.7099,51.8931
299410.4321,315799,55,0.9158,-0.5042,-0.2212,-57.6031,36.5038,48.7176
299410.4321,315809,55,0.9116,-0.5420,-0.1992,-52.0763,36.8702,48.1374
299410.4321,315819,55,0.9290,-0.5500,-0.1870,-44.2443,35.2366,49.9084
299410.4321,315829,55,0.9480,-0.5366,-0.1704,-37.5573,34.1527,52.3817
299410.4321,315839,55,0.9595,-0.5261,-0.1653,-33.6489,35.4198,55.0992
299410.4321,315849,55,0.9509,-0.5042,-0.1677,-30.9313,37.3740,57.9389
299410.4321,315859,55,0.9209,-0.4792,-0.1829,-28.4122,39.0840,60.9771
299410.6110,315869,56,0.8877,-0.4429,-0.1958,-24.6870,40.2137,62.7023
299410.6110,315879,56,0.8628,-0.3894,-0.2124,-20.5191,40.3053,61.6489
299410.6110,315889,56,0.8462,-0.3557,-0.2124,-17.2366,38.6718,57.6947
299410.6110,315899,56,0.8357,-0.3318,-0.2039,-15.0840,35.9695,51.4656
299410.6110,315909,56,0.8440,-0.3145,-0.1829,-13.6794,33.8321,44.5649
299410.6110,315919,56,0.8535,-0.3040,-0.1709,-11.9389,33.0687,37.4198
299410.6110,315929,56,0.8625,-0.2944,-0.1580,-10.7634,34.0763,29.7405
299410.6110,315939,56,0.8696,-0.3074,-0.1541,-11.1450,36.1374,22.2137
299410.6110,315949,56,0.8623,-0.3281,-0.1558,-11.5573,38.6260,15.1908
299410.6110,315959,56,0.8564,-0.3511,-0.1584,-11.2366,40.9466,9.2977
299410.6138,315969,57,0.8315,-0.3704,-0.1616,-10.7176,43.9237,4.1527
299410.6138,315979,57,0.8342,-0.3669,-0.1824,-9.7710,46.2748,-0.1374
299410.6138,315989,57,0.9219,-0.3342,-0.2205,-6.9160,43.8626,-1.5725
299410.6138,315999,57,0.9841,-0.2502,-0.2632,-3.0382,43.2824,-3.9389
299410.6138,316009,57,1.0457,-0.1599,-0.3247,-2.9466,44.2748,-9.0840
299410.6138,316019,57,1.1013,-0.1240,-0.3977,-8.5954,44.5496,-16.4427
299410.6138,316029,57,1.0654,-0.1184,-0.4304,-16.7481,47.2977,-28.1374
299410.6138,316039,57,0.9395,-0.1489,-0.4333,-25.3282,49.2824,-43.3435
299410.6138,316049,57,0.8340,-0.2375,-0.4182,-33.1298,45.4351,-60.5038
299410.6138,316059,57,0.7539,-0.3943,-0.3833,-38.1069,38.8397,-77.8015
299410.8492,316069,58,0.6919,-0.5542,-0.3406,-36.9160,31.6031,-90.4427
299410.8492,316079,58,0.6660,-0.6394,-0.3076,-26.6412,20.4733,-92.1374
299410.8492,316089,58,0.7153,-0.7017,-0.2969,-11.0840,4.5038,-87.8779
299410.8492,316099,58,0.7783,-0.7351,-0.2683,4.3817,-6.5802,-83.7405
299410.8492,316109,58,0.8408,-0.7505,-0.2219,17.3435,-13.1603,-73.9237
299410.8492,316119,58,0.9326,-0.7388,-0.1892,31.0992,-18.2595,-57.9695
299410.8492,316129,58,1.0190,-0.6831,-0.1758,48.3817,-18.1221,-40.5191
299410.8492,316139,58,1.0425,-0.5598,-0.1770,68.7939,-14.1374,-26.7023
299410.8492,316149,58,1.0771,-0.4568,-0.1887,87.7252,-11.9695,-21.6336
299410.8492,316159,58,1.0508,-0.3423,-0.2000,101.4046,-9.2366,-24.4885
299410.9122,316169,59,0.9871,-0.2463,-0.2021,110.2443,-6.7634,-31.5267
299410.9122,316179,59,0.9246,-0.1528,-0.1792,115.2977,-6.1374,-41.8473
299410.9122,316189,59,0.8674,-0.0820,-0.1350,112.8397,-7.7405,-51.7405
299410.9122,316199,59,0.8193,-0.0544,-0.0881,99.8015,-9.8779,-58.0305
299410.9122,316209,59,0.7974,-0.0918,-0.0557,77.6947,-11.5115,-59.8931
299410.9122,316219,59,0.7747,-0.1587,-0.0417,53.3588,-13.2214,-57.3282
299410.9122,316229,59,0.7505,-0.1982,-0.0342,33.8168,-16.9466,-52.1832
299410.9122,316239,59,0.7529,-0.2578,-0.0347,16.9466,-23.0382,-45.0687
299410.9122,316249,59,0.7610,-0.3242,-0.0496,4.7786,-27.2061,-40.1679
299410.9122,316259,59,0.7639,-0.3770,-0.0583,1.5420,-28.2137,-39.0076
299410.9140,316269,60,0.7693,-0.4241,-0.0740,6.1069,-30.2137,-39.5267
299410.9140,316279,60,0.7886,-0.4495,-0.0947,20.6107,-32.5038,-44.2290
299410.9140,316289,60,0.8076,-0.4482,-0.1104,44.1221,-34.3969,-54.2748
299410.9140,316299,60,0.8218,-0.4380,-0.1125,71.8626,-34.8397,-69.3282
299410.9140,316309,60,0.8391,-0.4136,-0.1047,100.1221,-34.9924,-86.4275
299410.9140,316319,60,0.8672,-0.4006,-0.1003,124.7786,-36.2748,-101.6794
299410.9140,316329,60,0.9006,-0.3850,-0.0916,144.8702,-37.4198,-114.5496
299410.9140,316339,60,0.9343,-0.3596,-0.0557,158.5344,-38.6412,-122.4427
299410.9140,316349,60,0.9819,-0.3306,-0.0239,161.9084,-42.5038,-123.5573
299410.9140,316359,60,1.0388,-0.3188,-0.0068,158.0458,-46.3359,-120.5649
299411.0320,316369,61,1.0835,-0.3293,0.0083,149.2672,-47.6183,-116.5038
299411.0320,316379,61,1.1191,-0.3374,0.0312,138.1069,-46.1527,-110.4733
299411.0320,316389,61,1.1326,-0.3760,0.0256,122.8855,-44.8855,-100.9466
299411.0320,316399,61,1.1562,-0.4246,-0.0066,109.5115,-42.2748,-91.7405
299411.0320,316409,61,1.1667,-0.5012,-0.0603,102.3817,-36.1374,-85.2824
299411.0320,316419,61,1.1370,-0.5762,-0.1184,106.1832,-26.8702,-83.3588
299411.0320,316429,61,1.1055,-0.5818,-0.1487,123.7557,-19.0076,-84.7939
299411.0320,316439,61,1.0918,-0.5544,-0.1812,146.6107,-17.0534,-86.5496
299411.0320,316449,61,1.0898,-0.5273,-0.2078,167.2519,-15.6641,-89.1145
299411.0320,316459,61,1.0706,-0.4946,-0.2249,182.7634,-12.1527,-91.1603
299411.1524,316469,62,1.0505,-0.4553,-0.2493,193.6031,-9.8168,-90.4275
299411.1524,316479,62,1.0320,-0.4058,-0.2671,199.6489,-9.6031,-87.6336
299411.1524,316489,62,1.0227,-0.3757,-0.2869,199.9847,-10.3511,-83.0382
299411.1524,316499,62,1.0183,-0.3652,-0.3154,197.1145,-10.0763,-78.0000
299411.1524,316509,62,1.0103,-0.3406,-0.3481,195.6641,-8.1985,-75.0534
299411.1524,316519,62,1.0005,-0.3391,-0.3872,196.0611,-6.3359,-73.9084
299411.1524,316529,62,0.9976,-0.3379,-0.4312,198.8092,-2.6870,-73.8931
299411.1524,316539,62,0.9800,-0.3311,-0.4854,205.1450,2.6565,-74.5496
299411.1524,316549,62,0.9683,-0.3015,-0.5325,214.3206,6.8397,-75.6489
299411.1524,316559,62,0.9531,-0.2600,-0.5728,223.5267,10.4427,-75.9084
299411.2112,316569,63,0.9343,-0.2192,-0.5945,230.9008,12.1679,-74.6718
299411.2112,316579,63,0.9163,-0.1846,-0.5964,237.5725,10.6870,-74.4122
299411.2112,316589,63,0.9226,-0.1287,-0.5928,242.4275,6.3511,-75.3130
299411.2112,316599,63,0.9888,-0.0806,-0.5986,242.0305,-0.8244,-75.0687
299411.2112,316609,63,1.1235,-0.0535,-0.6218,238.0153,-7.7252,-75.5725
299411.2112,316619,63,1.2349,-0.0315,-0.6318,233.8626,-5.9695,-81.0076
299411.2112,316629,63,1.2476,-0.0571,-0.6338,227.0687,6.4580,-90.3511
299411.2112,316639,63,1.1501,-0.1033,-0.6389,220.5038,22.5802,-104.1069
299411.2112,316649,63,1.0088,-0.1604,-0.6445,216.5649,36.1221,-118.8397
299411.2112,316659,63,0.8953,-0.2400,-0.6514,212.9008,42.3511,-129.1145
299411.3330,316669,64,0.8303,-0.3315,-0.6477,212.6565,41.6489,-135.5420
299411.3330,316679,64,0.8103,-0.4282,-0.6421,216.5954,37.0076,-138.2901
299411.3330,316689,64,0.8210,-0.5322,-0.6467,222.9313,34.8702,-137.5573
299411.3330,316699,64,0.8345,-0.5835,-0.6428,233.7405,38.0763,-131.9847
299411.3330,316709,64,0.8679,-0.5818,-0.6509,247.2519,39.9847,-120.2290
299411.3330,316719,64,0.9070,-0.5195,-0.6782,262.7176,42.6260,-107.7252
299411.3330,316729,64,0.9204,-0.4380,-0.7156,275.0076,48.6565,-97.0687
299411.3330,316739,64,0.9067,-0.3501,-0.7478,280.0458,53.9389,-89.6183
299411.3330,316749,64,0.8848,-0.2952,-0.7703,275.9847,55.5878,-83.9389
299411.3330,316759,64,0.8687,-0.2576,-0.7756,266.6565,53.9847,-79.5878
299411.5122,316769,65,0.8701,-0.2600,-0.7703,253.8321,49.6641,-75.1603
299411.5122,316779,65,0.8894,-0.3047,-0.7561,239.1145,42.6260,-70.6107
299411.5122,316789,65,0.8889,-0.3093,-0.7056,228.1679,35.2214,-65.3588
299411.5122,316799,65,0.9324,-0.3218,-0.6472,218.0153,23.3740,-56.6565
299411.5122,316809,65,1.0205,-0.3418,-0.6086,209.3893,13.2214,-48.3664
299411.5122,316819,65,1.0229,-0.2961,-0.5579,203.1450,14.2137,-40.0611
299411.5122,316829,65,1.0215,-0.2732,-0.5352,192.5191,13.5420,-30.0763
299411.5122,316839,65,1.0383,-0.2979,-0.5530,178.7786,14.4885,-22.3206
299411.5122,316849,65,1.0178,-0.3196,-0.5559,170.1221,19.3435,-17.8015
299411.5122,316859,65,1.0120,-0.3186,-0.5632,168.2748,21.7252,-14.3664
299411.5152,316869,66,1.0195,-0.3171,-0.5811,169.2672,23.8931,-12.8550
299411.5152,316879,66,1.0088,-0.3022,-0.5908,169.3282,28.4427,-12.5038
299411.5152,316889,66,1.0046,-0.3040,-0.5940,166.3206,32.1221,-10.9618
299411.5152,316899,66,1.0095,-0.3279,-0.6216,161.4351,34.3359,-8.7328
299411.5152,316909,66,0.9927,-0.3428,-0.6309,158.9618,37.3893,-7.0687
299411.5152,316919,66,1.0010,-0.3555,-0.6443,156.9313,36.7328,-4.0153
299411.5152,316929,66,1.0090,-0.3699,-0.6489,153.8473,35.5725,-0.5038
299411.5152,316939,66,1.0078,-0.3938,-0.6487,149.0534,35.9542,3.4198
299411.5152,316949,66,1.0051,-0.4209,-0.6406,144.8550,35.7710,8.9008
299411.5152,316959,66,1.0232,-0.4370,-0.6348,142.7023,33.9389,15.9847
299411.6320,316969,67,1.0354,-0.4238,-0.6299,142.5344,32.0305,23.9695
299411.6320,316979,67,1.0452,-0.3958,-0.6113,140.9160,31.4962,32.4427
299411.6320,316989,67,1.0579,-0.3828,-0.6016,136.3053,31.6031,40.8855
299411.6320,316999,67,1.0508,-0.3555,-0.5903,133.5267,33.2061,47.5573
299411.6320,317009,67,1.0308,-0.3113,-0.5791,129.9847,33.7557,52.9008
299411.6320,317019,67,1.0005,-0.2717,-0.5635,124.0153,33.3130,57.2824
299411.6320,317029,67,0.9768,-0.2512,-0.5442,116.7481,31.1450,60.0916
299411.6320,317039,67,0.9634,-0.2373,-0.5154,109.8015,26.7023,61.9542
299411.6320,317049,67,0.9683,-0.2263,-0.4780,104.2595,21.6031,63.2061
299411.6320,317059,67,0.9587,-0.2212,-0.4412,99.1450,18.1221,64.1374
299411.7525,317069,68,0.9463,-0.2141,-0.4036,93.5725,16.0611,65.5725
299411.7525,317079,68,0.9287,-0.2119,-0.3738,87.7099,14.1832,67.3893
299411.7525,317089,68,0.9072,-0.2148,-0.3408,82.8397,12.4580,69.4656
299411.7525,317099,68,0.8916,-0.2065,-0.3203,80.7328,10.7176,71.6183
299411.7525,317109,68,0.8887,-0.1951,-0.3032,80.9313,9.0687,72.3359
299411.7525,317119,68,0.8948,-0.1870,-0.2900,81.6489,8.7023,71.8626
299411.7525,317129,68,0.9299,-0.1731,-0.2888,82.8397,7.8779,71.8015
299411.7525,317139,68,0.9995,-0.1313,-0.2903,85.3435,5.9084,72.6107
299411.7525,317149,68,1.0593,-0.0693,-0.3025,86.3969,5.5420,72.7176
299411.7525,317159,68,1.0925,-0.0105,-0.3259,83.6489,6.7786,70.9466
299411.8120,317169,69,1.0793,0.0583,-0.3325,66.6718,10.2901,58.6870
299411.8120,317179,69,1.0793,0.0583,-0.3325,66.6718,10.2901,58.6870
299411.8120,317189,69,1.0437,0.0427,-0.3171,54.2748,11.1908,50.1069
299411.8120,317199,69,1.0081,0.0171,-0.2795,42.8702,9.9847,41.2977
299411.8120,317209,69,0.9871,-0.0132,-0.2292,33.1450,4.8702,32.8702
299411.8120,317219,69,1.0088,-0.1562,-0.1125,15.6336,-8.4122,17.6489
299411.8120,317229,69,1.0461,-0.2302,-0.0737,12.8244,-9.6031,13.5725
299411.8120,317239,69,1.0706,-0.2595,-0.0425,11.1450,-9.6031,16.0763
299411.8120,317249,69,1.0959,-0.2935,-0.0303,8.0611,-7.5878,22.9160
299411.8120,317259,69,1.1218,-0.3152,-0.0615,9.2061,-3.5725,28.0458
299411.9308,317269,70,1.1052,-0.3123,-0.0842,16.2290,2.8550,30.7939
299411.9308,317279,70,1.0791,-0.2490,-0.1228,29.6641,7.2366,32.4122
299411.9308,317289,70,1.0669,-0.1831,-0.1711,44.8702,8.2290,32.0763
299411.9308,317299,70,1.0396,-0.1218,-0.1873,58.1985,8.2595,28.0611
299411.9308,317309,70,0.9937,-0.0303,-0.1829,67.7405,7.1603,22.4885
299411.9308,317319,70,0.9673,0.0479,-0.1755,71.6641,4.6107,14.8397
299411.9308,317329,70,0.9402,0.0935,-0.1489,71.2061,3.8473,4.8855
299411.9308,317339,70,0.9058,0.1084,-0.1123,65.3588,4.1527,-3.6336
299411.9308,317349,70,0.8892,0.0935,-0.0881,53.1756,3.1450,-8.3206
299411.9308,317359,70,0.8840,0.0576,-0.0757,37.6489,0.9924,-9.6947
299412.0526,317369,71,0.8784,0.0190,-0.0576,21.5878,-1.2214,-8.0000
299412.0526,317379,71,0.8774,-0.0100,-0.0569,8.3969,-3.6183,-3.5725
299412.0526,317389,71,0.8794,-0.0366,-0.0774,-1.4198,-6.1527,2.0458
299412.0526,317399,71,0.8784,-0.0764,-0.1113,-7.6794,-7.0840,4.7634
299412.0526,317409,71,0.8623,-0.1106,-0.1404,-7.2366,-7.1603,2.7023
299412.0526,317419,71,0.8545,-0.1289,-0.1597,1.9847,-9.2366,-3.1603
299412.0526,317429,71,0.8584,-0.1472,-0.1814,16.2901,-13.3435,-10.7786
299412.0526,317439,71,0.8691,-0.1694,-0.2041,32.1221,-15.4046,-19.6489
299412.0526,317449,71,0.8613,-0.1589,-0.2080,50.3511,-15.7557,-29.0687
299412.0526,317459,71,0.8560,-0.1414,-0.2109,65.8626,-18.3969,-36.5191
299412.1119,317469,72,0.8560,-0.1133,-0.2053,76.9771,-22.2901,-43.1908
299412.1119,317479,72,0.8669,-0.0874,-0.1787,83.1450,-26.1221,-49.0840
299412.1119,317489,72,0.8818,-0.0935,-0.1560,81.8321,-29.9237,-52.3664
299412.1119,317499,72,0.8953,-0.1157,-0.1362,77.0076,-33.1298,-54.7634
299412.1119,317509,72,0.9084,-0.1484,-0.1116,70.7328,-36.5954,-56.3359
299412.1119,317519,72,0.9246,-0.1733,-0.0676,64.3969,-40.5649,-55.5267
299412.1119,317529,72,0.9475,-0.1816,-0.0354,58.9466,-43.7252,-52.3359
299412.1119,317539,72,0.9631,-0.1838,-0.0183,54.3206,-44.3817,-48.2595
299412.1119,317549,72,0.9702,-0.1917,-0.0005,49.4046,-43.4351,-44.7939
299412.1119,317559,72,0.9734,-0.1970,0.0137,44.2290,-41.8473,-41.9542
299412.2322,317569,73,0.9780,-0.2151,0.0208,39.5878,-39.8779,-39.3740
299412.2322,317579,73,0.9736,-0.2153,0.0359,37.5420,-37.0382,-37.2061
299412.2322,317589,73,0.9668,-0.1965,0.0371,36.6870,-35.9389,-35.3893
299412.2322,317599,73,0.9797,-0.1941,0.0469,34.1679,-36.1527,-33.9542
299412.2322,317609,73,0.9861,-0.2102,0.0513,31.1298,-34.6565,-33.3435
299412.2322,317619,73,0.9888,-0.2227,0.0627,29.4962,-33.1450,-32.7634
299412.2322,317629,73,1.0034,-0.2244,0.0691,28.0000,-33.2214,-31.1756
299412.2322,317639,73,1.0205,-0.2319,0.0625,25.1756,-32.8092,-28.6412
299412.2322,317649,73,1.0339,-0.2349,0.0635,21.7099,-31.0687,-26.2137
299412.2322,317659,73,1.0427,-0.2454,0.0503,18.1221,-29.5420,-23.8321
299412.3517,317669,74,1.0620,-0.2522,0.0417,14.6107,-28.4122,-21.1145
299412.3517,317679,74,1.0933,-0.2568,0.0317,11.5573,-27.2214,-17.9084
299412.3517,317689,74,1.1135,-0.2654,0.0220,10.0305,-24.9771,-16.3053
299412.3517,317699,74,1.1270,-0.2649,0.0071,9.9237,-22.0305,-16.3817
299412.3517,317709,74,1.1462,-0.2673,-0.0115,9.8473,-20.1832,-17.3740
299412.3517,317719,74,1.1582,-0.2786,-0.0271,9.0687,-18.1221,-19.4962
299412.3517,317729,74,1.1624,-0.2942,-0.0388,8.0153,-15.9389,-21.8321
299412.3517,317739,74,1.1697,-0.3081,-0.0466,7.2672,-14.4122,-23.2977
299412.3517,317749,74,1.1819,-0.3352,-0.0625,5.2977,-13.0382,-23.0840
299412.3517,317759,74,1.1895,-0.3696,-0.0806,2.5496,-10.4580,-21.6947
299412.4706,317769,75,1.2444,-0.3945,-0.1213,1.1298,-9.4962,-18.7023
299412.4706,317779,75,1.3223,-0.3950,-0.1709,1.9695,-10.1374,-14.6565
299412.4706,317789,75,1.3975,-0.3779,-0.2019,4.3969,-10.5191,-12.7939
299412.4706,317799,75,1.4602,-0.3816,-0.2280,6.2595,-11.4656,-12.7481
299412.4706,317809,75,1.4731,-0.4041,-0.2332,7.4046,-10.2901,-14.9924
299412.4706,317819,75,1.4292,-0.4277,-0.2100,8.5344,-7.8473,-17.5725
299412.4706,317829,75,1.3953,-0.4514,-0.1897,10.1679,-7.7252,-18.9771
299412.4706,317839,75,1.3428,-0.4968,-0.1643,11.6947,-7.8931,-19.0840
299412.4706,317849,75,1.2649,-0.5496,-0.1245,12.3511,-5.3130,-18.2443
299412.4706,317859,75,1.1870,-0.5964,-0.0796,12.1985,-2.1527,-13.6031
299412.5339,317869,76,1.1145,-0.6213,-0.0649,13.7405,1.0992,-6.5191
299412.5339,317879,76,1.0630,-0.6582,-0.0605,17.7710,4.9313,1.6336
299412.5339,317889,76,1.0205,-0.6677,-0.0500,25.5878,8.1069,12.3053
299412.5339,317899,76,1.0063,-0.6338,-0.0530,36.9008,8.2748,25.4962
299412.5339,317909,76,1.0237,-0.5640,-0.0681,49.0382,8.0305,36.5496
299412.5339,317919,76,1.0378,-0.4995,-0.0867,60.1069,10.8550,42.4580
299412.5339,317929,76,1.0510,-0.4592,-0.1279,68.7023,15.5878,43.4046
299412.5339,317939,76,1.0684,-0.4385,-0.1702,77.5267,20.1374,40.5191
299412.5339,317949,76,1.0771,-0.4077,-0.2134,87.0992,23.8321,36.3969
299412.5339,317959,76,1.0659,-0.3821,-0.2571,94.5344,26.7328,32.1832
299412.6521,317969,77,1.0449,-0.3569,-0.2864,98.0763,28.8092,27.7863
299412.6521,317979,77,1.0085,-0.3284,-0.2947,98.7634,28.7176,23.8931
299412.6521,317989,77,0.9761,-0.3086,-0.2925,95.4962,26.5038,21.4351
299412.6521,317999,77,0.9580,-0.3130,-0.2778,87.0840,24.0916,21.0534
299412.6521,318009,77,0.9495,-0.3477,-0.2754,74.8092,23.3893,22.6565
299412.6521,318019,77,0.9263,-0.3911,-0.2690,63.4351,24.8244,25.7863
299412.6521,318029,77,0.8940,-0.4255,-0.2678,54.6718,25.0382,30.2290
299412.6521,318039,77,0.8779,-0.4475,-0.2585,49.0229,21.8321,35.1908
299412.6521,318049,77,0.8918,-0.4902,-0.2522,46.6718,17.1298,38.1832
299412.6521,318059,77,0.8884,-0.5200,-0.2288,48.1221,15.4198,41.5420
299412.7125,318069,78,0.8918,-0.5273,-0.2214,52.5496,13.9695,46.1832
299412.7125,318079,78,0.8975,-0.5078,-0.2004,59.8626,13.0992,49.9695
299412.7125,318089,78,0.8970,-0.4636,-0.1819,68.6870,13.8015,51.9847
299412.7125,318099,78,0.8992,-0.4058,-0.1672,75.9237,15.4656,52.3511
299412.7125,318109,78,0.8931,-0.3613,-0.1707,79.4656,18.8702,51.2214
299412.7125,318119,78,0.8792,-0.3306,-0.1846,79.6794,23.4046,49.4351
299412.7125,318129,78,0.8650,-0.3057,-0.2034,78.5496,26.5954,47.8473
299412.7125,318139,78,0.8601,-0.2810,-0.2205,77.3130,27.6031,46.3817
299412.7125,318149,78,0.8533,-0.2632,-0.2280,75.4809,27.3282,44.4275
299412.7125,318159,78,0.8540,-0.2463,-0.2192,71.3893,26.4427,42.4122
299412.8920,318169,79,0.8525,-0.2385,-0.2214,65.4504,25.2366,40.9618
299412.8920,318179,79,0.8591,-0.2346,-0.2129,59.5115,23.2824,39.0992
299412.8920,318189,79,0.8711,-0.2363,-0.2029,54.5496,21.3130,36.4122
299412.8920,318199,79,0.8750,-0.2429,-0.1809,49.9084,20.1985,33.0687
299412.8920,318209,79,0.8809,-0.2495,-0.1653,45.5878,18.7176,29.8168
299412.8920,318219,79,0.9004,-0.2561,-0.1580,42.3206,17.0382,26.5496
299412.8920,318229,79,0.9143,-0.2612,-0.1467,39.7863,16.9924,23.1603
299412.8920,318239,79,0.9351,-0.2688,-0.1194,38.0763,17.5420,19.7099
299412.8920,318249,79,0.9587,-0.2593,-0.0974,37.1603,16.2290,16.6718
299412.8920,318259,79,1.0095,-0.2444,-0.0693,35.7710,14.2137,13.7863
299412.9509,318269,80,1.0537,-0.2615,-0.0505,32.1527,15.5878,11.1603
299412.9509,318279,80,1.0635,-0.2617,-0.0164,27.5573,20.4733,9.4809
299412.9509,318289,80,1.0618,-0.2483,-0.0078,21.0382,24.0458,8.7023
299412.9509,318299,80,1.0518,-0.2639,-0.0122,11.7863,26.6565,7.6641
299412.9509,318309,80,1.0381,-0.3059,-0.0166,3.2824,31.0076,6.4733
299412.9509,318319,80,1.0771,-0.3052,-0.0269,-2.1221,32.3511,8.5038
299412.9509,318329,80,1.1475,-0.2593,-0.0588,-5.7099,28.9771,12.1374
299412.9509,318339,80,1.2017,-0.2190,-0.1216,-12.4275,29.1145,14.0153
299412.9509,318349,80,1.2053,-0.2065,-0.1997,-23.5420,34.7634,14.3206
299412.9509,318359,80,1.1104,-0.1902,-0.2517,-37.8321,41.4656,14.1221
299413.0108,318369,81,1.0134,-0.2349,-0.2798,-53.8168,40.0763,11.7710
299413.0108,318379,81,0.9185,-0.3352,-0.2576,-64.3664,35.8015,6.9160
299413.0108,318389,81,0.8481,-0.4041,-0.1487,-63.8168,29.7405,2.6718
299413.0108,318399,81,0.8369,-0.4272,-0.0388,-56.1832,16.7786,2.3664
299413.0108,318409,81,0.8582,-0.4431,0.0679,-50.0763,5.6336,3.3130
299413.0108,318419,81,0.8977,-0.4590,0.1851,-47.5573,3.4046,4.8855
299413.0108,318429,81,0.9697,-0.5166,0.2861,-46.5038,6.6870,9.5878
299413.0108,318439,81,1.0388,-0.5410,0.3372,-39.7405,14.2290,15.6031
299413.0108,318449,81,1.0808,-0.5166,0.3279,-29.8473,25.9542,21.3435
299413.0108,318459,81,1.0813,-0.5110,0.2268,-24.1069,37.4962,24.8550
299413.1320,318469,82,1.0784,-0.5532,0.1172,-17.0076,43.5267,23.7557
299413.1320,318479,82,1.0598,-0.5400,0.0703,-0.2137,46.0458,17.4351
299413.1320,318489,82,1.0781,-0.5225,0.0354,15.5725,41.9237,10.4427
299413.1320,318499,82,1.1016,-0.5237,0.0413,22.9618,41.9847,5.7252
299413.1320,318509,82,1.0793,-0.5122,0.0693,25.4046,50.7634,3.6489
299413.1320,318519,82,1.0178,-0.4893,0.1172,25.3130,58.4275,4.8855
299413.1320,318529,82,0.9844,-0.4409,0.1943,21.1908,57.6183,7.4046
299413.1320,318539,82,1.0056,-0.4512,0.2573,9.9847,56.7481,12.0305
299413.1320,318549,82,0.9802,-0.5000,0.2595,-4.7328,64.0611,15.8931
299413.1320,318559,82,0.9216,-0.5654,0.2615,-18.6870,72.6107,18.4275
299413.2520,318569,83,0.8628,-0.6365,0.2285,-29.8779,72.3359,24.8397
299413.2520,318579,83,0.8433,-0.6875,0.2195,-33.7863,66.3969,33.2672
299413.2520,318589,83,0.8591,-0.7063,0.2175,-28.4122,62.1069,42.2290
299413.2520,318599,83,0.8816,-0.7063,0.2004,-16.3359,63.8168,48.7023
299413.2520,318609,83,0.8496,-0.6902,0.1648,-0.3053,72.9924,51.5420
299413.2520,318619,83,0.7939,-0.6511,0.1304,18.0763,78.3206,50.8244
299413.2520,318629,83,0.7527,-0.5886,0.0977,37.0076,73.3588,49.6183
299413.2520,318639,83,0.7439,-0.5002,0.0867,52.0153,61.5267,50.4733
299413.2520,318649,83,0.7507,-0.4072,0.0759,59.0076,48.9618,51.7710
299413.2520,318659,83,0.7300,-0.3352,0.0718,58.0000,41.6947,50.9313
299413.3112,318669,84,0.6938,-0.2986,0.0852,51.0992,36.9008,48.8244
299413.3112,318679,84,0.6641,-0.2788,0.1096,41.9847,29.7405,47.0687
299413.3112,318689,84,0.6487,-0.2546,0.1204,34.0153,20.6870,46.1527
299413.3112,318699,84,0.6443,-0.2490,0.1248,25.6183,11.5267,44.9771
299413.3112,318709,84,0.6309,-0.2603,0.1299,18.1679,3.5878,41.9237
299413.3112,318719,84,0.6250,-0.2739,0.1392,13.3282,-4.3511,37.4504
299413.3112,318729,84,0.6362,-0.2856,0.1609,10.3664,-13.2977,33.9695
299413.3112,318739,84,0.6599,-0.2974,0.1790,8.5496,-20.5802,31.4351
299413.3112,318749,84,0.6819,-0.3035,0.2080,8.9313,-24.1221,28.5191
299413.3112,318759,84,0.6882,-0.2954,0.2341,11.2061,-25.0382,24.9924
299413.4326,318769,85,0.6921,-0.2947,0.2495,12.3969,-25.2977,21.5115
299413.4326,318779,85,0.6963,-0.3083,0.2703,12.8855,-25.3282,17.8321
299413.4326,318789,85,0.6873,-0.3088,0.2939,12.8092,-25.9237,15.6031
299413.4326,318799,85,0.6992,-0.2932,0.3108,11.7710,-28.1069,15.1603
299413.4326,318809,85,0.7202,-0.2720,0.3130,9.3893,-30.2748,14.6565
299413.4326,318819,85,0.7346,-0.2502,0.3162,5.0840,-31.5267,14.5191
299413.4326,318829,85,0.7463,-0.2200,0.3035,-0.7481,-33.6641,16.0458
299413.4326,318839,85,0.7449,-0.1692,0.2859,-7.2061,-36.0916,19.2672
299413.4326,318849,85,0.7285,-0.0979,0.2798,-13.0840,-39.4656,23.8015
299413.4326,318859,85,0.7175,-0.0112,0.2668,-17.3282,-45.2977,26.6565
299413.5511,318869,86,0.7417,0.0686,0.2400,-22.5496,-53.9237,23.7252
299413.5511,318879,86,0.7603,0.1042,0.2178,-29.3893,-59.9695,14.3053
299413.5511,318889,86,0.7729,0.1213,0.1973,-35.9389,-61.0229,0.5954
299413.5511,318899,86,0.7976,0.1343,0.1719,-42.7328,-59.7710,-12.2901
299413.5511,318909,86,0.8203,0.1707,0.1580,-48.7328,-60.2595,-18.6412
299413.5511,318919,86,0.8245,0.2371,0.1553,-52.3359,-66.0611,-19.1145
299413.5511,318929,86,0.8477,0.3154,0.1367,-54.9924,-75.5115,-21.0992
299413.5511,318939,86,0.9019,0.3716,0.1077,-59.7099,-83.6947,-28.5038
299413.5511,318949,86,0.9778,0.3792,0.0786,-67.6794,-86.9924,-42.5038
299413.5511,318959,86,1.0862,0.3342,0.0334,-77.9542,-85.4351,-61.1756
299413.6118,318969,87,1.2166,0.2339,-0.0637,-88.0153,-77.3130,-81.6794
299413.6118,318979,87,1.3354,0.0984,-0.1672,-97.2214,-61.4198,-102.5496
299413.6118,318989,87,1.3872,-0.0215,-0.2571,-106.4427,-44.1221,-119.9237
299413.6118,318999,87,1.4209,-0.1631,-0.3501,-112.6565,-35.9389,-133.6031
299413.6118,319009,87,1.4817,-0.2703,-0.3911,-109.5420,-37.1298,-143.7252
299413.6118,319019,87,1.5208,-0.3259,-0.4062,-101.3588,-44.8092,-148.5344
299413.6118,319029,87,1.5171,-0.3582,-0.4109,-96.3511,-53.1908,-148.9771
299413.6118,319039,87,1.4683,-0.3872,-0.4067,-96.5802,-58.0916,-147.3435
299413.6118,319049,87,1.4258,-0.9150,-0.4949,-100.5344,-61.8931,-147.7710
299413.6118,319059,87,1.2854,-0.8621,-0.5417,-105.0382,-41.8168,-167.8168
299413.7317,319069,88,1.1680,-1.2761,-0.3545,-174.1832,-10.7786,-109.8779
299413.7317,319079,88,1.0994,-1.1233,-0.4590,-191.0992,-60.7939,-32.2901
299413.7317,319089,88,1.0042,-0.9844,-0.5850,-139.0076,-97.3740,-40.0611
299413.7317,319099,88,0.8726,-0.9434,-0.4543,-92.0305,-97.9084,-62.2443
299413.7317,319109,88,0.9773,-0.6875,-0.1360,-32.6412,-126.5191,-68.0153
299413.7317,319119,88,1.2004,-0.7937,0.0247,3.3435,-174.2443,-79.4809
299413.7317,319129,88,1.2781,-0.3103,0.0234,24.4275,-173.4198,-74.5954
299413.7317,319139,88,1.2041,-0.2449,-0.0691,-8.2595,-136.7939,-26.0611
299413.7317,319149,88,1.1006,-0.2385,-0.1089,-57.9237,-83.0229,-21.1756
299413.7317,319159,88,1.0940,-0.1069,-0.1475,-66.0611,-56.5802,-41.6641
299413.8521,319169,89,1.1851,-0.3401,-0.1589,-87.0382,-60.8702,-44.6107
299413.8521,319179,89,1.2998,-0.5369,-0.2083,-94.2901,-64.2290,-42.7786
299413.8521,319189,89,1.3186,-0.6213,-0.2007,-94.0458,-51.6336,-30.6718
299413.8521,319199,89,1.2495,-0.5032,-0.1074,-86.5496,-46.1679,-8.8550
299413.8521,319209,89,1.2053,-0.3887,-0.2825,-84.1527,-62.0611,14.4122
299413.8521,319219,89,1.1379,-0.3953,-0.3718,-96.0458,-72.3664,26.1069
299413.8521,319229,89,1.1516,-0.5222,-0.2727,-114.1832,-91.7710,29.4046
299413.8521,319239,89,1.2107,-0.6033,-0.1606,-115.6641,-130.8702,32.1679
299413.8521,319249,89,1.3352,-0.5005,0.0115,-104.6718,-158.6565,34.3511
299413.8521,319259,89,1.4333,-0.4141,0.1306,-107.5725,-158.9466,54.1832
299413.9118,319269,90,1.6047,-0.6128,0.3223,-113.8779,-139.4656,76.1832
299413.9118,319279,90,1.5146,-0.4844,0.3918,-72.6565,-80.3817,90.8855
299413.9118,319289,90,1.3694,-0.0144,0.1487,-42.6260,-26.1679,85.0076
299413.9118,319299,90,1.2610,-0.1501,-0.2007,-90.0458,40.5954,85.1603
299413.9118,319309,90,0.9243,-0.2498,-0.4253,-104.5038,117.3740,65.9695
299413.9118,319319,90,0.7336,-0.2456,-0.5840,-77.3130,148.2748,39.6183
299413.9118,319329,90,0.6265,-0.2839,-0.6533,-45.1908,134.5496,17.3282
299413.9118,319339,90,0.6162,-0.2676,-0.6631,-20.5038,94.2443,4.5954
299413.9118,319349,90,0.6841,-0.3103,-0.6667,-12.7939,49.8779,3.3282
299413.9118,319359,90,0.7224,-0.2981,-0.6519,-4.3664,23.5878,0.5038
299414.0308,319369,91,0.7227,-0.2339,-0.6152,9.4656,12.0153,-8.6412
299414.0308,319379,91,0.8030,-0.1758,-0.5225,23.5115,-1.1603,-21.7099
299414.0308,319389,91,0.9036,-0.1399,-0.4246,32.9618,-17.0229,-33.6336
299414.0308,319399,91,0.9797,-0.1377,-0.3232,33.1603,-25.7252,-41.8168
299414.0308,319409,91,1.0396,-0.1260,-0.2400,25.1145,-27.2061,-43.8015
299414.0308,319419,91,1.1084,-0.0801,-0.1599,11.7405,-25.8779,-39.6031
299414.0308,319429,91,1.1416,-0.0676,-0.1501,-6.1374,-22.1069,-32.3664
299414.0308,319439,91,1.1641,-0.1143,-0.1978,-23.9389,-6.6260,-28.3511
299414.0308,319449,91,1.1475,-0.1960,-0.2488,-37.0687,18.9313,-30.3206
299414.0308,319459,91,1.0896,-0.2959,-0.3220,-41.4046,43.1298,-36.2137
299414.1522,319469,92,1.0337,-0.3875,-0.3875,-34.5344,59.2672,-44.7481
299414.1522,319479,92,0.9795,-0.4565,-0.4312,-16.8855,68.4122,-55.6031
299414.1522,319489,92,0.9519,-0.5027,-0.4397,-0.0763,71.3435,-65.6183
299414.1522,319499,92,0.9346,-0.5483,-0.4246,11.4504,69.6489,-70.7786
299414.1522,319509,92,0.9365,-0.5813,-0.4258,18.6412,66.7634,-71.4809
299414.1522,319519,92,0.9287,-0.6440,-0.4536,19.9237,68.6718,-66.9771
299414.1522,319529,92,0.9158,-0.6599,-0.4370,18.4275,73.1298,-56.2748
299414.1522,319539,92,0.9265,-0.6926,-0.4338,11.2519,67.8168,-39.0382
299414.1522,319549,92,0.9573,-0.7466,-0.4194,-1.9847,58.3664,-19.5115
299414.1522,319559,92,0.9944,-0.7954,-0.4055,-15.4962,48.9924,0.5496
299414.2119,319569,93,1.0125,-0.8286,-0.3960,-24.0916,42.0611,21.0992
299414.2119,319579,93,1.0315,-0.8257,-0.3733,-24.7939,38.6107,38.3053
299414.2119,319589,93,1.0308,-0.8054,-0.3452,-21.6947,36.1221,53.5115
299414.2119,319599,93,1.0332,-0.7759,-0.3367,-17.4656,33.6183,66.9771
299414.2119,319609,93,1.0193,-0.7126,-0.3271,-11.1145,32.4580,77.8321
299414.2119,319619,93,1.0061,-0.6553,-0.2856,-4.8244,29.5267,83.2061
299414.2119,319629,93,1.0127,-0.6465,-0.2610,-0.8092,25.9847,86.0153
299414.2119,319639,93,1.0413,-0.6343,-0.2368,4.0305,27.5878,87.7405
299414.2119,319649,93,1.0491,-0.6057,-0.2124,10.1221,30.7481,90.5649
299414.2119,319659,93,1.0405,-0.5222,-0.2090,15.6794,31.4504,96.0611
299414.3320,319669,94,1.0366,-0.4392,-0.2290,16.6870,31.6031,103.0840
299414.3320,319679,94,1.0471,-0.3508,-0.2183,13.5725,34.2901,106.4275
299414.3320,319689,94,1.0806,-0.3818,-0.2246,-0.6107,32.8855,108.6260
299414.3320,319699,94,1.0752,-0.4194,-0.2417,-10.0458,34.6565,104.5038
299414.3320,319709,94,1.0645,-0.4004,-0.2515,-9.0534,37.1145,97.7252
299414.3320,319719,94,1.0574,-0.3962,-0.2556,-5.4809,36.5802,95.8168
299414.3320,319729,94,1.0549,-0.3604,-0.2622,-0.7634,36.3359,96.5649
299414.3320,319739,94,1.1057,-0.2747,-0.2749,1.7405,37.7557,99.3130
299414.3320,319749,94,1.1682,-0.1978,-0.3049,-1.2519,39.6641,103.5115
299414.3320,319759,94,1.2261,-0.1306,-0.3320,-9.2366,44.2595,105.8168
299414.4530,319769,95,1.2424,-0.0708,-0.3691,-19.2977,53.0687,106.3053
299414.4530,319779,95,1.2087,-0.0029,-0.4202,-33.5573,62.6412,104.6565
299414.4530,319789,95,1.1445,0.0095,-0.4668,-53.5115,69.5725,102.7023
299414.4530,319799,95,1.0107,0.0083,-0.5015,-72.0763,74.3206,96.5802
299414.4530,319809,95,0.8223,-0.0254,-0.4932,-88.6412,73.5878,84.8244
299414.4530,319819,95,0.6370,-0.0857,-0.4585,-102.3817,63.5725,69.9542
299414.4530,319829,95,0.4924,-0.1831,-0.4043,-110.6107,44.9313,55.3893
299414.4530,319839,95,0.4070,-0.2856,-0.3335,-110.3053,21.4656,44.3511
299414.4530,319849,95,0.3708,-0.3579,-0.2712,-97.6031,-1.2824,37.2214
299414.4530,319859,95,0.3958,-0.3826,-0.2451,-74.9924,-21.4656,32.4122
299414.5711,319869,96,0.4644,-0.3818,-0.2307,-48.2901,-35.9237,28.0000
299414.5711,319879,96,0.5488,-0.3457,-0.2190,-19.7863,-44.0763,22.7481
299414.5711,319889,96,0.6248,-0.2524,-0.1870,9.3435,-49.9237,16.2595
299414.5711,319899,96,0.7227,-0.1653,-0.1567,33.1145,-57.0229,9.9237
299414.5711,319909,96,0.8171,-0.0933,-0.1294,50.4885,-61.0229,4.6412
299414.5711,319919,96,0.8530,0.0081,-0.1099,64.2443,-58.4733,0.9008
299414.5711,319929,96,0.8704,0.1240,-0.1116,72.5802,-55.6031,-4.0153
299414.5711,319939,96,0.8853,0.2258,-0.1245,72.4580,-52.2595,-13.4962
299414.5711,319949,96,0.8816,0.2698,-0.1460,61.3130,-46.2137,-27.7099
299414.5711,319959,96,0.8801,0.2500,-0.1692,41.2061,-37.5115,-45.9695
299414.6921,319969,97,0.8860,0.1863,-0.1672,18.2595,-26.6260,-66.0611
299414.6921,319979,97,0.8892,0.0657,-0.1602,-4.0611,-19.5420,-83.7252
299414.6921,319989,97,0.9067,-0.0789,-0.1667,-21.6641,-17.2824,-96.2595
299414.6921,319999,97,0.8904,-0.1641,-0.1538,-29.6794,-13.5420,-102.1985
299414.6921,320009,97,0.8809,-0.2039,-0.1565,-33.3282,-12.1679,-104.2290
299414.6921,320019,97,0.8696,-0.2454,-0.1743,-42.1527,-11.6641,-104.4580
299414.6921,320029,97,0.8430,-0.3049,-0.1931,-55.7710,-10.1527,-101.2519
299414.6921,320039,97,0.8213,-0.3833,-0.2300,-68.9160,-9.6794,-94.7481
299414.6921,320049,97,0.8040,-0.4580,-0.2678,-76.1069,-9.9389,-87.0382
299414.6921,320059,97,0.7878,-0.5063,-0.2893,-74.8244,-12.3817,-78.6718
299414.7518,320069,98,0.7913,-0.5168,-0.3110,-65.8779,-18.6412,-69.9389
299414.7518,320079,98,0.8035,-0.4956,-0.3130,-53.0992,-26.5344,-62.7023
299414.7518,320089,98,0.8127,-0.4443,-0.3076,-40.2901,-32.6107,-58.8397
299414.7518,320099,98,0.8208,-0.3894,-0.2993,-30.2137,-37.8473,-58.9771
299414.7518,320109,98,0.8462,-0.3557,-0.2925,-23.4809,-43.6794,-63.1450
299414.7518,320119,98,0.8867,-0.3523,-0.2886,-19.2824,-48.2595,-70.0153
299414.7518,320129,98,0.9248,-0.3679,-0.2742,-16.4427,-51.4351,-76.2137
299414.7518,320139,98,0.9612,-0.3906,-0.2708,-14.4885,-54.8092,-80.3206
299414.7518,320149,98,1.0024,-0.4180,-0.2588,-12.7023,-57.0382,-82.5496
299414.7518,320159,98,1.0352,-0.4382,-0.2410,-10.6107,-57.8473,-83.6947
299414.8120,320169,99,1.0491,-0.4578,-0.2336,-9.2977,-57.8473,-83.2366
299414.8120,320179,99,1.0510,-0.4773,-0.2224,-9.2214,-57.4046,-81.6641
299414.8120,320189,99,1.0513,-0.4963,-0.2161,-8.2443,-56.8550,-80.1679
299414.8120,320199,99,1.0432,-0.5161,-0.2104,-5.6794,-56.9313,-78.8702
299414.8120,320209,99,1.0493,-0.5376,-0.2009,-1.6947,-57.5573,-77.3130
299414.8120,320219,99,1.0566,-0.5415,-0.1929,2.8550,-57.9542,-74.4427
299414.8120,320229,99,1.0671,-0.5442,-0.1814,7.5115,-57.7099,-70.6870
299414.8120,320239,99,1.0811,-0.5381,-0.1814,11.7405,-56.8397,-65.6641
299414.8120,320249,99,1.0947,-0.5303,-0.1729,15.1603,-55.0687,-59.8168
299414.8120,320259,99,1.1108,-0.5154,-0.1731,17.9084,-52.5038,-53.9542
299414.9318,320269,100,1.1287,-0.4939,-0.1797,20.0458,-49.2366,-48.3511
299414.9318,320279,100,1.1467,-0.4797,-0.1863,21.2366,-45.0840,-43.3588
299414.9318,320289,100,1.1577,-0.4656,-0.1892,21.3740,-40.5496,-38.8702
299414.9318,320299,100,1.1624,-0.4561,-0.1892,20.4275,-36.2901,-34.6260
299414.9318,320309,100,1.1633,-0.4539,-0.1936,18.6718,-32.0305,-30.2137
299414.9318,320319,100,1.1560,-0.4624,-0.2087,16.3664,-27.2366,-25.9847
299414.9318,320329,100,1.1431,-0.4775,-0.2195,14.3206,-21.8015,-21.7405
299414.9318,320339,100,1.1379,-0.4885,-0.2439,13.0382,-16.7786,-16.4275
299414.9318,320349,100,1.1870,-0.4817,-0.2871,12.9771,-13.6641,-9.4198
299414.9318,320359,100,1.2141,-0.4626,-0.3289,13.5878,-8.5496,-3.1450
299415.0520,320369,101,1.2068,-0.4399,-0.3572,14.8092,-2.2443,-1.0076
299415.0520,320379,101,1.2085,-0.4500,-0.3804,14.8702,-0.8702,-1.2061
299415.0520,320389,101,1.2000,-0.4658,-0.3955,17.8779,-0.1069,-2.7023
299415.0520,320399,101,1.1956,-0.4463,-0.4126,20.9771,0.5344,-4.2443
299415.0520,320409,101,1.1848,-0.4771,-0.4148,19.3130,1.1908,-2.8397
299415.0520,320419,101,1.1519,-0.4895,-0.4177,21.7557,2.5649,-3.2061
299415.0520,320429,101,1.1091,-0.4949,-0.4048,24.9008,3.6183,-4.0916
299415.0520,320439,101,1.0540,-0.5254,-0.4053,26.0763,4.2290,-3.1603
299415.0520,320449,101,1.0068,-0.5469,-0.3943,29.5115,4.0763,-1.7099
299415.0520,320459,101,0.9534,-0.5588,-0.3850,34.4733,6.8244,0.4580
299415.1111,320469,102,0.8994,-0.5596,-0.3792,39.6794,8.1985,4.4885
299415.1111,320479,102,0.8625,-0.5513,-0.3665,46.5649,6.5496,8.8702
299415.1111,320489,102,0.8401,-0.5413,-0.3765,53.9542,4.7176,12.5802
299415.1111,320499,102,0.8330,-0.5310,-0.3862,61.8626,4.0000,16.0000
299415.1111,320509,102,0.8425,-0.5188,-0.3933,70.5496,4.1832,19.3435
299415.1111,320519,102,0.8618,-0.4978,-0.4048,79.8321,4.8855,23.1298
299415.1111,320529,102,0.8914,-0.4548,-0.4280,89.0840,5.8015,27.2672
299415.1111,320539,102,0.9258,-0.4014,-0.4460,97.1908,6.8244,30.4580
299415.1111,320549,102,0.9685,-0.3503,-0.4709,102.3206,8.0000,32.0000
299415.1111,320559,102,1.0132,-0.3132,-0.4934,104.2290,9.8473,32.1374
299415.2320,320569,103,1.0525,-0.2888,-0.5161,103.9695,13.0687,31.2214
299415.2320,320579,103,1.0740,-0.2673,-0.5405,102.4733,17.9084,29.8168
299415.2320,320589,103,1.0850,-0.2607,-0.5662,99.8168,22.8855,28.5496
299415.2320,320599,103,1.0813,-0.2537,-0.5867,96.6260,27.4656,27.0076
299415.2320,320609,103,1.0564,-0.2598,-0.6030,93.9542,31.7863,24.9618
299415.2320,320619,103,1.0227,-0.2581,-0.6104,92.0153,34.7481,21.9847
299415.2320,320629,103,0.9758,-0.2798,-0.6111,88.4427,36.0153,19.5267
299415.2320,320639,103,0.9382,-0.3040,-0.6116,85.7405,34.9618,17.3893
299415.2320,320649,103,0.9060,-0.3176,-0.6104,84.2290,32.3359,16.1832
299415.2320,320659,103,0.8813,-0.3196,-0.5945,83.2519,28.8702,16.8244
299415.3511,320669,104,0.8701,-0.3105,-0.5862,81.5878,24.4427,18.5038
299415.3511,320679,104,0.8706,-0.3403,-0.5789,78.6107,19.9695,19.4809
299415.3511,320689,104,0.8557,-0.3638,-0.5786,76.1069,18.3817,20.8550
299415.3511,320699,104,0.8398,-0.3752,-0.5696,75.8931,15.9542,24.5496
299415.3511,320709,104,0.8342,-0.3755,-0.5652,77.7710,11.7863,29.1450
299415.3511,320719,104,0.8296,-0.3689,-0.5632,81.4504,7.6183,33.2672
299415.3511,320729,104,0.8289,-0.3469,-0.5461,86.5496,3.6336,36.6107
299415.3511,320739,104,0.8213,-0.3074,-0.5312,92.0000,-0.5496,38.5954
299415.3511,320749,104,0.8203,-0.2568,-0.5022,97.0076,-4.7023,38.3053
299415.3511,320759,104,0.8232,-0.2114,-0.4731,100.6718,-8.0611,35.4809
299415.4133,320769,105,0.8293,-0.1780,-0.4468,102.4122,-10.0916,30.8855
299415.4133,320779,105,0.8276,-0.1582,-0.4219,102.2443,-10.2901,25.5573
299415.4133,320789,105,0.8254,-0.1406,-0.4072,100.6412,-8.9008,20.3359
299415.4133,320799,105,0.8145,-0.1252,-0.3896,97.8321,-6.8244,15.6641
299415.4133,320809,105,0.8027,-0.1116,-0.3713,93.5878,-4.9160,10.9008
299415.4133,320819,105,0.7893,-0.1055,-0.3596,87.9695,-3.6183,6.2901
299415.4133,320829,105,0.7869,-0.1118,-0.3474,80.9771,-2.4885,2.1832
299415.4133,320839,105,0.7808,-0.1270,-0.3433,73.2977,-0.7023,-1.6489
299415.4133,320849,105,0.7717,-0.1499,-0.3374,65.7099,1.2061,-4.9008
299415.4133,320859,105,0.7659,-0.1675,-0.3420,59.0687,1.8626,-7.1450
299415.5330,320869,106,0.7593,-0.1797,-0.3442,53.7405,1.6947,-8.8550
299415.5330,320879,106,0.7622,-0.1912,-0.3406,49.0382,1.1908,-10.8550
299415.5330,320889,106,0.7673,-0.1970,-0.3374,44.6565,0.6260,-13.3435
299415.5330,320899,106,0.7803,-0.2136,-0.3396,40.6260,0.3359,-16.2137
299415.5330,320909,106,0.7915,-0.2310,-0.3423,37.3130,0.3053,-19.0534
299415.5330,320919,106,0.8064,-0.2405,-0.3406,34.9924,0.1832,-21.0687
299415.5330,320929,106,0.8279,-0.2485,-0.3447,32.4122,-0.0305,-23.0382
299415.5330,320939,106,0.8540,-0.2576,-0.3467,29.2519,-0.3206,-24.6107
299415.5330,320949,106,0.8770,-0.2603,-0.3545,25.4351,-0.5802,-25.3893
299415.5330,320959,106,0.8911,-0.2712,-0.3596,20.7023,-0.7939,-25.2672
299415.6541,320969,107,0.9001,-0.2764,-0.3601,15.6489,-0.7176,-24.4580
299415.6541,320979,107,0.8950,-0.2815,-0.3684,10.5802,-0.5496,-23.3435
299415.6541,320989,107,0.8843,-0.2917,-0.3740,5.7863,-1.1298,-21.9542
299415.6541,320999,107,0.8704,-0.2900,-0.3750,1.7557,-2.8550,-20.3359
299415.6541,321009,107,0.8665,-0.2908,-0.3806,-1.2824,-5.6489,-19.0229
299415.6541,321019,107,0.8923,-0.2781,-0.3875,-2.9008,-9.4351,-18.3511
299415.6541,321029,107,0.9316,-0.2607,-0.3936,-3.0840,-13.2214,-18.5802
299415.6541,321039,107,0.9570,-0.2385,-0.3992,-2.5496,-15.0076,-21.0382
299415.6541,321049,107,0.9861,-0.2297,-0.4114,-1.9237,-16.3206,-25.3282
299415.6541,321059,107,1.0198,-0.2449,-0.4314,-0.9313,-17.6489,-30.7786
299415.7124,321069,108,1.0466,-0.2637,-0.4495,2.2595,-18.6870,-37.3588
299415.7124,321079,108,1.0735,-0.2622,-0.4548,7.8931,-20.4427,-43.4351
299415.7124,321089,108,1.0845,-0.2683,-0.4500,14.0000,-23.8015,-49.8015
299415.7124,321099,108,1.0664,-0.2944,-0.4221,18.7481,-27.3588,-58.1985
299415.7124,321109,108,1.0278,-0.3340,-0.3840,22.9618,-31.3740,-65.7863
299415.7124,321119,108,0.9961,-0.3789,-0.3416,28.2901,-36.7786,-70.1069
299415.7124,321129,108,0.9541,-0.4119,-0.2883,35.0687,-42.0611,-72.3053
299415.7124,321139,108,0.9082,-0.4304,-0.2288,41.6489,-47.1603,-71.1603
299415.7124,321149,108,0.8721,-0.4412,-0.1719,46.7023,-53.1298,-65.8931
299415.7124,321159,108,0.8518,-0.4270,-0.1257,51.3130,-59.0687,-58.0458
299415.8321,321169,109,0.8442,-0.3850,-0.0801,54.7786,-64.6412,-47.7099
299415.8321,321179,109,0.8604,-0.3137,-0.0320,56.1679,-68.7786,-36.3969
299415.8321,321189,109,0.8862,-0.2214,0.0051,53.9237,-69.7863,-23.4962
299415.8321,321199,109,0.9221,-0.1619,0.0239,47.8473,-67.1145,-11.1908
299415.8321,321209,109,0.9478,-0.0925,0.0220,41.7252,-57.7405,-2.7634
299415.8321,321219,109,0.9490,-0.0271,-0.0007,35.4809,-46.1985,2.9160
299415.8321,321229,109,0.9880,0.0913,-0.0876,23.7710,-30.2748,0.2748
299415.8321,321239,109,0.9880,0.0913,-0.0876,23.7710,-30.2748,0.2748
299415.8321,321249,109,0.9990,0.1140,-0.1450,16.5802,-22.0763,-11.2672
299415.8321,321259,109,0.9993,0.1008,-0.2024,9.0229,-12.7176,-29.0229
299416.0121,321269,110,0.9856,0.0405,-0.2485,1.1603,-3.2366,-50.6718
299416.0121,321279,110,0.9675,-0.0620,-0.2944,-4.3969,2.8092,-71.9389
299416.0121,321289,110,0.9573,-0.1924,-0.3254,-5.8168,3.8626,-90.3206
299416.0121,321299,110,0.9434,-0.2998,-0.3311,-1.7863,0.7481,-103.2519
299416.0121,321309,110,0.9236,-0.3582,-0.3096,7.4504,-7.1298,-109.5115
299416.0121,321319,110,0.9480,-0.3650,-0.2781,18.6107,-19.4504,-110.2137
299416.0121,321329,110,0.9863,-0.3484,-0.2422,27.5573,-29.2977,-108.0458
299416.0121,321339,110,1.0000,-0.3308,-0.2122,32.8092,-32.3511,-106.2443
299416.0121,321349,110,1.0315,-0.3430,-0.1895,35.1450,-31.6183,-103.9237
299416.0121,321359,110,1.0559,-0.3660,-0.1816,37.1298,-28.9618,-99.7863
299416.0129,321369,111,1.0627,-0.3669,-0.1797,41.2672,-25.5420,-93.0534
299416.0129,321379,111,1.0632,-0.3335,-0.1763,46.7481,-22.7481,-84.0916
299416.0129,321389,111,1.0466,-0.2808,-0.1875,50.0611,-21.1145,-74.7481
299416.0129,321399,111,1.0239,-0.2234,-0.1946,51.0076,-20.3817,-68.0611
299416.0129,321409,111,1.0071,-0.1931,-0.2095,50.5344,-19.2519,-65.9084
299416.0129,321419,111,0.9941,-0.1931,-0.2329,48.8092,-17.6641,-66.2443
299416.0129,321429,111,0.9749,-0.2046,-0.2500,47.8626,-16.1527,-66.6412
299416.0129,321439,111,0.9666,-0.2100,-0.2651,49.0076,-17.6641,-65.9389
299416.0129,321449,111,0.9604,-0.2034,-0.2705,52.2137,-21.4809,-65.5267
299416.0129,321459,111,0.9678,-0.1973,-0.2664,56.5496,-25.5725,-65.9847
299416.1313,321469,112,0.9783,-0.1860,-0.2532,60.7023,-28.4122,-67.2977
299416.1313,321479,112,0.9849,-0.1858,-0.2463,63.9389,-29.0534,-69.2672
299416.1313,321489,112,0.9944,-0.1877,-0.2378,66.9618,-28.7939,-71.7252
299416.1313,321499,112,1.0095,-0.2014,-0.2312,70.0763,-28.2290,-74.3817
299416.1313,321509,112,1.0181,-0.2251,-0.2312,73.0382,-27.3435,-76.0458
299416.1313,321519,112,1.0237,-0.2231,-0.2180,75.9237,-26.2748,-75.6947
299416.1313,321529,112,1.0271,-0.2051,-0.2168,78.3511,-24.8397,-73.5725
299416.1313,321539,112,1.0288,-0.2024,-0.2256,78.8702,-22.4580,-71.2824
299416.1313,321549,112,1.0122,-0.2107,-0.2456,77.8931,-17.5115,-70.2290
299416.1313,321559,112,0.9890,-0.2295,-0.2607,76.6107,-13.9237,-68.4275
299416.2509,321569,113,0.9661,-0.2463,-0.2778,76.3511,-13.5267,-65.4962
299416.2509,321579,113,0.9587,-0.2551,-0.2800,77.2061,-14.8702,-61.8321
299416.2509,321589,113,0.9509,-0.2458,-0.2803,78.3664,-16.3511,-57.5420
299416.2509,321599,113,0.9553,-0.2302,-0.2812,78.2595,-17.5420,-52.4275
299416.2509,321609,113,0.9619,-0.2249,-0.2915,77.1756,-17.4198,-48.0153
299416.2509,321619,113,0.9509,-0.2317,-0.3027,76.2443,-14.6870,-45.1145
299416.2509,321629,113,0.9294,-0.2351,-0.3281,75.4962,-11.3435,-42.4122
299416.2509,321639,113,0.9229,-0.2329,-0.3618,75.6031,-10.0305,-39.2977
299416.2509,321649,113,0.9153,-0.2380,-0.3979,76.7634,-9.6794,-36.9924
299416.2509,321659,113,0.9119,-0.2366,-0.4167,79.6794,-8.8397,-35.4962
299416.3116,321669,114,0.9011,-0.2012,-0.4534,85.0382,-8.7634,-33.2824
299416.3116,321679,114,0.8887,-0.1423,-0.4863,91.3893,-8.8244,-31.0076
299416.3116,321689,114,0.8740,-0.0850,-0.5205,96.0000,-8.6870,-31.1756
299416.3116,321699,114,0.8904,-0.0586,-0.5359,97.5267,-12.2901,-34.3511
299416.3116,321709,114,0.9307,-0.0527,-0.5547,99.3130,-18.6870,-40.2443
299416.3116,321719,114,0.9817,-0.0522,-0.5623,103.2214,-24.3817,-47.0076
299416.3116,321729,114,1.0359,-0.0510,-0.5593,108.8855,-27.7099,-53.3740
299416.3116,321739,114,1.0723,-0.0515,-0.5488,114.3817,-27.4809,-59.5878
299416.3116,321749,114,1.0923,-0.0481,-0.5278,117.0076,-25.3893,-64.6107
299416.3116,321759,114,1.0823,-0.0571,-0.5032,115.5878,-22.6412,-66.1221
299416.4319,321769,115,1.0437,-0.0769,-0.4839,110.6412,-18.9160,-63.9695
299416.4319,321779,115,0.9993,-0.0928,-0.4819,105.0687,-13.8473,-60.3817
299416.4319,321789,115,0.9419,-0.1072,-0.4758,99.7099,-8.9008,-54.3206
299416.4319,321799,115,0.8918,-0.1174,-0.4832,94.3206,-6.6107,-47.0840
299416.4319,321809,115,0.8591,-0.1372,-0.5000,90.1832,-5.6489,-40.4275
299416.4319,321819,115,0.8325,-0.1514,-0.5146,89.0534,-4.7939,-35.5725
299416.4319,321829,115,0.8135,-0.1550,-0.5286,92.0763,-4.5191,-32.6718
299416.4319,321839,115,0.8013,-0.1450,-0.5393,98.2137,-4.4733,-31.4198
299416.4319,321849,115,0.7971,-0.1272,-0.5547,105.7252,-4.3817,-31.6336
299416.4319,321859,115,0.8074,-0.1113,-0.5610,114.0305,-4.9313,-34.0611
299416.5515,321869,116,0.8171,-0.0911,-0.5679,120.7634,-3.3740,-38.6870
299416.5515,321879,116,0.8186,-0.0884,-0.5891,124.2137,-0.6412,-43.0992
299416.5515,321889,116,0.8198,-0.1011,-0.5996,126.2443,1.3435,-46.9160
299416.5515,321899,116,0.8137,-0.1147,-0.6035,127.9389,3.5115,-49.8168
299416.5515,321909,116,0.8123,-0.1245,-0.6165,130.8397,4.4275,-51.9542
299416.5515,321919,116,0.8115,-0.1267,-0.6255,131.9084,3.8015,-53.2214
299416.5515,321929,116,0.8098,-0.1418,-0.6233,130.6412,2.2443,-53.6336
299416.5515,321939,116,0.8147,-0.1609,-0.6233,129.9389,-0.2137,-54.2595
299416.5515,321949,116,0.8184,-0.1858,-0.6270,129.5115,-2.5344,-55.1145
299416.5515,321959,116,0.8284,-0.2185,-0.6250,130.5344,-4.2748,-56.4275
299416.6113,321969,117,0.8369,-0.2434,-0.6282,134.2137,-4.7786,-57.8626
299416.6113,321979,117,0.8398,-0.2595,-0.6306,138.3817,-4.9313,-58.3359
299416.6113,321989,117,0.8425,-0.2625,-0.6284,143.6947,-5.1298,-58.4580
299416.6113,321999,117,0.8464,-0.2500,-0.6189,148.5649,-5.2366,-58.3206
299416.6113,322009,117,0.8550,-0.2341,-0.6118,151.5573,-6.3817,-56.9160
299416.6113,322019,117,0.8704,-0.2146,-0.5945,152.4275,-8.5496,-54.8397
299416.6113,322029,117,0.8865,-0.1919,-0.5835,151.7557,-9.8321,-52.8550
299416.6113,322039,117,0.9033,-0.1714,-0.5764,149.6031,-9.6183,-50.8550
299416.6113,322049,117,0.9163,-0.1545,-0.5798,145.4351,-8.1527,-49.6947
299416.6113,322059,117,0.9287,-0.1560,-0.5801,139.3130,-6.1221,-49.5115
299416.7317,322069,118,0.9470,-0.1797,-0.5935,132.7328,-4.5344,-49.5115
299416.7317,322079,118,0.9614,-0.2166,-0.6082,128.0153,-2.7786,-49.7099
299416.7317,322089,118,0.9668,-0.2449,-0.6182,125.8931,-0.0458,-49.6794
299416.7317,322099,118,0.9592,-0.2607,-0.6208,124.6412,1.9542,-48.1069
299416.7317,322109,118,0.9521,-0.2722,-0.6174,123.9389,2.4122,-45.4962
299416.7317,322119,118,0.9370,-0.2783,-0.6133,123.5420,2.8550,-43.5267
299416.7317,322129,118,0.9216,-0.2913,-0.6008,122.5038,4.2595,-41.3282
299416.7317,322139,118,0.9058,-0.3103,-0.5986,121.3740,6.0458,-38.3511
299416.7317,322149,118,0.8843,-0.3174,-0.5974,121.0382,7.6947,-34.6870
299416.7317,322159,118,0.8650,-0.3162,-0.5959,121.5420,8.3206,-30.3817
299416.8521,322169,119,0.8645,-0.3081,-0.6003,122.5954,7.9695,-26.3359
299416.8521,322179,119,0.8618,-0.2959,-0.6016,123.6489,7.3435,-22.5649
299416.8521,322189,119,0.8633,-0.2812,-0.6011,124.3206,6.2901,-18.9618
299416.8521,322199,119,0.8738,-0.2622,-0.5959,124.5802,5.2214,-15.8779
299416.8521,322209,119,0.8838,-0.2458,-0.5967,124.3969,4.3969,-13.5267
299416.8521,322219,119,0.9026,-0.2368,-0.5945,123.9389,3.7099,-12.1985
299416.8521,322229,119,0.9138,-0.2397,-0.5891,123.2519,4.2137,-11.9695
299416.8521,322239,119,0.9272,-0.2527,-0.5857,122.1374,5.3893,-11.8779
299416.8521,322249,119,0.9365,-0.2798,-0.5913,121.2061,6.2748,-11.7710
299416.8521,322259,119,0.9446,-0.3032,-0.5847,121.2214,7.9084,-11.7863
299416.9117,322269,120,0.9492,-0.3284,-0.5742,121.2977,10.3206,-10.2748
299416.9117,322279,120,0.9482,-0.3486,-0.5642,120.6107,13.2519,-7.9084
299416.9117,322289,120,0.9397,-0.3521,-0.5566,119.6794,15.9084,-4.7328
299416.9117,322299,120,0.9316,-0.3484,-0.5469,117.7405,15.8626,-0.5802
299416.9117,322309,120,0.9421,-0.3599,-0.5405,114.0153,14.0458,3.9695
299416.9117,322319,120,0.9377,-0.3657,-0.5210,110.5649,13.8779,9.6031
299416.9117,322329,120,0.9399,-0.3628,-0.5054,107.6794,13.2977,16.5344
299416.9117,322339,120,0.9509,-0.3569,-0.4956,105.3588,12.3053,22.6565
299416.9117,322349,120,0.9526,-0.3416,-0.4763,104.3511,12.6718,26.9924
299416.9117,322359,120,0.9648,-0.3340,-0.4614,103.8779,13.0382,29.6489
299417.0313,322369,121,0.9846,-0.3315,-0.4529,103.5420,14.9313,30.2137
299417.0313,322379,121,0.9868,-0.3364,-0.4441,104.0305,19.3435,29.4046
299417.0313,322389,121,0.9802,-0.3401,-0.4417,104.5954,22.9618,29.1756
299417.0313,322399,121,0.9839,-0.3374,-0.4492,105.2214,25.2672,29.8626
299417.0313,322409,121,0.9778,-0.3306,-0.4509,105.4504,26.8092,31.3282
299417.0313,322419,121,0.9800,-0.3142,-0.4548,104.2595,26.2595,33.6031
299417.0313,322429,121,0.9893,-0.3059,-0.4568,100.8855,24.5038,36.6107
299417.0313,322439,121,0.9895,-0.2871,-0.4448,96.6718,22.8092,39.8931
299417.0313,322449,121,0.9961,-0.2603,-0.4302,92.2748,20.2137,43.4809
299417.0313,322459,121,1.0171,-0.2302,-0.4192,87.6183,16.6870,46.8092
299417.1520,322469,122,1.0317,-0.1978,-0.4124,82.9008,14.8092,48.5344
299417.1520,322479,122,1.0371,-0.1663,-0.4055,77.7557,15.0992,48.0458
299417.1520,322489,122,1.0269,-0.1526,-0.3945,71.6183,16.3206,46.2443
299417.1520,322499,122,1.0007,-0.1553,-0.3823,65.6183,16.9924,43.5878
299417.1520,322509,122,0.9668,-0.1550,-0.3701,61.2061,16.8244,40.3511
299417.1520,322519,122,0.9316,-0.1538,-0.3481,58.1374,15.3282,37.7405
299417.1520,322529,122,0.9028,-0.1511,-0.3264,56.2748,13.4656,35.3740
299417.1520,322539,122,0.8738,-0.1511,-0.3069,54.6412,11.6641,32.7939
299417.1520,322549,122,0.8525,-0.1541,-0.2917,52.9924,9.7557,30.9008
299417.1520,322559,122,0.8440,-0.1550,-0.2681,52.2901,7.4504,29.1298
299417.2113,322569,123,0.8477,-0.1406,-0.2480,51.5878,5.5878,28.4580
299417.2113,322579,123,0.8564,-0.1082,-0.2205,49.1298,5.1908,30.9771
299417.2113,322589,123,0.8721,-0.0818,-0.2078,44.5038,5.6794,34.7176
299417.2113,322599,123,0.8962,-0.0679,-0.2002,39.0229,7.5725,37.3588
299417.2113,322609,123,0.8892,-0.0891,-0.1985,34.4733,11.4351,38.2443
299417.2113,322619,123,0.8975,-0.0386,-0.2095,33.2061,14.3817,36.4275
299417.2113,322629,123,0.8901,0.0366,-0.2539,29.4809,16.6565,43.3740
299417.2113,322639,123,0.8623,0.0935,-0.2817,25.2824,15.5267,44.7634
299417.2113,322649,123,0.8389,0.1628,-0.2776,20.6412,11.0992,33.8321
299417.2113,322659,123,0.8169,0.1816,-0.2471,10.7634,7.1603,21.9542
299417.3309,322669,124,0.8333,0.1682,-0.2273,-1.4962,2.9313,7.3282
299417.3309,322679,124,0.8286,0.1094,-0.2190,-15.0687,1.8473,-7.3130
299417.3309,322689,124,0.8049,0.0259,-0.2263,-27.9389,4.9771,-20.2748
299417.3309,322699,124,0.7854,-0.0586,-0.2310,-38.2748,7.2214,-31.1450
299417.3309,322709,124,0.7671,-0.1306,-0.2246,-45.7405,4.7939,-37.2061
299417.3309,322719,124,0.7749,-0.1855,-0.2209,-48.0305,-2.2443,-38.8550
299417.3309,322729,124,0.8062,-0.2124,-0.2197,-47.6489,-9.0229,-38.4733
299417.3309,322739,124,0.8174,-0.2290,-0.2122,-47.8168,-12.5496,-37.2366
299417.3309,322749,124,0.8274,-0.2310,-0.2097,-48.6412,-14.7176,-35.5725
299417.3309,322759,124,0.8347,-0.2361,-0.2200,-49.9084,-16.4580,-33.9695
299417.4520,322769,125,0.8386,-0.2361,-0.2336,-50.2595,-17.2977,-33.6336
299417.4520,322779,125,0.8298,-0.2302,-0.2407,-49.1298,-18.3359,-35.0076
299417.4520,322789,125,0.8337,-0.2214,-0.2578,-46.9466,-20.9160,-38.4580
299417.4520,322799,125,0.8418,-0.2192,-0.2710,-43.9237,-24.1527,-44.1985
299417.4520,322809,125,0.8623,-0.2278,-0.2798,-40.1527,-27.8168,-51.2214
299417.4520,322819,125,0.8887,-0.2390,-0.2812,-35.9084,-32.0611,-58.1527
299417.4520,322829,125,0.9158,-0.2451,-0.2722,-31.8321,-36.6565,-64.4885
299417.4520,322839,125,0.9431,-0.2563,-0.2595,-28.7328,-40.7786,-69.5573
299417.4520,322849,125,0.9658,-0.2607,-0.2485,-26.3817,-43.5878,-73.1756
299417.4520,322859,125,0.9795,-0.2664,-0.2349,-26.2748,-46.0611,-75.7099
299417.5120,322869,126,0.9924,-0.2886,-0.2246,-28.9160,-48.2137,-76.9924
299417.5120,322879,126,1.0061,-0.3149,-0.2141,-31.7557,-50.3511,-77.2366
299417.5120,322889,126,1.0166,-0.3320,-0.2170,-33.8321,-51.9084,-76.8092
299417.5120,322899,126,1.0266,-0.3540,-0.2134,-36.4580,-53.2977,-75.8015
299417.5120,322909,126,1.0366,-0.3855,-0.2058,-36.5496,-55.0076,-74.8702
299417.5120,322919,126,1.0625,-0.3918,-0.1946,-33.9695,-55.6031,-74.3511
299417.5120,322929,126,1.0676,-0.4121,-0.1843,-32.4122,-54.2748,-72.4580
299417.5120,322939,126,1.0754,-0.4221,-0.1826,-29.2214,-52.8092,-70.8702
299417.5120,322949,126,1.0906,-0.4219,-0.1748,-25.7557,-51.2519,-69.2061
299417.5120,322959,126,1.1008,-0.4211,-0.1670,-23.8626,-48.6870,-66.9466
299417.6320,322969,127,1.1055,-0.4297,-0.1660,-23.3588,-45.1450,-64.0611
299417.6320,322979,127,1.1082,-0.4380,-0.1626,-23.4962,-41.5115,-60.8397
299417.6320,322989,127,1.1089,-0.4448,-0.1587,-23.8626,-37.7405,-56.8397
299417.6320,322999,127,1.1143,-0.4465,-0.1602,-24.2443,-34.3969,-52.2443
299417.6320,323009,127,1.1155,-0.4487,-0.1587,-25.7405,-31.0076,-46.7176
299417.6320,323019,127,1.1174,-0.4497,-0.1687,-28.0763,-27.1145,-40.7939
299417.6320,323029,127,1.1086,-0.4575,-0.1780,-30.2595,-22.7176,-34.7786
299417.6320,323039,127,1.0952,-0.4658,-0.1929,-31.8321,-17.7863,-29.0534
299417.6320,323049,127,1.0820,-0.4719,-0.2034,-32.7176,-13.5115,-23.3435
299417.6320,323059,127,1.0654,-0.4731,-0.2109,-32.7939,-10.4275,-17.4046
299417.7519,323069,128,1.0537,-0.4670,-0.2166,-32.7176,-9.0382,-11.4046
299417.7519,323079,128,1.0479,-0.4668,-0.2139,-32.9160,-8.6412,-5.5573
299417.7519,323089,128,1.0427,-0.4614,-0.2178,-33.1145,-7.2214,-0.0305
299417.7519,323099,128,1.0254,-0.4570,-0.2300,-33.0840,-4.4122,4.8397
299417.7519,323109,128,1.0081,-0.4546,-0.2500,-32.7786,-1.6794,8.8092
299417.7519,323119,128,0.9827,-0.4529,-0.2686,-31.4198,0.4885,11.8779
299417.7519,323129,128,0.9631,-0.4619,-0.2871,-28.9466,1.1450,14.0763
299417.7519,323139,128,0.9436,-0.4634,-0.3049,-24.6718,0.4885,14.8092
299417.7519,323149,128,0.9302,-0.4653,-0.3071,-18.5649,-1.2824,14.5649
299417.7519,323159,128,0.9253,-0.4636,-0.3149,-11.1145,-3.7863,14.3206
299417.8119,323169,129,0.9636,-0.4399,-0.3293,-2.5649,-6.5649,14.3206
299417.8119,323179,129,1.0024,-0.4092,-0.3430,5.8473,-8.0611,14.0763
299417.8119,323189,129,1.0146,-0.3740,-0.3445,12.9008,-7.0382,11.1145
299417.8119,323199,129,1.0488,-0.3560,-0.3567,17.3893,-8.1221,7.4504
299417.8119,323209,129,1.1262,-0.3540,-0.3816,23.6947,-7.7710,-0.1069
299417.8119,323219,129,1.1638,-0.3525,-0.3972,26.2443,-6.5496,-2.6260
299417.8119,323229,129,1.1843,-0.3574,-0.4102,27.4809,-4.5191,-4.6565
299417.8119,323239,129,1.1746,-0.3743,-0.4141,26.9466,-1.6031,-6.7176
299417.8119,323249,129,1.1492,-0.4226,-0.4099,24.5344,0.3817,-7.0534
299417.8119,323259,129,1.1052,-0.4749,-0.4153,22.1374,1.5725,-4.9008
299417.9329,323269,130,1.0564,-0.5229,-0.4084,21.0840,2.7328,-0.3817
299417.9329,323279,130,1.0066,-0.5540,-0.4041,21.1756,2.4580,5.6183
299417.9329,323289,130,0.9463,-0.5703,-0.3960,22.2137,1.2672,12.5038
299417.9329,323299,130,0.8911,-0.5854,-0.3906,25.2672,-0.9313,19.5878
299417.9329,323309,130,0.8667,-0.6255,-0.3918,31.9237,-3.8168,25.6336
299417.9329,323319,130,0.8569,-0.6370,-0.3909,44.4580,-5.7252,32.3511
299417.9329,323329,130,0.8687,-0.6030,-0.3848,61.4046,-9.3893,40.3511
299417.9329,323339,130,0.9084,-0.5291,-0.3701,79.3588,-13.7557,46.1374
299417.9329,323349,130,0.9602,-0.4602,-0.3635,95.1298,-16.1374,48.5649
299417.9329,323359,130,1.0256,-0.3940,-0.3579,108.1679,-15.8626,48.3206
299418.0510,323369,131,1.0903,-0.3394,-0.3562,118.5802,-12.6107,45.9847
299418.0510,323379,131,1.1448,-0.2976,-0.3682,125.9847,-7.3893,42.9466
299418.0510,323389,131,1.1760,-0.2471,-0.3789,130.1221,-1.1450,40.3817
299418.0510,323399,131,1.1975,-0.2092,-0.4006,130.0763,5.7557,37.7252
299418.0510,323409,131,1.1904,-0.1943,-0.4316,125.0687,13.9847,34.3969
299418.0510,323419,131,1.1553,-0.2061,-0.4446,117.0992,22.2595,31.3740
299418.0510,323429,131,1.1167,-0.2358,-0.4524,107.8321,27.1756,29.8321
299418.0510,323439,131,1.0757,-0.2764,-0.4622,98.4427,29.1603,29.8015
299418.0510,323449,131,1.0361,-0.3113,-0.4604,90.3053,30.3206,31.5420
299418.0510,323459,131,1.0071,-0.3252,-0.4561,82.8550,29.2519,35.5878
299418.1118,323469,132,0.9885,-0.3352,-0.4490,75.6489,25.4809,40.9008
299418.1118,323479,132,0.9915,-0.3630,-0.4287,68.0305,21.4351,45.1756
299418.1118,323489,132,0.9832,-0.3901,-0.4172,59.8168,19.3588,50.2137
299418.1118,323499,132,0.9863,-0.4116,-0.4136,53.0687,17.8321,57.1450
299418.1118,323509,132,0.9998,-0.4285,-0.4155,48.8550,16.4733,64.3664
299418.1118,323519,132,1.0037,-0.4458,-0.4287,47.7099,16.3359,70.0916
299418.1118,323529,132,1.0024,-0.4553,-0.4370,50.3359,16.5954,73.6336
299418.1118,323539,132,1.0027,-0.4556,-0.4375,56.5649,16.9160,74.8702
299418.1118,323549,132,0.9951,-0.4460,-0.4365,64.9771,17.1450,74.0000
299418.1118,323559,132,0.9919,-0.4243,-0.4221,73.9237,17.1756,72.2901
299418.2332,323569,133,0.9858,-0.3879,-0.4041,81.8473,16.9618,70.3206
299418.2332,323579,133,0.9731,-0.3499,-0.3772,87.1145,16.9160,68.0763
299418.2332,323589,133,0.9617,-0.3181,-0.3499,88.7481,17.5267,65.8168
299418.2332,323599,133,0.9421,-0.2954,-0.3315,87.1145,18.8550,63.6489
299418.2332,323609,133,0.9258,-0.2830,-0.3113,83.0840,20.3817,62.0153
299418.2332,323619,133,0.9194,-0.2754,-0.2993,77.8473,21.7405,60.9466
299418.2332,323629,133,0.9106,-0.2783,-0.2849,71.6947,22.4885,59.8931
299418.2332,323639,133,0.8975,-0.2773,-0.2659,65.0534,22.2443,58.9160
299418.2332,323649,133,0.8960,-0.2771,-0.2480,58.0153,20.7786,57.9389
299418.2332,323659,133,0.8899,-0.2979,-0.2280,50.6870,20.0611,56.4733
299418.3514,323669,134,0.8865,-0.3081,-0.2078,44.1069,21.0076,56.1679
299418.3514,323679,134,0.8767,-0.3145,-0.1980,38.1374,22.1374,56.9618
299418.3514,323689,134,0.8711,-0.3201,-0.1841,32.3359,23.7099,57.8015
299418.3514,323699,134,0.8569,-0.3269,-0.1836,27.2214,26.2137,58.4427
299418.3514,323709,134,0.8438,-0.3257,-0.1938,23.6031,29.4198,58.4275
299418.3514,323719,134,0.8215,-0.3250,-0.1931,21.4962,32.7634,57.0992
299418.3514,323729,134,0.7954,-0.3210,-0.2053,19.6641,35.0992,54.6107
299418.3514,323739,134,0.7683,-0.3254,-0.2168,17.7099,36.2595,51.1908
299418.3514,323749,134,0.7473,-0.3223,-0.2231,16.4733,36.2443,46.7786
299418.3514,323759,134,0.7302,-0.3230,-0.2256,15.6794,34.3359,41.2672
299418.4109,323769,135,0.7188,-0.3359,-0.2117,14.5802,31.3130,35.4046
299418.4109,323779,135,0.7080,-0.3452,-0.1946,13.7099,28.0916,30.4122
299418.4109,323789,135,0.7024,-0.3413,-0.1677,13.0992,24.7634,26.1374
299418.4109,323799,135,0.7129,-0.3303,-0.1489,11.9847,21.0229,22.2748
299418.4109,323809,135,0.7476,-0.3069,-0.1267,10.1832,17.8168,19.6641
299418.4109,323819,135,0.7734,-0.2605,-0.1189,7.0229,17.2672,17.8168
299418.4109,323829,135,0.7815,-0.2070,-0.1079,1.2366,20.0305,14.2137
299418.4109,323839,135,0.7771,-0.1780,-0.1189,-8.7481,22.4885,8.9466
299418.4109,323849,135,0.7664,-0.1887,-0.1416,-21.9847,24.8244,1.9237
299418.4109,323859,135,0.7607,-0.2275,-0.1687,-34.8092,27.6794,-6.1832
299418.5324,323869,136,0.7578,-0.2617,-0.2041,-44.5954,29.2824,-13.1145
299418.5324,323879,136,0.7480,-0.2949,-0.2261,-52.5038,28.4733,-18.4885
299418.5324,323889,136,0.7454,-0.3284,-0.2517,-58.8397,25.8779,-24.1069
299418.5324,323899,136,0.7461,-0.3728,-0.2698,-63.8779,22.6412,-30.7328
299418.5324,323909,136,0.7458,-0.4258,-0.2781,-67.5420,18.3817,-38.1069
299418.5324,323919,136,0.7551,-0.4841,-0.2664,-69.5878,13.1145,-44.5344
299418.5324,323929,136,0.7524,-0.5049,-0.2488,-68.9466,8.1985,-49.0076
299418.5324,323939,136,0.7634,-0.5530,-0.2263,-67.4962,3.6336,-51.8015
299418.5324,323949,136,0.7646,-0.5798,-0.2043,-64.8855,1.1756,-51.6336
299418.5324,323959,136,0.7463,-0.5681,-0.1743,-60.7328,-1.3893,-48.0458
299418.6512,323969,137,0.7363,-0.5288,-0.1497,-56.7328,-5.3588,-43.3130
299418.6512,323979,137,0.7324,-0.4761,-0.1196,-53.3588,-8.5802,-40.4122
299418.6512,323989,137,0.7349,-0.4380,-0.0906,-51.8473,-9.6336,-39.1756
299418.6512,323999,137,0.7422,-0.4216,-0.0803,-51.9389,-9.5267,-38.5954
299418.6512,324009,137,0.7463,-0.4082,-0.0706,-52.1832,-8.4427,-37.4198
299418.6512,324019,137,0.7400,-0.3621,-0.0593,-50.9618,-7.5725,-35.0382
299418.6512,324029,137,0.7568,-0.3115,-0.0505,-50.9008,-8.5191,-33.4809
299418.6512,324039,137,0.7817,-0.2734,-0.0547,-53.3282,-7.8779,-33.3435
299418.6512,324049,137,0.8005,-0.2410,-0.0657,-57.5573,-4.9924,-34.0305
299418.6512,324059,137,0.8223,-0.2197,-0.0996,-63.1450,-1.2366,-35.7863
299418.7116,324069,138,0.8506,-0.2058,-0.1387,-69.3130,2.4427,-38.3053
299418.7116,324079,138,0.8884,-0.1948,-0.1741,-75.1298,5.0687,-41.7863
299418.7116,324089,138,0.9260,-0.1882,-0.2078,-80.3511,6.1832,-45.4656
299418.7116,324099,138,0.9731,-0.1807,-0.2363,-85.1756,5.3893,-48.9313
299418.7116,324109,138,1.0195,-0.1707,-0.2615,-90.4580,3.9084,-52.4885
299418.7116,324119,138,1.0635,-0.1704,-0.2778,-97.1908,3.4198,-56.3206
299418.7116,324129,138,1.0908,-0.1758,-0.3005,-104.5496,4.2901,-60.7481
299418.7116,324139,138,1.0986,-0.2014,-0.3223,-112.2595,5.6794,-66.0153
299418.7116,324149,138,1.0984,-0.2468,-0.3416,-119.4351,7.1298,-71.3282
299418.7116,324159,138,1.0874,-0.3071,-0.3618,-124.6565,7.8321,-75.8168
299418.8322,324169,139,1.0859,-0.3711,-0.3745,-127.4046,6.8855,-78.3817
299418.8322,324179,139,1.0825,-0.4211,-0.3755,-127.7405,4.0153,-77.5573
299418.8322,324189,139,1.0867,-0.4578,-0.3584,-126.3817,-0.2290,-73.4504
299418.8322,324199,139,1.0933,-0.4729,-0.3506,-124.0611,-3.7557,-67.8168
299418.8322,324209,139,1.1018,-0.4775,-0.3411,-121.9695,-5.3130,-61.4809
299418.8322,324219,139,1.1023,-0.4829,-0.3315,-121.0076,-4.7939,-54.8244
299418.8322,324229,139,1.1033,-0.4878,-0.3313,-120.1221,-3.6031,-47.6794
299418.8322,324239,139,1.1025,-0.4775,-0.3257,-118.3969,-2.1679,-39.8321
299418.8322,324249,139,1.0952,-0.4631,-0.3293,-116.0916,-0.0153,-33.0076
299418.8322,324259,139,1.0850,-0.4490,-0.3333,-114.2137,2.3206,-27.6794
299418.9519,324269,140,1.0725,-0.4380,-0.3506,-112.5038,4.9313,-23.5420
299418.9519,324279,140,1.0569,-0.4341,-0.3635,-110.4427,7.4962,-20.5496
299418.9519,324289,140,1.0303,-0.4331,-0.3794,-107.4656,9.1450,-18.3969
299418.9519,324299,140,1.0056,-0.4434,-0.3896,-103.5267,9.4198,-16.6260
299418.9519,324309,140,0.9819,-0.4399,-0.3877,-98.0305,8.2443,-15.4198
299418.9519,324319,140,0.9551,-0.4358,-0.3870,-94.2137,6.8092,-14.0000
299418.9519,324329,140,0.9302,-0.4453,-0.3789,-90.9160,5.8168,-12.2290
299418.9519,324339,140,0.9143,-0.4331,-0.3770,-86.8702,4.0458,-10.6412
299418.9519,324349,140,0.8933,-0.4307,-0.3726,-84.8397,2.1985,-8.7328
299418.9519,324359,140,0.8801,-0.4392,-0.3599,-83.4504,-0.1985,-6.7023
299419.0120,324369,141,0.8794,-0.4407,-0.3533,-80.1985,-2.8397,-4.5191
299419.0120,324379,141,0.8833,-0.4336,-0.3464,-75.2672,-5.2977,-2.6870
299419.0120,324389,141,0.8904,-0.4253,-0.3403,-71.0382,-6.9313,-1.1908
299419.0120,324399,141,0.8994,-0.4226,-0.3311,-67.7405,-7.1908,-0.3206
299419.0120,324409,141,0.9082,-0.4143,-0.3279,-64.2137,-7.3282,0.6565
299419.0120,324419,141,0.9216,-0.4041,-0.3247,-60.2748,-7.4809,1.7099
299419.0120,324429,141,0.9392,-0.3828,-0.3250,-56.9008,-7.3588,3.0534
299419.0120,324439,141,0.9468,-0.3630,-0.3220,-55.2214,-6.7328,5.0229
299419.0120,324449,141,0.9382,-0.3513,-0.3286,-55.4809,-5.2061,6.9771
299419.0120,324459,141,0.9338,-0.3445,-0.3350,-56.7176,-3.5878,9.0992
299419.1319,324469,142,0.9182,-0.3389,-0.3381,-58.3664,-2.9008,11.5420
299419.1319,324479,142,0.9133,-0.3308,-0.3408,-60.5954,-4.2748,14.9160
299419.1319,324489,142,0.9243,-0.3262,-0.3420,-63.6489,-6.5802,19.3435
299419.1319,324499,142,0.9351,-0.3132,-0.3403,-67.2519,-7.5878,23.6641
299419.1319,324509,142,0.9783,-0.2839,-0.3442,-71.6336,-9.2672,29.2672
299419.1319,324519,142,1.0149,-0.2532,-0.3647,-76.5954,-9.9542,35.3588
299419.1319,324529,142,1.0334,-0.2119,-0.3718,-81.7863,-8.1832,38.9466
299419.1319,324539,142,1.0623,-0.1997,-0.3911,-88.3664,-7.7557,42.2595
299419.1319,324549,142,1.0823,-0.1909,-0.4126,-94.3817,-6.5649,44.5649
299419.1319,324559,142,1.0852,-0.1772,-0.4326,-98.8550,-4.0916,45.2061
299419.2519,324569,143,1.0884,-0.1711,-0.4526,-102.6107,-2.0916,43.5115
299419.2519,324579,143,1.0811,-0.1780,-0.4705,-106.0916,0.6718,39.6794
299419.2519,324589,143,1.0649,-0.2031,-0.4912,-110.0305,3.1298,35.8473
299419.2519,324599,143,1.0317,-0.2502,-0.5061,-113.2366,5.5267,31.7252
299419.2519,324609,143,0.9773,-0.2913,-0.5066,-114.4427,7.3130,28.2595
299419.2519,324619,143,0.9263,-0.3225,-0.4934,-114.2595,5.1298,28.1527
299419.2519,324629,143,0.8772,-0.3391,-0.4749,-113.2061,1.6336,31.0382
299419.2519,324639,143,0.8044,-0.3652,-0.4810,-111.6947,0.0153,34.3664
299419.2519,324649,143,0.7576,-0.3755,-0.4470,-107.0992,-4.0305,37.1908
299419.2519,324659,143,0.7295,-0.3792,-0.4338,-100.1221,-8.9466,39.0382
299419.3114,324669,144,0.7200,-0.3960,-0.4116,-91.0382,-15.2519,39.1908
299419.3114,324679,144,0.7461,-0.4033,-0.3733,-77.7252,-22.9008,37.0534
299419.3114,324689,144,0.7861,-0.4011,-0.3259,-61.6947,-29.8321,34.0763
299419.3114,324699,144,0.8301,-0.3767,-0.2700,-45.1145,-33.6183,31.3893
299419.3114,324709,144,0.8862,-0.3333,-0.2146,-29.8473,-35.2366,30.9924
299419.3114,324719,144,0.9634,-0.3044,-0.1790,-16.5496,-34.1221,32.8550
299419.3114,324729,144,1.0103,-0.2136,-0.1389,-6.2595,-27.7252,36.0153
299419.3114,324739,144,1.0811,-0.1196,-0.1211,-4.6565,-21.4504,41.7405
299419.3114,324749,144,1.1951,-0.0654,-0.1443,-13.2824,-13.7252,47.1908
299419.3114,324759,144,1.3206,-0.0464,-0.1829,-27.9237,-1.0840,50.1221
299419.4312,324769,145,1.3835,-0.0522,-0.2207,-45.5420,16.7939,51.0992
299419.4312,324779,145,1.3884,-0.0964,-0.3025,-66.7786,36.9618,53.9084
299419.4312,324789,145,1.3269,-0.1548,-0.3867,-87.6794,57.8168,61.0840
299419.4312,324799,145,1.2395,-0.1936,-0.4597,-103.0229,72.9313,72.3511
299419.4312,324809,145,1.1582,-0.2007,-0.5042,-113.3435,79.1908,84.6107
299419.4312,324819,145,1.0681,-0.2083,-0.5398,-122.1832,80.1221,96.7634
299419.4312,324829,145,0.9954,-0.2122,-0.5449,-126.9160,76.4427,107.4809
299419.4312,324839,145,0.9563,-0.2153,-0.5640,-127.5878,70.4885,115.3740
299419.4312,324849,145,0.9353,-0.2461,-0.5518,-125.8168,64.8397,120.7634
299419.4312,324859,145,0.9473,-0.2720,-0.5120,-120.7634,56.1985,123.3740
299419.5523,324869,146,0.9727,-0.2844,-0.4653,-115.0076,44.9618,125.9542
299419.5523,324879,146,1.0100,-0.2832,-0.4084,-108.3664,34.9618,128.3359
299419.5523,324889,146,1.0613,-0.2849,-0.3479,-99.2977,28.3664,129.2366
299419.5523,324899,146,1.1191,-0.2864,-0.2932,-88.9466,27.6489,129.9847
299419.5523,324909,146,1.1616,-0.2454,-0.2390,-77.6947,32.2443,131.5267
299419.5523,324919,146,1.1870,-0.1895,-0.2024,-69.1908,40.0763,132.7786
299419.5523,324929,146,1.1980,-0.1382,-0.1895,-65.1450,50.9924,131.5420
299419.5523,324939,146,1.2097,-0.1147,-0.1741,-65.4809,60.9771,128.3206
299419.5523,324949,146,1.2253,-0.1113,-0.1658,-69.3588,67.0840,126.0153
299419.5523,324959,146,1.2378,-0.1057,-0.1719,-74.7634,71.3282,124.5649
299419.6111,324969,147,1.2410,-0.0981,-0.1777,-83.0687,75.9847,124.7176
299419.6111,324979,147,1.2192,-0.1106,-0.2056,-96.4275,81.8168,126.2595
299419.6111,324989,147,1.1697,-0.1394,-0.2429,-113.0076,89.3893,128.5649
299419.6111,324999,147,1.1362,-0.1865,-0.2888,-128.5802,93.6489,132.4580
299419.6111,325009,147,1.1140,-0.2271,-0.3325,-139.6183,94.9160,135.0687
299419.6111,325019,147,1.0962,-0.2834,-0.3628,-147.0382,94.3511,135.0076
299419.6111,325029,147,1.0986,-0.3552,-0.3792,-152.0000,90.8092,134.1527
299419.6111,325039,147,1.1116,-0.4089,-0.3845,-151.7252,85.2824,133.6336
299419.6111,325049,147,1.1147,-0.4551,-0.3687,-146.1679,80.3511,133.3130
299419.6111,325059,147,1.1167,-0.4890,-0.3450,-136.5802,78.7328,132.6260
299419.7316,325069,148,1.1045,-0.5029,-0.3357,-124.6260,79.7252,131.7099
299419.7316,325079,148,1.0703,-0.5042,-0.3408,-112.1985,82.0153,130.9618
299419.7316,325089,148,1.0300,-0.4973,-0.3438,-99.9542,84.3664,129.7557
299419.7316,325099,148,0.9944,-0.4812,-0.3467,-87.2061,85.2214,127.6489
299419.7316,325109,148,0.9541,-0.4604,-0.3533,-74.0153,85.3282,124.1679
299419.7316,325119,148,0.9246,-0.4358,-0.3552,-60.3053,84.7481,119.1756
299419.7316,325129,148,0.8977,-0.4133,-0.3513,-46.6412,82.8855,112.8550
299419.7316,325139,148,0.8774,-0.3887,-0.3433,-33.6794,80.4580,105.4656
299419.7316,325149,148,0.8623,-0.3657,-0.3269,-22.0611,77.6794,97.5573
299419.7316,325159,148,0.8606,-0.3516,-0.3088,-11.9542,75.5725,88.9924
299419.8515,325169,149,0.8669,-0.3413,-0.2886,-3.4656,74.4580,80.3969
299419.8515,325179,149,0.8923,-0.3245,-0.2800,3.6336,74.4275,72.3206
299419.8515,325189,149,0.9714,-0.2981,-0.2698,9.3740,74.4580,65.3130
299419.8515,325199,149,1.0569,-0.2400,-0.2883,13.0076,76.4580,60.5954
299419.8515,325209,149,1.1069,-0.1729,-0.3247,12.8550,82.7939,57.6336
299419.8515,325219,149,1.0852,-0.1094,-0.3774,7.6031,94.1374,53.5725
299419.8515,325229,149,1.0188,-0.0676,-0.4158,-4.0763,105.0229,47.7252
299419.8515,325239,149,0.9412,-0.0803,-0.4463,-21.3740,111.1298,41.8168
299419.8515,325249,149,0.8567,-0.1145,-0.4934,-38.4580,115.1908,37.4351
299419.8515,325259,149,0.7832,-0.1340,-0.5056,-51.9084,117.5573,35.5267
299419.9120,325269,150,0.7144,-0.1309,-0.5276,-62.5191,117.8015,35.5267
299419.9120,325279,150,0.6353,-0.1431,-0.5354,-71.2977,114.9466,35.8321
299419.9120,325289,150,0.5754,-0.1523,-0.5417,-77.7405,108.8397,33.3282
299419.9120,325299,150,0.5210,-0.1572,-0.5342,-82.2595,100.2748,30.5954
299419.9120,325309,150,0.4753,-0.1650,-0.5332,-85.0382,89.8626,27.4504
299419.9120,325319,150,0.4426,-0.1755,-0.5146,-85.8168,79.6031,22.5496
299419.9120,325329,150,0.4170,-0.1821,-0.5005,-83.7710,69.7405,15.4351
299419.9120,325339,150,0.4097,-0.1938,-0.4836,-79.2977,59.5267,5.8015
299419.9120,325349,150,0.4277,-0.2166,-0.4717,-73.7252,49.5725,-6.0000
299419.9120,325359,150,0.4702,-0.2617,-0.4485,-67.7252,41.1298,-19.3588
299420.0319,325369,151,0.5051,-0.2959,-0.4199,-61.0076,34.9008,-33.0076
299420.0319,325379,151,0.5610,-0.3230,-0.3870,-54.1221,27.6031,-45.9389
299420.0319,325389,151,0.6226,-0.3562,-0.3594,-49.0382,21.2672,-56.9160
299420.0319,325399,151,0.6758,-0.3730,-0.3281,-44.9618,18.2443,-63.6031
299420.0319,325409,151,0.7307,-0.3801,-0.3083,-43.0382,16.1985,-66.4427
299420.0319,325419,151,0.7722,-0.3799,-0.2808,-45.1908,15.0534,-66.3359
299420.0319,325429,151,0.7986,-0.3704,-0.2593,-50.8550,15.3588,-64.2748
299420.0319,325439,151,0.8167,-0.3726,-0.2524,-60.6870,17.0382,-60.4275
299420.0319,325449,151,0.8328,-0.3914,-0.2664,-73.2824,21.1145,-56.1985
299420.0319,325459,151,0.8220,-0.4211,-0.2888,-86.5191,27.5420,-51.7710
299420.1521,325469,152,0.8035,-0.4639,-0.3215,-97.0687,33.9084,-47.3130
299420.1521,325479,152,0.7871,-0.4939,-0.3447,-103.1603,37.5115,-42.3817
299420.1521,325489,152,0.7803,-0.5125,-0.3469,-105.6183,37.2366,-37.2214
299420.1521,325499,152,0.7993,-0.5056,-0.3333,-105.7557,32.7328,-32.4580
299420.1521,325509,152,0.8267,-0.4854,-0.3093,-106.1527,26.8855,-27.9695
299420.1521,325519,152,0.8528,-0.4587,-0.2876,-108.3359,23.6794,-23.9542
299420.1521,325529,152,0.8674,-0.4250,-0.2690,-112.2748,24.0305,-20.8244
299420.1521,325539,152,0.8723,-0.4084,-0.2627,-118.6107,27.2824,-18.5802
299420.1521,325549,152,0.8623,-0.4143,-0.2783,-125.2519,33.3130,-17.8779
299420.1521,325559,152,0.8401,-0.4241,-0.3081,-129.7557,40.1527,-18.9160
299420.2118,325569,153,0.8167,-0.4412,-0.3376,-131.9695,45.4198,-20.9313
299420.2118,325579,153,0.7917,-0.4595,-0.3679,-132.1985,47.8321,-23.3130
299420.2118,325589,153,0.7786,-0.4609,-0.3770,-130.5191,47.2366,-26.0153
299420.2118,325599,153,0.7759,-0.4568,-0.3767,-128.3511,44.0000,-28.6260
299420.2118,325609,153,0.7791,-0.4507,-0.3755,-126.8855,40.8244,-30.9008
299420.2118,325619,153,0.7861,-0.4519,-0.3809,-126.7481,39.3282,-32.6870
299420.2118,325629,153,0.7900,-0.4514,-0.3845,-127.7710,38.5802,-33.7863
299420.2118,325639,153,0.7954,-0.4585,-0.3921,-128.9618,37.6489,-34.3817
299420.2118,325649,153,0.7996,-0.4634,-0.4036,-129.5573,36.4427,-34.5496
299420.2118,325659,153,0.8076,-0.4580,-0.4124,-129.4656,33.9542,-34.6412
299420.3309,325669,154,0.8142,-0.4573,-0.4192,-129.2519,30.8702,-35.3130
299420.3309,325679,154,0.8235,-0.4607,-0.4214,-128.6718,28.3664,-36.7328
299420.3309,325689,154,0.8342,-0.4722,-0.4209,-127.4504,26.0000,-38.4427
299420.3309,325699,154,0.8428,-0.4753,-0.4219,-125.6336,23.2824,-40.1679
299420.3309,325709,154,0.8562,-0.4778,-0.4182,-124.1679,19.8779,-41.4504
299420.3309,325719,154,0.8733,-0.4885,-0.4243,-124.0763,16.7634,-41.5420
299420.3309,325729,154,0.8804,-0.5063,-0.4307,-125.4046,15.0840,-40.1985
299420.3309,325739,154,0.8792,-0.5291,-0.4482,-127.1298,14.2901,-37.7405
299420.3309,325749,154,0.8701,-0.5498,-0.4590,-127.8626,12.7023,-34.5954
299420.3309,325759,154,0.8643,-0.5676,-0.4651,-126.9466,9.0992,-30.9924
299420.4538,325769,155,0.8677,-0.5850,-0.4661,-124.5954,4.0153,-27.8168
299420.4538,325779,155,0.8794,-0.5999,-0.4514,-120.7939,-1.4198,-25.2366
299420.4538,325789,155,0.9006,-0.6082,-0.4392,-115.8168,-6.7023,-22.7786
299420.4538,325799,155,0.9314,-0.6111,-0.4282,-110.2137,-10.7176,-20.0000
299420.4538,325809,155,0.9990,-0.5935,-0.4258,-104.1069,-13.6489,-16.1069
299420.4538,325819,155,1.0615,-0.5662,-0.4360,-98.0916,-14.0916,-11.7405
299420.4538,325829,155,1.1072,-0.5310,-0.4485,-92.4275,-12.1985,-9.4656
299420.4538,325839,155,1.1584,-0.4998,-0.4551,-88.0611,-11.8626,-8.6870
299420.4538,325849,155,1.2104,-0.4954,-0.4810,-85.8931,-10.1679,-8.7939
299420.4538,325859,155,1.2305,-0.5042,-0.4885,-84.4275,-7.7557,-8.6260
299420.5106,325869,156,1.2463,-0.4624,-0.4824,-79.9695,-8.0611,-8.2443
299420.5106,325879,156,1.2505,-0.4343,-0.4763,-78.5344,-8.6870,-9.7252
299420.5106,325889,156,1.2195,-0.4475,-0.4600,-82.2595,-6.3206,-12.9313
299420.5106,325899,156,1.1602,-0.4917,-0.4663,-87.0076,-2.2748,-15.9847
299420.5106,325909,156,1.0945,-0.5623,-0.4753,-89.4198,2.5802,-17.6183
299420.5106,325919,156,1.0083,-0.6233,-0.4824,-88.4580,5.7557,-16.5802
299420.5106,325929,156,0.9255,-0.6604,-0.4797,-85.0534,3.9084,-12.5649
299420.5106,325939,156,0.8604,-0.6853,-0.4705,-80.1679,-2.1679,-6.7634
299420.5106,325949,156,0.8206,-0.7200,-0.4490,-73.2824,-9.7863,-1.2672
299420.5106,325959,156,0.8142,-0.7373,-0.4250,-62.5649,-17.3893,3.6641
299420.6307,325969,157,0.8303,-0.7231,-0.3843,-48.3053,-25.4656,8.7634
299420.6307,325979,157,0.8601,-0.6975,-0.3518,-33.1298,-32.5038,12.0916
299420.6307,325989,157,0.8826,-0.6733,-0.3167,-18.1679,-35.1450,12.8397
299420.6307,325999,157,0.9082,-0.6331,-0.2896,-3.1298,-35.8473,12.3511
299420.6307,326009,157,0.9375,-0.6042,-0.2659,10.9771,-36.7023,11.6336
299420.6307,326019,157,0.9651,-0.5818,-0.2568,24.3511,-36.0611,10.3969
299420.6307,326029,157,0.9961,-0.5374,-0.2192,37.1450,-33.5267,8.5802
299420.6307,326039,157,1.0203,-0.5046,-0.2158,45.2366,-28.6412,8.5649
299420.6307,326049,157,1.0320,-0.4697,-0.2036,49.2519,-23.1145,10.6412
299420.6307,326059,157,1.0544,-0.4290,-0.2085,50.6870,-16.1221,13.0687
299420.8113,326069,158,1.0786,-0.4021,-0.2183,48.7786,-9.0992,16.2748
299420.8113,326079,158,1.1118,-0.3799,-0.2334,45.8473,-2.9771,18.7634
299420.8113,326089,158,1.1396,-0.3652,-0.2539,41.3588,3.5725,20.0305
299420.8113,326099,158,1.1543,-0.3682,-0.2856,34.9771,11.4809,20.0458
299420.8113,326109,158,1.1504,-0.3945,-0.3252,27.9389,19.4351,19.9389
299420.8113,326119,158,1.1223,-0.4319,-0.3687,22.6870,26.5802,20.8550
299420.8113,326129,158,1.0903,-0.4556,-0.3979,19.9237,31.7252,23.1908
299420.8113,326139,158,1.0542,-0.4795,-0.4280,18.3053,34.9008,26.5038
299420.8113,326149,158,1.0088,-0.4968,-0.4478,16.9466,37.3435,30.0305
299420.8113,326159,158,0.9661,-0.5132,-0.4680,16.1832,38.4275,33.9542
299420.8121,326169,159,0.9290,-0.5195,-0.4844,15.6031,36.9008,38.6565
299420.8121,326179,159,0.9080,-0.5391,-0.4990,16.6412,33.4504,43.4809
299420.8121,326189,159,0.8970,-0.5562,-0.5120,21.0534,29.1298,48.1221
299420.8121,326199,159,0.8914,-0.5488,-0.5054,28.5344,23.8931,52.9313
299420.8121,326209,159,0.9050,-0.5225,-0.4924,37.2061,17.9695,57.6641
299420.8121,326219,159,0.9170,-0.4854,-0.4768,45.2977,12.3817,60.9771
299420.8121,326229,159,0.9358,-0.4485,-0.4521,52.3359,8.1985,62.2137
299420.8121,326239,159,0.9521,-0.4133,-0.4290,58.3206,6.2290,61.6794
299420.8121,326249,159,0.9663,-0.3855,-0.4136,63.6031,6.9466,60.0611
299420.8121,326259,159,0.9729,-0.3555,-0.4058,67.6794,9.4351,58.0458
299420.9319,326269,160,0.9707,-0.3352,-0.4058,70.2595,12.2137,56.0458
299420.9319,326279,160,0.9619,-0.3198,-0.4023,71.7863,14.6870,54.3359
299420.9319,326289,160,0.9541,-0.3020,-0.3989,72.1985,16.3969,52.8092
299420.9319,326299,160,0.9387,-0.2810,-0.3953,71.2672,17.5573,51.8168
299420.9319,326309,160,0.9246,-0.2615,-0.3906,68.7939,18.5649,51.3740
299420.9319,326319,160,0.9119,-0.2441,-0.3831,64.4580,18.9466,51.2061
299420.9319,326329,160,0.8992,-0.2334,-0.3838,58.4885,19.0687,51.3740
299420.9319,326339,160,0.8840,-0.2253,-0.3828,51.7557,19.3740,51.2672
299420.9319,326349,160,0.8635,-0.2271,-0.3813,45.0382,19.4198,50.8244
299420.9319,326359,160,0.8506,-0.2273,-0.3892,39.5878,19.1908,49.9695
299421.0521,326369,161,0.8379,-0.2314,-0.3867,35.2977,18.6565,48.3206
299421.0521,326379,161,0.8284,-0.2356,-0.3911,31.7405,17.9389,46.1221
299421.0521,326389,161,0.8162,-0.2351,-0.3965,29.3893,17.1908,43.2061
299421.0521,326399,161,0.8052,-0.2427,-0.4048,28.0611,16.5191,39.7405
299421.0521,326409,161,0.7944,-0.2502,-0.4053,28.5344,15.3588,35.4656
299421.0521,326419,161,0.7881,-0.2500,-0.3962,30.2595,13.6947,30.6260
299421.0521,326429,161,0.7913,-0.2524,-0.3984,31.9695,11.2977,26.1527
299421.0521,326439,161,0.7986,-0.2483,-0.3911,33.5420,8.9160,21.7557
299421.0521,326449,161,0.8098,-0.2454,-0.3838,34.4275,6.9160,17.7710
299421.0521,326459,161,0.8298,-0.2480,-0.3738,34.8092,4.7634,14.0611
299421.1113,326469,162,0.8430,-0.2434,-0.3552,35.3130,2.8244,10.6870
299421.1113,326479,162,0.8562,-0.2363,-0.3384,35.0534,0.9618,7.9542
299421.1113,326489,162,0.8645,-0.2244,-0.3210,33.5420,0.0000,5.8473
299421.1113,326499,162,0.8684,-0.2153,-0.3113,31.0992,0.5191,3.8779
299421.1113,326509,162,0.8687,-0.2065,-0.3088,27.2672,1.1908,2.3817
299421.1113,326519,162,0.8699,-0.2034,-0.3069,21.9847,0.8244,1.6947
299421.1113,326529,162,0.8694,-0.2034,-0.3064,15.9542,-0.2137,1.4046
299421.1113,326539,162,0.8813,-0.1992,-0.3083,9.9389,-1.7252,1.1298
299421.1113,326549,162,0.9307,-0.1750,-0.3113,4.8702,-4.1221,1.7863
299421.1113,326559,162,0.9678,-0.1479,-0.3110,0.1832,-5.2977,1.8321
299421.2313,326569,163,0.9839,-0.1392,-0.3069,-5.7405,-3.8626,-0.8397
299421.2313,326579,163,0.9890,-0.1160,-0.3008,-12.1985,-2.7634,-1.9695
299421.2313,326589,163,0.9846,-0.0847,-0.3135,-18.5802,-2.2443,-4.2290
299421.2313,326599,163,0.9790,-0.0842,-0.3335,-26.0763,0.1069,-10.5802
299421.2313,326609,163,0.9841,-0.1025,-0.3647,-32.8702,3.1603,-17.7405
299421.2313,326619,163,0.9812,-0.1216,-0.3940,-36.7786,4.5802,-25.4351
299421.2313,326629,163,0.9624,-0.1538,-0.4170,-38.7328,4.0458,-35.1298
299421.2313,326639,163,0.9604,-0.1934,-0.4314,-39.1298,1.1603,-44.3359
299421.2313,326649,163,0.9619,-0.2422,-0.4390,-36.8855,-2.3969,-52.6412
299421.2313,326659,163,0.9448,-0.2783,-0.4121,-32.2290,-5.6183,-60.3206
299421.3511,326669,164,0.9287,-0.3098,-0.3726,-26.7023,-9.8931,-65.1756
299421.3511,326679,164,0.9028,-0.3345,-0.3423,-21.6336,-13.7710,-67.3282
299421.3511,326689,164,0.8667,-0.3479,-0.2981,-17.2366,-15.9389,-68.4122
299421.3511,326699,164,0.8398,-0.3601,-0.2615,-13.8473,-18.2290,-67.4046
299421.3511,326709,164,0.8145,-0.3694,-0.2271,-11.6794,-19.7252,-64.0916
299421.3511,326719,164,0.7942,-0.3669,-0.2087,-9.0076,-19.5115,-60.1679
299421.3511,326729,164,0.7930,-0.3545,-0.1890,-6.5954,-18.6718,-55.1908
299421.3511,326739,164,0.8020,-0.3311,-0.1714,-5.0229,-17.6794,-48.9008
299421.3511,326749,164,0.8186,-0.2771,-0.1694,-4.3817,-15.3740,-42.0611
299421.3511,326759,164,0.8420,-0.2100,-0.1792,-5.7252,-11.2214,-35.3740
299421.4696,326769,165,0.8674,-0.1619,-0.2141,-9.3588,-5.5115,-30.4885
299421.4696,326779,165,0.8960,-0.1450,-0.2671,-14.7023,1.0229,-28.2290
299421.4696,326789,165,0.9028,-0.1230,-0.3191,-19.9389,7.4656,-27.1450
299421.4696,326799,165,0.9158,-0.0981,-0.3743,-24.6870,10.5954,-26.9771
299421.4696,326809,165,0.9485,-0.0815,-0.4033,-29.6641,10.0305,-28.9008
299421.4696,326819,165,0.9729,-0.0732,-0.4136,-36.8702,5.8626,-32.0763
299421.4696,326829,165,1.0034,-0.0950,-0.4258,-47.1603,1.4656,-35.3435
299421.4696,326839,165,1.0115,-0.1357,-0.4392,-57.5420,2.2748,-38.5344
299421.4696,326849,165,0.9941,-0.1870,-0.4524,-67.0840,5.3893,-39.7405
299421.4696,326859,165,0.9641,-0.2515,-0.4719,-75.5115,5.3435,-38.3969
299421.5317,326869,166,0.9309,-0.3081,-0.4846,-81.0687,2.9618,-36.4427
299421.5317,326879,166,0.8953,-0.3586,-0.4917,-82.1832,-0.1679,-34.9466
299421.5317,326889,166,0.8611,-0.4048,-0.4863,-78.6260,-4.6870,-34.2595
299421.5317,326899,166,0.8445,-0.4395,-0.4604,-70.7328,-10.8092,-34.5649
299421.5317,326909,166,0.8491,-0.4534,-0.4185,-59.3893,-18.1069,-35.5573
299421.5317,326919,166,0.8669,-0.4373,-0.3665,-46.9160,-25.5115,-35.7710
299421.5317,326929,166,0.8967,-0.4062,-0.3196,-35.7557,-30.8702,-34.1832
299421.5317,326939,166,0.9148,-0.3647,-0.2710,-27.4198,-32.0458,-32.9618
299421.5317,326949,166,0.9292,-0.3303,-0.2361,-22.7634,-31.2214,-32.1832
299421.5317,326959,166,0.9443,-0.3079,-0.2166,-21.6489,-29.0992,-31.4046
299421.6509,326969,167,0.9504,-0.3020,-0.2075,-22.8092,-25.0382,-30.8855
299421.6509,326979,167,0.9558,-0.2991,-0.2107,-25.1450,-20.7328,-30.3817
299421.6509,326989,167,0.9592,-0.3152,-0.2168,-28.0611,-17.3435,-29.4962
299421.6509,326999,167,0.9641,-0.3323,-0.2317,-30.5954,-14.6718,-28.4885
299421.6509,327009,167,0.9626,-0.3530,-0.2510,-32.0153,-12.3053,-27.4656
299421.6509,327019,167,0.9573,-0.3687,-0.2610,-32.4122,-10.8397,-26.5038
299421.6509,327029,167,0.9521,-0.3894,-0.2747,-31.6489,-10.3511,-25.8321
299421.6509,327039,167,0.9458,-0.4072,-0.2825,-29.8931,-10.7328,-25.5115
299421.6509,327049,167,0.9514,-0.4209,-0.2812,-27.5420,-11.6947,-24.9313
299421.6509,327059,167,0.9595,-0.4287,-0.2725,-25.8168,-13.5115,-22.6718
299421.7122,327069,168,0.9714,-0.4368,-0.2688,-24.9618,-15.2214,-19.5420
299421.7122,327079,168,0.9763,-0.4436,-0.2627,-24.8397,-15.6031,-16.6870
299421.7122,327089,168,0.9805,-0.4536,-0.2620,-24.7786,-15.5725,-13.3130
299421.7122,327099,168,0.9868,-0.4580,-0.2627,-23.5420,-15.5267,-9.7099
299421.7122,327109,168,0.9868,-0.4658,-0.2681,-22.0611,-15.1908,-6.4733
299421.7122,327119,168,0.9880,-0.4775,-0.2705,-20.0916,-14.3053,-3.5420
299421.7122,327129,168,0.9863,-0.4822,-0.2825,-16.1679,-12.8702,-0.6107
299421.7122,327139,168,0.9878,-0.4766,-0.2898,-10.5191,-11.8321,1.6794
299421.7122,327149,168,0.9895,-0.4553,-0.2910,-4.2748,-11.6183,3.3893
299421.7122,327159,168,0.9954,-0.4263,-0.2864,1.6947,-11.6947,4.8550
299421.8320,327169,169,1.0044,-0.3975,-0.2798,6.6565,-11.6183,5.4504
299421.8320,327179,169,1.0117,-0.3789,-0.2764,9.6489,-10.5496,5.6641
299421.8320,327189,169,1.0042,-0.3621,-0.2866,11.2977,-7.8321,6.0611
299421.8320,327199,169,0.9905,-0.3535,-0.2976,11.9847,-4.8702,6.6565
299421.8320,327209,169,0.9746,-0.3491,-0.3042,11.7405,-3.1145,8.0611
299421.8320,327219,169,0.9714,-0.3250,-0.3115,10.3359,-3.4809,11.3588
299421.8320,327229,169,0.9827,-0.2896,-0.3000,6.3969,-6.2901,17.0840
299421.8320,327239,169,0.9980,-0.2585,-0.2910,-0.9160,-10.0305,23.2824
299421.8320,327249,169,1.0024,-0.2498,-0.2869,-10.4733,-10.6107,28.3359
299421.8320,327259,169,0.9927,-0.2527,-0.3042,-19.5573,-7.5420,32.1527
299421.9518,327269,170,0.9680,-0.2727,-0.3328,-26.9313,-3.8473,34.5954
299421.9518,327279,170,0.9397,-0.2979,-0.3718,-30.6412,-1.8626,35.4809
299421.9518,327289,170,0.9277,-0.3157,-0.4067,-29.7252,-2.5344,35.7405
299421.9518,327299,170,0.9216,-0.3140,-0.4224,-24.8244,-4.8702,35.2061
299421.9518,327309,170,0.9065,-0.2959,-0.4316,-18.1985,-7.2672,33.3893
299421.9518,327319,170,0.8755,-0.2700,-0.4324,-11.1145,-8.8702,30.0458
299421.9518,327329,170,0.8401,-0.2500,-0.4309,-3.8626,-10.2290,26.2137
299421.9518,327339,170,0.8164,-0.2522,-0.4346,3.4351,-12.0458,21.6947
299421.9518,327349,170,0.7852,-0.2334,-0.4290,12.3206,-13.3893,16.3511
299421.9518,327359,170,0.7922,-0.1890,-0.4363,22.9466,-17.3588,10.0153
299422.0124,327369,171,0.8582,-0.1741,-0.4456,31.1450,-22.9008,2.9924
299422.0124,327379,171,0.9417,-0.1570,-0.4739,40.5496,-25.5267,-6.7328
299422.0124,327389,171,1.0442,-0.1455,-0.4917,49.9237,-25.7710,-19.4656
299422.0124,327399,171,1.1318,-0.1606,-0.5120,57.4656,-24.6107,-34.8092
299422.0124,327409,171,1.1741,-0.1948,-0.5190,64.0305,-20.3359,-51.6183
299422.0124,327419,171,1.1917,-0.2515,-0.5186,69.4656,-15.6336,-66.6107
299422.0124,327429,171,1.1802,-0.3157,-0.5244,73.8168,-11.2061,-77.6336
299422.0124,327439,171,1.1035,-0.3635,-0.5132,76.1527,-6.4427,-83.9237
299422.0124,327449,171,1.0107,-0.4094,-0.4912,75.8015,-4.7176,-85.7099
299422.0124,327459,171,0.9421,-0.4597,-0.4712,73.5878,-6.6870,-84.0611
299422.1321,327469,172,0.8831,-0.5056,-0.4475,71.9847,-9.2672,-78.3664
299422.1321,327479,172,0.8494,-0.5396,-0.4395,71.4656,-13.4351,-68.3969
299422.1321,327489,172,0.8362,-0.5764,-0.4463,73.2824,-16.6412,-57.3740
299422.1321,327499,172,0.8228,-0.5747,-0.4431,79.9084,-17.9847,-45.9237
299422.1321,327509,172,0.8271,-0.5273,-0.4438,91.0229,-20.3664,-34.2443
299422.1321,327519,172,0.8506,-0.4412,-0.4541,103.0382,-23.1145,-25.4656
299422.1321,327529,172,0.8801,-0.3630,-0.4729,113.7252,-23.1145,-23.0992
299422.1321,327539,172,0.9048,-0.3186,-0.4993,123.3435,-19.7710,-26.7023
299422.1321,327549,172,0.9084,-0.2864,-0.5320,131.9847,-13.0840,-31.8779
299422.1321,327559,172,0.9048,-0.2402,-0.5576,140.5191,-6.2137,-36.0916
299422.2518,327569,173,0.9163,-0.1868,-0.5725,147.1908,-3.6336,-41.0076
299422.2518,327579,173,0.9258,-0.1609,-0.5854,147.7405,-3.8931,-46.2901
299422.2518,327589,173,0.9326,-0.1643,-0.5828,144.0000,-4.1832,-51.4962
299422.2518,327599,173,0.9280,-0.1897,-0.5815,136.3664,-2.3511,-54.4885
299422.2518,327609,173,0.9116,-0.2585,-0.5823,127.0687,-0.7328,-52.8855
299422.2518,327619,173,0.8840,-0.3159,-0.5977,120.6260,0.4580,-49.3435
299422.2518,327629,173,0.8494,-0.3484,-0.5994,119.1298,1.8779,-46.1221
299422.2518,327639,173,0.8223,-0.3713,-0.6052,121.5115,1.6031,-42.5496
299422.2518,327649,173,0.8245,-0.3843,-0.6216,127.5573,0.1679,-40.1221
299422.2518,327659,173,0.8286,-0.3784,-0.6309,135.4198,0.2901,-37.9695
299422.3119,327669,174,0.8286,-0.3416,-0.6423,144.3664,1.3435,-35.2061
299422.3119,327679,174,0.8210,-0.2930,-0.6521,152.1985,1.2061,-32.7786
299422.3119,327689,174,0.8142,-0.2422,-0.6646,158.3359,0.7023,-31.8931
299422.3119,327699,174,0.8147,-0.2012,-0.6707,162.4122,0.1221,-32.3206
299422.3119,327709,174,0.8228,-0.1887,-0.6748,165.5725,0.0611,-33.4809
299422.3119,327719,174,0.8228,-0.1433,-0.6885,168.5649,0.7328,-34.1374
299422.3119,327729,174,0.8018,-0.1128,-0.6924,168.2901,0.9924,-33.1145
299422.3119,327739,174,0.7964,-0.0757,-0.7009,167.1145,-1.4046,-33.7099
299422.3119,327749,174,0.7852,-0.0593,-0.7031,164.9466,-4.0305,-36.6718
299422.3119,327759,174,0.7681,-0.0510,-0.6960,162.6718,-6.6412,-41.0992
299422.4321,327769,175,0.7620,-0.0471,-0.6958,161.2519,-9.6489,-46.6565
299422.4321,327779,175,0.7637,-0.0583,-0.6960,160.2901,-12.0305,-53.0382
299422.4321,327789,175,0.7764,-0.0808,-0.6860,160.1527,-14.0916,-60.1374
299422.4321,327799,175,0.7903,-0.1191,-0.6807,160.7481,-15.8015,-67.1908
299422.4321,327809,175,0.8054,-0.1521,-0.6631,162.7786,-17.1908,-72.9008
299422.4321,327819,175,0.8296,-0.1660,-0.6448,166.2595,-19.4504,-76.3206
299422.4321,327829,175,0.8516,-0.1670,-0.6306,168.2595,-21.0687,-77.8626
299422.4321,327839,175,0.8589,-0.1760,-0.6155,168.0763,-19.7863,-78.2290
299422.4321,327849,175,0.8672,-0.1953,-0.6157,166.3053,-16.5496,-78.0611
299422.4321,327859,175,0.8752,-0.2231,-0.6089,165.8779,-10.9160,-77.9847
299422.5510,327869,176,0.8621,-0.2239,-0.6042,170.1527,-2.5344,-78.4580
299422.5510,327879,176,0.8547,-0.2222,-0.6172,173.9847,2.9160,-79.2366
299422.5510,327889,176,0.8462,-0.2278,-0.6394,174.8550,5.2977,-80.1374
299422.5510,327899,176,0.8462,-0.2261,-0.6479,175.5573,5.0076,-79.9695
299422.5510,327909,176,0.8542,-0.2222,-0.6694,175.4656,3.1603,-78.2901
299422.5510,327919,176,0.8511,-0.2153,-0.6770,173.9389,2.8244,-76.1221
299422.5510,327929,176,0.8396,-0.2134,-0.6951,169.8473,2.7023,-73.6794
299422.5510,327939,176,0.8472,-0.2461,-0.7131,164.4275,1.1145,-70.6412
299422.5510,327949,176,0.8499,-0.2935,-0.7417,161.6183,1.0992,-70.0305
299422.5510,327959,176,0.8369,-0.3591,-0.7732,165.0229,3.8931,-71.4809
299422.6110,327969,177,0.8188,-0.4163,-0.8030,176.6718,6.0916,-75.7710
299422.6110,327979,177,0.7915,-0.4487,-0.8218,193.4656,6.4275,-82.5344
299422.6110,327989,177,0.7791,-0.4841,-0.8159,211.0534,1.9389,-87.9237
299422.6110,327999,177,0.7869,-0.4941,-0.8025,230.6412,-6.4427,-91.0229
299422.6110,328009,177,0.8137,-0.4739,-0.7603,250.0763,-16.1374,-90.7939
299422.6110,328019,177,0.8447,-0.4292,-0.7051,264.3053,-24.5344,-85.9084
299422.6110,328029,177,0.8843,-0.3962,-0.6658,270.2137,-28.5954,-78.0458
299422.6110,328039,177,0.9033,-0.3845,-0.6521,269.2672,-25.6489,-70.3817
299422.6110,328049,177,0.8811,-0.3904,-0.6462,263.2672,-17.5267,-61.4809
299422.6110,328059,177,0.8816,-0.4192,-0.6333,254.9924,-13.0076,-49.4198
299422.7313,328069,178,0.8845,-0.4414,-0.6331,250.2901,-10.7023,-37.0840
299422.7313,328079,178,0.8906,-0.4507,-0.6257,248.3206,-7.9237,-25.5115
299422.7313,328089,178,0.9128,-0.4753,-0.6028,247.1450,-5.9389,-14.7176
299422.7313,328099,178,0.9558,-0.4834,-0.5764,248.2595,-3.5573,-5.2824
299422.7313,328109,178,1.0044,-0.4836,-0.5308,248.9771,1.8168,3.5725
299422.7313,328119,178,1.0422,-0.4814,-0.4915,247.4504,9.0992,12.8550
299422.7313,328129,178,1.0771,-0.4678,-0.4663,244.2748,14.0916,21.7252
299422.7313,328139,178,1.0996,-0.4556,-0.4250,239.5878,17.0992,31.2214
299422.7313,328149,178,1.1267,-0.4390,-0.3958,232.5649,18.9618,41.7099
299422.7313,328159,178,1.1497,-0.4111,-0.3845,222.1374,19.4351,53.0229
299422.8519,328169,179,1.1597,-0.3835,-0.3682,208.1832,18.4885,64.5191
299422.8519,328179,179,1.1501,-0.3523,-0.3516,192.3664,16.7481,75.0992
299422.8519,328189,179,1.1467,-0.3147,-0.3440,177.0840,13.8321,84.0000
299422.8519,328199,179,1.1809,-0.2578,-0.3545,164.1679,8.4275,90.7023
299422.8519,328209,179,1.2300,-0.2280,-0.3767,152.3817,3.6183,93.6641
299422.8519,328219,179,1.2217,-0.2053,-0.4053,140.2290,5.0992,93.2672
299422.8519,328229,179,1.1624,-0.1729,-0.4304,128.4275,10.2595,90.2901
299422.8519,328239,179,1.0718,-0.1616,-0.4514,115.9237,12.2443,84.6718
299422.8519,328249,179,0.9915,-0.1804,-0.4590,104.0458,9.6794,76.2748
299422.8519,328259,179,0.9182,-0.2124,-0.4414,95.7099,2.8244,66.2595
299422.9118,328269,180,0.8813,-0.2683,-0.4026,90.2443,-8.4733,56.8550
299422.9118,328279,180,0.8765,-0.3364,-0.3445,87.9542,-23.5267,49.9695
299422.9118,328289,180,0.8887,-0.3774,-0.2944,90.2595,-37.0534,47.8626
299422.9118,328299,180,0.8933,-0.3672,-0.2458,96.7176,-46.5038,49.3130
299422.9118,328309,180,0.9175,-0.3428,-0.1992,102.7023,-52.9618,51.1908
299422.9118,328319,180,0.9172,-0.3120,-0.1704,106.2748,-54.6107,53.8473
299422.9118,328329,180,0.8923,-0.2598,-0.1628,109.4351,-53.2824,57.3893
299422.9118,328339,180,0.8586,-0.1758,-0.1604,114.0153,-51.9084,59.9084
299422.9118,328349,180,0.8350,-0.1033,-0.1646,117.6489,-52.6107,59.9695
299422.9118,328359,180,0.8118,-0.0505,-0.1797,117.3740,-54.6718,59.5115
299423.0320,328369,181,0.7783,0.0320,-0.1782,115.2519,-56.7481,60.4885
299423.0320,328379,181,0.7517,0.1340,-0.1833,111.9695,-62.3817,61.0382
299423.0320,328389,181,0.7434,0.2300,-0.1917,105.6489,-69.4046,58.0916
299423.0320,328399,181,0.7446,0.3062,-0.1870,94.9771,-75.2672,50.0916
299423.0320,328409,181,0.7458,0.3625,-0.1812,79.8779,-79.3893,37.8168
299423.0320,328419,181,0.7595,0.3906,-0.1694,62.1221,-82.1069,21.3893
299423.0320,328429,181,0.7944,0.3772,-0.1699,42.5496,-82.4885,-0.2443
299423.0320,328439,181,0.8469,0.2856,-0.1775,23.1756,-79.1908,-25.8626
299423.0320,328449,181,0.9050,0.1221,-0.1792,8.1221,-72.5344,-50.6870
299423.0320,328459,181,0.9429,-0.0200,-0.1934,1.5115,-65.4351,-69.2977
299423.1511,328469,182,0.9744,-0.1306,-0.2144,2.8855,-63.7099,-81.2519
299423.1511,328479,182,1.0103,-0.2063,-0.2161,11.2519,-66.6412,-89.2214
299423.1511,328489,182,1.0535,-0.2375,-0.2083,22.5038,-68.9313,-93.9084
299423.1511,328499,182,1.0796,-0.2466,-0.1924,32.0611,-69.0076,-95.2519
299423.1511,328509,182,1.0752,-0.2488,-0.1890,38.9008,-67.8168,-94.6412
299423.1511,328519,182,1.0703,-0.2432,-0.1772,44.1069,-66.3664,-93.3588
299423.1511,328529,182,1.0557,-0.2180,-0.1755,47.6641,-65.9847,-90.7481
299423.1511,328539,182,1.0488,-0.1780,-0.1770,47.8015,-67.0229,-88.1679
299423.1511,328549,182,1.0432,-0.1646,-0.1733,43.2214,-68.4885,-86.6718
299423.1511,328559,182,1.0349,-0.1653,-0.1746,36.6260,-69.8168,-86.2443
299423.2113,328569,183,1.0334,-0.1731,-0.1797,30.7328,-71.1908,-86.1985
299423.2113,328579,183,1.0344,-0.1792,-0.1848,25.2061,-73.2061,-85.7099
299423.2113,328589,183,1.0354,-0.1892,-0.1960,19.9542,-75.9542,-85.6336
299423.2113,328599,183,1.0471,-0.2095,-0.1951,15.1145,-77.7863,-86.6260
299423.2113,328609,183,1.0459,-0.2290,-0.1956,11.3130,-77.7863,-87.3893
299423.2113,328619,183,1.0413,-0.2471,-0.2046,9.3740,-76.6260,-88.6718
299423.2113,328629,183,1.0330,-0.2695,-0.2090,9.0992,-75.2061,-90.8702
299423.2113,328639,183,1.0247,-0.2915,-0.2134,10.0763,-74.0305,-93.2061
299423.2113,328649,183,1.0186,-0.3123,-0.2205,12.0763,-73.2061,-95.0534
299423.2113,328659,183,1.0125,-0.3394,-0.2200,15.0076,-73.0687,-96.3817
299423.3319,328669,184,1.0073,-0.3513,-0.2163,19.0076,-73.2977,-97.1145
299423.3319,328679,184,1.0076,-0.3579,-0.2124,22.2443,-74.2748,-95.6489
299423.3319,328689,184,1.0212,-0.3679,-0.2012,25.5725,-75.6031,-91.2061
299423.3319,328699,184,1.0310,-0.3582,-0.1926,29.3588,-75.1603,-86.3511
299423.3319,328709,184,1.0398,-0.3501,-0.1736,30.6870,-72.5191,-81.4809
299423.3319,328719,184,1.0559,-0.3398,-0.1638,29.2061,-67.3740,-76.1832
299423.3319,328729,184,1.0583,-0.3384,-0.1689,25.9695,-59.8473,-70.8397
299423.3319,328739,184,1.0508,-0.3328,-0.1802,22.3053,-51.9389,-65.4046
299423.3319,328749,184,1.0325,-0.3303,-0.1943,18.9924,-44.7481,-59.6183
299423.3319,328759,184,1.0144,-0.3242,-0.2231,16.1069,-38.1069,-53.8931
299423.4511,328769,185,0.9944,-0.3152,-0.2451,13.8779,-32.6412,-48.7023
299423.4511,328779,185,0.9697,-0.2886,-0.2700,12.7786,-28.1069,-43.6183
299423.4511,328789,185,0.9458,-0.2644,-0.2908,9.9237,-25.2977,-37.1908
299423.4511,328799,185,0.9368,-0.2451,-0.3105,6.8244,-25.2977,-31.1298
299423.4511,328809,185,0.9304,-0.2329,-0.3193,5.1450,-25.8779,-27.6947
299423.4511,328819,185,0.9304,-0.2339,-0.3167,3.6183,-26.8244,-25.7405
299423.4511,328829,185,0.9324,-0.2397,-0.3149,2.7328,-28.1221,-24.3206
299423.4511,328839,185,0.9429,-0.2493,-0.3054,2.4885,-28.8092,-22.7634
299423.4511,328849,185,0.9583,-0.2620,-0.2981,2.6718,-27.5420,-20.9924
299423.4511,328859,185,0.9561,-0.2659,-0.2900,3.7710,-24.4885,-18.9924
299423.5117,328869,186,0.9558,-0.2546,-0.2856,4.8397,-22.1832,-16.0000
299423.5117,328879,186,0.9646,-0.2471,-0.2898,4.7939,-20.4580,-12.3511
299423.5117,328889,186,0.9675,-0.2473,-0.2996,3.5725,-18.0458,-8.8092
299423.5117,328899,186,0.9678,-0.2478,-0.3108,2.2290,-15.4809,-5.4962
299423.5117,328909,186,0.9607,-0.2522,-0.3242,1.2824,-13.7252,-2.0153
299423.5117,328919,186,0.9534,-0.2556,-0.3408,1.1145,-12.6260,1.6489
299423.5117,328929,186,0.9409,-0.2539,-0.3579,2.2901,-11.8931,4.4122
299423.5117,328939,186,0.9324,-0.2473,-0.3591,4.0153,-12.2290,6.5191
299423.5117,328949,186,0.9253,-0.2405,-0.3652,6.4733,-12.5954,8.3053
299423.5117,328959,186,0.9114,-0.2314,-0.3652,10.5496,-12.3511,8.2595
299423.6321,328969,187,0.9009,-0.2273,-0.3589,14.9618,-12.8855,6.7023
299423.6321,328979,187,0.9292,-0.2229,-0.3638,19.3893,-15.0534,5.0840
299423.6321,328989,187,1.0349,-0.2068,-0.3933,24.6565,-18.5344,4.6718
299423.6321,328999,187,1.1062,-0.1917,-0.4070,29.9542,-16.7481,2.8244
299423.6321,329009,187,1.1479,-0.1689,-0.4089,32.9008,-12.1679,-1.5878
299423.6321,329019,187,1.1973,-0.1699,-0.4302,32.0458,-10.8092,-4.2748
299423.6321,329029,187,1.2241,-0.1736,-0.4336,29.6489,-7.2366,-7.0076
299423.6321,329039,187,1.2444,-0.1909,-0.4412,25.6794,-2.9160,-10.2443
299423.6321,329049,187,1.2571,-0.2278,-0.4485,20.1069,1.0687,-12.3969
299423.6321,329059,187,1.2334,-0.2739,-0.4407,14.5954,5.6641,-14.0611
299423.7535,329069,188,1.2053,-0.3306,-0.4377,10.4885,7.9389,-14.1985
299423.7535,329079,188,1.1799,-0.3887,-0.4348,7.8626,7.8626,-11.8321
299423.7535,329089,188,1.1323,-0.4299,-0.4290,5.7252,8.8855,-6.8702
299423.7535,329099,188,1.0623,-0.4592,-0.4226,4.6107,10.7939,-0.2901
299423.7535,329109,188,0.9924,-0.5120,-0.4255,5.4962,11.6947,6.1679
299423.7535,329119,188,0.9265,-0.5388,-0.4233,12.3359,10.9771,11.7710
299423.7535,329129,188,0.8589,-0.5630,-0.4158,22.2901,7.8015,19.5115
299423.7535,329139,188,0.8333,-0.5474,-0.3875,36.8702,0.6565,27.4046
299423.7535,329149,188,0.8477,-0.4941,-0.3484,54.8550,-9.4656,34.1985
299423.7535,329159,188,0.9014,-0.4175,-0.3062,72.2595,-18.6565,38.4733
299423.8111,329169,189,1.0503,-0.3042,-0.2749,98.5649,-19.5725,37.3435
299423.8111,329179,189,1.0503,-0.3042,-0.2749,98.5649,-19.5725,37.3435
299423.8111,329189,189,1.1248,-0.2715,-0.2800,108.5649,-12.7023,33.7252
299423.8111,329199,189,1.1902,-0.2224,-0.2900,117.1908,-5.7863,29.9847
299423.8111,329209,189,1.2681,-0.2012,-0.3450,113.5573,9.6031,22.0458
299423.8111,329219,189,1.2439,-0.2222,-0.3748,104.3206,21.9084,21.3588
299423.8111,329229,189,1.1978,-0.2312,-0.4041,94.5038,31.7710,25.6794
299423.8111,329239,189,1.1443,-0.2297,-0.4402,84.3206,37.3130,32.3664
299423.8111,329249,189,1.0879,-0.2351,-0.4729,71.3740,41.3130,38.9160
299423.8111,329259,189,1.0239,-0.2668,-0.4871,58.3053,42.9160,46.2137
299423.9312,329269,190,0.9775,-0.2781,-0.5076,48.0153,42.2595,53.3130
299423.9312,329279,190,0.9385,-0.3110,-0.5220,40.3969,39.6489,60.1069
299423.9312,329289,190,0.9094,-0.3391,-0.5242,38.2901,34.5038,64.5954
299423.9312,329299,190,0.9041,-0.3647,-0.5200,40.2290,28.1374,68.8092
299423.9312,329309,190,0.9182,-0.3733,-0.5142,46.0763,20.3359,72.1221
299423.9312,329319,190,0.9546,-0.3748,-0.4868,54.7176,13.5115,73.4198
299423.9312,329329,190,0.9836,-0.3606,-0.4590,63.3435,9.2061,73.4656
299423.9312,329339,190,1.0166,-0.3381,-0.4277,70.1221,7.6336,73.1908
299423.9312,329349,190,1.0388,-0.3127,-0.4038,74.5496,9.3282,73.5267
299423.9312,329359,190,1.0420,-0.2847,-0.3855,76.5038,13.0992,74.7634
299424.0516,329369,191,1.0325,-0.2473,-0.3682,76.1832,17.2977,76.7939
299424.0516,329379,191,1.0088,-0.2041,-0.3562,73.6641,20.5802,79.1450
299424.0516,329389,191,0.9827,-0.1562,-0.3477,68.7023,22.3817,81.3282
299424.0516,329399,191,0.9580,-0.1189,-0.3381,61.5115,23.4962,81.8473
299424.0516,329409,191,0.9321,-0.1003,-0.3276,53.2366,25.2214,80.3664
299424.0516,329419,191,0.9026,-0.0874,-0.3203,45.1908,27.1908,77.2366
299424.0516,329429,191,0.8804,-0.0818,-0.3176,37.7557,28.7939,73.0687
299424.0516,329439,191,0.8608,-0.0847,-0.3159,30.8092,29.7252,68.2443
299424.0516,329449,191,0.8462,-0.0930,-0.3181,24.8550,30.3817,63.1298
299424.0516,329459,191,0.8259,-0.0974,-0.3225,20.0763,31.3740,58.0763
299424.1119,329469,192,0.8035,-0.1038,-0.3274,15.9389,32.5649,53.0229
299424.1119,329479,192,0.7874,-0.1050,-0.3308,12.0611,32.8855,48.0458
299424.1119,329489,192,0.7642,-0.1106,-0.3401,8.5954,32.3969,42.9618
299424.1119,329499,192,0.7476,-0.1191,-0.3479,5.5420,31.1603,37.6183
299424.1119,329509,192,0.7368,-0.1248,-0.3489,3.4351,29.2672,32.0458
299424.1119,329519,192,0.7371,-0.1287,-0.3589,2.5191,26.7176,26.5191
299424.1119,329529,192,0.7366,-0.1218,-0.3538,2.6870,24.3359,20.9771
299424.1119,329539,192,0.7393,-0.1116,-0.3550,2.6107,22.1527,15.0076
299424.1119,329549,192,0.7463,-0.1021,-0.3411,2.0611,19.6336,8.5191
299424.1119,329559,192,0.7578,-0.0942,-0.3384,0.5954,16.8092,1.7252
299424.2314,329569,193,0.7695,-0.0994,-0.3252,-2.1832,14.9160,-5.0840
299424.2314,329579,193,0.7759,-0.1096,-0.3145,-5.6489,14.2290,-11.5267
299424.2314,329589,193,0.7764,-0.1157,-0.3081,-9.3130,13.6794,-16.8702
299424.2314,329599,193,0.7761,-0.1274,-0.3018,-13.2366,13.0840,-21.3130
299424.2314,329609,193,0.7754,-0.1299,-0.2976,-17.4504,12.2137,-25.5573
299424.2314,329619,193,0.7769,-0.1311,-0.2932,-21.9847,10.8702,-29.4198
299424.2314,329629,193,0.7947,-0.1270,-0.2930,-26.4427,9.2366,-32.7634
299424.2314,329639,193,0.8455,-0.1028,-0.3020,-30.5191,7.3435,-35.5267
299424.2314,329649,193,0.8950,-0.0745,-0.3210,-34.9924,6.6565,-38.5496
299424.2314,329659,193,0.9458,-0.0493,-0.3464,-41.0687,8.0611,-42.9924
299424.3521,329669,194,0.9983,-0.0103,-0.3872,-48.9313,9.6947,-46.6412
299424.3521,329679,194,1.0400,0.0232,-0.4370,-57.1908,10.9924,-51.4351
299424.3521,329689,194,1.0720,0.0432,-0.4929,-66.9924,12.2290,-60.1374
299424.3521,329699,194,1.0811,0.0269,-0.5317,-79.6489,14.1679,-69.6641
299424.3521,329709,194,1.0615,-0.0112,-0.5667,-92.6412,15.5573,-79.8321
299424.3521,329719,194,1.0176,-0.0818,-0.5928,-103.3130,14.9771,-92.1374
299424.3521,329729,194,0.9634,-0.1921,-0.6101,-110.1069,12.1527,-106.0153
299424.3521,329739,194,0.8953,-0.3369,-0.6184,-113.5573,6.1832,-118.7328
299424.3521,329749,194,0.8228,-0.4636,-0.5952,-109.9847,-3.9084,-128.0153
299424.3521,329759,194,0.7900,-0.5569,-0.5715,-98.6870,-18.7634,-133.2214
299424.4118,329769,195,0.7954,-0.6545,-0.5391,-84.5649,-34.6107,-134.9008
299424.4118,329779,195,0.8228,-0.7244,-0.4717,-66.9618,-49.7405,-131.4046
299424.4118,329789,195,0.8757,-0.7520,-0.4038,-45.3740,-65.4351,-121.0076
299424.4118,329799,195,0.9717,-0.7290,-0.3230,-22.7939,-78.6718,-105.1908
299424.4118,329809,195,1.0630,-0.6528,-0.2542,-2.4427,-85.0534,-85.4656
299424.4118,329819,195,1.1252,-0.5190,-0.1814,11.5115,-85.4809,-61.8321
299424.4118,329829,195,1.1958,-0.3716,-0.1260,17.8626,-82.6107,-38.9160
299424.4118,329839,195,1.2588,-0.2473,-0.1072,13.8015,-75.1298,-20.9466
299424.4118,329849,195,1.2769,-0.1433,-0.1013,1.5878,-61.2977,-8.0000
299424.4118,329859,195,1.2766,-0.0701,-0.1306,-16.2443,-45.2672,0.5038
299424.5319,329869,196,1.2510,-0.0403,-0.1833,-37.4046,-27.4656,3.1450
299424.5319,329879,196,1.1924,-0.0503,-0.2327,-58.5649,-7.8015,0.4885
299424.5319,329889,196,1.1116,-0.0833,-0.2888,-77.2824,8.9924,-5.2672
299424.5319,329899,196,1.0410,-0.1458,-0.3291,-92.6718,19.7405,-11.6794
299424.5319,329909,196,0.9819,-0.2361,-0.3708,-103.3130,23.9237,-16.4427
299424.5319,329919,196,0.9407,-0.3044,-0.3962,-108.8855,24.0153,-18.7176
299424.5319,329929,196,0.8953,-0.3499,-0.4141,-112.3664,22.4427,-14.9313
299424.5319,329939,196,0.8655,-0.3711,-0.4338,-113.7099,18.5038,-7.3588
299424.5319,329949,196,0.8413,-0.3928,-0.4492,-113.5115,13.9542,0.0611
299424.5319,329959,196,0.8213,-0.4214,-0.4609,-111.8321,9.4198,6.5191
299424.7709,329969,197,0.7988,-0.4363,-0.4595,-107.1450,3.4962,12.7023
299424.7709,329979,197,0.8008,-0.4290,-0.4326,-98.3053,-6.0000,17.8168
299424.7709,329989,197,0.8298,-0.4011,-0.3862,-86.6260,-17.8626,19.7557
299424.7709,329999,197,0.8701,-0.3813,-0.3438,-74.8702,-26.5802,17.9847
299424.7709,330009,197,0.8994,-0.3711,-0.3074,-64.0763,-29.0534,14.3206
299424.7709,330019,197,0.9255,-0.3569,-0.2717,-53.5115,-28.4427,9.9847
299424.7709,330029,197,0.9424,-0.3459,-0.2515,-44.0000,-27.4198,6.2901
299424.7709,330039,197,0.9609,-0.3296,-0.2329,-36.5496,-25.8473,3.7252
299424.7709,330049,197,0.9741,-0.3174,-0.2209,-32.1527,-23.6794,2.4275
299424.7709,330059,197,0.9814,-0.3191,-0.2122,-31.8168,-21.5878,2.5191
299424.7728,330069,198,0.9841,-0.3286,-0.2053,-34.2443,-19.5267,4.1985
299424.7728,330079,198,0.9878,-0.3398,-0.1997,-37.2061,-18.5038,7.3740
299424.7728,330089,198,0.9897,-0.3486,-0.2026,-39.7099,-17.8168,11.5267
299424.7728,330099,198,0.9810,-0.3501,-0.1995,-41.0076,-15.8779,15.1756
299424.7728,330109,198,0.9722,-0.3547,-0.2058,-41.1298,-12.8702,17.8626
299424.7728,330119,198,0.9561,-0.3555,-0.2141,-39.8321,-9.7863,19.4504
299424.7728,330129,198,0.9385,-0.3628,-0.2271,-36.4580,-7.2977,19.8626
299424.7728,330139,198,0.9329,-0.3647,-0.2302,-31.5420,-6.0458,19.0534
299424.7728,330149,198,0.9387,-0.3630,-0.2368,-25.8779,-6.0916,17.5420
299424.7728,330159,198,0.9490,-0.3616,-0.2329,-20.9618,-7.1298,16.2595
299424.8319,330169,199,0.9714,-0.3667,-0.2354,-17.5573,-7.9542,15.7863
299424.8319,330179,199,0.9836,-0.3706,-0.2366,-15.2366,-7.2214,16.1527
299424.8319,330189,199,0.9971,-0.3704,-0.2307,-13.8321,-5.8626,17.2214
299424.8319,330199,199,1.0022,-0.3831,-0.2375,-13.8779,-4.1679,18.8092
299424.8319,330209,199,1.0078,-0.3960,-0.2510,-14.9924,-2.2290,21.4504
299424.8319,330219,199,1.0090,-0.4116,-0.2610,-16.9313,-0.9466,25.3130
299424.8319,330229,199,1.0103,-0.4214,-0.2700,-20.1679,-0.1832,30.5649
299424.8319,330239,199,1.0046,-0.4368,-0.2952,-24.3969,0.2748,36.7176
299424.8319,330249,199,0.9902,-0.4558,-0.3213,-28.2290,0.4733,42.3817
299424.8319,330259,199,0.9690,-0.4753,-0.3423,-30.0153,0.1374,46.7328
299424.9514,330269,200,0.9531,-0.4951,-0.3503,-29.6489,-2.5496,50.3206
299424.9514,330279,200,0.9548,-0.5071,-0.3516,-26.9771,-7.3130,53.0687
299424.9514,330289,200,0.9536,-0.5100,-0.3447,-22.5954,-11.6336,55.6183
299424.9514,330299,200,0.9600,-0.4966,-0.3235,-17.5115,-15.1603,58.6107
299424.9514,330309,200,0.9807,-0.4863,-0.2939,-13.3435,-17.8321,62.1374
299424.9514,330319,200,0.9956,-0.4714,-0.2656,-12.1832,-17.2366,65.4809
299424.9514,330329,200,0.9990,-0.4600,-0.2407,-14.4580,-14.9008,68.7023
299424.9514,330339,200,0.9966,-0.4712,-0.2197,-17.5420,-12.8702,71.8626
299424.9514,330349,200,0.9958,-0.4719,-0.2275,-18.2137,-10.5954,73.6641
299424.9514,330359,200,0.9819,-0.4849,-0.2085,-18.5496,-6.5802,75.7557
299425.0118,330369,201,0.9890,-0.4783,-0.1917,-15.5878,-4.4427,76.6565
299425.0118,330379,201,1.0154,-0.4607,-0.1311,-12.5802,-1.7557,78.8244
299425.0118,330389,201,1.0466,-0.4485,-0.0703,-10.9924,3.9847,84.2595
299425.0118,330399,201,1.0630,-0.4290,-0.0430,-8.5038,15.1298,88.8092
299425.0118,330409,201,1.0476,-0.4060,-0.0796,-7.8321,30.0916,87.5725
299425.0118,330419,201,0.9893,-0.4136,-0.1526,-12.9466,44.2748,82.3359
299425.0118,330429,201,0.9189,-0.4385,-0.2195,-18.0611,51.8931,75.6947
299425.0118,330439,201,0.8799,-0.4668,-0.2756,-17.1298,50.7023,68.5191
299425.0118,330449,201,0.8503,-0.4690,-0.3140,-7.6031,46.6870,60.5191
299425.0118,330459,201,0.8293,-0.4539,-0.3416,6.8702,44.1832,50.3817
299425.1320,330469,202,0.8174,-0.4417,-0.3657,20.6870,42.6107,38.3206
299425.1320,330479,202,0.8181,-0.4407,-0.3906,32.6260,41.9542,26.1985
299425.1320,330489,202,0.8867,-0.4272,-0.4209,45.3435,38.9618,16.4733
299425.1320,330499,202,0.9880,-0.4126,-0.4575,57.6031,37.0229,8.3664
299425.1320,330509,202,1.0535,-0.3879,-0.5005,68.8244,41.3130,0.0305
299425.1320,330519,202,1.0725,-0.3857,-0.5676,78.1374,47.7252,-9.6947
299425.1320,330529,202,1.0432,-0.3950,-0.6514,87.2977,55.0382,-23.5420
299425.1320,330539,202,0.9814,-0.4197,-0.7070,98.6412,58.5954,-40.4427
299425.1320,330549,202,0.9197,-0.4585,-0.7322,111.5573,53.0382,-57.7252
299425.1320,330559,202,0.8801,-0.5110,-0.7466,124.5344,40.6107,-74.8397
299425.2521,330569,203,0.8643,-0.5737,-0.7185,136.2748,26.3053,-90.1221
299425.2521,330579,203,0.8538,-0.6353,-0.6638,145.6641,13.9084,-99.1603
299425.2521,330589,203,0.8369,-0.6589,-0.6089,154.7481,4.5496,-100.7939
299425.2521,330599,203,0.8479,-0.7000,-0.5530,163.1450,-0.8550,-97.8779
299425.2521,330609,203,0.8303,-0.7249,-0.5110,171.9237,-0.6107,-91.5115
299425.2521,330619,203,0.7979,-0.7502,-0.4893,179.7710,-0.7328,-81.4656
299425.2521,330629,203,0.7874,-0.7466,-0.4797,188.6565,-3.9237,-69.3893
299425.2521,330639,203,0.7896,-0.7349,-0.5022,198.5802,-8.9313,-56.3969
299425.2521,330649,203,0.7878,-0.6853,-0.5247,210.3817,-10.1832,-45.3588
299425.2521,330659,203,0.7773,-0.6062,-0.5374,221.4962,-11.0229,-35.7863
299425.3110,330669,204,0.7886,-0.5093,-0.5564,227.4351,-15.3130,-28.0305
299425.3110,330679,204,0.7935,-0.4443,-0.5835,224.4733,-19.0229,-22.2137
299425.3110,330689,204,0.7869,-0.4106,-0.6008,214.9160,-21.1145,-17.7710
299425.3110,330699,204,0.7678,-0.3879,-0.6101,202.4885,-24.6412,-14.1527
299425.3110,330709,204,0.7520,-0.3987,-0.5977,187.0687,-30.3664,-10.8855
299425.3110,330719,204,0.7305,-0.4253,-0.5947,171.2977,-36.7481,-8.7176
299425.3110,330729,204,0.7085,-0.4607,-0.5869,158.0305,-43.4809,-7.3588
299425.3110,330739,204,0.6992,-0.4966,-0.5701,148.8855,-50.0611,-5.7252
299425.3110,330749,204,0.6938,-0.5281,-0.5444,145.2061,-56.3359,-3.8779
299425.3110,330759,204,0.6968,-0.5354,-0.5022,145.9542,-62.0305,-2.3359
299425.4319,330769,205,0.7173,-0.5242,-0.4600,148.1679,-66.4122,-1.4656
299425.4319,330779,205,0.7551,-0.5205,-0.4072,148.5496,-67.5115,-1.1450
299425.4319,330789,205,0.7585,-0.5232,-0.3752,146.1069,-63.8779,-0.6107
299425.4319,330799,205,0.7529,-0.5337,-0.3591,141.6641,-59.4962,0.3053
299425.4319,330809,205,0.7583,-0.5386,-0.3528,136.1985,-57.7557,2.3817
299425.4319,330819,205,0.7715,-0.5525,-0.3489,130.7176,-57.9389,5.2214
299425.4319,330829,205,0.7776,-0.5513,-0.3477,125.4198,-57.8168,9.5573
299425.4319,330839,205,0.7842,-0.5403,-0.3513,120.5802,-57.6489,13.9695
299425.4319,330849,205,0.7886,-0.5249,-0.3552,116.0916,-57.8168,17.1145
299425.4319,330859,205,0.7944,-0.5068,-0.3540,112.1832,-58.5649,18.7481
299425.5517,330869,206,0.8142,-0.4944,-0.3533,109.2214,-59.5267,18.7786
299425.5517,330879,206,0.8384,-0.4797,-0.3459,108.4580,-60.0305,17.0687
299425.5517,330889,206,0.8662,-0.4546,-0.3303,107.8473,-60.3664,15.1756
299425.5517,330899,206,0.8806,-0.4302,-0.3193,105.6641,-59.4198,13.3588
299425.5517,330909,206,0.8867,-0.4209,-0.3123,101.4046,-58.1527,10.4733
299425.5517,330919,206,0.8899,-0.4187,-0.3071,95.5115,-57.3740,6.9008
299425.5517,330929,206,0.8958,-0.4390,-0.3025,89.1450,-57.1908,3.5420
299425.5517,330939,206,0.8992,-0.4717,-0.2971,83.5573,-56.1069,0.3969
299425.5517,330949,206,0.8977,-0.5017,-0.3030,79.6031,-54.3359,-1.8931
299425.5517,330959,206,0.8887,-0.5403,-0.2969,77.3740,-53.7710,-2.4275
299425.6115,330969,207,0.8870,-0.5520,-0.2920,77.6947,-54.7328,-2.2290
299425.6115,330979,207,0.8950,-0.5505,-0.2744,79.5878,-56.8855,-1.5420
299425.6115,330989,207,0.9011,-0.5300,-0.2593,82.0763,-58.8855,-0.3817
299425.6115,330999,207,0.9075,-0.4993,-0.2390,84.0305,-60.6107,-0.1527
299425.6115,331009,207,0.9143,-0.4673,-0.2114,84.5038,-60.0000,-0.8092
299425.6115,331019,207,0.9165,-0.4468,-0.1855,83.2366,-58.8092,-2.4580
299425.6115,331029,207,0.9094,-0.4524,-0.1738,79.1145,-58.3053,-4.7328
299425.6115,331039,207,0.8962,-0.4429,-0.1538,75.0992,-57.4046,-6.4580
299425.6115,331049,207,0.8928,-0.4519,-0.1565,72.6260,-56.9618,-9.3282
299425.6115,331059,207,0.8965,-0.4783,-0.1465,71.4351,-55.9847,-14.2901
299425.7319,331069,208,0.8896,-0.4937,-0.1377,71.4809,-55.5420,-18.4427
299425.7319,331079,208,0.8972,-0.4995,-0.1331,71.8931,-56.2137,-20.0916
299425.7319,331089,208,0.8989,-0.4939,-0.1279,72.3664,-56.2748,-20.3359
299425.7319,331099,208,0.8975,-0.4763,-0.1101,71.5115,-56.1679,-19.0840
299425.7319,331109,208,0.9009,-0.4431,-0.1016,68.3511,-58.0458,-15.2672
299425.7319,331119,208,0.9011,-0.4038,-0.1038,62.4122,-59.2824,-11.0687
299425.7319,331129,208,0.9023,-0.3708,-0.1101,55.0687,-58.3359,-7.7405
299425.7319,331139,208,0.8987,-0.3555,-0.1177,47.5420,-55.8015,-5.4656
299425.7319,331149,208,0.9175,-0.3337,-0.1250,41.8321,-53.3740,-4.5954
299425.7319,331159,208,0.9675,-0.3286,-0.1409,37.3435,-50.5802,-4.1069
299425.8520,331169,209,1.0305,-0.3525,-0.1633,34.5954,-47.2366,-3.9084
299425.8520,331179,209,1.0942,-0.3782,-0.1775,35.4351,-41.9389,-4.7939
299425.8520,331189,209,1.2000,-0.4292,-0.1843,39.3435,-38.8855,-6.4275
299425.8520,331199,209,1.2993,-0.4307,-0.2007,46.8397,-38.9771,-4.4122
299425.8520,331209,209,1.3101,-0.3481,-0.2498,55.6794,-33.3282,4.4885
299425.8520,331219,209,1.2690,-0.2439,-0.3359,60.8855,-23.0076,13.0382
299425.8520,331229,209,1.1946,-0.1448,-0.4353,62.8244,-7.8779,12.7786
299425.8520,331239,209,1.0596,-0.0771,-0.4961,59.1756,11.4198,3.0076
299425.8520,331249,209,0.9238,-0.0684,-0.5366,49.0076,26.2748,-12.5038
299425.8520,331259,209,0.8062,-0.1023,-0.5493,36.2290,31.4351,-24.6565
299425.9712,331269,210,0.7100,-0.1558,-0.5383,26.3969,24.8550,-29.8321
299425.9712,331279,210,0.6619,-0.1848,-0.5049,23.8015,6.5191,-28.6718
299425.9712,331289,210,0.6545,-0.1799,-0.4485,27.3588,-19.2977,-23.6947
299425.9712,331299,210,0.7092,-0.1506,-0.3623,31.6336,-47.8168,-17.1756
299425.9712,331309,210,0.7659,-0.1013,-0.2681,32.6260,-71.2061,-11.1908
299425.9712,331319,210,0.8008,-0.0698,-0.2048,27.7863,-84.6565,-6.8397
299425.9712,331329,210,0.8533,-0.0554,-0.1548,19.4351,-88.9313,-4.3969
299425.9712,331339,210,0.9197,-0.0361,-0.1230,11.6336,-85.6031,-2.2901
299425.9712,331349,210,0.9832,0.0022,-0.1064,6.1985,-74.6565,-0.4122
299425.9712,331359,210,1.0383,0.0530,-0.1077,3.6641,-58.0458,-1.0840
299426.0313,331369,211,1.0840,0.1152,-0.1321,1.1298,-38.0916,-5.1145
299426.0313,331379,211,1.0901,0.1521,-0.1609,-6.7176,-16.0611,-12.0611
299426.0313,331389,211,1.0759,0.1628,-0.1960,-19.8779,2.5496,-19.5420
299426.0313,331399,211,1.0479,0.1453,-0.2432,-34.8092,12.7328,-24.9771
299426.0313,331409,211,1.0203,0.1094,-0.2786,-47.6031,16.7481,-29.8015
299426.0313,331419,211,1.0034,0.0798,-0.2849,-57.0687,16.5191,-33.6183
299426.0313,331429,211,0.9966,0.0513,-0.2893,-64.4427,11.5115,-34.4580
299426.0313,331439,211,0.9990,0.0244,-0.2979,-71.4809,6.6412,-36.5038
299426.0313,331449,211,0.9856,-0.0215,-0.2930,-80.2748,6.5038,-40.7328
299426.0313,331459,211,0.9705,-0.0764,-0.3000,-90.4885,8.4427,-44.0916
299426.1515,331469,212,0.9719,-0.1663,-0.3320,-100.5191,10.4733,-45.1450
299426.1515,331479,212,0.9497,-0.2590,-0.3604,-105.7252,15.1908,-44.2748
299426.1515,331489,212,0.9136,-0.3171,-0.3809,-104.0458,18.2901,-41.7252
299426.1515,331499,212,0.9099,-0.3669,-0.3760,-98.7176,14.7328,-37.0992
299426.1515,331509,212,0.9446,-0.3940,-0.3506,-89.4656,6.8092,-32.2137
299426.1515,331519,212,0.9829,-0.3582,-0.3140,-75.3588,0.4275,-27.8931
299426.1515,331529,212,1.0171,-0.3047,-0.2656,-62.5344,0.3664,-24.7176
299426.1515,331539,212,1.0269,-0.2437,-0.2417,-54.1679,8.2443,-23.4198
299426.1515,331549,212,1.0144,-0.1863,-0.2471,-49.9237,19.5115,-24.0305
299426.1515,331559,212,0.9971,-0.1597,-0.2715,-50.9771,29.8168,-26.7328
299426.2118,331569,213,0.9817,-0.1558,-0.2952,-55.6031,38.7328,-29.2214
299426.2118,331579,213,0.9746,-0.1599,-0.3347,-59.9695,44.3969,-30.2290
299426.2118,331589,213,0.9641,-0.1665,-0.3577,-64.0763,46.7634,-30.2137
299426.2118,331599,213,0.9565,-0.1641,-0.3682,-69.8931,44.8244,-27.7405
299426.2118,331609,213,0.9490,-0.1472,-0.3550,-79.0687,37.4046,-20.8244
299426.2118,331619,213,0.9451,-0.1111,-0.3333,-90.9313,26.3053,-12.1374
299426.2118,331629,213,0.9517,-0.0977,-0.2976,-105.7405,15.8015,-4.7328
299426.2118,331639,213,0.9666,-0.1174,-0.2703,-120.7634,11.8779,-0.5496
299426.2118,331649,213,0.9709,-0.1558,-0.2693,-132.7176,15.5573,0.3359
299426.2118,331659,213,0.9592,-0.2046,-0.2827,-141.3740,23.1603,-0.1527
299426.3317,331669,214,0.9238,-0.2546,-0.3088,-147.2824,29.7405,-0.4427
299426.3317,331679,214,0.9006,-0.3030,-0.3284,-150.5802,30.5954,0.9160
299426.3317,331689,214,0.9082,-0.3508,-0.3450,-150.5038,24.3511,5.1603
299426.3317,331699,214,0.9236,-0.3589,-0.3499,-145.2366,15.1603,11.1145
299426.3317,331709,214,0.9517,-0.3179,-0.3386,-136.0305,4.5954,16.1985
299426.3317,331719,214,0.9871,-0.2764,-0.3230,-128.9771,-5.5573,20.9160
299426.3317,331729,214,1.0273,-0.2515,-0.3225,-126.7634,-12.1985,23.6031
299426.3317,331739,214,1.0625,-0.2517,-0.3447,-127.6947,-13.5420,23.5115
299426.3317,331749,214,1.0837,-0.2649,-0.3655,-129.2366,-10.7634,22.6870
299426.3317,331759,214,1.0759,-0.2876,-0.4028,-129.4656,-5.7710,21.2672
299426.4515,331769,215,1.0605,-0.3203,-0.4470,-127.2214,-2.2901,18.7023
299426.4515,331779,215,1.0376,-0.3518,-0.4724,-121.1908,-2.2595,14.5496
299426.4515,331789,215,1.0439,-0.3708,-0.4915,-111.7710,-6.5344,10.8855
299426.4515,331799,215,1.0889,-0.3792,-0.5164,-100.9160,-13.0534,8.5344
299426.4515,331809,215,1.1362,-0.3967,-0.5295,-91.0840,-18.1832,5.6031
299426.4515,331819,215,1.2078,-0.4207,-0.5278,-81.1603,-21.1298,0.0611
299426.4515,331829,215,1.3005,-0.4644,-0.5117,-71.3130,-24.3817,-4.1069
299426.4515,331839,215,1.3728,-0.4993,-0.5024,-61.0840,-22.5954,-7.9084
299426.4515,331849,215,1.4182,-0.5295,-0.4802,-51.8626,-18.4427,-11.8779
299426.4515,331859,215,1.4429,-0.5498,-0.4485,-46.2901,-15.4962,-12.3664
299426.5123,331869,216,1.4082,-0.5649,-0.4004,-46.1374,-12.0305,-9.1298
299426.5123,331879,216,1.3181,-0.5769,-0.3459,-50.1527,-9.2214,-3.3130
299426.5123,331889,216,1.2090,-0.5947,-0.3062,-55.3893,-7.9542,4.9924
299426.5123,331899,216,1.0891,-0.6094,-0.2715,-58.4885,-5.1298,14.4427
299426.5123,331909,216,0.9707,-0.6113,-0.2339,-58.4275,-2.4122,23.8931
299426.5123,331919,216,0.8828,-0.6050,-0.2104,-56.2748,-3.2061,33.5878
299426.5123,331929,216,0.8313,-0.5872,-0.1958,-51.2672,-6.1679,42.5344
299426.5123,331939,216,0.8127,-0.5483,-0.1707,-43.2824,-10.3817,50.4122
299426.5123,331949,216,0.8311,-0.5010,-0.1509,-33.0076,-14.7328,57.8626
299426.5123,331959,216,0.8723,-0.4724,-0.1453,-21.6031,-16.7481,62.8550
299426.6317,331969,217,0.9092,-0.4287,-0.1448,-10.2443,-14.3053,65.2824
299426.6317,331979,217,0.9519,-0.3606,-0.1479,1.0382,-9.8321,65.1298
299426.6317,331989,217,0.9985,-0.3042,-0.1621,9.1908,-3.7099,62.2901
299426.6317,331999,217,1.0342,-0.2573,-0.1821,13.6947,5.5420,57.2824
299426.6317,332009,217,1.0496,-0.2180,-0.2217,14.4885,16.4427,49.4046
299426.6317,332019,217,1.0425,-0.2075,-0.2607,10.9466,27.5573,40.2443
299426.6317,332029,217,1.0154,-0.2358,-0.3147,3.4198,38.1221,32.2595
299426.6317,332039,217,0.9773,-0.2993,-0.3652,-4.1374,47.6489,26.4122
299426.6317,332049,217,0.9382,-0.3469,-0.4033,-8.9008,54.3359,24.1832
299426.6317,332059,217,0.9036,-0.3623,-0.4263,-13.0534,55.9237,26.1832
299426.8118,332069,218,0.8806,-0.3843,-0.4346,-17.9847,53.6947,29.1145
299426.8118,332079,218,0.8816,-0.4312,-0.4492,-24.0458,50.9466,32.3511
299426.8118,332089,218,0.8777,-0.4646,-0.4492,-29.0229,48.7939,38.7023
299426.8118,332099,218,0.8787,-0.4861,-0.4507,-31.1756,45.6641,47.1756
299426.8118,332109,218,0.8862,-0.4995,-0.4512,-31.6336,41.7099,55.8931
299426.8118,332119,218,0.8987,-0.5063,-0.4475,-30.8550,38.1221,63.8168
299426.8118,332129,218,0.9138,-0.5127,-0.4583,-28.4122,36.2443,70.2443
299426.8118,332139,218,0.9170,-0.5144,-0.4656,-24.6718,35.6947,74.9008
299426.8118,332149,218,0.9189,-0.5098,-0.4739,-19.4198,35.3893,78.1221
299426.8118,332159,218,0.9121,-0.5068,-0.4919,-12.8244,34.8244,80.3511
299426.8137,332169,219,0.9092,-0.4949,-0.5002,-5.7710,33.2519,82.1374
299426.8137,332179,219,0.9089,-0.4824,-0.5007,1.8015,31.0840,83.7405
299426.8137,332189,219,0.9119,-0.4617,-0.4973,9.2366,28.6565,85.4198
299426.8137,332199,219,0.8999,-0.4343,-0.4983,15.9542,25.7405,87.0076
299426.8137,332209,219,0.8855,-0.4001,-0.4871,21.8015,22.4275,87.7863
299426.8137,332219,219,0.8809,-0.3611,-0.4739,26.9160,18.4427,87.2061
299426.8137,332229,219,0.8765,-0.3301,-0.4600,30.8702,14.8550,85.0076
299426.8137,332239,219,0.8696,-0.3079,-0.4456,34.1832,12.2137,81.7252
299426.8137,332249,219,0.8665,-0.2834,-0.4253,37.5115,10.1374,77.6489
299426.8137,332259,219,0.8569,-0.2659,-0.4158,40.5496,8.6260,72.7939
299427.1714,332269,220,0.8491,-0.2461,-0.3970,43.3435,7.7557,67.1756
299427.1714,332279,220,0.8435,-0.2261,-0.3813,46.0000,7.1603,61.2519
299427.1714,332289,220,0.8362,-0.2039,-0.3640,48.3664,7.3435,55.1756
299427.1714,332299,220,0.8254,-0.1809,-0.3459,50.1221,8.3817,48.5191
299427.1714,332309,220,0.8047,-0.1604,-0.3352,49.9847,9.6336,41.6641
299427.1714,332319,220,0.7874,-0.1438,-0.3252,47.5115,10.0611,35.1145
299427.1714,332329,220,0.7705,-0.1331,-0.3108,43.0382,9.5725,29.1756
299427.1714,332339,220,0.7632,-0.1306,-0.2920,37.3435,8.6412,23.2519
299427.1714,332349,220,0.7600,-0.1404,-0.2878,31.0382,7.0840,17.8626
299427.1714,332359,220,0.7542,-0.1470,-0.2769,24.7176,5.2672,13.2672
299427.2309,332369,221,0.7468,-0.1584,-0.2727,18.3206,3.8473,9.2977
299427.2309,332379,221,0.7451,-0.1646,-0.2671,12.9313,2.5038,5.6031
299427.2309,332389,221,0.7500,-0.1675,-0.2620,8.8092,1.1298,1.5573
299427.2309,332399,221,0.7483,-0.1707,-0.2585,5.6641,-0.0305,-3.1450
299427.2309,332409,221,0.7573,-0.1631,-0.2512,3.5725,-0.8550,-8.8244
299427.2309,332419,221,0.7651,-0.1704,-0.2407,2.0153,-1.2366,-15.3435
299427.2309,332429,221,0.7656,-0.1763,-0.2310,1.7405,-1.2824,-22.7328
299427.2309,332439,221,0.7854,-0.1682,-0.2319,2.6565,-2.1679,-30.5191
299427.2309,332449,221,0.8638,-0.1497,-0.2334,3.7099,-3.3588,-36.5496
299427.2309,332459,221,0.9353,-0.1116,-0.2515,4.5038,-1.4198,-42.8855
299427.2330,332469,222,1.0012,-0.0659,-0.2773,2.1679,2.1985,-51.1756
299427.2330,332479,222,1.0723,-0.0588,-0.3452,-4.5496,6.0458,-59.5573
299427.2330,332489,222,1.0991,-0.0513,-0.4043,-13.0382,12.5954,-68.2290
299427.2330,332499,222,1.0449,-0.0518,-0.4500,-21.4351,18.8092,-78.4885
299427.2330,332509,222,0.9426,-0.1038,-0.4607,-31.0229,20.1679,-92.5496
299427.2330,332519,222,0.8384,-0.1978,-0.4509,-38.8855,14.1374,-108.0916
299427.2330,332529,222,0.7739,-0.3242,-0.4185,-41.6641,2.3817,-122.6107
299427.2330,332539,222,0.7603,-0.4412,-0.3650,-38.1679,-10.9771,-133.5420
299427.2330,332549,222,0.7756,-0.5134,-0.3079,-28.0916,-23.0229,-140.1069
299427.2330,332559,222,0.8337,-0.5784,-0.2644,-17.2214,-32.4580,-143.7557
299427.2352,332569,223,0.8950,-0.6521,-0.2234,-7.7099,-35.4656,-144.0458
299427.2352,332579,223,0.9661,-0.6848,-0.1826,2.5954,-34.9160,-139.5725
299427.2352,332589,223,1.0500,-0.6941,-0.1487,13.1145,-34.4427,-129.8168
299427.2352,332599,223,1.1184,-0.6938,-0.1326,23.1756,-32.7176,-117.5420
299427.2352,332609,223,1.1626,-0.6665,-0.1255,33.9237,-29.3435,-104.7328
299427.2352,332619,223,1.1929,-0.6072,-0.1201,43.1450,-24.2748,-91.7710
299427.2352,332629,223,1.1897,-0.5391,-0.1313,46.5038,-16.9160,-79.0076
299427.2352,332639,223,1.1404,-0.4680,-0.1616,45.2214,-8.1527,-67.7863
299427.2352,332649,223,1.0657,-0.3923,-0.1978,40.3969,-0.0305,-58.8550
299427.2352,332659,223,1.0046,-0.3311,-0.2283,31.9542,3.9542,-49.8931
299427.3509,332669,224,0.9417,-0.2793,-0.2493,20.4427,3.3130,-40.7634
299427.3509,332679,224,0.8770,-0.2483,-0.2615,6.3053,0.1832,-32.1374
299427.3509,332689,224,0.8323,-0.2249,-0.2532,-8.4122,-4.7481,-24.9618
299427.3509,332699,224,0.8127,-0.2200,-0.2441,-22.6870,-10.7023,-19.8168
299427.3509,332709,224,0.8154,-0.2502,-0.2471,-36.4122,-15.6947,-15.2977
299427.3509,332719,224,0.8154,-0.2876,-0.2578,-46.0305,-17.1908,-12.2137
299427.3509,332729,224,0.8030,-0.3149,-0.2761,-50.1069,-15.9847,-10.9008
299427.3509,332739,224,0.7847,-0.3372,-0.2947,-48.9313,-15.5267,-11.5573
299427.3509,332749,224,0.7729,-0.3611,-0.3259,-42.5191,-16.3206,-15.4046
299427.3509,332759,224,0.7651,-0.3826,-0.3491,-30.7786,-17.5878,-23.3740
299427.5295,332769,225,0.7629,-0.4038,-0.3643,-14.7176,-19.5878,-34.2290
299427.5295,332779,225,0.7690,-0.4290,-0.3735,4.3817,-21.2977,-46.9466
299427.5295,332789,225,0.7798,-0.4502,-0.3696,25.3282,-22.9160,-60.1832
299427.5295,332799,225,0.7937,-0.4553,-0.3635,45.7099,-25.8168,-72.2748
299427.5295,332809,225,0.8218,-0.4492,-0.3367,63.8473,-30.2290,-82.3817
299427.5295,332819,225,0.8704,-0.4626,-0.3047,77.2366,-35.4809,-89.5725
299427.5295,332829,225,0.9141,-0.4795,-0.2759,87.3435,-37.6794,-94.4122
299427.5295,332839,225,0.9475,-0.4866,-0.2561,94.6870,-37.6031,-96.1374
299427.5295,332849,225,0.9783,-0.4956,-0.2280,98.7328,-37.8626,-94.1374
299427.5295,332859,225,1.0137,-0.4934,-0.2131,100.0763,-38.8702,-89.4656
299427.5325,332869,226,1.0520,-0.4841,-0.1997,99.3435,-39.1298,-84.0458
299427.5325,332879,226,1.0869,-0.4897,-0.1843,96.2595,-37.4656,-78.3817
299427.5325,332889,226,1.1094,-0.4949,-0.1780,91.2366,-33.6031,-71.8321
299427.5325,332899,226,1.1213,-0.5134,-0.1836,85.2061,-28.9008,-64.2595
299427.5325,332909,226,1.1292,-0.5273,-0.1968,79.7710,-23.8931,-55.8779
299427.5325,332919,226,1.1284,-0.5291,-0.2043,75.7557,-19.5267,-46.7023
299427.5325,332929,226,1.1401,-0.5183,-0.2236,72.1527,-16.9008,-36.3053
299427.5325,332939,226,1.1440,-0.5103,-0.2434,68.7939,-13.5420,-25.9389
299427.5325,332949,226,1.1267,-0.5024,-0.2559,65.7710,-9.2214,-16.7176
299427.5325,332959,226,1.1016,-0.5015,-0.2778,62.9618,-5.1298,-8.6107
299427.6520,332969,227,1.0698,-0.4998,-0.3037,61.3435,-1.6031,-1.2061
299427.6520,332979,227,1.0378,-0.4856,-0.3191,60.6718,0.6718,6.0458
299427.6520,332989,227,1.0129,-0.4529,-0.3362,60.3664,0.8702,13.7099
299427.6520,332999,227,0.9790,-0.4202,-0.3579,59.5878,0.3206,20.2595
299427.6520,333009,227,0.9373,-0.3931,-0.3826,57.8321,0.7176,25.0229
299427.6520,333019,227,0.8936,-0.3799,-0.4099,56.1832,0.6260,29.0382
299427.6520,333029,227,0.8425,-0.3704,-0.4473,56.4733,1.0382,31.6489
299427.6520,333039,227,0.7842,-0.3484,-0.4731,59.0687,1.2672,33.4351
299427.6520,333049,227,0.7754,-0.3069,-0.5107,62.7939,-4.1527,35.4656
299427.6520,333059,227,0.8655,-0.2439,-0.5679,66.8702,-13.8779,38.2290
299427.7118,333069,228,0.9927,-0.1760,-0.6543,71.5267,-20.3817,39.0687
299427.7118,333079,228,1.0923,-0.1262,-0.7366,76.0153,-19.4046,34.1679
299427.7118,333089,228,1.1021,-0.0972,-0.7854,80.0916,-13.7863,22.8397
299427.7118,333099,228,1.0618,-0.0913,-0.7930,85.2824,-12.3969,6.7328
299427.7118,333109,228,0.9946,-0.1123,-0.7563,90.5496,-17.9695,-13.2061
299427.7118,333119,228,0.9224,-0.1765,-0.6833,94.5496,-28.5954,-34.2595
299427.7118,333129,228,0.8792,-0.2622,-0.5925,99.0992,-40.2290,-51.9389
299427.7118,333139,228,0.8604,-0.3303,-0.5125,105.5878,-46.9466,-62.3206
299427.7118,333149,228,0.8672,-0.3713,-0.4536,112.8397,-47.5267,-64.4275
299427.7118,333159,228,0.9006,-0.3723,-0.4436,120.5802,-43.0534,-62.8702
299427.8905,333169,229,0.9138,-0.3911,-0.4666,124.5649,-32.9771,-59.4809
299427.8905,333179,229,0.9119,-0.4109,-0.5212,127.2824,-20.6870,-53.9847
299427.8905,333189,229,0.9082,-0.3870,-0.5881,132.7786,-11.4656,-47.0687
299427.8905,333199,229,0.9177,-0.3430,-0.6499,140.2595,-8.7939,-40.8702
299427.8905,333209,229,0.9497,-0.2881,-0.7090,151.5267,-10.1985,-41.0229
299427.8905,333219,229,0.9861,-0.2578,-0.7437,163.4962,-10.5191,-48.3969
299427.8905,333229,229,0.9841,-0.2808,-0.7485,172.7328,-7.7405,-58.7328
299427.8905,333239,229,0.9495,-0.3096,-0.7405,181.5115,-4.7939,-68.7328
299427.8905,333249,229,0.9238,-0.3425,-0.7312,190.7176,-4.5802,-76.2901
299427.8905,333259,229,0.9065,-0.3616,-0.6951,200.2443,-5.2214,-81.8168
299428.0110,333269,230,0.8999,-0.3823,-0.6433,206.3359,-6.3969,-83.0382
299428.0110,333279,230,0.9102,-0.3953,-0.5940,207.6031,-7.6336,-79.6031
299428.0110,333289,230,0.9395,-0.4041,-0.5435,203.8015,-8.8397,-71.4962
299428.0110,333299,230,0.9783,-0.3940,-0.4885,195.7252,-9.9847,-59.4962
299428.0110,333309,230,1.0120,-0.3811,-0.4368,184.2748,-9.6031,-45.2366
299428.0110,333319,230,1.0337,-0.3726,-0.3987,169.8015,-7.1908,-29.9695
299428.0110,333329,230,1.0422,-0.3640,-0.3745,153.9847,-2.1527,-15.1298
299428.0110,333339,230,1.0220,-0.3513,-0.3657,138.5038,5.7252,-1.9542
299428.0110,333349,230,0.9922,-0.3477,-0.3743,124.8702,13.0534,9.7405
299428.0110,333359,230,0.9595,-0.3484,-0.3926,113.7710,18.6718,19.0840
299428.0134,333369,231,0.9331,-0.3677,-0.4180,105.6336,22.7328,25.4504
299428.0134,333379,231,0.9026,-0.3762,-0.4326,102.5496,26.3053,28.5802
299428.0134,333389,231,0.8699,-0.3840,-0.4451,103.0992,28.5496,29.8626
299428.0134,333399,231,0.8540,-0.3892,-0.4521,104.8244,29.3588,31.2519
299428.0134,333409,231,0.8455,-0.3738,-0.4521,107.5573,28.7176,32.9771
299428.0134,333419,231,0.8428,-0.3430,-0.4478,110.1985,27.7710,34.5954
299428.0134,333429,231,0.8379,-0.3130,-0.4348,110.4733,26.9618,35.9389
299428.0134,333439,231,0.8347,-0.2969,-0.4316,108.1069,25.9237,37.2214
299428.0134,333449,231,0.8333,-0.2878,-0.4221,103.4504,25.0076,38.4427
299428.0134,333459,231,0.8301,-0.2874,-0.4189,97.8931,24.0000,39.8015
299428.1308,333469,232,0.8362,-0.2900,-0.4219,93.0840,22.5802,40.9771
299428.1308,333479,232,0.8477,-0.2913,-0.4233,89.8473,21.2672,41.5267
299428.1308,333489,232,0.8752,-0.2981,-0.4238,87.9389,19.8473,41.3588
299428.1308,333499,232,0.9019,-0.3152,-0.4319,88.1221,19.6183,39.4962
299428.1308,333509,232,0.9243,-0.3259,-0.4424,92.1221,21.6183,35.0076
299428.1308,333519,232,0.9312,-0.3108,-0.4417,98.9313,24.3664,29.8321
299428.1308,333529,232,0.9407,-0.2888,-0.4451,104.2748,25.2824,26.1527
299428.1308,333539,232,0.9446,-0.2578,-0.4480,107.3282,25.9847,22.8550
299428.1308,333549,232,0.9380,-0.2290,-0.4343,106.4885,27.4046,20.3664
299428.1308,333559,232,0.9307,-0.1956,-0.4185,101.2824,26.8092,20.3969
299428.2527,333569,233,0.9299,-0.1707,-0.3896,91.6947,23.0687,23.0076
299428.2527,333579,233,0.9348,-0.1533,-0.3618,78.9771,17.9695,26.2748
299428.2527,333589,233,0.9460,-0.1501,-0.3350,65.4809,14.4733,29.2061
299428.2527,333599,233,0.9443,-0.1526,-0.2998,52.9008,12.9160,32.2595
299428.2527,333609,233,0.9519,-0.1499,-0.2866,41.0840,11.4656,35.0840
299428.2527,333619,233,0.9963,-0.1389,-0.2905,30.5802,8.8244,37.9084
299428.2527,333629,233,1.0542,-0.1123,-0.3149,21.7252,6.4885,39.9847
299428.2527,333639,233,1.1062,-0.0820,-0.3462,13.5115,6.6412,39.3893
299428.2527,333649,233,1.1345,-0.0579,-0.3896,5.0382,8.9618,35.8779
299428.2527,333659,233,1.1243,-0.0522,-0.4309,-3.8473,11.1908,29.5725
299428.3113,333669,234,1.0916,-0.0608,-0.4688,-12.1527,11.9389,20.9466
299428.3113,333679,234,1.0288,-0.0874,-0.4768,-19.5573,10.7634,11.9542
299428.3113,333689,234,0.9336,-0.1077,-0.4590,-24.6260,6.9924,2.1374
299428.3113,333699,234,0.8130,-0.1704,-0.4075,-29.2824,0.8244,-7.6641
299428.3113,333709,234,0.7131,-0.2344,-0.3354,-31.0534,-9.7557,-16.3664
299428.3113,333719,234,0.6555,-0.2969,-0.2542,-30.0763,-24.5191,-20.4580
299428.3113,333729,234,0.6294,-0.3354,-0.1875,-25.2977,-40.7786,-20.0458
299428.3113,333739,234,0.6292,-0.3254,-0.1089,-17.2519,-54.9924,-17.3130
299428.3113,333749,234,0.6558,-0.3005,-0.0447,-9.6489,-66.1527,-12.7786
299428.3113,333759,234,0.6982,-0.2783,0.0085,-1.8015,-71.3282,-10.5191
299428.4325,333769,235,0.7456,-0.2664,0.0430,8.0916,-69.1756,-10.9924
299428.4325,333779,235,0.8083,-0.2410,0.0593,21.1756,-62.3664,-13.7099
299428.4325,333789,235,0.8708,-0.2109,0.0593,35.2214,-54.4122,-16.7481
299428.4325,333799,235,0.9163,-0.1199,0.0554,47.8168,-45.5267,-18.7939
299428.4325,333809,235,0.9719,-0.0134,0.0322,55.5420,-37.7405,-21.1603
299428.4325,333819,235,1.0225,0.0801,-0.0195,54.8702,-28.4275,-25.5878
299428.4325,333829,235,1.0393,0.1311,-0.0945,43.9695,-14.9313,-31.1756
299428.4325,333839,235,1.0164,0.1536,-0.1770,25.6336,0.2290,-37.5878
299428.4325,333849,235,0.9763,0.1482,-0.2498,3.0229,10.4275,-43.7099
299428.4325,333859,235,0.9392,0.0908,-0.3337,-21.3435,14.1374,-49.7710
299428.5520,333869,236,0.9106,-0.0176,-0.4001,-43.1756,14.5649,-57.0076
299428.5520,333879,236,0.8647,-0.1289,-0.4258,-60.1221,12.0763,-62.8855
299428.5520,333889,236,0.8262,-0.2119,-0.4343,-71.2214,3.2977,-64.0153
299428.5520,333899,236,0.8303,-0.2876,-0.4368,-77.3282,-11.6947,-61.7710
299428.5520,333909,236,0.8567,-0.3711,-0.4194,-79.0229,-24.9618,-60.6718
299428.5520,333919,236,0.8757,-0.4453,-0.3909,-75.6489,-32.1527,-59.8626
299428.5520,333929,236,0.8926,-0.4907,-0.3591,-66.7023,-36.0000,-57.3435
299428.5520,333939,236,0.9089,-0.5205,-0.3328,-54.3053,-38.7176,-54.1069
299428.5520,333949,236,0.9270,-0.5237,-0.2986,-39.5420,-41.0229,-51.4351
299428.5520,333959,236,0.9399,-0.5039,-0.2642,-23.2214,-43.1908,-48.9313
299428.7306,333969,237,0.9424,-0.4456,-0.2285,-7.5573,-44.5191,-46.2290
299428.7306,333979,237,0.9526,-0.3743,-0.1797,3.7252,-46.5649,-43.2214
299428.7306,333989,237,0.9797,-0.3125,-0.1399,8.1985,-48.8397,-40.1069
299428.7306,333999,237,0.9980,-0.2754,-0.1177,6.7176,-47.9389,-37.6947
299428.7306,334009,237,1.0076,-0.2527,-0.1003,1.9237,-44.1527,-35.7557
299428.7306,334019,237,1.0188,-0.2512,-0.0967,-6.0763,-39.8015,-33.3130
299428.7306,334029,237,1.0210,-0.2742,-0.1077,-16.3206,-36.0763,-29.8931
299428.7306,334039,237,1.0122,-0.3064,-0.1248,-25.4351,-32.8092,-25.8626
299428.7306,334049,237,0.9993,-0.3223,-0.1519,-31.2824,-30.4885,-21.6947
299428.7306,334059,237,0.9941,-0.3418,-0.1589,-34.6260,-29.6641,-18.2290
299428.7321,334069,238,0.9880,-0.3530,-0.1577,-36.4580,-29.9695,-14.0458
299428.7321,334079,238,0.9856,-0.3398,-0.1606,-37.4198,-32.2595,-8.8855
299428.7321,334089,238,0.9954,-0.3318,-0.1660,-38.6870,-33.9237,-5.1908
299428.7321,334099,238,1.0073,-0.3389,-0.1636,-40.4427,-32.6718,-2.9008
299428.7321,334109,238,1.0024,-0.3467,-0.1658,-41.8779,-30.7481,-1.4046
299428.7321,334119,238,1.0007,-0.3447,-0.1694,-42.2137,-30.2137,0.0916
299428.7321,334129,238,1.0090,-0.3359,-0.1785,-41.7252,-31.0076,1.2672
299428.7321,334139,238,1.0254,-0.3391,-0.1860,-40.9618,-31.7099,0.9466
299428.7321,334149,238,1.0376,-0.3330,-0.1946,-39.3130,-31.0534,-0.0763
299428.7321,334159,238,1.0513,-0.3232,-0.2014,-36.9008,-30.5802,-1.3588
299428.9108,334169,239,1.0691,-0.3276,-0.2188,-34.8855,-29.8931,-4.3664
299428.9108,334179,239,1.0806,-0.3472,-0.2273,-33.0229,-28.2290,-9.2672
299428.9108,334189,239,1.0940,-0.3821,-0.2214,-30.5954,-26.4427,-13.9237
299428.9108,334199,239,1.0935,-0.4060,-0.2183,-26.9618,-25.4351,-17.5573
299428.9108,334209,239,1.0898,-0.4282,-0.2156,-23.5267,-25.0229,-19.6641
299428.9108,334219,239,1.0830,-0.4558,-0.2051,-21.6336,-23.8473,-20.5191
299428.9108,334229,239,1.0605,-0.4810,-0.1936,-21.5573,-22.0611,-18.7481
299428.9108,334239,239,1.0642,-0.4929,-0.2021,-22.3664,-21.4504,-13.8473
299428.9108,334249,239,1.1313,-0.5000,-0.2451,-22.9771,-22.1985,-6.2901
299428.9108,334259,239,1.1785,-0.4878,-0.2803,-21.4962,-20.0611,0.0763
299428.9119,334269,240,1.2053,-0.4465,-0.2952,-17.9695,-18.8092,3.1298
299428.9119,334279,240,1.2393,-0.4329,-0.2991,-15.3588,-22.4427,4.0458
299428.9119,334289,240,1.2620,-0.4265,-0.2871,-12.0000,-25.0992,1.0992
299428.9119,334299,240,1.2859,-0.4399,-0.2737,-7.4504,-24.9924,-4.1221
299428.9119,334309,240,1.2896,-0.4604,-0.2688,-1.7710,-21.6183,-9.9084
299428.9119,334319,240,1.2756,-0.4761,-0.2595,5.6641,-15.2366,-15.8779
299428.9119,334329,240,1.2275,-0.4976,-0.2476,13.5878,-8.9924,-21.0229
299428.9119,334339,240,1.1641,-0.5176,-0.2371,20.0458,-3.9695,-25.0229
299428.9119,334349,240,1.0979,-0.5483,-0.2300,24.0458,0.4427,-25.7557
299428.9119,334359,240,1.0439,-0.5586,-0.2253,26.5649,3.7252,-22.4733
299429.0317,334369,241,1.0198,-0.5586,-0.2363,28.3206,4.8244,-16.2595
299429.0317,334379,241,1.0269,-0.5657,-0.2603,30.5496,5.0076,-9.8321
299429.0317,334389,241,1.0305,-0.5520,-0.2808,35.5420,6.5496,-4.3969
299429.0317,334399,241,1.0410,-0.5264,-0.2993,41.7863,7.5420,0.3206
299429.0317,334409,241,1.0691,-0.4944,-0.3235,48.4427,7.7405,2.5954
299429.0317,334419,241,1.0977,-0.4746,-0.3391,56.0458,9.3435,1.4504
299429.0317,334429,241,1.1138,-0.4614,-0.3479,64.2290,12.5344,-1.5267
299429.0317,334439,241,1.1174,-0.4531,-0.3579,71.0992,16.2595,-4.2901
299429.0317,334449,241,1.1055,-0.4487,-0.3606,75.0076,19.8168,-5.2519
299429.0317,334459,241,1.0874,-0.4436,-0.3669,75.9389,22.8397,-4.1374
299429.1523,334469,242,1.0559,-0.4539,-0.3689,73.2519,25.1756,-0.5802
299429.1523,334479,242,1.0244,-0.4688,-0.3721,68.0611,26.7481,5.3588
299429.1523,334489,242,0.9910,-0.4780,-0.3696,62.3969,27.8626,13.7863
299429.1523,334499,242,0.9631,-0.4880,-0.3755,57.3435,28.3053,23.5115
299429.1523,334509,242,0.9407,-0.4924,-0.3708,53.6336,28.3206,33.2824
299429.1523,334519,242,0.9209,-0.4868,-0.3699,52.2290,27.7405,42.2901
299429.1523,334529,242,0.9160,-0.4810,-0.3677,53.1603,26.5038,49.9847
299429.1523,334539,242,0.9268,-0.4751,-0.3643,55.4809,25.2672,56.2901
299429.1523,334549,242,0.9312,-0.4614,-0.3652,59.1450,25.5115,61.3588
299429.1523,334559,242,0.9441,-0.4360,-0.3643,63.8321,26.8855,65.4504
299429.2106,334569,243,0.9563,-0.4001,-0.3682,68.3664,28.5038,68.5954
299429.2106,334579,243,0.9658,-0.3691,-0.3787,71.8931,30.7328,70.6260
299429.2106,334589,243,0.9709,-0.3391,-0.3860,73.8931,33.2214,71.9695
299429.2106,334599,243,0.9668,-0.3049,-0.3943,74.1221,35.4656,73.3435
299429.2106,334609,243,0.9512,-0.2761,-0.4055,72.6107,37.2061,74.5191
299429.2106,334619,243,0.9365,-0.2539,-0.4131,69.2977,38.5802,75.5878
299429.2106,334629,243,0.9189,-0.2346,-0.4246,64.5191,39.7099,76.6565
299429.2106,334639,243,0.8962,-0.2136,-0.4275,59.2519,40.1985,77.2824
299429.2106,334649,243,0.8601,-0.2036,-0.4304,52.6565,40.6107,77.7557
299429.2106,334659,243,0.8193,-0.1963,-0.4231,46.5802,41.0229,77.8626
299429.3313,334669,244,0.8093,-0.1855,-0.4187,42.2290,37.6031,77.2977
299429.3313,334679,244,0.8074,-0.1790,-0.4165,37.0687,32.3511,75.8626
299429.3313,334689,244,0.8032,-0.1812,-0.4058,31.2977,28.7786,73.6183
299429.3313,334699,244,0.7966,-0.1853,-0.3962,26.4427,26.9160,70.8397
299429.3313,334709,244,0.7917,-0.1885,-0.3950,23.3282,25.2061,67.0992
299429.3313,334719,244,0.7861,-0.1890,-0.3928,21.9542,23.0229,62.3664
299429.3313,334729,244,0.7871,-0.1948,-0.3867,21.7405,20.9618,56.4275
299429.3313,334739,244,0.7900,-0.1938,-0.3755,22.7939,19.8779,49.5267
299429.3313,334749,244,0.8010,-0.1931,-0.3530,24.7023,18.8092,42.2901
299429.3313,334759,244,0.8186,-0.1821,-0.3445,25.7405,18.5649,35.1908
299429.5735,334769,245,0.8108,-0.1736,-0.3433,24.3969,19.6489,28.7176
299429.5735,334779,245,0.8108,-0.1765,-0.3452,21.1298,20.1069,23.2824
299429.5735,334789,245,0.8037,-0.1809,-0.3472,16.4580,18.9924,19.2519
299429.5735,334799,245,0.7932,-0.1890,-0.3447,10.9466,16.5496,16.2748
299429.5735,334809,245,0.7815,-0.1877,-0.3420,4.9618,13.4656,14.4885
299429.5735,334819,245,0.7708,-0.1909,-0.3374,-1.3282,10.0763,13.3893
299429.5735,334829,245,0.7642,-0.1902,-0.3369,-7.1450,6.5802,12.0153
299429.5735,334839,245,0.7622,-0.1877,-0.3276,-11.8626,2.9160,9.9847
299429.5735,334849,245,0.7612,-0.1934,-0.3188,-15.1756,-0.8855,7.3130
299429.5735,334859,245,0.7693,-0.2000,-0.3125,-15.8779,-4.8397,3.0229
299429.6303,334869,246,0.7778,-0.1995,-0.2876,-14.7023,-9.2366,-2.1069
299429.6303,334879,246,0.7886,-0.1914,-0.2532,-12.2748,-13.4656,-8.1527
299429.6303,334889,246,0.8252,-0.1750,-0.2261,-9.3893,-17.0382,-14.7176
299429.6303,334899,246,0.9216,-0.1438,-0.2249,-6.3511,-20.4580,-19.2214
299429.6303,334909,246,0.9971,-0.0994,-0.2358,-5.3893,-18.9160,-23.6183
299429.6303,334919,246,1.0466,-0.0476,-0.2610,-8.1832,-13.0534,-29.9847
299429.6303,334929,246,1.0698,-0.0200,-0.3005,-16.6260,-7.1908,-37.9084
299429.6303,334939,246,1.0725,-0.0388,-0.3440,-29.3893,-2.4275,-47.8931
299429.6303,334949,246,1.0601,-0.0918,-0.3757,-41.8931,-0.4885,-57.3740
299429.6303,334959,246,1.0105,-0.1484,-0.3848,-50.3817,-0.7176,-65.7710
299429.6320,334969,247,0.9370,-0.2090,-0.3579,-56.7176,-4.0305,-72.7328
299429.6320,334979,247,0.8850,-0.2842,-0.3320,-62.3359,-10.0153,-77.4504
299429.6320,334989,247,0.8447,-0.3584,-0.3018,-66.8855,-15.3435,-79.6336
299429.6320,334999,247,0.8225,-0.4146,-0.2825,-68.6107,-20.6565,-78.4580
299429.6320,335009,247,0.8359,-0.4534,-0.2744,-67.1145,-26.9771,-74.9618
299429.6320,335019,247,0.8672,-0.4917,-0.2703,-63.3130,-32.0000,-71.9695
299429.6320,335029,247,0.8901,-0.5371,-0.2590,-57.6183,-35.2214,-69.2977
299429.6320,335039,247,0.9351,-0.5806,-0.2444,-48.4275,-39.0534,-65.5420
299429.6320,335049,247,0.9890,-0.5808,-0.2114,-33.9847,-43.0840,-60.7939
299429.6320,335059,247,1.0420,-0.5413,-0.1665,-17.2366,-46.3664,-55.1756
299429.7512,335069,248,1.0808,-0.4736,-0.1294,-2.3969,-47.6489,-49.6489
299429.7512,335079,248,1.1111,-0.3901,-0.0908,7.1756,-45.3588,-45.2824
299429.7512,335089,248,1.1184,-0.3154,-0.0742,8.9466,-38.4580,-41.9847
299429.7512,335099,248,1.0916,-0.2598,-0.0823,3.1756,-27.4046,-38.8092
299429.7512,335109,248,1.0288,-0.2302,-0.1199,-6.9160,-15.6489,-34.1832
299429.7512,335119,248,0.9749,-0.2039,-0.1670,-17.6794,-7.3130,-28.8397
299429.7512,335129,248,0.9102,-0.1885,-0.2068,-29.0534,-3.6031,-23.8779
299429.7512,335139,248,0.8589,-0.1814,-0.2366,-40.5496,-4.5191,-20.5344
299429.7512,335149,248,0.8367,-0.1885,-0.2400,-50.2290,-9.7405,-19.0382
299429.7512,335159,248,0.8384,-0.2097,-0.2417,-57.5573,-15.8931,-19.6641
299429.8118,335169,249,0.8767,-0.2864,-0.2341,-64.4580,-19.2366,-24.5802
299429.8118,335179,249,0.8879,-0.3242,-0.2346,-63.5115,-18.0611,-27.0687
299429.8118,335189,249,0.8867,-0.3474,-0.2461,-60.6718,-16.5191,-29.9847
299429.8118,335199,249,0.8818,-0.3762,-0.2629,-56.0763,-14.7634,-33.3282
299429.8118,335209,249,0.8779,-0.3914,-0.2759,-49.5878,-13.6489,-37.0534
299429.8118,335219,249,0.8752,-0.3994,-0.2832,-42.0916,-14.5496,-40.7023
299429.8118,335229,249,0.8794,-0.3997,-0.2815,-35.2672,-16.9160,-43.4198
299429.8118,335239,249,0.8936,-0.3923,-0.2646,-30.6718,-20.2595,-44.6107
299429.8118,335249,249,0.9199,-0.3931,-0.2576,-28.9313,-23.4504,-44.5038
299429.8118,335259,249,0.9360,-0.4033,-0.2500,-28.7481,-25.0687,-44.3664
299430.1723,335269,250,0.9465,-0.4136,-0.2373,-29.2061,-26.1985,-43.2977
299430.1723,335279,250,0.9683,-0.4268,-0.2283,-30.2137,-27.2672,-41.4046
299430.1723,335289,250,0.9941,-0.4492,-0.2349,-31.2824,-27.8626,-39.2824
299430.1723,335299,250,1.0144,-0.4756,-0.2334,-31.4351,-27.4046,-36.7328
299430.1723,335309,250,1.0232,-0.4917,-0.2256,-30.3511,-26.8550,-33.3588
299430.1723,335319,250,1.0288,-0.4978,-0.2234,-28.9008,-26.5191,-29.4046
299430.1723,335329,250,1.0264,-0.5029,-0.2268,-26.8702,-25.8321,-25.0840
299430.1723,335339,250,1.0215,-0.4978,-0.2322,-24.2748,-24.2901,-21.1145
299430.1723,335349,250,1.0134,-0.4858,-0.2417,-21.4046,-22.3206,-17.6947
299430.1723,335359,250,1.0017,-0.4707,-0.2507,-18.1832,-20.7023,-15.1450
299430.2312,335369,251,1.0044,-0.4458,-0.2559,-14.6870,-21.1298,-13.0382
299430.2312,335379,251,1.0110,-0.4197,-0.2617,-11.2366,-22.8550,-12.2137
299430.2312,335389,251,1.0181,-0.4087,-0.2578,-8.1374,-24.1832,-13.4046
299430.2312,335399,251,1.0308,-0.4072,-0.2524,-5.0229,-25.1756,-15.4809
299430.2312,335409,251,1.0437,-0.4141,-0.2422,-1.5115,-25.6641,-17.9542
299430.2312,335419,251,1.0503,-0.4189,-0.2395,2.3511,-25.8321,-20.0763
299430.2312,335429,251,1.0608,-0.4287,-0.2280,5.8626,-25.2977,-21.5420
299430.2312,335439,251,1.0554,-0.4329,-0.2249,8.4427,-23.3740,-22.1221
299430.2312,335449,251,1.0493,-0.4434,-0.2271,9.8626,-21.0534,-21.1908
299430.2312,335459,251,1.0283,-0.4524,-0.2231,10.3969,-18.9466,-18.8092
299430.2885,335469,252,1.0032,-0.4568,-0.2273,9.7405,-17.4962,-15.0382
299430.2885,335479,252,0.9741,-0.4556,-0.2393,8.8397,-17.2672,-10.7481
299430.2885,335489,252,0.9846,-0.4492,-0.2524,8.8702,-18.1679,-6.5649
299430.2885,335499,252,1.0664,-0.4299,-0.3040,10.4885,-20.4427,-1.6031
299430.2885,335509,252,1.1228,-0.3848,-0.3464,14.7328,-18.8397,-0.0916
299430.2885,335519,252,1.1768,-0.3359,-0.3977,20.4275,-17.2672,-3.8015
299430.2885,335529,252,1.2402,-0.3401,-0.4485,23.4809,-18.3206,-9.8015
299430.2885,335539,252,1.3149,-0.3508,-0.4875,28.2901,-17.0840,-18.5954
299430.2885,335549,252,1.3757,-0.3787,-0.5330,33.3893,-14.2443,-25.7405
299430.2885,335559,252,1.3696,-0.4109,-0.5530,38.2443,-7.5115,-32.4122
299430.2913,335569,253,1.2939,-0.4424,-0.5396,44.0153,0.1985,-39.3435
299430.2913,335579,253,1.1887,-0.4849,-0.5046,48.2443,4.5496,-42.9924
299430.2913,335589,253,1.0916,-0.5054,-0.4475,51.2366,5.6031,-42.9313
299430.2913,335599,253,1.0085,-0.5286,-0.3984,53.4198,5.4504,-38.9313
299430.2913,335609,253,0.9905,-0.5469,-0.3440,58.6260,6.7786,-35.8931
299430.2913,335619,253,0.9736,-0.5327,-0.3137,65.8931,12.3053,-32.0916
299430.2913,335629,253,0.9727,-0.5237,-0.3210,71.6336,18.5344,-26.7786
299430.2913,335639,253,0.9783,-0.5259,-0.3486,78.5802,25.1603,-22.1221
299430.2913,335649,253,0.9880,-0.5176,-0.3833,88.9466,30.9160,-17.6947
299430.2913,335659,253,0.9983,-0.4783,-0.4207,103.1145,33.9847,-13.0992
299430.3514,335669,254,1.0095,-0.4058,-0.4509,118.4122,34.3206,-9.0534
299430.3514,335679,254,1.0085,-0.3179,-0.4609,131.4656,32.7328,-6.9924
299430.3514,335689,254,1.0105,-0.2444,-0.4551,137.6489,29.1603,-6.6412
299430.3514,335699,254,1.0042,-0.2034,-0.4456,138.0611,25.3435,-8.3511
299430.3514,335709,254,0.9858,-0.1787,-0.4238,134.1069,22.9160,-10.2748
299430.3514,335719,254,0.9668,-0.1792,-0.4031,124.5038,20.3817,-8.8855
299430.3514,335729,254,0.9495,-0.2065,-0.3967,111.8931,19.0382,-5.1298
299430.3514,335739,254,0.9233,-0.2395,-0.3975,98.8702,18.9466,0.5344
299430.3514,335749,254,0.9043,-0.2815,-0.4014,88.0916,18.8855,7.6489
299430.3514,335759,254,0.8857,-0.3091,-0.4006,82.3664,18.4275,14.2901
299430.4118,335769,255,0.8652,-0.3201,-0.4026,81.3588,17.3282,19.3130
299430.4118,335779,255,0.8572,-0.3147,-0.3926,83.8321,15.5267,22.6718
299430.4118,335789,255,0.8542,-0.2979,-0.3860,88.3817,13.8626,24.0763
299430.4118,335799,255,0.8540,-0.2769,-0.3779,93.3435,13.2519,23.8015
299430.4118,335809,255,0.8672,-0.2671,-0.3745,97.4809,14.0916,22.0000
299430.4118,335819,255,0.8845,-0.2505,-0.3816,101.0992,16.0611,19.6336
299430.4118,335829,255,0.8914,-0.2185,-0.3860,103.6947,18.0153,18.1985
299430.4118,335839,255,0.8923,-0.1887,-0.3955,103.1298,20.1679,16.3817
299430.4118,335849,255,0.8960,-0.1641,-0.4028,99.1145,23.2519,13.0076
299430.4118,335859,255,0.8962,-0.1587,-0.4268,91.8626,26.5496,9.4656
299430.5323,335869,0,0.8899,-0.1965,-0.4573,82.4580,30.4275,6.0611
299430.5323,335879,0,0.8604,-0.2571,-0.4902,74.2137,35.2366,3.0076
299430.5323,335889,0,0.8286,-0.3162,-0.5112,69.7252,38.6565,0.8702
299430.5323,335899,0,0.7957,-0.3545,-0.5320,69.4351,38.6565,1.1603
299430.5323,335909,0,0.7751,-0.3826,-0.5459,69.5267,36.1527,2.7176
299430.5323,335919,0,0.7612,-0.4175,-0.5425,69.6031,33.1450,4.5802
299430.5323,335929,0,0.7593,-0.4255,-0.5410,70.6870,29.5878,6.6412
299430.5323,335939,0,0.7666,-0.4421,-0.5337,70.3053,25.2061,10.6565
299430.5323,335949,0,0.7878,-0.4421,-0.5247,70.0763,20.5802,16.4733
299430.5323,335959,0,0.8091,-0.4314,-0.5042,69.9237,16.5344,23.4046
299430.6520,335969,1,0.8311,-0.4089,-0.4866,68.7328,13.1908,30.9618
299430.6520,335979,1,0.8506,-0.3760,-0.4675,66.5038,10.6260,38.2137
299430.6520,335989,1,0.8623,-0.3445,-0.4448,62.8550,9.3130,43.9237
299430.6520,335999,1,0.8687,-0.3201,-0.4419,58.2901,8.4427,47.0076
299430.6520,336009,1,0.8743,-0.3071,-0.4331,54.1069,7.6031,47.7710
299430.6520,336019,1,0.8804,-0.3093,-0.4243,50.4733,5.9084,47.1603
299430.6520,336029,1,0.8821,-0.3188,-0.4255,47.5573,4.0916,45.8168
299430.6520,336039,1,0.8728,-0.3279,-0.4211,46.2595,3.2977,43.8931
299430.6520,336049,1,0.8540,-0.3406,-0.4167,45.9542,2.1985,41.6031
299430.6520,336059,1,0.8333,-0.3572,-0.3987,46.2901,0.1069,38.9771
299430.8319,336069,2,0.8298,-0.3716,-0.3770,47.2824,-3.4198,37.0687
299430.8319,336079,2,0.8406,-0.3750,-0.3689,49.6183,-7.6947,35.1145
299430.8319,336089,2,0.8857,-0.3669,-0.3521,53.1756,-11.8473,32.6718
299430.8319,336099,2,0.9714,-0.3315,-0.3481,57.4504,-15.6947,31.1908
299430.8319,336109,2,1.0522,-0.2754,-0.3501,61.1145,-15.3740,28.9924
299430.8319,336119,2,1.0852,-0.2273,-0.3767,62.1832,-9.8321,22.2748
299430.8319,336129,2,1.0610,-0.2300,-0.4199,58.9771,-4.6107,11.6031
299430.8319,336139,2,0.9871,-0.3044,-0.4478,53.7557,-2.8702,-1.4046
299430.8319,336149,2,0.8811,-0.4109,-0.4333,52.5344,-6.8550,-14.0611
299430.8319,336159,2,0.8083,-0.5271,-0.3875,58.6107,-17.9847,-23.9847
299430.8348,336169,3,0.8044,-0.6069,-0.2917,71.5573,-32.7634,-30.1985
299430.8348,336179,3,0.8396,-0.6299,-0.2134,88.7786,-48.4427,-30.7786
299430.8348,336189,3,0.8953,-0.6252,-0.1292,104.9618,-58.9160,-28.5191
299430.8348,336199,3,0.9563,-0.6133,-0.0596,116.5802,-61.1908,-23.0534
299430.8348,336209,3,1.0037,-0.5759,0.0020,125.1145,-61.1298,-13.1145
299430.8348,336219,3,1.0500,-0.4888,0.0488,132.7786,-59.1908,-2.2748
299430.8348,336229,3,1.0969,-0.3958,0.0779,135.6336,-54.8244,8.7786
299430.8348,336239,3,1.1226,-0.2847,0.0854,136.5954,-47.8168,17.0229
299430.8348,336249,3,1.1294,-0.1875,0.0605,134.8397,-39.3893,20.5344
299430.8348,336259,3,1.1145,-0.1323,0.0107,128.9618,-29.6183,19.1756
299431.0719,336269,4,1.0544,-0.0850,-0.0491,121.4198,-18.7328,14.8244
299431.0719,336279,4,0.9600,-0.0276,-0.0896,113.2061,-11.0840,10.4580
299431.0719,336289,4,0.8801,0.0093,-0.1135,103.6641,-11.4656,5.0534
299431.0719,336299,4,0.8237,0.0178,-0.1150,93.0382,-16.0611,-1.9084
299431.0719,336309,4,0.7927,0.0164,-0.0933,82.7328,-21.3740,-10.3817
299431.0719,336319,4,0.7891,-0.0007,-0.0618,71.6031,-25.7405,-17.9542
299431.0719,336329,4,0.8064,-0.0637,-0.0413,57.5115,-29.8779,-23.4046
299431.0719,336339,4,0.8284,-0.1594,-0.0256,44.4733,-32.1985,-27.3435
299431.0719,336349,4,0.8616,-0.2576,-0.0042,38.0153,-33.6794,-30.4275
299431.0719,336359,4,0.8926,-0.3384,0.0112,39.5725,-35.5420,-31.7405
299431.0743,336369,5,0.8936,-0.3840,0.0054,47.6641,-33.8779,-31.9084
299431.0743,336379,5,0.8469,-0.3354,-0.0271,61.2824,-26.7481,-30.0305
299431.0743,336389,5,0.7939,-0.2720,-0.0693,75.1450,-20.2748,-29.3130
299431.0743,336399,5,0.7485,-0.1929,-0.1096,87.1450,-15.6947,-35.0534
299431.0743,336409,5,0.6941,-0.1387,-0.1548,93.3893,-14.0458,-44.1069
299431.0743,336419,5,0.6758,-0.1016,-0.1770,94.4580,-18.0763,-54.1069
299431.0743,336429,5,0.6748,-0.0962,-0.2080,90.6718,-23.9542,-63.9084
299431.0743,336439,5,0.6794,-0.1140,-0.2197,85.0229,-31.4656,-72.4122
299431.0743,336449,5,0.7075,-0.1414,-0.2195,78.7481,-41.2824,-78.9160
299431.0743,336459,5,0.7478,-0.1777,-0.2117,72.5496,-51.7405,-83.0382
299431.2515,336469,6,0.7952,-0.1904,-0.1848,68.6260,-61.9695,-86.1221
299431.2515,336479,6,0.8572,-0.1990,-0.1565,65.4504,-72.9160,-88.8702
299431.2515,336489,6,0.9170,-0.2344,-0.1450,61.7557,-80.2595,-92.0763
299431.2515,336499,6,0.9709,-0.2764,-0.1228,59.3588,-82.0763,-96.7328
299431.2515,336509,6,1.0110,-0.3088,-0.1123,60.1221,-81.7405,-100.0611
299431.2515,336519,6,1.0476,-0.3367,-0.1062,63.0992,-81.2366,-101.3130
299431.2515,336529,6,1.0640,-0.3420,-0.0986,67.0840,-80.1374,-101.8626
299431.2515,336539,6,1.0740,-0.3523,-0.1006,71.1145,-79.2061,-103.1450
299431.2515,336549,6,1.0847,-0.3623,-0.0945,74.2290,-78.2137,-104.1374
299431.2515,336559,6,1.0959,-0.3689,-0.0979,76.3359,-77.0840,-103.4962
299431.2534,336569,7,1.1096,-0.3718,-0.0938,77.4351,-76.4580,-101.6183
299431.2534,336579,7,1.1160,-0.3733,-0.0864,77.0992,-75.9237,-98.8550
299431.2534,336589,7,1.1196,-0.3730,-0.0754,74.9618,-74.4427,-95.2824
299431.2534,336599,7,1.1162,-0.3821,-0.0618,71.3435,-71.6641,-91.1450
299431.2534,336609,7,1.1099,-0.3911,-0.0581,66.1527,-68.7481,-86.0305
299431.2534,336619,7,1.1064,-0.4114,-0.0623,59.8473,-65.5115,-80.0153
299431.2534,336629,7,1.1018,-0.4414,-0.0664,54.0458,-61.7557,-73.2977
299431.2534,336639,7,1.0901,-0.4773,-0.0796,49.6947,-57.0382,-65.4809
299431.2534,336649,7,1.0745,-0.5054,-0.0964,47.8168,-51.0687,-57.0687
299431.2534,336659,7,1.0549,-0.5232,-0.1213,48.3053,-44.7328,-47.6947
299431.3706,336669,8,1.0364,-0.5344,-0.1462,51.1603,-39.3740,-37.6947
299431.3706,336679,8,1.0137,-0.5266,-0.1790,56.0763,-34.5344,-27.6947
299431.3706,336689,8,1.0193,-0.5022,-0.2212,62.2595,-31.3130,-18.1527
299431.3706,336699,8,1.0947,-0.4424,-0.2983,69.5878,-29.5420,-9.6641
299431.3706,336709,8,1.2661,-0.3674,-0.4241,76.9313,-28.0916,-2.9618
299431.3706,336719,8,1.4048,-0.3162,-0.5410,84.9771,-21.2977,-1.7252
299431.3706,336729,8,1.4102,-0.2720,-0.5916,94.0153,-11.1145,-10.0916
299431.3706,336739,8,1.3032,-0.2476,-0.5916,98.0763,-6.5191,-20.0458
299431.3706,336749,8,1.1689,-0.2478,-0.5659,97.4962,-13.3130,-28.4427
299431.3706,336759,8,1.0530,-0.2817,-0.5190,97.0534,-26.1069,-39.4198
299431.4307,336769,9,0.9851,-0.3574,-0.4429,98.8092,-38.2748,-51.5573
299431.4307,336779,9,0.9575,-0.4485,-0.3647,101.8015,-46.4580,-59.8015
299431.4307,336789,9,0.9167,-0.4980,-0.2969,106.5038,-49.0382,-60.7939
299431.4307,336799,9,0.8989,-0.5198,-0.2502,112.8550,-49.6489,-57.8626
299431.4307,336809,9,0.8918,-0.5461,-0.2168,117.4656,-47.2824,-51.1450
299431.4307,336819,9,0.8943,-0.5452,-0.1973,122.5344,-41.4809,-40.5038
299431.4307,336829,9,0.9065,-0.5186,-0.2019,127.4962,-33.3893,-27.4809
299431.4307,336839,9,0.8967,-0.4668,-0.2188,132.1069,-23.6641,-15.3282
299431.4307,336849,9,0.8853,-0.3926,-0.2629,137.7863,-14.0305,-7.3435
299431.4307,336859,9,0.8853,-0.3357,-0.3118,144.2748,-6.0458,-5.4809
299431.6110,336869,10,0.8965,-0.3032,-0.3689,151.0992,-0.1221,-8.6565
299431.6110,336879,10,0.9026,-0.2583,-0.4165,159.1145,4.4275,-13.1450
299431.6110,336889,10,0.9270,-0.2278,-0.4661,165.4504,7.7557,-18.5802
299431.6110,336899,10,0.9373,-0.2085,-0.4973,169.1756,11.2977,-25.8779
299431.6110,336909,10,0.9226,-0.1997,-0.5156,168.2748,14.1069,-31.4809
299431.6110,336919,10,0.9094,-0.1956,-0.5320,163.8473,13.4351,-34.3664
299431.6110,336929,10,0.8965,-0.2126,-0.5366,156.8397,10.1985,-37.0992
299431.6110,336939,10,0.8979,-0.2351,-0.5300,148.7328,4.8702,-40.7328
299431.6110,336949,10,0.9128,-0.2817,-0.5225,139.7710,-0.9771,-44.0305
299431.6110,336959,10,0.9368,-0.3486,-0.5127,131.3740,-5.9847,-46.6260
299431.6133,336969,11,0.9819,-0.4482,-0.4929,125.6031,-9.3740,-47.6031
299431.6133,336979,11,1.0188,-0.5330,-0.4675,123.8931,-10.9466,-44.9771
299431.6133,336989,11,1.0288,-0.5657,-0.4565,126.5191,-10.1069,-38.9466
299431.6133,336999,11,1.0312,-0.5669,-0.4631,130.5954,-7.0840,-32.7939
299431.6133,337009,11,1.0183,-0.5645,-0.4785,135.0076,-1.7099,-28.3359
299431.6133,337019,11,1.0000,-0.5520,-0.4998,139.5878,4.9924,-26.0763
299431.6133,337029,11,0.9868,-0.5437,-0.5234,144.9466,11.4351,-25.1145
299431.6133,337039,11,0.9707,-0.5283,-0.5505,147.9389,16.5496,-23.0534
299431.6133,337049,11,0.9604,-0.5334,-0.5645,146.6870,19.1145,-18.4427
299431.6133,337059,11,0.9595,-0.5212,-0.5693,143.5573,18.4885,-13.0382
299431.7318,337069,12,0.9529,-0.5183,-0.5654,137.8168,14.9924,-5.4656
299431.7318,337079,12,0.9592,-0.5190,-0.5569,130.2137,8.4885,3.3282
299431.7318,337089,12,0.9688,-0.5217,-0.5374,123.1298,2.3053,12.7786
299431.7318,337099,12,0.9731,-0.5154,-0.5164,117.7405,-2.9924,21.7099
299431.7318,337109,12,0.9868,-0.5002,-0.4951,114.8550,-7.4198,28.2595
299431.7318,337119,12,0.9915,-0.4897,-0.4871,115.2672,-8.7481,29.7710
299431.7318,337129,12,0.9844,-0.4790,-0.4773,118.6412,-5.3740,26.7023
299431.7318,337139,12,0.9714,-0.4795,-0.4846,122.7939,0.2290,21.3588
299431.7318,337149,12,0.9490,-0.4812,-0.4968,127.3893,5.2214,15.5267
299431.7318,337159,12,0.9358,-0.4817,-0.5024,132.2595,7.9237,10.5954
299431.8512,337169,13,0.9329,-0.4722,-0.5042,135.9389,8.3511,8.0611
299431.8512,337179,13,0.9333,-0.4487,-0.4902,135.6031,7.0382,8.3817
299431.8512,337189,13,0.9319,-0.4294,-0.4736,131.4198,4.9618,11.0534
299431.8512,337199,13,0.9292,-0.4167,-0.4561,124.2748,3.4809,14.3206
299431.8512,337209,13,0.9324,-0.4175,-0.4351,116.0611,2.5802,17.3282
299431.8512,337219,13,0.9255,-0.4248,-0.4226,108.3053,2.5191,20.5649
299431.8512,337229,13,0.9153,-0.4324,-0.4150,102.4733,2.8702,23.4198
299431.8512,337239,13,0.9070,-0.4370,-0.4033,98.9008,3.0992,25.1908
299431.8512,337249,13,0.9119,-0.4346,-0.3899,97.1756,3.0229,26.5802
299431.8512,337259,13,0.9141,-0.4207,-0.3738,96.7481,2.8855,28.1221
299431.9120,337269,14,0.9158,-0.4006,-0.3647,96.5954,2.9618,29.0992
299431.9120,337279,14,0.9236,-0.3804,-0.3535,95.5878,3.5573,29.9847
299431.9120,337289,14,0.9280,-0.3601,-0.3447,93.0229,4.5802,31.6031
299431.9120,337299,14,0.9316,-0.3418,-0.3381,89.0076,5.9389,33.7252
299431.9120,337309,14,0.9341,-0.3293,-0.3352,84.4122,7.3740,36.5649
299431.9120,337319,14,0.9297,-0.3213,-0.3403,80.2137,9.0992,39.6641
299431.9120,337329,14,0.9312,-0.3220,-0.3501,76.9466,10.4122,42.2901
299431.9120,337339,14,0.9058,-0.2988,-0.3545,75.0382,10.7328,45.3893
299431.9120,337349,14,0.8811,-0.2551,-0.3518,73.6947,8.4122,48.6412
299431.9120,337359,14,0.8638,-0.2236,-0.3521,71.8779,4.6260,49.0687
299432.0328,337369,15,0.8518,-0.1975,-0.3330,69.5725,1.7099,47.2214
299432.0328,337379,15,0.8542,-0.1760,-0.3176,66.7786,-1.5267,44.3511
299432.0328,337389,15,0.8562,-0.1570,-0.3074,63.3893,-3.8779,40.5954
299432.0328,337399,15,0.8669,-0.1360,-0.2983,59.4198,-6.3359,36.5802
299432.0328,337409,15,0.8953,-0.1216,-0.2966,55.2366,-9.3130,32.5954
299432.0328,337419,15,0.9248,-0.1016,-0.2930,50.6107,-11.0840,28.6260
299432.0328,337429,15,0.9370,-0.0852,-0.2939,45.0992,-11.0076,24.4733
299432.0328,337439,15,0.9365,-0.0811,-0.2927,38.4275,-9.8626,19.9389
299432.0328,337449,15,0.9136,-0.0793,-0.2856,31.0840,-8.6718,15.4046
299432.0328,337459,15,0.8870,-0.0845,-0.2756,23.9084,-9.5267,11.0534
299432.1511,337469,16,0.8672,-0.1025,-0.2627,17.2366,-12.0305,6.7176
299432.1511,337479,16,0.8538,-0.1316,-0.2524,11.5573,-14.6260,2.0153
299432.1511,337489,16,0.8455,-0.1653,-0.2324,6.2443,-17.6489,-1.5573
299432.1511,337499,16,0.8435,-0.1914,-0.2114,1.8931,-21.0534,-2.9466
299432.1511,337509,16,0.8428,-0.2017,-0.1975,-1.4504,-23.5115,-2.0763
299432.1511,337519,16,0.8442,-0.1914,-0.1936,-4.2290,-25.1756,0.0458
299432.1511,337529,16,0.8491,-0.1772,-0.1980,-6.9160,-26.5496,1.7252
299432.1511,337539,16,0.8621,-0.1719,-0.2200,-9.6947,-27.5878,1.8779
299432.1511,337549,16,0.8823,-0.1648,-0.2400,-11.6031,-28.8092,0.7176
299432.1511,337559,16,0.8984,-0.1514,-0.2695,-11.3130,-30.8244,-1.4198
299432.2116,337569,17,0.9019,-0.1382,-0.2888,-9.0534,-33.2672,-5.4504
299432.2116,337579,17,0.9089,-0.1248,-0.3062,-6.1069,-35.3588,-11.5267
299432.2116,337589,17,0.9028,-0.1294,-0.3096,-4.0458,-37.5267,-18.9466
299432.2116,337599,17,0.8870,-0.1431,-0.3049,-1.5267,-41.0687,-27.2366
299432.2116,337609,17,0.8743,-0.1687,-0.2927,2.2290,-46.8244,-36.3053
299432.2116,337619,17,0.8733,-0.2119,-0.2766,6.0763,-53.2672,-45.1298
299432.2116,337629,17,0.8760,-0.2544,-0.2412,10.0916,-58.7481,-52.0611
299432.2116,337639,17,0.8867,-0.2893,-0.2102,14.5954,-63.0382,-56.4580
299432.2116,337649,17,0.9038,-0.3140,-0.1807,19.6183,-67.3893,-58.7939
299432.2116,337659,17,0.9338,-0.3188,-0.1365,24.5496,-71.8015,-59.7099
299432.3911,337669,18,0.9705,-0.3152,-0.1082,29.3893,-75.2519,-59.1603
299432.3911,337679,18,1.0000,-0.3147,-0.0798,32.7023,-77.1756,-57.0382
299432.3911,337689,18,1.0330,-0.2976,-0.0562,35.4504,-77.6947,-53.8931
299432.3911,337699,18,1.0679,-0.2729,-0.0200,36.8397,-77.1145,-50.1069
299432.3911,337709,18,1.0938,-0.2473,-0.0068,34.1679,-73.1298,-45.8168
299432.3911,337719,18,1.0955,-0.2366,-0.0027,28.3206,-66.0916,-41.3588
299432.3911,337729,18,1.0859,-0.2227,-0.0071,21.3740,-58.8092,-38.2290
299432.3911,337739,18,1.0747,-0.2297,-0.0188,13.8473,-52.9160,-36.1527
299432.3911,337749,18,1.0625,-0.2544,-0.0339,6.7939,-48.0000,-34.6565
299432.3911,337759,18,1.0439,-0.2825,-0.0464,2.1221,-43.9084,-33.3282
299432.4509,337769,19,1.0276,-0.2993,-0.0566,0.0916,-41.4962,-31.0992
299432.4509,337779,19,1.0081,-0.2993,-0.0540,-0.0763,-40.2443,-27.5725
299432.4509,337789,19,0.9956,-0.2874,-0.0559,0.3053,-40.2137,-23.5267
299432.4509,337799,19,0.9897,-0.2693,-0.0527,-0.2290,-39.9847,-19.6794
299432.4509,337809,19,0.9768,-0.2664,-0.0508,-2.2290,-39.0382,-16.6412
299432.4509,337819,19,0.9668,-0.2722,-0.0576,-4.5191,-37.4504,-14.5954
299432.4509,337829,19,0.9604,-0.2786,-0.0513,-6.1985,-35.7099,-12.8702
299432.4509,337839,19,0.9631,-0.2881,-0.0454,-6.9313,-33.8015,-10.9466
299432.4509,337849,19,0.9656,-0.3086,-0.0427,-6.3969,-30.8550,-9.2214
299432.4509,337859,19,0.9658,-0.3284,-0.0371,-3.8626,-26.3053,-7.1908
299432.5107,337869,20,0.9595,-0.3374,-0.0471,0.6565,-21.4656,-5.4504
299432.5107,337879,20,0.9556,-0.3308,-0.0508,5.4351,-17.2061,-4.6412
299432.5107,337889,20,0.9590,-0.3152,-0.0640,8.5802,-15.4962,-4.3511
299432.5107,337899,20,0.9700,-0.3047,-0.0627,9.0382,-15.8168,-4.0763
299432.5107,337909,20,0.9880,-0.2925,-0.0671,8.6718,-16.2290,-3.7863
299432.5107,337919,20,1.0122,-0.2698,-0.0823,8.0916,-15.7710,-3.7710
299432.5107,337929,20,1.0315,-0.2549,-0.1030,5.8779,-13.5267,-4.0611
299432.5107,337939,20,1.0408,-0.2415,-0.1299,1.4962,-10.2443,-4.5954
299432.5107,337949,20,1.0425,-0.2451,-0.1614,-4.6718,-7.4809,-5.0992
299432.5107,337959,20,1.0425,-0.2537,-0.1880,-11.0229,-5.5267,-5.8626
299432.6320,337969,21,1.0447,-0.2651,-0.2195,-15.9084,-3.8626,-7.2214
299432.6320,337979,21,1.0442,-0.2769,-0.2454,-19.3435,-3.2519,-9.1298
299432.6320,337989,21,1.0547,-0.2910,-0.2720,-22.2748,-4.3817,-11.0840
299432.6320,337999,21,1.0615,-0.3108,-0.2922,-25.1603,-6.2137,-13.4046
299432.6320,338009,21,1.0706,-0.3276,-0.2991,-27.3740,-8.1527,-16.2748
299432.6320,338019,21,1.0891,-0.3579,-0.2920,-28.7786,-9.8931,-18.8092
299432.6320,338029,21,1.1008,-0.3870,-0.2795,-29.5878,-9.8473,-20.9618
299432.6320,338039,21,1.1047,-0.4104,-0.2695,-29.8015,-8.3511,-23.3282
299432.6320,338049,21,1.1033,-0.4341,-0.2607,-29.1603,-6.6565,-25.3282
299432.6320,338059,21,1.1504,-0.4504,-0.2749,-26.5954,-7.8015,-25.7863
299432.7518,338069,22,1.2163,-0.4541,-0.2932,-20.8244,-10.3969,-24.2748
299432.7518,338079,22,1.2563,-0.4233,-0.3010,-12.2748,-10.6870,-24.7786
299432.7518,338089,22,1.2874,-0.4058,-0.3057,-5.6794,-12.3817,-27.0840
299432.7518,338099,22,1.2961,-0.4062,-0.3005,-2.8092,-14.0153,-31.0534
299432.7518,338109,22,1.3020,-0.4360,-0.2874,-2.2595,-14.9924,-35.4809
299432.7518,338119,22,1.2998,-0.4753,-0.2705,-1.5878,-16.3206,-38.2748
299432.7518,338129,22,1.2788,-0.5154,-0.2485,0.7786,-16.0153,-40.2137
299432.7518,338139,22,1.2476,-0.5627,-0.2190,3.8321,-14.7328,-40.7634
299432.7518,338149,22,1.2014,-0.6116,-0.2000,6.4580,-13.6794,-38.4733
299432.7518,338159,22,1.1389,-0.6467,-0.1792,9.5573,-11.6489,-33.4656
299432.8127,338169,23,1.0750,-0.6555,-0.1604,13.4809,-10.1985,-25.5115
299432.8127,338179,23,1.0623,-0.6794,-0.1631,19.8168,-10.6718,-16.7939
299432.8127,338189,23,1.0579,-0.6899,-0.1716,28.2443,-8.2748,-8.2901
299432.8127,338199,23,1.0615,-0.6575,-0.1653,39.4351,-5.4504,2.5496
299432.8127,338209,23,1.0815,-0.5920,-0.1702,51.2061,-4.5191,12.7023
299432.8127,338219,23,1.0994,-0.5322,-0.1809,62.0000,-2.0611,18.4885
299432.8127,338229,23,1.1165,-0.4851,-0.1929,72.2290,2.4275,19.4198
299432.8127,338239,23,1.1335,-0.4463,-0.1987,81.3588,7.6641,17.2061
299432.8127,338249,23,1.1497,-0.4111,-0.2058,88.4427,13.0687,15.0076
299432.8127,338259,23,1.1570,-0.3882,-0.2126,91.3588,18.1832,14.9924
299432.9925,338269,24,1.1509,-0.3667,-0.2253,90.8092,24.1069,16.5954
299432.9925,338279,24,1.1289,-0.3545,-0.2339,86.9313,30.4122,19.5420
299432.9925,338289,24,1.0952,-0.3552,-0.2507,79.7863,35.6336,24.4427
299432.9925,338299,24,1.0718,-0.3691,-0.2666,70.0916,39.2977,31.3130
299432.9925,338309,24,1.0442,-0.3894,-0.2827,60.2443,42.1527,39.0992
299432.9925,338319,24,1.0154,-0.4058,-0.3108,52.5496,44.3053,47.2977
299432.9925,338329,24,0.9968,-0.4116,-0.3198,47.3588,44.6412,55.7405
299432.9925,338339,24,0.9885,-0.4070,-0.3293,44.9466,44.1069,63.7710
299432.9925,338349,24,0.9888,-0.3911,-0.3271,44.1069,42.9924,69.9542
299432.9925,338359,24,0.9939,-0.3840,-0.3274,43.2672,42.3359,74.1832
299433.0520,338369,25,0.9993,-0.3750,-0.3220,43.5878,43.0687,77.0840
299433.0520,338379,25,1.0120,-0.3557,-0.3042,44.3664,46.0916,79.2366
299433.0520,338389,25,1.0178,-0.3384,-0.3018,43.4351,53.1908,81.1908
299433.0520,338399,25,1.0020,-0.3333,-0.3220,42.2748,61.4351,82.3053
299433.0520,338409,25,0.9666,-0.3257,-0.3381,43.1145,66.0611,82.1374
299433.0520,338419,25,0.9363,-0.3101,-0.3550,46.2443,65.5725,81.2061
299433.0520,338429,25,0.9148,-0.2856,-0.3562,50.3664,60.7481,79.5420
299433.0520,338439,25,0.9031,-0.2581,-0.3562,53.8779,54.7786,77.4656
299433.0520,338449,25,0.8892,-0.2280,-0.3477,56.2595,50.3969,74.7328
299433.0520,338459,25,0.8694,-0.2004,-0.3401,57.6183,46.5649,70.9160
299433.1724,338469,26,0.8638,-0.1699,-0.3301,58.0458,42.8702,66.1527
299433.1724,338479,26,0.8538,-0.1511,-0.3191,56.9924,39.9542,61.1756
299433.1724,338489,26,0.8376,-0.1309,-0.3079,54.7023,37.3282,55.9237
299433.1724,338499,26,0.8296,-0.1162,-0.2932,50.8702,34.5649,50.7328
299433.1724,338509,26,0.8228,-0.1106,-0.2781,45.2977,31.9542,45.9847
299433.1724,338519,26,0.8186,-0.1084,-0.2708,38.7328,31.1756,41.5573
299433.1724,338529,26,0.8020,-0.1108,-0.2644,31.6489,31.7710,37.2824
299433.1724,338539,26,0.7825,-0.1213,-0.2588,24.0611,31.5115,33.4656
299433.1724,338549,26,0.7693,-0.1365,-0.2610,17.0992,29.6947,30.4275
299433.1724,338559,26,0.7622,-0.1404,-0.2598,11.7863,27.1298,27.6031
299433.2318,338569,27,0.7590,-0.1406,-0.2603,6.9924,24.1832,24.3664
299433.2318,338579,27,0.7551,-0.1414,-0.2542,2.1832,21.6183,21.1908
299433.2318,338589,27,0.7507,-0.1416,-0.2563,-2.3817,19.5878,17.6489
299433.2318,338599,27,0.7500,-0.1367,-0.2600,-6.5344,18.0305,13.8168
299433.2318,338609,27,0.7583,-0.1292,-0.2507,-10.9313,17.4046,9.8473
299433.2318,338619,27,0.7812,-0.1230,-0.2336,-16.4885,20.8244,5.5878
299433.2318,338629,27,0.7971,-0.1375,-0.2166,-22.9008,29.0534,1.0076
299433.2318,338639,27,0.7974,-0.1514,-0.2070,-27.3282,39.6336,-4.6260
299433.2318,338649,27,0.7898,-0.1804,-0.1934,-30.1069,50.3206,-10.8397
299433.2318,338659,27,0.7671,-0.2029,-0.1917,-30.4885,58.7023,-16.7176
299433.3510,338669,28,0.7495,-0.2046,-0.2019,-29.4046,61.0840,-22.1527
299433.3510,338679,28,0.7769,-0.1868,-0.2205,-30.4122,55.1450,-24.6107
299433.3510,338689,28,0.8542,-0.1582,-0.2427,-31.2366,42.0611,-23.8931
299433.3510,338699,28,0.9370,-0.1182,-0.2712,-30.8855,29.4656,-24.1985
299433.3510,338709,28,0.9668,-0.0645,-0.2954,-33.7557,21.6336,-27.3435
299433.3510,338719,28,0.9656,-0.0327,-0.3167,-42.8397,16.1221,-33.6183
299433.3510,338729,28,0.9570,-0.0474,-0.3462,-56.2290,10.8244,-42.1679
299433.3510,338739,28,0.9294,-0.0920,-0.3687,-67.9389,7.4504,-52.9313
299433.3510,338749,28,0.8811,-0.1577,-0.3801,-74.6718,4.1985,-65.2977
299433.3510,338759,28,0.8577,-0.2520,-0.3760,-77.9695,-2.6260,-77.6031
299433.4124,338769,29,0.8718,-0.3706,-0.3647,-78.1374,-11.3282,-88.2290
299433.4124,338779,29,0.9075,-0.4697,-0.3235,-71.7252,-20.5038,-95.5267
299433.4124,338789,29,0.9641,-0.5134,-0.2783,-58.3053,-29.9847,-98.4427
299433.4124,338799,29,1.0564,-0.5632,-0.2393,-43.7710,-38.8550,-98.4885
299433.4124,338809,29,1.1396,-0.5920,-0.1763,-31.0687,-44.6870,-94.8397
299433.4124,338819,29,1.2075,-0.5894,-0.1060,-20.2901,-50.0763,-86.4275
299433.4124,338829,29,1.2659,-0.5576,-0.0527,-12.5649,-56.0916,-74.9618
299433.4124,338839,29,1.3027,-0.5042,0.0046,-8.8092,-58.9008,-62.8092
299433.4124,338849,29,1.3054,-0.4438,0.0396,-10.1832,-58.0458,-52.2443
299433.4124,338859,29,1.3022,-0.3848,0.0674,-17.3435,-51.7099,-44.6107
299433.5307,338869,30,1.2744,-0.3650,0.0740,-30.5649,-38.2901,-39.5115
299433.5307,338879,30,1.2021,-0.3809,0.0483,-45.9084,-18.9008,-33.5573
299433.5307,338889,30,1.1013,-0.4058,0.0051,-57.9389,-0.1221,-24.5344
299433.5307,338899,30,1.0110,-0.4060,-0.0298,-64.5496,10.4580,-15.5115
299433.5307,338909,30,0.9399,-0.3970,-0.0398,-69.7099,10.7023,-7.4809
299433.5307,338919,30,0.8984,-0.3879,-0.0293,-75.2214,4.3206,0.6260
299433.5307,338929,30,0.8877,-0.3894,-0.0178,-79.9542,-2.9008,6.8244
299433.5307,338939,30,0.8728,-0.3870,-0.0012,-82.6870,-6.4580,10.8550
299433.5307,338949,30,0.8552,-0.3782,0.0022,-83.7710,-7.9542,13.9847
299433.5307,338959,30,0.8450,-0.3835,-0.0095,-84.3053,-9.0229,16.1985
299433.6515,338969,31,0.8284,-0.3853,-0.0327,-81.9237,-8.5954,17.0229
299433.6515,338979,31,0.8093,-0.3740,-0.0547,-76.3206,-7.7252,16.6565
299433.6515,338989,31,0.7952,-0.3584,-0.0679,-69.4198,-7.9542,15.2977
299433.6515,338999,31,0.7871,-0.3381,-0.0852,-62.5038,-8.3664,12.7328
299433.6515,339009,31,0.7864,-0.3201,-0.0891,-56.1832,-7.9847,8.8702
299433.6515,339019,31,0.7795,-0.2954,-0.0874,-49.9389,-7.8015,3.5267
299433.6515,339029,31,0.7864,-0.2820,-0.0786,-45.3435,-9.8931,-2.9008
299433.6515,339039,31,0.8123,-0.2913,-0.0701,-43.8931,-12.9008,-9.4046
299433.6515,339049,31,0.8450,-0.3162,-0.0610,-43.8473,-14.1374,-14.7176
299433.6515,339059,31,0.8599,-0.3459,-0.0496,-44.7023,-14.3511,-17.0382
299433.7117,339069,32,0.8738,-0.3611,-0.0396,-47.3740,-15.8015,-15.7557
299433.7117,339079,32,0.8989,-0.3708,-0.0293,-51.6336,-17.3282,-12.8397
299433.7117,339089,32,0.9106,-0.3843,-0.0308,-56.1374,-16.8550,-10.7634
299433.7117,339099,32,0.9297,-0.4102,-0.0398,-59.5573,-15.5267,-9.9237
299433.7117,339109,32,0.9280,-0.4194,-0.0449,-60.1527,-13.6489,-9.2061
299433.7117,339119,32,0.9265,-0.4231,-0.0598,-57.6336,-12.1374,-9.7405
299433.7117,339129,32,0.9373,-0.4258,-0.0767,-54.0611,-11.6489,-11.8473
299433.7117,339139,32,0.9463,-0.4290,-0.0891,-49.8626,-10.9771,-14.1527
299433.7117,339149,32,0.9656,-0.4299,-0.1001,-45.3893,-10.3511,-16.2137
299433.7117,339159,32,0.9734,-0.4214,-0.1084,-41.1298,-10.1985,-17.6336
299433.8316,339169,33,0.9934,-0.4067,-0.1047,-38.7023,-11.1908,-18.2290
299433.8316,339179,33,1.0139,-0.4009,-0.1050,-39.7710,-12.7786,-18.0458
299433.8316,339189,33,1.0366,-0.4033,-0.1011,-42.7481,-13.6794,-17.8321
299433.8316,339199,33,1.0566,-0.4114,-0.1023,-46.6718,-13.3588,-18.0305
299433.8316,339209,33,1.0737,-0.4343,-0.1084,-51.5878,-11.9084,-18.3053
299433.8316,339219,33,1.0762,-0.4714,-0.1138,-56.1985,-9.2366,-17.7252
299433.8316,339229,33,1.1108,-0.4932,-0.1345,-58.5802,-7.4656,-15.3435
299433.8316,339239,33,1.2063,-0.4910,-0.1721,-58.7481,-8.6412,-9.4809
299433.8316,339249,33,1.2820,-0.4590,-0.2258,-57.4809,-6.8855,-4.3206
299433.8316,339259,33,1.3562,-0.4275,-0.2712,-56.1832,-3.5115,-2.8702
299433.9522,339269,34,1.4050,-0.4238,-0.2944,-56.3664,-0.4427,-4.9466
299433.9522,339279,34,1.4207,-0.4585,-0.2959,-57.3435,3.5420,-11.5725
299433.9522,339289,34,1.3857,-0.5251,-0.2646,-58.7939,8.8855,-19.6031
299433.9522,339299,34,1.3330,-0.6189,-0.2246,-60.0916,16.3511,-25.2824
299433.9522,339309,34,1.2751,-0.7058,-0.2012,-59.1603,24.2748,-26.2137
299433.9522,339319,34,1.2363,-0.7546,-0.1887,-55.1450,30.4275,-21.3130
299433.9522,339329,34,1.2224,-0.8003,-0.2236,-49.1756,35.0687,-11.7863
299433.9522,339339,34,1.2002,-0.8201,-0.2544,-40.7939,40.2290,-1.4198
299433.9522,339349,34,1.1714,-0.8169,-0.2905,-30.8244,42.6565,10.5802
299433.9522,339359,34,1.1677,-0.8005,-0.3445,-18.1374,39.1908,24.4122
299434.0708,339369,35,1.1672,-0.7556,-0.3706,-0.4427,32.0916,35.3130
299434.0708,339379,35,1.1692,-0.6924,-0.3574,22.1527,22.0611,40.6718
299434.0708,339389,35,1.1853,-0.6394,-0.3242,45.6183,10.8855,41.2214
299434.0708,339399,35,1.1970,-0.5891,-0.2795,66.7634,1.9084,39.5420
299434.0708,339409,35,1.1836,-0.5325,-0.2295,82.8092,-2.6412,38.2748
299434.0708,339419,35,1.1523,-0.4880,-0.1853,93.1450,-3.4504,37.5267
299434.0708,339429,35,1.1255,-0.4575,-0.1455,98.5496,-1.8473,36.9466
299434.0708,339439,35,1.0959,-0.4536,-0.1108,97.5115,-0.1832,39.9389
299434.0708,339449,35,1.0671,-0.4524,-0.0881,92.0153,0.7328,46.7634
299434.0708,339459,35,1.0498,-0.4478,-0.0691,85.4351,1.0534,55.6947
299434.1326,339469,36,1.0364,-0.4402,-0.0500,79.1298,0.9313,65.3893
299434.1326,339479,36,1.0503,-0.4238,-0.0132,72.9618,0.6412,75.1298
299434.1326,339489,36,1.0850,-0.4055,0.0193,66.2290,3.5115,84.6260
299434.1326,339499,36,1.1099,-0.3850,0.0403,59.0840,11.5878,92.6412
299434.1326,339509,36,1.1223,-0.3738,0.0410,53.2672,22.5802,98.9008
299434.1326,339519,36,1.1270,-0.3586,0.0259,50.5649,31.9542,103.4809
299434.1326,339529,36,1.1370,-0.3254,0.0093,50.5038,38.7023,107.3130
299434.1326,339539,36,1.1379,-0.2827,-0.0134,50.3969,44.4122,110.2443
299434.1326,339549,36,1.1338,-0.2480,-0.0352,48.6260,50.9008,112.6718
299434.1326,339559,36,1.1157,-0.2048,-0.0535,44.7176,58.2901,114.6107
299434.2521,339569,37,1.0903,-0.1658,-0.0676,38.4122,63.7710,115.7863
299434.2521,339579,37,1.0627,-0.1284,-0.0964,29.4198,67.2519,116.9160
299434.2521,339589,37,1.0254,-0.1074,-0.1226,18.5496,70.0153,117.8626
299434.2521,339599,37,0.9873,-0.0840,-0.1392,8.5802,71.8473,117.5878
299434.2521,339609,37,0.9551,-0.0637,-0.1614,0.0153,71.4198,115.7405
299434.2521,339619,37,0.9246,-0.0583,-0.1833,-7.7099,70.3511,112.6718
299434.2521,339629,37,0.8943,-0.0479,-0.1956,-14.2290,69.0992,108.1527
299434.2521,339639,37,0.8708,-0.0471,-0.2065,-19.3282,67.4656,102.9466
299434.2521,339649,37,0.8540,-0.0449,-0.2131,-22.6565,66.0611,97.5725
299434.2521,339659,37,0.8384,-0.0498,-0.2405,-24.2290,64.6260,91.1908
299434.3116,339669,38,0.8064,-0.0547,-0.2505,-23.3435,61.2519,85.4809
299434.3116,339679,38,0.7932,-0.0354,-0.2534,-20.7176,54.2137,79.2519
299434.3116,339689,38,0.7871,-0.0127,-0.2573,-19.5420,47.5267,72.3359
299434.3116,339699,38,0.7744,0.0112,-0.2537,-21.3130,44.1069,63.6336
299434.3116,339709,38,0.7542,0.0291,-0.2600,-26.1985,43.0076,53.8168
299434.3116,339719,38,0.7227,0.0303,-0.2639,-33.1450,43.1298,43.4809
299434.3116,339729,38,0.6816,0.0271,-0.2781,-40.5038,43.8931,32.7481
299434.3116,339739,38,0.6350,0.0149,-0.2920,-47.0840,44.5496,21.8779
299434.3116,339749,38,0.5857,0.0002,-0.3037,-51.8779,43.4046,10.6107
299434.3116,339759,38,0.5493,-0.0215,-0.3127,-54.9160,39.4962,-1.1908
299434.4321,339769,39,0.5212,-0.0554,-0.3164,-56.3817,34.1985,-13.4809
299434.4321,339779,39,0.5210,-0.1047,-0.3120,-55.6489,27.9847,-25.9542
299434.4321,339789,39,0.5378,-0.1592,-0.2937,-52.2748,21.1145,-38.0153
299434.4321,339799,39,0.6152,-0.1853,-0.2483,-46.1679,13.1756,-48.2748
299434.4321,339809,39,0.7715,-0.1599,-0.2175,-37.0992,2.9313,-54.5954
299434.4321,339819,39,0.9055,-0.0742,-0.1965,-26.8855,-2.0000,-60.6412
299434.4321,339829,39,1.0198,0.0208,-0.1897,-22.6107,-3.7099,-71.5420
299434.4321,339839,39,1.1160,0.0371,-0.2007,-31.0992,-2.1679,-84.9618
299434.4321,339849,39,1.1604,0.0288,-0.2083,-48.4275,5.7405,-98.6718
299434.4321,339859,39,1.1792,0.0015,-0.2227,-68.2443,14.1832,-113.0382
299434.5520,339869,40,1.1870,-0.0820,-0.2385,-90.0305,22.2290,-127.1603
299434.5520,339879,40,1.1858,-0.2102,-0.2717,-110.9618,31.2214,-138.6260
299434.5520,339889,40,1.1445,-0.3423,-0.3020,-127.6031,41.2366,-145.6947
299434.5520,339899,40,1.1165,-0.4502,-0.3374,-137.9542,46.0611,-147.8931
299434.5520,339909,40,1.1116,-0.5481,-0.3782,-140.7176,41.8168,-146.5038
299434.5520,339919,40,1.1357,-0.6455,-0.3909,-137.6641,31.5573,-143.6947
299434.5520,339929,40,1.1692,-0.7412,-0.3813,-130.6107,18.3817,-136.2137
299434.5520,339939,40,1.2070,-0.8110,-0.3591,-118.6260,2.6107,-122.8550
299434.5520,339949,40,1.2615,-0.8286,-0.3093,-102.2443,-15.0840,-106.6565
299434.5520,339959,40,1.3162,-0.8264,-0.2520,-84.9924,-31.5115,-89.6947
299434.6109,339969,41,1.3542,-0.7820,-0.1897,-69.3130,-42.2595,-72.3817
299434.6109,339979,41,1.3547,-0.7065,-0.1304,-57.3130,-46.1221,-55.6489
299434.6109,339989,41,1.3186,-0.5984,-0.0793,-48.2595,-45.0076,-42.4580
299434.6109,339999,41,1.2629,-0.5156,-0.0486,-44.3359,-41.5878,-33.3130
299434.6109,340009,41,1.1948,-0.4509,-0.0354,-46.7176,-36.3206,-26.2137
299434.6109,340019,41,1.1194,-0.4077,-0.0232,-54.4885,-30.2137,-19.1603
299434.6109,340029,41,1.0474,-0.3772,-0.0271,-66.0458,-24.4122,-11.7557
299434.6109,340039,41,0.9875,-0.3831,-0.0376,-79.0992,-19.9389,-5.1603
299434.6109,340049,41,0.9341,-0.4021,-0.0562,-89.4198,-16.4122,0.2290
299434.6109,340059,41,0.8887,-0.4204,-0.0720,-95.1603,-14.3053,5.4351
299434.7320,340069,42,0.8508,-0.4163,-0.0771,-96.8244,-14.2443,11.1298
299434.7320,340079,42,0.8286,-0.4011,-0.0854,-95.8779,-15.4962,16.7786
299434.7320,340089,42,0.8088,-0.3740,-0.0918,-93.0382,-15.4198,20.6412
299434.7320,340099,42,0.7878,-0.3342,-0.0928,-89.9389,-14.7786,22.1832
299434.7320,340109,42,0.7759,-0.3164,-0.1038,-87.2977,-14.8092,21.8321
299434.7320,340119,42,0.7747,-0.3083,-0.1079,-83.9847,-14.7939,19.8321
299434.7320,340129,42,0.7659,-0.2983,-0.1060,-80.1069,-14.8550,17.1450
299434.7320,340139,42,0.7585,-0.2905,-0.1021,-74.9618,-16.1832,15.4198
299434.7320,340149,42,0.7595,-0.2959,-0.1030,-68.6718,-19.4046,13.6183
299434.7320,340159,42,0.7681,-0.3005,-0.0930,-62.8244,-21.8626,11.2214
299434.8518,340169,43,0.7732,-0.3059,-0.0981,-60.8702,-22.3206,8.7176
299434.8518,340179,43,0.7749,-0.3354,-0.1118,-63.1603,-20.2748,6.0611
299434.8518,340189,43,0.7695,-0.3777,-0.1138,-66.4733,-18.0763,3.9084
299434.8518,340199,43,0.7673,-0.4226,-0.1350,-68.6565,-17.6336,2.7939
299434.8518,340209,43,0.7683,-0.4551,-0.1399,-69.2519,-18.0458,3.1756
299434.8518,340219,43,0.7788,-0.4788,-0.1416,-68.5802,-18.4275,4.5191
299434.8518,340229,43,0.7905,-0.5044,-0.1560,-66.5038,-18.5038,6.2137
299434.8518,340239,43,0.8003,-0.5386,-0.1775,-61.6947,-18.3206,8.0305
299434.8518,340249,43,0.7966,-0.5505,-0.2085,-54.0000,-18.7328,9.7710
299434.8518,340259,43,0.7986,-0.5303,-0.2207,-45.4198,-23.6336,12.3206
299434.9119,340269,44,0.8237,-0.4919,-0.2419,-38.9924,-31.6794,14.1069
299434.9119,340279,44,0.8613,-0.4626,-0.2534,-37.0076,-37.3130,13.8931
299434.9119,340289,44,0.8979,-0.4526,-0.2634,-38.9924,-38.1679,12.0763
299434.9119,340299,44,0.9150,-0.4531,-0.2778,-41.6947,-36.2595,9.0382
299434.9119,340309,44,0.9272,-0.4646,-0.2869,-44.2290,-35.7710,5.5878
299434.9119,340319,44,0.9443,-0.4790,-0.2881,-45.8473,-37.5725,2.7176
299434.9119,340329,44,0.9714,-0.4990,-0.2771,-47.0840,-40.1679,0.2901
299434.9119,340339,44,1.0017,-0.5251,-0.2571,-49.2366,-40.0000,-1.5573
299434.9119,340349,44,1.0195,-0.5530,-0.2419,-52.7176,-34.9924,-1.9847
299434.9119,340359,44,1.0452,-0.5762,-0.2588,-58.2137,-27.4504,-0.0611
299435.0326,340369,45,1.1008,-0.5852,-0.3076,-62.3206,-22.4122,4.2290
299435.0326,340379,45,1.1321,-0.5659,-0.3613,-60.9160,-16.7481,5.1603
299435.0326,340389,45,1.1755,-0.5391,-0.4082,-55.5115,-14.0916,3.0687
299435.0326,340399,45,1.2202,-0.5278,-0.4314,-49.2519,-14.6107,-1.1298
299435.0326,340409,45,1.2634,-0.5442,-0.4111,-42.4122,-16.0458,-9.0076
299435.0326,340419,45,1.2600,-0.5808,-0.3650,-36.6718,-16.8092,-17.9542
299435.0326,340429,45,1.2351,-0.6426,-0.2771,-33.0992,-17.4046,-24.8702
299435.0326,340439,45,1.2219,-0.7188,-0.2043,-29.4198,-19.1603,-27.9389
299435.0326,340449,45,1.2129,-0.7810,-0.1326,-25.6794,-17.5420,-24.8244
299435.0326,340459,45,1.2295,-0.7900,-0.0864,-23.7252,-11.1603,-14.5344
299435.3309,340469,46,1.2646,-0.8174,-0.0867,-23.0840,-1.0076,-0.5954
299435.3309,340479,46,1.2827,-0.8281,-0.0984,-22.3817,13.4656,15.6183
299435.3309,340489,46,1.3074,-0.8000,-0.1262,-20.1221,26.1527,34.3359
299435.3309,340499,46,1.3362,-0.7349,-0.1562,-16.7634,33.8779,53.1145
299435.3309,340509,46,1.3569,-0.6453,-0.1658,-11.1908,36.7328,66.9924
299435.3309,340519,46,1.3726,-0.5500,-0.1609,-3.7252,35.7710,72.8244
299435.3309,340529,46,1.3848,-0.4929,-0.1587,3.4656,35.3893,71.8779
299435.3309,340539,46,1.3718,-0.4604,-0.1592,10.1832,39.8626,68.7023
299435.3309,340549,46,1.3267,-0.4160,-0.1709,16.6565,48.6565,66.6260
299435.3309,340559,46,1.2727,-0.3723,-0.1951,19.8931,56.8244,66.1221
299435.3331,340569,47,1.1960,-0.3706,-0.2214,18.9924,64.0916,65.9542
299435.3331,340579,47,1.1187,-0.3572,-0.2368,17.2366,68.2137,67.7405
299435.3331,340589,47,1.0576,-0.3372,-0.2485,14.1069,66.8855,72.7481
299435.3331,340599,47,1.0161,-0.3337,-0.2466,8.8855,62.0916,79.5878
299435.3331,340609,47,1.0020,-0.3357,-0.2346,5.0840,55.0840,86.5344
299435.3331,340619,47,1.0151,-0.3418,-0.2109,3.3588,46.2137,92.7939
299435.3331,340629,47,1.0439,-0.3494,-0.1831,2.7328,38.1221,97.8015
299435.3331,340639,47,1.0801,-0.3582,-0.1553,3.6183,33.0534,101.3435
299435.3331,340649,47,1.1084,-0.3638,-0.1406,6.3053,31.7863,104.5191
299435.3331,340659,47,1.1460,-0.3743,-0.1350,11.1603,33.9847,105.9084
299435.3355,340669,48,1.1809,-0.3745,-0.1316,17.9695,39.4198,106.3053
299435.3355,340679,48,1.2061,-0.3611,-0.1362,24.8550,47.0534,106.9771
299435.3355,340689,48,1.2163,-0.3289,-0.1362,30.5191,54.8397,107.8321
299435.3355,340699,48,1.2224,-0.2759,-0.1399,33.0076,61.8779,108.6565
299435.3355,340709,48,1.2104,-0.2227,-0.1538,30.6718,68.9924,109.3893
299435.3355,340719,48,1.1802,-0.1829,-0.1714,24.1069,76.8244,109.6183
299435.3355,340729,48,1.1362,-0.1619,-0.1997,15.2519,84.5496,109.7557
299435.3355,340739,48,1.0854,-0.1462,-0.2217,6.8092,88.8702,109.7252
299435.3355,340749,48,1.0339,-0.1165,-0.2422,-1.5115,89.5420,109.4656
299435.3355,340759,48,0.9805,-0.1006,-0.2568,-10.5191,88.5344,108.8702
299435.4521,340769,49,0.9365,-0.0879,-0.2729,-17.8015,87.5267,106.2290
299435.4521,340779,49,0.8833,-0.0798,-0.2881,-23.7557,87.1298,101.6031
299435.4521,340789,49,0.8354,-0.0725,-0.2932,-28.8550,85.1145,95.1145
299435.4521,340799,49,0.7935,-0.0715,-0.2991,-33.0534,81.7863,88.6260
299435.4521,340809,49,0.7637,-0.0720,-0.2988,-35.4809,77.0992,81.6947
299435.4521,340819,49,0.7397,-0.0637,-0.2981,-35.9237,71.1756,74.3053
299435.4521,340829,49,0.7285,-0.0518,-0.2979,-36.2137,64.7328,66.7328
299435.4521,340839,49,0.7156,-0.0408,-0.2959,-37.6641,59.2672,59.1145
299435.4521,340849,49,0.7000,-0.0310,-0.2954,-40.0916,54.9924,50.7481
299435.4521,340859,49,0.6711,-0.0317,-0.3042,-42.9160,51.6336,41.5878
299435.5117,340869,50,0.6406,-0.0354,-0.3142,-45.3893,48.7176,31.4962
299435.5117,340879,50,0.6128,-0.0435,-0.3232,-46.9618,45.5115,20.1832
299435.5117,340889,50,0.5955,-0.0571,-0.3242,-48.0000,41.8168,8.0305
299435.5117,340899,50,0.5964,-0.0801,-0.3223,-48.7939,38.0916,-4.2901
299435.5117,340909,50,0.6086,-0.0994,-0.3184,-49.1908,34.5038,-16.5802
299435.5117,340919,50,0.6262,-0.1245,-0.3022,-49.1603,30.6718,-28.5191
299435.5117,340929,50,0.6584,-0.1536,-0.2812,-49.4656,26.2901,-39.6183
299435.5117,340939,50,0.6875,-0.1838,-0.2605,-49.6031,22.5802,-49.5878
299435.5117,340949,50,0.7124,-0.2100,-0.2378,-50.0153,20.4275,-58.1527
299435.5117,340959,50,0.7375,-0.2368,-0.2131,-50.8702,19.7405,-65.2061
299435.6318,340969,51,0.7986,-0.2397,-0.2043,-51.7252,18.6718,-70.7634
299435.6318,340979,51,0.9067,-0.2134,-0.2061,-53.2214,15.5725,-73.2977
299435.6318,340989,51,1.0190,-0.1663,-0.2068,-57.1145,13.6031,-75.2672
299435.6318,340999,51,1.1201,-0.1196,-0.2424,-65.8931,15.5420,-78.4122
299435.6318,341009,51,1.1863,-0.0950,-0.2988,-80.0153,23.2672,-82.5954
299435.6318,341019,51,1.2163,-0.0986,-0.3918,-96.8092,36.0153,-88.3664
299435.6318,341029,51,1.1743,-0.1414,-0.4788,-112.7634,50.4427,-95.8779
299435.6318,341039,51,1.0835,-0.2117,-0.5325,-125.5267,59.1908,-104.6565
299435.6318,341049,51,1.0010,-0.3215,-0.5610,-134.5191,57.6947,-114.0153
299435.6318,341059,51,0.9314,-0.4521,-0.5637,-138.6107,50.4885,-123.5115
299435.7508,341069,52,0.9131,-0.5994,-0.5076,-125.9847,25.4198,-129.8168
299435.7508,341079,52,0.9131,-0.5994,-0.5076,-125.9847,25.4198,-129.8168
299435.7508,341089,52,0.9695,-0.6394,-0.4741,-117.0534,12.4733,-126.9618
299435.7508,341099,52,1.0322,-0.6768,-0.4324,-110.6260,3.0687,-120.2748
299435.7508,341109,52,1.0940,-0.6929,-0.4001,-104.2901,-4.6107,-108.4580
299435.7508,341119,52,1.2144,-0.6719,-0.3208,-92.2748,-11.6489,-72.7481
299435.7508,341129,52,1.2498,-0.6133,-0.2891,-86.6260,-8.6107,-52.4733
299435.7508,341139,52,1.2266,-0.5088,-0.2722,-82.8855,1.0076,-34.0458
299435.7508,341149,52,1.1812,-0.4270,-0.2732,-83.0992,12.5496,-20.2290
299435.7508,341159,52,1.1204,-0.3777,-0.2983,-86.1679,24.3969,-11.6947
299435.8116,341169,53,1.0288,-0.3259,-0.3201,-90.6565,35.8168,-5.3435
299435.8116,341179,53,0.9448,-0.2886,-0.3450,-96.4122,41.4656,-0.3817
299435.8116,341189,53,0.8818,-0.2654,-0.3665,-102.7634,42.6718,1.6183
299435.8116,341199,53,0.8345,-0.2559,-0.3652,-110.3053,41.1908,2.1985
299435.8116,341209,53,0.8030,-0.2607,-0.3618,-119.3282,37.4046,3.2977
299435.8116,341219,53,0.7976,-0.2930,-0.3621,-129.4198,32.5191,5.6641
299435.8116,341229,53,0.8010,-0.3374,-0.3521,-137.3893,29.1756,9.2977
299435.8116,341239,53,0.8013,-0.3628,-0.3450,-142.1221,27.5420,14.7634
299435.8116,341249,53,0.8003,-0.3635,-0.3452,-144.1832,26.3969,21.9237
299435.8116,341259,53,0.7998,-0.3464,-0.3530,-143.8779,26.3817,28.6260
299435.9317,341269,54,0.7964,-0.3228,-0.3645,-141.9084,28.1069,32.8855
299435.9317,341279,54,0.7847,-0.2971,-0.3750,-138.8855,29.5725,34.0611
299435.9317,341289,54,0.7678,-0.2776,-0.3921,-135.6183,29.8626,32.5649
299435.9317,341299,54,0.7617,-0.2773,-0.4133,-131.6031,30.0305,28.4885
299435.9317,341309,54,0.7483,-0.2800,-0.4243,-127.7099,31.1756,23.7099
299435.9317,341319,54,0.7354,-0.2646,-0.4290,-123.2977,30.6107,19.7252
299435.9317,341329,54,0.7415,-0.2517,-0.4365,-120.1221,27.1450,15.1603
299435.9317,341339,54,0.7485,-0.2581,-0.4314,-120.2748,23.9237,10.9008
299435.9317,341349,54,0.7529,-0.2637,-0.4285,-122.5344,20.9618,8.3359
299435.9317,341359,54,0.7620,-0.2795,-0.4290,-127.0840,17.2977,7.9695
299436.0519,341369,55,0.7693,-0.2937,-0.4280,-132.1069,13.7863,9.2519
299436.0519,341379,55,0.7783,-0.3003,-0.4307,-136.1527,10.7176,10.8092
299436.0519,341389,55,0.7881,-0.3010,-0.4438,-139.6641,7.6031,12.1679
299436.0519,341399,55,0.8000,-0.2996,-0.4546,-141.7099,5.2214,11.8779
299436.0519,341409,55,0.8181,-0.3013,-0.4653,-141.7863,2.2748,9.6794
299436.0519,341419,55,0.8530,-0.3013,-0.4773,-139.9847,-1.0229,5.8473
299436.0519,341429,55,0.8862,-0.3044,-0.4827,-136.4733,-3.3740,0.0458
299436.0519,341439,55,0.9138,-0.3174,-0.4819,-132.0000,-4.9008,-7.4504
299436.0519,341449,55,0.9338,-0.3386,-0.4785,-126.8550,-6.1527,-15.6489
299436.0519,341459,55,0.9543,-0.3613,-0.4675,-121.0076,-7.3893,-24.0153
299436.1110,341469,56,0.9775,-0.4043,-0.4558,-116.0611,-9.5267,-31.3588
299436.1110,341479,56,0.9932,-0.4473,-0.4399,-111.0687,-11.3435,-37.4504
299436.1110,341489,56,1.0017,-0.4868,-0.4185,-106.3664,-13.0534,-41.5267
299436.1110,341499,56,1.0042,-0.5120,-0.3972,-103.2214,-15.6641,-42.3053
299436.1110,341509,56,1.0051,-0.5232,-0.3708,-101.3130,-18.6565,-39.8321
299436.1110,341519,56,1.0217,-0.5474,-0.3577,-100.0763,-21.9237,-36.7023
299436.1110,341529,56,1.0701,-0.5676,-0.3589,-98.0458,-23.9847,-33.1298
299436.1110,341539,56,1.1511,-0.5852,-0.3813,-93.4962,-24.7176,-26.7786
299436.1110,341549,56,1.2080,-0.5640,-0.3875,-85.2214,-21.2519,-22.8550
299436.1110,341559,56,1.2585,-0.5469,-0.3938,-76.6260,-19.7405,-20.7481
299436.2315,341569,57,1.2920,-0.5371,-0.3901,-68.9771,-19.5725,-20.0305
299436.2315,341579,57,1.3225,-0.5266,-0.3872,-61.0382,-19.3740,-21.3893
299436.2315,341589,57,1.3210,-0.5168,-0.3779,-52.9313,-17.0534,-24.7023
299436.2315,341599,57,1.3044,-0.5161,-0.3630,-44.8244,-13.5878,-29.4504
299436.2315,341609,57,1.2695,-0.5474,-0.3506,-38.1527,-10.1527,-34.1527
299436.2315,341619,57,1.2329,-0.5825,-0.3430,-31.6183,-6.0458,-36.7328
299436.2315,341629,57,1.1951,-0.5962,-0.3391,-22.7023,-2.3511,-36.9160
299436.2315,341639,57,1.1782,-0.5916,-0.3416,-12.9008,-0.1527,-34.3359
299436.2315,341649,57,1.1702,-0.5901,-0.3499,-4.0305,0.5496,-28.2748
299436.2315,341659,57,1.1631,-0.5764,-0.3552,5.2366,2.0763,-20.6718
299436.3519,341669,58,1.1482,-0.5388,-0.3616,15.2214,3.3740,-12.1679
299436.3519,341679,58,1.1448,-0.4915,-0.3701,24.7328,3.1908,-3.2061
299436.3519,341689,58,1.1423,-0.4229,-0.3845,34.3053,2.7328,4.0763
299436.3519,341699,58,1.1299,-0.3511,-0.3784,43.6336,2.2748,7.7557
299436.3519,341709,58,1.1057,-0.2991,-0.3696,50.7939,2.0611,7.7863
299436.3519,341719,58,1.0657,-0.2761,-0.3628,55.6336,2.8397,5.4962
299436.3519,341729,58,1.0117,-0.2683,-0.3613,59.5725,4.5802,1.6489
299436.3519,341739,58,0.9495,-0.2727,-0.3574,64.0305,5.5420,-2.8702
299436.3519,341749,58,0.8906,-0.2749,-0.3486,69.3435,4.5802,-6.8550
299436.3519,341759,58,0.8481,-0.2759,-0.3367,75.2214,1.6031,-9.3740
299436.4117,341769,59,0.8225,-0.2722,-0.3291,81.5725,-2.2290,-10.4275
299436.4117,341779,59,0.7957,-0.2554,-0.3340,88.4733,-4.1985,-11.2519
299436.4117,341789,59,0.7585,-0.2336,-0.3542,95.6641,-2.7634,-13.3588
299436.4117,341799,59,0.7158,-0.2051,-0.3828,102.7328,1.0840,-15.7710
299436.4117,341809,59,0.6677,-0.1814,-0.4121,108.7634,4.3359,-18.3053
299436.4117,341819,59,0.6497,-0.1743,-0.4343,114.3817,3.5725,-22.7023
299436.4117,341829,59,0.6436,-0.1646,-0.4458,123.0382,0.2137,-29.0992
299436.4117,341839,59,0.6572,-0.1541,-0.4470,133.7252,-1.8779,-36.7481
299436.4117,341849,59,0.6714,-0.1477,-0.4202,143.0687,-0.0611,-44.4427
299436.4117,341859,59,0.7004,-0.1455,-0.4128,150.9160,4.3359,-50.5649
299436.5315,341869,60,0.7371,-0.1487,-0.4167,156.4580,10.2290,-54.6107
299436.5315,341879,60,0.7668,-0.1514,-0.4250,159.8779,16.9160,-57.0534
299436.5315,341889,60,0.7961,-0.1487,-0.4438,160.8397,22.2595,-56.2443
299436.5315,341899,60,0.8330,-0.1396,-0.4727,159.3435,27.0076,-53.1908
299436.5315,341909,60,0.8606,-0.1267,-0.5090,156.0458,32.5802,-49.0076
299436.5315,341919,60,0.8667,-0.1223,-0.5574,148.7176,37.8168,-44.7328
299436.5315,341929,60,0.8469,-0.1274,-0.6157,138.1221,41.9084,-40.5344
299436.5315,341939,60,0.8184,-0.1438,-0.6729,126.8244,43.4351,-36.6412
299436.5315,341949,60,0.7932,-0.1719,-0.7180,116.4122,41.7863,-32.9924
299436.5315,341959,60,0.7776,-0.2104,-0.7615,108.4733,37.3893,-29.7405
299436.6515,341969,61,0.7693,-0.2502,-0.7791,102.9924,33.4046,-26.7481
299436.6515,341979,61,0.7549,-0.2808,-0.7805,99.4504,30.5344,-22.5954
299436.6515,341989,61,0.7534,-0.2832,-0.7737,98.4580,25.4504,-16.8855
299436.6515,341999,61,0.7681,-0.2788,-0.7603,98.8092,18.2901,-10.9008
299436.6515,342009,61,0.7729,-0.2712,-0.7478,100.1985,13.5267,-6.2443
299436.6515,342019,61,0.7866,-0.2510,-0.7317,102.5496,10.9160,-3.4351
299436.6515,342029,61,0.7957,-0.2566,-0.7188,105.1908,9.6489,-0.6260
299436.6515,342039,61,0.7937,-0.2485,-0.7097,111.0687,11.2519,1.1145
299436.6515,342049,61,0.7778,-0.2058,-0.6985,117.0382,12.9313,2.5038
299436.6515,342059,61,0.7524,-0.1646,-0.7097,116.7786,9.0992,3.5725
299436.7121,342069,62,0.7388,-0.1472,-0.6707,110.2290,1.9237,3.6183
299436.7121,342079,62,0.7488,-0.1897,-0.6216,103.0992,-6.5191,5.6336
299436.7121,342089,62,0.7673,-0.2324,-0.5740,103.6794,-12.5038,8.4427
299436.7121,342099,62,0.7500,-0.2278,-0.5203,109.5573,-15.3893,10.6870
299436.7121,342109,62,0.7751,-0.2222,-0.4619,111.4809,-21.9542,9.9237
299436.7121,342119,62,0.7664,-0.1958,-0.4009,108.6870,-24.2748,16.1985
299436.7121,342129,62,0.7668,-0.1797,-0.3374,100.1679,-25.6641,21.4351
299436.7121,342139,62,0.8027,-0.1655,-0.2761,89.4962,-26.1069,24.8092
299436.7121,342149,62,0.9661,-0.1321,-0.2358,79.6489,-28.7481,28.0916
299436.7121,342159,62,1.1343,-0.0972,-0.2241,70.5344,-28.8550,30.9160
299436.8305,342169,63,1.2444,-0.0725,-0.2351,60.9008,-18.7328,29.8321
299436.8305,342179,63,1.3052,-0.0681,-0.2947,50.5191,-6.2901,26.2443
299436.8305,342189,63,1.3342,-0.1072,-0.3733,38.3359,6.1679,20.4580
299436.8305,342199,63,1.3115,-0.1609,-0.4124,27.1450,16.3053,14.3511
299436.8305,342209,63,1.2639,-0.2285,-0.4087,18.7176,20.0000,7.2061
299436.8305,342219,63,1.2075,-0.3271,-0.3733,13.8779,17.3130,-0.9924
299436.8305,342229,63,1.1672,-0.4424,-0.2971,15.4504,10.5344,-8.2901
299436.8305,342239,63,1.1301,-0.5354,-0.1682,23.5725,2.0763,-12.9313
299436.8305,342249,63,1.1514,-0.6160,-0.0850,34.7939,-7.7252,-13.6031
299436.8305,342259,63,1.2068,-0.7085,-0.0244,49.5115,-11.9389,-11.7405
299436.9513,342269,64,1.2312,-0.7576,0.0349,66.8244,-9.3740,-7.8015
299436.9513,342279,64,1.2671,-0.7798,0.0950,85.1145,-8.4275,-0.8092
299436.9513,342289,64,1.3340,-0.7756,0.1411,101.3740,-8.8397,9.2672
299436.9513,342299,64,1.4033,-0.7302,0.1946,115.7252,-5.3130,22.5191
299436.9513,342309,64,1.4597,-0.6433,0.2166,128.1832,2.3817,36.9924
299436.9513,342319,64,1.4844,-0.5388,0.1865,135.4504,13.3740,50.6107
299436.9513,342329,64,1.4683,-0.4297,0.1226,135.1756,26.1069,62.9313
299436.9513,342339,64,1.4131,-0.3386,0.0486,124.8397,37.5573,75.7710
299436.9513,342349,64,1.3391,-0.2542,-0.0090,107.9695,44.8397,90.0000
299436.9513,342359,64,1.2876,-0.1777,-0.0325,89.7405,44.6718,103.4046
299437.0105,342369,65,1.2720,-0.1123,-0.0237,72.1832,39.8015,114.6718
299437.0105,342379,65,1.2722,-0.0562,0.0195,55.1145,33.6183,123.3435
299437.0105,342389,65,1.2825,-0.0320,0.0303,38.0153,27.8015,129.4351
299437.0105,342399,65,1.3000,-0.0034,0.0337,22.5802,26.5649,131.3435
299437.0105,342409,65,1.2942,0.0073,0.0293,8.4427,30.7023,129.1450
299437.0105,342419,65,1.2949,0.0081,-0.0037,-4.5038,36.3206,125.4962
299437.0105,342429,65,1.2661,0.0024,-0.0374,-14.3359,44.9466,120.8550
299437.0105,342439,65,1.2031,-0.0020,-0.0710,-20.5038,53.2366,116.6260
299437.0105,342449,65,1.1389,-0.0029,-0.1172,-22.8397,55.8015,113.5725
299437.0105,342459,65,1.0823,-0.0002,-0.1653,-21.2061,54.9008,110.8702
299437.1311,342469,66,1.0076,0.0349,-0.1919,-16.1374,52.8550,109.5115
299437.1311,342479,66,0.9561,0.0977,-0.2129,-10.6107,46.8702,110.2595
299437.1311,342489,66,0.9106,0.1775,-0.2375,-5.9542,39.4351,110.8244
299437.1311,342499,66,0.8640,0.2627,-0.2537,-2.0763,33.8321,107.8015
299437.1311,342509,66,0.8218,0.3440,-0.2668,-0.0305,29.3740,101.5725
299437.1311,342519,66,0.7983,0.3994,-0.2761,1.0534,25.2672,90.4733
299437.1311,342529,66,0.7830,0.4260,-0.2676,1.0229,22.0611,74.2290
299437.1311,342539,66,0.7837,0.4216,-0.2480,-0.6565,19.2977,55.2214
299437.1311,342549,66,0.7878,0.3848,-0.2197,-3.7710,15.6794,36.8702
299437.1311,342559,66,0.8164,0.3247,-0.1843,-6.0153,11.8473,20.6870
299437.2512,342569,67,0.8379,0.2759,-0.1331,-3.2519,9.0534,6.6565
299437.2512,342579,67,0.8567,0.2588,-0.0896,3.3740,6.3511,-4.8397
299437.2512,342589,67,0.8831,0.2754,-0.0498,7.4809,5.2519,-14.8550
299437.2512,342599,67,0.8999,0.2925,-0.0146,3.1450,10.3664,-24.7786
299437.2512,342609,67,0.8757,0.2896,-0.0146,-10.6565,20.6565,-32.9771
299437.2512,342619,67,0.8215,0.2424,-0.0444,-29.4504,27.4046,-39.4809
299437.2512,342629,67,0.7937,0.1772,-0.0845,-45.1756,28.2443,-45.6641
299437.2512,342639,67,0.7854,0.1267,-0.1135,-55.5267,26.2137,-51.6183
299437.2512,342649,67,0.7874,0.0847,-0.1343,-63.1908,21.9695,-57.7252
299437.2512,342659,67,0.8091,0.0347,-0.1609,-71.7557,16.9466,-64.1221
299437.3113,342669,68,0.8291,-0.0168,-0.1807,-79.9084,13.5725,-70.3664
299437.3113,342679,68,0.8459,-0.0574,-0.2021,-87.1908,9.4504,-75.9847
299437.3113,342689,68,0.8875,-0.1067,-0.2214,-95.3588,3.5115,-81.0687
299437.3113,342699,68,0.9309,-0.1763,-0.2542,-105.1603,-1.8626,-85.6336
299437.3113,342709,68,0.9629,-0.2495,-0.2769,-113.0076,-4.8855,-89.9695
299437.3113,342719,68,0.9976,-0.3157,-0.2932,-117.0534,-8.2290,-93.7405
299437.3113,342729,68,1.0369,-0.3774,-0.3066,-117.8626,-12.8244,-96.7939
299437.3113,342739,68,1.0706,-0.4277,-0.3162,-116.7786,-17.1298,-99.3740
299437.3113,342749,68,1.1016,-0.4680,-0.3127,-115.2366,-21.3435,-101.4962
299437.3113,342759,68,1.1304,-0.5151,-0.3037,-113.5420,-25.1756,-103.1145
299437.4319,342769,69,1.1497,-0.5571,-0.2974,-111.3130,-27.5420,-104.2137
299437.4319,342779,69,1.1624,-0.5942,-0.2725,-109.3435,-29.6641,-104.6565
299437.4319,342789,69,1.1772,-0.6309,-0.2517,-108.7939,-31.8321,-103.6336
299437.4319,342799,69,1.1787,-0.6726,-0.2285,-110.0305,-33.2214,-100.5038
299437.4319,342809,69,1.1636,-0.6992,-0.2090,-111.3282,-33.7405,-95.2977
299437.4319,342819,69,1.1431,-0.7253,-0.1934,-112.4275,-34.6412,-89.1756
299437.4319,342829,69,1.1340,-0.7363,-0.1899,-113.4504,-35.5878,-81.7099
299437.4319,342839,69,1.1858,-0.7498,-0.2112,-114.5496,-37.6489,-73.1908
299437.4319,342849,69,1.2239,-0.7664,-0.2498,-114.6718,-37.0229,-63.4504
299437.4319,342859,69,1.2671,-0.7739,-0.2664,-112.6718,-35.9847,-54.8092
299437.5519,342869,70,1.3457,-0.8140,-0.2856,-110.5496,-39.8779,-45.3130
299437.5519,342879,70,1.4097,-0.9062,-0.3130,-108.1527,-43.1450,-36.2595
299437.5519,342889,70,1.4351,-0.9683,-0.3230,-100.7023,-44.4580,-24.5496
299437.5519,342899,70,1.4592,-0.9751,-0.3306,-84.4733,-47.6183,-12.1527
299437.5519,342909,70,1.4595,-0.9404,-0.3228,-62.5191,-48.5649,-4.5038
299437.5519,342919,70,1.4172,-0.8940,-0.3008,-41.8015,-45.1298,-3.8015
299437.5519,342929,70,1.3379,-0.8743,-0.2898,-29.4809,-37.8321,-6.7634
299437.5519,342939,70,1.2305,-0.8884,-0.2920,-25.2519,-27.5115,-10.7176
299437.5519,342949,70,1.1387,-0.9260,-0.2959,-22.8855,-17.6794,-14.8855
299437.5519,342959,70,1.0562,-0.9546,-0.3022,-18.7023,-10.4733,-15.6031
299437.6701,342969,71,0.9919,-0.9524,-0.3071,-12.7023,-7.1450,-9.6947
299437.6701,342979,71,0.9429,-0.9260,-0.3164,-4.2748,-8.7939,2.3053
299437.6701,342989,71,0.9226,-0.8762,-0.3188,7.4351,-12.7939,15.2366
299437.6701,342999,71,0.9094,-0.8145,-0.3201,21.5115,-14.7023,25.7557
299437.6701,343009,71,0.9053,-0.7393,-0.3311,36.7328,-14.6565,33.6183
299437.6701,343019,71,0.9080,-0.6670,-0.3389,50.9771,-12.5038,36.6412
299437.6701,343029,71,0.8953,-0.6133,-0.3428,62.7786,-9.1145,35.7405
299437.6701,343039,71,0.8909,-0.5737,-0.3513,73.6794,-6.5954,31.4198
299437.6701,343049,71,0.8879,-0.5391,-0.3455,84.0611,-4.7786,24.9618
299437.6701,343059,71,0.8850,-0.5149,-0.3372,91.6031,-3.9084,19.4809
299437.7308,343069,72,0.8857,-0.4905,-0.3201,96.0763,-3.3282,15.8168
299437.7308,343079,72,0.9072,-0.4741,-0.2905,96.4733,-3.6489,13.9237
299437.7308,343089,72,0.9233,-0.4690,-0.2783,91.5267,-2.3511,14.5954
299437.7308,343099,72,0.9148,-0.4604,-0.2666,82.5038,1.9389,18.1374
299437.7308,343109,72,0.9043,-0.4434,-0.2715,71.8931,6.6107,23.1298
299437.7308,343119,72,0.8916,-0.4536,-0.2905,60.9008,10.6565,27.1603
299437.7308,343129,72,0.8740,-0.4668,-0.3032,51.1603,14.7786,30.2443
299437.7308,343139,72,0.8635,-0.4861,-0.3276,43.5115,17.1756,33.1908
299437.7308,343149,72,0.8503,-0.5076,-0.3472,39.0534,18.3511,35.6947
299437.7308,343159,72,0.8313,-0.5183,-0.3674,38.8244,18.9618,37.0687
299437.8509,343169,73,0.8225,-0.5188,-0.3762,42.0763,18.4580,37.7710
299437.8509,343179,73,0.8228,-0.5210,-0.3835,47.0229,17.7099,37.7710
299437.8509,343189,73,0.8162,-0.5100,-0.3870,53.5115,17.6794,37.6183
299437.8509,343199,73,0.8083,-0.4917,-0.3916,60.1069,17.7710,37.3435
299437.8509,343209,73,0.8010,-0.4675,-0.3872,66.0611,18.0000,36.8244
299437.8509,343219,73,0.7954,-0.4414,-0.3899,70.9618,18.2748,36.0153
299437.8509,343229,73,0.7869,-0.4163,-0.3855,73.8779,18.7786,35.3435
299437.8509,343239,73,0.7803,-0.3960,-0.3877,74.9466,18.7176,34.5496
299437.8509,343249,73,0.7815,-0.3760,-0.3718,75.1298,18.1679,33.5267
299437.8509,343259,73,0.7839,-0.3647,-0.3599,75.6183,18.2748,32.0458
299437.9106,343269,74,0.7915,-0.3521,-0.3447,76.2137,19.2366,29.7710
299437.9106,343279,74,0.7996,-0.3533,-0.3296,77.8473,20.9771,25.9389
299437.9106,343289,74,0.7996,-0.3542,-0.3250,81.6794,22.9924,20.5649
299437.9106,343299,74,0.7991,-0.3550,-0.3169,84.9466,24.1832,14.5802
299437.9106,343309,74,0.7944,-0.3521,-0.3057,85.5115,23.9542,9.9084
299437.9106,343319,74,0.7937,-0.3481,-0.2942,84.1679,22.3511,5.8931
299437.9106,343329,74,0.7979,-0.3472,-0.2781,81.7557,20.1221,2.9771
299437.9106,343339,74,0.8057,-0.3440,-0.2637,78.1679,17.7557,1.6794
299437.9106,343349,74,0.8120,-0.3357,-0.2654,73.0229,15.8168,2.2137
299437.9106,343359,74,0.8181,-0.3235,-0.2566,66.0000,14.3969,4.2901
299438.0317,343369,75,0.8254,-0.3198,-0.2561,57.7863,13.2519,6.8550
299438.0317,343379,75,0.8298,-0.3157,-0.2632,49.0534,12.3969,9.8015
299438.0317,343389,75,0.8289,-0.3066,-0.2661,40.6107,11.3435,12.7634
299438.0317,343399,75,0.8286,-0.3047,-0.2732,32.4122,9.8473,15.6031
299438.0317,343409,75,0.8303,-0.3027,-0.2856,26.0000,7.7710,16.7023
299438.0317,343419,75,0.8269,-0.2974,-0.2957,22.4275,5.2061,15.6489
299438.0317,343429,75,0.8201,-0.2935,-0.2886,21.4962,1.6489,12.3359
299438.0317,343439,75,0.8230,-0.2961,-0.2805,22.0458,-1.8931,7.8321
299438.0317,343449,75,0.8198,-0.2993,-0.2800,23.6183,-4.5802,2.7481
299438.0317,343459,75,0.8193,-0.3010,-0.2756,25.8321,-6.8244,-2.7481
299438.1519,343469,76,0.8235,-0.3064,-0.2566,28.7786,-9.6336,-8.4733
299438.1519,343479,76,0.8333,-0.3108,-0.2441,33.3130,-12.7786,-14.1374
299438.1519,343489,76,0.8459,-0.3147,-0.2288,38.2443,-15.3588,-19.8473
299438.1519,343499,76,0.9067,-0.2898,-0.2158,43.8015,-18.3206,-24.0305
299438.1519,343509,76,0.9875,-0.2546,-0.2168,47.5420,-20.8855,-25.5420
299438.1519,343519,76,1.0339,-0.2092,-0.2205,47.9695,-19.7252,-27.0840
299438.1519,343529,76,1.0913,-0.1660,-0.2307,44.6718,-19.5420,-29.8931
299438.1519,343539,76,1.1255,-0.1428,-0.2639,36.2901,-19.1450,-32.5191
299438.1519,343549,76,1.1575,-0.1191,-0.2939,25.2519,-18.0305,-34.9008
299438.1519,343559,76,1.1636,-0.1021,-0.3301,13.6794,-16.6412,-36.7328
299438.2111,343569,77,1.1282,-0.0959,-0.3562,2.5344,-14.9924,-40.5954
299438.2111,343579,77,1.0491,-0.1238,-0.3691,-8.4122,-16.1527,-47.4962
299438.2111,343589,77,0.9500,-0.2078,-0.3555,-17.4198,-20.5802,-56.1832
299438.2111,343599,77,0.8765,-0.3132,-0.3193,-20.5191,-27.4046,-65.1908
299438.2111,343609,77,0.8103,-0.3950,-0.2559,-15.6489,-36.0763,-70.5496
299438.2111,343619,77,0.7629,-0.4177,-0.1980,-3.8473,-47.3588,-71.2519
299438.2111,343629,77,0.7769,-0.4163,-0.1467,9.3130,-58.4427,-69.3435
299438.2111,343639,77,0.8008,-0.3984,-0.0952,20.4733,-64.1069,-65.4504
299438.2111,343649,77,0.8323,-0.3613,-0.0444,30.0611,-66.4122,-59.7557
299438.2111,343659,77,0.8833,-0.3010,-0.0044,38.7023,-67.4656,-52.5191
299438.3319,343669,78,0.9326,-0.2095,0.0259,44.5038,-64.4275,-44.7939
299438.3319,343679,78,0.9675,-0.1245,0.0222,45.0992,-56.4122,-38.8855
299438.3319,343689,78,0.9949,-0.0623,-0.0027,40.2443,-45.4046,-35.8626
299438.3319,343699,78,0.9937,-0.0085,-0.0513,31.1756,-32.7939,-36.4733
299438.3319,343709,78,0.9731,0.0100,-0.1052,19.2366,-20.9466,-39.3588
299438.3319,343719,78,0.9495,0.0034,-0.1665,8.0458,-12.7481,-45.2061
299438.3319,343729,78,0.9382,-0.0173,-0.2249,-0.8397,-7.5725,-53.9389
299438.3319,343739,78,0.9331,-0.0515,-0.2678,-7.7863,-5.2061,-63.6794
299438.3319,343749,78,0.9297,-0.0996,-0.2969,-13.5267,-6.1985,-72.4580
299438.3319,343759,78,0.9460,-0.1621,-0.3142,-19.2977,-9.8779,-79.7710
299438.4519,343769,79,0.9739,-0.2263,-0.3167,-24.9466,-14.7481,-84.2290
299438.4519,343779,79,1.0073,-0.2812,-0.2944,-30.7023,-20.0305,-84.4885
299438.4519,343789,79,1.0266,-0.3103,-0.2786,-36.4122,-25.0534,-81.0534
299438.4519,343799,79,1.0618,-0.3613,-0.2817,-43.4046,-28.0611,-77.4198
299438.4519,343809,79,1.0566,-0.4258,-0.2812,-50.0305,-25.5420,-73.3130
299438.4519,343819,79,1.0415,-0.4832,-0.2942,-53.4504,-22.0763,-67.5420
299438.4519,343829,79,1.0251,-0.5330,-0.3135,-52.7786,-20.7939,-59.7557
299438.4519,343839,79,1.0010,-0.5667,-0.3372,-47.2977,-20.9924,-52.0458
299438.4519,343849,79,0.9792,-0.5801,-0.3354,-37.4198,-22.6412,-45.4351
299438.4519,343859,79,0.9712,-0.5781,-0.3335,-24.4580,-26.6565,-39.7252
299438.5118,343869,80,0.9617,-0.5525,-0.3198,-9.8473,-31.5420,-35.8779
299438.5118,343879,80,0.9604,-0.5249,-0.2925,4.8550,-36.8397,-34.1374
299438.5118,343889,80,0.9597,-0.4871,-0.2625,18.1069,-42.0000,-33.9084
299438.5118,343899,80,0.9634,-0.4448,-0.2373,28.8855,-46.0153,-33.5878
299438.5118,343909,80,0.9746,-0.3965,-0.2048,36.4733,-49.9389,-31.4198
299438.5118,343919,80,0.9883,-0.3552,-0.1755,40.0305,-52.7634,-28.2595
299438.5118,343929,80,0.9902,-0.3257,-0.1492,40.6718,-53.4656,-25.0382
299438.5118,343939,80,0.9890,-0.2998,-0.1270,39.3893,-52.7939,-21.8473
299438.5118,343949,80,0.9846,-0.2849,-0.1179,35.9847,-50.5496,-18.8092
299438.5118,343959,80,0.9839,-0.2808,-0.1133,31.6794,-47.3588,-16.4427
299438.6326,343969,81,0.9817,-0.2893,-0.1160,28.0000,-44.1832,-14.4885
299438.6326,343979,81,0.9771,-0.2932,-0.1208,26.4733,-41.3282,-13.2366
299438.6326,343989,81,0.9727,-0.2866,-0.1257,26.8702,-38.2443,-13.0687
299438.6326,343999,81,0.9695,-0.2854,-0.1306,27.4351,-34.9466,-13.4809
299438.6326,344009,81,0.9695,-0.2815,-0.1392,27.7557,-31.2519,-14.3359
299438.6326,344019,81,0.9714,-0.2793,-0.1482,27.9237,-27.6641,-15.2061
299438.6326,344029,81,0.9705,-0.2842,-0.1655,28.3053,-24.0458,-16.2595
299438.6326,344039,81,0.9707,-0.2944,-0.1853,28.9618,-20.7634,-17.5725
299438.6326,344049,81,0.9680,-0.3054,-0.2026,30.2443,-17.6183,-19.2366
299438.6326,344059,81,0.9636,-0.3206,-0.2192,32.4885,-15.5573,-20.3817
299438.7513,344069,82,0.9678,-0.3350,-0.2395,35.6489,-14.8702,-21.0687
299438.7513,344079,82,0.9678,-0.3433,-0.2488,39.2214,-14.4275,-21.6489
299438.7513,344089,82,0.9629,-0.3472,-0.2625,42.7481,-14.5191,-21.3740
299438.7513,344099,82,0.9731,-0.3459,-0.2700,45.7863,-15.2366,-20.3817
299438.7513,344109,82,0.9729,-0.3403,-0.2747,47.6947,-15.5420,-19.2824
299438.7513,344119,82,0.9690,-0.3350,-0.2839,48.5038,-16.0916,-17.7710
299438.7513,344129,82,0.9583,-0.3308,-0.2939,48.8550,-16.5038,-16.0763
299438.7513,344139,82,0.9478,-0.3167,-0.3027,49.1145,-16.7481,-14.2595
299438.7513,344149,82,0.9326,-0.2988,-0.3101,49.3588,-17.7710,-12.4733
299438.7513,344159,82,0.9197,-0.2864,-0.3252,49.3893,-19.4809,-11.2824
299438.8118,344169,83,0.9099,-0.2834,-0.3325,49.2977,-21.1603,-11.1908
299438.8118,344179,83,0.8948,-0.2849,-0.3391,50.3359,-23.0229,-12.6718
299438.8118,344189,83,0.8762,-0.2891,-0.3394,53.1756,-25.6794,-15.2061
299438.8118,344199,83,0.8784,-0.2864,-0.3479,58.0916,-29.0229,-18.6412
299438.8118,344209,83,0.8877,-0.2830,-0.3530,64.9313,-32.3359,-22.8702
299438.8118,344219,83,0.9094,-0.2766,-0.3596,73.0229,-34.6565,-28.3664
299438.8118,344229,83,0.9431,-0.2654,-0.3760,81.4198,-35.8626,-34.9466
299438.8118,344239,83,0.9822,-0.2622,-0.3940,89.3588,-36.1374,-42.2137
299438.8118,344249,83,1.0237,-0.2573,-0.4204,96.3359,-35.6794,-49.8779
299438.8118,344259,83,1.0732,-0.2581,-0.4448,102.3817,-35.1756,-57.0229
299438.9308,344269,84,1.1299,-0.2568,-0.4729,107.5878,-34.9924,-63.5725
299438.9308,344279,84,1.1968,-0.2549,-0.5010,112.0305,-34.4580,-69.6183
299438.9308,344289,84,1.2695,-0.2556,-0.5322,115.4809,-33.0687,-74.8702
299438.9308,344299,84,1.3113,-0.2732,-0.5498,117.6794,-29.4351,-80.0763
299438.9308,344309,84,1.2683,-0.3047,-0.5530,119.7863,-23.3893,-86.9771
299438.9308,344319,84,1.1768,-0.3564,-0.5349,122.5344,-19.5267,-95.0687
299438.9308,344329,84,1.0830,-0.4204,-0.5010,127.0534,-20.0000,-101.5725
299438.9308,344339,84,0.9912,-0.4429,-0.4495,134.5954,-22.2748,-105.3588
299438.9308,344349,84,0.9290,-0.4634,-0.4028,141.9542,-26.0000,-106.0611
299438.9308,344359,84,0.8987,-0.4932,-0.3538,147.8321,-27.9847,-104.6718
299439.0509,344369,85,0.8713,-0.4917,-0.3147,154.1221,-25.4656,-99.8321
299439.0509,344379,85,0.8555,-0.4736,-0.2988,158.7939,-20.7176,-90.1832
299439.0509,344389,85,0.8572,-0.4475,-0.3057,161.9847,-13.2061,-77.8931
299439.0509,344399,85,0.8574,-0.4065,-0.3274,165.5267,-3.4198,-65.3282
299439.0509,344409,85,0.8550,-0.3491,-0.3657,169.1450,6.4275,-53.7863
299439.0509,344419,85,0.8530,-0.2886,-0.4119,171.6947,14.8855,-43.3588
299439.0509,344429,85,0.8538,-0.2075,-0.4634,174.6718,22.6718,-36.9924
299439.0509,344439,85,0.8506,-0.1641,-0.5310,176.0763,30.7939,-35.3282
299439.0509,344449,85,0.8311,-0.1333,-0.5989,177.4962,39.9847,-39.6489
299439.0509,344459,85,0.7925,-0.0903,-0.6423,179.4046,48.9924,-45.4351
299439.1114,344469,86,0.7542,-0.0505,-0.6804,179.9237,51.5725,-51.0687
299439.1114,344479,86,0.7217,-0.0325,-0.6987,178.4275,48.5649,-58.4733
299439.1114,344489,86,0.6965,-0.0190,-0.6980,173.4046,41.4656,-66.3359
299439.1114,344499,86,0.6904,-0.0505,-0.6838,162.5191,31.2824,-72.3359
299439.1114,344509,86,0.7078,-0.1313,-0.6753,147.6336,20.3206,-76.3817
299439.1114,344519,86,0.7322,-0.2273,-0.6741,135.6336,12.0763,-79.2061
299439.1114,344529,86,0.7407,-0.3101,-0.6658,128.8702,7.3740,-80.5496
299439.1114,344539,86,0.7522,-0.3599,-0.6621,128.9618,3.4809,-82.0000
299439.1114,344549,86,0.7793,-0.4172,-0.6729,134.6718,0.4275,-86.2443
299439.1114,344559,86,0.7966,-0.4690,-0.6870,143.6641,0.9008,-91.4809
299439.2309,344569,87,0.8042,-0.5051,-0.6973,155.8473,2.5496,-95.6336
299439.2309,344579,87,0.7979,-0.5259,-0.7163,168.7939,3.9237,-97.7557
299439.2309,344589,87,0.7869,-0.5315,-0.7175,181.4656,3.7557,-97.0687
299439.2309,344599,87,0.7817,-0.5142,-0.7183,192.9008,1.0992,-93.8321
299439.2309,344609,87,0.7854,-0.4807,-0.6968,201.0229,-3.0840,-88.5496
299439.2309,344619,87,0.8015,-0.4387,-0.6770,204.6260,-8.2290,-81.7252
299439.2309,344629,87,0.8284,-0.4060,-0.6494,203.3435,-13.1603,-74.3053
299439.2309,344639,87,0.8486,-0.3755,-0.6218,198.6260,-17.1145,-67.2061
299439.2309,344649,87,0.8726,-0.3557,-0.6042,191.9847,-19.7710,-61.3130
299439.2309,344659,87,0.8960,-0.3523,-0.5801,184.3206,-21.7252,-56.5954
299439.3512,344669,88,0.9187,-0.3650,-0.5674,177.3282,-22.3664,-53.1756
299439.3512,344679,88,0.9326,-0.3787,-0.5571,172.0916,-21.3893,-50.9618
299439.3512,344689,88,0.9426,-0.3923,-0.5452,168.6412,-19.9695,-49.1450
299439.3512,344699,88,0.9458,-0.4006,-0.5393,166.2901,-18.7023,-47.3282
299439.3512,344709,88,0.9600,-0.4009,-0.5283,163.8779,-17.6641,-45.2061
299439.3512,344719,88,0.9739,-0.4077,-0.5220,160.6107,-16.4122,-42.1374
299439.3512,344729,88,0.9800,-0.4126,-0.5115,156.0916,-14.2595,-38.0611
299439.3512,344739,88,0.9851,-0.4133,-0.5049,150.3664,-11.4046,-32.5038
299439.3512,344749,88,0.9802,-0.4163,-0.5000,143.8015,-8.7481,-25.7710
299439.3512,344759,88,0.9727,-0.4138,-0.5032,136.4275,-6.7939,-18.3206
299439.4109,344769,89,0.9663,-0.4055,-0.5012,129.7252,-5.4962,-10.4733
299439.4109,344779,89,0.9629,-0.4028,-0.5081,123.1908,-4.8092,-2.7328
299439.4109,344789,89,0.9592,-0.3950,-0.5156,118.0458,-4.7328,4.1069
299439.4109,344799,89,0.9609,-0.3926,-0.5195,114.7176,-4.9771,9.7557
299439.4109,344809,89,0.9612,-0.3799,-0.5178,113.5115,-5.3130,14.1069
299439.4109,344819,89,0.9680,-0.3667,-0.5198,113.2824,-6.1069,18.0916
299439.4109,344829,89,0.9746,-0.3545,-0.5095,114.1985,-7.1298,21.5115
299439.4109,344839,89,0.9785,-0.3374,-0.5024,116.3206,-7.4656,23.2519
299439.4109,344849,89,0.9875,-0.3198,-0.4883,118.4885,-7.0840,24.2443
299439.4109,344859,89,0.9971,-0.3020,-0.4875,120.0153,-6.6107,24.6260
299439.5916,344869,90,0.9995,-0.2798,-0.4841,120.5649,-5.6336,24.2290
299439.5916,344879,90,1.0007,-0.2747,-0.4763,119.7863,-4.8702,23.5725
299439.5916,344889,90,1.0032,-0.2712,-0.4678,118.0611,-4.2901,22.3817
299439.5916,344899,90,1.0081,-0.2749,-0.4636,116.0611,-3.6489,21.5115
299439.5916,344909,90,1.0076,-0.2754,-0.4607,113.8015,-2.7023,21.3282
299439.5916,344919,90,1.0098,-0.2805,-0.4492,111.7099,-1.5267,21.7557
299439.5916,344929,90,1.0078,-0.2778,-0.4424,109.8779,-0.6260,22.9466
299439.5916,344939,90,1.0110,-0.2727,-0.4377,108.5191,0.0000,24.4427
299439.5916,344949,90,1.0117,-0.2595,-0.4275,107.4656,0.7176,25.5878
299439.5916,344959,90,1.0137,-0.2515,-0.4131,105.7557,1.2519,26.4580
299439.6517,344969,91,1.0178,-0.2568,-0.4060,103.8168,2.0458,27.1145
299439.6517,344979,91,1.0178,-0.2576,-0.3938,102.5649,3.4962,27.5267
299439.6517,344989,91,1.0146,-0.2432,-0.3806,101.7557,4.8244,28.3511
299439.6517,344999,91,1.0247,-0.2305,-0.3682,100.5496,5.6489,28.9160
299439.6517,345009,91,1.0325,-0.2227,-0.3562,98.5649,8.0763,28.8092
299439.6517,345019,91,1.0371,-0.2070,-0.3462,95.4198,11.5573,29.1145
299439.6517,345029,91,1.0505,-0.2026,-0.3491,91.1450,13.8168,30.3053
299439.6517,345039,91,1.0718,-0.1897,-0.3513,86.5649,15.0840,32.0916
299439.6517,345049,91,1.0979,-0.1680,-0.3530,81.7405,15.6794,33.7405
299439.6517,345059,91,1.1165,-0.1497,-0.3481,75.2519,16.7634,34.9924
299439.7115,345069,92,1.1104,-0.1394,-0.3411,66.2901,19.0687,36.2748
299439.7115,345079,92,1.0833,-0.1418,-0.3391,55.5420,22.2137,37.3893
299439.7115,345089,92,1.0471,-0.1675,-0.3389,43.5878,25.0687,39.3130
299439.7115,345099,92,1.0020,-0.1982,-0.3501,33.1450,27.1908,43.1145
299439.7115,345109,92,0.9680,-0.2058,-0.3608,25.0992,27.5878,49.3130
299439.7115,345119,92,0.9370,-0.1863,-0.3752,18.2748,25.6947,56.6260
299439.7115,345129,92,0.9094,-0.1531,-0.3794,12.1679,22.1679,62.7634
299439.7115,345139,92,0.8811,-0.1196,-0.3774,7.0992,17.5725,66.3817
299439.7115,345149,92,0.8591,-0.1016,-0.3777,3.1756,12.1069,67.0534
299439.7115,345159,92,0.8384,-0.0972,-0.3789,0.8092,6.9466,65.3435
299439.8317,345169,93,0.7854,-0.0691,-0.3633,0.9924,3.7863,62.8092
299439.8317,345179,93,0.7441,-0.0366,-0.3464,2.1679,-2.7176,58.8092
299439.8317,345189,93,0.7102,-0.0137,-0.3237,3.6794,-10.3053,51.3740
299439.8317,345199,93,0.6814,-0.0020,-0.2952,5.0840,-16.1985,41.6641
299439.8317,345209,93,0.6550,0.0105,-0.2661,6.1527,-21.2214,30.9313
299439.8317,345219,93,0.6506,0.0110,-0.2412,6.7023,-26.0000,19.5573
299439.8317,345229,93,0.6628,0.0078,-0.2168,6.3359,-28.7328,8.0763
299439.8317,345239,93,0.6787,-0.0027,-0.1953,4.4122,-29.6641,-2.5649
299439.8317,345249,93,0.6982,-0.0205,-0.1882,0.2137,-30.1527,-11.0229
299439.8317,345259,93,0.7253,-0.0461,-0.1890,-5.2672,-30.6107,-17.2061
299439.9520,345269,94,0.7507,-0.0710,-0.1960,-10.3053,-30.8244,-22.0763
299439.9520,345279,94,0.7759,-0.0886,-0.2075,-14.6565,-31.2672,-26.4275
299439.9520,345289,94,0.7961,-0.1018,-0.2188,-18.2901,-32.2290,-30.7786
299439.9520,345299,94,0.8245,-0.1172,-0.2271,-21.4656,-33.4198,-35.6031
299439.9520,345309,94,0.8469,-0.1394,-0.2329,-23.9542,-34.4885,-41.0992
299439.9520,345319,94,0.8687,-0.1646,-0.2429,-25.4504,-35.5725,-46.9924
299439.9520,345329,94,0.8923,-0.1963,-0.2422,-25.5878,-36.8092,-52.8855
299439.9520,345339,94,0.9153,-0.2271,-0.2417,-24.0763,-38.1985,-58.2290
299439.9520,345349,94,0.9392,-0.2468,-0.2378,-21.6183,-39.1908,-62.8244
299439.9520,345359,94,0.9590,-0.2573,-0.2273,-19.7863,-39.4962,-66.0153
299440.0121,345369,95,0.9719,-0.2693,-0.2251,-19.4504,-39.5115,-67.4198
299440.0121,345379,95,0.9854,-0.2749,-0.2271,-20.8092,-38.9618,-67.2214
299440.0121,345389,95,0.9929,-0.2852,-0.2332,-22.8702,-37.9542,-66.8550
299440.0121,345399,95,0.9976,-0.2949,-0.2417,-25.6336,-36.9771,-65.8321
299440.0121,345409,95,1.0068,-0.3044,-0.2495,-28.7786,-36.8550,-63.8779
299440.0121,345419,95,1.0056,-0.3174,-0.2583,-31.1756,-37.0992,-62.1374
299440.0121,345429,95,1.0068,-0.3301,-0.2693,-32.4122,-37.6641,-60.7939
299440.0121,345439,95,1.0042,-0.3455,-0.2727,-32.4580,-38.8550,-60.3359
299440.0121,345449,95,1.0073,-0.3591,-0.2737,-30.9771,-40.5649,-60.5344
299440.0121,345459,95,1.0132,-0.3745,-0.2588,-27.9084,-42.3053,-61.3435
299440.1903,345469,96,1.0215,-0.3831,-0.2473,-23.6183,-44.2748,-62.5191
299440.1903,345479,96,1.0339,-0.3892,-0.2285,-19.0076,-45.7710,-63.4504
299440.1903,345489,96,1.0496,-0.3875,-0.2112,-14.9466,-46.2443,-63.6947
299440.1903,345499,96,1.0601,-0.3811,-0.1938,-12.8550,-45.8168,-62.7328
299440.1903,345509,96,1.0757,-0.3857,-0.1826,-13.5115,-44.1832,-60.6565
299440.1903,345519,96,1.0845,-0.4004,-0.1763,-16.2137,-40.3053,-57.4198
299440.1903,345529,96,1.0803,-0.4126,-0.1743,-19.3435,-35.2519,-52.1679
299440.1903,345539,96,1.0808,-0.4309,-0.1838,-22.4427,-30.7328,-45.3893
299440.1903,345549,96,1.0781,-0.4363,-0.1907,-24.3664,-26.2443,-38.8397
299440.1903,345559,96,1.0779,-0.4443,-0.2029,-25.5573,-21.8626,-32.1374
299440.2509,345569,97,1.0745,-0.4492,-0.2153,-25.8626,-18.0000,-25.6947
299440.2509,345579,97,1.0715,-0.4485,-0.2222,-25.3435,-14.5344,-19.9847
299440.2509,345589,97,1.0615,-0.4478,-0.2393,-24.2595,-11.5115,-14.7786
299440.2509,345599,97,1.0471,-0.4436,-0.2490,-23.1145,-8.6565,-10.0611
299440.2509,345609,97,1.0342,-0.4417,-0.2566,-22.1374,-6.3359,-5.6031
299440.2509,345619,97,1.0190,-0.4397,-0.2710,-21.2366,-4.5496,-1.2214
299440.2509,345629,97,1.0046,-0.4316,-0.2812,-20.1985,-3.4656,3.1756
299440.2509,345639,97,0.9875,-0.4192,-0.2866,-19.1908,-3.0076,7.2214
299440.2509,345649,97,0.9753,-0.4092,-0.2966,-18.4733,-3.1756,11.0840
299440.2509,345659,97,0.9644,-0.3972,-0.2949,-17.7099,-3.5420,14.5649
299440.3109,345669,98,0.9539,-0.3831,-0.3000,-16.6565,-4.1221,17.1756
299440.3109,345679,98,0.9424,-0.3765,-0.2969,-15.6641,-4.8855,19.4198
299440.3109,345689,98,0.9341,-0.3643,-0.3035,-14.1069,-5.5115,20.7634
299440.3109,345699,98,0.9285,-0.3557,-0.2930,-12.1221,-6.1069,21.4351
299440.3109,345709,98,0.9216,-0.3462,-0.2864,-9.8779,-6.9924,21.6183
299440.3109,345719,98,0.9224,-0.3313,-0.2808,-7.8168,-7.5267,21.3740
299440.3109,345729,98,0.9258,-0.3174,-0.2751,-6.0000,-7.4504,20.7481
299440.3109,345739,98,0.9224,-0.3010,-0.2688,-4.9008,-7.0992,19.6947
299440.3109,345749,98,0.9165,-0.3074,-0.2683,-5.6336,-6.7023,18.5496
299440.3109,345759,98,0.9167,-0.3149,-0.2700,-5.6489,-6.0916,16.6718
299440.4316,345769,99,0.9106,-0.3140,-0.2646,-4.0458,-5.0076,15.4962
299440.4316,345779,99,0.9158,-0.3091,-0.2747,-3.1145,-3.8321,15.8931
299440.4316,345789,99,0.9089,-0.2998,-0.2876,-3.3282,-2.6107,16.6107
299440.4316,345799,99,0.8989,-0.2893,-0.3010,-4.8550,-1.3435,17.0076
299440.4316,345809,99,0.8967,-0.2883,-0.3203,-7.2061,-1.1298,17.1145
299440.4316,345819,99,0.9111,-0.2808,-0.3442,-8.5649,-1.6641,17.1908
299440.4316,345829,99,0.9668,-0.2678,-0.3733,-9.7557,-3.4656,18.2901
299440.4316,345839,99,0.9905,-0.2505,-0.3975,-10.7328,-2.8855,17.5420
299440.4316,345849,99,1.0020,-0.2432,-0.4192,-11.6489,-2.1679,14.0763
299440.4316,345859,99,1.0151,-0.2544,-0.4331,-13.2061,-3.6489,10.4733
299440.5526,345869,100,1.0183,-0.2705,-0.4426,-13.6641,-5.0076,5.6947
299440.5526,345879,100,1.0310,-0.2930,-0.4512,-12.7328,-6.8092,0.7939
299440.5526,345889,100,1.0427,-0.3196,-0.4502,-11.0840,-8.8702,-3.2672
299440.5526,345899,100,1.0422,-0.3474,-0.4438,-8.7023,-9.5878,-7.4046
299440.5526,345909,100,1.0432,-0.3843,-0.4351,-6.2595,-10.2443,-10.5649
299440.5526,345919,100,1.0325,-0.4255,-0.4321,-3.7557,-10.0763,-12.1374
299440.5526,345929,100,1.0100,-0.4592,-0.4282,-1.0382,-8.0000,-11.8626
299440.5526,345939,100,0.9839,-0.4814,-0.4211,1.4809,-6.4122,-8.9771
299440.5526,345949,100,0.9495,-0.4856,-0.4163,3.5267,-5.9847,-4.0916
299440.5526,345959,100,0.9189,-0.4949,-0.4131,5.3893,-7.2977,0.4580
299440.6110,345969,101,0.8948,-0.5283,-0.4126,7.0076,-8.3053,4.5802
299440.6110,345979,101,0.8613,-0.5601,-0.4092,9.7710,-8.5649,10.7023
299440.6110,345989,101,0.8379,-0.5645,-0.4084,16.1374,-10.8244,19.2366
299440.6110,345999,101,0.8320,-0.5383,-0.4043,25.7099,-14.9618,28.4885
299440.6110,346009,101,0.8430,-0.4819,-0.3879,36.3969,-19.4046,35.9542
299440.6110,346019,101,0.8748,-0.4226,-0.3748,45.8015,-23.1145,40.2595
299440.6110,346029,101,0.9304,-0.3789,-0.3696,53.6031,-25.1450,41.2214
299440.6110,346039,101,0.9812,-0.3467,-0.3640,60.5191,-24.1832,40.1527
299440.6110,346049,101,1.0327,-0.3206,-0.3713,67.5725,-21.3435,38.6718
299440.6110,346059,101,1.0881,-0.2749,-0.3806,74.7176,-17.8473,37.2061
299440.7316,346069,102,1.1318,-0.2227,-0.3967,79.7710,-13.3435,35.2672
299440.7316,346079,102,1.1631,-0.1865,-0.4136,81.0382,-7.6031,32.2901
299440.7316,346089,102,1.1716,-0.1658,-0.4377,79.0992,-0.0763,28.4122
299440.7316,346099,102,1.1453,-0.1575,-0.4507,74.8702,8.2137,24.0000
299440.7316,346109,102,1.1074,-0.1663,-0.4685,68.0763,14.3511,20.5954
299440.7316,346119,102,1.0708,-0.1926,-0.4802,59.9695,18.1985,18.5038
299440.7316,346129,102,1.0334,-0.2300,-0.4812,51.4198,20.0000,18.1221
299440.7316,346139,102,1.0054,-0.2820,-0.4800,42.7023,19.6031,20.0763
299440.7316,346149,102,0.9839,-0.3347,-0.4766,34.8397,18.4122,24.3817
299440.7316,346159,102,0.9663,-0.3645,-0.4722,28.5496,16.7328,31.1145
299440.8518,346169,103,0.9719,-0.3850,-0.4807,23.3130,13.7252,38.6412
299440.8518,346179,103,0.9817,-0.4231,-0.4827,18.3206,11.1603,45.6794
299440.8518,346189,103,0.9817,-0.4529,-0.4741,15.6641,9.0992,53.1603
299440.8518,346199,103,0.9880,-0.4727,-0.4722,16.2137,5.9542,62.0916
299440.8518,346209,103,1.0039,-0.4722,-0.4653,20.6107,2.9924,70.8244
299440.8518,346219,103,1.0159,-0.4507,-0.4446,28.1985,1.3435,78.1985
299440.8518,346229,103,1.0317,-0.4038,-0.4294,37.0840,0.8092,83.7710
299440.8518,346239,103,1.0374,-0.3447,-0.4148,45.9542,2.2443,85.7099
299440.8518,346249,103,1.0471,-0.2983,-0.4050,53.6489,5.7252,83.0840
299440.8518,346259,103,1.0452,-0.2717,-0.4109,60.0916,10.6718,76.7023
299440.9119,346269,104,1.0288,-0.2539,-0.4058,66.0458,16.3206,68.9924
299440.9119,346279,104,1.0115,-0.2363,-0.4065,70.7328,20.8244,61.5725
299440.9119,346289,104,0.9949,-0.2271,-0.4019,73.2519,23.7557,54.3969
299440.9119,346299,104,0.9949,-0.2261,-0.3899,72.3206,25.8168,48.5344
299440.9119,346309,104,1.0071,-0.2373,-0.3792,67.5573,27.6031,45.4656
299440.9119,346319,104,1.0046,-0.2356,-0.3582,59.7405,29.5725,45.6031
299440.9119,346329,104,0.9890,-0.2124,-0.3354,48.3969,31.0687,48.8550
299440.9119,346339,104,0.9780,-0.2041,-0.3093,33.7557,31.9542,53.2214
299440.9119,346349,104,0.9614,-0.2056,-0.2935,16.6107,33.4504,58.3664
299440.9119,346359,104,0.9421,-0.2075,-0.2791,-0.3664,35.1298,64.5038
299441.0312,346369,105,0.9287,-0.2139,-0.2764,-16.4122,36.2748,71.0992
299441.0312,346379,105,0.9065,-0.2185,-0.2673,-30.0916,37.8626,76.6260
299441.0312,346389,105,0.8809,-0.2126,-0.2712,-40.0458,40.3206,80.0305
299441.0312,346399,105,0.8599,-0.1987,-0.2810,-46.7176,42.9771,80.8244
299441.0312,346409,105,0.8374,-0.1838,-0.2805,-50.8550,45.3130,78.4275
299441.0312,346419,105,0.8137,-0.1785,-0.2817,-53.4198,47.6031,72.8550
299441.0312,346429,105,0.7920,-0.1733,-0.2900,-54.5191,49.6336,65.3740
299441.0312,346439,105,0.7747,-0.1729,-0.2947,-54.0916,51.6794,57.1145
299441.0312,346449,105,0.7693,-0.1814,-0.3064,-53.3130,53.9542,48.3053
299441.0312,346459,105,0.7712,-0.1929,-0.3135,-52.6718,56.2290,39.3893
299441.1531,346469,106,0.7651,-0.2119,-0.3191,-52.3664,58.4275,30.7176
299441.1531,346479,106,0.7500,-0.2263,-0.3066,-52.7939,58.8702,23.4962
299441.1531,346489,106,0.7385,-0.2209,-0.2922,-54.5191,57.1298,19.0534
299441.1531,346499,106,0.7473,-0.2146,-0.2727,-58.3511,55.0382,16.2137
299441.1531,346509,106,0.7661,-0.2305,-0.2542,-64.4122,54.4122,13.4962
299441.1531,346519,106,0.7717,-0.2446,-0.2390,-70.3817,56.4122,12.0763
299441.1531,346529,106,0.7869,-0.2476,-0.2341,-74.9008,58.3817,12.1832
299441.1531,346539,106,0.8257,-0.2202,-0.2290,-77.8779,60.1527,12.7328
299441.1531,346549,106,0.9150,-0.1523,-0.2415,-80.4427,62.3511,14.2901
299441.1531,346559,106,1.0012,-0.0369,-0.2588,-84.3817,66.6870,15.6183
299441.2119,346569,107,1.0493,0.0547,-0.2825,-93.7863,75.1450,11.8626
299441.2119,346579,107,1.0515,0.1021,-0.3167,-111.9237,86.1832,5.5267
299441.2119,346589,107,1.0361,0.1155,-0.3760,-135.7710,97.9542,-1.1603
299441.2119,346599,107,1.0122,0.0564,-0.4485,-160.9924,110.4885,-10.9008
299441.2119,346609,107,0.9978,-0.0586,-0.5095,-182.2901,122.5344,-23.4962
299441.2119,346619,107,0.9934,-0.1929,-0.5591,-196.5344,130.2595,-34.0916
299441.2119,346629,107,0.9709,-0.2817,-0.6091,-203.5420,133.7099,-39.4656
299441.2119,346639,107,0.9600,-0.3364,-0.6514,-206.4122,132.9618,-41.0382
299441.2119,346649,107,0.9609,-0.3684,-0.6768,-207.9389,129.8779,-41.3588
299441.2119,346659,107,0.9441,-0.3850,-0.7009,-210.1985,126.8855,-38.8702
299441.3313,346669,108,0.9209,-0.4038,-0.7273,-213.9237,122.8092,-32.5496
299441.3313,346679,108,0.8916,-0.4243,-0.7544,-216.2901,118.3969,-24.0916
299441.3313,346689,108,0.8452,-0.4331,-0.7729,-215.1450,112.4427,-15.4656
299441.3313,346699,108,0.7881,-0.4426,-0.7798,-210.9008,102.5191,-7.7863
299441.3313,346709,108,0.7405,-0.4453,-0.7649,-201.8015,88.1679,-2.9924
299441.3313,346719,108,0.7151,-0.4407,-0.7207,-187.4962,71.3893,-2.5954
299441.3313,346729,108,0.7395,-0.4482,-0.6472,-167.6641,54.3664,-6.9466
299441.3313,346739,108,0.7944,-0.4397,-0.5681,-143.6336,39.5115,-13.8015
299441.3313,346749,108,0.8447,-0.3965,-0.4937,-119.3282,31.5573,-21.3893
299441.3313,346759,108,0.8821,-0.3318,-0.4163,-99.5573,28.5191,-27.1450
299441.4516,346769,109,0.9290,-0.2668,-0.3569,-86.5802,27.8321,-31.1756
299441.4516,346779,109,0.9673,-0.1960,-0.3157,-80.8092,30.4580,-34.3817
299441.4516,346789,109,1.0020,-0.1255,-0.2791,-84.0000,36.6718,-36.2595
299441.4516,346799,109,1.0229,-0.0796,-0.2725,-96.7634,45.2977,-36.4427
299441.4516,346809,109,1.0317,-0.0603,-0.2981,-115.9237,55.7863,-36.6107
299441.4516,346819,109,1.0251,-0.0791,-0.3401,-138.4427,68.0000,-36.5496
299441.4516,346829,109,0.9978,-0.1260,-0.4058,-160.9160,79.7863,-35.3435
299441.4516,346839,109,0.9712,-0.1831,-0.4763,-179.9237,88.2748,-31.6947
299441.4516,346849,109,0.9458,-0.2295,-0.5278,-194.0611,90.7176,-25.2977
299441.4516,346859,109,0.9216,-0.2532,-0.5715,-202.8092,88.3511,-18.3053
299441.5117,346869,110,0.9070,-0.2678,-0.5984,-207.0534,85.4504,-13.1298
299441.5117,346879,110,0.8958,-0.2695,-0.6123,-209.1298,82.0916,-8.9160
299441.5117,346889,110,0.8867,-0.2754,-0.6235,-210.7023,78.1069,-5.3435
299441.5117,346899,110,0.8801,-0.2827,-0.6326,-213.0382,74.2595,-2.4427
299441.5117,346909,110,0.8682,-0.2983,-0.6316,-215.8626,70.3664,0.9618
299441.5117,346919,110,0.8540,-0.3164,-0.6372,-218.1221,65.7710,4.7786
299441.5117,346929,110,0.8413,-0.3411,-0.6294,-219.5115,60.3359,9.0992
299441.5117,346939,110,0.8352,-0.3621,-0.6172,-219.3282,54.4580,13.9237
299441.5117,346949,110,0.8367,-0.3706,-0.6003,-217.0687,48.1679,18.4427
299441.5117,346959,110,0.8438,-0.3767,-0.5869,-213.6031,42.8855,22.0763
299441.6317,346969,111,0.8550,-0.3809,-0.5693,-209.3435,39.7863,24.5496
299441.6317,346979,111,0.8633,-0.3809,-0.5591,-204.1374,38.2290,26.1832
299441.6317,346989,111,0.8579,-0.3762,-0.5569,-198.2748,37.1756,27.0076
299441.6317,346999,111,0.8469,-0.3721,-0.5613,-192.0611,36.5496,26.8855
299441.6317,347009,111,0.8379,-0.3694,-0.5771,-185.7252,35.8015,25.9542
299441.6317,347019,111,0.8135,-0.3716,-0.5791,-179.2519,34.8092,23.8015
299441.6317,347029,111,0.7856,-0.3816,-0.5820,-172.4122,32.4885,20.9313
299441.6317,347039,111,0.7671,-0.3970,-0.5906,-164.7481,27.9542,17.9695
299441.6317,347049,111,0.7388,-0.4294,-0.5693,-145.8779,15.8015,10.9466
299441.6317,347059,111,0.7456,-0.4375,-0.5444,-135.5573,8.2290,7.8168
299441.8118,347069,112,0.7637,-0.4438,-0.5190,-124.7634,1.2977,5.1450
299441.8118,347079,112,0.7834,-0.4438,-0.4912,-114.4275,-4.4580,2.4733
299441.8118,347089,112,0.8030,-0.4363,-0.4644,-105.5878,-9.0534,0.2748
299441.8118,347099,112,0.8113,-0.4294,-0.4446,-98.3359,-12.0458,-1.2519
299441.8118,347109,112,0.8181,-0.4299,-0.4185,-92.4885,-14.5649,-2.1832
299441.8118,347119,112,0.8223,-0.4294,-0.3911,-88.0916,-18.0153,-2.0458
299441.8118,347129,112,0.8279,-0.4321,-0.3687,-85.4809,-22.0458,-0.8702
299441.8118,347139,112,0.8345,-0.4377,-0.3542,-84.3664,-25.2824,0.9771
299441.8118,347149,112,0.8496,-0.4424,-0.3337,-84.1374,-28.1374,4.1679
299441.8118,347159,112,0.8853,-0.4395,-0.3315,-83.8779,-30.9771,8.5038
299441.8135,347169,113,0.9358,-0.4255,-0.3425,-83.0840,-32.7481,13.2672
299441.8135,347179,113,0.9731,-0.4082,-0.3379,-82.1527,-32.3053,16.9008
299441.8135,347189,113,1.0020,-0.3987,-0.3457,-81.7099,-31.4198,18.6412
299441.8135,347199,113,1.0393,-0.3982,-0.3428,-82.0763,-32.7023,19.8321
299441.8135,347209,113,1.0852,-0.4004,-0.3418,-82.1221,-34.7481,20.6412
299441.8135,347219,113,1.1389,-0.3914,-0.3423,-81.3435,-35.6489,21.1145
299441.8135,347229,113,1.2004,-0.3860,-0.3401,-81.0229,-34.0916,21.6947
299441.8135,347239,113,1.2395,-0.3853,-0.3518,-82.2443,-29.1603,22.1832
299441.8135,347249,113,1.2576,-0.3948,-0.3591,-84.4275,-21.9237,22.0000
299441.8135,347259,113,1.2505,-0.4224,-0.3689,-87.3130,-13.8168,21.7405
299441.9318,347269,114,1.2048,-0.4634,-0.3845,-90.4733,-6.0153,22.5496
299441.9318,347279,114,1.1367,-0.5083,-0.3994,-92.6565,0.1069,25.6336
299441.9318,347289,114,1.0552,-0.5398,-0.4138,-92.7634,3.6947,31.0992
299441.9318,347299,114,0.9839,-0.5554,-0.4202,-91.0687,2.9924,38.2290
299441.9318,347309,114,0.9290,-0.5674,-0.4175,-88.3664,-2.0153,46.1832
299441.9318,347319,114,0.8972,-0.5732,-0.4067,-83.5878,-9.1298,53.3130
299441.9318,347329,114,0.8899,-0.5693,-0.3862,-75.9695,-16.2748,59.3130
299441.9318,347339,114,0.9099,-0.5503,-0.3535,-65.6031,-23.6794,63.7710
299441.9318,347349,114,0.9399,-0.5239,-0.3176,-52.8092,-30.3969,65.5573
299441.9318,347359,114,0.9722,-0.4927,-0.2905,-39.1603,-33.7099,64.4275
299442.0518,347369,115,1.0071,-0.4663,-0.2715,-25.0382,-33.6947,60.8397
299442.0518,347379,115,1.0483,-0.4502,-0.2607,-11.0687,-32.4885,55.5420
299442.0518,347389,115,1.0798,-0.4326,-0.2456,1.4198,-30.1221,49.4046
299442.0518,347399,115,1.1172,-0.4092,-0.2275,11.4809,-27.6031,44.1832
299442.0518,347409,115,1.1584,-0.3911,-0.2134,17.2061,-23.9237,41.8168
299442.0518,347419,115,1.2034,-0.3838,-0.2102,20.0916,-17.8473,41.1450
299442.0518,347429,115,1.2415,-0.3630,-0.2117,20.6260,-9.2366,41.0382
299442.0518,347439,115,1.2590,-0.3589,-0.2207,17.2214,1.6489,42.3511
299442.0518,347449,115,1.2463,-0.3684,-0.2415,10.4733,13.1450,45.2977
299442.0518,347459,115,1.2058,-0.3804,-0.2712,3.1908,23.6183,49.1145
299442.1116,347469,116,1.1545,-0.3955,-0.3000,-3.6489,31.0992,53.7710
299442.1116,347479,116,1.1128,-0.4087,-0.3291,-9.0840,35.0840,58.6107
299442.1116,347489,116,1.0791,-0.4373,-0.3552,-12.7634,36.5496,62.6565
299442.1116,347499,116,1.0520,-0.4619,-0.3735,-14.0153,36.9466,65.1450
299442.1116,347509,116,1.0327,-0.4729,-0.3811,-12.6870,35.9237,67.0992
299442.1116,347519,116,1.0293,-0.4980,-0.3901,-9.0840,33.6794,68.2443
299442.1116,347529,116,1.0215,-0.5208,-0.3972,-3.0534,32.4580,68.5802
299442.1116,347539,116,1.0098,-0.5227,-0.3899,5.3893,32.0611,69.3740
299442.1116,347549,116,0.9988,-0.5132,-0.3828,14.4275,31.4046,70.6870
299442.1116,347559,116,0.9856,-0.5054,-0.3813,22.5344,31.5267,72.1527
299442.2914,347569,117,0.9709,-0.4817,-0.3726,30.3664,31.6641,73.4962
299442.2914,347579,117,0.9680,-0.4563,-0.3594,37.1908,31.3282,74.2595
299442.2914,347589,117,0.9607,-0.4211,-0.3430,42.4427,31.1145,74.6565
299442.2914,347599,117,0.9561,-0.3877,-0.3323,45.4504,31.6489,74.8244
299442.2914,347609,117,0.9448,-0.3584,-0.3184,45.5267,32.7328,74.8244
299442.2914,347619,117,0.9353,-0.3403,-0.3123,42.9466,34.3359,74.7939
299442.2914,347629,117,0.9211,-0.3232,-0.3098,38.3359,36.1679,74.5802
299442.2914,347639,117,0.9016,-0.3176,-0.3079,32.8244,37.8015,74.1374
299442.2914,347649,117,0.8711,-0.3047,-0.3083,27.1298,39.0382,73.5267
299442.2914,347659,117,0.8552,-0.3018,-0.3093,20.7939,39.0687,71.7863
299442.3516,347669,118,0.8411,-0.3306,-0.3220,13.0992,39.4351,68.9771
299442.3516,347679,118,0.8235,-0.3584,-0.3311,6.2290,40.4275,65.9542
299442.3516,347689,118,0.8003,-0.3936,-0.3481,1.0076,40.8244,62.9160
299442.3516,347699,118,0.7776,-0.4260,-0.3616,-1.9389,40.6412,60.0458
299442.3516,347709,118,0.7551,-0.4497,-0.3740,-2.7328,39.0840,57.7252
299442.3516,347719,118,0.7358,-0.4707,-0.3855,-2.2443,36.1985,55.8626
299442.3516,347729,118,0.7158,-0.4861,-0.3909,-0.5191,33.1756,53.8473
299442.3516,347739,118,0.7026,-0.4954,-0.3955,2.8855,29.9695,51.5267
299442.3516,347749,118,0.6868,-0.4941,-0.3909,7.8168,25.8626,48.8550
299442.3516,347759,118,0.6765,-0.4873,-0.3855,13.3282,21.0840,45.5267
299442.4115,347769,119,0.6704,-0.4824,-0.3823,18.8092,16.3053,41.4656
299442.4115,347779,119,0.6689,-0.4751,-0.3660,24.0153,11.8931,37.1756
299442.4115,347789,119,0.6680,-0.4656,-0.3542,28.8244,7.8626,32.6565
299442.4115,347799,119,0.6663,-0.4546,-0.3381,33.2061,3.8168,27.9542
299442.4115,347809,119,0.6658,-0.4438,-0.3218,36.5038,-0.3359,23.7252
299442.4115,347819,119,0.6758,-0.4312,-0.3015,38.6870,-4.4427,19.7863
299442.4115,347829,119,0.6851,-0.4236,-0.2864,39.9389,-7.7252,15.7863
299442.4115,347839,119,0.6968,-0.4229,-0.2717,41.1603,-10.5496,11.6641
299442.4115,347849,119,0.7090,-0.4194,-0.2571,42.7481,-13.1603,7.2519
299442.4115,347859,119,0.7249,-0.4106,-0.2383,44.7634,-15.4504,3.0382
299442.5318,347869,120,0.7439,-0.4021,-0.2241,47.1756,-17.3740,-1.0076
299442.5318,347879,120,0.7593,-0.3816,-0.2078,49.2214,-18.9618,-5.2519
299442.5318,347889,120,0.7812,-0.3630,-0.1907,49.4046,-20.8244,-8.9924
299442.5318,347899,120,0.7949,-0.3464,-0.1792,47.4962,-22.2901,-12.1374
299442.5318,347909,120,0.8037,-0.3306,-0.1619,44.4733,-23.1450,-14.8702
299442.5318,347919,120,0.8135,-0.3130,-0.1401,40.1985,-24.0305,-17.1450
299442.5318,347929,120,0.8240,-0.2986,-0.1284,34.0611,-24.4733,-18.5649
299442.5318,347939,120,0.8293,-0.2791,-0.1160,26.2748,-23.9542,-19.4656
299442.5318,347949,120,0.8574,-0.2520,-0.1167,17.4809,-22.8092,-19.4198
299442.5318,347959,120,0.8794,-0.2266,-0.1309,7.8321,-19.6336,-20.2137
299442.6520,347969,121,0.8850,-0.2205,-0.1665,-2.0763,-14.7176,-23.1603
299442.6520,347979,121,0.8867,-0.2278,-0.2139,-10.8855,-9.6183,-27.4809
299442.6520,347989,121,0.8799,-0.2251,-0.2556,-16.6718,-5.9237,-32.9008
299442.6520,347999,121,0.8833,-0.2185,-0.3015,-20.6107,-5.5725,-40.0153
299442.6520,348009,121,0.8809,-0.2263,-0.3430,-23.1298,-6.9771,-49.9389
299442.6520,348019,121,0.8711,-0.2515,-0.3684,-23.6031,-9.2824,-62.4427
299442.6520,348029,121,0.8550,-0.2959,-0.3887,-21.0229,-13.5878,-76.5954
299442.6520,348039,121,0.8516,-0.3499,-0.3916,-14.7939,-20.3206,-91.2672
299442.6520,348049,121,0.8560,-0.4187,-0.3818,-4.9313,-28.8397,-105.8626
299442.6520,348059,121,0.8611,-0.4866,-0.3552,8.5191,-38.0305,-118.3206
299442.7117,348069,122,0.8645,-0.5344,-0.3213,25.0229,-46.9313,-126.5954
299442.7117,348079,122,0.8721,-0.5415,-0.2893,42.9924,-54.4580,-131.3588
299442.7117,348089,122,0.8721,-0.5244,-0.2458,60.0763,-61.3282,-133.6641
299442.7117,348099,122,0.8845,-0.5073,-0.1970,74.3053,-68.4275,-133.0534
299442.7117,348109,122,0.8970,-0.4939,-0.1616,86.1221,-73.7405,-130.6107
299442.7117,348119,122,0.9219,-0.4531,-0.1094,97.6794,-75.9847,-127.6336
299442.7117,348129,122,0.9377,-0.3989,-0.0679,106.1374,-73.6031,-122.4885
299442.7117,348139,122,0.9551,-0.3503,-0.0354,109.0534,-68.1832,-114.6107
299442.7117,348149,122,0.9854,-0.2915,-0.0212,109.0229,-61.3130,-106.0763
299442.7117,348159,122,1.0217,-0.2461,-0.0229,105.5267,-52.1985,-97.2061
299442.8318,348169,123,1.0605,-0.1880,-0.0366,99.4351,-40.7176,-87.7252
299442.8318,348179,123,1.0906,-0.1230,-0.0645,90.2595,-30.2748,-77.5878
299442.8318,348189,123,1.1169,-0.0725,-0.1001,77.2061,-22.2443,-69.1450
299442.8318,348199,123,1.1321,-0.0396,-0.1365,61.5725,-15.2519,-64.2443
299442.8318,348209,123,1.1392,-0.0208,-0.1650,43.9237,-9.2519,-62.1221
299442.8318,348219,123,1.1377,-0.0254,-0.1882,25.1450,-4.0153,-62.5496
299442.8318,348229,123,1.1125,-0.0615,-0.2078,5.6641,0.8702,-65.2366
299442.8318,348239,123,1.0798,-0.1370,-0.2302,-12.8397,4.9618,-69.0687
299442.8318,348249,123,1.0481,-0.2449,-0.2449,-28.1221,8.6412,-72.0000
299442.8318,348259,123,1.0144,-0.3442,-0.2617,-38.5802,10.8550,-70.9618
299442.9512,348269,124,0.9648,-0.3977,-0.2678,-44.2901,10.3053,-64.2901
299442.9512,348279,124,0.9353,-0.4358,-0.2837,-46.8092,7.6947,-55.6489
299442.9512,348289,124,0.9111,-0.4666,-0.2886,-46.9618,6.4733,-47.4504
299442.9512,348299,124,0.8818,-0.4727,-0.2969,-45.4351,5.6794,-37.0229
299442.9512,348309,124,0.8628,-0.4646,-0.3032,-42.8702,3.1298,-24.7328
299442.9512,348319,124,0.8521,-0.4185,-0.3105,-38.6565,0.7481,-13.8626
299442.9512,348329,124,0.8394,-0.3552,-0.3174,-34.0611,-1.3130,-6.4427
299442.9512,348339,124,0.8359,-0.3230,-0.3340,-29.9695,-3.4656,-4.4580
299442.9512,348349,124,0.8411,-0.3208,-0.3523,-24.4275,-4.0305,-7.6183
299442.9512,348359,124,0.8193,-0.3005,-0.3669,-15.8931,-2.5496,-12.2137
299443.0115,348369,125,0.8079,-0.2764,-0.3855,-6.3817,-4.6412,-17.7405
299443.0115,348379,125,0.8030,-0.2651,-0.4014,3.6031,-8.2595,-26.6718
299443.0115,348389,125,0.7964,-0.2576,-0.4116,13.4809,-11.8626,-37.7405
299443.0115,348399,125,0.7866,-0.2612,-0.4111,22.1679,-16.3817,-49.4046
299443.0115,348409,125,0.7815,-0.2839,-0.4175,29.4962,-22.0611,-60.7786
299443.0115,348419,125,0.7898,-0.3301,-0.4216,36.9771,-28.5649,-71.2214
299443.0115,348429,125,0.8118,-0.3730,-0.4153,46.0000,-35.4809,-79.6641
299443.0115,348439,125,0.8516,-0.4106,-0.4031,56.8397,-42.9771,-85.2519
299443.0115,348449,125,0.8855,-0.4246,-0.3806,68.3664,-49.9542,-87.9542
299443.0115,348459,125,0.9221,-0.4297,-0.3577,79.2977,-54.8397,-89.1756
299443.1317,348469,126,0.9646,-0.4224,-0.3398,89.4656,-58.1679,-89.0992
299443.1317,348479,126,0.9995,-0.4143,-0.3154,98.6718,-60.0305,-88.0305
299443.1317,348489,126,1.0227,-0.4036,-0.2932,106.1679,-59.8321,-86.7786
299443.1317,348499,126,1.0464,-0.3940,-0.2834,112.0763,-58.0611,-84.4122
299443.1317,348509,126,1.0679,-0.3840,-0.2739,116.9466,-55.0076,-81.3740
299443.1317,348519,126,1.0837,-0.3767,-0.2764,120.7328,-49.9084,-77.8168
299443.1317,348529,126,1.0811,-0.3645,-0.2925,123.4046,-42.3817,-73.1908
299443.1317,348539,126,1.0674,-0.3616,-0.3228,124.7939,-34.2748,-66.9771
299443.1317,348549,126,1.0588,-0.3459,-0.3552,125.7405,-27.1145,-58.7328
299443.1317,348559,126,1.0698,-0.2993,-0.3997,126.0153,-22.7481,-49.0229
299443.2508,348569,127,1.0955,-0.2466,-0.4443,124.2137,-20.4733,-39.0992
299443.2508,348579,127,1.1348,-0.2080,-0.4885,120.9924,-17.5573,-30.9618
299443.2508,348589,127,1.1431,-0.1875,-0.5327,118.5191,-12.0763,-26.0153
299443.2508,348599,127,1.0981,-0.1838,-0.5510,117.1603,-5.2214,-23.9695
299443.2508,348609,127,1.0186,-0.1758,-0.5579,116.5496,-0.7634,-22.6412
299443.2508,348619,127,0.9424,-0.1616,-0.5645,116.2443,-1.6947,-20.9466
299443.2508,348629,127,0.8979,-0.1526,-0.5549,116.1985,-7.5725,-20.5344
299443.2508,348639,127,0.8723,-0.1460,-0.5347,116.6565,-14.4275,-20.6107
299443.2508,348649,127,0.8643,-0.1377,-0.4998,116.7786,-20.4275,-19.2214
299443.2508,348659,127,0.8767,-0.1138,-0.4707,115.8321,-24.3969,-16.6107
299443.3105,348669,128,0.8989,-0.0928,-0.4583,113.4809,-24.6565,-12.7176
299443.3105,348679,128,0.9167,-0.0635,-0.4453,109.8626,-21.1450,-8.2290
299443.3105,348689,128,0.9268,-0.0266,-0.4512,105.0382,-15.5420,-3.2977
299443.3105,348699,128,0.9390,0.0159,-0.4714,99.1145,-9.9237,0.8855
299443.3105,348709,128,0.9580,0.0515,-0.5073,92.3359,-4.7023,2.9771
299443.3105,348719,128,0.9534,0.0735,-0.5435,84.0153,2.5191,2.6260
299443.3105,348729,128,0.9368,0.0715,-0.5764,74.5496,10.9160,-0.3969
299443.3105,348739,128,0.9250,0.0525,-0.6123,65.1756,19.0229,-6.1069
299443.3105,348749,128,0.9128,-0.0012,-0.6633,56.1374,26.5802,-12.7939
299443.3105,348759,128,0.8975,-0.0757,-0.7146,48.7481,32.8550,-18.3664
299443.4324,348769,129,0.8738,-0.1321,-0.7561,45.7863,36.2595,-21.5267
299443.4324,348779,129,0.8472,-0.1641,-0.7910,45.6031,35.5878,-21.3893
299443.4324,348789,129,0.8274,-0.1917,-0.8223,46.7634,31.3282,-20.7786
299443.4324,348799,129,0.8096,-0.2288,-0.8396,48.7176,25.4046,-20.2901
299443.4324,348809,129,0.7910,-0.2590,-0.8391,52.5191,17.3740,-18.3511
299443.4324,348819,129,0.7791,-0.2727,-0.8364,59.0382,6.6870,-14.7176
299443.4324,348829,129,0.7839,-0.2634,-0.8127,67.5267,-5.9542,-10.1527
299443.4324,348839,129,0.7954,-0.2285,-0.7737,77.0229,-19.3893,-5.8931
299443.4324,348849,129,0.8315,-0.1704,-0.7117,85.7099,-32.2443,-3.3588
299443.4324,348859,129,0.8667,-0.1213,-0.6567,91.7405,-41.4504,-2.5496
299443.5507,348869,130,0.8997,-0.0913,-0.6096,94.3817,-44.7634,-3.4504
299443.5507,348879,130,0.9185,-0.0686,-0.5664,94.1527,-44.3664,-4.7634
299443.5507,348889,130,0.9275,-0.0508,-0.5293,92.2443,-44.1221,-4.7786
299443.5507,348899,130,0.9348,-0.0325,-0.4956,89.2061,-44.2290,-4.2290
299443.5507,348909,130,0.9390,-0.0122,-0.4700,84.6565,-43.7557,-4.6718
299443.5507,348919,130,0.9436,-0.0027,-0.4468,78.5191,-42.3664,-5.8168
299443.5507,348929,130,0.9431,-0.0012,-0.4231,71.6489,-40.0611,-7.3893
299443.5507,348939,130,0.9438,-0.0051,-0.4160,65.4351,-36.8550,-10.1832
299443.5507,348949,130,0.9470,-0.0168,-0.4043,60.0000,-33.2366,-14.1527
299443.5507,348959,130,0.9507,-0.0339,-0.4033,55.3435,-29.4351,-18.8397
299443.6109,348969,131,0.9541,-0.0664,-0.4028,51.9695,-25.1145,-24.0153
299443.6109,348979,131,0.9600,-0.1016,-0.4084,50.2748,-20.5802,-28.9008
299443.6109,348989,131,0.9692,-0.1311,-0.4109,50.0916,-16.6565,-32.7939
299443.6109,348999,131,0.9817,-0.1562,-0.4146,50.7023,-13.7863,-35.1908
299443.6109,349009,131,0.9937,-0.1755,-0.4136,51.6794,-11.3435,-36.3511
299443.6109,349019,131,1.0066,-0.1882,-0.4060,52.5649,-9.0992,-36.7786
299443.6109,349029,131,1.0220,-0.1936,-0.3945,52.1069,-7.3435,-35.6794
299443.6109,349039,131,1.0420,-0.2014,-0.3877,50.2595,-5.5267,-33.2672
299443.6109,349049,131,1.0544,-0.2009,-0.3794,47.2061,-3.0840,-29.7710
299443.6109,349059,131,1.0688,-0.1948,-0.3669,42.6718,-0.6260,-24.9160
299443.7323,349069,132,1.0813,-0.1843,-0.3535,36.5802,1.8321,-18.5344
299443.7323,349079,132,1.0918,-0.1697,-0.3430,29.0840,5.1756,-11.2214
299443.7323,349089,132,1.0881,-0.1575,-0.3301,20.0763,9.8931,-3.5725
299443.7323,349099,132,1.0757,-0.1313,-0.3213,10.3511,15.0992,4.4580
299443.7323,349109,132,1.0635,-0.1111,-0.3262,-0.0153,20.4427,12.8092
299443.7323,349119,132,1.0447,-0.0942,-0.3357,-10.1221,26.5038,20.2901
299443.7323,349129,132,1.0071,-0.0723,-0.3562,-18.7481,33.2977,25.8626
299443.7323,349139,132,0.9788,-0.0537,-0.3733,-25.4198,38.5191,29.5420
299443.7323,349149,132,0.9541,-0.0371,-0.3896,-30.5496,40.8092,31.8168
299443.7323,349159,132,0.9395,-0.0244,-0.3997,-34.4427,41.3893,32.7023
299443.8519,349169,133,0.9277,-0.0159,-0.4116,-36.9313,42.0611,31.9847
299443.8519,349179,133,0.9116,-0.0073,-0.4080,-38.0763,43.7252,30.0305
299443.8519,349189,133,0.8994,0.0090,-0.4082,-38.5802,44.9160,27.0992
299443.8519,349199,133,0.9160,0.0168,-0.4185,-40.0153,45.2061,23.1450
299443.8519,349209,133,0.9431,0.0212,-0.4258,-41.7557,46.1985,18.0763
299443.8519,349219,133,0.9705,0.0237,-0.4351,-43.9084,48.2443,12.7786
299443.8519,349229,133,0.9824,0.0212,-0.4480,-47.4809,50.7328,7.6489
299443.8519,349239,133,0.9778,-0.0061,-0.4634,-53.3282,53.0534,2.7023
299443.8519,349249,133,0.9521,-0.0603,-0.4709,-60.4427,54.5802,-1.6947
299443.8519,349259,133,0.9165,-0.1201,-0.4736,-66.5496,54.5344,-4.2595
299443.9117,349269,134,0.8745,-0.1714,-0.4812,-70.1069,52.4275,-4.3511
299443.9117,349279,134,0.8328,-0.2068,-0.4883,-70.5802,48.3206,-3.5115
299443.9117,349289,134,0.8101,-0.2368,-0.4839,-69.8931,42.0458,-2.5191
299443.9117,349299,134,0.8040,-0.2773,-0.4783,-67.4656,34.3664,-1.1756
299443.9117,349309,134,0.7998,-0.2966,-0.4661,-61.6183,26.2748,0.9924
299443.9117,349319,134,0.8091,-0.3010,-0.4475,-52.8550,17.9542,3.3893
299443.9117,349329,134,0.8188,-0.2708,-0.4194,-42.4275,9.7710,4.7481
299443.9117,349339,134,0.8320,-0.2334,-0.3862,-32.0458,2.5649,4.4122
299443.9117,349349,134,0.8508,-0.2004,-0.3513,-22.8550,-3.1298,1.9084
299443.9117,349359,134,0.8704,-0.1777,-0.3235,-14.7786,-7.0229,-2.1679
299444.0312,349369,135,0.8960,-0.1626,-0.2891,-7.5115,-10.1374,-6.5496
299444.0312,349379,135,0.9255,-0.1482,-0.2632,-1.2519,-13.4351,-9.4962
299444.0312,349389,135,0.9546,-0.1130,-0.2327,2.4580,-16.3511,-11.3740
299444.0312,349399,135,0.9849,-0.0974,-0.2017,1.7557,-17.9084,-12.4885
299444.0312,349409,135,1.0046,-0.0891,-0.1826,-2.4733,-18.1221,-12.8702
299444.0312,349419,135,1.0168,-0.0854,-0.1670,-8.6260,-16.7939,-12.1832
299444.0312,349429,135,1.0286,-0.0977,-0.1626,-16.0611,-14.3817,-10.6870
299444.0312,349439,135,1.0298,-0.1187,-0.1589,-24.1679,-10.5191,-8.8855
299444.0312,349449,135,1.0322,-0.1401,-0.1628,-31.6336,-6.1069,-6.1679
299444.0312,349459,135,1.0232,-0.1636,-0.1726,-38.3969,-1.5420,-2.4275
299444.1510,349469,136,1.0110,-0.1877,-0.1868,-43.7557,2.9466,1.6489
299444.1510,349479,136,0.9917,-0.2017,-0.2090,-46.2443,6.7481,4.9313
299444.1510,349489,136,0.9722,-0.2075,-0.2280,-45.9695,9.1908,7.0076
299444.1510,349499,136,0.9590,-0.2100,-0.2468,-43.2519,10.1679,7.6489
299444.1510,349509,136,0.9504,-0.2104,-0.2517,-38.9771,9.8168,6.7939
299444.1510,349519,136,0.9470,-0.2065,-0.2642,-33.8779,8.5191,5.1145
299444.1510,349529,136,0.9414,-0.2014,-0.2654,-28.6412,6.9008,3.2061
299444.1510,349539,136,0.9421,-0.1892,-0.2683,-24.1374,5.0840,1.2977
299444.1510,349549,136,0.9360,-0.1804,-0.2683,-20.9313,2.8702,-0.1832
299444.1510,349559,136,0.9331,-0.1765,-0.2622,-18.6412,0.4885,-1.4809
299444.2116,349569,137,0.9316,-0.1741,-0.2520,-16.9924,-2.0916,-2.3969
299444.2116,349579,137,0.9355,-0.1768,-0.2393,-15.7557,-4.6565,-2.9771
299444.2116,349589,137,0.9336,-0.1750,-0.2332,-14.6565,-6.6565,-3.3282
299444.2116,349599,137,0.9395,-0.1819,-0.2244,-13.6641,-8.3359,-3.6794
299444.2116,349609,137,0.9473,-0.1853,-0.2134,-12.3053,-9.5573,-4.1832
299444.2116,349619,137,0.9521,-0.1890,-0.2039,-10.4122,-10.2748,-4.8702
299444.2116,349629,137,0.9612,-0.1951,-0.2017,-8.0611,-10.6412,-5.6489
299444.2116,349639,137,0.9675,-0.1968,-0.1995,-5.5267,-10.6107,-6.5038
299444.2116,349649,137,0.9766,-0.1963,-0.1970,-3.1145,-10.4275,-6.9924
299444.2116,349659,137,0.9924,-0.1936,-0.1946,-1.2824,-10.0916,-7.2672
